Resource,ResType,FieldPath,LangID,StrRef,TextEng,Text
module,jrl,Categories/0/EntryList/0/Text,0,-1,"A talking chicken arrived at my stronghold and begged (clucked?) for my help. This strange bird claims that she is really a druid named Jaeda who was afflicted by an evil polymorph curse. She asked me to take her to the Brush of Barbs and find the twin oaks where her leader, a druid named Tatham, is imprisoned. At the twin oaks, I should speak the magical passwords: Cloudberry and Bilberry. I hope that this strange tale proves true, and that I have not embarked on a wild chicken chase.",
module,jrl,Categories/0/EntryList/1/Text,0,-1,"At Govan's Grove in the Brush of Barbs, a talking seagull named Tatham has told me that his circle of druids was attacked by a rebel druid named Stegil. Tatham and his fellow druids were cursed and polymorphed into helpless fowls. I have already found Jaeda (the chicken), and Tatham (the seagull); however, two druids are still missing (Wanix and Urith). I must search for one druid in Gillian's Hill and for the other druid in Liam's Hold. After finding each druid, I should return them to Govan's Grove in the Brush of Barbs.",
module,jrl,Categories/0/EntryList/2/Text,0,-1,"In Gillian's Hill, I found the druid named Urith, who was polymorphed into a penguin. Now I must seek the druid named Wanix in Liam's Hold. After finding Wanix, I should return him to Govan's Grove in the Brush of Barbs. There, among the ancient stones, the seagull named Tatham will have further instructions.",
module,jrl,Categories/0/EntryList/3/Text,0,-1,"In Liam's Hold, I found the druid named Wanix, who was polymorphed into a parrot. Now I must seek the druid named Urith in Gillian's Hill. After finding Urith, I should return her to Govan's Grove in the Brush of Barbs. There, among the ancient stones, the seagull named Tatham will have further instructions.",
module,jrl,Categories/0/EntryList/4/Text,0,-1,"I have found all of the missing druids: Jaeda the chicken, Tatham the seagull, Urith the penguin, and Wanix the parrot. Tatham, the leader of this motley flock, has asked me to find Stegil's magical bloodstone, which can be used to break the foul fowl curse which afflicts the four druids. Tatham suggested that I begin my search at the Tree of Blood located deep in the Wild Hills. Once I have the bloodstone, I must return to the Brush of Barbs and seek Tatham's council.",
module,jrl,Categories/0/EntryList/5/Text,0,-1,"In Stegil's burrow, I rescued a young half-elf named Feynemonee. She betrayed Tatham and the other druids by helping Stegil, but she also expressed remorse for her actions. Hoping to find peace with nature, she told me to search for Stegil's magical bloodstone hidden behind a loose stone in the burrow's wall. I should begin my search beneath the stuffed elk's head mounted on the wall. After finding the bloodstone, I must return to the Brush of Barbs and seek Tatham's council.",
module,jrl,Categories/0/EntryList/6/Text,0,-1,"I have made a dark pact with the rebel druid Stegil. To fulfill this pact, I must return to the Bush of Barbs and betray the four fowl druids. After killing the birds, I must bring their hearts to Stegil's burrow as sacrifices to the god of beasts, Malar. I can only suppose that Malar is not terribly fond of birds.",
module,jrl,Categories/0/EntryList/7/Text,0,-1,"I have fulfilled my dark pact with the rebel druid Stegil. I have slain the four fowl druids and have given their hearts to Stegil who devoured them in Malar's name. As a reward for my betrayal, Stegil now offers me the blessing of Malar and other druidic services.",
module,jrl,Categories/0/EntryList/8/Text,0,-1,"Using the bloodstone which I recovered from Stegil, the four unfortunate druids reversed the polymorph curse and returned to their normal forms. As a reward for my assistance, Tatham now offers me healing and other druidic services.",
module,jrl,Categories/0/EntryList/9/Text,0,-1,"A talking chicken arrived at my stronghold asking for my help. She was pursued by a hungry butcher, and I let the butcher have the chicken for his stew-pot. I shall always wonder why that little chicken wanted my help.",
module,jrl,Categories/0/Name,0,-1,A Circle of Fowl,
module,jrl,Categories/1/EntryList/0/Text,0,-1,"After downing some of the dread Kneecracker Cider in the Happy Cow Tavern, Fulbar told me a rumor about a grain shortage in Daggerford. He recommended I check in with Maerovyna, the priestess of Chauntea, who resides in the Harvest House.",
module,jrl,Categories/1/EntryList/1/Text,0,-1,"Maerovyna is concerned about these rumors of a grain shortage and asks that I check in with Daggerford's chief grain provider, a sanguine fellow named Fernd, who runs the grist-mill in the farmlands east of Daggerford.",
module,jrl,Categories/1/EntryList/10/Text,0,-1,"After uncovering Loru's true identity, I slew the dread slaad, ending its evil designs for Fernd and his fellow farmers.",
module,jrl,Categories/1/EntryList/2/Text,0,-1,"I've encountered the miller, Fernd, and am saddened by the man's unenviable state. Apparently, his grief over losing his love to another has progressed to full-blown psychosis, where he blathers on about ""secrets"" and ""flour"" in a nonsensical fashion. I must find some way to alleviate the fellow's pain, before he reaches a state of madness from which he can never return.",
module,jrl,Categories/1/EntryList/3/Text,0,-1,"A rather calm and pious monk named Loru is living in a small cave adjacent to the basement beneath Fernd's gristmill. It seems an odd place for a holy man to reside, but he seems genuinely concerned over the miller's agitated state.",
module,jrl,Categories/1/EntryList/4/Text,0,-1,"I found the journal of Loru the slaad, currently disguised as Loru the monk. Apparently, he's using the miller, Fernd, as a tool in some grand scheme designed to bring slaadi into our world from the chaotic plane called Limbo.",
module,jrl,Categories/1/EntryList/5/Text,0,-1,"After uncovering Loru's true identity, I slew the dread slaad, ending its evil designs for Fernd and his fellow farmers. Now, I should visit Maerovyna at Chauntea's Shrine in Daggerford, to tell her of my discovery.",
module,jrl,Categories/1/EntryList/6/Text,0,-1,"Maerovyna was impressed by my ability to thwart the plans of the evil slaad, Loru. She says she will dispatch an acolyte to Fernd's mill to help expedite the man's recovery. Grain production should soon return to normal levels.",
module,jrl,Categories/1/EntryList/7/Text,0,-1,"Maerovyna was disappointed that my resolution to solving the miller's issues had been to kill the miller. She says she will dispatch an acolyte to Fernd's mill to oversee the man's burial, and the resumption of grain production.",
module,jrl,Categories/1/EntryList/8/Text,0,-1,"After uncovering Loru's true identity, I slew the dread slaad, ending its evil designs for Fernd and his fellow farmers.",
module,jrl,Categories/1/EntryList/9/Text,0,-1,"After uncovering Loru's true identity, I slew the dread slaad, ending its designs for Fernd and his fellow farmers. If Maerovyna was still alive I'm sure she'd be pleased with the outcome, but better to have served the Lord of Murder than some nature goddess!",
module,jrl,Categories/1/Name,0,-1,A Mad Miller,
module,jrl,Categories/10/EntryList/0/Text,0,-1,"Deep beneath my stronghold, I discovered a ruined temple dedicated to Bhaal, Lord of Murder. Xatuum, the resident high priest, lost contact with Bhaal decades ago but continues to pray each day, faithfully awaiting a response from his god. Over time, Xatuum's flesh rotted and decayed, but his life is still sustained by his undying faith in Bhaal. Xatuum believes that the ritual sacrifice of ten pureblooded men or women will attract Bhaal's attention. To this end, Xatuum has asked me to collect the heart blood of ten humanoids: dwarves, elves, humans, halflings, or gnomes. To collect the blood, the high priest gave me a magic bag, which contains ten special vials. Once I have collected ten vials of blood, I should return to Xatuum.",
module,jrl,Categories/10/EntryList/1/Text,0,-1,"I have collected the ten vials of blood requested by Xatuum, the undead high priest who inhabits the lower level of my stronghold. I should return to Xatuum and see if his ritual can awaken Bhaal.",
module,jrl,Categories/10/EntryList/2/Text,0,-1,"Deep beneath my stronghold, I discovered a ruined temple dedicated to Bhaal, Lord of Murder. Xatuum, the resident high priest, lost contact with Bhaal decades ago but continued to pray each day, faithfully awaiting a response from his god. Xatuum performed an arcane ritual using the blood sacrifices that I dutifully collected, but even this ritual failed to attract Bhaal's notice. In a fit of rage, Xatuum turned against me and I was forced to slay him. Somehow, I doubt that even in death Xatuum will be finding much peace.",
module,jrl,Categories/10/Name,0,-1,Bhaal's Bag of Blood,
module,jrl,Categories/11/EntryList/0/Text,0,-1,"While traveling through the farmlands west of Daggerford, I came upon a friendly farmer and his teenage son who invited me to sit down with them for a cupful of hot apple cider. Sounds tasty!",
module,jrl,Categories/11/EntryList/1/Text,0,-1,"I decided to take Jonas Senior and his son up on their offer to sit down with them for hot apple cider. As an added benefit, I'll also be on hand for the boy's birthday party.",
module,jrl,Categories/11/EntryList/2/Text,0,-1,"I couldn't help feeling uneasy when entering the Maxillian's country estate. My ""sixth sense"" was accurate, it seems, as the friendly farmers turned out to be hungry werewolves!",
module,jrl,Categories/11/EntryList/3/Text,0,-1,"I've become an unwilling participant in a game Jonas Senior calls ""Only the Strongest Survive."" Having been drugged, I have now awoken in a small cell with no possessions other than some drab prison garb.",
module,jrl,Categories/11/EntryList/4/Text,0,-1,"Jonas Senior has released me into the Chase Maze, where I must try to escape before he counts down to zero. If I fail, I shall come face-to-face with his very hungry son.",
module,jrl,Categories/11/EntryList/5/Text,0,-1,"I have escaped the dread Chase Maze. Perhaps the matriarch of this disturbed family can shed some light on events here, and help me locate my stolen belongings!",
module,jrl,Categories/11/EntryList/6/Text,0,-1,"I conversed with Gravia Maxillian, who asked that I return to the maze and ensure that neither her son nor husband survive. I've heard of family members at each other's throats, but this is ridiculous!",
module,jrl,Categories/11/EntryList/7/Text,0,-1,Gravia was grateful to hear I'd slain the two werewolves who have been terrorizing the Trade Way. Perhaps the line of Maxillian werewolves will be severed at last.,
module,jrl,Categories/11/EntryList/8/Text,0,-1,I have slain the entire family of lycanthropes who have been terrorizing the Trade Way. Perhaps the line of Maxillian werewolves will be severed at last.,
module,jrl,Categories/11/Name,0,-1,Birthday Present,
module,jrl,Categories/12/EntryList/0/Text,0,-1,"Captain Frederick, of the Daggerford Militia, has asked me to look in on some wild elves who are causing problems for the local farmers. He said I should speak with their leader, Kyleena Moonglow, whose camp lies in a wooded clearing in the area known as the Lonely Barrens.",
module,jrl,Categories/12/EntryList/1/Text,0,-1,"I was unable to reason with the hard-headed chieftain, Kyleena Moonglow. Subsequently, I was forced to slay her and her entire war party. After doing so, I unstopped the streams, so the local farmers might once again have water for their crops.",
module,jrl,Categories/12/EntryList/2/Text,0,-1,I've convinced Kyleena Moonglow to move on and leave the local farmers in peace. She has agreed to unstop the streams and will order her people to retreat into the Misty Forest. I should return to Daggerford and tell Captain Frederick the good news.,
module,jrl,Categories/12/EntryList/3/Text,0,-1,Captain Frederick was pleased to hear I'd resolved the problem with Kyleena and her wayward tribe of wild elves.,
module,jrl,Categories/12/Name,0,-1,Border Dispute,
module,jrl,Categories/13/EntryList/0/Text,0,-1,"According to Baron Bugo, Lady Bronwyn, the sister of the late Duke Greatshout, has been missing for several months. While all of Daggerford mourned for her brother, Lady Bronwyn did not attend her brother's funeral rites. Recently, the Baron received unfortunate news: Lady Bronwyn has been captured by a group of extortionists who are demanding a ransom payment. Bugo has asked me to deliver a letter to Lady Bronwyn's kidnappers, who are lurking in the dark sewers near the Sorceller's Encapsulate.",
module,jrl,Categories/13/EntryList/1/Text,0,-1,"Following Baron Bugo's precise instructions, I met with a group of skilled assassins lurking in the dank sewers beneath Daggerford. Unfortunately, these thugs seemed more interested in killing me than in reading Bugo's precious letter. After searching the sewers thoroughly, I found no sign of Lady Bronwyn.",
module,jrl,Categories/13/EntryList/2/Text,0,-1,"After dealing with a gang of Xanathar assassins in Daggerford's sewers, Baron Bugo greeted me with a curious mixture of surprise and pleasure. After thanking me for delivering his letter, Bugo assured me that he would continue to investigate Lady Bronwyn's mysterious disappearance.",
module,jrl,Categories/13/Name,0,-1,Bugo's Special Delivery,
module,jrl,Categories/14/EntryList/0/Text,0,-1,"With the bandits beaten off, Teygan has revealed the second thrust of the Zhentarim plan. It seems that the Zhents are bringing all manner of goods, weapons, and troops into Daggerford, in caravans flying the colors of the Iron Throne. Teygan has learned, through his network of spies and informers, that one particular caravan of interest will be bringing important documents from the Zhentarim commanders into Daggerford. The caravan is currently situated in the forest, on the outskirts of Gillian's Hill. I am to prevent these documents from reaching Daggerford by whatever means, and bring them instead to Teygan.",
module,jrl,Categories/14/EntryList/1/Text,0,-1,"I have recovered the Zhentarim documents and should bring them to Teygan as soon as I can. First, though, I should maybe see what Astriel has to say about all this...",
module,jrl,Categories/14/EntryList/2/Text,0,-1,"Things are coming to a head it seems. Once Teygan had analyzed the Zhentarim documents, he was able to confirm the location of a Zhentarim base in Illefarn. I should talk to Astriel about this as soon as possible as I'm sure she will find it most interesting!

It also seems that a group of agents are on their way to Daggerford, for purposes unknown, but it doesn't seem likely that they will be beneficial. Indeed, they may be hunting me...",
module,jrl,Categories/14/Name,0,-1,Caravans of Corruption,
module,jrl,Categories/15/EntryList/0/Text,0,-1,"Hevesar is a man with plenty to worry about, and the farmlands around Daggerford are not a happy place to be at the moment.

To the south, shepherds graze their animals out in an area known as the Wild Pastures. These rolling grasslands are home to dangerous predators and are far from the relative safety of the villages and hamlets. However, the quality of the grazing makes it worthwhile to take the livestock there...until now. The number of animals being lost has increased alarmingly, sometimes from right under the noses of the shepherds themselves! I have agreed to investigate. Once the Daggerford town gates are reopened, I should travel to the village of Liam's Hold and meet Hevesar at the Holdfast Inn there.",
module,jrl,Categories/15/EntryList/1/Text,0,-1,"Hevesar is a man with plenty to worry about, and the farmlands around Daggerford are not a happy place to be at the moment.

To the west of Liam's Hold, shepherds graze their animals out in an area known as the Wild Pastures. These rolling grasslands are home to dangerous predators and are far from the relative safety of the villages and hamlets. However, the quality of the grazing makes it worthwhile to take the livestock there...until now. The number of animals being lost has increased alarmingly, sometimes from right under the noses of the shepherds themselves! I have agreed to investigate.",
module,jrl,Categories/15/EntryList/2/Text,0,-1,"I have met one of the shepherds in the Wild Pastures, a simple but honest man called Jerick. He mentioned the fact that limestone caves perforate the area below the pastures but did not think it likely that there could be something living there that has been stealing the livestock. It is clear that Jerick is wise in the ways of the wild, and his eyes are those of a man who has seen off many a danger, but I should probably investigate these caves nonetheless.",
module,jrl,Categories/15/EntryList/3/Text,0,-1,Entry004,
module,jrl,Categories/15/EntryList/4/Text,0,-1,"Not long after arriving in the Wild Pastures, I witnessed a cow seemingly vanish into thin air, accompanied by a cackle of laughter! Someone or something is up to no good here, and it seems that they have magical help in their crime!",
module,jrl,Categories/15/EntryList/5/Text,0,-1,"I have discovered a strange cavern system under the pastures and can hear the sounds of lowing animals and maybe worse, although it could just be my ears playing tricks on me. Regardless, I am sure that I will find an answer here.",
module,jrl,Categories/15/EntryList/6/Text,0,-1,Entry007,
module,jrl,Categories/15/EntryList/7/Text,0,-1,"In a great central cavern, I battled a crazed goblin leader and a tanarukk with fire in its eyes and heart. All around us was the blood of butchered animals and stinking carcasses, the remains of the missing livestock.

On the corpse of the tanarukk, I discovered a menacing letter signed only ""The Master."" In my experience, anyone taking such a pompous name rarely has anything but trouble in mind. With the leaders killed and the goblins having fled, the shepherds' animals should be safe to graze these lands again. Surely this must have something to do with the problems mentioned by that farmhand in Daggerford. If I head over to Liam's Hold, perhaps I'll be able to pick up some reward.",
module,jrl,Categories/15/EntryList/8/Text,0,-1,"In a great central cavern, I battled a crazed goblin leader and a tanarukk with fire in its eyes and heart. All around us was the blood of butchered animals and stinking carcasses, the remains of the missing livestock.

On the corpse of the tanarukk, I discovered a menacing letter signed only ""The Master."" In my experience, anyone taking such a pompous name rarely has anything but trouble in mind. With the leaders killed and the goblins having fled, the shepherds' animals should be safe to graze these lands again. I should report the good news to Hevesar.",
module,jrl,Categories/15/EntryList/9/Text,0,-1,"Hevesar was very grateful when I informed him of my successful investigation of the missing animals. I faced considerable dangers in the caves beneath the Wild Pastures, but the plot to steal the livestock has been foiled.",
module,jrl,Categories/15/Name,0,-1,Cattle Rustling around Daggerford,
module,jrl,Categories/16/EntryList/0/Text,0,-1,"Yani Pavani, an interior decorator from Southern Amn, redecorated my stronghold. Yani promised to search for a custom magic item suited to my own unique tastes. I should check back with her to see if she has made any progress.",
module,jrl,Categories/16/EntryList/1/Text,0,-1,"I hired Yani Pavani, an interior decorator from Southern Amn, to redecorate my stronghold. Yani even located a unique one-of-a-kind magic item and installed it inside my stronghold.",
module,jrl,Categories/16/Name,0,-1,Decorator's Dilemma,
module,jrl,Categories/17/EntryList/0/Text,0,-1,"It looks like I will be having plenty of time to get to know Astriel, as just moments after our arrival here in Daggerford, the town gates were ordered locked. No one is allowed in or out, without exception. This Astriel certainly has an inquisitive mind and has asked that I try to find out the reason for the lockdown. It does seem like a good idea to find out more, if only to know when it will be possible to leave.",
module,jrl,Categories/17/EntryList/1/Text,0,-1,"The locking of the town gates was ordered by the Baron of Daggerford, one Matagar Bugo. I found this out from the rather insolent captain of the Griffons Mercenary Company in Daggerford, a man by the name of Dratharion. He did at least give me a reason for my unexpected detention here. Apparently a prisoner has escaped; a most dangerous customer called Wikkers. I probably have enough information for Astriel now and should see if she has been able to discover any more of what lies beneath Daggerford's seemingly peaceful surface.",
module,jrl,Categories/17/EntryList/2/Text,0,-1,"I made my way back to the Chateau Elite Inn, and told Astriel everything that I had discovered. It seems she knows this Wikkers character, by reputation at least, and claims that he is an agent of the Iron Throne. Upon learning of his presence here, a curious look passed across Astriel's face, but I'm not sure what it meant. She seemed to find it quite amusing that he had let himself be captured.",
module,jrl,Categories/17/Name,0,-1,Detained in Daggerford,
module,jrl,Categories/18/EntryList/0/Text,0,-1,I spoke with Korin Ironeater in the mines of Illefarn and learned that Duke Greatshout of Daggerford is alive! He and his sister are being kept as prisoners of the Zhentarim in the southeast part of the mines. I must find the duke and lady as soon as possible!,
module,jrl,Categories/18/EntryList/1/Text,0,-1,Entry002,
module,jrl,Categories/18/EntryList/2/Text,0,-1,"I found Duke Greatshout and Lady Bronwyn in a torture chamber that the Zhentarim kept in the mines of Illefarn. The Duke told me of the Zhentarim plan to attack the town of Daggerford with an orcish force lead by an ancient devil known as Gorgomorz. They were then to feign a heroic rescue by the Griffon mercenaries, who are simply disguised Zhentarim. After saving the town and being hailed a hero, Matagar Bugo plans to solidify his rule and use Daggerford as a new base from which the Zhentarim can begin to infiltrate the region. The Duke has asked me to return to Daggerford in order to save the town from the assault, since the Griffons are now incapable of repelling the coming attack. The devil Gorgomorz could be defeated with an item called the Orb of Devil Containment, which Captain Dratharion kept with him.",
module,jrl,Categories/18/EntryList/3/Text,0,-1,Entry004,
module,jrl,Categories/18/EntryList/4/Text,0,-1,"I found Duke Greatshout and Lady Bronwyn in a torture chamber that the Zhentarim kept in the mines of Illefarn. The Duke told me of the Zhentarim plan to attack the town of Daggerford with an orcish force lead by an ancient devil known as Gorgomorz. They were then to feign a heroic rescue by the Griffon mercenaries, who are simply disguised Zhentarim. After saving the town and being hailed a hero, Matagar Bugo plans to solidify his rule and use Daggerford as a new base from which the Zhentarim can begin to infiltrate the region. The Duke has asked me to return to Daggerford in order to save the town from the assault, since the Griffons are now incapable of repelling the coming attack. The devil Gorgomorz could be defeated with an item called the Orb of Devil Containment, which Captain Dratharion kept with him. After I showed the orb to Lady Bronwyn, she told me the secret words that will activate a portal from the mines back to Daggerford Castle. This portal is located near the torture chamber where she and her brother were kept.",
module,jrl,Categories/18/EntryList/5/Text,0,-1,Entry006,
module,jrl,Categories/18/EntryList/6/Text,0,-1,Entry007,
module,jrl,Categories/18/EntryList/7/Text,0,-1,Entry008,
module,jrl,Categories/18/EntryList/8/Text,0,-1,Entry009,
module,jrl,Categories/18/EntryList/9/Text,0,-1,"I found Duke Greatshout and Lady Bronwyn in a torture chamber that the Zhentarim kept in the mines of Illefarn. The Duke told me of the Zhentarim plan to attack the town of Daggerford with an orcish force lead by an ancient devil known as Gorgomorz. They were then to feign a heroic rescue by the Griffon mercenaries, who are simply disguised Zhentarim. After saving the town and being hailed a hero, Matagar Bugo plans to solidify his rule and use Daggerford as a new base from which the Zhentarim can begin to infiltrate the region. The Duke has asked me to return to Daggerford in order to save the town from the assault, since the Griffons are now incapable of repelling the coming attack. The devil Gorgomorz could be defeated with an item called the Orb of Devil Containment, which Captain Dratharion kept with him. After I showed the orb to Lady Bronwyn, she told me the secret words that will activate a portal from the mines back to Daggerford Castle, and I was finally able to exit Illefarn. I must do my best to stop the coming attack!",
module,jrl,Categories/18/Name,0,-1,Duke Greatshout Lives!,
module,jrl,Categories/19/EntryList/0/Text,0,-1,"Last year, a young elven wizard named Deldarine apprenticed herself to the great wizard Edalseye in hopes of one day learning the magical art of planar travel. Time passed quickly for Deldarine; she was an intelligent and eager student, just as Edalseye was a warm and generous teacher. But one day Deldarine's peaceful world was shattered when Edalseye emerged from his planar gate a completely changed man. His soft blue eyes had turned to silver, and his usual warm kindness was replaced by spiteful wickedness. One night, after a heated confrontation with Edalseye, Deldarine fled the tower weeping, her face horribly disfigured by Edalseye's cruel lightning bolts. After arriving at my stronghold, Deldarine begged me to speak with her former master, the great wizard Edalseye, and to learn more about the strange ailment that afflicts him. Deldarine has promised to meet me in the Lonely Barrens outside Edalseye's tower.",
module,jrl,Categories/19/EntryList/1/Text,0,-1,"Edalseye's tumbled stone tower is located on a remote island in the middle of the Lonely Barrens. Although she has suffered greatly at Edalseye's hands, Deldarine begged me not to harm her former master. Instead, I should learn the cause of Edalseye's strange magical affliction, and cure him if indeed he can be cured. Deldarine has opened a magic portal, which I can use to cross the raging river that surrounds Edalseye's foreboding tower.",
module,jrl,Categories/19/EntryList/10/Text,0,-1,"By destroying the devil Abatorru's silver sphere, I have freed Edalseye from the evil devil's compulsive geas. But why was Edalseye transported to the depths of Baator? While speaking with Abatorru, I learned that Edalseye's faithful servant, Skully, might have been involved in this demonic game. Perhaps Skully holds the final clues, which will unravel this perplexing mystery.",
module,jrl,Categories/19/EntryList/11/Text,0,-1,"After returning through Edalseye's planar gate, I discovered a strange imp attacking Skully. The imp, one of Abatorru's evil servants, must have secretly sabotaged Edalseye's planar gate, configuring it to transport Edalseye to Baator instead of to his intended destination in the Golden Hills. Although Deldarine lies dead outside the tower, I have solved the mystery of Edalseye's silver eyes.",
module,jrl,Categories/19/EntryList/2/Text,0,-1,"Within the walls of Edalseye's tall stone tower, I have found a great library: an impressive room filled with dusty tomes, an odd arrangement of glowing magical pillars, and a foul-tempered pack of ice mephits. Both Deldarine and Skully have told me that I must ascend the tower to find Edalseye, but there are no obvious exits from this room. Great wizards have a famous fondness of subtle puzzles, so perhaps I should investigate this room very closely.",
module,jrl,Categories/19/EntryList/3/Text,0,-1,"By melting the large ice crystal at the center of the library, I have released a foul-tempered water mephit who agreed to open a new teleportation portal. I should continue my search for Edalseye by exploring the tower's upper levels.",
module,jrl,Categories/19/EntryList/4/Text,0,-1,"Edalseye's tower is truly a place of great wonders! Here in the exotic Chamber of Delights, dancing lights and colorful carpets clash in an unearthly scene, which only a plane-traveling wizard could love. Since there are no visible exits, I certainly face another one of Edalseye's twisted puzzles.",
module,jrl,Categories/19/EntryList/5/Text,0,-1,"After solving a series of strange riddles posed by a loud-mouthed genie, I have opened a new teleportation portal that leads to the secret upper levels of Edalseye's tower. I should continue my quest to find the wizard Edalseye by searching the tower's upper levels.",
module,jrl,Categories/19/EntryList/6/Text,0,-1,"After persevering through a complex series of challenging puzzles and infuriating riddles, I have finally reached Edalseye's cluttered bedroom, but the wizard himself remains elusive. Still, the strange assortment of magical artifacts in this untidy bedroom leads me to believe that the wizard is not far away. The ways of great wizards are subtle indeed, so I must search this room very carefully. Perhaps there is one last puzzle to solve?",
module,jrl,Categories/19/EntryList/7/Text,0,-1,Entry008,
module,jrl,Categories/19/EntryList/8/Text,0,-1,"After learning that his former apprentice Deldarine summoned me to his tower, Edalseye lashed out in anger, calling down blazing lightning from the cloudy sky. Edalseye's lightning struck the ground where Deldarine was standing and she died screaming in an agony of blazing sparks. With so little humanity remaining behind those strange silver eyes, I wonder if Edalseye can be saved from his strange affliction. Still, after having come so far, I feel that I must reach the bottom of this curious mystery and thus will continue to pursue Edalseye.",
module,jrl,Categories/19/EntryList/9/Text,0,-1,"I have followed the wizard Edalseye through his planar gate into the Nine Hells of Baator, where a powerful devil named Abatorru dwells in a world of flame and pain. The cruel devil, and his horde of vile servants, have enslaved Edalseye, twisting and corrupting his mind until very little humanity remains. Now that I have determined how Edalseye's mind was poisoned, I must find a way to save him.",
module,jrl,Categories/19/Name,0,-1,Edalseye's Tower,
module,jrl,Categories/2/EntryList/0/Text,0,-1,I've met a mausoleum caretaker named Moris Olgrund who says the corpse of Elveronne Bricket is on the loose. He was extremely disappointed to hear that I would not help him track down the missing cadaver.,
module,jrl,Categories/2/EntryList/1/Text,0,-1,"I've met a mausoleum caretaker named Moris Olgrund who says the corpse of Elveronne Bricket is on the loose. He says the man's sisters were present at the time of his demise, so I should travel to their estate in the farmlands west of Daggerford. Before I left, Moris handed me some holy water, which he suspects might come in handy.",
module,jrl,Categories/2/EntryList/2/Text,0,-1,"The word ""dysfunctional"" does not adequately describe the relationship between Elveronne and his two sisters. Apparently, one sister dropped poison in the old chap's food while the other stole a prized necklace off the body before it was buried. I suppose I should question the two sisters further about this, though I fear to think where this might lead.",
module,jrl,Categories/2/EntryList/3/Text,0,-1,"I recovered Elveronne's necklace, which seemed to placate him enough that he's returned to the crypt and shall trouble the living no more. I should report back to Moris with the good news.",
module,jrl,Categories/2/EntryList/4/Text,0,-1,"I encountered the corpse of Old Man Bricket in the basement of the family estate. Before the cadaver could cause any further mischief, I banished its spirit back to the netherworld from whence it came. I should report back to Moris with the good news.",
module,jrl,Categories/2/EntryList/5/Text,0,-1,"I encountered the corpse of Old Man Bricket in the basement of the family estate. Before the cadaver could cause any further mischief, I doused it with holy water, sending its spirit back to the netherworlds from whence it came. I should report back to Moris with the good news.",
module,jrl,Categories/2/EntryList/6/Text,0,-1,"I always get choked up at family reunions. I'm sure the sisters were so happy to see their older brother...that is, until he snapped their necks like twigs. I should report back to Moris that I've managed to drum up some new business!",
module,jrl,Categories/2/EntryList/7/Text,0,-1,"Oh, the delicious irony...to have slain the sisters with the same poison Muriel used to kill her brother. Now the Bricket family may be reunited at last. I should report back to Moris that I've managed to drum up some new business!",
module,jrl,Categories/2/EntryList/8/Text,0,-1,"Moris was glad to hear that the situation regarding Elveronne Bricket's corpse had been resolved satisfactorily, and paid me handsomely for the services I had performed.",
module,jrl,Categories/2/EntryList/9/Text,0,-1,Moris was glad to hear that the situation regarding Elveronne Bricket's corpse had been resolved satisfactorily.,
module,jrl,Categories/2/Name,0,-1,A Party to Wake the Dead,
module,jrl,Categories/20/EntryList/0/Text,0,-1,"The Holdfast Inn has a fine reputation as a venue for supporting the arts, with merchants and patrons often making a beeline for the place to see some performer or other do their thing. The latest attraction is ""Evani and her Incredible Fantabulizer®,"" and an audience from far and wide is expected for one of the most eagerly anticipated acts in years.

Sadly, they will be pretty disappointed unless there is a sudden change in the current situation. Evani's Fantabulizer® is broken and the owner suspects sabotage! Maybe I can help her to find the missing piece and do my bit for the artistic enrichment of the Sword Coast.",
module,jrl,Categories/20/EntryList/1/Text,0,-1,I found the missing piece of the Fantabulizer®. One of the local villagers had stolen it and was hiding out blind drunk in the wilderness. I should return the component to Evani and see what she has to say about this.,
module,jrl,Categories/20/EntryList/2/Text,0,-1,"I found the missing piece of the Fantabulizer®. A villager called Lucas had stolen it and was hiding out blind drunk in the wilderness. He claims that the mage who has set up a tent on the outskirts of Liam's Hold put him up to it. It will no doubt be difficult to prove his story, as I am sure this mage won't readily incriminate himself if the story is indeed true. Regardless, I should get the component back to Evani and see what she has to say about all this.",
module,jrl,Categories/20/EntryList/3/Text,0,-1,"The Fantabulizer® component is returned and Evani was extremely grateful. Before taking her leave to start with her repairs, she presented me with a fine magical ring that she herself had invented some time ago. With the missing piece safely returned, it shouldn't be too long until the show can go on! I do still question the motivations of the thief, though. Maybe I should drop by and let Mayor Wilsey know everything that has happened.",
module,jrl,Categories/20/EntryList/4/Text,0,-1,"Mayor Wilsey's secretary, Miss Twinkin, spotted the visiting mage from the tent knock out Lucas! It seems that Lucas' story checks out and that this mage, Vejoni, is the instigator of all the trouble here.",
module,jrl,Categories/20/EntryList/5/Text,0,-1,"It turns out that the ""real"" Vejoni had been consumed by some horrible creature that then took on his form! When I confronted the creature, it revealed its true form and attacked me, along with some strange constructs. It was a difficult battle but I was victorious in the end. Who knows what reasons the creature had for stealing the component and potentially discrediting Evani. Evani may have some thoughts on this, but it seems that what looked to be a simple case of trickery at the start, has finally come to a dramatic end.",
module,jrl,Categories/20/Name,0,-1,Evani's Incredible Fantabulizer®,
module,jrl,Categories/21/EntryList/0/Text,0,-1,"On Daggerford's docks, I met a troubled man named Fernigold the Elder. After some questioning, he revealed that his only son is missing. The father described his son as an avid treasure hunter who recently obtained an ancient map depicting the location of King Telarthir's forgotten tomb. Perhaps one of young Fernigold's friends, such as the dockside troublemaker named Klevtor, might know something of the young Fernigold's mysterious disappearance?",
module,jrl,Categories/21/EntryList/1/Text,0,-1,"Fernigold the Elder's young son, the avid treasure hunter, is missing. His father, a poor fisherman living in Daggerford, has begged me to investigate. I obtained a copy of the last treasure map acquired by the eager young Fernigold. The map shows the location of King Telarthir's forgotten tomb, but what will I find in that dark place?",
module,jrl,Categories/21/EntryList/2/Text,0,-1,"I gathered the broken body of young Fernigold from the dark hillside crypt, and carried the corpse to Daggerford. There, on the docks, I informed a distraught father that his only son had died pursuing his dreams. With tears in his eyes, Fernigold the Elder assured me that his son's body would have a proper burial and that his son's memory would never be forgotten.",
module,jrl,Categories/21/EntryList/3/Text,0,-1,"Far beyond the encircling walls of Daggerford, in a small hillside tomb, I discovered the corpse of Fernigold's young son. The unfortunate lad died alone in the dark tomb, his face contorted by terror. I should bring word of this unfortunate discovery to Fernigold the Elder, a poor fisherman living near Daggerford's docks.",
module,jrl,Categories/21/EntryList/4/Text,0,-1,"After finding the broken body of young Fernigold in a dark hillside crypt, I returned to Daggerford. There, on the docks, I informed a distraught father that his only son had died pursuing the lost treasures of King Telarthir.",
module,jrl,Categories/21/Name,0,-1,Fernigold the Younger,
module,jrl,Categories/22/EntryList/0/Text,0,-1,"Having returned from Illefarn via the Zhentarim portal, I was met by Captain Frederick and Astriel at the castle gates. They informed me that the majority of the orc forces had been defeated but a few remain at large. As long as these orcs elude capture, the town is vulnerable, and I must join in the hunt for them. With the militia conducting house to house searches I should probably look elsewhere...",
module,jrl,Categories/22/EntryList/1/Text,0,-1,I found the remaining orcs hiding out in the Daggerford sewers. One of them carried a note indicating that the attack on Daggerford is due this very night! I should get this vital information to Captain Frederick as soon as possible.,
module,jrl,Categories/22/EntryList/2/Text,0,-1,"I reported the discovery of the orcs, as well as the imminent attack, to Captain Frederick. There is little to do now but to sit and wait. Having met Gorgomorz face-to-face, I do not relish the night ahead. And yet Astriel remains her usual cheerful self. She seems completely unfazed by the upcoming battle and I find myself drawing strength from that.",
module,jrl,Categories/22/Name,0,-1,Find the Orc Infiltrators,
module,jrl,Categories/23/EntryList/0/Text,0,-1,"My journey seems to be heading irrevocably towards the fabled dwarven deep of Illefarn. Illefarn has been long forgotten by most of the surface races, and therefore my problem is that no one actually knows where it is! Having spoken to Astriel, she suggested that I talk to Captain Frederick of the Daggerford militia. In her opinion, he is both trustworthy and likely to know where I might seek the location of Illefarn.",
module,jrl,Categories/23/EntryList/1/Text,0,-1,Entry002,
module,jrl,Categories/23/EntryList/2/Text,0,-1,"Captain Frederick did not know the location of Illefarn, but instead suggested that I speak with Derval Ironeater about it. The blacksmith's shop, Derval's Bright Blade, is just across town from the barracks.",
module,jrl,Categories/23/EntryList/3/Text,0,-1,Entry004,
module,jrl,Categories/23/EntryList/4/Text,0,-1,"I have spoken to Derval Ironeater and told him about the threat that faces Daggerford and the role of Illefarn in the plans of the conspirators. Derval was less than happy to talk to an outsider about Illefarn's location, but the situation is not as simple as it appears. It seems that Derval's brother Korin shares the same longing for Illefarn that Veiti, Derval's daughter, does. Indeed, he not only shares it, but has also pursued it, and so far as is known, is currently in Illefarn along with the Zhentarim! With so many lives and loved ones involved, Derval agreed to reveal the location of Illefarn to me but ONLY on the condition that Veiti accompany me on the expedition.

Once I am ready to leave, Veiti will meet me at the Daggerford docks where another dwarf, Magdaren, will transport us on her skiff up the River Delimbiyr, to an entrance into this ancient realm.",
module,jrl,Categories/23/EntryList/5/Text,0,-1,Entry006,
module,jrl,Categories/23/EntryList/6/Text,0,-1,Entry007,
module,jrl,Categories/23/EntryList/7/Text,0,-1,Entry008,
module,jrl,Categories/23/EntryList/8/Text,0,-1,Entry009,
module,jrl,Categories/23/EntryList/9/Text,0,-1,"Magdaren has transported us to a place known as Laughing Hollow. An entrance into the ancient dwarven realm of Illefarn should be found here, somewhere atop the cliffs.",
module,jrl,Categories/23/Name,0,-1,Finding Illefarn,
module,jrl,Categories/24/EntryList/0/Text,0,-1,"I was approached by a small child who was distraught over the loss of her pet dog. It seems the animal fell down a large hole on a nearby island. Perhaps I should investigate, though I fear the child might not be pleased with what I uncover.",
module,jrl,Categories/24/EntryList/1/Text,0,-1,Entry002,
module,jrl,Categories/24/EntryList/10/Text,0,-1,"Well, I found and slew that blasted imp who tricked me. I can now rest easy knowing the trickster's games are at an end.",
module,jrl,Categories/24/EntryList/2/Text,0,-1,It seems the child was actually an imp playing a rather elaborate trick on some unsuspecting do-gooder. Now I've been forced to do battle with an endless horde of hungry kocrachons. There must be a way to sever the connection to the kocrachons' home plane.,
module,jrl,Categories/24/EntryList/3/Text,0,-1,Entry004,
module,jrl,Categories/24/EntryList/4/Text,0,-1,"I've managed to destroy the portal, which has eliminated the kocrachon threat. Now, I need to find that fiendish little imp who got me into this mess!",
module,jrl,Categories/24/EntryList/5/Text,0,-1,Entry006,
module,jrl,Categories/24/EntryList/6/Text,0,-1,Entry007,
module,jrl,Categories/24/EntryList/7/Text,0,-1,Entry008,
module,jrl,Categories/24/EntryList/8/Text,0,-1,Entry009,
module,jrl,Categories/24/EntryList/9/Text,0,-1,"Well, I've managed to locate the imp, a somber and lonely little fellow named Boonmoppet. Apparently, the imp served as familiar to a powerful wizard who once lived in this tower. When the wizard passed away, Boonmoppet was left to his own devices. Without a new master to serve, the imp grew restless and resorted to performing elaborate pranks on the local farmers. He's promised to cease this disruptive behavior and will sell me magical items from his former master's supply.",
module,jrl,Categories/24/Name,0,-1,Fishing with Live Bait,
module,jrl,Categories/25/EntryList/0/Text,0,-1,"I've met a rather burly wainwright in Gillian's Hill, named Jouka, who had a valuable family heirloom stolen from him by a band of raiding lizardfolk. I've agreed to track down the item, which is a silver-plated awl. Jouka thinks the lizardfolk may have mistook it for a weapon and have probably taken it back to their home in the Lizard Marsh.",
module,jrl,Categories/25/EntryList/1/Text,0,-1,I found and returned Jouka's silver-plated awl. He was very pleased to have it back. Perhaps now he'll do a better job of keeping it out of the sight of raiding lizardfolk.,
module,jrl,Categories/25/Name,0,-1,Jouka's Awl,
module,jrl,Categories/26/EntryList/0/Text,0,-1,"Just as I was planning the color of my new carpets, Hevesar mentioned the inevitable complication involved in taking up residence in the abandoned temple outside of Liam's Hold. The mayor of the village wants to see a sign of good faith before welcoming such a well-armed neighbor with open arms. I am to go see her before she will hand over the key. The mayor's name is Wilsey, and her house is just south of the village market.",
module,jrl,Categories/26/EntryList/1/Text,0,-1,"Mayor Wilsey is a no nonsense community leader, and I could tell that there was no way that she would just hand over the temple key. An infamous family of ne'er-do-wells and troublemakers, called the Munroes, has been causing a fuss in the village. Wilsey says that should I convince them to move on, it will be a sign that I am prepared to take on an active role in helping the community, and has promised to hand over the key once the task is complete.",
module,jrl,Categories/26/EntryList/2/Text,0,-1,"I found the Munroes lurking along the Trade Way, just north of Liam's Hold, and it was a relatively simple matter to get them to leave the area. Once I report the good news to Mayor Wilsey, I should become the proud owner of one, slightly used, temple structure.",
module,jrl,Categories/26/EntryList/3/Text,0,-1,"Well, it took a little bit of force, but I don't think the Munroes will be playing up around here again for a good while! Once I report the good news to Mayor Wilsey I should become the proud owner of one, slightly used, temple structure.",
module,jrl,Categories/26/EntryList/4/Text,0,-1,"Wilsey was good to her word and willingly handed over the key to the temple. It should be interesting to see what I find in there! Whatever is to come, it is clear that I have made a good impression on the community of Liam's Hold and can expect a friendly welcome around the place.",
module,jrl,Categories/26/Name,0,-1,Mayor Wilsey,
module,jrl,Categories/27/EntryList/0/Text,0,-1,"Three pathetic-looking knight wannabes stand guard outside a foreboding cave entrance. They say the beast that lurks inside, named the Mighty Rat of Cunning Demeanor, slays all who enter its lair.",
module,jrl,Categories/27/EntryList/1/Text,0,-1,"The MRCD's spokes-rat, a lively little rodent named Roo, is egging me on to challenge his master to mortal combat. If I accept the challenge, I should squeeze through a rock fissure on the north side of the cave.",
module,jrl,Categories/27/EntryList/2/Text,0,-1,"This Roo is not only the MRCD's spokes-rat, but he's also its hive-mind! The ""monster"" is really just an assortment of highly aggressive rodents!",
module,jrl,Categories/27/EntryList/3/Text,0,-1,"Roo raised ""the white flag"" after I'd made mincemeat out of his MRCD cohorts. I didn't bite, however, and slew the little so-and-so, as he so justly deserved!",
module,jrl,Categories/27/EntryList/4/Text,0,-1,"Although it feels like I'm being rather lenient, what with Roo and friends feasting on the carcasses of scores of dead adventurers, I've decided to give Roo a second chance. The three knights-in-training will carry Roo back to Waterdeep, as proof of both their mighty strength and knightly benevolence.",
module,jrl,Categories/27/EntryList/5/Text,0,-1,"I gave the three knights the skin of the dread MRCD, so they could take it back to their superiors and receive their promotion into the Order of Tye.",
module,jrl,Categories/27/EntryList/6/Text,0,-1,"I gave the three knights the live MRCD in a sack, so they could take it back to their superiors and receive their promotion into the Order of Tye.",
module,jrl,Categories/27/Name,0,-1,Mighty Rat of Cunning Demeanor,
module,jrl,Categories/28/EntryList/0/Text,0,-1,"Ivus Barbarak has asked me to deliver the some ale to Rab Bitnez, who is having a party. I have to speak to Ivus' wife to pick up the ale. She's the queen of a small kingdom known as ""The Holdfast Inn Kitchen,"" apparently.",
module,jrl,Categories/28/EntryList/1/Text,0,-1,"I have faced many a dangerous creature in my time, but I'm not sure if I've ever faced one as dangerous as Nuli, Ivus Barbarak's wife. If her bite was as bad as her bark, then she would give an army of orcs a run for their money! Actually, I took the impression that underneath the fierce exterior, she has a heart of gold. She was grateful to me for picking up Rab's ale, which, by the way, is damned heavy. No wonder it has sat in the Holdfast Inn kitchen for a while.",
module,jrl,Categories/28/EntryList/2/Text,0,-1,"Well, Rab Bitnez certainly has his ale now, although whether he is still in the mood for a party, I am not so certain. Still, it will keep for some time.",
module,jrl,Categories/28/Name,0,-1,Party 6,
module,jrl,Categories/29/EntryList/0/Text,0,-1,"While chatting up some locals in the Happy Cow Tavern, I met a curious halfling with a proposition that he says might interest me. He recommends I speak to the bard who is currently entertaining the tavern's patrons, and ask the man about a specific poem of his called ""Peredus the Great.""",
module,jrl,Categories/29/EntryList/1/Text,0,-1,"I listened to Jorey Fontalas' rousing tale of the great hero, Peredus, who fought off highway bandits and fell down a cavernous well, never to be heard from again. I should speak with the halfling fellow in the Happy Cow about the significance of this tale.",
module,jrl,Categories/29/EntryList/2/Text,0,-1,"Burnas Tellrot, an oddly-attired halfling in the Happy Cow Tavern, has asked me to meet him at the same well where the hero, Peredus, supposedly met his doom. Burnas believes Peredus' great sword may still lie at the bottom of the well, just waiting for some brave and talented adventurer to claim it. The well is to be found in the farmlands to the west of Daggerford.",
module,jrl,Categories/29/EntryList/3/Text,0,-1,"I'm beginning to question the integrity of my adventuring partner, Burnas Tellrot. Instead of joining me in my expedition into Peredus' well, he chose to stay behind and leave me to my fate.",
module,jrl,Categories/29/EntryList/4/Text,0,-1,"Apparently, the great hero, Peredus, did perish at the bottom of the well, as legends claim, but his restless spirit now wanders the cavern in endless torment. It seems the hero's bones have been defiled by a fearsome foe who lords over the gold and other keepsakes tossed into the wishing well. Peredus has asked that I reclaim his bones from the creature and drop them into a nearby magical stream, so his remains might be cleansed of the creature's evil taint.",
module,jrl,Categories/29/EntryList/5/Text,0,-1,"The ""creature"" lording over Peredus' bones was a particularly temperamental young black dragon. After besting the creature in mortal combat, I reclaimed Peredus' bones.",
module,jrl,Categories/29/EntryList/6/Text,0,-1,Peredus was eternally grateful for having his spirit freed from the clutches of the evil black dragon. It seems the Tale of Peredus now has an ending worthy of its namesake.,
module,jrl,Categories/29/Name,0,-1,Peredus the Great,
module,jrl,Categories/3/EntryList/0/Text,0,-1,"Quite a story is developing out in the countryside around Daggerford! A young Harper called Teygan has apparently been looking to meet me and finally caught up with me outside my stronghold. Quite a charming young man he turned out to be too, maybe even too charming, and full of stories of Zhentarim plots in the region. Teygan has a base in the wilderness east of Liam's Hold, a region known as the Brush of Barbs, and I should look for him there for more information.",
module,jrl,Categories/3/EntryList/1/Text,0,-1,Teygan's base was easy to find using his directions. It should be interesting to hear what he and his fellows have discovered about the activities of the Zhentarim in the region.,
module,jrl,Categories/3/Name,0,-1,A Rendezvous with Teygan,
module,jrl,Categories/30/EntryList/0/Text,0,-1,"Captain Frederick seems as curious about the lockdown as I am. He asks that I seek out information from Captain Dratharion of the Griffons Mercenary Company, whose office is down the hall.",
module,jrl,Categories/30/EntryList/1/Text,0,-1,"After meeting with Captain Dratharion of the Griffons mercenaries, I returned to tell Captain Frederick all I heard on the matter. From his reaction, I can tell he found the information quite intriguing.",
module,jrl,Categories/30/EntryList/2/Text,0,-1,"I met with Captain Dratharion of the Griffons mercenaries, and received his take on the lockdown. I then tried to get some coin out of Captain Frederick before sharing the information.",
module,jrl,Categories/30/EntryList/3/Text,0,-1,"Although I met with Captain Dratharion of the Griffons mercenaries, and received his take on the lockdown, I'm not sure I should share that information with Captain Frederick. Perhaps its best that he remains in the dark for now.",
module,jrl,Categories/30/Name,0,-1,Play the Spy for Captain Frederick,
module,jrl,Categories/31/EntryList/0/Text,0,-1,"While strolling through the stinking Lizard Marsh, I stepped right in the middle of something unpleasant: swamp politics. Redeye, self-proclaimed leader of all lizardfolk tribes, wants to crush the rebel tribe led by the upstart Saslick. Unfortunately, Saslick is allied with a powerful black dragon named Thuraskulusk. Attempting to break the alliance between Thuraskulusk and Saslick, Redeye has stolen Thuraskulusk's eggs and has asked me to hide the eggs inside Saslick's hut. Before approaching the village, Redeye suggested that I speak with the reclusive Green Hag who dwells in the Lizard Marsh. I should move quickly because Thuraskulusk is nearby, and she is hunting for her stolen eggs! I wonder what would happen if Thuraskulusk discovers her stolen eggs in my pack?",
module,jrl,Categories/31/EntryList/1/Text,0,-1,"After striking a questionable deal with Redeye, self-proclaimed leader of all lizardfolk tribes, I secretly hid the black dragon Thuraskulusk's stolen eggs in Saslick's hut. When Thuraskulusk learned where her eggs were hidden, she confronted Saslick and incinerated him. After Thuraskulusk deals with the remnants of Saslick's rebel tribe, Redeye will once again control all lizardfolk tribes in the Lizard Marsh.",
module,jrl,Categories/31/EntryList/2/Text,0,-1,"After striking a questionable deal with Redeye, self-proclaimed leader of all lizardfolk tribes, I have slain the black dragon Thuraskulusk. Now that Thuraskulusk is out of the way, Redeye's tribes can squash the rebel Saslick's tribe like tiny bugs. Soon, Redeye will once again control all lizardfolk tribes in the Lizard Marsh.",
module,jrl,Categories/31/EntryList/3/Text,0,-1,"While strolling through the stinking Lizard Marsh, I stepped right in the middle of something unpleasant: swamp politics. Redeye, self-proclaimed leader of all lizardfolk tribes, wants to crush the rebel tribe led by the upstart Saslick. Unfortunately, Saslick is allied with a powerful black dragon named Thuraskulusk. Attempting to break the alliance between Thuraskulusk and Saslick, Redeye has stolen Thuraskulusk's eggs and has asked me to hide the eggs inside Saslick's hut. I should move quickly because Thuraskulusk is nearby, and she is hunting for her stolen eggs! I wonder what would happen if Thuraskulusk discovers her stolen eggs in my pack?",
module,jrl,Categories/31/Name,0,-1,Redeye's Eggs,
module,jrl,Categories/32/EntryList/0/Text,0,-1,"Vladmyr the Collector has asked me to locate three rare items that fell off the back of a caravan wagon bound for Waterdeep. He believes most of the items in the collection fell out of the wagon in the areas east of Gillian's Hill and Liam's Hold, and suggests I search there. The items in question include: a piece of elven sheet music, an Uthgardt burial totem, and a religious chalice brought north from the jungle lands of Chult.",
module,jrl,Categories/32/EntryList/1/Text,0,-1,"I've managed to secure a portion of the artifacts that fell off the back of the caravan. However, I suspect Vladmyr will only be happy when I have all three in my possession. The items in question include: a piece of elven sheet music, an Uthgardt burial totem, and a religious chalice brought north from the jungle lands of Chult.",
module,jrl,Categories/32/EntryList/2/Text,0,-1,"I've managed to secure all the items that fell off the back of the caravan: a piece of elven sheet music, an Uthgardt burial totem, and a religious chalice brought north from the jungle lands of Chult. I should take them back to Vladmyr at once, lest they be misplaced once again.",
module,jrl,Categories/32/EntryList/3/Text,0,-1,"Vladmyr was grateful and amazed at my ability to secure all three of the rare artifacts. From his reaction, I imagine the combined worth of these items might pay for Vladmyr's retirement from the antiques business.",
module,jrl,Categories/32/EntryList/4/Text,0,-1,I decided I don't wish to work with Vladmyr the Loan Shark any more and declined his request to hunt down some missing artifacts.,
module,jrl,Categories/32/EntryList/5/Text,0,-1,I grew tired of dealing with Vladmyr and decided to put a permanent end to his extortions. I'm sure there will be a lot of relieved debtors in Daggerford tonight!,
module,jrl,Categories/32/Name,0,-1,Scavenging the Countryside,
module,jrl,Categories/33/EntryList/0/Text,0,-1,"Having uncovered the goblin cattle rustling operation in the Wild Pastures, I thought that the farmers' woes were over. But alas, this seems not to be the case. It appears that the shepherds have observed creatures moving about in the fields at night, and it seems likely that this activity ties in with some further unknown plan of the ""Master."" I am to head back to the Wild Pastures where the shepherd Gaslo will direct me to the spot where most of the sightings have occurred.",
module,jrl,Categories/33/EntryList/1/Text,0,-1,Entry002,
module,jrl,Categories/33/EntryList/2/Text,0,-1,Entry003,
module,jrl,Categories/33/EntryList/3/Text,0,-1,Entry004,
module,jrl,Categories/33/EntryList/4/Text,0,-1,"I have met Gaslo (not the sharpest blade I have ever come across), who was able to describe to me (at some length...) the spot where most of the sightings have occurred. I need to camp down at the location of the skull of a giant beast that lies down by the river crossing the pastures.",
module,jrl,Categories/33/EntryList/5/Text,0,-1,Entry006,
module,jrl,Categories/33/EntryList/6/Text,0,-1,"As predicted, I have ended up having to camp out under the stars in order to learn the truth of the shadows in the fields. The shadows turned out to be rather more solid upon close inspection; in fact, they turned out to be orcs! What groups of orcs are doing moving around so close to human settlements without burning and pillaging everything in sight is a very good question.

The answer appears to be that the burning and pillaging is planned for a later date, once the ""Master"" is ready. I continue to wonder who this ""Master"" is? No doubt, I will discover that soon enough. For now, I should once again report my success to Hevesar.",
module,jrl,Categories/33/EntryList/7/Text,0,-1,Entry008,
module,jrl,Categories/33/EntryList/8/Text,0,-1,Entry009,
module,jrl,Categories/33/EntryList/9/Text,0,-1,"I'm definitely making a good impression on Hevesar. He was most pleased with my successful investigation of the orcs moving about in the fields at night, and we seem to have uncovered some more complex plan of this ""Master."" Something is brewing here in these quiet lands, I can feel it...",
module,jrl,Categories/33/Name,0,-1,Shadows in the Fields,
module,jrl,Categories/34/EntryList/0/Text,0,-1,"Although undead are not known for being polite and courteous to strangers, this Nosfiraat fellow seemed downright hospitable. In fact, I was so impressed by his courtly manners that I've agreed to destroy several ritual stones that ring the shipwreck with a magical barrier. Once the ritual stones are destroyed, Nosfiraat will be free to go and continue his duties as vampire-for-hire.",
module,jrl,Categories/34/EntryList/1/Text,0,-1,"In keeping with the dishonest nature of his kind, the vampire Nosfiraat tried to parlay for his life with honeyed words and cunning schemes. In the end, as always happens with such grim, soulless entities, combat ensued and I slew both him and his vampire minions.",
module,jrl,Categories/34/EntryList/2/Text,0,-1,"I had no inclination to listen to the honeyed words of the vampire Nosfiraat, and put an end to his existence before he could involve me in any of his cunning schemes.",
module,jrl,Categories/34/Name,0,-1,Shipwreck Survivor,
module,jrl,Categories/35/EntryList/0/Text,0,-1,"It seems that working with Teygan has annoyed the Zhentarim, and they have dispatched some of their agents with instructions to permanently halt my investigations. Teygan has discovered that they will be staying at the Holdfast Inn and has encouraged me to strike against them before they track me down.",
module,jrl,Categories/35/EntryList/1/Text,0,-1,I surprised the Zhentarim adventurers and was able to defeat them before they had time to prepare themselves. Such experienced and high-ranking Zhentarim are sure to have some interesting equipment with them that I will no doubt be able to use myself.,
module,jrl,Categories/35/EntryList/2/Text,0,-1,"Teygan has deceived me greatly! A search of the Zhentarim adventurers' bodies revealed the fact that they all carry Harper pins! I have murdered in cold blood, and the only thing I have gained is the knowledge that Teygan is not who he claims to be.",
module,jrl,Categories/35/EntryList/3/Text,0,-1,"Things are getting confusing around here. I ignored Teygan's warning to not engage the ""Zhentarim"" adventurers in conversation, and I am mighty relieved that I did. Drelia and her cohorts are not Zhentarim at all, but Harpers! The question now remains: who is Teygan? Drelia suggested that she accompany me to Teygan's base and I agreed with her idea.",
module,jrl,Categories/35/EntryList/4/Text,0,-1,"Things are getting confusing around here. I ignored Teygan's warning to not engage the ""Zhentarim"" adventurers in conversation, and I am mighty relieved that I did. Drelia and her cohorts are not Zhentarim at all, but Harpers! The question now remains: who is Teygan? Drelia suggested that she accompany me to Teygan's base but I told her to stay at the Holdfast Inn.",
module,jrl,Categories/35/EntryList/5/Text,0,-1,"Teygan is Sememmon, one of the most evil geniuses in the world! He revealed his ruse to me and seemed to take great delight in his deception before teleporting me away back to Liam's Hold. He claimed to have received news regarding his missing consort, Ashemmi, and has now undoubtedly departed this part of the Sword Coast.",
module,jrl,Categories/35/EntryList/6/Text,0,-1,"I went with Drelia to the cave but Teygan had already fled, leaving me a note. His true identity is Sememmon, one of the most evil Zhentarim geniuses in all of Faerûn! With Teygan's true identity revealed, Drelia and her companions have set off immediately, hoping to pick up on his trail and bring him some justice, Harper style. Everything has been turned on its head so swiftly that I have been left a little befuddled by all that has happened.",
module,jrl,Categories/35/EntryList/7/Text,0,-1,"Teygan is Sememmon, one of the most evil geniuses in the world! He revealed his ruse to me and seemed to take great delight in his deception before teleporting me away back to Liam's Hold. He claimed to have received news regarding his missing consort, Ashemmi, and has now undoubtedly departed this part of the Sword Coast.",
module,jrl,Categories/35/EntryList/8/Text,0,-1,"With Teygan's true identity revealed, Drelia and her companions have set off immediately, hoping to pick up on his trail and bring him some justice, Harper style. Everything has been turned on its head so swiftly that I have been left a little befuddled by all that has happened.",
module,jrl,Categories/35/EntryList/9/Text,0,-1,"With Teygan revealed as Sememmon, I found myself increasingly annoyed by the Harper do-gooders and decided to kill them as Sememmon had originally instructed.",
module,jrl,Categories/35/Name,0,-1,Showdown at the Holdfast Inn,
module,jrl,Categories/36/EntryList/0/Text,0,-1,"Deep in the stinking mire of the Lizard Marsh, I discovered a hidden village populated by primitive lizardfolk. These disgusting reptiles capture travelers in the swamp and enslave them. One of the slaves, a half-elf named Igaleus, said that a fat lizard with a large wart on its green snout holds the key to the slave pen.",
module,jrl,Categories/36/EntryList/1/Text,0,-1,"I used the slaver's key to release Igaleus and the rest of the lizardfolk's slaves. Before leaving, Igaleus promised to lead the slaves safely out of the deadly swamp.",
module,jrl,Categories/36/Name,0,-1,Slaves to the Lizards,
module,jrl,Categories/37/EntryList/0/Text,0,-1,"Astriel has been working the patrons of the Chateau Elite and one of them, a merchant, has revealed his annoyance at the strange cargos traveling down the River Delimbiyr. Cargo usually has to come into Daggerford and be inspected before a levy is paid. But this merchant has complained that barges are traveling down the river and loading the cargos directly onto sea going vessels at night -- a blatant flaunting of the regulations! Apparently, the poor fellow was getting quite vocal about things, and the doorman had to have a few quiet words in his ear, at which point he settled down to stew in silence.

The Mariners' Alliance seems the obvious place to start looking for information about what is going on here. It may be nothing, but Astriel seems to have a good sense for sniffing out trouble...",
module,jrl,Categories/37/EntryList/1/Text,0,-1,"I managed to gain entry to the Mariners' Alliance basement, and have discovered that there is indeed something going on. The Shoreside Shipping Consortium is at the hub of whatever scheme is transpiring here. It owns both the barges and the sea vessel called the Barracuda, and if they do not have official sanction, then they have at least greased enough palms to ensure that heads turn away at the right moment. A visit to the Barracuda would no doubt shed more light on all this.",
module,jrl,Categories/37/EntryList/2/Text,0,-1,"I managed to gain entry to the Mariners' Alliance basement, and have discovered that there is indeed something going on. The Shoreside Shipping Consortium is at the hub of whatever scheme is transpiring here. It owns both the barges and the sea vessel called the Barracuda, and if they do not have official sanction, then they have at least greased enough palms to ensure that heads turn away at the right moment.

Onboard the Barracuda, I discovered that the ship itself is definitely being used for criminal activities. The captain's journal mentions shipments of weapons and armor being delivered to orcs, with payment in gold and slaves! Astriel is sure to want to know about this.",
module,jrl,Categories/37/EntryList/3/Text,0,-1,"I managed to gain entry to the Mariners' Alliance basement, and have discovered that there is indeed something going on. The Shoreside Shipping Consortium is at the hub of whatever scheme is transpiring here. It owns both the barges and the sea vessel called the Barracuda, and if they do not have official sanction, then they have at least greased enough palms to ensure that heads turn away at the right moment.

Onboard the Barracuda, I discovered that the ship itself is definitely being used for criminal activities. The captain's journal mentions shipments of weapons and armor being delivered to orcs, with payment in gold and slaves!",
module,jrl,Categories/37/EntryList/4/Text,0,-1,"I returned to Astriel and explained about the traffic on the river to her. She agreed that the mention of orcs and weapons was a cause for concern but for the time being, with the town gates closed, there is little more we can do to pursue this line of investigation.",
module,jrl,Categories/37/Name,0,-1,Strange Cargos,
module,jrl,Categories/38/EntryList/0/Text,0,-1,"The ogre bridgekeeper has told me of the ogres' ongoing war with their hated enemies, the gnolls. He has said that I may cross the bridge for free if I eliminate the gnolls, who are hiding in a cave somewhere in the area.",
module,jrl,Categories/38/EntryList/1/Text,0,-1,Entry002,
module,jrl,Categories/38/EntryList/10/Text,0,-1,"I have killed the gnolls and their leader, Rattlefang. I should return to the ogre bridgekeeper and tell him this news.",
module,jrl,Categories/38/EntryList/11/Text,0,-1,Entry012,
module,jrl,Categories/38/EntryList/12/Text,0,-1,"The toll bridge ogres were happy at hearing of the demise of their gnoll enemies. They have called me ""ogre-friend"" and now allow me to cross the bridge without paying a toll.",
module,jrl,Categories/38/EntryList/13/Text,0,-1,Entry014,
module,jrl,Categories/38/EntryList/14/Text,0,-1,"I have killed the ogres and their leader, Bonesnap. I should return to Rattlefang and tell him this news.",
module,jrl,Categories/38/EntryList/15/Text,0,-1,Entry016,
module,jrl,Categories/38/EntryList/16/Text,0,-1,"The gnolls were happy at hearing of the demise of their ogre enemies. They have called me ""gnoll-friend"" and now allow me to cross the bridge without paying a toll.",
module,jrl,Categories/38/EntryList/17/Text,0,-1,Entry018,
module,jrl,Categories/38/EntryList/18/Text,0,-1,"I have decided that I hold an equal distaste for both ogres and gnolls, so I have eliminated both warring sides. Gain permission to cross a bridge? Pfah! I don't need some monster's permission to cross a bridge.",
module,jrl,Categories/38/EntryList/2/Text,0,-1,"The gnolls have told me of their ongoing war with their hated enemies, the ogres, and how they were usurped from their toll bridge stronghold. They have asked me to eliminate the ogres, and in exchange, will let me cross the bridge for free after they retake control of it.",
module,jrl,Categories/38/EntryList/3/Text,0,-1,Entry004,
module,jrl,Categories/38/EntryList/4/Text,0,-1,"I have now told both the ogres and the gnolls that I will eliminate the other. If I wish to cross the bridge, I must choose which of them to defeat.",
module,jrl,Categories/38/EntryList/5/Text,0,-1,Entry006,
module,jrl,Categories/38/EntryList/6/Text,0,-1,"The ogre bridgekeeper had asked me to kill the gnolls, but I decided to kill the ogres instead. I should talk to the gnolls to see if they will give me a reward for eliminating their ogre enemies.",
module,jrl,Categories/38/EntryList/7/Text,0,-1,Entry008,
module,jrl,Categories/38/EntryList/8/Text,0,-1,"The gnolls had asked me to kill the ogres, but I decided to kill the gnolls instead. I should talk to the ogres to see if they will give me a reward for eliminating their gnoll enemies.",
module,jrl,Categories/38/EntryList/9/Text,0,-1,Entry010,
module,jrl,Categories/38/Name,0,-1,Taking a Toll,
module,jrl,Categories/39/EntryList/0/Text,0,-1,"Talarenne, my great friend and companion, has been captured by some nefarious magic! I have no idea what kind of spell was used to take her, nor why she was taken, or even by whom. All I know is that she disappeared before my very eyes as bandits attacked our caravan, and that I will do everything in my power to find her!",
module,jrl,Categories/39/EntryList/1/Text,0,-1,Entry002,
module,jrl,Categories/39/EntryList/2/Text,0,-1,"One of the other caravan passengers bears a likeness to Tala. I wonder if this could have been a case of mistaken identity then? This other passenger, Amara Leontyne she is called, seemed a little evasive on the subject...",
module,jrl,Categories/39/EntryList/3/Text,0,-1,Entry004,
module,jrl,Categories/39/EntryList/4/Text,0,-1,"It turns out that Amara is actually a cover name for the Waterdhavian agent named Astriel.  Astriel believes that the caravan attackers probably did mean to take herself instead of Talarenne. She has said that she will help me find Talarenne if she can, so for now, I will just have to wait and see if she comes up with anything.",
module,jrl,Categories/39/EntryList/5/Text,0,-1,Entry006,
module,jrl,Categories/39/EntryList/6/Text,0,-1,"I have found Talarenne trapped inside a magical globe of some sort! She was being traded between a foul tanarukk leader and Captain Herab, the cruel slaver of the Barracuda. Poor Tala! From inside her magical prison, Tala is able to speak with me, and she seems somehow sensitized to the magical Weave of our world. While I am obviously relieved to have my friend back, I fear for Tala's state of mind being trapped in such an alien place.",
module,jrl,Categories/39/EntryList/7/Text,0,-1,Entry008,
module,jrl,Categories/39/EntryList/8/Text,0,-1,"Astriel has come good and claims to have found a way to free Tala from her prison! Of course, there is the ""small"" matter of defending Daggerford from an impending invasion first...",
module,jrl,Categories/39/EntryList/9/Text,0,-1,"Tala is freed, and I have my wonderful friend back at my side! I do not need to write more, as words are insufficient to describe my happiness.",
module,jrl,Categories/39/Name,0,-1,Talarenne,
module,jrl,Categories/4/EntryList/0/Text,0,-1,"A key that I found while trawling the incredible assortment of junk and treasures in Torleth's shop has opened an ornate gate, which I discovered in a cave on the Crab's Claw Coast! Who knows how long it has been since anyone has passed this way? Through thick mists, I think I can see a building in the distance.",
module,jrl,Categories/4/EntryList/1/Text,0,-1,"That's the thing with keys, isn't it? Each one has its use but a different lock is still a locked one... Having entered the stone building in the cave full of mist, the door immediately swung closed behind me and is now locked! I had better search for a way out of here. Merely being in this place sends a shiver down my spine and makes my hair stand on end. And yet...it is not altogether unpleasant.",
module,jrl,Categories/4/EntryList/2/Text,0,-1,Entry003,
module,jrl,Categories/4/EntryList/3/Text,0,-1,"I have met a creature the likes of which I have never seen before. The creature doesn't seem to have any knowledge of who or where it is, how it came to be here, or any of the usual things you might expect upon meeting someone. Clearly, it is intelligent in some way, but a deep sense of tragedy radiates from it. Apparently the creature is a kind of ward against some form of shadows that have attacked this place, and I have agreed to help defeat these creatures once and for all. I must deactivate four mirrored globes and deal with whatever happens then... I find myself rather affected by this creature's sad story, and it is hard to think logically. This is such an emotional place!",
module,jrl,Categories/4/EntryList/4/Text,0,-1,Entry005,
module,jrl,Categories/4/EntryList/5/Text,0,-1,"I have deactivated the four globes and battled a kind of shadow creature the likes of which I have never seen before! As I destroyed the final shadow, the creature at the center of the room collapsed, as if it had died. Surely I have not killed it? I have only known this creature such a short time and yet I could not bear its passing...",
module,jrl,Categories/4/EntryList/6/Text,0,-1,Entry007,
module,jrl,Categories/4/EntryList/7/Text,0,-1,Entry008,
module,jrl,Categories/4/EntryList/8/Text,0,-1,"The creature Metastakixx is gone. To where I am not sure, but I fear to some oblivion. In the moments before its passing, Metastakixx seemed to find some kind of peace and wisdom that I do not really understand and maybe can never fully comprehend. I feel that I will never shake off the incredible intensity with which Metastakixx affected me, as if it was a being of pure tragic emotion. Indeed, so moved was I by the creature's passing, that I sung as I have never sung before; a song that seemed to come from deep within me and yet in some way moved through me without my consent. I feel truly blessed to have experienced this.",
module,jrl,Categories/4/EntryList/9/Text,0,-1,"The creature Metastakixx is gone. To where I am not sure, but I fear to some oblivion. In the moments before its passing Metastakixx seemed to find some kind of peace and wisdom that I do not really understand and maybe can never fully comprehend. I feel that I will never shake off the incredible intensity with which Metastakixx affected me, as if it was a being of pure tragic emotion. I will never forget this place.",
module,jrl,Categories/4/Name,0,-1,A Season in the Mists,
module,jrl,Categories/40/EntryList/0/Text,0,-1,"Astriel's sense for trouble is once again sending me off on what might well be a wild goose chase. She wants me to spend some time at the Black Stone Inn, and as the name suggests, it's not the place for a quiet drink with some friends. Unless, that is, your friends are murdering scumbags with bad breath and a fondness for cheap ale. I don't know exactly what I am looking for, but Astriel has given me a rod of detection to help me find it. I won't look suspicious with that at all while I hang out at the bar!",
module,jrl,Categories/40/EntryList/1/Text,0,-1,"Some wild goose chase! Astriel proved to be a very sharp operator once again, as I discovered Zhentarim activity in the sewers under the Black Stone Inn. Naturally, the Zhentarim were not exactly welcoming, but once I had prevented them from tearing me limb from limb, I found more evidence of weapons and orcs, and the rather worrying prospect of a deal with a devil!",
module,jrl,Categories/40/EntryList/2/Text,0,-1,"Astriel was most impressed by what I had managed to discover at the Black Stone Inn, proving the existence of a Zhentarim plot in the area. I wonder what she will suggest next?",
module,jrl,Categories/40/Name,0,-1,The Black Stone Inn,
module,jrl,Categories/41/EntryList/0/Text,0,-1,"I have found my way to Laughing Hollow, a place that was once part of the Fallen Kingdom, an alliance of various tribes of elves and dwarves. The dwarves mined and worked in a vast underground complex known as Illefarn. Veiti tells me that the entrance to Illefarn lies at the top of the cliffs in Laughing Hollow.",
module,jrl,Categories/41/EntryList/1/Text,0,-1,Entry002,
module,jrl,Categories/41/EntryList/2/Text,0,-1,"I have found my way inside the halls of Illefarn, a place that was once part of the Fallen Kingdom, an alliance of various tribes of elves and dwarves. The dwarves mined and worked in a vast underground complex here. Upon arriving inside the halls, the main entrance became sealed. Veiti's password no longer works, so some magic must be blocking us inside, likely the work of the Zhentarim. The only way to proceed now is deeper into Illefarn.",
module,jrl,Categories/41/EntryList/3/Text,0,-1,Entry004,
module,jrl,Categories/41/EntryList/4/Text,0,-1,"Upon arriving inside the halls, the main entrance became sealed, and we discovered the bodies of many dwarves that were slain in a recent attack. After coming across a couple of Zhentarim guards throwing the dead bodies of the slain members of the Ironeater clan into a chasm, it would seem confirmed that all the dwarves are either dead or prisoners. This revelation undoubtedly weights heavily upon Veiti's mind. I must discover who is in charge of the Zhentarim operation in Illefarn and put a stop to them.",
module,jrl,Categories/41/EntryList/5/Text,0,-1,Entry006,
module,jrl,Categories/41/EntryList/6/Text,0,-1,Entry007,
module,jrl,Categories/41/EntryList/7/Text,0,-1,Entry008,
module,jrl,Categories/41/EntryList/8/Text,0,-1,Entry009,
module,jrl,Categories/41/EntryList/9/Text,0,-1,"After descending deeper into the mines, I discovered Captain Dratharion in charge of the Zhentarim plot in Illefarn, and defeated him and his Griffon mercenaries. Veiti's dwarven wrath was at least somewhat appeased by this.",
module,jrl,Categories/41/Name,0,-1,The Dwarves of Illefarn,
module,jrl,Categories/42/EntryList/0/Text,0,-1,"Sejellus Krimp, the distributor in Gillian's Hill, told me that a group of thugs have taken up residence in the old tower southwest of his shop. Apparently, this tower was once occupied by Gillian Cantilar, the half-elven ranger from whom the town got its name.",
module,jrl,Categories/42/EntryList/1/Text,0,-1,"I slew the infamous Gillian's Hill Gang, who were using Gillian's Tower to spy on merchant caravans along the Trade Way.",
module,jrl,Categories/42/EntryList/2/Text,0,-1,"Sejellus was ecstatic to hear that the Gillian's Hill Gang would no longer trouble his caravans. He even paid me a fairly hefty reward, which was a welcome surprise.",
module,jrl,Categories/42/Name,0,-1,The Gillian's Hill Gang,
module,jrl,Categories/43/EntryList/0/Text,0,-1,"While traveling through farmlands east of Daggerford, I met a disgruntled dairy farmer named Porto Churlgo. Apparently, the young halfling sees dairy farming as an unrewarding venture and would like me to speak with his mother, Millie, about leading the family into a more profitable line of business.",
module,jrl,Categories/43/EntryList/1/Text,0,-1,"I met Millie Churlgo, family matriarch and owner of Churlgo Cheese, who asked that I sample a bit of her latest product on the table behind her. A spot of cheese sounds good to me!",
module,jrl,Categories/43/EntryList/10/Text,0,-1,"The relief in Millie's voice told me that slaying Yentai was the right thing to do. Perhaps now, the Churlgos can rest easy knowing that Yentai is six feet under.",
module,jrl,Categories/43/EntryList/11/Text,0,-1,"The plot thickens, like a vat of day-old cheese. After giving me some background on the ""real"" Millie Churlgo, Yentai desires that I help him put the family out of business for good. I shall return to Millie and set the (cheese)wheels in motion...",
module,jrl,Categories/43/EntryList/12/Text,0,-1,I did as Yentai instructed and told Millie to evacuate her family to a barge tethered close to her farm. What happens next is anyone's guess. I only hope that Yentai is true to his word when I return to Gillian's Hill.,
module,jrl,Categories/43/EntryList/2/Text,0,-1,"I tasted some Churlgo-brand cheese and was...underwhelmed. In fact, I don't think I've tasted cheese that wretched in my entire life. Yuck!",
module,jrl,Categories/43/EntryList/3/Text,0,-1,"When I questioned Millie Churlgo about why her top-grade cheese wheels taste like low-grade cow patties, she explained that bandits have been wreaking havoc on her bottom-line, so she's had to drastically cut back on quality. I told her that I had little interest in assisting her and she appears somewhat 'cheesed off' with me now.",
module,jrl,Categories/43/EntryList/4/Text,0,-1,"When I questioned Millie Churlgo about why her top-grade cheese wheels taste like low-grade cow patties, she explained that bandits have been wreaking havoc on her bottom-line, so she's had to drastically cut back on quality. She has asked me to accompany her son Porto on his next delivery to Gillian's Hill. Hopefully, we can get the caravan there in one piece.",
module,jrl,Categories/43/EntryList/5/Text,0,-1,"I'm starting to get that itchy feeling like I'm treading in lands I don't belong. From Porto's constant bickering, to bandits attacking as if they were merely carrying out orders, the web of deceit around Churlgo Cheese seems to grow larger by the minute.",
module,jrl,Categories/43/EntryList/6/Text,0,-1,"I'm not sure any amount of gold is worth the aggravation I've endured getting this shipment to Gillian's Hill. Even the trader, Sejellus, seems an ungrateful lout! Ah, the life of an adventurer can be trying at times...",
module,jrl,Categories/43/EntryList/7/Text,0,-1,"Millie explained her family's long history with a devious Iron Throne crime boss named Yentai. Apparently, this fellow is demanding that the Churlgos hand over their valuable cheese recipes to him, or else! I told Millie I was unwilling to murder this Yentai in cold blood. She was none too pleased, to say the least.",
module,jrl,Categories/43/EntryList/8/Text,0,-1,"Millie explained her family's long history with a devious Iron Throne crime boss named Yentai. Apparently, this fellow is demanding that the Churlgos hand over their valuable cheese recipes to him, or else! I've offered to get him off Millie's back for good, and so I must travel to Gillian's Hill at once. After I've slain this Yentai, I am to collect his amulet as proof of his demise.",
module,jrl,Categories/43/EntryList/9/Text,0,-1,"It was my pleasure to slay the villain, Yentai. I should return his amulet to Millie so that she may finally be out from under his dark shadow.",
module,jrl,Categories/43/Name,0,-1,The Great Cheese Caper,
module,jrl,Categories/44/EntryList/0/Text,0,-1,"In a dimly lit cave on the outskirts of the stinking Lizard Marsh, dwells the Green Hag. She lives alone, except for a few rather sad-looking, warty toads. Never much of a ""people-person,"" the old hag has been in a particularly foul mood after losing her precious hairbrush. To make matters worse, the old hag has recently begun to suffer from debilitating pains all over her wrinkled green skin. Fearing that these two unfortunate incidents are connected, she has concluded that her rival, a shriveled little lizardfolk shaman named Uzzak-Szalzik, has used the missing hairbrush to craft a magical effigy and is working some loathsome spells against her. The old hag has asked me to sneak into the lizardfolk village and find the magical effigy, her lost hairbrush, as well as a personal item from the shaman's hut, so that she can retaliate with her own spells. In order for me to enter the lizardfolk village undetected, the Green Hag has transformed my appearance into that of a lizardfolk. She has warned me that the transformation will quickly fade when I leave the swamp and that it does not disguise voices, so I must move quickly and avoid speaking.",
module,jrl,Categories/44/EntryList/1/Text,0,-1,"Deep in the stinking mire of the Lizard Marsh, I raided a primitive lizardfolk village and recovered a strange magical effigy from their shriveled shaman, Uzzak-Szalzik. The Green Hag claims that Uzzak-Szalzik used this effigy to work dark magic against her, resulting in a rather uncomfortable looking skin condition. Although the hag cackled with delight when I gave her the effigy, it remains unclear if Uzzak-Szalzik was truly responsible for her rather gruesome skin. In return for my services, the old hag has agreed to sell me a wild assortment of foul-smelling potions and poultices.",
module,jrl,Categories/44/EntryList/2/Text,0,-1,"Deep in the stinking mire of the Lizard Marsh, I raided a primitive lizardfolk village and recovered a strange magical effigy from their shriveled shaman, Uzzak-Szalzik. The Green Hag claims that Uzzak-Szalzik used this effigy to work dark magic against her, resulting in a rather uncomfortable looking skin condition. Although the hag cackled with delight when I gave her the effigy, it remains unclear if Uzzak-Szalzik was truly responsible for her rather gruesome skin. Despite my doubts, she snickered evilly when I pressed the Uzzak-Szalzik's bone knife into her wrinkled hands. With this stolen knife, the hag will craft an effigy and work devious magical spells against Uzzak-Szalzik. I am not certain what she is planning, but it might involve large quantities of boiling liquids. In return for my services, the old hag has agreed to sell me a wild assortment of foul-smelling potions and poultices.",
module,jrl,Categories/44/Name,0,-1,The Green Hag,
module,jrl,Categories/45/EntryList/0/Text,0,-1,"In front of the stone doors to the Hall of Wonder in Illefarn, I found six rotating stands that are used to support six reflecting mirrors. The ancient mirrors, however, have long been missing. It would seem that these mirrors could be used to reflect a beam of light, which may unlock the door. Veiti has said that five of them can be found in her uncle Korin's office, off the Feast Hall. Who knows where the sixth one resides, if indeed it isn't lost forever.",
module,jrl,Categories/45/EntryList/1/Text,0,-1,Entry002,
module,jrl,Categories/45/EntryList/2/Text,0,-1,Entry003,
module,jrl,Categories/45/EntryList/3/Text,0,-1,Entry004,
module,jrl,Categories/45/EntryList/4/Text,0,-1,Entry005,
module,jrl,Categories/45/EntryList/5/Text,0,-1,Entry006,
module,jrl,Categories/45/EntryList/6/Text,0,-1,Entry007,
module,jrl,Categories/45/EntryList/7/Text,0,-1,Entry008,
module,jrl,Categories/45/EntryList/8/Text,0,-1,Entry009,
module,jrl,Categories/45/EntryList/9/Text,0,-1,"I managed to find all six ancient mirrors and placed them upon their stands. Triggering the magical mechanism, a beam of light was reflected off each, eventually opening the locked doors. I wonder what lies within...",
module,jrl,Categories/45/Name,0,-1,The Hall of Wonder,
module,jrl,Categories/46/EntryList/0/Text,0,-1,"I met a curious character called Erik the Fin in the Daggerford Docks, who has asked me to find a chest that he dropped into the river Delimbiyr. He said it's most likely to be downriver somewhere, to the west of Daggerford, but he has been unable to find it. I have agreed to look for the chest, but there seems to be something that Erik is holding back from me. Perhaps I will find out more clues when I locate the chest.",
module,jrl,Categories/46/EntryList/1/Text,0,-1,"I have found a strange chest within a cave in the Western Farmlands. There is a tiny voice coming from inside the sealed chest, asking that I take it to a mage called Delfen at the Sorceller's Encapsulate in Daggerford.",
module,jrl,Categories/46/EntryList/10/Text,0,-1,"At the pleadings of the small voice coming from within the chest, I have delivered it to Delfen at the Sorceller's Encapsulate. Opening the magically sealed chest, Delfen discovered his missing imp familiar, Sujit, and both are happily reunited. It would appear, however, that Sujit's former evil master, Mogdor, attempted to have Erik the Fin kidnap the imp in the chest. In revenge for this deed, Delfen has planted a small ""surprise"" for Mogdor inside the chest and has asked that I deliver it to Erik. He has also advised that I do not accompany Erik after bringing him the chest, as it would put my life in danger.",
module,jrl,Categories/46/EntryList/11/Text,0,-1,"At the pleadings of the small voice coming from within the chest, I have delivered it to Delfen at the Sorceller's Encapsulate. Opening the magically sealed chest, Delfen discovered his missing imp familiar, Sujit, and both are happily reunited. It would appear that Sujit's former evil master, Mogdor, attempted to have the imp kidnapped in the chest. Now that Sujit is safe with his master once again, my part in this little escapade is over, and I am free from having to lug a heavy chest around!",
module,jrl,Categories/46/EntryList/12/Text,0,-1,"I have brought Delfen's ""surprise"" chest to Erik the Fin and he has rewarded me handsomely. I have decided to heed Delfen's warning and to not involve myself any further in this matter as it could seriously jeopardize my life. Delfen and Sujit are happily reunited and Mogdor will most assuredly get what he deserves...whatever that may be.",
module,jrl,Categories/46/EntryList/13/Text,0,-1,Entry014,
module,jrl,Categories/46/EntryList/14/Text,0,-1,"I have brought Delfen's ""surprise"" chest to Erik the Fin and insisted that I accompany him to wherever he is taking it. I have decided not to heed Delfen's warning about what might happen should I be present when Mogdor opens the chest, but I just can't help but satisfy my curiosity! One thing is for sure - someone will not be pleased.",
module,jrl,Categories/46/EntryList/15/Text,0,-1,Entry016,
module,jrl,Categories/46/EntryList/16/Text,0,-1,"The evil wizard Mogdor was annoyed at my presence but was gleeful at having the chest finally brought to him. He was greatly dismayed, however, to find not Sujit inside but a demilich instead! Erik the Fin fled in terror from the cave and a shocked Mogdor was incinerated by the infernal creature right before my eyes! Extallimix was its name, and it drew its unholy gaze upon me, preparing to unleash a deadly blow. Before it could, however, it became distracted by something powerful nearby and floated away, mumbling.",
module,jrl,Categories/46/EntryList/2/Text,0,-1,"I have managed to find the chest within a cave in the Western Farmlands. It would seem that a bear pulled it from the river but was unable to open it, as it is magically sealed. There is a tiny voice coming from inside the sturdy chest, asking that I take it to a mage called Delfen at the Sorceller's Encapsulate in Daggerford. I now need to decide to whom I shall bring this chest: Delfen or Erik the Fin.",
module,jrl,Categories/46/EntryList/3/Text,0,-1,"I met a curious character called Erik the Fin in the Daggerford Docks, who has expressed great interest in the return of the chest I found in a cave in the Western Farmlands.",
module,jrl,Categories/46/EntryList/4/Text,0,-1,"I have returned the chest to Erik the Fin and he has rewarded me handsomely...perhaps too handsomely for such a worn-looking chest. The real value was obviously whoever was inside the chest that pleaded for my aid. Sadly, I shall never know who it was.",
module,jrl,Categories/46/EntryList/5/Text,0,-1,Entry006,
module,jrl,Categories/46/EntryList/6/Text,0,-1,I have returned the chest to Erik the Fin and have insisted that I accompany him to wherever he is taking it. Tiny voices emanating from sturdy locked chests are often signs that something disturbing is transpiring. I am going to find out what this is all about.,
module,jrl,Categories/46/EntryList/7/Text,0,-1,Entry008,
module,jrl,Categories/46/EntryList/8/Text,0,-1,"It turns out that Erik the Fin was hired by an evil wizard named Mogdor to kidnap his former imp servant, Sujit, who had previously escaped him. Mogdor looked quite content to be reunited with his companion, although Sujit seemed far from pleased at the outcome and I swear it gave me the evil eye before disappearing through a portal with its former master.",
module,jrl,Categories/46/EntryList/9/Text,0,-1,Entry010,
module,jrl,Categories/46/Name,0,-1,The Missing Chest,
module,jrl,Categories/47/EntryList/0/Text,0,-1,"While traveling through the outlying Wild Pastures, I met a young shepherd girl named Lavna. After our conversation was interrupted by the howl of wolves in the woods, Lavna insisted that Old One-Eye, a fearsome worg of tremendous proportions, was responsible for the vanishing livestock. Lavna asked me to search the south woods for Old One-Eye and cut off its head.",
module,jrl,Categories/47/EntryList/1/Text,0,-1,"After killing the worg known as Old One-Eye and returning its head to Lavna, the young shepherd girl reluctantly admitted that the worg was only responsible for the deaths of a few old cows. Still, Lavna was grateful to finally be rid of Old One-Eye.",
module,jrl,Categories/47/Name,0,-1,The One-Eyed Worg,
module,jrl,Categories/48/EntryList/0/Text,0,-1,"Rab Bitnez claims to have been attacked by something that flew through his window. Perhaps I should ask around town and see if anyone else has seen anything? Whatever is the truth of the matter, it is clear that Rab has been quite shocked by something; almost as shocked as I was by the incredible reek of garlic that permeates his house!",
module,jrl,Categories/48/EntryList/1/Text,0,-1,"I spoke to Ivus Barbarak about Rab and the strange state that I found him in. As a publican, I guess Ivus has seen quite a few strange states in his time. He said that I should probably mention this to Mayor Wilsey, just to be sure.",
module,jrl,Categories/48/EntryList/10/Text,0,-1,"The crypt in the cliffs is inhabited, and the phantom of Liam's Hold is revealed! A dark elf vampire going by the name of Sieronius Dethick is the culprit, and he explained to me that he is bound to remain within the walls of Liam's Hold until freed by his wife, for only she can break the curse that holds him here. Of course, Dethick's wife has been dead for centuries, so he plots to obtain for himself a new one. At the moment that I entered, he was waiting for Xanda to awaken from whatever sleep she is in, in order to complete his marriage ceremony and be free. Sensing the opportunity for some mischief, I suggested that he might like to meet Lula, the vampire wannabe from Daggerford. Dethick agreed.

I need to go and find Lula and see if I can convince her to accompany me back to Dethick's lair.",
module,jrl,Categories/48/EntryList/11/Text,0,-1,"The crypt in the cliffs is inhabited, and the phantom of Liam's Hold is revealed! A dark elf vampire going by the name of Sieronius Dethick is the culprit.

Lying at the vampire's feet was draped the unconscious Xanda, and before he could complete his evil plan, we fought. The presence of the ink on this page gives the truth to my victory over the foul, lifeless beast.",
module,jrl,Categories/48/EntryList/12/Text,0,-1,"Sieronius Dethick and Lula Redcap's marriage was a touching ceremony, although the moment when Lula's soul was wrenched from her body was somewhat more violent than the average punch up between the bride's father and best man! It is done. Dethick is free, and I am the proud possessor of an ancient item of considerable power.",
module,jrl,Categories/48/EntryList/13/Text,0,-1,"The crypt in the cliffs is inhabited, and the phantom of Liam's Hold is revealed! A dark elf vampire going by the name of Sieronius Dethick is the culprit. Lying at the vampire's feet was draped the unconscious Xanda, and it was clear that I was too late to rescue her from his clutches. At least the village will now be free of his threat, as the presence of Xanda was the cure to the curse that has bound him here since ages past.",
module,jrl,Categories/48/EntryList/14/Text,0,-1,Entry015,
module,jrl,Categories/48/EntryList/2/Text,0,-1,Entry003,
module,jrl,Categories/48/EntryList/3/Text,0,-1,"I spoke to Mayor Wilsey about Rab, and she assured me that Rab is on the whole a trustworthy fellow, unlikely to seek attention or become easily flustered. After a few moments, the mayor suggested that I go and talk with Nell the Baker's daughter, Jemmy, who has been having most unusual dreams, just to be sure that the two episodes aren't related. Nell and Jemmy live in the cake shop to the north of the village.",
module,jrl,Categories/48/EntryList/4/Text,0,-1,Entry005,
module,jrl,Categories/48/EntryList/5/Text,0,-1,"I had a very interesting chat with the most unusual Jemmy Kirschtorte. Not only does young Jemmy apparently have a bat familiar going by the name of Mr. Barnabus, but it's also been instrumental in helping to protect mother and daughter from the nocturnal visitations of a ""dream man!"" The more I follow up on Rab's tale, the weirder things seem to be getting...",
module,jrl,Categories/48/EntryList/6/Text,0,-1,Entry007,
module,jrl,Categories/48/EntryList/7/Text,0,-1,"Hegrad, from the night watch, was in discussion with Mayor Wilsey when I entered her office. Apparently, he was on patrol last night with Xanda when they saw a figure skulking in the shadows at the base of the eastern cliffs somewhere between the Holdfast Inn and Rab's house. They gave chase and Hegrad saw the figure disappear in a cloud of smoke, seemingly vanishing into the rock itself! When they later discussed it, Xanda did not seem to remember anything suspicious at all, and Hegrad put it down to the strange tricks that the night can play on you. This morning, however, he headed over to Xanda's house found that and she has vanished!

I should follow this up, and I am sure to find a clue either at the base of the cliffs or in Xanda's house.",
module,jrl,Categories/48/EntryList/8/Text,0,-1,"I found Xanda's diary, and the last entry mentions a strange compulsion to return to the cliffs. It seems that she headed there immediately after writing the entry, not even stopping to eat her breakfast.",
module,jrl,Categories/48/EntryList/9/Text,0,-1,"An illusion covered an entrance to a strange, crypt-like space in the cliffs! I am sure that I am getting close to the heart of this mystery now.",
module,jrl,Categories/48/Name,0,-1,The Phantom of Liam's Hold,
module,jrl,Categories/49/EntryList/0/Text,0,-1,"On the rocky shores of the Blade Cliffs, a poor hedge knight named Sir Griswald lays siege to Castle Exeltis. The siege fares poorly and Sir Griswald cannot breach the castle's thick stone walls. Despite the overwhelming odds against his group of knights, Sir Griswald believes that I can help him take the castle from his hated enemy, Lord Feldran Exeltis.",
module,jrl,Categories/49/EntryList/1/Text,0,-1,"Late one crisp winter night, a beautiful young woman, carrying little more than a chest filled with rare gems, arrived alone in Baldur's Gate. When questioned, the young woman simply identified herself as Princess Soliana of Fanloc, and announced her intentions to seek a husband. Despite her unusual story, many young knights sought to win the princess' hand in marriage. Her two favorite suitors were a noble young lordling named Feldran Exeltis and a poor hedge knight named Sir Griswald. What happened next remains unclear to me; however, Princess Soliana is with Lord Feldran inside Castle Exeltis while Sir Griswald lays siege to the castle, resolutely maintaining that Lord Feldran has imprisoned Soliana against her own wishes. Since Sir Griswald's forces have been unable to breach the castle, I have been asked to find a way to lower the castle's massive drawbridge.",
module,jrl,Categories/49/EntryList/10/Text,0,-1,"By reuniting the two separated lovers, Sir Griswald and Princess Soliana, I have successfully ended the siege of Castle Exeltis. While Lord Feldran lies dead in his courtyard, the two young lovers happily walked away from the castle.",
module,jrl,Categories/49/EntryList/2/Text,0,-1,"Castle Exeltis' pretentious gatekeeper has suggested that Sir Griswald might quit his siege after hearing the good Princess Soliana express her eternal love for the noble Lord Feldran. I have been asked to bring Sir Griswald, alone, to the castle gates tonight at midnight.",
module,jrl,Categories/49/EntryList/3/Text,0,-1,"It was a trap! Griswald's loyal knights were all slain in their sleep while Sir Griswald and I waited in vain at the castle gates for Princess Soliana. Sir Griswald, despairing at the loss of his loyal knights, charged the castle gates and was ruthlessly cut down by a hail of arrows. Princess Soliana and Lord Feldran both remain locked inside Castle Exeltis while Griswald's corpse now rots outside.",
module,jrl,Categories/49/EntryList/4/Text,0,-1,"At Castle Exeltis, I have grown suspicious of the gatekeeper's offer, and have decided not to bring Griswald to the castle gates at midnight. Still, Griswald's forces remain entrenched on the shores of the Blade Cliffs, and I must find a way to lower the castle's massive drawbridge.",
module,jrl,Categories/49/EntryList/5/Text,0,-1,"At the base of the Blade Cliffs, I met an old fisherwoman named Olree. She has told me how to enter Castle Exeltis through a hidden maze of sea caves, which lead into the castle's basement sewage cistern. Princess Soliana and Lord Feldran remain locked inside the castle. I must speak with them both before I can puzzle out the truth behind this curious courtship.",
module,jrl,Categories/49/EntryList/6/Text,0,-1,"Inside Castle Exeltis, I finally encountered the mysterious Lord Feldran. He proved to be nothing more than a pompous fool pretending to be a noble knight. As we dueled, he savagely hurled insults at me, before fleeing like a shameless coward. I must be wary, for he is certain to return with reinforcements. Now, I must find Princess Soliana and learn more about her curious courtship with Lord Feldran and Sir Griswald.",
module,jrl,Categories/49/EntryList/7/Text,0,-1,"After confessing her love for Sir Griswald, Princess Soliana has entrusted me with her strange secret. She is not really a princess, nor is she even a woman. Rather, she is a falcon who was transformed into a young woman by a witch's magic spell. She has asked me to lower the castle drawbridge, so that Sir Griswald might rescue her from Lord Feldran.",
module,jrl,Categories/49/EntryList/8/Text,0,-1,"I have lowered the castle's massive drawbridge, and Sir Griswald's loyal knights have stormed into the inner courtyard. With a single blow from his great sword, Sir Griswald himself took the life of his mortal enemy, Lord Feldran. He then rushed into the castle, desperately calling out the name of his true love, Princess Soliana.",
module,jrl,Categories/49/EntryList/9/Text,0,-1,"After confessing her love for Sir Griswald, Princess Soliana has entrusted me with her strange secret. She is not really a princess, nor is she even a woman. Rather, she is a falcon who was transformed into a young woman by a witch's magic spell. Unfortunately, the beautiful young princess blamed herself for Sir Griswald's death. In the midst of her despair, Soliana transformed herself back into a falcon and flew away from Castle Exeltis, never to return.",
module,jrl,Categories/49/Name,0,-1,The Princess of Fanloc,
module,jrl,Categories/5/EntryList/0/Text,0,-1,"The cattle rustling may be over, and a war band of heavily armed orcs defeated, but things are going from bad to worse for the once untroubled farmers around Daggerford. Hevesar's nephew witnessed his father and many other shepherds being rounded up and captured by yet more orcs, no doubt operating under the instructions of this mysterious ""Master"". The boy also managed to observe the orcs moving west, towards the coastal areas. Hevesar suspects that the orcs must have another base of operations somewhere in the area, and that were I to find this, I would also find the missing shepherds. Obviously, I should start my search as soon as I can in case they are sold to slavers...or worse!",
module,jrl,Categories/5/EntryList/1/Text,0,-1,Entry002,
module,jrl,Categories/5/EntryList/2/Text,0,-1,reserved for astriel clue,
module,jrl,Categories/5/EntryList/3/Text,0,-1,Entry004,
module,jrl,Categories/5/EntryList/4/Text,0,-1,"I have found Jerick and the missing shepherds penned up like cattle in a cliff bottom cave used by smugglers on the Crab's Claw Coast. They are exhausted but most of them remain alive and relatively unhurt. Jerick informed me of the presence of some powerful orcish leaders in a deeper chamber of the caves. I should seek them out and see if I can learn the identity of this ""Master"" once and for all, while simultaneously finding a way to free the captured shepherds.",
module,jrl,Categories/5/EntryList/5/Text,0,-1,Entry006,
module,jrl,Categories/5/EntryList/6/Text,0,-1,"I discovered two tanarukk leaders in conference with the captain of the smuggler's ship I saw outside the sea cave. They fought with incredible ferocity but I was able to defeat them.

After the fight, I scoured the area and discovered a crudely written note alluding to a ""Master"" and a hidden base where the weapons are being transported to. There is more to this than meets the eye. A key on the fallen leader's corpse will likely open the slave pen, and the shepherds should soon be returning to their families.",
module,jrl,Categories/5/EntryList/7/Text,0,-1,"The key from the tanarukk leader was indeed the correct one for the slave pen, and the shepherds have been freed! I should tell Hevesar and his nephew the good news as soon as I can.",
module,jrl,Categories/5/EntryList/8/Text,0,-1,Entry009,
module,jrl,Categories/5/EntryList/9/Text,0,-1,"I have solved the mystery of the disappearing shepherds. The Zhentarim were using a sea cave to drop off weapons and armors for the orcs, the very same shipments that I heard about while investigating the Mariners' Alliance records. Obviously, this conspiracy was to be conducted in secret, and any shepherds who wandered too close to the action were captured and enslaved. With the sea cave discovered, and the leaders killed, the area should be safe for the shepherds once again.",
module,jrl,Categories/5/Name,0,-1,Abducted Shepherds,
module,jrl,Categories/50/EntryList/0/Text,0,-1,"I found the Ghost Smith, the spirit of a long dead master dwarven smith, in a hidden forge in the Upper Halls of Illefarn. The ghost wishes that a sacred stone belonging to his god, Moradin, be found. The stone is surely in Illefarn somewhere.",
module,jrl,Categories/50/EntryList/1/Text,0,-1,Entry002,
module,jrl,Categories/50/EntryList/2/Text,0,-1,I have found Moradin's Stone that the Ghost Smith wished to have returned to him. I should tell the ghost that I now have it in my possession.,
module,jrl,Categories/50/EntryList/3/Text,0,-1,Entry004,
module,jrl,Categories/50/EntryList/4/Text,0,-1,Entry005,
module,jrl,Categories/50/EntryList/5/Text,0,-1,Entry006,
module,jrl,Categories/50/EntryList/6/Text,0,-1,Entry007,
module,jrl,Categories/50/EntryList/7/Text,0,-1,Entry008,
module,jrl,Categories/50/EntryList/8/Text,0,-1,Entry009,
module,jrl,Categories/50/EntryList/9/Text,0,-1,"The Ghost Smith was very pleased at having Moradin's Stone returned to him after so many centuries. As a reward, he has offered to aid me with his crafting skills before his spirit departs this place forever. I may put one item of my choice into his work chest, so that he may use his forge to improve it. I should choose wisely.",
module,jrl,Categories/50/Name,0,-1,The Secret Forge of Illefarn,
module,jrl,Categories/51/EntryList/0/Text,0,-1,"Rain, rain, rain...it gets everywhere. Seeping through the cracks in the wooden beams of the caravan wagon and even down the tops of my boots! It can only mean one thing: I'm back in the Sword Coast. My good friend, Talarenne, and I have been traveling south from Waterdeep for a few days now, and while the incessant rain hasn't dampened our spirits too much, our journey is frequently broken up by detours around flooded roads, uncrossable fords, and now a fallen tree across our path. The portly merchant, Falias, has just woken me to inform me of this latest delay, and as soon as I've finished writing this journal entry, I will go see what Talarenne has to say for herself.",
module,jrl,Categories/51/EntryList/1/Text,0,-1,"What was supposed to have been just a fallen tree has turned out to be a bandit ambush! Worse than that though, Talarenne has been taken by some devious magic, the likes of which I have never seen. This stretch of the Trade Way was not meant to be unsafe, and I fear for Talarenne. After all we have been through together, I miss her more than words can say.",
module,jrl,Categories/51/Name,0,-1,The Story So Far...,
module,jrl,Categories/52/EntryList/0/Text,0,-1,"Astriel is suspicious about the circumstances surrounding Duke Greatshout's death, and I agree with her. The duke was supposed to have been a capable warrior, and the story of him being slain by a wild boar does seem rather unlikely. It is possible that he was caught off-guard but it would have been an extraordinary stroke of bad luck. I should visit the local taverns and attempt to track down some of the others who took part in the hunt to see if any of them are willing to speak.",
module,jrl,Categories/52/EntryList/1/Text,0,-1,"The circumstances surrounding the duke's death are sounding increasingly suspicious. Not only did the wild boar attack during a brief moment when the duke was separated from the rest of the hunting party, but his spear was found lying by the body, with the tip broken off. Apparently, the spear looked to have been sabotaged, and there is even uncertainty about the body, which was so badly mauled that the only way to identify it was by the ducal signet ring on the finger. Astriel is sure to be interested in this, but I doubt she will be surprised.",
module,jrl,Categories/52/EntryList/2/Text,0,-1,"I have told Astriel what I discovered about the highly suspicious circumstances surrounding the duke's death. I was right; she wasn't surprised, and just greeted the news with a knowing look and a forlorn shake of her head.",
module,jrl,Categories/52/Name,0,-1,The Suspicious Death of Duke Greatshout,
module,jrl,Categories/53/EntryList/0/Text,0,-1,"While sampling some of Gildamesh's fares in the Black Stone Inn, he passed along a rumor about some sickly farmers to the south, who are dying in droves. He said I should speak with Liam Sunmist, the priest at the local temple to Lathander in Daggerford.",
module,jrl,Categories/53/EntryList/1/Text,0,-1,"Liam Sunmist, who presides over Daggerford's temple to Lathander, has asked me to investigate what he believes to be an outbreak of vampirism in Gillian's Hill. He recommends that I seek out a local herbalist there, named Mabda, who may be able to provide some information to aid my investigation.",
module,jrl,Categories/53/EntryList/2/Text,0,-1,"The eccentric Mabda believes this outbreak of vampirism marks the return of a long-dead (and now mythical) being known to the local farmers as ""Gothma."" This beast of legend is an enormous vampire bat that preys on the local livestock. If all the legends are true, the giant bat's throne room can be found deep within the bowels of the Gillian's Hill Cemetery. Farmer Callaway gave me a key that should permit me to enter the cemetery's underground catacombs. I must journey there at once!",
module,jrl,Categories/53/EntryList/3/Text,0,-1,"It appears that this ""Gothma"" has little to do with the farmers' plight. A necromancer from the Dalelands, who was in search of more test subjects, apparently followed rumors of a plague outbreak to the small hamlet of Gillian's Hill. Once there, he set up shop in the local cemetery and began exhuming the graves of plague victims. With the help of a bat wing disguise, he was able to use the Gothma legend to his advantage. Since he didn't actually kill anyone, I felt it best to just convince this Daxiong fellow to leave the area and never return. I should return to Liam Sunmist, at the temple to Lathander in Daggerford, to relate the news of my discovery.",
module,jrl,Categories/53/EntryList/4/Text,0,-1,"It appears that this ""Gothma"" has little to do with the farmers' plight. A necromancer from the Dalelands, who was in search of more test subjects, apparently followed rumors of a plague outbreak to the small hamlet of Gillian's Hill. Once there, he set up shop in the local cemetery and began exhuming the graves of plague victims. With the help of a bat wing disguise, he was able to use the Gothma legend to his advantage. Since this Daxiong fellow may actually have been the cause of the supposed ""plague,"" I thought it best to slay him where he stood. I should return to Liam Sunmist, at the temple to Lathander in Daggerford, to relate the news of my discovery.",
module,jrl,Categories/53/EntryList/5/Text,0,-1,"Liam Sunmist was quite surprised to hear of my news about a necromancer setting up shop in the Gillian's Hill Cemetery. However, he is pleased to know that the situation has been resolved. He has gifted me with a medallion that hereafter names me as Favored of Lathander.",
module,jrl,Categories/53/Name,0,-1,The Truth about Vampires,
module,jrl,Categories/54/EntryList/0/Text,0,-1,"It seems I have a talent for attracting those in need. No sooner had I stepped out from the Chateau Elite Inn, than one of the farmers from the lands around Daggerford approached me with an offer of employment, as well as a handsome reward. If I wish to learn more, I must seek out the appointed representative of these farmers, one Hevesar Dimpet. He's currently lodging at the charmingly named Happy Cow Tavern.",
module,jrl,Categories/54/EntryList/1/Text,0,-1,"Well, I've found Hevesar Dimpet. Let's see what he has to say for himself.",
module,jrl,Categories/54/Name,0,-1,There be Trouble Down on the Farm,
module,jrl,Categories/55/EntryList/0/Text,0,-1,"Jared Deathstalker, a cleric of Kelemvor, has spoken with me about an ancient Netherese shrine devoted to Umgatlik, an evil undead creature. The shrine was recently unearthed by Savant Gumbril, a bumbling scholar from Waterdeep. Unfortunately, Gumbril believes that Umgatlik is a lost Netherese god, and relishes the scholarly fame that such an unusual discovery would bring. Jared has asked me to persuade Gumbril that Umgatlik is evil and must not be summoned. I must journey to the Crab's Claw Coast, where Jared will meet me near the shrine's hidden entrance.",
module,jrl,Categories/55/EntryList/1/Text,0,-1,"Vetrixia Nightmaiden, a cleric of Velsharoon, has spoken with me about an ancient Netherese shrine devoted to Umgatlik, a powerful undead creature. The shrine was recently unearthed by Savant Gumbril, a bumbling scholar from Waterdeep. Vetrixia has promised that Umgatlik will reward me if I can persuade Gumbril to summon the creature. I must journey to the Crab's Claw Coast, where Vetrixia will meet me near the shrine's hidden entrance.",
module,jrl,Categories/55/EntryList/2/Text,0,-1,"Along the cliffs of the Crab's Claw Coast, I have entered a hidden shrine devoted to Umgatlik. The shrine was recently unearthed by Savant Gumbril, a bumbling scholar from Waterdeep, who believes that Umgatlik is one of the lost Netherese gods. After seeing the ancient shrine for myself, I am more uncertain than ever about Umgatlik's true nature.",
module,jrl,Categories/55/EntryList/3/Text,0,-1,"Vetrixia Nightmaiden, a cleric of Velsharoon, activated Umgatlik's ritual altar and was slain during the ritual. Amidst the subsequent battle with Umgatlik's twin succubi, the scholar Gumbril was pulled into Umgatlik's mystical portal. I wonder what he has discovered on the other side? I now have a difficult choice: travel through the portal or seal it once and for all.",
module,jrl,Categories/55/EntryList/4/Text,0,-1,"After Vetrixia began the ancient ritual to summon Umgatlik, and was subsequently slain, I destroyed Umgatlik's ritual altar. Without the altar, Umgatlik's summoning ritual can never be completed, and I feel certain that I have prevented a great evil from wreaking havoc across the Sword Coast.",
module,jrl,Categories/55/EntryList/5/Text,0,-1,"I defeated Umgatlik, an ancient, evil undead creature, in combat. Clearly, the scholar Gumbril was mistaken in believing that Umgatlik was one of the lost Netherese gods, a fact for which I am thankful. I'm sure that a bona fide deity would have brushed me aside without even a second thought.",
module,jrl,Categories/55/EntryList/6/Text,0,-1,"By using the ancient ritual altar buried within the hidden shrine, I summoned Umgatlik, a powerful, evil undead creature, and released him to wreak havoc upon the Sword Coast. I'm having a rather good day!",
module,jrl,Categories/55/EntryList/7/Text,0,-1,Entry008,
module,jrl,Categories/55/EntryList/8/Text,0,-1,Entry009,
module,jrl,Categories/55/EntryList/9/Text,0,-1,Entry010,
module,jrl,Categories/55/Name,0,-1,Umgatlik's Shrine,
module,jrl,Categories/56/EntryList/0/Text,0,-1,"Atop the cliffs in the Crab's Claw Coast, I met an odd hermit named Wogbog. The poor fellow has lost his walking stick and seems to be attached to it to such a degree that another piece of wood simply won't do. I told him that I would return it should I find it in my travels. It wouldn't hurt to keep an eye out, I suppose.",
module,jrl,Categories/56/EntryList/1/Text,0,-1,"Not far from Wogbog's squalid camp, I discovered an ancient Netherese shrine devoted to Umgatlik. There, buried under a pile of debris, I found Wogbog's walking stick. The poor fool must have stumbled upon the ancient shrine and lost his stick in the darkness there. I should return it to him.",
module,jrl,Categories/56/EntryList/2/Text,0,-1,"Much to his delight, I returned the hermit Wogbog's precious walking stick. I almost expected him to dance a merry jig of glee until I remembered what it was I had returned to him.",
module,jrl,Categories/56/Name,0,-1,Wogbog's Walking Stick,
module,jrl,Categories/57/Name,0,-1,Working for Astriel,
module,jrl,Categories/58/EntryList/0/Text,0,-1,"Deep beneath my stronghold, I discovered a ruined temple dedicated to Bhaal, Lord of Murder. Xatuum, the resident high priest, lost contact with Bhaal years ago but continues to pray each day, faithfully awaiting a response from his god. Over time, Xatuum's flesh rotted and decayed, but his life is still sustained by his undying faith in Bhaal. Xatuum believes that avengiing a previous assault on the temple will attract Bhaal's attention and favor. To this end, Xatuum has asked me to search for the remains of one of the invaders for clues as to who ordered the incursion. He believes the mortally wounded leader of the attack crawled off to die somewhere within Liam's Hold.",
module,jrl,Categories/58/EntryList/1/Text,0,-1,"I have murdered Maerovyna, priestess of Chauntea, and ripped out her heart, as instructed by the undead high priest who inhabits the lower level of my stronghold. I should return to Xatuum to see if his ritual can awaken Bhaal.",
module,jrl,Categories/58/EntryList/2/Text,0,-1,"Deep beneath my stronghold, I discovered a ruined temple dedicated to Bhaal, Lord of Murder. Xatuum, the resident high priest, lost contact with Bhaal many years ago but continued to pray each day, faithfully awaiting a response from his god. Xatuum performed an arcane ritual using the heart of Maerovyna, priestess of Chauntea, that I dutifully obtained, but even this unholy ceremony failed to attract Bhaal's attention. In a fit of rage, Xatuum turned against me and I was forced to slay him. Somehow, I doubt that even in death Xatuum will be finding much peace.",
module,jrl,Categories/58/EntryList/3/Text,0,-1,"I discovered that the assault on the Temple of Bhaal nearly fifteen years ago was ordered by Maerovyna, High Priestess of the Temple of Chauntea in Daggerford. In order to perform a suitable blood sacrifice in the hope of gaining Bhaal's favor, Xatuum has demanded that I travel to the temple, slay Maerovyna, and bring him her heart!",
module,jrl,Categories/58/EntryList/4/Text,0,-1,"Deep beneath my stronghold, I discovered a ruined temple dedicated to Bhaal, Lord of Murder. Xatuum, the resident high priest, lost contact with Bhaal many years ago but continued to pray each day, faithfully awaiting a response from his god. Xatuum demanded I assist in him in finding a way to gain favor with his god, but I ignored his vile demands and vanquished him. Somehow, I doubt that even in death Xatuum will be finding much peace.",
module,jrl,Categories/58/EntryList/5/Text,0,-1,"Rather than kill the innocent priestess of Chauntea, I am going to attempt to deceive Xatuum and take him the heart of a large boar. Maerovyna informed me that one was recently killed by wolves in the Eastern Farmlands, so I will head there to seek out this poor creature.",
module,jrl,Categories/58/EntryList/6/Text,0,-1,"Deep beneath my stronghold, I discovered a ruined temple dedicated to Bhaal, Lord of Murder. Xatuum, the resident high priest, lost contact with Bhaal many years ago but continued to pray each day, faithfully awaiting a response from his god. Xatuum had instructed me to fetch him the heart of Maerovyna, priestess of Chauntea, but with the help of the priestess I instead duped him with the heart of a wild boar. This corrupted the ensuing unholy ceremony, and adversely affected Xatuum in the process, making his death all the swifter. Somehow, I doubt that even in death Xatuum will be finding much peace.",
module,jrl,Categories/58/Name,0,-1,Xatuum's Time of Troubles,
module,jrl,Categories/6/EntryList/0/Text,0,-1,"Amara Leontyne, the daughter of a Waterdhavian merchant, has asked me to meet her at the Chateau Elite Inn here in Daggerford. Apparently she has an ""offer"" that I should find interesting, and there seems more to this Amara than meets the eye. Not only that, but in an odd way, she reminds me of Talarenne, although the similarity is superficial. I suppose that the only way I will find out how deep the resemblance goes is to go and visit her as requested.",
module,jrl,Categories/6/EntryList/1/Text,0,-1,"There certainly is more to Amara Leontyne than meets the eye, much more indeed! While it is true that she hails from Waterdeep, not only is she an agent for the Lords' Alliance, but her real name is Astriel Shalyn. It now seems clear that Talarenne's disappearance was a case of mistaken identity, and that our attackers were really hunting Astriel.

Astriel has asked that I help her to investigate various suspicious and worrying events in Daggerford.",
module,jrl,Categories/6/Name,0,-1,Amara Leontyne,
module,jrl,Categories/7/EntryList/0/Text,0,-1,"Never have I met a more unwilling criminal than young Davey Halleran, desperate to save his father from the cruel machinations of an evil loan shark. Although I've agreed to help Davey, the only information he's been willing to provide is the loan shark's name, which is ""Vlad."" I shall seek out this Vlad the Loan Shark and see what I can do to remedy the boy's situation.",
module,jrl,Categories/7/EntryList/1/Text,0,-1,"I managed to locate this Vlad character, who also happens to be the proprietor of an antiques shop in Daggerford called Stop Hole Abbey. I agreed to pay off the Hallerans' debts, thus removing any financial ties to Vladmyr. I should head back to the Black Stone Inn and tell Davey the good news.",
module,jrl,Categories/7/EntryList/2/Text,0,-1,"I managed to locate this Vlad character, who also happens to be the proprietor of an antiques shop in Daggerford called Stop Hole Abbey. This antiques dealer and part-time loan shark says he will clear all of the Hallerans' debts if I perform a simple task for him. He wishes for me to travel to Gillian's Hill where I shall find a similar antiques shop owned by a fellow named Torleth. I am to enter the back room of Torleth's shop where I will find a portrait of a young Duke Pwyll Greatshout. Vladmyr wants me to swap the real portrait for a fake he has provided me, thus injuring Torleth's reputation when he tries to put the painting up for auction.",
module,jrl,Categories/7/EntryList/3/Text,0,-1,"I've exchanged the two paintings, as Vladmyr requested. Now I should return the real portrait of Duke Greatshout to Vladmyr, who awaits my return at his shop in Daggerford.",
module,jrl,Categories/7/EntryList/4/Text,0,-1,"I returned the real Duke Greatshout painting to Vladmyr and he seemed extremely pleased to have it in his possession. So much so, that he may have similar work for me in the future. I should return to Davey to tell him that his father's debts have now been cleared.",
module,jrl,Categories/7/EntryList/5/Text,0,-1,"Davey was thrilled, and perhaps a bit humbled, that I helped him out with his father's debts. Hopefully, Davey will manage to keep his father clear of the gaming tables in the days and weeks to come.",
module,jrl,Categories/7/EntryList/6/Text,0,-1,I decided to let Davey and his father fend for themselves with Vladmyr. Maybe it'll teach the elder Halleran a lesson that he shouldn't go borrowing money from shifty loan sharks.,
module,jrl,Categories/7/Name,0,-1,An Uncommon Criminal,
module,jrl,Categories/8/EntryList/0/Text,0,-1,"Astriel's cover in town as the daughter of a merchant is blown, and she has taken flight. As she left, she promised that she would get in touch with me as soon as possible, and pointed me in the direction of Hevesar, the farmers' leader in Liam's Hold. With no other leads or clues as to Talarenne's whereabouts, and the town gates now reopened, it seems as good a place to head as any.",
module,jrl,Categories/8/EntryList/1/Text,0,-1,Entry002,
module,jrl,Categories/8/EntryList/10/Text,0,-1,"I had a talk with Astriel about Teygan the Harper and she encouraged me to seek him out at his base in the Brush of Barbs. He certainly seems pretty keen to meet me. Maybe I am becoming famous? Lacking any other decent leads, I really ought to see what Teygan has got to say for himself.",
module,jrl,Categories/8/EntryList/11/Text,0,-1,"Having told Astriel everything that I discovered in the Trollbark lair, and then traced the plot to a hidden base in Illefarn, we once again part ways. Astriel is traveling back to Waterdeep to discuss events and plans with the masked leaders there, while I am to make my way to Daggerford and talk to Captain Frederick about the location of Illefarn. Once again, Astriel takes flight. I wonder when I will next see her?",
module,jrl,Categories/8/EntryList/2/Text,0,-1,"So, Astriel has returned! Hevesar says that he has seen her in the Holdfast Inn looking for me, and that she is waiting in the former temple on the outskirts of the village. I had better head over there and see if she has any news of Talarenne or something to help me make sense of the plots that have entwined the farming community here.",
module,jrl,Categories/8/EntryList/3/Text,0,-1,I have met Astriel in my stronghold on the outskirts of Liam's Hold. She seems genuinely pleased to see me again.,
module,jrl,Categories/8/EntryList/4/Text,0,-1,Entry005,
module,jrl,Categories/8/EntryList/5/Text,0,-1,"Astriel has pinpointed the location of the orc lair to a clearing in the Trollbark Forest. I am to travel there as soon as I possibly can and seek out evidence of the plans of this ""Master."" It will certainly be a most dangerous trip, deep into troll country, with who knows what awaiting me at my destination. Well, orcs I expect! But what else? Only time will tell...",
module,jrl,Categories/8/EntryList/6/Text,0,-1,Entry007,
module,jrl,Categories/8/EntryList/7/Text,0,-1,"The ""Master"" is revealed and has escaped via a portal that is now inoperative. I should search the area to see if I can find more clues as to what this Gorgomorz hopes to achieve.",
module,jrl,Categories/8/EntryList/8/Text,0,-1,"I have seen the mighty creature Gorgomorz, discovered a letter from a ""Fzoul,"" and battled savage tanarukks. Not a bad day's work really! It's not so long ago that I needed a rest after exchanging a few feints and parries with a rat...although from this point of view, that all seems a bit one-sided now. Well, enough woolgathering. I should really report back to Astriel with all that I have discovered.",
module,jrl,Categories/8/EntryList/9/Text,0,-1,"I reported to Astriel everything that I learned in the lair of Gorgomorz, and particularly the mention of a hidden base somewhere in the area. For now, we still need clues as to where this base might be, and the only possible source she could suggest was one that seems rather unlikely to bear fruit. Apparently, someone called Teygan has recently visited my stronghold, asking to speak with me. I wonder if he will show up again soon?",
module,jrl,Categories/8/Name,0,-1,Astriel Takes Flight,
module,jrl,Categories/9/EntryList/0/Text,0,-1,"Teygan's base was easy to find with his directions, and once there he revealed to me everything that he and his group have discovered about the Zhentarim activities in Daggerford. Apparently, they are disguising themselves as bandits to raid non-Zhentarim caravans, like the one I was traveling with, with a view to gaining an economic stranglehold on trade within the town. Teygan has provided me with the location of their camp, and I am to find and destroy it as soon as I can. The camp is located somewhere within the Lonely Barrens, north of the Brush of Barbs, and will likely be well hidden amongst the trees there.",
module,jrl,Categories/9/EntryList/1/Text,0,-1,I have located and destroyed the camp that Zhentarim bandits have been using to harass the caravans using the Trade Way. I should inform Teygan of my success and I'm sure Astriel will also be interested to learn what I have discovered.,
module,jrl,Categories/9/EntryList/2/Text,0,-1,"Any Zhentarim thinking of acting as would-be bandits will think twice about it now! From Teygan's information, I was able to easily track down and destroy the main camp, scoring our first victory! Unfortunately, it seems that this will just be a minor inconvenience to the Zhentarim, and there will need to be many more in the days ahead.",
module,jrl,Categories/9/Name,0,-1,Bandits Beware!,
