Resource,ResType,FieldPath,LangID,StrRef,TextEng,Text
a2_puzzfloor,dlg,EntryList/0/Text,0,-1,"You gaze at the empty tile, pondering what to do...",
a2_puzzfloor,dlg,EntryList/1/Text,0,-1,What direction would you like the arrow to face?,
a2_puzzfloor,dlg,EntryList/2/Text,0,-1,"You lay the arrow down, snapping it into place on the tiled floor.",
a2_puzzfloor,dlg,EntryList/3/Text,0,-1,There is already an arrow on this tile.,
a2_puzzfloor,dlg,EntryList/4/Text,0,-1,What color do you want the arrow to be?,
a2_puzzfloor,dlg,EntryList/5/Text,0,-1,You change the color of the arrow and consider what to do next.,
a2_puzzfloor,dlg,EntryList/6/Text,0,-1,What direction would you like the arrow to face?,
a2_puzzfloor,dlg,EntryList/7/Text,0,-1,You point the arrow in a new direction and step back to view your progress...,
a2_puzzfloor,dlg,ReplyList/0/Text,0,-1,Lay down a blue arrow.,
a2_puzzfloor,dlg,ReplyList/1/Text,0,-1,Lay down a green arrow.,
a2_puzzfloor,dlg,ReplyList/10/Text,0,-1,Northeast.,
a2_puzzfloor,dlg,ReplyList/11/Text,0,-1,North.,
a2_puzzfloor,dlg,ReplyList/13/Text,0,-1,Leave.,
a2_puzzfloor,dlg,ReplyList/14/Text,0,-1,Change the arrow's color.,
a2_puzzfloor,dlg,ReplyList/15/Text,0,-1,Blue.,
a2_puzzfloor,dlg,ReplyList/16/Text,0,-1,Green.,
a2_puzzfloor,dlg,ReplyList/17/Text,0,-1,Red.,
a2_puzzfloor,dlg,ReplyList/18/Text,0,-1,Change the arrow's direction.,
a2_puzzfloor,dlg,ReplyList/19/Text,0,-1,Northwest.,
a2_puzzfloor,dlg,ReplyList/2/Text,0,-1,Lay down a red arrow.,
a2_puzzfloor,dlg,ReplyList/20/Text,0,-1,West.,
a2_puzzfloor,dlg,ReplyList/21/Text,0,-1,Southwest.,
a2_puzzfloor,dlg,ReplyList/22/Text,0,-1,South.,
a2_puzzfloor,dlg,ReplyList/23/Text,0,-1,Southeast.,
a2_puzzfloor,dlg,ReplyList/24/Text,0,-1,East.,
a2_puzzfloor,dlg,ReplyList/25/Text,0,-1,Northeast.,
a2_puzzfloor,dlg,ReplyList/26/Text,0,-1,North.,
a2_puzzfloor,dlg,ReplyList/27/Text,0,-1,Clear the tile.,
a2_puzzfloor,dlg,ReplyList/3/Text,0,-1,Leave.,
a2_puzzfloor,dlg,ReplyList/4/Text,0,-1,Northwest.,
a2_puzzfloor,dlg,ReplyList/5/Text,0,-1,West.,
a2_puzzfloor,dlg,ReplyList/6/Text,0,-1,Southwest.,
a2_puzzfloor,dlg,ReplyList/7/Text,0,-1,South.,
a2_puzzfloor,dlg,ReplyList/8/Text,0,-1,Southeast.,
a2_puzzfloor,dlg,ReplyList/9/Text,0,-1,East.,
dg_arrow,dlg,EntryList/0/Text,0,-1,Before you rests a large arrow.,
dg_arrow,dlg,ReplyList/0/Text,0,-1,Leave.,
dg_arrow,dlg,ReplyList/1/Text,0,-1,Rotate the column.,
dg_arrow,dlg,ReplyList/2/Text,0,-1,Rotate the row.,
id1_angel,dlg,EntryList/0/Text,0,-1,"Wow, you made a pretty big mistake to end up here. I hope you're not trying to steal a dungeon or something...",
id1_angel,dlg,EntryList/1/Text,0,-1,I'll send you back to the warehouse just in case.,
id1_baccha,dlg,EntryList/0/Text,0,-1,"The hunt has begun and the prey is in our lair! To arms, my friends! To teeth and claws and paws! What fun!",
id1_baccha,dlg,EntryList/1/Text,0,-1,"Hold! Let us parlay, that I might speak my piece before you wrest the very life from my body. Let us duel with words, to see if some mutual benefit might be found.",
id1_baccha,dlg,EntryList/10/Text,0,-1,"His friend was Halaster, then a young but still powerful mage. I confided my fears to Halaster when he told me about the lycanthropy. He offered me a potion that he used to keep himself young, warning that it was terribly addictive.",
id1_baccha,dlg,EntryList/11/Text,0,-1,"I took the potion and became addicted, but Halaster went mad and I ended up following him here, in hopes of getting the recipe for the potion. He trapped me here and forced me to fight for him, in return for the potion.",
id1_baccha,dlg,EntryList/12/Text,0,-1,"This is not a natural setting for a man of my tastes and I long to leave here and never return. My spirit cries out for the feel of the grass, the sounds of the forest, the scent of the prey and the taste of wine.",
id1_baccha,dlg,EntryList/13/Text,0,-1,"The Baccha family was notorious for our parties. These were revelries where drinking was the path, and pleasure the only goal. Friends would come for miles around and stay for weeks, even months. All of noble birth, plus those who amused us, were invited.",
id1_baccha,dlg,EntryList/14/Text,0,-1,"I suppose there were a few of those. Well, truthfully, we weren't terribly selective: whores, poets, bards, clowns, clumsy peasants and other oddities to upper-class society.",
id1_baccha,dlg,EntryList/15/Text,0,-1,"It could be. Truthfully, we weren't terribly selective about who could come to our parties: whores, poets, bards, clowns, clumsy peasants and other oddities to upper-class society were all invited.",
id1_baccha,dlg,EntryList/16/Text,0,-1,"Our favorite activity, besides wenching... no, even more than wenching, was to get terribly drunk and then go hunting. We were young and foolish, and we did love roasting boar on a spit.",
id1_baccha,dlg,EntryList/17/Text,0,-1,"But that night, our prey seemed smarter than normal, as difficult to tell as that is when drunk. The beast got the better of me and gored me horribly. It spilled my guts and I thought I would surely die.",
id1_baccha,dlg,EntryList/18/Text,0,-1,"True. I was weak and spent months in bed, contemplating my own mortality and becoming irrationally fearful of death. My father was greatly concerned with my inability to heal, so he called for a friend of his, a young but powerful wizard named Halaster.",
id1_baccha,dlg,EntryList/19/Text,0,-1,"That was a long time ago, and my lycanthropy adds to my skill in battle considerably. I was no slouch at hunting back then, either. The prey was just more intelligent this time.",
id1_baccha,dlg,EntryList/2/Text,0,-1,"I yield to you, in supplication most proper towards an enemy so skilled. I have given my all, to the very letter of the deal, and the mad fool of a wizard cannot deny that I did my best to slay you.  ",
id1_baccha,dlg,EntryList/20/Text,0,-1,"I was weak and spent months in bed, contemplating my own mortality and becoming irrationally fearful of death. My father was greatly concerned with my inability to heal, so he called for a friend of his, a powerful wizard named Halaster.",
id1_baccha,dlg,EntryList/21/Text,0,-1,"Halaster discovered that I was a lycanthrope, which pleased me. When I told him what I truly feared, he offered me hope, in the form of a potion of youth. I was warned that it was also a poison, but I didn't care, since he had an antidote. He gave me a small dose, and I was back to my old self.",
id1_baccha,dlg,EntryList/22/Text,0,-1,"That is an insightful way of looking at it. Yes, my friends and I returned to our wild lifestyle, and I made them drink the potion as part of our joining ritual. An eternal revelry. But the antidote was only temporary - and Halaster moved here, Undermountain. ",
id1_baccha,dlg,EntryList/23/Text,0,-1,"Of course, I was still a lycanthrope, but my friends and I returned to our wild lifestyle, and I made them drink the potion as part of our joining ritual. An eternal revelry. But the antidote was only temporary - and Halaster moved here, Undermountain. ",
id1_baccha,dlg,EntryList/24/Text,0,-1,"We followed, begging, asking, demanding that he tell us how to make the antidote. Instead he simply laughed and forced us to live here and fight for his amusement, in exchange for the potion. And that is my tale.",
id1_baccha,dlg,EntryList/25/Text,0,-1,"Halaster brews the potion somewhere else in this horrid dungeon, in another lieutenant's realm. I have not been able to determine where he keeps the recipe, but there is a certain smell in the air from the brewing process. I have a totem, an extension of myself, that you could take with you.",
id1_baccha,dlg,EntryList/26/Text,0,-1,"Halaster has made certain that I cannot leave this room without taking great damage, but if I had the recipe, I could brew the drink I need to keep me healthy. This would make it possible for me to leave... I hope. I must take that chance. We must not be caged!",
id1_baccha,dlg,EntryList/27/Text,0,-1,"Be straightforward with me, that I might know my fate.",
id1_baccha,dlg,EntryList/28/Text,0,-1,Then perhaps Malar will! I will be caged no longer!,
id1_baccha,dlg,EntryList/29/Text,0,-1,"Excellent. Here is a totem I carved of myself. Just use it and you shall be able to converse with me. Malar help you in your hunt. Oh, one more thing before you leave.",
id1_baccha,dlg,EntryList/3/Text,0,-1,"Please, have mercy. I know that your blood must boil with the desire to kill me, for I would feel no different myself. Yet I ask that you listen to my tale and perhaps we can find some common ground, aye? Of course we can!",
id1_baccha,dlg,EntryList/30/Text,0,-1,"There is still a long way to go before you can face Halaster. Help me in this and I will help you reach him. I look forward to your battles against my peers, and more, my superiors.",
id1_baccha,dlg,EntryList/31/Text,0,-1,"I know that you have defeated the rest of my peers, but soon you will face the Inner Circle, his elite generals. I will help you in your battle against them. Help me and I will willingly help you.",
id1_baccha,dlg,EntryList/32/Text,0,-1,"There now, I have opened a portal that shall transport you back to the surface, where you can find another entrance into a different part of Undermountain. Best of luck!",
id1_baccha,dlg,EntryList/33/Text,0,-1,"Once I have the recipe, I will be free of Halaster's control, and I will give you part of my life force, my incredible speed, for the rest of your life. I offer you the one thing that has set me above the pack.",
id1_baccha,dlg,EntryList/34/Text,0,-1,"While I have rarely been curious about anything beyond pleasure, I  know that some value it above gold or wine. Ask your questions and I will do my best to answer.",
id1_baccha,dlg,EntryList/35/Text,0,-1,"The revelries will continue, though far from here. I will not have the life potion to give out, so no more will be poisoned. Pleasure and freedom are all that I seek. Why, what would you have me do?",
id1_baccha,dlg,EntryList/36/Text,0,-1,Just curious about my plans? Very well. Now you know. We wish only to put great distance between Halaster and ourselves. We shall revel in our freedom!,
id1_baccha,dlg,EntryList/37/Text,0,-1,"Chaos can be pleasurable, though never a goal I sought in and of itself. If that is your demand for my freedom then I shall do as you ask. I shall reap chaos such as this world has never known.",
id1_baccha,dlg,EntryList/38/Text,0,-1,"That is very much my goal. We were never interested in destroying others, though some were hurt when they got in our way. I never found great pleasure in killing or hurting the innocent. ",
id1_baccha,dlg,EntryList/39/Text,0,-1,"That is... not something I had ever considered. I suppose that my freedom could be worth a little do-gooding. Very well, I promise to try to help others. Perhaps I shall find pleasure in the deed. ",
id1_baccha,dlg,EntryList/4/Text,0,-1,"Too true, too true. The drink was upon me. I know that your blood must boil with the desire to kill me, for I would feel no different myself. Yet I ask that you listen to my tale and perhaps we can find some common ground, aye? Of course we can!",
id1_baccha,dlg,EntryList/40/Text,0,-1,Have you any other questions?,
id1_baccha,dlg,EntryList/41/Text,0,-1,"What I know about Halaster is very little. When I met him first, he was sympathetic, ready to help and generally very cheerful. When he brewed potions for me, his mood was always different. Sometimes he was brusque and cold. Other times he seemed angry.",
id1_baccha,dlg,EntryList/42/Text,0,-1,"Those who think that Halaster has only recently gone mad just haven't known him long enough. Certainly he seems to be worse lately, but he has been off-kilter for centuries. Other questions?",
id1_baccha,dlg,EntryList/43/Text,0,-1,"I pace these rooms like a trapped animal, and then I realize that it's not just a clever simile, but that my essence is that of a wild animal! I am not like a trapped animal, I *am* a trapped animal. No wonder my soul is so restless. Is there something you wanted?",
id1_baccha,dlg,EntryList/44/Text,0,-1,May Malar grant you the skill of the hunter and the fury of the hunted.,
id1_baccha,dlg,EntryList/45/Text,0,-1,"What would you like, my head? An arm, perhaps? I offer you a powerful boon, which cannot be truly given until I am free of my old master.",
id1_baccha,dlg,EntryList/46/Text,0,-1,"Halaster has a recipe for a potion, an antidote, that keeps me alive. If I had that recipe, then I would be able to join you in battle and not be dependent on Halaster's moments of sanity when he remembers to brew the drink.",
id1_baccha,dlg,EntryList/47/Text,0,-1,"I pace these rooms like a trapped animal, and then I realize that it's not just a clever simile, but that my essence is that of a wild animal! I am not like a trapped animal, I *am* a trapped animal. But now you have the recipe and the wild hunt may begin again!",
id1_baccha,dlg,EntryList/48/Text,0,-1,"What could you possibly want it for? This is not the elixir that grants eternal, if flawed, life. It is only an antidote for a poison you have never sipped.",
id1_baccha,dlg,EntryList/49/Text,0,-1,"You have the word of Lord Antoine Baccha, Vizier de Guise! That is sacrosanct and binding. Any who know of me know that when I give my word, I hold to it! I will assist you, just give me the cure, please!",
id1_baccha,dlg,EntryList/5/Text,0,-1,"You certainly have. I know that your blood must boil with the desire to kill me, for I would feel no different myself. Yet I ask that you listen to my tale and perhaps we can find some common ground, aye? Of course we can!",
id1_baccha,dlg,EntryList/50/Text,0,-1,"I will not remain a prisoner here! My soul cries out for freedom, even if it means my death!",
id1_baccha,dlg,EntryList/51/Text,0,-1,"Use the totem and you shall have the speed of a rushing boar, for all your life. It is all the power I can grant you; I hope that it is sufficient. Now, we are free! Malar aid you in your hunt.",
id1_baccha,dlg,EntryList/52/Text,0,-1,"I was told that one of his clones has expired, but that does nothing for me, except give me some small measure of pleasure. Without the recipe, I am still trapped here. Please, give me the recipe.",
id1_baccha,dlg,EntryList/6/Text,0,-1,"Then I shall fight you to death, if I must! On guard, peasant!",
id1_baccha,dlg,EntryList/7/Text,0,-1,"The name is Lord Antoine Baccha, Vizier de Guise, and I wish it was a great pleasure to meet you, but I have only been defeated so soundly once before. The first time I was a dead-drunk mortal and was attacked by a lycanthrope.",
id1_baccha,dlg,EntryList/8/Text,0,-1,"Halaster brews the potion I need somewhere else in this horrid dungeon. I have not been able to determine where he keeps the recipe, but there is a certain smell in the air from the brewing process. I have an artifact, an extension of myself, that you could take with you.",
id1_baccha,dlg,EntryList/9/Text,0,-1,"I and my friends were drunk and went hunting. I was attacked by a were-boar and infected with lycanthropy. While bedridden and grievously ill, I began to fear my mortality. My father became worried about my apparent lack of rehabilitation and called on a powerful friend.",
id1_baccha,dlg,ReplyList/0/Text,0,-1,I have a sudden inclination to disembowel you.,
id1_baccha,dlg,ReplyList/1/Text,0,-1,Your feeble efforts were no match for my power!,
id1_baccha,dlg,ReplyList/12/Text,0,-1,Tell me what happened.,
id1_baccha,dlg,ReplyList/14/Text,0,-1,You mean those whose lack of social graces could be laughed at?,
id1_baccha,dlg,ReplyList/16/Text,0,-1,Sounds like fun.,
id1_baccha,dlg,ReplyList/18/Text,0,-1,Go on.,
id1_baccha,dlg,ReplyList/2/Text,0,-1,"You were a challenge, but I have bested you fairly.",
id1_baccha,dlg,ReplyList/20/Text,0,-1,"Well, alcohol does tend to lower one's reflexes.",
id1_baccha,dlg,ReplyList/22/Text,0,-1,Gutted by a swine and you thought you could challenge me?,
id1_baccha,dlg,ReplyList/24/Text,0,-1,Yet you survived.,
id1_baccha,dlg,ReplyList/26/Text,0,-1,But you were still a were-creature.,
id1_baccha,dlg,ReplyList/27/Text,0,-1,"So you look at this lycanthropy as an extension of your old self, do you?",
id1_baccha,dlg,ReplyList/29/Text,0,-1,"Better than your old self, I would say. More powerful than ever.",
id1_baccha,dlg,ReplyList/3/Text,0,-1,I think I'd rather kill you.,
id1_baccha,dlg,ReplyList/30/Text,0,-1,Really?,
id1_baccha,dlg,ReplyList/32/Text,0,-1,I've heard enough. Time for me to kill you.,
id1_baccha,dlg,ReplyList/33/Text,0,-1,And what do you want from me?,
id1_baccha,dlg,ReplyList/34/Text,0,-1,So now you work for him?,
id1_baccha,dlg,ReplyList/36/Text,0,-1,I have made a decision.,
id1_baccha,dlg,ReplyList/37/Text,0,-1,I think I am just going to kill you.,
id1_baccha,dlg,ReplyList/38/Text,0,-1,I can't help you.,
id1_baccha,dlg,ReplyList/40/Text,0,-1,I will help you find the recipe.,
id1_baccha,dlg,ReplyList/45/Text,0,-1,What kind of reward can you offer?,
id1_baccha,dlg,ReplyList/46/Text,0,-1,I have some questions for you.,
id1_baccha,dlg,ReplyList/47/Text,0,-1,What would you do if I helped you leave here?,
id1_baccha,dlg,ReplyList/48/Text,0,-1,Do as you think best. I care little.,
id1_baccha,dlg,ReplyList/5/Text,0,-1,I suppose I could listen.,
id1_baccha,dlg,ReplyList/50/Text,0,-1,Go forth and bring chaos to the world!,
id1_baccha,dlg,ReplyList/52/Text,0,-1,Just be free and try not to hurt others.,
id1_baccha,dlg,ReplyList/54/Text,0,-1,Protect the innocent and use your powers for good.,
id1_baccha,dlg,ReplyList/56/Text,0,-1,Can you tell me what Halaster used to be like?,
id1_baccha,dlg,ReplyList/58/Text,0,-1,I should be going.,
id1_baccha,dlg,ReplyList/6/Text,0,-1,Who are you?,
id1_baccha,dlg,ReplyList/60/Text,0,-1,"I have decided to kill you, instead.",
id1_baccha,dlg,ReplyList/61/Text,0,-1,Could I get part of my reward now?,
id1_baccha,dlg,ReplyList/62/Text,0,-1,Could you remind me what I am looking for?,
id1_baccha,dlg,ReplyList/63/Text,0,-1,I'm thinking of keeping it.,
id1_baccha,dlg,ReplyList/64/Text,0,-1,I don't know that I can trust you.,
id1_baccha,dlg,ReplyList/65/Text,0,-1,You can't have it.,
id1_baccha,dlg,ReplyList/66/Text,0,-1,"I figure if I have it, I control you.",
id1_baccha,dlg,ReplyList/67/Text,0,-1,I just don't want you to have it.,
id1_baccha,dlg,ReplyList/69/Text,0,-1,As for my reward?,
id1_baccha,dlg,ReplyList/7/Text,0,-1,I think I am just going to kill you.,
id1_baccha,dlg,ReplyList/70/Text,0,-1,Here is the recipe.,
id1_baccha,dlg,ReplyList/72/Text,0,-1,Halaster is dead.,
id1_baccha,dlg,ReplyList/8/Text,0,-1,I don't care about your problems; just tell me what you want.,
id1_baccha,dlg,ReplyList/9/Text,0,-1,Can you sum up your problems?,
id1_caster,dlg,EntryList/0/Text,0,-1,<CUSTOM5080>,
id1_caster,dlg,EntryList/1/Text,0,-1,<CUSTOM5085>,
id1_caster,dlg,EntryList/2/Text,0,-1,<CUSTOM5083>,
id1_caster,dlg,EntryList/3/Text,0,-1,<CUSTOM5084>,
id1_caster,dlg,EntryList/4/Text,0,-1,<CUSTOM5081>,
id1_caster,dlg,EntryList/5/Text,0,-1,<CUSTOM5082>,
id1_caster,dlg,ReplyList/0/Text,0,-1,I don't need anything right now.,
id1_caster,dlg,ReplyList/10/Text,0,-1,I want healing.,
id1_caster,dlg,ReplyList/2/Text,0,-1,I would like you to cast a spell on me.,
id1_caster,dlg,ReplyList/3/Text,0,-1,I don't need anything right now.,
id1_caster,dlg,ReplyList/4/Text,0,-1,<CUSTOM5094>,
id1_caster,dlg,ReplyList/5/Text,0,-1,<CUSTOM5093>,
id1_caster,dlg,ReplyList/6/Text,0,-1,<CUSTOM5092>,
id1_caster,dlg,ReplyList/7/Text,0,-1,<CUSTOM5091>,
id1_caster,dlg,ReplyList/8/Text,0,-1,<CUSTOM5090>,
id1_crstpzzl_hnt,dlg,EntryList/0/Text,0,-1,"It is written: 
Some bloody gnome came up with this,
But there were parts that were amiss,
I changed the sights to red, blue, green,
Now light the orbs and make them shine clean.
The arrows add their colored light,
Mix and match until you get it right
The prize will show when all glow true,
Then something special will come to the winner.
",
id1_drctngrd_hnt,dlg,EntryList/0/Text,0,-1,"It is written: 
Don't play with bouncing balls inside,
Is what they always said, but lied,
For bouncing balls is often fun,
And if you aim things right, it can be done.
Down the rows the balls run through,
Align them all, in columns true,
When the statue breaks, don't you run,
You'll find the prize, once you've beaten it.",
id1_follower,dlg,EntryList/0/Text,0,-1,What do you need?,
id1_follower,dlg,EntryList/1/Text,0,-1,Are you sure you want me to leave? I doubt we'll meet again.,
id1_follower,dlg,EntryList/10/Text,0,102765,I will try my best to get past any locks.,"그가 어깨를 으쓱합니다. ""필요하면 두들겨서 열 수는 있어. 그 점에선 은밀함은 기대하지 마."""
id1_follower,dlg,EntryList/11/Text,0,102766,"Where would you have me, then?","""그럼 어디에 있으면 될까요?"""
id1_follower,dlg,EntryList/12/Text,0,102767,Right!,그가 아무 말 없이 동의하며 고개를 끄덕입니다.
id1_follower,dlg,EntryList/13/Text,0,102768,"Jump right into the fray, got it.","그가 고개를 끄덕입니다. ""믿기 힘들겠지만, 전투의 한복판으로 돌진할 때 가장 효과적이에요."""
id1_follower,dlg,EntryList/14/Text,0,102769,"I won't rush into combat, unless you need help.","""말씀대로 뒤를 지키며 따르겠습니다."""
id1_follower,dlg,EntryList/15/Text,0,-1,Any other changes?,
id1_follower,dlg,EntryList/16/Text,0,-1,"I guess you're the boss, for now. What do you need?",
id1_follower,dlg,EntryList/17/Text,0,101787,Which spell did you want me to cast?,"""제 마법은 당신이 사용하실 수 있어요. 어떤 주문을 시전하길 원하세요?"""
id1_follower,dlg,EntryList/18/Text,0,101788,An interesting choice. Are you certain about that?,"""확실하세요?"""
id1_follower,dlg,EntryList/19/Text,0,101791,"What were you looking for, short or long term spells?","""현명한 결정이에요. 많은 전투가 준비 부족으로 패배하죠. 어떤 종류의 강화 주문을 시전하길 원하세요?"""
id1_follower,dlg,EntryList/2/Text,0,102758,How would you like me to act?,"""어떻게 행동해야 하는지 말씀해주시면 그렇게 노력하겠습니다."""
id1_follower,dlg,EntryList/20/Text,0,101789,Who is the target of my casting?,"""그럼 제 마법의 대상은 누구여야 하나요?"""
id1_follower,dlg,EntryList/21/Text,0,101790,I shall do my best.,"""금방 끝날 거예요."""
id1_follower,dlg,EntryList/22/Text,0,102771,I can take a look. No promises.,"""마법 지식은 심연에 있을 때 들은 몇 가지 이야기에 국한되어 있어요. 가지고 있는 것들을 살펴보고 알아보는 게 있으면 말씀드릴게요... 하지만 별로 자신 없어요."""
id1_follower,dlg,EntryList/23/Text,0,-1,Was there anything else you wanted?,
id1_follower,dlg,EntryList/24/Text,0,102770,If that's what you want.,그가 배낭을 벗어 아무 말 없이 당신에게 건넵니다.
id1_follower,dlg,EntryList/25/Text,0,-1,I'm perfectly fine. Thank you for asking.,
id1_follower,dlg,EntryList/26/Text,0,-1,I can feel some kind of poison burning in my blood.,
id1_follower,dlg,EntryList/27/Text,0,-1,"I am in a little pain, but nothing a short rest couldn't cure.",
id1_follower,dlg,EntryList/28/Text,0,-1,"I'm on the brink of death. I need healing, badly.",
id1_follower,dlg,EntryList/3/Text,0,-1,Good enough. What else?,
id1_follower,dlg,EntryList/4/Text,0,102759,No touching the traps. Right.,"""좋아요. 제가 함정을 '해제'하는 방법을 생각하면 훨씬 덜 고통스럽겠네요."""
id1_follower,dlg,EntryList/5/Text,0,102760,I will do my best to get rid of any traps we spot.,"그가 눈썹을 치켜올리며 반쯤 웃습니다. ""내가 할 수 있다고 생각하면 해보지."""
id1_follower,dlg,EntryList/6/Text,0,102761,No more stealth. Right.,"그가 고개를 끄덕입니다. ""어차피 실제로 탐지를 피하고 있었던 건 아니니까요."""
id1_follower,dlg,EntryList/7/Text,0,102762,"I will be in the shadows, should you need me.","""그럼 전투가 시작될 때까지 최대한 조용히 할게요."""
id1_follower,dlg,EntryList/8/Text,0,102763,Right. Stay quiet and out of sight.,"그가 잠깐 비웃습니다. ""난 그림자 속에 숨는 자가 아니야, <FirstName>, 하지만 네게 도움이 된다면 양동이를 발로 차는 건 피하도록 노력할게."""
id1_follower,dlg,EntryList/9/Text,0,102764,I'll leave that to you.,"""그렇게 하죠. 어차피 자물쇠를 부숴야 할 테니까요."""
id1_follower,dlg,ReplyList/0/Text,0,103358,"Thanks, that's everything.","""신경 쓰지 마."""
id1_follower,dlg,ReplyList/1/Text,0,103359,I don't need your help anymore.,"""우리 헤어져야 할 것 같아."""
id1_follower,dlg,ReplyList/10/Text,0,103367,Don't try to be stealthy anymore.,"""이제 은밀하게 행동하지 마."""
id1_follower,dlg,ReplyList/100/Text,0,102379,Displacement.,"""변위."""
id1_follower,dlg,ReplyList/101/Text,0,102380,Dispel Magic.,"""주문해제."""
id1_follower,dlg,ReplyList/102/Text,0,102381,Death Ward.,"""죽음 방비."""
id1_follower,dlg,ReplyList/103/Text,0,102382,Death Armor.,"""죽음의 갑옷."""
id1_follower,dlg,ReplyList/104/Text,0,102383,Create Undead.,"""언데드 생성."""
id1_follower,dlg,ReplyList/105/Text,0,102384,Continual Flame.,"""영속 불꽃."""
id1_follower,dlg,ReplyList/106/Text,0,102385,Clarity.,"""맑은 정신."""
id1_follower,dlg,ReplyList/107/Text,0,102386,Cat's Grace.,"""고양이의 우아함."""
id1_follower,dlg,ReplyList/108/Text,0,102387,Bull's Strength.,"""황소의 근력."""
id1_follower,dlg,ReplyList/109/Text,0,102403,Bless.,"""축복."""
id1_follower,dlg,ReplyList/110/Text,0,102404,Animate Dead.,"""시체 조종."""
id1_follower,dlg,ReplyList/111/Text,0,-1,"Oops, wrong spell. Let me pick another one.",
id1_follower,dlg,ReplyList/112/Text,0,102373,"Yes, go ahead.","""그래, 계속해."""
id1_follower,dlg,ReplyList/113/Text,0,102405,Aid.,"""지원."""
id1_follower,dlg,ReplyList/114/Text,0,102406,I need you to cast some buffing spells.,"""강화 주문들을 시전해야겠어."""
id1_follower,dlg,ReplyList/115/Text,0,-1,I've changed my mind.,
id1_follower,dlg,ReplyList/116/Text,0,102408,Give me everything you've got.,"""가진 강화 주문 전부 시전해."""
id1_follower,dlg,ReplyList/117/Text,0,102409,Cast your long-term buffing spells.,"""지속시간이 긴 강화 주문 전부 시전해."""
id1_follower,dlg,ReplyList/118/Text,0,102410,Cast your short duration buffing spells.,"""지속시간이 짧은 강화 주문 전부 시전해."""
id1_follower,dlg,ReplyList/119/Text,0,102389,Target all the party members.,"""모든 파티원에게 시전해."""
id1_follower,dlg,ReplyList/12/Text,0,103368,"Stay stealthy, but only until the next fight.","""은밀하게 행동해, 하지만 다음 전투까지만."""
id1_follower,dlg,ReplyList/120/Text,0,102394,Target yourself.,"""<CUSTOM77105>에게 시전해."""
id1_follower,dlg,ReplyList/121/Text,0,102399,Target my animal companion.,"""내 동물 동료에게 시전해."""
id1_follower,dlg,ReplyList/122/Text,0,102400,Target my familiar.,"""내 사역마에게 시전해."""
id1_follower,dlg,ReplyList/123/Text,0,102401,Target me.,"""나에게 시전해."""
id1_follower,dlg,ReplyList/124/Text,0,102402,Target yourself.,"""너 자신에게 시전해."""
id1_follower,dlg,ReplyList/126/Text,0,103379,Can you identify my equipment?,"""내 장비를 감정해줄 수 있어?"""
id1_follower,dlg,ReplyList/128/Text,0,103378,I want to adjust your equipment.,"""장비를 조정했으면 해."""
id1_follower,dlg,ReplyList/130/Text,0,-1,How are you feeling right now?,
id1_follower,dlg,ReplyList/14/Text,0,103369,Try to remain stealthy all the time.,"""항상 은밀하게 행동하도록 해."""
id1_follower,dlg,ReplyList/16/Text,0,103370,Don't help me if I fail to open a locked door or chest.,"""잠긴 문이나 상자를 여는 데 실패하면 돕지 마."""
id1_follower,dlg,ReplyList/18/Text,0,103371,Help me if I fail to open a locked door or chest.,"""잠긴 문이나 상자를 여는 데 실패하면 도와줘."""
id1_follower,dlg,ReplyList/2/Text,0,-1,Stay with me.,
id1_follower,dlg,ReplyList/20/Text,0,103372,I want to change the distance you stay away from me.,"""나와의 거리를 조정했으면 좋겠어."""
id1_follower,dlg,ReplyList/21/Text,0,103373,Stay a long distance away.,먼 거리를 유지해.
id1_follower,dlg,ReplyList/22/Text,0,103374,Keep a medium distance.,중간 거리를 유지해.
id1_follower,dlg,ReplyList/23/Text,0,103375,Stay close.,가까이 있어.
id1_follower,dlg,ReplyList/25/Text,0,103376,Go ahead and attack as soon as you see enemies.,"""적을 보는 즉시 공격해."""
id1_follower,dlg,ReplyList/27/Text,0,103377,Defend me and don't attack until I do.,"""날 방어하고 내가 공격하기 전까지 공격하지 마."""
id1_follower,dlg,ReplyList/29/Text,0,-1,I need you to do something for me.,
id1_follower,dlg,ReplyList/3/Text,0,-1,Leave me.,
id1_follower,dlg,ReplyList/30/Text,0,102306,I need you to cast a specific spell.,"""주문을 시전해줘야겠어."""
id1_follower,dlg,ReplyList/31/Text,0,102308,Ultravision.,"""초시야."""
id1_follower,dlg,ReplyList/32/Text,0,102309,True Seeing.,"""진실의 시야."""
id1_follower,dlg,ReplyList/33/Text,0,102310,Summon Creature IX.,"""생명체 소환 9."""
id1_follower,dlg,ReplyList/34/Text,0,102311,Summon Creature VIII.,"""생명체 소환 8."""
id1_follower,dlg,ReplyList/35/Text,0,102312,Summon Creature VII.,"""생명체 소환 7."""
id1_follower,dlg,ReplyList/36/Text,0,102313,Summon Creature VI.,"""생명체 소환 6."""
id1_follower,dlg,ReplyList/37/Text,0,102314,Summon Creature V.,"""생명체 소환 5."""
id1_follower,dlg,ReplyList/38/Text,0,102315,Summon Creature IV.,"""생명체 소환 4."""
id1_follower,dlg,ReplyList/39/Text,0,102316,Summon Creature III.,"""생명체 소환 3."""
id1_follower,dlg,ReplyList/4/Text,0,103363,I want to change your tactics.,"""전술을 바꿨으면 좋겠어."""
id1_follower,dlg,ReplyList/40/Text,0,102317,Summon Creature II.,"""생명체 소환 2."""
id1_follower,dlg,ReplyList/41/Text,0,102318,Summon Creature I.,"""생명체 소환 1."""
id1_follower,dlg,ReplyList/42/Text,0,102319,Stoneskin.,"""돌 피부."""
id1_follower,dlg,ReplyList/43/Text,0,102320,Spell Resistance.,"""주문 저항."""
id1_follower,dlg,ReplyList/44/Text,0,102321,Spell Mantle.,"""주문 망토."""
id1_follower,dlg,ReplyList/45/Text,0,102322,Shield of Faith.,"""믿음의 방패."""
id1_follower,dlg,ReplyList/46/Text,0,102323,Shield.,"""방패."""
id1_follower,dlg,ReplyList/47/Text,0,102324,Shadow Shield.,"""그림자 방패."""
id1_follower,dlg,ReplyList/48/Text,0,102325,See Invisibility.,"""투명 간파."""
id1_follower,dlg,ReplyList/49/Text,0,102326,Sanctuary.,"""성역."""
id1_follower,dlg,ReplyList/5/Text,0,103364,I don't want to change any of your other tactics right now.,"""지금은 다른 건 바꾸고 싶지 않아."""
id1_follower,dlg,ReplyList/50/Text,0,102327,Restoration.,"""회복."""
id1_follower,dlg,ReplyList/51/Text,0,102328,Resistance.,"""저항."""
id1_follower,dlg,ReplyList/52/Text,0,102329,Resist Elements.,"""원소 저항."""
id1_follower,dlg,ReplyList/53/Text,0,102330,Remove Paralysis.,"""마비 해제."""
id1_follower,dlg,ReplyList/54/Text,0,102331,Remove Fear.,"""공포 해제."""
id1_follower,dlg,ReplyList/55/Text,0,102332,Remove Disease.,"""질병 해제."""
id1_follower,dlg,ReplyList/56/Text,0,102333,Remove Curse.,"""저주 해제."""
id1_follower,dlg,ReplyList/57/Text,0,102334,Remove Blindness/Deafness.,"""실명/청각 상실 해제."""
id1_follower,dlg,ReplyList/58/Text,0,102335,Regenerate.,"""재생."""
id1_follower,dlg,ReplyList/59/Text,0,102336,Protection From Spells.,"""주문으로부터 보호."""
id1_follower,dlg,ReplyList/6/Text,0,103365,I want you to leave any traps that you see alone for now.,"""지금은 보이는 함정을 그대로 놔둬."""
id1_follower,dlg,ReplyList/60/Text,0,102337,Protection From Elements.,"""원소로부터 보호."""
id1_follower,dlg,ReplyList/61/Text,0,102338,Premonition.,"""예감."""
id1_follower,dlg,ReplyList/62/Text,0,102339,Prayer.,"""기도."""
id1_follower,dlg,ReplyList/63/Text,0,102340,Owl's Wisdom.,"""부엉이의 지혜."""
id1_follower,dlg,ReplyList/64/Text,0,102341,Neutralize poison.,"""독성 무효화."""
id1_follower,dlg,ReplyList/65/Text,0,102342,Monstrous Regeneration.,"""괴물같은 재생."""
id1_follower,dlg,ReplyList/66/Text,0,102343,Minor Globe of Invulnerability.,"""하급 무적의 구체."""
id1_follower,dlg,ReplyList/67/Text,0,102344,Mind Blank.,"""정신 차단."""
id1_follower,dlg,ReplyList/68/Text,0,102345,Mestil's Acid Sheath.,"""메스틸의 산성 보호막."""
id1_follower,dlg,ReplyList/69/Text,0,102346,Mass Haste.,"""대규모 가속."""
id1_follower,dlg,ReplyList/70/Text,0,102347,Magical Vestment.,"""마법 의복."""
id1_follower,dlg,ReplyList/71/Text,0,102348,Mage Armor.,"""마법학자 갑옷."""
id1_follower,dlg,ReplyList/72/Text,0,102349,Light.,"""빛."""
id1_follower,dlg,ReplyList/73/Text,0,102350,Lesser Spell Mantle.,"""하급 주문 망토."""
id1_follower,dlg,ReplyList/74/Text,0,102351,Lesser Restoration.,"""하급 회복."""
id1_follower,dlg,ReplyList/75/Text,0,102352,Lesser Mind Blank,"""하급 정신 차단."""
id1_follower,dlg,ReplyList/76/Text,0,102353,Lesser Dispel.,"""하급 주문해제."""
id1_follower,dlg,ReplyList/77/Text,0,102354,Knock.,"""개방."""
id1_follower,dlg,ReplyList/78/Text,0,102355,Invisibility Sphere.,"""투명화 구체."""
id1_follower,dlg,ReplyList/79/Text,0,102356,Invisibility.,"""투명화."""
id1_follower,dlg,ReplyList/8/Text,0,103366,I want you to disarm any traps that you see.,"""보이는 함정은 모두 해제해."""
id1_follower,dlg,ReplyList/80/Text,0,102357,Improved Invisibility.,"""우수한 투명화."""
id1_follower,dlg,ReplyList/81/Text,0,102358,Haste.,"""가속."""
id1_follower,dlg,ReplyList/82/Text,0,102359,Greater Stoneskin.,"""상급 돌 피부."""
id1_follower,dlg,ReplyList/83/Text,0,102360,Greater Spell Mantle.,"""상급 주문 망토."""
id1_follower,dlg,ReplyList/84/Text,0,102361,Greater Sanctuary.,"""상급 성역."""
id1_follower,dlg,ReplyList/85/Text,0,102362,Greater Restoration.,"""상급 회복."""
id1_follower,dlg,ReplyList/86/Text,0,102363,Greater Dispelling.,"""상급 주문해제."""
id1_follower,dlg,ReplyList/87/Text,0,102364,Globe of Invulnerability.,"""무적의 구체."""
id1_follower,dlg,ReplyList/88/Text,0,102365,Ghostly Visage.,"""유령의 형상."""
id1_follower,dlg,ReplyList/89/Text,0,102366,Freedom of Movement.,"""자유 이동."""
id1_follower,dlg,ReplyList/90/Text,0,102367,Fox's Cunning.,"""여우의 교활함."""
id1_follower,dlg,ReplyList/91/Text,0,102368,Find Traps.,"""함정 찾기."""
id1_follower,dlg,ReplyList/92/Text,0,102369,Ethereal Visage.,"""에테르 형상."""
id1_follower,dlg,ReplyList/93/Text,0,102370,Entropic Shield.,"""혼돈의 보호막."""
id1_follower,dlg,ReplyList/94/Text,0,102371,Energy Buffer.,"""에너지 감쇄."""
id1_follower,dlg,ReplyList/95/Text,0,102374,Endure Elements.,"""원소 인내."""
id1_follower,dlg,ReplyList/96/Text,0,102375,Endurance.,"""인내."""
id1_follower,dlg,ReplyList/97/Text,0,102376,Elemental Shield.,"""원소 방패."""
id1_follower,dlg,ReplyList/98/Text,0,102377,Eagle's Splendor.,"""독수리의 위엄."""
id1_follower,dlg,ReplyList/99/Text,0,102378,Divine Power.,"""신성한 권능."""
id1_forge,dlg,EntryList/1/Text,0,-1,Which property do you wish to add to this item?,
id1_forge,dlg,EntryList/10/Text,0,-1,Which type of weight reduction power would you like to add to this item?,
id1_forge,dlg,EntryList/11/Text,0,-1,Which type of vision related power would you like to add to this item?,
id1_forge,dlg,EntryList/12/Text,0,-1,Which skill would you like to add a bonus to this item for?,
id1_forge,dlg,EntryList/13/Text,0,-1,Which type of saving throw bonus would you like to add to this item?,
id1_forge,dlg,EntryList/14/Text,0,-1,Which attack type would you like to add a saving throw bonus against?,
id1_forge,dlg,EntryList/15/Text,0,-1,Which specific saving throw would you like to add a bonus for?,
id1_forge,dlg,EntryList/16/Text,0,-1,Which type of regeneration would you like to add to this item?,
id1_forge,dlg,EntryList/17/Text,0,-1,Which type of movement related power would you like to add to this item?,
id1_forge,dlg,EntryList/18/Text,0,-1,Which type of immunity do you wish to add to this item?,
id1_forge,dlg,EntryList/19/Text,0,-1,Which spell school do you wish to have immunity to?,
id1_forge,dlg,EntryList/2/Text,0,-1,<CUSTOM5111> is not usable on this item.,
id1_forge,dlg,EntryList/20/Text,0,-1,Which kind of damage do you wish to add resistance to?,
id1_forge,dlg,EntryList/21/Text,0,-1,Which kind of damage do you wish to add immunity to?,
id1_forge,dlg,EntryList/22/Text,0,-1,Which type of enhancement bonus do you wish to add to this item?,
id1_forge,dlg,EntryList/23/Text,0,-1,What racial type do you wish to add an enhancement bonus against?,
id1_forge,dlg,EntryList/24/Text,0,-1,What kind of alignment do you wish to add an enhancement bonus against?,
id1_forge,dlg,EntryList/25/Text,0,-1,What specific alignment do you wish to add an enhancement bonus against?,
id1_forge,dlg,EntryList/26/Text,0,-1,What alignment group do you wish to add an enhancement bonus against?,
id1_forge,dlg,EntryList/27/Text,0,-1,Damage Bonus,
id1_forge,dlg,EntryList/28/Text,0,-1,What racial type do you wish to add a damage bonus against?,
id1_forge,dlg,EntryList/29/Text,0,-1,What kind of alignment do you wish to add a damage bonus against?,
id1_forge,dlg,EntryList/3/Text,0,-1,"<CUSTOM5111> is usable on this item.

This recipe requires the following components:
<CUSTOM5112>
<CUSTOM5113>
<CUSTOM5114>
<CUSTOM5115>
<CUSTOM5116>
<CUSTOM5117>
<CUSTOM5118>",
id1_forge,dlg,EntryList/30/Text,0,-1,What specific alignment do you wish to add a damage bonus against?,
id1_forge,dlg,EntryList/31/Text,0,-1,What alignment group do you wish to add a damage bonus against?,
id1_forge,dlg,EntryList/32/Text,0,-1,Which critical hit related power would you like to add to this item?,
id1_forge,dlg,EntryList/33/Text,0,-1,Which class would you like to add a bonus spell slot to this item for?,
id1_forge,dlg,EntryList/34/Text,0,-1,Which bonus feat do you wish to add to this item?,
id1_forge,dlg,EntryList/35/Text,0,-1,Which type of weapon do you want the proficiency feat for?,
id1_forge,dlg,EntryList/36/Text,0,-1,Which school do you wish to have a spell focus feat in?,
id1_forge,dlg,EntryList/37/Text,0,-1,Which type of armor do you want the proficiency feat for?,
id1_forge,dlg,EntryList/38/Text,0,-1,Which type of attack bonus do you wish to add to this item?,
id1_forge,dlg,EntryList/39/Text,0,-1,What racial type do you wish to add an attack bonus against?,
id1_forge,dlg,EntryList/4/Text,0,-1,"<CUSTOM5111> is usable on this item, but no more properties can be added. Only properties that replace existing ones can be added to this item.",
id1_forge,dlg,EntryList/40/Text,0,-1,What kind of alignment do you wish to add an attack bonus against?,
id1_forge,dlg,EntryList/41/Text,0,-1,What specific alignment do you wish to add an attack bonus against?,
id1_forge,dlg,EntryList/42/Text,0,-1,What alignment group do you wish to add an attack bonus against?,
id1_forge,dlg,EntryList/43/Text,0,-1,Which type of AC bonus do you wish to add to this item?,
id1_forge,dlg,EntryList/44/Text,0,-1,What racial type do you wish to add an AC bonus against?,
id1_forge,dlg,EntryList/45/Text,0,-1,What kind of damage type do you wish to add an AC bonus against?,
id1_forge,dlg,EntryList/46/Text,0,-1,What kind of alignment do you wish to add an AC bonus against?,
id1_forge,dlg,EntryList/47/Text,0,-1,What specific alignment do you wish to add an AC bonus against?,
id1_forge,dlg,EntryList/48/Text,0,-1,What alignment group do you wish to add an AC bonus against?,
id1_forge,dlg,EntryList/49/Text,0,-1,Which type of ability bonus do you wish to add to this item?,
id1_forge,dlg,EntryList/5/Text,0,-1,"<CUSTOM5111> is already present on this item in a lesser form. Using this recipe will overwrite the lesser property.

This recipe requires the following components:
<CUSTOM5112>
<CUSTOM5113>
<CUSTOM5114>
<CUSTOM5115>
<CUSTOM5116>
<CUSTOM5117>
<CUSTOM5118>",
id1_forge,dlg,EntryList/6/Text,0,-1,"<CUSTOM5111> is already present on this item. Using this recipe will have no change on the item. It would probably not be a good idea to do this.

This recipe requires the following components:
<CUSTOM5112>
<CUSTOM5113>
<CUSTOM5114>
<CUSTOM5115>
<CUSTOM5116>
<CUSTOM5117>
<CUSTOM5118>",
id1_forge,dlg,EntryList/7/Text,0,-1,"<CUSTOM5111> is already present on this item in a better form. Using this recipe will overwrite that property, losing it forever. It would probably not be a good idea to do this.

This recipe requires the following components:
<CUSTOM5112>
<CUSTOM5113>
<CUSTOM5114>
<CUSTOM5115>
<CUSTOM5116>
<CUSTOM5117>
<CUSTOM5118>",
id1_forge,dlg,EntryList/8/Text,0,-1,"You don't have enough components to add <CUSTOM5111> to the current item.

This recipe requires the following components:
<CUSTOM5112>
<CUSTOM5113>
<CUSTOM5114>
<CUSTOM5115>
<CUSTOM5116>
<CUSTOM5117>
<CUSTOM5118>",
id1_forge,dlg,EntryList/9/Text,0,-1,"The mystic forge pulses with power, waiting for you to select which recipe you'll use to imbue the item with power.",
id1_forge,dlg,ReplyList/1/Text,0,-1,<StartAction>[Back to Main Menu]</Start>,
id1_forge,dlg,ReplyList/10/Text,0,-1,<CUSTOM5103>,
id1_forge,dlg,ReplyList/100/Text,0,-1,Damage Bonus ,
id1_forge,dlg,ReplyList/101/Text,0,-1,Mighty,
id1_forge,dlg,ReplyList/102/Text,0,-1,Extra Damage Type,
id1_forge,dlg,ReplyList/103/Text,0,-1,Damage Bonus vs. Racial Type,
id1_forge,dlg,ReplyList/104/Text,0,-1,Damage Bonus vs. Alignment,
id1_forge,dlg,ReplyList/105/Text,0,-1,Specific Alignment,
id1_forge,dlg,ReplyList/106/Text,0,-1,Alignment Group,
id1_forge,dlg,ReplyList/107/Text,0,-1,Universal Damage Bonus,
id1_forge,dlg,ReplyList/108/Text,0,-1,Critical Hit Powers,
id1_forge,dlg,ReplyList/109/Text,0,-1,Massive Criticals,
id1_forge,dlg,ReplyList/11/Text,0,-1,<CUSTOM5102>,
id1_forge,dlg,ReplyList/110/Text,0,-1,Keen,
id1_forge,dlg,ReplyList/111/Text,0,-1,Bonus Spell Slot ,
id1_forge,dlg,ReplyList/112/Text,0,-1,Wizard,
id1_forge,dlg,ReplyList/113/Text,0,-1,Sorceror,
id1_forge,dlg,ReplyList/114/Text,0,-1,Ranger,
id1_forge,dlg,ReplyList/115/Text,0,-1,Paladin,
id1_forge,dlg,ReplyList/116/Text,0,-1,Druid,
id1_forge,dlg,ReplyList/117/Text,0,-1,Cleric,
id1_forge,dlg,ReplyList/118/Text,0,-1,Bard,
id1_forge,dlg,ReplyList/119/Text,0,-1,Bonus Feat,
id1_forge,dlg,ReplyList/12/Text,0,-1,<CUSTOM5101>,
id1_forge,dlg,ReplyList/120/Text,0,-1,Whirlwind Attack,
id1_forge,dlg,ReplyList/121/Text,0,-1,Weapon Specialization [Unarmed],
id1_forge,dlg,ReplyList/122/Text,0,-1,Weapon Proficiency,
id1_forge,dlg,ReplyList/123/Text,0,-1,Exotic,
id1_forge,dlg,ReplyList/124/Text,0,-1,Martial,
id1_forge,dlg,ReplyList/125/Text,0,-1,Simple,
id1_forge,dlg,ReplyList/126/Text,0,-1,Weapon Finesse,
id1_forge,dlg,ReplyList/127/Text,0,-1,Use Poison,
id1_forge,dlg,ReplyList/128/Text,0,-1,Two Weapon Fighting,
id1_forge,dlg,ReplyList/129/Text,0,-1,Power Attack,
id1_forge,dlg,ReplyList/13/Text,0,-1,<StartAction>[Return to Property Menu]</Start>,
id1_forge,dlg,ReplyList/130/Text,0,-1,Spell Penetration,
id1_forge,dlg,ReplyList/131/Text,0,-1,Spell Focus,
id1_forge,dlg,ReplyList/132/Text,0,-1,Necromancy,
id1_forge,dlg,ReplyList/133/Text,0,-1,Illusion,
id1_forge,dlg,ReplyList/134/Text,0,-1,Evocation,
id1_forge,dlg,ReplyList/135/Text,0,-1,Enchantment,
id1_forge,dlg,ReplyList/136/Text,0,-1,Divination,
id1_forge,dlg,ReplyList/137/Text,0,-1,Conjuration,
id1_forge,dlg,ReplyList/138/Text,0,-1,Abjuration,
id1_forge,dlg,ReplyList/139/Text,0,-1,Sneak Attack,
id1_forge,dlg,ReplyList/14/Text,0,-1,<StartAction>[Use Recipe]</Start>,
id1_forge,dlg,ReplyList/140/Text,0,-1,Rapid Shot,
id1_forge,dlg,ReplyList/141/Text,0,-1,Point Blank Shot,
id1_forge,dlg,ReplyList/142/Text,0,-1,Mobility,
id1_forge,dlg,ReplyList/143/Text,0,-1,Knockdown,
id1_forge,dlg,ReplyList/144/Text,0,-1,Improved Critical [Unarmed],
id1_forge,dlg,ReplyList/145/Text,0,-1,Hide In Plain Sight,
id1_forge,dlg,ReplyList/146/Text,0,-1,Extra Turning,
id1_forge,dlg,ReplyList/147/Text,0,-1,Dodge,
id1_forge,dlg,ReplyList/148/Text,0,-1,Disarm (Whip),
id1_forge,dlg,ReplyList/149/Text,0,-1,Disarm,
id1_forge,dlg,ReplyList/15/Text,0,-1,<StartCheck>[Use Recipe]</Start>,
id1_forge,dlg,ReplyList/150/Text,0,-1,Combat Casting,
id1_forge,dlg,ReplyList/151/Text,0,-1,Cleave,
id1_forge,dlg,ReplyList/152/Text,0,-1,Armor Proficiency,
id1_forge,dlg,ReplyList/153/Text,0,-1,Heavy,
id1_forge,dlg,ReplyList/154/Text,0,-1,Medium,
id1_forge,dlg,ReplyList/155/Text,0,-1,Light,
id1_forge,dlg,ReplyList/156/Text,0,-1,Shield,
id1_forge,dlg,ReplyList/157/Text,0,-1,Ambidextrous,
id1_forge,dlg,ReplyList/158/Text,0,-1,Alertness,
id1_forge,dlg,ReplyList/159/Text,0,-1,Attack Bonus,
id1_forge,dlg,ReplyList/16/Text,0,-1,<StartAction>Previous Recipes</Start>,
id1_forge,dlg,ReplyList/160/Text,0,-1,Attack Bonus vs. Racial Type,
id1_forge,dlg,ReplyList/161/Text,0,-1,Attack Bonus vs. Alignment,
id1_forge,dlg,ReplyList/162/Text,0,-1,Specific Alignment,
id1_forge,dlg,ReplyList/163/Text,0,-1,Alignment Group,
id1_forge,dlg,ReplyList/164/Text,0,-1,Universal Attack Bonus,
id1_forge,dlg,ReplyList/165/Text,0,-1,Arcane Spell Failure Reduction,
id1_forge,dlg,ReplyList/166/Text,0,-1,AC Bonus ,
id1_forge,dlg,ReplyList/167/Text,0,-1,AC Bonus vs. Racial Type,
id1_forge,dlg,ReplyList/168/Text,0,-1,Vermin,
id1_forge,dlg,ReplyList/169/Text,0,-1,Undead,
id1_forge,dlg,ReplyList/17/Text,0,-1,<StartAction>[Walk away.]</Start>,
id1_forge,dlg,ReplyList/170/Text,0,-1,Shapechanger,
id1_forge,dlg,ReplyList/171/Text,0,-1,Reptile,
id1_forge,dlg,ReplyList/172/Text,0,-1,Outsider,
id1_forge,dlg,ReplyList/173/Text,0,-1,Ooze,
id1_forge,dlg,ReplyList/174/Text,0,-1,Orc,
id1_forge,dlg,ReplyList/175/Text,0,-1,Monstrous Humanoid,
id1_forge,dlg,ReplyList/176/Text,0,-1,Magical Beast,
id1_forge,dlg,ReplyList/177/Text,0,-1,Human,
id1_forge,dlg,ReplyList/178/Text,0,-1,Halfling,
id1_forge,dlg,ReplyList/179/Text,0,-1,Half-Orc,
id1_forge,dlg,ReplyList/18/Text,0,-1,Thieves' Tools,
id1_forge,dlg,ReplyList/180/Text,0,-1,Half-Elf,
id1_forge,dlg,ReplyList/181/Text,0,-1,Goblinoid,
id1_forge,dlg,ReplyList/182/Text,0,-1,Gnome,
id1_forge,dlg,ReplyList/183/Text,0,-1,Giant,
id1_forge,dlg,ReplyList/184/Text,0,-1,Fey,
id1_forge,dlg,ReplyList/185/Text,0,-1,Elf,
id1_forge,dlg,ReplyList/186/Text,0,-1,Elemental,
id1_forge,dlg,ReplyList/187/Text,0,-1,Dwarf,
id1_forge,dlg,ReplyList/188/Text,0,-1,Dragon,
id1_forge,dlg,ReplyList/189/Text,0,-1,Construct,
id1_forge,dlg,ReplyList/19/Text,0,-1,Healer's Kit,
id1_forge,dlg,ReplyList/190/Text,0,-1,Beast,
id1_forge,dlg,ReplyList/191/Text,0,-1,Animal,
id1_forge,dlg,ReplyList/192/Text,0,-1,Aberration,
id1_forge,dlg,ReplyList/193/Text,0,-1,AC Bonus vs. Damage Type,
id1_forge,dlg,ReplyList/194/Text,0,-1,Sonic,
id1_forge,dlg,ReplyList/195/Text,0,-1,Slashing,
id1_forge,dlg,ReplyList/196/Text,0,-1,Positive,
id1_forge,dlg,ReplyList/197/Text,0,-1,Piercing,
id1_forge,dlg,ReplyList/198/Text,0,-1,Negative,
id1_forge,dlg,ReplyList/199/Text,0,-1,Magical,
id1_forge,dlg,ReplyList/2/Text,0,-1,<StartAction>More Recipes</Start>,
id1_forge,dlg,ReplyList/20/Text,0,-1,Weight Reduction,
id1_forge,dlg,ReplyList/200/Text,0,-1,Fire,
id1_forge,dlg,ReplyList/201/Text,0,-1,Electrical,
id1_forge,dlg,ReplyList/202/Text,0,-1,Divine,
id1_forge,dlg,ReplyList/203/Text,0,-1,Cold,
id1_forge,dlg,ReplyList/204/Text,0,-1,Bludgeoning,
id1_forge,dlg,ReplyList/205/Text,0,-1,Acid,
id1_forge,dlg,ReplyList/206/Text,0,-1,AC Bonus vs. Alignment,
id1_forge,dlg,ReplyList/207/Text,0,-1,Specific Alignment,
id1_forge,dlg,ReplyList/208/Text,0,-1,Chaotic Evil,
id1_forge,dlg,ReplyList/209/Text,0,-1,Chaotic Neutral,
id1_forge,dlg,ReplyList/21/Text,0,-1,Item Weight Reduction,
id1_forge,dlg,ReplyList/210/Text,0,-1,Chaotic Good,
id1_forge,dlg,ReplyList/211/Text,0,-1,Neutral Evil,
id1_forge,dlg,ReplyList/212/Text,0,-1,True Neutral,
id1_forge,dlg,ReplyList/213/Text,0,-1,Neutral Good,
id1_forge,dlg,ReplyList/214/Text,0,-1,Lawful Evil,
id1_forge,dlg,ReplyList/215/Text,0,-1,Lawful Neutral,
id1_forge,dlg,ReplyList/216/Text,0,-1,Lawful Good,
id1_forge,dlg,ReplyList/217/Text,0,-1,Alignment Group,
id1_forge,dlg,ReplyList/218/Text,0,-1,Evil,
id1_forge,dlg,ReplyList/219/Text,0,-1,Good,
id1_forge,dlg,ReplyList/22/Text,0,-1,Container Content Weight Reduction,
id1_forge,dlg,ReplyList/220/Text,0,-1,Chaotic,
id1_forge,dlg,ReplyList/221/Text,0,-1,Lawful,
id1_forge,dlg,ReplyList/222/Text,0,-1,Neutral,
id1_forge,dlg,ReplyList/223/Text,0,-1,Universal AC Bonus,
id1_forge,dlg,ReplyList/224/Text,0,-1,Ability Bonus,
id1_forge,dlg,ReplyList/225/Text,0,-1,Charisma,
id1_forge,dlg,ReplyList/226/Text,0,-1,Wisdom,
id1_forge,dlg,ReplyList/227/Text,0,-1,Intelligence,
id1_forge,dlg,ReplyList/228/Text,0,-1,Constitution,
id1_forge,dlg,ReplyList/229/Text,0,-1,Dexterity,
id1_forge,dlg,ReplyList/23/Text,0,-1,Vision,
id1_forge,dlg,ReplyList/230/Text,0,-1,Strength,
id1_forge,dlg,ReplyList/24/Text,0,-1,True Seeing,
id1_forge,dlg,ReplyList/25/Text,0,-1,Darkvision,
id1_forge,dlg,ReplyList/26/Text,0,-1,Light,
id1_forge,dlg,ReplyList/27/Text,0,-1,Unlimited Ammunition,
id1_forge,dlg,ReplyList/28/Text,0,-1,Skill Bonus,
id1_forge,dlg,ReplyList/29/Text,0,-1,Use Magic Device,
id1_forge,dlg,ReplyList/3/Text,0,-1,<CUSTOM5110>,
id1_forge,dlg,ReplyList/30/Text,0,-1,Tumble,
id1_forge,dlg,ReplyList/31/Text,0,-1,Taunt,
id1_forge,dlg,ReplyList/32/Text,0,-1,Spot,
id1_forge,dlg,ReplyList/33/Text,0,-1,Spellcraft,
id1_forge,dlg,ReplyList/34/Text,0,-1,Set Trap,
id1_forge,dlg,ReplyList/35/Text,0,-1,Search,
id1_forge,dlg,ReplyList/36/Text,0,-1,Pick Pocket,
id1_forge,dlg,ReplyList/37/Text,0,-1,Persuade,
id1_forge,dlg,ReplyList/38/Text,0,-1,Perform,
id1_forge,dlg,ReplyList/39/Text,0,-1,Parry,
id1_forge,dlg,ReplyList/4/Text,0,-1,<CUSTOM5109>,
id1_forge,dlg,ReplyList/40/Text,0,-1,Open Lock,
id1_forge,dlg,ReplyList/41/Text,0,-1,Move Silently,
id1_forge,dlg,ReplyList/42/Text,0,-1,Lore,
id1_forge,dlg,ReplyList/43/Text,0,-1,Listen,
id1_forge,dlg,ReplyList/44/Text,0,-1,Intimidate,
id1_forge,dlg,ReplyList/45/Text,0,-1,Hide,
id1_forge,dlg,ReplyList/46/Text,0,-1,Heal,
id1_forge,dlg,ReplyList/47/Text,0,-1,Discipline,
id1_forge,dlg,ReplyList/48/Text,0,-1,Disable Trap,
id1_forge,dlg,ReplyList/49/Text,0,-1,Craft Weapon,
id1_forge,dlg,ReplyList/5/Text,0,-1,<CUSTOM5108>,
id1_forge,dlg,ReplyList/50/Text,0,-1,Craft Trap,
id1_forge,dlg,ReplyList/51/Text,0,-1,Craft Armor,
id1_forge,dlg,ReplyList/52/Text,0,-1,Concentration,
id1_forge,dlg,ReplyList/53/Text,0,-1,Bluff,
id1_forge,dlg,ReplyList/54/Text,0,-1,Appraise,
id1_forge,dlg,ReplyList/55/Text,0,-1,Animal Empathy,
id1_forge,dlg,ReplyList/56/Text,0,-1,Saving Throw Bonus,
id1_forge,dlg,ReplyList/57/Text,0,-1,Saving Throw vs. Attack Type,
id1_forge,dlg,ReplyList/58/Text,0,-1,Poison,
id1_forge,dlg,ReplyList/59/Text,0,-1,Mind Affecting Spells,
id1_forge,dlg,ReplyList/6/Text,0,-1,<CUSTOM5107>,
id1_forge,dlg,ReplyList/60/Text,0,-1,Fear,
id1_forge,dlg,ReplyList/61/Text,0,-1,Disease,
id1_forge,dlg,ReplyList/62/Text,0,-1,Death,
id1_forge,dlg,ReplyList/63/Text,0,-1,Universal,
id1_forge,dlg,ReplyList/64/Text,0,-1,Specific Saving Throw,
id1_forge,dlg,ReplyList/65/Text,0,-1,Willpower,
id1_forge,dlg,ReplyList/66/Text,0,-1,Reflex,
id1_forge,dlg,ReplyList/67/Text,0,-1,Fortitude ,
id1_forge,dlg,ReplyList/68/Text,0,-1,Regeneration,
id1_forge,dlg,ReplyList/69/Text,0,-1,Vampiric Regeneration,
id1_forge,dlg,ReplyList/7/Text,0,-1,<CUSTOM5106>,
id1_forge,dlg,ReplyList/70/Text,0,-1,Normal Regeneration,
id1_forge,dlg,ReplyList/71/Text,0,-1,Movement,
id1_forge,dlg,ReplyList/72/Text,0,-1,Freedom of Movement,
id1_forge,dlg,ReplyList/73/Text,0,-1,Haste,
id1_forge,dlg,ReplyList/74/Text,0,-1,Improved Evasion,
id1_forge,dlg,ReplyList/75/Text,0,-1,Immunity,
id1_forge,dlg,ReplyList/76/Text,0,-1,Spell School Immunity,
id1_forge,dlg,ReplyList/77/Text,0,-1,Transmutation,
id1_forge,dlg,ReplyList/78/Text,0,-1,Spell Resistance,
id1_forge,dlg,ReplyList/79/Text,0,-1,Spell Level Immunity,
id1_forge,dlg,ReplyList/8/Text,0,-1,<CUSTOM5105>,
id1_forge,dlg,ReplyList/80/Text,0,-1,Sneak Attacks,
id1_forge,dlg,ReplyList/81/Text,0,-1,Poison,
id1_forge,dlg,ReplyList/82/Text,0,-1,Paralysis,
id1_forge,dlg,ReplyList/83/Text,0,-1,Mind Affecting Spells,
id1_forge,dlg,ReplyList/84/Text,0,-1,Level/Ability Drain,
id1_forge,dlg,ReplyList/85/Text,0,-1,Knockdown,
id1_forge,dlg,ReplyList/86/Text,0,-1,Fear,
id1_forge,dlg,ReplyList/87/Text,0,-1,Disease,
id1_forge,dlg,ReplyList/88/Text,0,-1,Death Magic,
id1_forge,dlg,ReplyList/89/Text,0,-1,Damage Resistance,
id1_forge,dlg,ReplyList/9/Text,0,-1,<CUSTOM5104>,
id1_forge,dlg,ReplyList/90/Text,0,-1,Damage Reduction,
id1_forge,dlg,ReplyList/91/Text,0,-1,Damage Immunity,
id1_forge,dlg,ReplyList/92/Text,0,-1,Critical Hits,
id1_forge,dlg,ReplyList/93/Text,0,-1,Holy Avenger,
id1_forge,dlg,ReplyList/94/Text,0,-1,Enhancement Bonus,
id1_forge,dlg,ReplyList/95/Text,0,-1,Enhancement Bonus vs. Racial Type,
id1_forge,dlg,ReplyList/96/Text,0,-1,Enhancement Bonus vs. Alignment,
id1_forge,dlg,ReplyList/97/Text,0,-1,Specific Alignment,
id1_forge,dlg,ReplyList/98/Text,0,-1,Alignment Group,
id1_forge,dlg,ReplyList/99/Text,0,-1,Universal Enhancement Bonus,
id1_glblghts_hnt,dlg,EntryList/0/Text,0,-1,"It is written: 
Touch a globe to make it change,
Then all surrounding will rearrange,
If you can solve this then you are more skilled,
Than the last adventurer, who got himself killed.
I'd give you a clue, but I find, without a doubt,
Making it work is easier than working it out.
There is a solution; I hope you can find it,
Oh, by the way, you just stepped in orc poo.
",
id1_gzhorb,dlg,EntryList/0/Text,0,-1,These intrusions into my home are intolerable! Destroy this pathetic mote of dust! ,
id1_gzhorb,dlg,EntryList/1/Text,0,-1,"Blessed sight, you are a monstrously tough one, aren't you? Very well, I surrender.",
id1_gzhorb,dlg,EntryList/10/Text,0,-1,"First, let me tell you about our race. Is there something that you take for granted, though you need it to survive? Feel your chest moving? Just as you need to breathe, we need to see.",
id1_gzhorb,dlg,EntryList/11/Text,0,-1,"Perhaps you can now understand why I view Halaster with such hatred. Halaster, that mad but powerful fool, has somehow obtained the essence of an evil so grim and dark that none, not even I, can see through it.",
id1_gzhorb,dlg,EntryList/12/Text,0,-1,"It is oblivion that Halaster holds in that orb! Imagine a darkness that swallowed the entire world. No magic could pierce it. All life would die, passing away in a terrifying void. That is what he will loose upon the world.",
id1_gzhorb,dlg,EntryList/13/Text,0,-1,"This is no empty threat; it is the end of everything. Halaster the Mad threatens to unleash it, should I and my kin ever rebel. There is no way that I could ever allow such a thing to be unleashed. But Halaster has hidden it, far from me.",
id1_gzhorb,dlg,EntryList/14/Text,0,-1,You think not? Then you are as mad as he. If someone truly threatened his precious Undermountain? If someone tried to take it from his control? He wouldn't think twice. He might not even think once. You do not understand the depths of his madness.,
id1_gzhorb,dlg,EntryList/15/Text,0,-1,Those who will not stand up to fight your enemies make themselves your enemies. ,
id1_gzhorb,dlg,EntryList/16/Text,0,-1,"What makes a beholder so powerful? You will be able to draw on the powers of a beholder, firing rays of destruction. It is a powerful ability that I would not grant to just anyone.",
id1_gzhorb,dlg,EntryList/17/Text,0,-1,"If I cannot find a way to destroy it, at least I can keep it safe. Find it for me and I shall grant you a powerful weapon. And should you find yourself in the position to fight Halaster, you will need all the help you can get. ",
id1_gzhorb,dlg,EntryList/18/Text,0,-1,"But I shall have to know that the Orb of the Unseeable is safely hidden away, where Halaster cannot find it. So what do you say?",
id1_gzhorb,dlg,EntryList/19/Text,0,-1,"Good. Here, take this eye stalk. I shall grow another and this one will allow me to keep in contact with you, while you look for the orb. One more thing.",
id1_gzhorb,dlg,EntryList/2/Text,0,-1,"My apologies for attacking you. I see now that you have an undefinable aura of power around you that I should have noticed immediately. It is not often that the ""All-Seeing Eye"" is surprised!",
id1_gzhorb,dlg,EntryList/20/Text,0,-1,You will face more of Halaster's Inner Circle before you reach the mad tyrant himself. You need all the allies you can get. Here is your way back to the surface. Destroy anything that gets in your way.,
id1_gzhorb,dlg,EntryList/21/Text,0,-1,You have destroyed the entire Inner Circle of Halaster's generals. What this means is that you are drawing close to the final fight against the mad tyrant himself. You need the power that I offer. Here is your way back to the surface. Destroy anything that gets in your way.,
id1_gzhorb,dlg,EntryList/22/Text,0,-1,I am in a foul mood right now. A swirl of dust blew through here and I got several motes in each of my eyes. Can you imagine how much that stings? Well... a lot! So what are you doing back here?,
id1_gzhorb,dlg,EntryList/23/Text,0,-1,"Alas and alack, parting is such sweet sorrow and all that rot. I'll miss you. Just find that orb and we can be all friendly.",
id1_gzhorb,dlg,EntryList/24/Text,0,-1,"Had a little change of heart, did we? Decided we are powerful enough to take on all of Halaster's minions and Halaster himself without any help from me? Not that I would ever say anything to suggest you are stupid, but you are a fool. Now, why don't you back off and we can work together?",
id1_gzhorb,dlg,EntryList/25/Text,0,-1,"Can I get part of the orb right now? No? I didn't think so. I do so enjoy our little chats, though. So please, come back and ask me again, any time.",
id1_gzhorb,dlg,EntryList/26/Text,0,-1,"Halaster, that mad but powerful fool, has somehow obtained the essence of an evil so grim and dark that none, not even one such as I, can see through it. The Orb of the Unseeable must be safely hidden away, where Halaster cannot find it.",
id1_gzhorb,dlg,EntryList/27/Text,0,-1,"Blast! I can feel the taint of the darkness clinging to your body. I am glad you found the orb, but just having it near me sends shivers through my eyestalks. Much, I would imagine, like being dropped in a vat of intestines and blood would bother your kind.",
id1_gzhorb,dlg,EntryList/28/Text,0,-1,"The darkness has seeped out of the orb and into your soul, I think. Yes, there is a good chance we will have to fight to the death now, but perhaps I should give you another chance. Will you give it to me?",
id1_gzhorb,dlg,EntryList/29/Text,0,-1,"I have no reason to want you dead, and besides, you already defeated me once; why be scared of me? Come, hand it over and we'll proceed as civilized folk would.",
id1_gzhorb,dlg,EntryList/3/Text,0,-1,"I err once again. I was only trying to show respect. I am G'zhorb, the All-Seeing Eye, master of beholders far and wide. Men tremble to look upon our kind, and my kind tremble to look upon me. Which would probably all sound more impressive to you, had you not just soundly defeated me.",
id1_gzhorb,dlg,EntryList/30/Text,0,-1,"You may destroy me now, but that is better than living in perpetual darkness. If you wouldn't mind turning around and giving me a few free attacks, I would appreciate it. No? Here we go then.",
id1_gzhorb,dlg,EntryList/31/Text,0,-1,"The eyestalk I gave you will now function with powers similar to an actual beholder, firing rays of destruction around you. I think you will find it quite useful. But for now, I must dispose of this. Oh, if you meet Halaster, kill him slowly and painfully.",
id1_gzhorb,dlg,EntryList/32/Text,0,-1,"The eyestalk I gave you will now function with powers similar to an actual beholder, firing rays of destruction around you. I think you will find it quite useful. But for now, I must dispose of this. ",
id1_gzhorb,dlg,EntryList/33/Text,0,-1,"I am pleased that you destroyed Halaster's clone. It is unfortunate that the real one still lives, but at least I shall never have to see him again. Farewell.",
id1_gzhorb,dlg,EntryList/4/Text,0,-1,"Not just an ordinary beholder! I am G'zhorb, the All-Seeing Eye, master of beholders far and wide. Men tremble to look upon our kind, and my kind tremble to look upon me. Which would probably all sound more impressive to you, had you not just soundly defeated me.",
id1_gzhorb,dlg,EntryList/5/Text,0,-1,"I am G'zhorb, the All-Seeing Eye, master of beholders far and wide. Men tremble to look upon our kind, and my kind tremble to look upon me. Which would probably all sound more impressive to you, had you not just soundly defeated me.",
id1_gzhorb,dlg,EntryList/6/Text,0,-1,"But you obviously do not have time to waste on pleasantries, and neither do I. Let us get right to the heart of the matter. What can I do for you, in exchange for my life? A perplexing question for one of my power, yet I think I have an answer.",
id1_gzhorb,dlg,EntryList/7/Text,0,-1,"There are greater and lesser evils. I agree that I might seem to be one of the greater, but there is one who is much worse. Would you like help in defeating this greater evil?",
id1_gzhorb,dlg,EntryList/8/Text,0,-1,"One of those, are you? Well, I have no desire to waste further time. Perhaps I shall get lucky, this once.",
id1_gzhorb,dlg,EntryList/9/Text,0,-1,"A wise idea, though nothing personal is relevant. Is there something that you take for granted, though you need it to survive? Feel your chest moving? Just as you need to breathe, we need to see.",
id1_gzhorb,dlg,ReplyList/0/Text,0,-1,Why are you trying to flatter me?,
id1_gzhorb,dlg,ReplyList/11/Text,0,-1,Tell me more about yourself.,
id1_gzhorb,dlg,ReplyList/13/Text,0,-1,What is your offer?,
id1_gzhorb,dlg,ReplyList/15/Text,0,-1,I don't get it.,
id1_gzhorb,dlg,ReplyList/16/Text,0,-1,I can see how that might bother you.,
id1_gzhorb,dlg,ReplyList/17/Text,0,-1,"A little darkness, that's all.",
id1_gzhorb,dlg,ReplyList/19/Text,0,-1,"He would never release it. He fools you, that is all.",
id1_gzhorb,dlg,ReplyList/2/Text,0,-1,Do you actually expect me to trust a beholder?,
id1_gzhorb,dlg,ReplyList/20/Text,0,-1,I won't help you. You are pure evil.,
id1_gzhorb,dlg,ReplyList/22/Text,0,-1,What reward do you offer me?,
id1_gzhorb,dlg,ReplyList/23/Text,0,-1,So you want me to find this orb for you?,
id1_gzhorb,dlg,ReplyList/25/Text,0,-1,I cannot help you.,
id1_gzhorb,dlg,ReplyList/26/Text,0,-1,I will find this orb for you.,
id1_gzhorb,dlg,ReplyList/30/Text,0,-1,I should be going.,
id1_gzhorb,dlg,ReplyList/32/Text,0,-1,"I have decided to kill you, instead.",
id1_gzhorb,dlg,ReplyList/33/Text,0,-1,<StartAction>[Attack her.]</Start>,
id1_gzhorb,dlg,ReplyList/34/Text,0,-1,Could I get part of my reward now?,
id1_gzhorb,dlg,ReplyList/35/Text,0,-1,Could you remind me what I am looking for?,
id1_gzhorb,dlg,ReplyList/36/Text,0,-1,I'm thinking of keeping it.,
id1_gzhorb,dlg,ReplyList/37/Text,0,-1,I don't know that I can trust you.,
id1_gzhorb,dlg,ReplyList/38/Text,0,-1,You can't have it.,
id1_gzhorb,dlg,ReplyList/39/Text,0,-1,"I figure if I have it, I control you.",
id1_gzhorb,dlg,ReplyList/4/Text,0,-1,The All-Seeing Eye?,
id1_gzhorb,dlg,ReplyList/40/Text,0,-1,I like controlling the darkness.,
id1_gzhorb,dlg,ReplyList/42/Text,0,-1,"You have my reward, right?",
id1_gzhorb,dlg,ReplyList/43/Text,0,-1,You can have it.,
id1_gzhorb,dlg,ReplyList/6/Text,0,-1,"I will have no dealings with you, creature of evil.",
id1_gzhorb,dlg,ReplyList/7/Text,0,-1,"Very well, what is your offer?",
id1_gzhorb,dlg,ReplyList/8/Text,0,-1,I don't trust you.,
id1_gzhorb,dlg,ReplyList/9/Text,0,-1,Not from you!,
id1_hagatha,dlg,EntryList/0/Text,0,-1,"Arise, winds, and defend me!",
id1_hagatha,dlg,EntryList/1/Text,0,-1,"Hilgoth forgive me! I have lost everything now. Peace, stranger. Would you have words with me, before you take my life?",
id1_hagatha,dlg,EntryList/10/Text,0,-1,"It was to be the celebration to outshine any celebration known to mortals. I was wed to Hilgoth, King of the Storm giants, and our union would have united our two races in an unprecedented peace.",
id1_hagatha,dlg,EntryList/11/Text,0,-1,"Only fragments of our wonderous ceremony remain in my aged mind. Hilgoth, so handsome and charismatic, stood gleaming like a beacon of hope. We exchanged rings woven of platinum, gold and magic. But our happiness was not to be.",
id1_hagatha,dlg,EntryList/12/Text,0,-1,"A good tale has many elements and romance is simply one small part of this tale. There was a suitor, Vashanel by name, who had pursued my hand rigorously. I thought that when I made my intentions clear, it was ended, but Vashanel killed my husband from behind, then told me to come away with him.",
id1_hagatha,dlg,EntryList/13/Text,0,-1,"There was a suitor, Vashanel by name, who had pursued my hand rigorously. I thought that when I made my intentions clear, it was ended, but Vashanel killed my husband from behind, then told me to come away with him.",
id1_hagatha,dlg,EntryList/14/Text,0,-1,"I suppose. There was a suitor, Vashanel by name, who had pursued my hand rigorously. I thought that when I made my intentions clear, it was ended, but Vashanel killed my husband from behind, then commanded me to come away with him.",
id1_hagatha,dlg,EntryList/15/Text,0,-1,"The storm giants thought that my people had turned on them and a mighty battle erupted. I and several of my kin went after Vashanel, who used my husband's body as a shield and fled.",
id1_hagatha,dlg,EntryList/16/Text,0,-1,"Ah, to get close enough to kill him. A good plan, but one I didn't think of at the time. Instead, I followed him. He fled until he reached the edge of a cliff, then begged me to come to him.",
id1_hagatha,dlg,EntryList/17/Text,0,-1,"I guess love can make us all do foolish things. For instance, love made me follow him, trailing after my husband's body, hoping to recover it and resurrect him. Vashanel fled until he reached the edge of a cliff, then begged me to come to him.",
id1_hagatha,dlg,EntryList/18/Text,0,-1,"It wasn't too hard, with the fighting going on all around and with the body of my husband to protect him from our most devastating ranged attacks. But he didn't really escape. He fled until he reached the edge of a cliff, then begged me to come to him.",
id1_hagatha,dlg,EntryList/19/Text,0,-1,"I told him that he was only interesting to me as a corpse that I could disfigure for my personal amusement. He didn't respond well to that. Funny. He chose instead to dive off the edge, taking my husband's corpse with him.",
id1_hagatha,dlg,EntryList/2/Text,0,-1,"I am sorry for the abysmal treatment you have received here in Undermountain. It should have been different, but we each have our jobs to do, you understand? ",
id1_hagatha,dlg,EntryList/20/Text,0,-1,"At that time, our land was many leagues above this land and it is said amongst my people that their combined impact formed the Sea of Fallen Stars. I don't know the truth of that, though I like the imagery. ",
id1_hagatha,dlg,EntryList/21/Text,0,-1,"I went after the bodies, but I had to get down safely and by then they were already gone. Apparently our bones are useful in spell casting and forging magic items. I found the wizard who took Vashanel's corpse quickly, but it took years to track down Halaster.",
id1_hagatha,dlg,EntryList/22/Text,0,-1,"I doubt you could carry so much. Halaster had already used most of my husband's bones by the time I found him here. I was going to kill him, but he had one part left - my husband's ring finger, with our wedding band still attached, for the magic of the ring would not allow it to be removed.",
id1_hagatha,dlg,EntryList/23/Text,0,-1,"Close. Halaster had already used most of my husband's bones by the time I found him here. I was going to kill him, but he had one part left - my husband's ring finger, with our wedding band still attached, for the magic of the ring would not allow it to be removed.",
id1_hagatha,dlg,EntryList/24/Text,0,-1,"Not as easily as that. Halaster had already used most of my husband's bones by the time I found him here. I was going to kill him, but he had one part left - my husband's ring finger, with our wedding band still attached, for the magic of the ring would not allow it to be removed.",
id1_hagatha,dlg,EntryList/25/Text,0,-1,"He had fashioned the finger bone into a staff, which he promised to give me, if I helped him with this dungeon. I agreed, thinking I could easily wait a little longer, but now Halaster has lost what grasp of reality he ever had. I shall never be free of this place.",
id1_hagatha,dlg,EntryList/26/Text,0,-1,"Many of my own people would hold such an attitude, though I am still sorry to hear about it. I will no longer fight destiny. Kill me if you must, if you truly do not wish the assistance that I can offer you.",
id1_hagatha,dlg,EntryList/27/Text,0,-1,"Then I am trapped here for eternity by a madman! No, I think not. I shall destroy you, or you me. That is the only choice left!",
id1_hagatha,dlg,EntryList/28/Text,0,-1,"If you can return my husband's finger, that I might finally give him peace, then I will help you make friends of the worst enemies, so long as they are of equal stature as you. They will be fanatically loyal, so long as they live.",
id1_hagatha,dlg,EntryList/29/Text,0,-1,"This is a lock of my hair, imbued with some of my essence. Use it to communicate with me and to help you find the staff. Return here with the staff and I shall see you rewarded. I thank you for this kindness, which is more than I showed you.",
id1_hagatha,dlg,EntryList/3/Text,0,-1,"Had you come to my home in days gone by, you would have been greeted with accolades and welcomes befitting a hero. Though not if you came as an enemy, obviously. *Sigh* This doesn't help, but this place does not bring out the best in us.",
id1_hagatha,dlg,EntryList/30/Text,0,-1,"You have yet to defeat all of Halaster's lieutenants, and beyond that you must still face his elite, the Inner Circle. With my strength, you might even stand a chance against them. Without it... I think it is unlikely. I can provide you with a way out of here. Now go, and good luck to you.",
id1_hagatha,dlg,EntryList/31/Text,0,-1,"You have defeated Halaster's lieutenants, including me, but you must still face his elite, the Inner Circle. With my strength, you might even stand a chance against them. Without it... I think it is unlikely. I can provide you with a way out of here. Now go, and good luck to you.",
id1_hagatha,dlg,EntryList/32/Text,0,-1,"As I wait here, I think about the terrible things that I have done. I will be pleased when I can lay my husband to rest and my life can be over, once I have honored our deal. I don't think you have found my husband's finger, so to what do I owe this visit?",
id1_hagatha,dlg,EntryList/33/Text,0,-1,"Be wary. There are many traps and powerful monsters down here, although I would guess that you already know that. Good luck.",
id1_hagatha,dlg,EntryList/34/Text,0,-1,"Many of my own people would carry such an attitude, though I am still sorry to hear it. I will no longer fight destiny. Kill me if you must, if you truly do not wish the assistance I can offer you.",
id1_hagatha,dlg,EntryList/35/Text,0,-1,"I am afraid not. When the task is done, then you may have what I promised. I have nothing else to offer right now.",
id1_hagatha,dlg,EntryList/36/Text,0,-1,"Halaster made a staff from the finger bone of my husband. The staff still bears the wedding ring, which Halaster could not remove. If you find that staff then I shall be able to lay my husband's memory to rest.",
id1_hagatha,dlg,EntryList/37/Text,0,-1,"At last, you have found the staff: my poor husband's ring finger. Ah, the band that was supposed to bind us together... the last symbol of our marriage. I must take this and bury it. Perhaps then my husband's soul will find rest. I... thank you.",
id1_hagatha,dlg,EntryList/38/Text,0,-1,You... what? But... but why? What use is it to you? My husband's spirit will be disturbed for all eternity because of your greed? Is that what you are saying?,
id1_hagatha,dlg,EntryList/39/Text,0,-1,"Would you be able to trust me any more if you have the staff than if you don't? If you refuse to give me the staff, then we shall have to fight again. But this time, I have more to gain from killing you and less to lose. Think on that.",
id1_hagatha,dlg,EntryList/4/Text,0,-1,"A very good question, and one that I am prepared to answer. I am going to help you, if you help me. It really is that simple.",
id1_hagatha,dlg,EntryList/40/Text,0,-1,You cannot control me if you are dead! I will have my husband's remains from you. Die!,
id1_hagatha,dlg,EntryList/41/Text,0,-1,"Then, though you might defeat me, I must try to reclaim my husband's remains from you. Die!",
id1_hagatha,dlg,EntryList/42/Text,0,-1,"The lock of my hair will grant you the reward I promised. Use the lock and you will make friends of the worst enemies, so long as they are of equal stature as you. The magic will only work for a time, so use it wisely. ",
id1_hagatha,dlg,EntryList/43/Text,0,-1,"I thank you. Not just for my husband's peace, but also for what you did to Halaster's clone. I could wish you would do the same to the real Halaster, but I have already asked too much.",
id1_hagatha,dlg,EntryList/5/Text,0,-1,"I am known as the Widow Hagatha, once the fairest of all giants, from the lost cloud kingdom of Nuremese. Everything I once cherished is gone now and the only reason I still live is to recover a memory.",
id1_hagatha,dlg,EntryList/6/Text,0,-1,"Many of my own people would carry such an attitude, though I am still sorry to hear about it. I will no longer fight destiny. Kill me if you must, if you truly do not wish the assistance that I can offer you.",
id1_hagatha,dlg,EntryList/7/Text,0,-1,"Halaster made a staff from the finger bone of my husband. The staff still bears the wedding ring, which Halaster could not remove. If you find that staff then I shall be able to lay my husband's memory to rest.",
id1_hagatha,dlg,EntryList/8/Text,0,-1,"I was to wed a storm giant, uniting our people and bring us peace. Alas, my lord was killed by a jealous rival. His body was lost to me and Halaster has been using it for his magic for countless eons. ",
id1_hagatha,dlg,EntryList/9/Text,0,-1,"All that is left is Hilgoth's finger bone, which Halaster made into a staff. The staff still bears the wedding ring, which Halaster could not remove. If you find that staff then I shall be able to lay my husband's memory to rest.",
id1_hagatha,dlg,ReplyList/1/Text,0,-1,Why should I listen to you at all?,
id1_hagatha,dlg,ReplyList/10/Text,0,-1,Tell me what happened.,
id1_hagatha,dlg,ReplyList/12/Text,0,-1,Romantic drivel; get to the interesting part.,
id1_hagatha,dlg,ReplyList/14/Text,0,-1,How was your ceremony interrupted?,
id1_hagatha,dlg,ReplyList/16/Text,0,-1,Such tragedy is all too common.,
id1_hagatha,dlg,ReplyList/18/Text,0,-1,You should have pretended to be on his side.,
id1_hagatha,dlg,ReplyList/20/Text,0,-1,"A fool, to think you would join such a killer.",
id1_hagatha,dlg,ReplyList/22/Text,0,-1,"In the midst of such a gathering, how did he escape?",
id1_hagatha,dlg,ReplyList/24/Text,0,-1,Was it a great height?,
id1_hagatha,dlg,ReplyList/25/Text,0,-1,He killed himself?,
id1_hagatha,dlg,ReplyList/26/Text,0,-1,So what happened next?,
id1_hagatha,dlg,ReplyList/28/Text,0,-1,And you want me to find your husband's giant body and bring it back?,
id1_hagatha,dlg,ReplyList/3/Text,0,-1,Where are you from?,
id1_hagatha,dlg,ReplyList/30/Text,0,-1,"Let me guess, he holds your husband's body as ransom for your work here?",
id1_hagatha,dlg,ReplyList/32/Text,0,-1,And then you decided to work for him?,
id1_hagatha,dlg,ReplyList/34/Text,0,-1,I think I am just going to kill you.,
id1_hagatha,dlg,ReplyList/35/Text,0,-1,<StartAction>[Attack her.]</Start>,
id1_hagatha,dlg,ReplyList/36/Text,0,-1,I can't help you.,
id1_hagatha,dlg,ReplyList/38/Text,0,-1,What kind of reward can you offer?,
id1_hagatha,dlg,ReplyList/39/Text,0,-1,I will help you find the staff.,
id1_hagatha,dlg,ReplyList/4/Text,0,-1,Who are you?,
id1_hagatha,dlg,ReplyList/43/Text,0,-1,I should be going.,
id1_hagatha,dlg,ReplyList/45/Text,0,-1,"I have decided to kill you, instead.",
id1_hagatha,dlg,ReplyList/46/Text,0,-1,<StartAction>[Attack her.]</Start>,
id1_hagatha,dlg,ReplyList/47/Text,0,-1,Could I get part of my reward now?,
id1_hagatha,dlg,ReplyList/48/Text,0,-1,Could you remind me what I am looking for?,
id1_hagatha,dlg,ReplyList/49/Text,0,-1,I'm thinking of keeping it.,
id1_hagatha,dlg,ReplyList/5/Text,0,-1,I think I am just going to kill you.,
id1_hagatha,dlg,ReplyList/50/Text,0,-1,I don't know that I can trust you.,
id1_hagatha,dlg,ReplyList/51/Text,0,-1,You can't have it.,
id1_hagatha,dlg,ReplyList/52/Text,0,-1,"I figure if I have it, I control you.",
id1_hagatha,dlg,ReplyList/53/Text,0,-1,I find it useful. Moreso than what you have offered.,
id1_hagatha,dlg,ReplyList/55/Text,0,-1,As for my reward?,
id1_hagatha,dlg,ReplyList/56/Text,0,-1,It is rightfully yours.,
id1_hagatha,dlg,ReplyList/6/Text,0,-1,<StartAction>[Attack her.]</Start>,
id1_hagatha,dlg,ReplyList/7/Text,0,-1,"I don't care about your problems, just tell me what you want.",
id1_hagatha,dlg,ReplyList/8/Text,0,-1,Can you sum up your problems?,
id1_halaster,dlg,EntryList/0/Text,0,-1,"--- REMOVED --- How can this be possible? Blast! Very well, I surrender to you. (It's like pouring a fine, vintage wine into a dirty, rusted tin cup.)",
id1_halaster,dlg,EntryList/1/Text,0,-1,"You! Why have you invaded my home? It was the one who escaped who sent you, wasn't it? Well, no clone of mine is going to stop me by sending some lackey into my dungeon!",
id1_halaster,dlg,EntryList/10/Text,0,-1,"Yes, but you won, which means that I won. So now, I will just clean up this mess, lock my clone away and have done. (And then a cup of tea. Tea is so refreshing, especially with a dollop of green slime. Now, where did I put the green slimes?)",
id1_halaster,dlg,EntryList/11/Text,0,-1,"What? You can't do that to me! Well, perhaps you can right now, but it won't last! I'll be back! I'll be...",
id1_halaster,dlg,EntryList/12/Text,0,-1,"I think not. So, now, my friend, (it burns to say such a thing,) you may do as you wish. Obviously my defenses still need further testing, and I can't quite be certain that Undermountain itself didn't convince my clone that it was the real Halaster.",
id1_halaster,dlg,EntryList/13/Text,0,-1,"With that in mind, I will allow you full control over all aspects of the dungeon. See if your instincts can't come up with something truly deadly. What do you say? Wait, first, let's go back to the warehouse. I feel more comfortable there, now.",
id1_halaster,dlg,EntryList/14/Text,0,-1,"Of course. It has been a real honor and a privilege. (Like getting stabbed with a rusty spoon while bending over a rotting corpse.) I will send you back to the warehouse, where you can leave if you wish.",
id1_halaster,dlg,EntryList/15/Text,0,-1,I will take good care of him and feed him and hug him and love him and I will call him my little Snort. (Good question. Now where did I send that clone? Damn! I can't believe I have misplaced him already.),
id1_halaster,dlg,EntryList/3/Text,0,-1,"I knew you were behind this, you foolish clone! (How do they keep getting in here? And what is that delicious smell in the air? Oh, the burnt flesh of my minions, right!)",
id1_halaster,dlg,EntryList/4/Text,0,-1,But you were so nice to me! Thank you for helping me get my home back! I am so terribly pleased to be here!,
id1_halaster,dlg,EntryList/5/Text,0,-1,"Little Timmy had to go home now. Don't worry, he's still in here somewhere, the poor, sweet, little boy. Thank you for helping me get my home back! I am so terribly pleased to be back!",
id1_halaster,dlg,EntryList/6/Text,0,-1,"I had to make sure that my stupid clone couldn't find me with spells or clairvoyance magic, so I had to hide my mind almost completely. I became Little Timmy, with just a hint of my true self. And I'll be damned if some clone is going to replace me. (Why's he so fat? He doesn't look that much like me.)",
id1_halaster,dlg,EntryList/7/Text,0,-1,"You? You are a miserable failure of an experiment who tried to take over my dungeon! You have no right to send adventurers in here! (There is something crawling up my leg. Stop that, right now!)",
id1_halaster,dlg,EntryList/8/Text,0,-1,"No, you won, which means that I won. So now, I will just clean up this mess, lock my clone away and have done. (And then a cup of tea. Tea is so refreshing, especially with a dollop of green slime. Now, where did I put the green slimes?)",
id1_halaster,dlg,EntryList/9/Text,0,-1,"Yes, you won, which means that I won. So now, I will just clean up this mess, lock my clone away and have done. (And then a cup of tea. Tea is so refreshing, especially with a dollop of green slime. Now, where did I put the green slimes?)",
id1_halaster,dlg,ReplyList/0/Text,0,-1,"All right, which of you is the real Halaster?",
id1_halaster,dlg,ReplyList/1/Text,0,-1,I knew there was something wrong with you.,
id1_halaster,dlg,ReplyList/11/Text,0,-1,"So you are both insane, and you both think you are Halaster.",
id1_halaster,dlg,ReplyList/15/Text,0,-1,Let's go.,
id1_halaster,dlg,ReplyList/16/Text,0,-1,I think I am done here.,
id1_halaster,dlg,ReplyList/18/Text,0,-1,What will happen with your clone?,
id1_halaster,dlg,ReplyList/3/Text,0,-1,Where's Little Timmy?,
id1_halaster,dlg,ReplyList/4/Text,0,-1,What is going on here? ,
id1_halaster,dlg,ReplyList/7/Text,0,-1,Am I going to have to fight you both now?,
id1_halaster,dlg,ReplyList/9/Text,0,-1,"I don't really care. I won, right?",
id1_harat,dlg,EntryList/0/Text,0,-1,"Let the darkness of Harat blind you, fool! Beat any intruders down and drag them to me in chains. ",
id1_harat,dlg,EntryList/1/Text,0,-1,I find this more than a little humiliating. No one has ever bested Harat before. We should speak.,
id1_harat,dlg,EntryList/10/Text,0,-1,Then we shall see if I have enough life left in me to take yours. I will feast on your soul!,
id1_harat,dlg,EntryList/11/Text,0,-1,"A good idea, but before I do that, let me start off with a little temptation for you. I give you this for free... well, I suppose for not simply killing me immediately.",
id1_harat,dlg,EntryList/12/Text,0,-1,"Let me start off with a little temptation for you. I give you this for free... well, I suppose for simply not killing me immediately.",
id1_harat,dlg,EntryList/13/Text,0,-1,"That is merely a taste of what I can offer you. Now to the details of my task. When I became a god, I knew I was a minor power in a universe of vast potential. I decided that I should seek out powerful mortals to help me gain power.",
id1_harat,dlg,EntryList/14/Text,0,-1,"So many mages in recent years have focused on the summoning and use of my demonic kind, that it was felt throughout the planes that there should be someone to oversee them. As a major force in the Hells, I was a natural candidate.",
id1_harat,dlg,EntryList/15/Text,0,-1,"I did battle with one of the Lords of the Hells, who was considered my closest rival, and when I defeated him I absorbed his power. I was then powerful enough to assume my portfolio and become a god. I chose to make this my home and I thought it wise to make a compact with Undermountain's creator. ",
id1_harat,dlg,EntryList/16/Text,0,-1,"For both parties, though my kind are demonic, not devilish. Halaster drew up a contract providing me with worshippers, in exchange for my participation in his adventurer-slaughtering campaign. To be honest, few adventurers ever made it as far as my domain. None ever left.",
id1_harat,dlg,EntryList/17/Text,0,-1,"He wasn't always as obviously insane as he has become. Halaster drew up a contract providing me with worshippers, in exchange for my participation in his adventurer-slaughtering campaign. To be honest, few adventurers ever made it as far as my domain. None ever left.",
id1_harat,dlg,EntryList/18/Text,0,-1,"I suppose that had I been the one left to safeguard the Abyssal Census, our contract, I would have done my best to find a loophole and use it to exploit our compact. Sadly, I allowed Halaster to keep it and have regretted that decision every day since.",
id1_harat,dlg,EntryList/19/Text,0,-1,"As I told you, I am relatively new and little known. That is something I hope to remedy, once I am relocated to an outer realm. I have made mistakes, it is true, but I learn from my mistakes. You have an opportunity here to make an immortal ally.",
id1_harat,dlg,EntryList/2/Text,0,-1,"Even the mad wizard Halaster shows respect for Harat, which gives me pause. Is it possible that a mortal can truly defeat a god? Even if darkness is not the largest portfolio for a god, it should indicate superior power to any mortal.",
id1_harat,dlg,EntryList/20/Text,0,-1,"There is truth in your words. I hate truth. This might be the end of me, but I suppose it is time to test the limits of my godhood!",
id1_harat,dlg,EntryList/21/Text,0,-1,"What I have already shown you is but a fraction of what I can give, should you help me free myself from the maniacal manipulations of Halaster.",
id1_harat,dlg,EntryList/22/Text,0,-1,"With it, I should be able to manipulate events and assist you in defeating my demented and deranged captor. I cannot fetch the Census myself, as that was part of the bargain struck, but should you find it and gain control, you can give it to me.",
id1_harat,dlg,EntryList/23/Text,0,-1,"The Census itself is worthless, yet for the power it holds over me, I find it priceless. Were you to return it to me, I would be indebted for eternity.",
id1_harat,dlg,EntryList/24/Text,0,-1,Then speak the words that foretell our rise to power or our doom.,
id1_harat,dlg,EntryList/25/Text,0,-1,"Then I shall give you this... it is a strip of my tongue. With it, I can communicate with you and try to help you find the Census. It is limited, but still a useful tool. ",
id1_harat,dlg,EntryList/26/Text,0,-1,"There are still others of the Inner Circle who stand in your way. They are each very powerful. Here, to assist you I will open a passage back to the surface. Kill any who get in your way.",
id1_harat,dlg,EntryList/27/Text,0,-1,"You have defeated the other members of the Inner Circle. Congratulations. You just have to face the most powerful foe in Undermountain. Here, to assist you I will open a passage back to the surface. Kill any who get in your way.",
id1_harat,dlg,EntryList/28/Text,0,-1,"As a god, I am unused to being questioned, yet, I will allow it, this once.",
id1_harat,dlg,EntryList/29/Text,0,-1,"I would welcome another worshipper. One as powerful as yourself might make a good avatar, should that interest you. Perhaps, if you can find the census, I shall leave this plane and, once I am established elsewhere, we can reach an accommodation.",
id1_harat,dlg,EntryList/3/Text,0,-1,"You are more informed than most mortals. But then, I should have expected as much, considering how you defeated me. I have some power over that domain, though I fear that Shar has superior power and would destroy me quickly, were she so inclined.",
id1_harat,dlg,EntryList/30/Text,0,-1,"Strangely, being a god is all about politics. Summoning of demon-kind is a type of magic, so I might have tried to wrest some of the power from Azuth and Mystra, yet they are both very powerful deities.",
id1_harat,dlg,EntryList/31/Text,0,-1,"Darkness, however, has only one powerful deity, and Shar has taken such a passionate interest in the Shadow Weave that some say she is neglecting her portfolio. Thus I could step in and do my best to avoid her notice. Other questions?",
id1_harat,dlg,EntryList/32/Text,0,-1,"To be honest, I do not really understand what it is. It is some kind of magic outside the bounds of *normal* magic. I imagine Shar is going to be having troubles with Azuth and Mystra. Ironic, I think.",
id1_harat,dlg,EntryList/33/Text,0,-1,"I have given some thought to how you defeated me, and I think it likely that I could do better in another battle. However, I hope that it will not be necessary. Now, since I cannot sense the Census on you, why have you returned?",
id1_harat,dlg,EntryList/34/Text,0,-1,"Good. Though time is not pressing, my kind have learned very little patience.",
id1_harat,dlg,EntryList/35/Text,0,-1,"Though I am disappointed with your decision, I always enjoy a challenge. Let us see if I can do better this time.",
id1_harat,dlg,EntryList/36/Text,0,-1,"I already gave you a taste of your reward, but I see that you are hungry for more. This should be an easy enough request, but try not to waste much more time. I grow weary of waiting.",
id1_harat,dlg,EntryList/37/Text,0,-1,"Halaster drew up a contract providing me with worshippers, in exchange for my participation in his adventurer-slaughtering campaign. The Abyssal Census, our contract, should allow me to manipulate events and assist you in defeating my deranged captor.",
id1_harat,dlg,EntryList/38/Text,0,-1,"I can feel it as it draws near to me. You have not opened it? No, I can tell you have not. Very well, it is a deal then. I shall treat you fairly, though every part of me wishes to turn on you. I have more need to destroy Halaster than to harm you.",
id1_harat,dlg,EntryList/39/Text,0,-1,"Ha, ha, ha! You are my kind of fiend! Double crossing and betraying all you come up against, right? But now is not the time nor the place for such a betrayal. As you have taught me, this plane is no place for a god to reside. Try to keep it and I will have to fight you.",
id1_harat,dlg,EntryList/4/Text,0,-1,"As a relatively young god, and having only recently come to this plane of existence, Shar has taken little notice of me. Perhaps it was a poor decision to make my home here, rather than on a different plane. But so many of my worshippers were from here, it seemed like a perfect location.",
id1_harat,dlg,EntryList/40/Text,0,-1,"Well, you can never really trust a demon or an evil god, that's just common sense. But you see, I want Halaster to pay for his treatment of me. You are my best chance at revenge. Since our interests lie along the same path, I will work with you. It's logical.",
id1_harat,dlg,EntryList/41/Text,0,-1,"I see. Your logic is flawed. For should you ever open the Census, I will lose my powers and then I would be of no use to you. Perhaps we could agree on something else. What if the Census was held in a pocket plane and I gave you the key to opening that plane?",
id1_harat,dlg,EntryList/42/Text,0,-1,"That way, the Census would be safe for you to use against me, if I should betray you, but it is also safe from the meddling of mortals. What do you say?",
id1_harat,dlg,EntryList/43/Text,0,-1,"There is only one key to open this pocket plane and I will be giving it to you. Now, this is the best deal I can offer, so either we agree on it, or we shall have to fight again. I would prefer not to do the latter.",
id1_harat,dlg,EntryList/44/Text,0,-1,"Excellent. Continue to use my tongue, for I can grant you powers using it. Speak with my tongue and the fires of the hells shall burst upon an enemy, killing most instantly, except the most powerful of foes.",
id1_harat,dlg,EntryList/45/Text,0,-1,"There, now the Census is safely ensconced, and here is the key to the pocket plane. Oh my, I forgot! That plane existed in a separate reality where time is completely different from ours. I'm afraid that the entire realm imploded and the Census has been destroyed.",
id1_harat,dlg,EntryList/46/Text,0,-1,"That's what they always say. Here's the key, but I'm afraid it will do you no good. So sorry about that, but you still have my tongue and the powers that go with it. And power is what we're all looking for, isn't it? Well, I must be off. A pleasure treating with you.",
id1_harat,dlg,EntryList/47/Text,0,-1,"Here's the key, but I'm afraid it will do you no good. So sorry about that, but you still have my tongue and all the powers that go with it. And power is what we're all looking for, isn't it? Well, I must be off. A pleasure treating with you.",
id1_harat,dlg,EntryList/48/Text,0,-1,"You dare to treat me with such contempt? None must read the contents of the Census! Once I have destroyed you, I shall absorb your soul and then I will have the true power of a god!",
id1_harat,dlg,EntryList/49/Text,0,-1,"Continue to use my tongue, for I can grant you powers while you hold it. Speak with my tongue and the fires of the hells shall burst upon an enemy, killing them instantly, except the most powerful of foes.",
id1_harat,dlg,EntryList/5/Text,0,-1,"You certainly did. There is precedent, I suppose, for a mortal destroying a god. Perhaps it was a poor decision to make my home here, rather than on a different plane like the other gods. But so many of my worshippers were from here, it seemed like a perfect location.",
id1_harat,dlg,EntryList/50/Text,0,-1,But now it is time for me to take my leave from this place and usher in a new era of darkness on some other unsuspecting populace. Let terror reign!,
id1_harat,dlg,EntryList/51/Text,0,-1,Your destruction of Halaster's clone almost makes me long to stay here. Almost. But now it is time for me to take my leave from this place and usher in a new era of darkness on some other unsuspecting populace. Let terror reign!,
id1_harat,dlg,EntryList/52/Text,0,-1,"I can feel it as it draws near to me. Wait, you have opened it? That was a foolish decision. So, I might have stretched the truth a little. The Census is exactly what it sounds like, an accurate listing of all the demons and their ranks within the Abyss. ",
id1_harat,dlg,EntryList/53/Text,0,-1,You have learned then that I am not truly a god. Perhaps we could agree on something else. What if the Census was held in a pocket plane and I gave you the key to opening that plane?,
id1_harat,dlg,EntryList/6/Text,0,-1,"As a relatively young god, and having only recently come to this plane of existence, your lack of knowledge is not surprising to me. Perhaps it was a poor decision to make my home here rather than on a different plane. But so many of my worshippers were from here, it seemed like a perfect location.",
id1_harat,dlg,EntryList/7/Text,0,-1,"Indeed, I am. There is precedent, I suppose, for a mortal destroying a god. Perhaps it was a poor decision to make my home here, rather than on a different plane like the other gods. But so many of my worshippers were from here, it seemed like a perfect location.",
id1_harat,dlg,EntryList/8/Text,0,-1,"Now, I will need to relocate, but there is something that blocks my move. Not an insurmountable hurdle, but still intimidating. For granting me my life, I already owe you a favor, but if you help me with this other problem, I will grant you the powers of a god. Tempting?",
id1_harat,dlg,EntryList/9/Text,0,-1,"Is that the way of it? Nothing I say can tempt you to do what will ultimately help you. If you insist on the insipid idea that people are so easily categorized as good or evil, then think about the good you can do with my help. Is it evil if the power is used for good?",
id1_harat,dlg,ReplyList/0/Text,0,-1,I thought Mask and Shar pretty much covered darkness.,
id1_harat,dlg,ReplyList/10/Text,0,-1,"Very well, what is your offer?",
id1_harat,dlg,ReplyList/11/Text,0,-1,I don't trust you.,
id1_harat,dlg,ReplyList/12/Text,0,-1,I want to hear none of your twisting lies.,
id1_harat,dlg,ReplyList/14/Text,0,-1,Tell me more about yourself.,
id1_harat,dlg,ReplyList/16/Text,0,-1,What is your offer?,
id1_harat,dlg,ReplyList/18/Text,0,-1,"Yes, I suppose even the gods must rely on mortals occasionally.",
id1_harat,dlg,ReplyList/19/Text,0,-1,Why would the gods allow a demon to become a god?,
id1_harat,dlg,ReplyList/20/Text,0,-1,How did you become a god?,
id1_harat,dlg,ReplyList/22/Text,0,-1,A deal with a devil.,
id1_harat,dlg,ReplyList/24/Text,0,-1,I suppose you would have to deal with him somehow.,
id1_harat,dlg,ReplyList/25/Text,0,-1,Wise to deal with Halaster?,
id1_harat,dlg,ReplyList/27/Text,0,-1,"For a god, you sure make a lot of mistakes.",
id1_harat,dlg,ReplyList/28/Text,0,-1,I won't help you. You are pure evil.,
id1_harat,dlg,ReplyList/3/Text,0,-1,"I bested you, god or no god.",
id1_harat,dlg,ReplyList/30/Text,0,-1,Tell me more about the reward.,
id1_harat,dlg,ReplyList/31/Text,0,-1,So you want me to find this Abyssal Census for you?,
id1_harat,dlg,ReplyList/33/Text,0,-1,I have made a decision.,
id1_harat,dlg,ReplyList/34/Text,0,-1,"I will not help you, for I don't trust you.",
id1_harat,dlg,ReplyList/35/Text,0,-1,I will find the Abyssal Census for you.,
id1_harat,dlg,ReplyList/39/Text,0,-1,I want to ask you some questions.,
id1_harat,dlg,ReplyList/40/Text,0,-1,What if I want to worship you?,
id1_harat,dlg,ReplyList/41/Text,0,-1,Why choose the portfolio of darkness?,
id1_harat,dlg,ReplyList/43/Text,0,-1,What is the Shadow Weave?,
id1_harat,dlg,ReplyList/44/Text,0,-1,I should be going.,
id1_harat,dlg,ReplyList/46/Text,0,-1,"I have decided to kill you, instead.",
id1_harat,dlg,ReplyList/48/Text,0,-1,Could I get part of my reward now?,
id1_harat,dlg,ReplyList/49/Text,0,-1,Could you remind me what I am looking for?,
id1_harat,dlg,ReplyList/5/Text,0,-1,"I have never heard of Harat, God of Darkness.",
id1_harat,dlg,ReplyList/50/Text,0,-1,I'm just going to hold on to this.,
id1_harat,dlg,ReplyList/51/Text,0,-1,I don't know that I can trust you.,
id1_harat,dlg,ReplyList/52/Text,0,-1,You can't have it.,
id1_harat,dlg,ReplyList/53/Text,0,-1,"I figure if I have it, I control you.",
id1_harat,dlg,ReplyList/55/Text,0,-1,"No, I'll just hold on to it.",
id1_harat,dlg,ReplyList/56/Text,0,-1,I don't know. How can I trust you not to take it?,
id1_harat,dlg,ReplyList/57/Text,0,-1,I agree.,
id1_harat,dlg,ReplyList/59/Text,0,-1,I suspected a trick all along!,
id1_harat,dlg,ReplyList/60/Text,0,-1,But what about our agreement?,
id1_harat,dlg,ReplyList/61/Text,0,-1,What?,
id1_harat,dlg,ReplyList/63/Text,0,-1,Perhaps I shall open it first?,
id1_harat,dlg,ReplyList/65/Text,0,-1,As for my reward?,
id1_harat,dlg,ReplyList/66/Text,0,-1,Take it. It's useless to me.,
id1_harat,dlg,ReplyList/7/Text,0,-1,You are a god?,
id1_harat,dlg,ReplyList/9/Text,0,-1,"I will have no dealings with you, creature of evil.",
id1_hireling,dlg,EntryList/0/Text,0,-1,<CUSTOM5001>,
id1_hireling,dlg,EntryList/1/Text,0,-1,<CUSTOM5001>,
id1_hireling,dlg,EntryList/2/Text,0,-1,<CUSTOM5001>,
id1_hireling,dlg,EntryList/3/Text,0,-1,<CUSTOM5001>,
id1_hireling,dlg,ReplyList/1/Text,0,-1,No.,
id1_hireling,dlg,ReplyList/3/Text,0,-1,Yes.,
id1_idvo,dlg,EntryList/0/Text,0,-1,"I have always enjoyed my time in Undermountain. I think, from the moment of my birth, I was destined for this.",
id1_idvo,dlg,EntryList/1/Text,0,-1,"I was born, wasn't I? I had a mother and a father? It's funny - I don't actually remember them.",
id1_idvo,dlg,EntryList/10/Text,0,-1,Dark is the day when even the mighty must depend on underlings to carry out their orders and do what must be done.,
id1_idvo,dlg,EntryList/11/Text,0,-1,"But, in the blackest depths of Undermountain, who gives the orders now? Is it some dark evil, or is it the mind of a mad man?",
id1_idvo,dlg,EntryList/12/Text,0,-1,"Not bad, not bad... So far it's not such a stretch from what one might expect from a dungeon known for its... flexibility.",
id1_idvo,dlg,EntryList/13/Text,0,-1,"It is often said that Undermountain has taken on the madness of its creater, Halaster Blackcloak. ",
id1_idvo,dlg,EntryList/14/Text,0,-1,"Shifting from shape to shape, it lures in its prey with whispers of wealth and prowess, only to betray them in the end.",
id1_idvo,dlg,EntryList/15/Text,0,-1,Listen to it whispering. This is only the beginning.,
id1_idvo,dlg,EntryList/16/Text,0,-1,"Some souls are born, they live their little lives, and then they die. But I was never one of those.",
id1_idvo,dlg,EntryList/17/Text,0,-1,"You see, dark deals are struck in the alleys of Waterdeep but the darkest deeds occur in a place called Undermountain, far below.",
id1_idvo,dlg,EntryList/18/Text,0,-1,"Plots are hatched, coins change hands, dark doors are opened.",
id1_idvo,dlg,EntryList/19/Text,0,-1,"Many heroes have entered this ever-changing labyrinth, intent on destroying its madness...",
id1_idvo,dlg,EntryList/2/Text,0,-1,"If not me, who does rule in Undermountain?",
id1_idvo,dlg,EntryList/20/Text,0,-1,but they were too weak!,
id1_idvo,dlg,EntryList/21/Text,0,-1,"But I am a patient soul, and someday one will come who can unravel the secrets of Undermountain.",
id1_idvo,dlg,EntryList/3/Text,0,-1,There comes a moment in each person's life when a single decision can alter the course of history.,
id1_idvo,dlg,EntryList/4/Text,0,-1,What if Szazz Tam had been satisfied with the fullness of his life and chosen not to become a lich?,
id1_idvo,dlg,EntryList/5/Text,0,-1,"What if Elminster had opted to become a farmer, not a mage?",
id1_idvo,dlg,EntryList/6/Text,0,-1,What if Bhaal had made room within his heart for a moment of compassion?,
id1_idvo,dlg,EntryList/7/Text,0,-1,"What if, after a thousand years, Halaster had finally tired of Undermountain and sought to see the world?",
id1_idvo,dlg,EntryList/8/Text,0,-1,"What if... 'tis just a child's game, isn't it? Life. Choices. What if.",
id1_idvo,dlg,EntryList/9/Text,0,-1,Since when did the mighty Halaster rely on simple minions to promote his cause?,
id1_journal,dlg,EntryList/0/Text,0,-1,[the loop],
id1_journal,dlg,EntryList/1/Text,0,-1,<CUSTOM5100>,
id1_journal,dlg,EntryList/10/Text,0,-1,<CUSTOM5100>,
id1_journal,dlg,EntryList/100/Text,0,-1,<CUSTOM5100>,
id1_journal,dlg,EntryList/101/Text,0,-1,Each consumable has a proportional chance of appearing in any given treasure. An item with a proportional chance of 20 would be twice as likely to appear as an item with 10.,
id1_journal,dlg,EntryList/102/Text,0,-1,<CUSTOM5100>,
id1_journal,dlg,EntryList/103/Text,0,-1,Each accessory has a proportional chance of appearing in any given treasure. An item with a proportional chance of 20 would be twice as likely to appear as an item with 10.,
id1_journal,dlg,EntryList/104/Text,0,-1,<CUSTOM5100>,
id1_journal,dlg,EntryList/105/Text,0,-1,Each type of armor has a proportional chance of appearing in any given treasure. An armor type with a proportional chance of 20 would be twice as likely to appear as an armor type with 10. You can also adjust the frequency of each individual type of armor in each category.,
id1_journal,dlg,EntryList/106/Text,0,-1,<CUSTOM5100>,
id1_journal,dlg,EntryList/107/Text,0,-1,<CUSTOM5100>,
id1_journal,dlg,EntryList/108/Text,0,-1,<CUSTOM5100>,
id1_journal,dlg,EntryList/109/Text,0,-1,Each type of weapon has a proportional chance of appearing in any given treasure. A weapon type with a proportional chance of 20 would be twice as likely to appear as a weapon type with 10. You can also adjust the frequency of each individual weapon in each category.,
id1_journal,dlg,EntryList/11/Text,0,-1,<CUSTOM5100>,
id1_journal,dlg,EntryList/110/Text,0,-1,<CUSTOM5100>,
id1_journal,dlg,EntryList/111/Text,0,-1,<CUSTOM5100>,
id1_journal,dlg,EntryList/112/Text,0,-1,<CUSTOM5100>,
id1_journal,dlg,EntryList/113/Text,0,-1,<CUSTOM5100>,
id1_journal,dlg,EntryList/114/Text,0,-1,"Treasure is normally generated according to the level of the party that enters the area. The total value can be adjusted to generate treasure a number of levels higher or lower than the party's. The value of treasure items is appropriate to the overall treasure level (100%), but this can also be adjusted so that chests or creatures or bosses drop treasure with a modified overall value while still scaling items to the specified treasure level. Regardless of value, Infinite Dungeons has a limit on the maximum number of items that can be found in treasure.",
id1_journal,dlg,EntryList/115/Text,0,-1,<CUSTOM5100>,
id1_journal,dlg,EntryList/116/Text,0,-1,"Safe Zones are areas in a dungeon level where no encounters or plots are spawned. While they may not always be active, there is a chance of either a puzzle or an encampment appearing within them. A player can change the frequency of puzzles and/or encampments, and adjust the details of each. Note that the maximum sum of puzzle frequency and encampment frequency is 100%, and that changing the frequency of one might affect the other.",
id1_journal,dlg,EntryList/117/Text,0,-1,<CUSTOM5100>,
id1_journal,dlg,EntryList/118/Text,0,-1,"An active Safe Zone has a chance of being either a puzzle or an encampment. A player can increase the chance that an active Safe Zone is an encampment. He can also adjust the chance of the various NPC and object types (merchants, minions, mystic anvils, etc.) appearing within the camp.",
id1_journal,dlg,EntryList/119/Text,0,-1,<CUSTOM5100>,
id1_journal,dlg,EntryList/12/Text,0,-1,<CUSTOM5100>,
id1_journal,dlg,EntryList/120/Text,0,-1,"The percentage chance that a merchant will spawn in an encampment can be adjusted, as well at the details of their store. They can be set to have limited or unlimited gold, and the prices at which they buy and sell can be adjusted.",
id1_journal,dlg,EntryList/121/Text,0,-1,<CUSTOM5100>,
id1_journal,dlg,EntryList/122/Text,0,-1,"Merchants buy and sell items as a percentage of their ideal value. Usually the price at which they buy items is a lot lower than what they sell them at, but this can be adjusted. The buy price can never be higher than the sell price.",
id1_journal,dlg,EntryList/123/Text,0,-1,<CUSTOM5100>,
id1_journal,dlg,EntryList/124/Text,0,-1,"Each merchant has a certain amount of gold with which to buy item from players. Once he has spent this amount, he can no longer buy items. A merchant can be set to have unlimited funds, or to have a limited budget based on character level.",
id1_journal,dlg,EntryList/125/Text,0,-1,<CUSTOM5100>,
id1_journal,dlg,EntryList/126/Text,0,-1,An active Safe Zone has a chance of being either a puzzle or an encampment. A player can increase the chance that an active Safe Zone is a puzzle. He can also adjust that puzzle's difficulty and the kind of reward he will receive upon successfully completing it.,
id1_journal,dlg,EntryList/127/Text,0,-1,<CUSTOM5100>,
id1_journal,dlg,EntryList/128/Text,0,-1,"Every puzzle gives some sort of reward when completed. This can be opening a secret area with encounters and treasure, spawning in a treasure chest, or a large experience reward. Setting the proportional chance determines how likely each type of reward is to spawn in. The values are relative, so a reward with a chance of 20 is twice as likely as a reward with a chance of 10. You can also adjust the value of the treasure reward.",
id1_journal,dlg,EntryList/129/Text,0,-1,<CUSTOM5100>,
id1_journal,dlg,EntryList/13/Text,0,-1,<CUSTOM5100>,
id1_journal,dlg,EntryList/130/Text,0,-1,"Each puzzle is categorized according to difficulty, with harder puzzles requiring more thought and effort to solve successfully. A player can adjust the difficulty of puzzles encountered in the dungeon.",
id1_journal,dlg,EntryList/131/Text,0,-1,<CUSTOM5100>,
id1_journal,dlg,EntryList/132/Text,0,-1,"There are a number of secret rooms scattered about larger areas. When a dungeon area is generated, there is a chance for each secret room that a door will be spawned in. These doors are hidden, but the detection difficulty can be fixed or variable, and set to a specific number or based on level. Also, the frequency of encounters and treasure spawning within the secret rooms can be adjusted.",
id1_journal,dlg,EntryList/133/Text,0,-1,<CUSTOM5100>,
id1_journal,dlg,EntryList/134/Text,0,-1,"The detection difficulty of a secret door is either set specifically or based on character level. If the number is fixed, it will never vary between doors. If the number varies, the detection difficulty will be modified up or down within the range specified.",
id1_journal,dlg,EntryList/135/Text,0,-1,<CUSTOM5100>,
id1_journal,dlg,EntryList/136/Text,0,-1,"There are a number of secret rooms scattered about larger areas. When a dungeon area is generated, there is a chance for each secret room that a door will be spawned in. These doors are hidden, but the detection difficulty can be fixed or variable, and set to a specific number or based on level. Also, the frequency of encounters and treasure spawning within the secret rooms can be adjusted.",
id1_journal,dlg,EntryList/137/Text,0,-1,<CUSTOM5100>,
id1_journal,dlg,EntryList/138/Text,0,-1,"When a dungeon area is generated, each décor waypoint in it has a certain percentage chance of containing a random bit of décor.",
id1_journal,dlg,EntryList/139/Text,0,-1,<CUSTOM5100>,
id1_journal,dlg,EntryList/14/Text,0,-1,<CUSTOM5100>,
id1_journal,dlg,EntryList/140/Text,0,-1,<CUSTOM5100>,
id1_journal,dlg,EntryList/141/Text,0,-1,"A dungeon level has a maximum possible width, length, and depth. All explored areas are shown by default. If a player selects all areas, every area in the level will be shown, but without details of their contents. If the maximum area is selected, the borders of the level will be shown in addition to all explored areas.",
id1_journal,dlg,EntryList/142/Text,0,-1,<CUSTOM5100>,
id1_journal,dlg,EntryList/143/Text,0,-1,"The dungeon map checks to see which areas on the current dungeon level have been explored. If a player has chosen to see all areas, the details of every single area of the level, explored or not, will be shown. Otherwise, a player can set the map to show the details of only those areas he has explored himself, or those areas explored by all current party members.",
id1_journal,dlg,EntryList/144/Text,0,-1,<CUSTOM5100>,
id1_journal,dlg,EntryList/145/Text,0,-1,"When a player uses the dungeon map, a visible map is created at their feet. If the map is set to clean itself up, it will disappear when the player moves a reasonable distance away (based on map size). The map can also be set to remain visible until the player either uses their map again or leaves the area.",
id1_journal,dlg,EntryList/146/Text,0,-1,<CUSTOM5100>,
id1_journal,dlg,EntryList/147/Text,0,-1,<CUSTOM5100>,
id1_journal,dlg,EntryList/148/Text,0,-1,"When selecting areas for a dungeon level, Infinite Dungeons first determines what kind of exit configuration - the number and direction of exits - the area will have. The chance of a given configuration is proportional, so a configuration with a chance of 20 is twice as likely to appear as one with a chance of 10. To avoid potential problems, there is always at least a chance of 1 that a four-exit area will appear.",
id1_journal,dlg,EntryList/149/Text,0,-1,<CUSTOM5100>,
id1_journal,dlg,EntryList/15/Text,0,-1,<CUSTOM5100>,
id1_journal,dlg,EntryList/150/Text,0,-1,Every dungeon level is composed of areas connected by doors. These areas for a rough grid a certain number of areas wide and a certain number long. Adjusting those numbers can change the maximum size of the dungeon level. A dungeon level can never contain less than two areas in order to ensure that it will always have a staircase down or a boss.,
id1_journal,dlg,EntryList/151/Text,0,-1,<CUSTOM5100>,
id1_journal,dlg,EntryList/152/Text,0,-1,"When a dungeon is created it is determined to be a certain number of levels deep, each separated by a one or more staircases down. If a player sets a fixed depth, the dungeon will be exactly that many levels deep. If a player sets a random depth, the dungeon wil be a random number of levels deep, up to the specified number.",
id1_journal,dlg,EntryList/153/Text,0,-1,<CUSTOM5100>,
id1_journal,dlg,EntryList/154/Text,0,-1,"Infinite Dungeons tries to fit a certain number of staircases into its generated levels based on the number of stairs needed, size of the level, the available areas, and other factors. A given random dungeon level may not be able to accommodate as many stairs as you want, but the dungeon will do its best. A fixed number of stairs means the dungeon will always try to accommodate that many stairs, while a random setting means the dungeon will try to accommodate a random number of staircases up to the number specified.",
id1_journal,dlg,EntryList/155/Text,0,-1,<CUSTOM5100>,
id1_journal,dlg,EntryList/156/Text,0,-1,<CUSTOM5100>,
id1_journal,dlg,EntryList/157/Text,0,-1,"Infinite Dungeons gathers a list of available themes and theme sets when it loads. Players can select a specific theme or theme set for the dungeon being generating, or have the module pick one randomly from the list.",
id1_journal,dlg,EntryList/158/Text,0,-1,<CUSTOM5100>,
id1_journal,dlg,EntryList/159/Text,0,-1,"All creatures and areas in Infinite Dungeons are grouped into themes. When a specific theme is selected, the dungeon will try to create areas and creatures that fit within that theme. A theme set is a preset collection of different themes, with some being given higher priority (primary themes) than others (secondary themes).",
id1_journal,dlg,EntryList/16/Text,0,-1,<CUSTOM5100>,
id1_journal,dlg,EntryList/160/Text,0,-1,"Would you like to view your own score, or the top scores in this dungeon?",
id1_journal,dlg,EntryList/161/Text,0,-1,<CUSTOM5100>,
id1_journal,dlg,EntryList/162/Text,0,-1,<CUSTOM5100>,
id1_journal,dlg,EntryList/163/Text,0,-1,What kind of quests would you like to see?,
id1_journal,dlg,EntryList/164/Text,0,-1,Quest List,
id1_journal,dlg,EntryList/165/Text,0,-1,<CUSTOM5100>,
id1_journal,dlg,EntryList/166/Text,0,-1,<CUSTOM5200>,
id1_journal,dlg,EntryList/167/Text,0,-1,<CUSTOM5200>,
id1_journal,dlg,EntryList/168/Text,0,-1,"Over time the dungeon database can get very large. It is normally rebuilt when you create a new dungeon, but if you have been transferring between already made dungeons a lot it can get very large. The act of rebuilding removes all old or extraneous information from the database, reducing its size.",
id1_journal,dlg,EntryList/169/Text,0,-1,Rebuilding the database.,
id1_journal,dlg,EntryList/17/Text,0,-1,<CUSTOM5100>,
id1_journal,dlg,EntryList/170/Text,0,-1,<CUSTOM5200>,
id1_journal,dlg,EntryList/171/Text,0,-1,Checking theme validity.,
id1_journal,dlg,EntryList/172/Text,0,-1,Checking area validity.,
id1_journal,dlg,EntryList/173/Text,0,-1,Checking open decor.,
id1_journal,dlg,EntryList/174/Text,0,-1,Checking wall decor.,
id1_journal,dlg,EntryList/175/Text,0,-1,Checking items.,
id1_journal,dlg,EntryList/176/Text,0,-1,Checking damage types.,
id1_journal,dlg,EntryList/177/Text,0,-1,Checking containers.,
id1_journal,dlg,EntryList/178/Text,0,-1,Checking puzzles.,
id1_journal,dlg,EntryList/179/Text,0,-1,Checking plot containers.,
id1_journal,dlg,EntryList/18/Text,0,-1,<CUSTOM5100>,
id1_journal,dlg,EntryList/180/Text,0,-1,Checking creatures.,
id1_journal,dlg,EntryList/181/Text,0,-1,Checking merchant lines.,
id1_journal,dlg,EntryList/182/Text,0,-1,Checking hireling lines.,
id1_journal,dlg,EntryList/183/Text,0,-1,Checking monster seller lines.,
id1_journal,dlg,EntryList/184/Text,0,-1,Checking spellcaster lines.,
id1_journal,dlg,EntryList/185/Text,0,-1,Checking plot lines.,
id1_journal,dlg,EntryList/186/Text,0,-1,<CUSTOM5200>,
id1_journal,dlg,EntryList/187/Text,0,-1,Dungeon imported.,
id1_journal,dlg,EntryList/188/Text,0,-1,Unexploring dungeon.,
id1_journal,dlg,EntryList/189/Text,0,-1,Partially resetting.,
id1_journal,dlg,EntryList/19/Text,0,-1,<CUSTOM5100>,
id1_journal,dlg,EntryList/190/Text,0,-1,Resetting.,
id1_journal,dlg,EntryList/191/Text,0,-1,Dungeon import failed. Invalid plot lines present.,
id1_journal,dlg,EntryList/192/Text,0,-1,Dungeon import failed. Invalid spellcaster lines present.,
id1_journal,dlg,EntryList/193/Text,0,-1,Dungeon import failed. Invalid monster seller lines present.,
id1_journal,dlg,EntryList/194/Text,0,-1,Dungeon import failed. Invalid hireling lines present.,
id1_journal,dlg,EntryList/195/Text,0,-1,Dungeon import failed. Invalid merchant lines present.,
id1_journal,dlg,EntryList/196/Text,0,-1,Dungeon import failed. Invalid creatures present.,
id1_journal,dlg,EntryList/197/Text,0,-1,Dungeon import failed. Invalid plot placeables present.,
id1_journal,dlg,EntryList/198/Text,0,-1,Dungeon import failed. Invalid puzzles present.,
id1_journal,dlg,EntryList/199/Text,0,-1,Dungeon import failed. Invalid containers present.,
id1_journal,dlg,EntryList/2/Text,0,-1,<CUSTOM5100>,
id1_journal,dlg,EntryList/20/Text,0,-1,<CUSTOM5100>,
id1_journal,dlg,EntryList/200/Text,0,-1,Dungeon import failed. Invalid damage types present.,
id1_journal,dlg,EntryList/201/Text,0,-1,Dungeon import failed. Invalid items present.,
id1_journal,dlg,EntryList/202/Text,0,-1,Dungeon import failed. Invalid wall decor present.,
id1_journal,dlg,EntryList/203/Text,0,-1,Dungeon import failed. Invalid open decor present.,
id1_journal,dlg,EntryList/204/Text,0,-1,Dungeon import failed. Invalid areas present.,
id1_journal,dlg,EntryList/205/Text,0,-1,Dungeon import failed. Invalid themes present.,
id1_journal,dlg,EntryList/206/Text,0,-1,You have too many dungeons currently active. Please delete one if you want to import another dungeon.,
id1_journal,dlg,EntryList/207/Text,0,-1,Dungeon exporting.,
id1_journal,dlg,EntryList/208/Text,0,-1,<CUSTOM5200>,
id1_journal,dlg,EntryList/209/Text,0,-1,Which custom dungeon would you like to select?,
id1_journal,dlg,EntryList/21/Text,0,-1,<CUSTOM5100>,
id1_journal,dlg,EntryList/210/Text,0,-1,<CUSTOM5211>,
id1_journal,dlg,EntryList/211/Text,0,-1,<CUSTOM5211>,
id1_journal,dlg,EntryList/212/Text,0,-1,Dungeon has been permanently deleted.,
id1_journal,dlg,EntryList/213/Text,0,-1,There are no more dungeons to examine.,
id1_journal,dlg,EntryList/214/Text,0,-1,Which plot dungeon would you like to be the active one?,
id1_journal,dlg,EntryList/215/Text,0,-1,<CUSTOM5200>,
id1_journal,dlg,EntryList/216/Text,0,-1,<CUSTOM5200>,
id1_journal,dlg,EntryList/217/Text,0,-1,<CUSTOM5200>,
id1_journal,dlg,EntryList/218/Text,0,-1,<CUSTOM5201>,
id1_journal,dlg,EntryList/219/Text,0,-1,"You can customize the dungeon to make it more suitable to certain types of character classes. A dungeon customized for Fighter type characters features heavier armor and martial weapons, as well as increased numbers of creatures. A dungeon customized for Rogue type characters features lighter weapons and armor and more traps and secret areas. A dungeon customized for Mage type characters features no heavy armor or weapons, but increased numbers of mage-specific items. If the dungeon is on default settings, anything can appear.",
id1_journal,dlg,EntryList/22/Text,0,-1,<CUSTOM5100>,
id1_journal,dlg,EntryList/220/Text,0,-1,Infinite Dungeons is recommended for players level 5 and higher. One or more players are below level 5. They can be levelled up automatically to the recommended level.,
id1_journal,dlg,EntryList/221/Text,0,-1,Levelling up players.,
id1_journal,dlg,EntryList/23/Text,0,-1,<CUSTOM5100>,
id1_journal,dlg,EntryList/24/Text,0,-1,<CUSTOM5100>,
id1_journal,dlg,EntryList/25/Text,0,-1,<CUSTOM5100>,
id1_journal,dlg,EntryList/26/Text,0,-1,<CUSTOM5100>,
id1_journal,dlg,EntryList/27/Text,0,-1,<CUSTOM5100>,
id1_journal,dlg,EntryList/28/Text,0,-1,<CUSTOM5100>,
id1_journal,dlg,EntryList/29/Text,0,-1,<CUSTOM5100>,
id1_journal,dlg,EntryList/3/Text,0,-1,<CUSTOM5100>,
id1_journal,dlg,EntryList/30/Text,0,-1,<CUSTOM5100>,
id1_journal,dlg,EntryList/31/Text,0,-1,<CUSTOM5100>,
id1_journal,dlg,EntryList/32/Text,0,-1,<CUSTOM5100>,
id1_journal,dlg,EntryList/33/Text,0,-1,<CUSTOM5100>,
id1_journal,dlg,EntryList/34/Text,0,-1,<CUSTOM5100>,
id1_journal,dlg,EntryList/35/Text,0,-1,<CUSTOM5100>,
id1_journal,dlg,EntryList/36/Text,0,-1,<CUSTOM5100>,
id1_journal,dlg,EntryList/37/Text,0,-1,<CUSTOM5100>,
id1_journal,dlg,EntryList/38/Text,0,-1,<CUSTOM5100>,
id1_journal,dlg,EntryList/39/Text,0,-1,<CUSTOM5100>,
id1_journal,dlg,EntryList/4/Text,0,-1,<CUSTOM5100>,
id1_journal,dlg,EntryList/40/Text,0,-1,<CUSTOM5100>,
id1_journal,dlg,EntryList/41/Text,0,-1,<CUSTOM5100>,
id1_journal,dlg,EntryList/42/Text,0,-1,<CUSTOM5100>,
id1_journal,dlg,EntryList/43/Text,0,-1,<CUSTOM5100>,
id1_journal,dlg,EntryList/44/Text,0,-1,<CUSTOM5100>,
id1_journal,dlg,EntryList/45/Text,0,-1,<CUSTOM5100>,
id1_journal,dlg,EntryList/46/Text,0,-1,<CUSTOM5100>,
id1_journal,dlg,EntryList/47/Text,0,-1,You open the dungeon journal to its beginning and peruse its contents.,
id1_journal,dlg,EntryList/48/Text,0,-1,You close the dungeon journal and put it away.,
id1_journal,dlg,EntryList/49/Text,0,-1,What dungeon properties would you like to alter?,
id1_journal,dlg,EntryList/5/Text,0,-1,<CUSTOM5100>,
id1_journal,dlg,EntryList/50/Text,0,-1,<CUSTOM5100>,
id1_journal,dlg,EntryList/51/Text,0,-1,"When a player dies, he is normally given the opportunity to wait for help or respawn to fight again. To make a dungeon more difficult, penalties may be set to remove gold, experience, and/or items whenever a player chooses to respawn. A player can change the location where he respawns as well as his health and rest condition when he respawns. The disposition of the dead player's henchmen can also be adjusted.",
id1_journal,dlg,EntryList/52/Text,0,-1,<CUSTOM5100>,
id1_journal,dlg,EntryList/53/Text,0,-1,"When a player dies, there is the option to have all the player's henchmen die at the same time. Plot giving NPCs cannot leave the dungeon they start in, so they will be removed if players are set to respawn in Little Timmy's warehouse.",
id1_journal,dlg,EntryList/54/Text,0,-1,<CUSTOM5100>,
id1_journal,dlg,EntryList/55/Text,0,-1,"When a player dies, Infinite Dungeons determines where he should go. He can respawn right where he died, at the entrance to the area or level in which he died, or back at Little Timmy's Warehouse. With this latter option, the player may not be able to re-enter the dungeon if the rest of his party is too far down. Note that plot creatures cannot leave their home dungeon and will be removed if they are attached to a player who respawns at the Warehouse. There is also an option to make player death permanent, but this option should be used with care.",
id1_journal,dlg,EntryList/56/Text,0,-1,<CUSTOM5100>,
id1_journal,dlg,EntryList/57/Text,0,-1,"A player's respawn penalty takes the form of a percentage gold, experience, or items. Gold and experience will be taken directly from the player, though an experience penalty will never reduce a character's level. Items penalties are the percentage chance that each item equipped and in the player's inventory will be taken away. It is possible through sheer bad luck to have every single item removed from a player, so this option should be used with care.",
id1_journal,dlg,EntryList/58/Text,0,-1,<CUSTOM5100>,
id1_journal,dlg,EntryList/59/Text,0,-1,"Points are scored for all major accomplishments in Infinite Dungeons. While there is no in-game effect, players can turn on or off the feedback for the number of points awarded, the number of feats accomplished, and the point total.",
id1_journal,dlg,EntryList/6/Text,0,-1,<CUSTOM5100>,
id1_journal,dlg,EntryList/60/Text,0,-1,<CUSTOM5100>,
id1_journal,dlg,EntryList/61/Text,0,-1,"When a dungeon level is created, Infinite Dungeons attempts to fill each plot waypoint with a plot creature and a certain kind of plot. A player can adjust the frequency of active plots as well as the value of the plot reward. Also, a player can modify the proportional chance of a certain kind of plot appearing.",
id1_journal,dlg,EntryList/62/Text,0,-1,<CUSTOM5100>,
id1_journal,dlg,EntryList/63/Text,0,-1,"There are seven types of quests in Infinite Dungeons, each with a different goal or wayin which it is generated. A player can adjust the proportional chance of each type of plot appearing. A plot type with a proportional chance of 20 is twice as likely to appear as a plot type with a chance of 10.",
id1_journal,dlg,EntryList/64/Text,0,-1,<CUSTOM5100>,
id1_journal,dlg,EntryList/65/Text,0,-1,"Infinite Dungeons places a special final boss area on the bottom level of each dungeon. A player can modify this area, as well as change the frequency of minibosses and boss guards, and the frequency and value of boss and miniboss treasure.",
id1_journal,dlg,EntryList/66/Text,0,-1,<CUSTOM5100>,
id1_journal,dlg,EntryList/67/Text,0,-1,"When Infinite Dungeons selects a boss area for a dungeon, it can either select one based on the level's tileset, choose an area associated with the dungeon's theme set, or with an area selected by the player.",
id1_journal,dlg,EntryList/68/Text,0,-1,<CUSTOM5100>,
id1_journal,dlg,EntryList/69/Text,0,-1,"Each encounter waypoint within an area has a percentage chance of being active. A player can adjust this chance, as well as the size and difficulty of the encounters that spawn at those points. The corpses of creatures can be made to fade away or remain permanent until the player leaves the area. Other features that can be changed include: the frequency and value of treasure dropped by encountered creatures; the creature list used by Infinite Dungeons to populate an area; and the frequency with which creatures speak in combat.",
id1_journal,dlg,EntryList/7/Text,0,-1,<CUSTOM5100>,
id1_journal,dlg,EntryList/70/Text,0,-1,<CUSTOM5100>,
id1_journal,dlg,EntryList/71/Text,0,-1,"When an encounter is generated, Infinite Dungeons selects its size, then selects each creature individually from those that meet the requirements. A player can specify encounter creatures to match the dungeon's theme, be from a specific theme, or be completely random. A specific creature can also be selected if a player wants to encounter only one kind of creature in that dungeon. Note that selecting a specific, high-level creature will make every encounter a high-level one.",
id1_journal,dlg,EntryList/72/Text,0,-1,<CUSTOM5100>,
id1_journal,dlg,EntryList/73/Text,0,-1,"When a creature is killed, its body falls to the ground. If creature corpses are set to fade away, only those creatures with treasure will remain and they will disappear once they are looted completely. If creature corpses are set to remain, they will stay visible until players leave the area.",
id1_journal,dlg,EntryList/74/Text,0,-1,<CUSTOM5100>,
id1_journal,dlg,EntryList/75/Text,0,-1,"Each encounter contains a number of creatures based on the size of the party. A player can adjust the encounter size to feature a single creature, a group roughly the same size as the party, or much larger groups. The difficulty of encounters will scale accordingly, with larger groups composed of individually easier creatures. Smaller encounters have a minimum of 1 creature.",
id1_journal,dlg,EntryList/76/Text,0,-1,<CUSTOM5100>,
id1_journal,dlg,EntryList/77/Text,0,-1,"Doors and treasure chests can be found trapped, as well as traps on the floor placed around the area. You can set the percentage chance that each individual door or chest will be trapped when it is first spawned in, or that a floor trap will be active. The difficulty to disarm them can be fixed or variable, and set to a specific number or based on level. The damage type of a trap is based on the tileset of the area in which it spawns.",
id1_journal,dlg,EntryList/78/Text,0,-1,<CUSTOM5100>,
id1_journal,dlg,EntryList/79/Text,0,-1,"The saving throw to avoid a trap is either set specifically, or based on player level. If that number is fixed, it will never vary between traps. If it is set to vary, the number will be modified +/- within the range specified.",
id1_journal,dlg,EntryList/8/Text,0,-1,<CUSTOM5100>,
id1_journal,dlg,EntryList/80/Text,0,-1,<CUSTOM5100>,
id1_journal,dlg,EntryList/81/Text,0,-1,"The saving throw to avoid the damage from a trap is a number that is checked against the player's Reflex saving throw. You can either specifically set the base difficulty, or have it be a number determined by the player's level.",
id1_journal,dlg,EntryList/82/Text,0,-1,<CUSTOM5100>,
id1_journal,dlg,EntryList/83/Text,0,-1,"The disarm difficulty of a trap is either set specifically, or based on player level. If that number is fixed, it will never vary between traps. If it is set to vary, the number will be modified +/- within the range specified.",
id1_journal,dlg,EntryList/84/Text,0,-1,<CUSTOM5100>,
id1_journal,dlg,EntryList/85/Text,0,-1,"The difficulty to disarm a door, chest or floor trap is a number that is checked against the player's Disarm Trap skill. You can either specifically set the base difficulty, or have it be a number determined by the player's level.",
id1_journal,dlg,EntryList/86/Text,0,-1,<CUSTOM5100>,
id1_journal,dlg,EntryList/87/Text,0,-1,"The detect difficulty of a trap is either set specifically, or based on player level. If that number is fixed, it will never vary between traps. If it is set to vary, the number will be modified +/- within the range specified.",
id1_journal,dlg,EntryList/88/Text,0,-1,<CUSTOM5100>,
id1_journal,dlg,EntryList/89/Text,0,-1,"The difficulty to detect a door, chest or floor trap is a number that is checked against the player's Detect Trap skill. You can either specifically set the base difficulty, or have it be a number determined by the player's level.",
id1_journal,dlg,EntryList/9/Text,0,-1,<CUSTOM5100>,
id1_journal,dlg,EntryList/90/Text,0,-1,<CUSTOM5100>,
id1_journal,dlg,EntryList/91/Text,0,-1,"Doors and treasure chests may be found locked. Players can set the percentage chance of each door or chest being locked when it is spawned in. The difficulty to unlock them can be fixed or variable, and set to a specific number or based on character level.",
id1_journal,dlg,EntryList/92/Text,0,-1,<CUSTOM5100>,
id1_journal,dlg,EntryList/93/Text,0,-1,"The difficulty to unlock a door or chest is either set specifically or based on character level. If that number is fixed, it will never vary between locks. If it is variable, it will be randomly modified higher or lower within the range specified.",
id1_journal,dlg,EntryList/94/Text,0,-1,<CUSTOM5100>,
id1_journal,dlg,EntryList/95/Text,0,-1,"To unlock a door or chest, the difficulty is rolled against the player's Open Lock skill. This difficulty can be set specifically, or it can be based on the character's level.",
id1_journal,dlg,EntryList/96/Text,0,-1,<CUSTOM5100>,
id1_journal,dlg,EntryList/97/Text,0,-1,"Each treasure waypoint in an area has a chance of being active and spawning a treasure chest. Players have a great deal of control over the frequency, level, even the variety of treasure appearing within a dungeon, from the general (adjusting the frequency of weapons) to the specific (adjusting dagger frequency). He can also determine whether a spawned item is randomly-generated or is a specific item found in a player's specific_items.2da file. Also, all treasure drops may contain gems and gem recipes, which can be used to add special properties to a character's equipment.",
id1_journal,dlg,EntryList/98/Text,0,-1,<CUSTOM5100>,
id1_journal,dlg,EntryList/99/Text,0,-1,Each type of item has a proportional chance of appearing in any given treasure. An item type with a proportional chance of 20 would be twice as likely to appear as an item with 10.,
id1_journal,dlg,ReplyList/1/Text,0,-1,<StartAction>[Return to Previous Menu]</Start>,
id1_journal,dlg,ReplyList/10/Text,0,-1,<CUSTOM5104>,
id1_journal,dlg,ReplyList/100/Text,0,-1,Change creature treasure frequency.,
id1_journal,dlg,ReplyList/101/Text,0,-1,Adjust the size of encounters.,
id1_journal,dlg,ReplyList/102/Text,0,-1,Return to Encounter System.,
id1_journal,dlg,ReplyList/103/Text,0,-1,What does this do?,
id1_journal,dlg,ReplyList/105/Text,0,-1,Set encounter size to very large (approximately 4-6 times to party size).,
id1_journal,dlg,ReplyList/106/Text,0,-1,Set encounter size to large (approximately 2-3 times party size).,
id1_journal,dlg,ReplyList/107/Text,0,-1,Set encounter size to normal (approximately equal to party size).,
id1_journal,dlg,ReplyList/108/Text,0,-1,Set encounter size to single creatures only.,
id1_journal,dlg,ReplyList/109/Text,0,-1,Change encounter difficulty.,
id1_journal,dlg,ReplyList/11/Text,0,-1,<CUSTOM5103>,
id1_journal,dlg,ReplyList/110/Text,0,-1,Change encounter frequency.,
id1_journal,dlg,ReplyList/111/Text,0,-1,Trap System,
id1_journal,dlg,ReplyList/112/Text,0,-1,What does this do?,
id1_journal,dlg,ReplyList/114/Text,0,-1,Choose whether the base saving throw is fixed or variable.,
id1_journal,dlg,ReplyList/115/Text,0,-1,What does this do?,
id1_journal,dlg,ReplyList/117/Text,0,-1,Make the saving throw of each trap vary.,
id1_journal,dlg,ReplyList/118/Text,0,-1,Make the saving throw of each trap fixed and not vary.,
id1_journal,dlg,ReplyList/119/Text,0,-1,"Set base saving throw to a specific number, or based on level.",
id1_journal,dlg,ReplyList/12/Text,0,-1,<CUSTOM5102>,
id1_journal,dlg,ReplyList/120/Text,0,-1,What does this do?,
id1_journal,dlg,ReplyList/122/Text,0,-1,Make the saving throw based on level.,
id1_journal,dlg,ReplyList/123/Text,0,-1,Set the saving throw to a specific number.,
id1_journal,dlg,ReplyList/124/Text,0,-1,Choose whether the base disarm difficulty is fixed or variable.,
id1_journal,dlg,ReplyList/125/Text,0,-1,What does this do?,
id1_journal,dlg,ReplyList/127/Text,0,-1,Make the disarm difficulty of each trap vary.,
id1_journal,dlg,ReplyList/128/Text,0,-1,Make the disarm difficulty of each trap fixed and not vary.,
id1_journal,dlg,ReplyList/129/Text,0,-1,"Set base disarm difficulty to a specific number, or based on level.",
id1_journal,dlg,ReplyList/13/Text,0,-1,<CUSTOM5101>,
id1_journal,dlg,ReplyList/130/Text,0,-1,Return to Trap System.,
id1_journal,dlg,ReplyList/131/Text,0,-1,What does this do?,
id1_journal,dlg,ReplyList/133/Text,0,-1,Make the disarm difficulty based on level.,
id1_journal,dlg,ReplyList/134/Text,0,-1,Set the disarm difficulty to a specific number.,
id1_journal,dlg,ReplyList/135/Text,0,-1,Choose whether the base detect difficulty is fixed or variable.,
id1_journal,dlg,ReplyList/136/Text,0,-1,What does this do?,
id1_journal,dlg,ReplyList/138/Text,0,-1,Make the detection difficulty of each trap vary.,
id1_journal,dlg,ReplyList/139/Text,0,-1,Make the detection difficulty of each trap fixed and not vary.,
id1_journal,dlg,ReplyList/14/Text,0,-1,<StartAction>[Previous Page]</Start>,
id1_journal,dlg,ReplyList/140/Text,0,-1,"Set base detect difficulty to a specific number, or based on level.",
id1_journal,dlg,ReplyList/141/Text,0,-1,What does this do?,
id1_journal,dlg,ReplyList/143/Text,0,-1,Make the detect difficulty based on level.,
id1_journal,dlg,ReplyList/144/Text,0,-1,Set the detect difficulty to a specific number.,
id1_journal,dlg,ReplyList/145/Text,0,-1,Change the frequency of trapped treasure chests.,
id1_journal,dlg,ReplyList/146/Text,0,-1,Change the frequency of trapped doors.,
id1_journal,dlg,ReplyList/147/Text,0,-1,Change the frequency of active floor traps.,
id1_journal,dlg,ReplyList/148/Text,0,-1,Lock System,
id1_journal,dlg,ReplyList/149/Text,0,-1,What does this do?,
id1_journal,dlg,ReplyList/15/Text,0,-1,<StartAction>[Return to Beginning of List]</Start>,
id1_journal,dlg,ReplyList/151/Text,0,-1,Make base unlock difficulty fixed or variable.,
id1_journal,dlg,ReplyList/152/Text,0,-1,What does this do?,
id1_journal,dlg,ReplyList/154/Text,0,-1,Make the unlock difficulty of each lock vary.,
id1_journal,dlg,ReplyList/155/Text,0,-1,Make the unlock difficulty of each lock fixed and not vary.,
id1_journal,dlg,ReplyList/156/Text,0,-1,"Make base unlock difficulty set to a specific number, or based on level.",
id1_journal,dlg,ReplyList/157/Text,0,-1,Return to Lock System.,
id1_journal,dlg,ReplyList/158/Text,0,-1,What does this do?,
id1_journal,dlg,ReplyList/16/Text,0,-1,Exit.,
id1_journal,dlg,ReplyList/160/Text,0,-1,Make the unlock difficulty based on level.,
id1_journal,dlg,ReplyList/161/Text,0,-1,Set the unlock difficulty to a specific number.,
id1_journal,dlg,ReplyList/162/Text,0,-1,Change the frequency of treasure chests being locked.,
id1_journal,dlg,ReplyList/163/Text,0,-1,Change the frequency of doors being locked.,
id1_journal,dlg,ReplyList/164/Text,0,-1,Treasure System,
id1_journal,dlg,ReplyList/165/Text,0,-1,What does this do?,
id1_journal,dlg,ReplyList/167/Text,0,-1,Go to Trap System to change treasure chest traps.,
id1_journal,dlg,ReplyList/168/Text,0,-1,Go to Lock System to change treasure chest locks.,
id1_journal,dlg,ReplyList/169/Text,0,-1,Adjust gem recipe frequency.,
id1_journal,dlg,ReplyList/170/Text,0,-1,Adjust recipe gem frequency.,
id1_journal,dlg,ReplyList/171/Text,0,-1,Adjust specific item frequency.,
id1_journal,dlg,ReplyList/172/Text,0,-1,Adjust item type frequency.,
id1_journal,dlg,ReplyList/173/Text,0,-1,Return to Treasure System,
id1_journal,dlg,ReplyList/174/Text,0,-1,What does this do?,
id1_journal,dlg,ReplyList/176/Text,0,-1,Change miscellaneous item frequency.,
id1_journal,dlg,ReplyList/177/Text,0,-1,Adjust individual consumable frequencies.,
id1_journal,dlg,ReplyList/178/Text,0,-1,What does this do?,
id1_journal,dlg,ReplyList/18/Text,0,-1,<StartAction>Customize Dungeon (Advanced)</Start>,
id1_journal,dlg,ReplyList/180/Text,0,-1,Change rod frequency.,
id1_journal,dlg,ReplyList/181/Text,0,-1,Change scroll frequency.,
id1_journal,dlg,ReplyList/182/Text,0,-1,Change potion frequency.,
id1_journal,dlg,ReplyList/183/Text,0,-1,Change wand frequency.,
id1_journal,dlg,ReplyList/184/Text,0,-1,Change grenade frequency.,
id1_journal,dlg,ReplyList/185/Text,0,-1,Change consumable frequency.,
id1_journal,dlg,ReplyList/186/Text,0,-1,Adjust individual accessory frequencies.,
id1_journal,dlg,ReplyList/187/Text,0,-1,What does this do?,
id1_journal,dlg,ReplyList/189/Text,0,-1,Change ring frequency.,
id1_journal,dlg,ReplyList/19/Text,0,-1,Death/Respawn System,
id1_journal,dlg,ReplyList/190/Text,0,-1,Change helmet frequency.,
id1_journal,dlg,ReplyList/191/Text,0,-1,Change gloves frequency.,
id1_journal,dlg,ReplyList/192/Text,0,-1,Change cloak frequency.,
id1_journal,dlg,ReplyList/193/Text,0,-1,Change bracer frequency.,
id1_journal,dlg,ReplyList/194/Text,0,-1,Change boots frequency.,
id1_journal,dlg,ReplyList/195/Text,0,-1,Change belt frequency.,
id1_journal,dlg,ReplyList/196/Text,0,-1,Change amulet frequency.,
id1_journal,dlg,ReplyList/197/Text,0,-1,Change accessory frequency.,
id1_journal,dlg,ReplyList/198/Text,0,-1,Adjust individual armor frequencies.,
id1_journal,dlg,ReplyList/199/Text,0,-1,What does this do?,
id1_journal,dlg,ReplyList/2/Text,0,-1,<StartAction>[Go to End of List]</Start>,
id1_journal,dlg,ReplyList/20/Text,0,-1,What does this do?,
id1_journal,dlg,ReplyList/201/Text,0,-1,Adjust individual shield frequencies.,
id1_journal,dlg,ReplyList/202/Text,0,-1,Change tower shield frequency.,
id1_journal,dlg,ReplyList/203/Text,0,-1,Change large shield frequency.,
id1_journal,dlg,ReplyList/204/Text,0,-1,Change small shield frequency.,
id1_journal,dlg,ReplyList/205/Text,0,-1,Change shield frequency.,
id1_journal,dlg,ReplyList/206/Text,0,-1,Adjust individual body armor frequencies.,
id1_journal,dlg,ReplyList/207/Text,0,-1,Return to Armor Frequencies.,
id1_journal,dlg,ReplyList/208/Text,0,-1,Change full plate armor frequency.,
id1_journal,dlg,ReplyList/209/Text,0,-1,Change half-plate armor frequency.,
id1_journal,dlg,ReplyList/210/Text,0,-1,Change splint mail and banded armor frequency.,
id1_journal,dlg,ReplyList/211/Text,0,-1,Change breastplate and chainmail frequency.,
id1_journal,dlg,ReplyList/212/Text,0,-1,Change chain shirt and scale mail frequency.,
id1_journal,dlg,ReplyList/213/Text,0,-1,Change studded leather and hide armor frequency.,
id1_journal,dlg,ReplyList/214/Text,0,-1,Change leather armor frequency.,
id1_journal,dlg,ReplyList/215/Text,0,-1,Change padded armor frequency.,
id1_journal,dlg,ReplyList/216/Text,0,-1,Change cloth armor frequency.,
id1_journal,dlg,ReplyList/217/Text,0,-1,Change body armor frequency.,
id1_journal,dlg,ReplyList/218/Text,0,-1,Change armor frequency.,
id1_journal,dlg,ReplyList/219/Text,0,-1,Adjust individual weapon frequencies.,
id1_journal,dlg,ReplyList/22/Text,0,-1,Adjust henchman condition on player death.,
id1_journal,dlg,ReplyList/220/Text,0,-1,Return to Item Frequencies.,
id1_journal,dlg,ReplyList/221/Text,0,-1,What does this do?,
id1_journal,dlg,ReplyList/223/Text,0,-1,Adjust individual ammunition frequencies.,
id1_journal,dlg,ReplyList/224/Text,0,-1,Change bullet frequency.,
id1_journal,dlg,ReplyList/225/Text,0,-1,Change bolt frequency.,
id1_journal,dlg,ReplyList/226/Text,0,-1,Change arrow frequency.,
id1_journal,dlg,ReplyList/227/Text,0,-1,Change ammunition frequency.,
id1_journal,dlg,ReplyList/228/Text,0,-1,Adjust individual ranged weapon frequencies.,
id1_journal,dlg,ReplyList/229/Text,0,-1,Change throwing axe frequency.,
id1_journal,dlg,ReplyList/23/Text,0,-1,What does this do?,
id1_journal,dlg,ReplyList/230/Text,0,-1,Change sling frequency.,
id1_journal,dlg,ReplyList/231/Text,0,-1,Change shuriken frequency.,
id1_journal,dlg,ReplyList/232/Text,0,-1,Change shortbow frequency.,
id1_journal,dlg,ReplyList/233/Text,0,-1,Change longbow frequency.,
id1_journal,dlg,ReplyList/234/Text,0,-1,Change light crossbow frequency.,
id1_journal,dlg,ReplyList/235/Text,0,-1,Change heavy crossbow frequency.,
id1_journal,dlg,ReplyList/236/Text,0,-1,Change dart frequency.,
id1_journal,dlg,ReplyList/237/Text,0,-1,Changed ranged weapon frequency.,
id1_journal,dlg,ReplyList/238/Text,0,-1,Adjust individual melee weapon frequencies.,
id1_journal,dlg,ReplyList/239/Text,0,-1,Return to Weapon Frequencies.,
id1_journal,dlg,ReplyList/240/Text,0,-1,Change whip frequency.,
id1_journal,dlg,ReplyList/241/Text,0,-1,Change warhammer frequency.,
id1_journal,dlg,ReplyList/242/Text,0,-1,Change two-bladed sword frequency.,
id1_journal,dlg,ReplyList/243/Text,0,-1,Change sickle frequency.,
id1_journal,dlg,ReplyList/244/Text,0,-1,Change shortsword frequency.,
id1_journal,dlg,ReplyList/245/Text,0,-1,Change shortspear frequency.,
id1_journal,dlg,ReplyList/246/Text,0,-1,Change scythe frequency.,
id1_journal,dlg,ReplyList/247/Text,0,-1,Change scimitar frequency.,
id1_journal,dlg,ReplyList/248/Text,0,-1,Change rapier frequency.,
id1_journal,dlg,ReplyList/249/Text,0,-1,Change morningstar frequency.,
id1_journal,dlg,ReplyList/25/Text,0,-1,Have a player's henchmen stay alive when the player dies.,
id1_journal,dlg,ReplyList/250/Text,0,-1,Change staff frequency.,
id1_journal,dlg,ReplyList/251/Text,0,-1,Change longsword frequency.,
id1_journal,dlg,ReplyList/252/Text,0,-1,Change light mace frequency.,
id1_journal,dlg,ReplyList/253/Text,0,-1,Change light hammer frequency.,
id1_journal,dlg,ReplyList/254/Text,0,-1,Change light flail frequency.,
id1_journal,dlg,ReplyList/255/Text,0,-1,Change kukri frequency.,
id1_journal,dlg,ReplyList/256/Text,0,-1,Change katana frequency.,
id1_journal,dlg,ReplyList/257/Text,0,-1,Change kama frequency.,
id1_journal,dlg,ReplyList/258/Text,0,-1,Change heavy flail frequency.,
id1_journal,dlg,ReplyList/259/Text,0,-1,Change handaxe frequency.,
id1_journal,dlg,ReplyList/26/Text,0,-1,Have a player's henchmen die when the player dies.,
id1_journal,dlg,ReplyList/260/Text,0,-1,Change halberd frequency.,
id1_journal,dlg,ReplyList/261/Text,0,-1,Change greatsword frequency.,
id1_journal,dlg,ReplyList/262/Text,0,-1,Change greataxe frequency.,
id1_journal,dlg,ReplyList/263/Text,0,-1,Change dwarven war axe frequency.,
id1_journal,dlg,ReplyList/264/Text,0,-1,Change double axe frequency.,
id1_journal,dlg,ReplyList/265/Text,0,-1,Change dire mace frequency.,
id1_journal,dlg,ReplyList/266/Text,0,-1,Change dagger frequency.,
id1_journal,dlg,ReplyList/267/Text,0,-1,Change club frequency.,
id1_journal,dlg,ReplyList/268/Text,0,-1,Change battle axe frequency.,
id1_journal,dlg,ReplyList/269/Text,0,-1,Change bastard sword frequency.,
id1_journal,dlg,ReplyList/27/Text,0,-1,Activate/inactivate players respawning rested.,
id1_journal,dlg,ReplyList/270/Text,0,-1,Change melee weapon frequency.,
id1_journal,dlg,ReplyList/271/Text,0,-1,Change weapon frequency.,
id1_journal,dlg,ReplyList/272/Text,0,-1,Adjust boss treasure frequency and value. <StartAction>[Jump to Boss System menu]</Start>,
id1_journal,dlg,ReplyList/273/Text,0,-1,Adjust creature treasure frequency and value. <StartAction>[Jump to Encounter System menu]</Start>,
id1_journal,dlg,ReplyList/274/Text,0,-1,Adjust treasure frequency and value.,
id1_journal,dlg,ReplyList/275/Text,0,-1,What does this do?,
id1_journal,dlg,ReplyList/277/Text,0,-1,Change treasure chest traps. <StartAction>[Jump to Trap System menu]</Start>,
id1_journal,dlg,ReplyList/278/Text,0,-1,Change treasure chest locks. <StartAction>[Jump to Lock System menu]</Start>,
id1_journal,dlg,ReplyList/279/Text,0,-1,Change treasure chest value.,
id1_journal,dlg,ReplyList/28/Text,0,-1,Change player respawn health.,
id1_journal,dlg,ReplyList/280/Text,0,-1,Change treasure chest frequency.,
id1_journal,dlg,ReplyList/281/Text,0,-1,Change treasure level.,
id1_journal,dlg,ReplyList/282/Text,0,-1,Safe Zone System,
id1_journal,dlg,ReplyList/283/Text,0,-1,What does this do?,
id1_journal,dlg,ReplyList/285/Text,0,-1,Adjust encampment frequency and settings.,
id1_journal,dlg,ReplyList/286/Text,0,-1,What does this do?,
id1_journal,dlg,ReplyList/288/Text,0,-1,Change decor frequency.,
id1_journal,dlg,ReplyList/289/Text,0,-1,Change Monster Seller frequency.,
id1_journal,dlg,ReplyList/29/Text,0,-1,Adjust player repawn location.,
id1_journal,dlg,ReplyList/290/Text,0,-1,Change Hireling frequency.,
id1_journal,dlg,ReplyList/291/Text,0,-1,Adjust merchant frequency and store details.,
id1_journal,dlg,ReplyList/292/Text,0,-1,Return to Encampment Settings.,
id1_journal,dlg,ReplyList/293/Text,0,-1,What does this do?,
id1_journal,dlg,ReplyList/295/Text,0,-1,Adjust Merchant buy and sell prices.,
id1_journal,dlg,ReplyList/296/Text,0,-1,What does this do?,
id1_journal,dlg,ReplyList/298/Text,0,-1,Change Merchant buy price.,
id1_journal,dlg,ReplyList/299/Text,0,-1,Change Merchant sell price.,
id1_journal,dlg,ReplyList/3/Text,0,-1,<StartAction>[Next Page]</Start>,
id1_journal,dlg,ReplyList/30/Text,0,-1,What does this do?,
id1_journal,dlg,ReplyList/300/Text,0,-1,Adjust Merchant gold amount.,
id1_journal,dlg,ReplyList/301/Text,0,-1,Return to Merchant Settings.,
id1_journal,dlg,ReplyList/302/Text,0,-1,What does this do?,
id1_journal,dlg,ReplyList/304/Text,0,-1,Merchants have unlimited gold.,
id1_journal,dlg,ReplyList/305/Text,0,-1,"Merchants have limited gold, based on character level.",
id1_journal,dlg,ReplyList/306/Text,0,-1,Change Merchant frequency.,
id1_journal,dlg,ReplyList/307/Text,0,-1,Change Spellcaster frequency.,
id1_journal,dlg,ReplyList/308/Text,0,-1,Change Mystic Anvil frequency.,
id1_journal,dlg,ReplyList/309/Text,0,-1,Change Rest Tent frequency.,
id1_journal,dlg,ReplyList/310/Text,0,-1,Change encampment frequency.,
id1_journal,dlg,ReplyList/311/Text,0,-1,Adjust puzzle frequency and settings.,
id1_journal,dlg,ReplyList/312/Text,0,-1,Return to Safe Zone System.,
id1_journal,dlg,ReplyList/313/Text,0,-1,What does this do?,
id1_journal,dlg,ReplyList/315/Text,0,-1,Adjust puzzle reward chances.,
id1_journal,dlg,ReplyList/316/Text,0,-1,What does this do?,
id1_journal,dlg,ReplyList/318/Text,0,-1,Change puzzle treasure value.,
id1_journal,dlg,ReplyList/319/Text,0,-1,Adjust the porportional chance of the puzzle giving an experience reward.,
id1_journal,dlg,ReplyList/32/Text,0,-1,Player death is permanent.,
id1_journal,dlg,ReplyList/320/Text,0,-1,Adjust the porportional chance of the puzzle giving a treasure reward.,
id1_journal,dlg,ReplyList/321/Text,0,-1,Adjust the porportional chance of the puzzle opening a secret area.,
id1_journal,dlg,ReplyList/322/Text,0,-1,Adjust puzzle difficulty.,
id1_journal,dlg,ReplyList/323/Text,0,-1,Return to Puzzle Settings.,
id1_journal,dlg,ReplyList/324/Text,0,-1,What does this do?,
id1_journal,dlg,ReplyList/326/Text,0,-1,Set puzzle difficulty to Hard.,
id1_journal,dlg,ReplyList/327/Text,0,-1,Set puzzle difficulty to Normal.,
id1_journal,dlg,ReplyList/328/Text,0,-1,Set puzzle difficulty to Easy.,
id1_journal,dlg,ReplyList/329/Text,0,-1,Change puzzle frequency.,
id1_journal,dlg,ReplyList/33/Text,0,-1,Players respawn in Little Timmy's warehouse.,
id1_journal,dlg,ReplyList/330/Text,0,-1,Change safe zone frequency.,
id1_journal,dlg,ReplyList/331/Text,0,-1,Secret Area System,
id1_journal,dlg,ReplyList/332/Text,0,-1,What does this do?,
id1_journal,dlg,ReplyList/334/Text,0,-1,Change the frequency of treasure in secret areas.,
id1_journal,dlg,ReplyList/335/Text,0,-1,Change the frequency of encounters in secret areas.,
id1_journal,dlg,ReplyList/336/Text,0,-1,Choose whether the base secret door detection difficulty is fixed or variable.,
id1_journal,dlg,ReplyList/337/Text,0,-1,What does this do?,
id1_journal,dlg,ReplyList/339/Text,0,-1,Make the detection difficulty of each secret door vary.,
id1_journal,dlg,ReplyList/34/Text,0,-1,Players respawn at the entrance to the level in which they died.,
id1_journal,dlg,ReplyList/340/Text,0,-1,Make the detection difficulty of each secret door fixed.,
id1_journal,dlg,ReplyList/341/Text,0,-1,"Set base secret door detection difficulty to a specific number, or based on level.",
id1_journal,dlg,ReplyList/342/Text,0,-1,Return to Secret Area System.,
id1_journal,dlg,ReplyList/343/Text,0,-1,What does this do?,
id1_journal,dlg,ReplyList/345/Text,0,-1,Make the secret door detection difficulty based on level.,
id1_journal,dlg,ReplyList/346/Text,0,-1,Set the secret door detection difficulty to a specific number.,
id1_journal,dlg,ReplyList/347/Text,0,-1,Change secret area frequency.,
id1_journal,dlg,ReplyList/348/Text,0,-1,Decor System,
id1_journal,dlg,ReplyList/349/Text,0,-1,What does this do?,
id1_journal,dlg,ReplyList/35/Text,0,-1,Players respawn at the entrance to the area in which they died.,
id1_journal,dlg,ReplyList/351/Text,0,-1,Change decor frequency.,
id1_journal,dlg,ReplyList/352/Text,0,-1,Dungeon Map,
id1_journal,dlg,ReplyList/353/Text,0,-1,Change the size of the dungeon map.,
id1_journal,dlg,ReplyList/354/Text,0,-1,What does this do?,
id1_journal,dlg,ReplyList/356/Text,0,-1,The size of the map is the maximum width and length of the level.,
id1_journal,dlg,ReplyList/357/Text,0,-1,"The size of the map is every area on this level, explored or not.",
id1_journal,dlg,ReplyList/358/Text,0,-1,The size of the map is only the areas that have been explored.,
id1_journal,dlg,ReplyList/359/Text,0,-1,Change what areas a player can see on his map.,
id1_journal,dlg,ReplyList/36/Text,0,-1,Players respawn where they died.,
id1_journal,dlg,ReplyList/360/Text,0,-1,What does this do?,
id1_journal,dlg,ReplyList/362/Text,0,-1,Players can see all areas they have explored themselves.,
id1_journal,dlg,ReplyList/363/Text,0,-1,Players can see all areas they or their party members have explored.,
id1_journal,dlg,ReplyList/364/Text,0,-1,Players can see all the areas in their current level.,
id1_journal,dlg,ReplyList/365/Text,0,-1,Change the map's persistence on the level.,
id1_journal,dlg,ReplyList/366/Text,0,-1,Return to Dungeon Map.,
id1_journal,dlg,ReplyList/367/Text,0,-1,What does this do?,
id1_journal,dlg,ReplyList/369/Text,0,-1,The map will remain until the player destroys it or leaves the area.,
id1_journal,dlg,ReplyList/37/Text,0,-1,Adjust respawn penalty.,
id1_journal,dlg,ReplyList/370/Text,0,-1,The map will destroy itself when the player moves away from it.,
id1_journal,dlg,ReplyList/371/Text,0,-1,Dungeon Layout,
id1_journal,dlg,ReplyList/372/Text,0,-1,Change the proportional chance of different area types.,
id1_journal,dlg,ReplyList/373/Text,0,-1,What does this do?,
id1_journal,dlg,ReplyList/375/Text,0,-1,Change the proportional chance of a four-exit area.,
id1_journal,dlg,ReplyList/376/Text,0,-1,Change the proportional chance of a three-exit area.,
id1_journal,dlg,ReplyList/377/Text,0,-1,Change the proportional chance of a two-exit area.,
id1_journal,dlg,ReplyList/378/Text,0,-1,Change the proportional chance of a one-exit area.,
id1_journal,dlg,ReplyList/379/Text,0,-1,Change the maximum size of a dungeon level.,
id1_journal,dlg,ReplyList/38/Text,0,-1,Return to Death/Respawn System.,
id1_journal,dlg,ReplyList/380/Text,0,-1,What does this do?,
id1_journal,dlg,ReplyList/382/Text,0,-1,Change the length of the dungeon.,
id1_journal,dlg,ReplyList/383/Text,0,-1,Change the width of the dungeon.,
id1_journal,dlg,ReplyList/384/Text,0,-1,Change the depth of the dungeon.,
id1_journal,dlg,ReplyList/385/Text,0,-1,What does this do?,
id1_journal,dlg,ReplyList/387/Text,0,-1,Change the number of levels deep the dungeon is.,
id1_journal,dlg,ReplyList/388/Text,0,-1,Make the number of dungeon levels random.,
id1_journal,dlg,ReplyList/389/Text,0,-1,Make the number of dungeon levels fixed.,
id1_journal,dlg,ReplyList/39/Text,0,-1,What does this do?,
id1_journal,dlg,ReplyList/390/Text,0,-1,Change the number of stairs down per level.,
id1_journal,dlg,ReplyList/391/Text,0,-1,Return to Dungeon Layout.,
id1_journal,dlg,ReplyList/392/Text,0,-1,What does this do?,
id1_journal,dlg,ReplyList/394/Text,0,-1,Change the number of staircases down per level.,
id1_journal,dlg,ReplyList/395/Text,0,-1,The number of stairs down per level will be randomly selected.,
id1_journal,dlg,ReplyList/396/Text,0,-1,Make the number of stairs down per level fixed.,
id1_journal,dlg,ReplyList/397/Text,0,-1,Dungeon Theme,
id1_journal,dlg,ReplyList/398/Text,0,-1,Return to Dungeon Control.,
id1_journal,dlg,ReplyList/399/Text,0,-1,Choose whether the theme/theme set is fixed or random.,
id1_journal,dlg,ReplyList/4/Text,0,-1,<CUSTOM5110>,
id1_journal,dlg,ReplyList/400/Text,0,-1,What does this do?,
id1_journal,dlg,ReplyList/402/Text,0,-1,The theme/theme set of the dungeon will be chosen randomly.,
id1_journal,dlg,ReplyList/403/Text,0,-1,Select a specific theme/theme set for the dungeon.,
id1_journal,dlg,ReplyList/404/Text,0,-1,Choose whether the dungeon is based on a single theme or theme set.,
id1_journal,dlg,ReplyList/405/Text,0,-1,Return to Dungeon Theme.,
id1_journal,dlg,ReplyList/406/Text,0,-1,What does this do?,
id1_journal,dlg,ReplyList/408/Text,0,-1,Base the dungeon on a theme set.,
id1_journal,dlg,ReplyList/409/Text,0,-1,Base the dungeon on a single theme.,
id1_journal,dlg,ReplyList/41/Text,0,-1,Change the value of the penalty.,
id1_journal,dlg,ReplyList/410/Text,0,-1,<StartAction>Customize Dungeon (Basic)</Start>,
id1_journal,dlg,ReplyList/411/Text,0,-1,Display statistics.,
id1_journal,dlg,ReplyList/412/Text,0,-1,View high scores.,
id1_journal,dlg,ReplyList/414/Text,0,-1,View your own statistics.,
id1_journal,dlg,ReplyList/416/Text,0,-1,Quest Log,
id1_journal,dlg,ReplyList/417/Text,0,-1,Return to the beginning of the journal.,
id1_journal,dlg,ReplyList/418/Text,0,-1,Display failed quests.,
id1_journal,dlg,ReplyList/419/Text,0,-1,Display completed quests.,
id1_journal,dlg,ReplyList/42/Text,0,-1,Toggle item penalty.,
id1_journal,dlg,ReplyList/420/Text,0,-1,Display active quests.,
id1_journal,dlg,ReplyList/421/Text,0,-1,Display all quests.,
id1_journal,dlg,ReplyList/422/Text,0,-1,Return to the beginning of the Quest Log.,
id1_journal,dlg,ReplyList/423/Text,0,-1,[Next],
id1_journal,dlg,ReplyList/424/Text,0,-1,<CUSTOM5110>,
id1_journal,dlg,ReplyList/425/Text,0,-1,<CUSTOM5109>,
id1_journal,dlg,ReplyList/426/Text,0,-1,<CUSTOM5108>,
id1_journal,dlg,ReplyList/427/Text,0,-1,<CUSTOM5107>,
id1_journal,dlg,ReplyList/428/Text,0,-1,<CUSTOM5106>,
id1_journal,dlg,ReplyList/429/Text,0,-1,<CUSTOM5105>,
id1_journal,dlg,ReplyList/43/Text,0,-1,Toggle experience point penalty.,
id1_journal,dlg,ReplyList/430/Text,0,-1,<CUSTOM5104>,
id1_journal,dlg,ReplyList/431/Text,0,-1,<CUSTOM5103>,
id1_journal,dlg,ReplyList/432/Text,0,-1,<CUSTOM5102>,
id1_journal,dlg,ReplyList/433/Text,0,-1,<CUSTOM5101>,
id1_journal,dlg,ReplyList/435/Text,0,-1,[Previous],
id1_journal,dlg,ReplyList/436/Text,0,-1,Return to the beginning of the Quest List.,
id1_journal,dlg,ReplyList/437/Text,0,-1,Remain in the warehouse.,
id1_journal,dlg,ReplyList/438/Text,0,-1,<StartAction>Manage Dungeons</Start>,
id1_journal,dlg,ReplyList/439/Text,0,-1,Return to Dungeon Entrance.,
id1_journal,dlg,ReplyList/44/Text,0,-1,Toggle gold penalty.,
id1_journal,dlg,ReplyList/440/Text,0,-1,Rebuild dungeons database.,
id1_journal,dlg,ReplyList/441/Text,0,-1,Rebuild the database.,
id1_journal,dlg,ReplyList/443/Text,0,-1,Import a dungeon.,
id1_journal,dlg,ReplyList/444/Text,0,-1,<StartAction>[Go to End of List]</Start>,
id1_journal,dlg,ReplyList/445/Text,0,-1,<StartAction>[Advance 100 files]</Start>,
id1_journal,dlg,ReplyList/446/Text,0,-1,<StartAction>[Advance 10 files]</Start>,
id1_journal,dlg,ReplyList/447/Text,0,-1,<CUSTOM5210>,
id1_journal,dlg,ReplyList/448/Text,0,-1,<CUSTOM5209>,
id1_journal,dlg,ReplyList/449/Text,0,-1,<CUSTOM5208>,
id1_journal,dlg,ReplyList/45/Text,0,-1,Statistics System,
id1_journal,dlg,ReplyList/450/Text,0,-1,<CUSTOM5207>,
id1_journal,dlg,ReplyList/451/Text,0,-1,<CUSTOM5206>,
id1_journal,dlg,ReplyList/452/Text,0,-1,<CUSTOM5205>,
id1_journal,dlg,ReplyList/453/Text,0,-1,<CUSTOM5204>,
id1_journal,dlg,ReplyList/454/Text,0,-1,<CUSTOM5203>,
id1_journal,dlg,ReplyList/455/Text,0,-1,<CUSTOM5202>,
id1_journal,dlg,ReplyList/456/Text,0,-1,<CUSTOM5201>,
id1_journal,dlg,ReplyList/46/Text,0,-1,What does this do?,
id1_journal,dlg,ReplyList/472/Text,0,-1,Keep the dungeon at the state at which it was exported.,
id1_journal,dlg,ReplyList/474/Text,0,-1,"Reset the dungeon to an unexplored state, but keep the contents the same.",
id1_journal,dlg,ReplyList/476/Text,0,-1,"Reset the dungeon, removing the contents but keeping the level layout.",
id1_journal,dlg,ReplyList/478/Text,0,-1,"Reset the dungeon entirely, replacing both the contents and the layout.",
id1_journal,dlg,ReplyList/48/Text,0,-1,Toggle point total display.,
id1_journal,dlg,ReplyList/49/Text,0,-1,Toggle point award display.,
id1_journal,dlg,ReplyList/495/Text,0,-1,<StartAction>[Go back 10 files]</Start>,
id1_journal,dlg,ReplyList/496/Text,0,-1,<StartAction>[Go back 100 files]</Start>,
id1_journal,dlg,ReplyList/497/Text,0,-1,<StartAction>[Return to Beginning of List]</Start>,
id1_journal,dlg,ReplyList/499/Text,0,-1,Export current dungeon.,
id1_journal,dlg,ReplyList/5/Text,0,-1,<CUSTOM5109>,
id1_journal,dlg,ReplyList/50/Text,0,-1,Toggle counter display.,
id1_journal,dlg,ReplyList/502/Text,0,-1,Select or delete custom dungeons.,
id1_journal,dlg,ReplyList/503/Text,0,-1,<StartAction>[Go to End of List]</Start>,
id1_journal,dlg,ReplyList/504/Text,0,-1,<StartAction>[Next Page]</Start>,
id1_journal,dlg,ReplyList/505/Text,0,-1,<CUSTOM5210>,
id1_journal,dlg,ReplyList/506/Text,0,-1,<CUSTOM5209>,
id1_journal,dlg,ReplyList/507/Text,0,-1,<CUSTOM5208>,
id1_journal,dlg,ReplyList/508/Text,0,-1,<CUSTOM5207>,
id1_journal,dlg,ReplyList/509/Text,0,-1,<CUSTOM5206>,
id1_journal,dlg,ReplyList/51/Text,0,-1,Plot System,
id1_journal,dlg,ReplyList/510/Text,0,-1,<CUSTOM5205>,
id1_journal,dlg,ReplyList/511/Text,0,-1,<CUSTOM5204>,
id1_journal,dlg,ReplyList/512/Text,0,-1,<CUSTOM5203>,
id1_journal,dlg,ReplyList/513/Text,0,-1,<CUSTOM5202>,
id1_journal,dlg,ReplyList/514/Text,0,-1,<CUSTOM5201>,
id1_journal,dlg,ReplyList/515/Text,0,-1,Return to Custom Dungeon List.,
id1_journal,dlg,ReplyList/516/Text,0,-1,Delete this dungeon.,
id1_journal,dlg,ReplyList/517/Text,0,-1,Return to Dungeon Details.,
id1_journal,dlg,ReplyList/518/Text,0,-1,I want to permanently delete this dungeon.,
id1_journal,dlg,ReplyList/52/Text,0,-1,What does this do?,
id1_journal,dlg,ReplyList/521/Text,0,-1,Make this dungeon the active one.,
id1_journal,dlg,ReplyList/522/Text,0,-1,<StartAction>[Previous Page]</Start>,
id1_journal,dlg,ReplyList/523/Text,0,-1,<StartAction>[Return to Beginning of List]</Start>,
id1_journal,dlg,ReplyList/524/Text,0,-1,Select a plot dungeon.,
id1_journal,dlg,ReplyList/525/Text,0,-1,<StartAction>Return to Dungeon Management.</Start>,
id1_journal,dlg,ReplyList/526/Text,0,-1,<CUSTOM5207>,
id1_journal,dlg,ReplyList/527/Text,0,-1,<CUSTOM5206>,
id1_journal,dlg,ReplyList/528/Text,0,-1,<CUSTOM5205>,
id1_journal,dlg,ReplyList/529/Text,0,-1,<CUSTOM5204>,
id1_journal,dlg,ReplyList/530/Text,0,-1,<CUSTOM5203>,
id1_journal,dlg,ReplyList/531/Text,0,-1,<CUSTOM5202>,
id1_journal,dlg,ReplyList/532/Text,0,-1,<CUSTOM5201>,
id1_journal,dlg,ReplyList/533/Text,0,-1,Return to Plot Dungeon List.,
id1_journal,dlg,ReplyList/534/Text,0,-1,Activate this dungeon.,
id1_journal,dlg,ReplyList/536/Text,0,-1,Dissociate current dungeon.,
id1_journal,dlg,ReplyList/538/Text,0,-1,<StartAction>Customize Dungeon (Advanced)</Start>,
id1_journal,dlg,ReplyList/539/Text,0,-1,<StartAction>Customize Dungeon (Basic)</Start>,
id1_journal,dlg,ReplyList/54/Text,0,-1,Change the percentage value of plot rewards.,
id1_journal,dlg,ReplyList/540/Text,0,-1,What does this do?,
id1_journal,dlg,ReplyList/542/Text,0,-1,"Set dungeon to default settings. [Cleric, Druid]",
id1_journal,dlg,ReplyList/543/Text,0,-1,"Customize the dungeon for Mage type characters. [Wizard, Sorcerer]",
id1_journal,dlg,ReplyList/544/Text,0,-1,"Customize the dungeon for Rogue type characters. [Rogue, Bard]",
id1_journal,dlg,ReplyList/545/Text,0,-1,"Customize the dungeon for Fighter type characters. [Fighter, Ranger, Barbarian, Paladin, Monk]",
id1_journal,dlg,ReplyList/546/Text,0,-1,<CUSTOM5201>,
id1_journal,dlg,ReplyList/547/Text,0,-1,<StartAction>Create a new dungeon.</Start>,
id1_journal,dlg,ReplyList/548/Text,0,-1,"Do not level up any player, and never ask again.",
id1_journal,dlg,ReplyList/549/Text,0,-1,"Do not level up any players, but ask again later.",
id1_journal,dlg,ReplyList/55/Text,0,-1,Adjust the chance of specific quest types.,
id1_journal,dlg,ReplyList/550/Text,0,-1,"Level up all players to level 5 automatically, now and in the future.",
id1_journal,dlg,ReplyList/551/Text,0,-1,"Level all players up to level 5, just this once.",
id1_journal,dlg,ReplyList/56/Text,0,-1,Return to Plot System.,
id1_journal,dlg,ReplyList/57/Text,0,-1,What does this do?,
id1_journal,dlg,ReplyList/59/Text,0,-1,Change the proportional chance of quests to find a specific object.,
id1_journal,dlg,ReplyList/6/Text,0,-1,<CUSTOM5108>,
id1_journal,dlg,ReplyList/60/Text,0,-1,Change the proportional chance of quests to find a specific creature.,
id1_journal,dlg,ReplyList/61/Text,0,-1,Change the proportional chance of quests to explore areas.,
id1_journal,dlg,ReplyList/62/Text,0,-1,Change the proportional chance of quests to find items in chests.,
id1_journal,dlg,ReplyList/63/Text,0,-1,Change the proportional chance of quests to find items on creatures.,
id1_journal,dlg,ReplyList/64/Text,0,-1,Change the proportional chance of quests to clear areas of enemies.,
id1_journal,dlg,ReplyList/65/Text,0,-1,Change the proportional chance of quests to kill creatures.,
id1_journal,dlg,ReplyList/66/Text,0,-1,Change plot frequency.,
id1_journal,dlg,ReplyList/67/Text,0,-1,Boss System,
id1_journal,dlg,ReplyList/68/Text,0,-1,What does this do?,
id1_journal,dlg,ReplyList/7/Text,0,-1,<CUSTOM5107>,
id1_journal,dlg,ReplyList/70/Text,0,-1,Change boss treasure value.,
id1_journal,dlg,ReplyList/71/Text,0,-1,Change boss treasure frequency.,
id1_journal,dlg,ReplyList/72/Text,0,-1,Change boss guard frequency.,
id1_journal,dlg,ReplyList/73/Text,0,-1,Change miniboss frequency.,
id1_journal,dlg,ReplyList/74/Text,0,-1,Adjust how final boss areas are selected.,
id1_journal,dlg,ReplyList/75/Text,0,-1,Return to Boss System.,
id1_journal,dlg,ReplyList/76/Text,0,-1,What does this do?,
id1_journal,dlg,ReplyList/78/Text,0,-1,Select a specific theme set boss area for this dungeon.,
id1_journal,dlg,ReplyList/79/Text,0,-1,Select a specific generic boss area for this dungeon.,
id1_journal,dlg,ReplyList/8/Text,0,-1,<CUSTOM5106>,
id1_journal,dlg,ReplyList/80/Text,0,-1,Set the dungeon to use a boss area based on its theme or theme set.,
id1_journal,dlg,ReplyList/81/Text,0,-1,Set the dungeon to have a random boss area.,
id1_journal,dlg,ReplyList/82/Text,0,-1,Set the dungeon to have no final boss area.,
id1_journal,dlg,ReplyList/83/Text,0,-1,Encounter System,
id1_journal,dlg,ReplyList/84/Text,0,-1,What does this do?,
id1_journal,dlg,ReplyList/86/Text,0,-1,Change creature combat one-liner frequency.,
id1_journal,dlg,ReplyList/87/Text,0,-1,Adjust creature type selection.,
id1_journal,dlg,ReplyList/88/Text,0,-1,What does this do?,
id1_journal,dlg,ReplyList/9/Text,0,-1,<CUSTOM5105>,
id1_journal,dlg,ReplyList/90/Text,0,-1,Make each encounter random.,
id1_journal,dlg,ReplyList/91/Text,0,-1,Base all encounters on the dungeon theme.,
id1_journal,dlg,ReplyList/92/Text,0,-1,Select a specific theme of creatures to encounter in the dungeon.,
id1_journal,dlg,ReplyList/93/Text,0,-1,Select a specific type of creature to encounter in the dungeon.,
id1_journal,dlg,ReplyList/94/Text,0,-1,Adjust creature corpse fading.,
id1_journal,dlg,ReplyList/95/Text,0,-1,What does this do?,
id1_journal,dlg,ReplyList/97/Text,0,-1,Make corpses remain on the ground even after they've been looted.,
id1_journal,dlg,ReplyList/98/Text,0,-1,Make corpses fade after they've been looted.,
id1_journal,dlg,ReplyList/99/Text,0,-1,Change creature treasure value.,
id1_littletimmy,dlg,EntryList/0/Text,0,-1,Are you having fun in the dungeon? Want to do some trading?,
id1_littletimmy,dlg,EntryList/1/Text,0,-1,No problem. What would you like to ask?,
id1_littletimmy,dlg,EntryList/10/Text,0,-1,"Happily, the dark demon is still in his lair. Harat is one of the only ones who stays here willingly. You have no idea how difficult it is to get powerful creatures to live in a dungeon! (I used to rhyme, some of the time, but now it's a crime, so I can't.)",
id1_littletimmy,dlg,EntryList/100/Text,0,-1,Always happy to oblige.,
id1_littletimmy,dlg,EntryList/101/Text,0,-1,"I can try to answer your questions, but I don't promise to know the right answers. I don't really know very much about how things work.",
id1_littletimmy,dlg,EntryList/102/Text,0,-1,"Very well. Did you want to go into Undermountain again, or did you want to do some trading first?",
id1_littletimmy,dlg,EntryList/103/Text,0,-1,"There are lots of creatures in Undermountain, many of which are very powerful. I don't know if anyone other than Halaster knows how many there are. And since Halaster seems quite mad, I don't know that even he could tell you.",
id1_littletimmy,dlg,EntryList/104/Text,0,-1,"Shhh! I don't think you should say his name. That's the evil I was telling you about. I know they say that he was once not so bad, but now he has completely lost his mind.",
id1_littletimmy,dlg,EntryList/105/Text,0,-1,You have to! He has become a terror and rules the creatures of Undermountain with a crushing grip of despair.,
id1_littletimmy,dlg,EntryList/106/Text,0,-1,"I know that he has become such a terrible tyrant that all of the creatures of Undermountain fear to cross him, or even to speak to him. They say that he goes into a frothing frenzy whenever an adventurer dares to succeed, that he kills more than the adventurers do.",
id1_littletimmy,dlg,EntryList/107/Text,0,-1,"Some think he has always been mad, but others claim that the madness was feigned, but for so long that now it seems to have completely taken over his mind.",
id1_littletimmy,dlg,EntryList/108/Text,0,-1,"They also say that this Halaster person likes to drink tea. But the thing is, he never used to like tea. Sort of a strange thing to develop a taste for after hundreds of years. Really! Tea! It doesn't get any madder than that!",
id1_littletimmy,dlg,EntryList/109/Text,0,-1,"Have you? Oh, well, maybe it's not so bad then. I was just worried. That Halaster has really lost his grasp of reality, from what I was told. And he certainly destroyed my friends without any qualms.",
id1_littletimmy,dlg,EntryList/11/Text,0,-1,"Sadly, the dark demon has fled. And here I was trying to make Harat a god. How disappointing. He was one of the only ones who stayed here willingly. You have no idea how difficult it is to get powerful creatures to live in a dungeon! (I used to rhyme, some of the time, but now it's a crime, so I can't.)",
id1_littletimmy,dlg,EntryList/110/Text,0,-1,"You won't stop, just because it's Halaster, will you? That would be awful. He's gotten so mean and cruel. It is time someone stood up to him. Since the Lords of Waterdeep have known about him for years and done nothing to stop him, who else will, if you won't?",
id1_littletimmy,dlg,EntryList/111/Text,0,-1,"I really hope you will. It is so important that someone defeats him. He can't get away with his evil, treacherous ways.",
id1_littletimmy,dlg,EntryList/112/Text,0,-1,"Thank you, thank you, thank you! Oh, I knew I could count on you the moment you stepped in here. I knew you were a real brave one!",
id1_littletimmy,dlg,EntryList/113/Text,0,-1,"I think I might have seen something like that, only it was a little finger, so it was only a rod, not a staff. Come to think of it, it might not have been so much a giant's finger as a dragon's claw. Sorry, I guess that's not much help.",
id1_littletimmy,dlg,EntryList/114/Text,0,-1,"I know lots of widows. I know Widow Lockney, who is an old, poor widow who sells wrinkly apples for a living. I know Widow Latisi, who has been married three times and is still young and beautiful. ",
id1_littletimmy,dlg,EntryList/115/Text,0,-1,"If you stand in just the right place outside her window at night... but you aren't likely interested in that. There are more widows, but I'm not sure about a Hagatha.",
id1_littletimmy,dlg,EntryList/116/Text,0,-1,"Hee, hee, she is the talk of all the boy orphans. We treat her nice and bring her little gifts sometimes. But you wouldn't want to marry her, no. Her husbands all end up dead in some horrible fashion. Her first accidentally fell into a well, with the cover still on it.",
id1_littletimmy,dlg,EntryList/117/Text,0,-1,"Her second husband hung himself, and then stabbed himself fifteen times, twice in the back. It's amazing the stories that guards will believe if you pay them properly. The last husband died in his sleep.",
id1_littletimmy,dlg,EntryList/118/Text,0,-1,Widow Latisi claimed that he was a follower of Ilmater and his arms got very flexible from whipping his own back. That's all I overheard. The guards chased us away before they continued the investigation. That was before her third husband died in his sleep.,
id1_littletimmy,dlg,EntryList/119/Text,0,-1,"Well, when you sleep with a pillow over your face, these things are bound to happen. The widow claimed that he felt bad about snoring and was trying not to disturb her. That's about all I know about Widow Latisi.",
id1_littletimmy,dlg,EntryList/12/Text,0,-1,"Sadly, the dark demon is dead. And Harat thought he was a god. How disappointing. He was one of the only ones who stayed here willingly. You have no idea how difficult it is to get powerful creatures to live in a dungeon! (I used to rhyme, some of the time, but now it's a crime, so I can't.)",
id1_littletimmy,dlg,EntryList/120/Text,0,-1,"I see, now! She seemed so sad, or at least she sounded sad, when I heard about her. I felt sorry for her. But then, there are a lot of sad stories that come out of Undermountain. ",
id1_littletimmy,dlg,EntryList/121/Text,0,-1,"I don't know if she killed any of my friends, but she must have killed lots of people and monsters to become as powerful as they say she is.",
id1_littletimmy,dlg,EntryList/122/Text,0,-1,"A recipe? No, my parents never taught me to cook, so I don't really bother with that sort of thing. And with them being dead, I don't know who will teach me to cook. Now you've made me sad. Can we talk about something else, please?",
id1_littletimmy,dlg,EntryList/123/Text,0,-1,"The wereboar guy? He seems to have a really strange idea of fun and friends, I think. But then, my friends were a little strange too, I suppose. They didn't change shape, or anything.",
id1_littletimmy,dlg,EntryList/124/Text,0,-1,"I don't really know very much about him, except that if he really wanted to leave, what's stopping him? If I had his powers, I would take matters into my own hands. And dragging his friends into it? Seems selfish, but what would I know about it?",
id1_littletimmy,dlg,EntryList/125/Text,0,-1,"Oh, wait, let me look. Here! This is it... oh, no, wait, I was wrong. I thought maybe I had one, but it turns out it's just a necklace with a fly on it, not a beetle. That's what a scarab is. I learned that from Big Timmy, who liked bugs.",
id1_littletimmy,dlg,EntryList/126/Text,0,-1,"Of course, Big Timmy is dead now. There is a hurting in my chest when I think about that. I'm sorry. I wish I could have helped you. ",
id1_littletimmy,dlg,EntryList/127/Text,0,-1,"Is that what the insect-thing was called? I don't really know much about her, except that those creatures that follow her make tunnels and I wonder if maybe they help build Undermountain.",
id1_littletimmy,dlg,EntryList/128/Text,0,-1,"If they do, then what happens if they are gone? Does Undermountain stop changing, or will it continue no matter what? These are the things that can keep me awake at night. How much control does the evil have in Undermountain?",
id1_littletimmy,dlg,EntryList/129/Text,0,-1,"Should the sun be allowed to go away, if it tires of trekking across the sky, even though we would all probably die without its light? I don't know. Where do we draw the line? I'm just a kid; why are you asking me these things?",
id1_littletimmy,dlg,EntryList/13/Text,0,-1,"I still have the amulet to control the hivemother, Maggris. I am pleased that she neither escaped nor died. It shall make replacing her much easier. (Bugs. I hates bugs. Except with a sweet elven wine.)",
id1_littletimmy,dlg,EntryList/130/Text,0,-1,"The sun isn't intelligent? I thought it was a god. Lathandar or something like that. I guess even gods have limits on their freedom. That's what I was told, but I don't really know that much. I'm sure you've noticed, I'm just a kid.",
id1_littletimmy,dlg,EntryList/131/Text,0,-1,"So how are you enjoying the dungeon? It sure is a fun place, isn't it? I really like it, or I would if I could go in there, which I can't because I am far too young. My dad said I'm precocious, but I don't know what that means.",
id1_littletimmy,dlg,EntryList/132/Text,0,-1,Have fun down there.,
id1_littletimmy,dlg,EntryList/133/Text,0,-1,Of course you can. I always enjoy trading.,
id1_littletimmy,dlg,EntryList/134/Text,0,-1,"Feel free to lay down here and rest, then. It's a nice warehouse, isn't it? So roomy, drafty, and yet homey.",
id1_littletimmy,dlg,EntryList/135/Text,0,-1,You aren't doing anything very exciting. You might want to go down into my secret adventuring place now.,
id1_littletimmy,dlg,EntryList/136/Text,0,-1,"Boring! What are you, some kind of pacifist? Or are you scared? Isn't that a great word? I just learned it. A guard was beating on a merchant and called him a dirty pacifist. I guess that meant something about his refusing to join the guards. I think he was just scared. Is that your problem?",
id1_littletimmy,dlg,EntryList/137/Text,0,-1,"I don't blame you if you are scared. I am scared, but then, I'm only a kid. What's your excuse? Well, do what you want.",
id1_littletimmy,dlg,EntryList/138/Text,0,-1,Really? That's something I can do. I just thought you were done.,
id1_littletimmy,dlg,EntryList/139/Text,0,-1,"Then what are you waiting for? I don't have time to wait around here all day... well, I guess I do, but that's not the point.",
id1_littletimmy,dlg,EntryList/14/Text,0,-1,"Maggris took her daughters and fled Undermountain. I suppose it was time for her to leave, though this really slows things down with my work in Undermountain. (I'm going to need a shovel and a pick. Oh, and a really big tribe of goblins.)",
id1_littletimmy,dlg,EntryList/140/Text,0,-1,"Oh, this is so exciting! I wish I could go with you, but you will make certain you come back and tell me how things are going, right? Hopefully you will keep safe.",
id1_littletimmy,dlg,EntryList/141/Text,0,-1,"The thing that killed my friends is hiding somewhere down there. Please kill it so that no one else has to suffer like my friends. Here, just to help you, see if there is anything you would like to buy.",
id1_littletimmy,dlg,EntryList/142/Text,0,-1,"Shhh! The dungeon's still moving! Talk to me in a second, please.",
id1_littletimmy,dlg,EntryList/143/Text,0,-1,"Who are you? Are you a brave and powerful adventurer? I sure hope you are. There are lots of brave people in Waterdeep, but most of them don't come in here. I'm sure glad you did.",
id1_littletimmy,dlg,EntryList/144/Text,0,-1,"My name is Timmy, but most people call me Little Timmy, because of my friend Big Timmy. But he died, so I guess I could just be Timmy, except I'm used to being Little Timmy now. What's your name?",
id1_littletimmy,dlg,EntryList/145/Text,0,-1,"A mystery! I thought you might be someone powerful. I really need your help. My friends and I always play in the back streets of Waterdeep and sometimes we would sneak into a warehouse like this, just to see if there was anything to do. That's what we were doing here, when we heard a rumbling and saw that door appear.",
id1_littletimmy,dlg,EntryList/146/Text,0,-1,"Oh, thank you! I was so scared before you came. My friends and I always play in the back streets of Waterdeep and sometimes we would sneak into a warehouse like this, just to see if there was anything to do. That's what we were doing here, when we heard a rumbling and saw that door appear.",
id1_littletimmy,dlg,EntryList/147/Text,0,-1,"My friends and I always play in the back alleys and sometimes we would sneak into a warehouse like this, just to see if there was anything to do. That's what we were doing here, when we heard a rumbling and saw that door appear.",
id1_littletimmy,dlg,EntryList/148/Text,0,-1,"At first we were afraid to enter, but then Big Timmy said we were too afraid to go in and we wanted to prove we were not afraid so we went in and Big Timmy came too. ",
id1_littletimmy,dlg,EntryList/149/Text,0,-1,"Yes, that is exactly it! We didn't want to be thought chickens, so we went in. But then there were monsters and bad things and a horrid, powerful evil that came and took my friends and now they're all gone or dead or something.",
id1_littletimmy,dlg,EntryList/15/Text,0,-1,"Maggris is dead, as you know, since it was you who reduced her to splatterings of ichor and chitin. Not that I mind terribly, since that was your job, but that really slows things down with my work in Undermountain. (I'm going to need a shovel and a pick. Oh, and a really big tribe of goblins.)",
id1_littletimmy,dlg,EntryList/150/Text,0,-1,"I didn't want the others to think I was chicken, and I think they thought the same, so we went in. But then there were monsters and bad things and a horrid, powerful evil that came and took my friends and now they're all gone or dead or something.",
id1_littletimmy,dlg,EntryList/151/Text,0,-1,"I... I guess it was, but we didn't want people to think we were chicken, so we went in. But then there were monsters and bad things and a horrid, powerful evil that came and took my friends and now they're all gone or dead or something.",
id1_littletimmy,dlg,EntryList/152/Text,0,-1,"I ran away and escaped and tried to get grown ups to come and find my friends and kill the bad things, but they all keep dying. Even big, tough warriors and other adventurers have died, so I am trying to find the bravest, best adventurer of all.",
id1_littletimmy,dlg,EntryList/153/Text,0,-1,"Well... you see, they don't exactly listen to us street orphans. They usually try to chase us and put us in those terrible orphanages, so no. But what do they have that an adventurer doesn't have?",
id1_littletimmy,dlg,EntryList/154/Text,0,-1,"But I haven't told you what I've learned about where the door leads. One of the adventurers came back to trade with me, and he said that this place is actually a door to Undermountain. Now adventurers pay me so they can go in.",
id1_littletimmy,dlg,EntryList/155/Text,0,-1,"But it turns out this is a special adventuring place called Undermountain, and you might like it, unless you're chicken? I sure hope not, because I thought you looked brave when you came in here.",
id1_littletimmy,dlg,EntryList/156/Text,0,-1,"One of the adventurers came back to trade with me, and he said that this place is actually a door to Undermountain. So I have been getting people to pay me so they can enter.",
id1_littletimmy,dlg,EntryList/157/Text,0,-1,"There was this one guy who came in here and he was a little chicken, I think, and he tried to rob me, but I didn't have any gold or silver or copper, or any other colored dragons, so I let him see my secret adventure place and he gouged his own eyes out. You won't do that, will you?",
id1_littletimmy,dlg,EntryList/158/Text,0,-1,So what do you think? Will you go into the special adventuring place? Can you destroy the evil thing that killed all my friends? Are you brave enough?,
id1_littletimmy,dlg,EntryList/159/Text,0,-1,"Oh, good. That sounds really great, except that you haven't told me what the decision is, but other than that, it sounds swell. Maybe before you go in, you could buy one of the treasures that I found. So?",
id1_littletimmy,dlg,EntryList/16/Text,0,-1,"Hagatha, the widowed giantess, waits and mourns her long dead husband. Soon she will have to join him, I fear. (And then I will have some cloud giant bones to work with. I think it is time I made a magical chair. With nice soft cushions.)",
id1_littletimmy,dlg,EntryList/160/Text,0,-1,"There is always a reward, but I just have some poor treasures that adventurers were willing to trade me; nothing like the exciting things you might find down there. The reward is in the dungeon.",
id1_littletimmy,dlg,EntryList/161/Text,0,-1,"Really? But what about my friends? Well, if you change your mind, I will do a few things for you. First, if you go in, when you come back I will allow you to buy and sell me things. I give much better rates than the monsters down there do.",
id1_littletimmy,dlg,EntryList/162/Text,0,-1,"Secondly, um... nope, I was wrong, there was only the one thing.",
id1_littletimmy,dlg,EntryList/163/Text,0,-1,"I will gladly show you what I have to sell, if you will simply agree to go into the special adventuring place and destroy the evil hiding in the depths. So, how about it? Feeling adventuresome?",
id1_littletimmy,dlg,EntryList/164/Text,0,-1,"This is so exciting! I wish I could go with you, but you will make certain you come back and tell me how things are going, right? Oh, and here is a special map and a journal, to help you on your way. Hopefully they will help you keep safe.",
id1_littletimmy,dlg,EntryList/165/Text,0,-1,"The thing that killed my friends is hiding somewhere down there. Please kill it so that no one else has to suffer like my friends. Here, just to help you, see if there is anything you would like to buy.",
id1_littletimmy,dlg,EntryList/166/Text,0,-1,"That's a good idea. I once scratched at my arm until it bled and then I got sick and that's when my mom told me that my puppy had died. So if you don't want puppies to die, you shouldn't hurt yourself. That's the moral of the story.",
id1_littletimmy,dlg,EntryList/167/Text,0,-1,"All good stories have morals, but sometimes they are hidden really deep and you have to adventure through many dungeons to find the morals. So would you like to see my special adventuring place?",
id1_littletimmy,dlg,EntryList/168/Text,0,-1,"There are many names for it and I know that some people call it Undermountain, but I think it should have a better name like the Whimsy Fun Place, or the Infinite Dungeons. But my friends all died there, so maybe a bleak name like Undermountain is good too.",
id1_littletimmy,dlg,EntryList/169/Text,0,-1,"We found this secret entrance and I would only charge you one gold piece to get in, which is a real bargain. Unless you don't want to pay me, then you can go in for free, but it would be nice if you bought some of my treasures then.",
id1_littletimmy,dlg,EntryList/17/Text,0,-1,"Hagatha, the widowed giantess, has gone to put her long dead husband to rest. Then she will probably join him. (So much for my cloud giant bones. I was really longing to make that magical chair. With nice soft cushions.)",
id1_littletimmy,dlg,EntryList/170/Text,0,-1,"You've never heard of Undermountain? Why, it has entrances all over the world, but this is a newer one that we just... found. Or maybe it found us, who is to say? But there are stories about this place, like once I heard that a man entered, died, and got his ghost stuck in a mirror.",
id1_littletimmy,dlg,EntryList/171/Text,0,-1,"And then there was this lady and this tiger and her father and a man who loved her, but he chose a door, but then nothing really worked right so the guy who was the boss in there, he sent them all away. It... changes. Once you experience some of it, I might be able to explain it better.",
id1_littletimmy,dlg,EntryList/172/Text,0,-1,"Sometimes people bring me stuff to buy, or they get hurt and I get some of their stuff when I help them out. I have new things all the time. Did you want to buy something, or are you going to go in now?",
id1_littletimmy,dlg,EntryList/173/Text,0,-1,"Well, since you are willing to trade with me, I don't need to charge you the one gold piece. I make more off of trading than I ever will for charging you a gold at a time. I hope you like the things I have collected.",
id1_littletimmy,dlg,EntryList/174/Text,0,-1,I am trying to save enough gold to build a marker to remember my friends. I think you are very brave for going in and I want to encourage you. Maybe I will just let you go for free. Just bring interesting things back to trade with me. That would be nice.,
id1_littletimmy,dlg,EntryList/175/Text,0,-1,I think he was ripped apart by a pack of ghouls. It was very messy. I think he might be a zombie now. ,
id1_littletimmy,dlg,EntryList/176/Text,0,-1,"Sometimes people come back and tell me, but sometimes I just... make it up. My dad says that I have a very active imagination.",
id1_littletimmy,dlg,EntryList/177/Text,0,-1,"I'm not making any of it up. Honest. My friends died and then my dad, well, not my real father, just the orphans' protector. We make sure we bring him food and... gifts, and he keeps the adults and guards away from us, as much as possible. Or he used to.",
id1_littletimmy,dlg,EntryList/178/Text,0,-1,"I am. He's not my real father, just the orphans' protector. We make sure we bring him food and... gifts, and he keeps the adults and guards away from us, as much as possible. But he's dead now. ",
id1_littletimmy,dlg,EntryList/179/Text,0,-1,"He was the first person I told and he went in, but he hardly got in the door when he was attacked and eaten by harpies. I don't like harpies much. They're pretty ugly. But there are lots of monsters in Undermountain. Lots of ways to die.",
id1_littletimmy,dlg,EntryList/18/Text,0,-1,"Hagatha, the widowed giantess is dead, just like her husband. Probably for the best. She was always so sad. (And now I have some cloud giant bones to work with. I think it is time I made a magical chair. With nice soft cushions.)",
id1_littletimmy,dlg,EntryList/180/Text,0,-1,No.,
id1_littletimmy,dlg,EntryList/181/Text,0,-1,"Yes. Although there was this one time when I had a cough and it wouldn't go away, but then it finally did and that was when the screaming stopped.",
id1_littletimmy,dlg,EntryList/182/Text,0,-1,What screaming?,
id1_littletimmy,dlg,EntryList/183/Text,0,-1,"Oh, but you can't go yet! They killed all my friends and someone has to kill the evil thing that's in Undermountain! Otherwise we are all doomed!",
id1_littletimmy,dlg,EntryList/184/Text,0,-1,"If you change your mind, you can come back. I have also collected some treasure I could sell you. You might want to look at it, if you are interested in that kind of thing.",
id1_littletimmy,dlg,EntryList/185/Text,0,-1,"Well... maybe not everybody, but plenty of good people, and a few bad ones, will die and it will be your fault, because you were too chicken to go in and stop them. And I think that I might be doomed because I saw them. I am afraid they will try to kill me.",
id1_littletimmy,dlg,EntryList/186/Text,0,-1,"Of course! Would you like to go into the special adventuring place now? The first part isn't too bad, but you have to watch out for the... um... there's something there that you should watch out for... I can't remember.",
id1_littletimmy,dlg,EntryList/187/Text,0,-1,"Well, I'm glad if it stopped because I've never really liked screaming and once my mother said that I shouldn't scream because it wouldn't hurt, but then it did, so I screamed.",
id1_littletimmy,dlg,EntryList/188/Text,0,-1,"Oh, no. Once I was pretending to be a rat, but the other rats didn't buy it, so they wouldn't play with me and just kept running away. So I killed them, because that's what you do with rats.",
id1_littletimmy,dlg,EntryList/189/Text,0,-1,"Is that what you would like to be in it? Because some people don't like rats and some people say that everyone should have to kill a few rats when they start, but I always thought people should have a choice. Why do you like rats so much, anyway?",
id1_littletimmy,dlg,EntryList/19/Text,0,-1,"Finally, Lord Baccha paces in his lair, angry and waiting for a rescue that will never come. Poor, poor fool. (I wonder if I would look good in a feathered hat?)",
id1_littletimmy,dlg,EntryList/190/Text,0,-1,"Because you keep talking about them. You should go into my special adventuring place, because there are lots of magic things and stuff and bits.",
id1_littletimmy,dlg,EntryList/191/Text,0,-1,"Then why do you keep talking about them? You should go into my special adventuring place, because there are lots of magic things and stuff and bits.",
id1_littletimmy,dlg,EntryList/192/Text,0,-1,The sliver. It was a big one. But that's what you get when you try to take on something bigger than you can handle. You get hurt.,
id1_littletimmy,dlg,EntryList/193/Text,0,-1,"Finally! I've been waiting so long, but nobody came. I thought I might be left alone here forever. ",
id1_littletimmy,dlg,EntryList/2/Text,0,-1,"He convinced me that he was sorry and would never do it again, so I put him in charge of the creature capturing division. (Ah, the creature capturing division, the most dangerous job of all.)",
id1_littletimmy,dlg,EntryList/20/Text,0,-1,"Finally, Lord Baccha has escaped. Back to his eternal revelries. He never even knew that he could have left here any time. He recovered from the poison centuries ago, not that I ever told him that. (I wonder if I would look good in a feathered hat?)",
id1_littletimmy,dlg,EntryList/21/Text,0,-1,"Finally, Lord Baccha is dead. So much for eternal life, the poor fool. He never even knew that he could have left here any time. He recovered from the poison centuries ago, not that I ever told him that. (I wonder if I would look good in a feathered hat?)",
id1_littletimmy,dlg,EntryList/22/Text,0,-1,"How impressive; you've beaten everything! I'll just make some adjustments to the dungeon so you can have fun. (I wonder if I could set something up with Durnan and get him to do all the work for a share of the profits? Oh, and for strawberries!)",
id1_littletimmy,dlg,EntryList/23/Text,0,-1,"Really, well then, no great surprise for you! I'll just keep it to myself. (There's that smell again. What is it, oh yes, chicken!)",
id1_littletimmy,dlg,EntryList/24/Text,0,-1,"Because this is where Little Timmy lives. Halaster isn't allowed to come in here; special precautions, you know? So, ready to adventure? (Where do you go, when you want a buffalo? It's time to take a look at the Buffalo Nook!)",
id1_littletimmy,dlg,EntryList/25/Text,0,-1,"Well, there won't be any more big quests or anything, but you get to keep having big adventures, only better! You have more control over what you face and everything will be tougher. (Was that pillar I chopped down a major support beam? I hate not remembering!)",
id1_littletimmy,dlg,EntryList/26/Text,0,-1,This is going to be such fun! (Sort of like when I blocked that magic hammer with my head so it wouldn't hurt my body. Or the time I used so much magic that my eyes started to bleed.),
id1_littletimmy,dlg,EntryList/27/Text,0,-1,"So do you want to do some trading, or are you just planning on running about like a lunatic? (Oh my, I think I forgot to make a donation to Shar last night. Or was that supposed to be Selune? I always get those mixed up.)",
id1_littletimmy,dlg,EntryList/28/Text,0,-1,"I'm just waiting for the sun to go down outside. Then I just have to wait for it to come back. I do that every day. If I stopped waiting for it, then the sun might forget to come back up and all sorts of people would be mad at me for forgetting. So how is it going?",
id1_littletimmy,dlg,EntryList/29/Text,0,-1,"I think you should stop killing so many creatures and focus on some of your mental problems. You have inner demons that torture you constantly. There is a time to strike outwards and a time to crush your own skull! Oh, hello there. Done already?",
id1_littletimmy,dlg,EntryList/3/Text,0,-1,"He will try to turn my creation against me again, in time. They always do, but it keeps things interesting. (And who could resist that beautiful smile or those pleading eyes?)",
id1_littletimmy,dlg,EntryList/30/Text,0,-1,"I figured you would be a little longer with looting the lich's lair. Some good stuff in there, I'll bet. So, only Halaster to defeat now, I'm thinking. You seem to have removed any significant interference. But, that Halaster down there, he's gone as bad as Undermountain.",
id1_littletimmy,dlg,EntryList/31/Text,0,-1,"I figured you would be a little longer with looting the beholder's lair. Some good stuff in there, I'll bet. So, only Halaster to defeat now, I'm thinking. You seem to have removed any significant interference. But, that Halaster down there, he's gone as bad as Undermountain.",
id1_littletimmy,dlg,EntryList/32/Text,0,-1,"I figured you would be a little longer with looting the demon's lair. Some good stuff in there, I'll bet. So, only Halaster to defeat now, I'm thinking. You seem to have removed any significant interference. But, that Halaster down there, he's gone as bad as Undermountain.",
id1_littletimmy,dlg,EntryList/33/Text,0,-1,So this could be it? Now you will face *the* deadliest foe Undermountain has ever held. Kill him for me... for Waterdeep and adventurers everywhere! You are turning out to be the best adventurer ever! May all foes fall at your feet!,
id1_littletimmy,dlg,EntryList/34/Text,0,-1,"Well, its creator has gone a little mad. Of course, he always was, or so they say. But now he's worse. You know what I think? I think that Halaster had a number of clones and something has gone wrong with them.",
id1_littletimmy,dlg,EntryList/35/Text,0,-1,"He isn't acting like his old self, that Halaster. At least, so I have heard. He was a very powerful and kind man once. You know what I think? I think that Halaster had a number of clones and something has gone wrong with them.",
id1_littletimmy,dlg,EntryList/36/Text,0,-1,"Or maybe something has possessed him. Perhaps something that is old and full of magical power. Did you ever notice how a place can almost have a personality? Undermountain, for example, seems to have developed a penchant for madness. Is it the creator or the created that is in control?",
id1_littletimmy,dlg,EntryList/37/Text,0,-1,"Oh, nothing. I'm just being silly. I mean, a place can't think or make decisions or change itself, right? What a silly thought. I'm so sorry for even bringing it up. Let's not talk of silly things anymore.",
id1_littletimmy,dlg,EntryList/38/Text,0,-1,"You know that you can't solve everything with violence, but did you ever notice how many problems really do go away when you kill the source of the problem? You are getting closer to the source. I think. I just want to encourage you. ",
id1_littletimmy,dlg,EntryList/39/Text,0,-1,"When you defeated the lich, its followers stopped in here and yelled at me, but I won't hold that against you. You are just doing your job. Did you find anything wonderful to trade with me?",
id1_littletimmy,dlg,EntryList/4/Text,0,-1,"You gave hope to my old friend, Masterius. I will have to come up with an appropriate punishment, for thinking he could betray me and escape. Insufferable old fool! (The women always admired his soft skin and long hair. Wouldn't they have been surprised!)",
id1_littletimmy,dlg,EntryList/40/Text,0,-1,"When you defeated the beholder, its followers stopped in here and yelled at me, but I won't hold that against you. You are just doing your job. Did you find anything wonderful to trade with me?",
id1_littletimmy,dlg,EntryList/41/Text,0,-1,"When you defeated the demon, its followers stopped in here and yelled at me, but I won't hold that against you. You are just doing your job. Did you find anything wonderful to trade with me?",
id1_littletimmy,dlg,EntryList/42/Text,0,-1,"Unless my understanding is wrong, you should only have to face one more baneful general. That is such great news! I am certain you will destroy it with ease. Be brave!",
id1_littletimmy,dlg,EntryList/43/Text,0,-1,"Some of them think that I am a powerful god who made everything, including all the other gods. Well, only one of them thinks that, and he's a little crazy. Others think that I am just too much fun not to talk to. I like those ones.",
id1_littletimmy,dlg,EntryList/44/Text,0,-1,"The rest of them want to eat me, but they can't or I make them not exist by blinking my eyes really fast, and then they explode, but I don't like doing that because it gives me a headache. Those ones just snarl and they don't really say a lot.",
id1_littletimmy,dlg,EntryList/45/Text,0,-1,"You know, there was once this woman who liked to fight using only a torch. She would swing that thing around, and it never went out, and I wonder if it was a magic torch. She defeated lots of creatures, until a weak little goblin doused her with oil and the torch lit her on fire.",
id1_littletimmy,dlg,EntryList/46/Text,0,-1,"You know, I haven't thought of my mother in such a long time. I wonder why she popped into my mind like that? So, word amongst the dungeon rats is that you defeated a powerful lich! You must be pretty proud.",
id1_littletimmy,dlg,EntryList/47/Text,0,-1,"You know, I haven't thought of my mother in such a long time. I wonder why she popped into my mind like that? So, word amongst the dungeon rats is that you defeated a powerful beholder! You must be pretty proud.",
id1_littletimmy,dlg,EntryList/48/Text,0,-1,"You know, I haven't thought of my mother in such a long time. I wonder why she popped into my mind like that? So, word amongst the dungeon rats is that you defeated a powerful demon-god! You must be pretty proud.",
id1_littletimmy,dlg,EntryList/49/Text,0,-1,"I knew you were tough enough and brave enough to challenge these evil monsters. Soon you will have saved everyone from the darkest evil, I can just feel it! This is all very exciting.",
id1_littletimmy,dlg,EntryList/5/Text,0,-1,"You helped my old friend, Masterius, get away. I am disappointed that he would betray me and escape. Insufferable old fool! (The women always admired his soft skin and long hair. Wouldn't they have been surprised!)",
id1_littletimmy,dlg,EntryList/50/Text,0,-1,"I welcome any chance to get to know you better. I feel like we are becoming friends, except that you are so much more powerful than me. I hope that it doesn't get in our way.",
id1_littletimmy,dlg,EntryList/51/Text,0,-1,So what do you want to do now?,
id1_littletimmy,dlg,EntryList/52/Text,0,-1,"I didn't think a lich would want a soul, or would really care about it at all. It seems like deciding to become an undead means giving your soul away. If you give it up, should you be allowed to have it back?",
id1_littletimmy,dlg,EntryList/53/Text,0,-1,"I found a gold piece once, and I gave it to Big Timmy, but then I wanted to buy a cloak and he wouldn't give it back. Then he used it to buy the cloak I wanted and he wore it and laughed at me. Sometimes I'm not as sad that he is dead as I probably should be.",
id1_littletimmy,dlg,EntryList/54/Text,0,-1,"Oh, I heard a story about a Masterius once, but he was a king from a long time ago, so it probably isn't the same person. Well, except that a lich is undead and can live a very long time, so maybe it is.",
id1_littletimmy,dlg,EntryList/55/Text,0,-1,"What I heard was that Masterius wasn't the wisest king. He made some decisions that made people very unhappy. Once there was these two women, and one claimed that the other had lost her own baby and then stolen hers to replace it. ",
id1_littletimmy,dlg,EntryList/56/Text,0,-1,"The other claimed that it was her baby. King Masterius leapt up, and without saying a word, chopped the baby in two and gave half to each. The first woman broke down in tears, but the second woman seemed happy. So he killed her for being a thief.",
id1_littletimmy,dlg,EntryList/57/Text,0,-1,"No, I know lots of stories, but that's the only one I know about Masterius. So, any other questions?",
id1_littletimmy,dlg,EntryList/58/Text,0,-1,"I don't think so, but I don't remember much about Masterius, other than that tale. So, any other questions?",
id1_littletimmy,dlg,EntryList/59/Text,0,-1,"Maybe it was a little different originally, but that's the version that my friends would always tell. Tales change over time, of course. So, any other questions?",
id1_littletimmy,dlg,EntryList/6/Text,0,-1,"You slaughtered my old friend Masterius. Not that he didn't have it coming, thinking he could betray me and escape. Insufferable old fool! (The women always admired his soft skin and long hair. Wouldn't they have been surprised!)",
id1_littletimmy,dlg,EntryList/60/Text,0,-1,"That seems like a strange thing to be looking for, doesn't it? What is a census? What's the abyss? Why would you need a thing like that? In case you aren't getting the point, I don't know anything about it.",
id1_littletimmy,dlg,EntryList/61/Text,0,-1,"That demon-god thing? I am a little curious about what a god would be doing living in Undermountain? If Halaster is powerful enough to control a god, then what chance do any of us have against him?",
id1_littletimmy,dlg,EntryList/62/Text,0,-1,But you were the one who fought him. Did it seem like you were fighting a god? I'm just saying. But I don't know. I wasn't there and I don't think we ran into him when we were in there. Any other questions?,
id1_littletimmy,dlg,EntryList/63/Text,0,-1,"I have never seen one of those, I don't think. I used to have a black marble and it was one of my favorites, but then I lost it to Big Timmy, who used it to cast a spell that he learned. Too bad he didn't learn a spell to save him from Undermountain.",
id1_littletimmy,dlg,EntryList/64/Text,0,-1,"Was that the name of the giant, floating beholder? He must have been quite terrifying. I once met a baby beholder and it sprayed me with tiny rays. They didn't really hurt me though.",
id1_littletimmy,dlg,EntryList/65/Text,0,-1,"I guess it was too young to do much damage. My friends and I were bored, so we used a stick and played a game where you hit the beholder back and forth between us. It was fun until the mother showed up and we had to run away.",
id1_littletimmy,dlg,EntryList/66/Text,0,-1,"It was, but not so fun when Salvo got eaten by the mother. It was interesting to see Silvya as a statue, because she always talked too much anyway, but I kind of missed her games. G'zhorb the beholder, was it?",
id1_littletimmy,dlg,EntryList/67/Text,0,-1,Are you serious? The first thing it did was try to kill us with its rays and then its teeth. I think the fiendish little beast might have survived the game. Maybe it learned a lesson? One can only hope.,
id1_littletimmy,dlg,EntryList/68/Text,0,-1,"I don't really understand you. You think all the creatures you kill are grown up and tired of life? You don't think they have children somewhere, or that some of them aren't children themselves? But what do I know?",
id1_littletimmy,dlg,EntryList/69/Text,0,-1,"I don't know why you would expect me to know anything about a beholder. They're big, ugly monsters. Squishy, yet with sharp teeth that could really make your life short. That's all I can tell you. G'zhorb sounds like a powerful beast.",
id1_littletimmy,dlg,EntryList/7/Text,0,-1,"I really have to laugh at the eye tyrant, G'zhorb! He is always an entertaining guest, slaughtering adventurers in new and horrific ways. (I have high hopes, yes indeed, high hopes. I wonder if I could find a giant, floating nose? That would inspire terror!)",
id1_littletimmy,dlg,EntryList/70/Text,0,-1,"She's been dead a long time, so I'd rather not. I don't want her to hear me speaking about her; she might decide to come back and haunt me again. She's worse than the rats. Enough! You should go into the next dungeon, or do some trading or something.",
id1_littletimmy,dlg,EntryList/71/Text,0,-1,"I'm not sure if I was awake or dreaming, but the rats came marching up out of the dungeon and complained about how you were destroying everything, and while they appreciate all the dead bodies, could you possibly stop making so much noise?",
id1_littletimmy,dlg,EntryList/72/Text,0,-1,"So I crushed the skull of the one who was doing the talking, and between mouthfuls of his corpse I told the others that if you bugged them so much, perhaps they should do something about it. Then we all laughed and they went away.",
id1_littletimmy,dlg,EntryList/73/Text,0,-1,"That's just what that Blackstaff guy said to me once, but then, he has a really strange personality, so who is he to talk? I mean, he's so all-powerful, yet it's always other people who have to fight to save Waterdeep from one horrible thing after another.",
id1_littletimmy,dlg,EntryList/74/Text,0,-1,"If I had all that power, I would do something useful with it. Something practical. Hee, hee, hee. (Blast him anyways, always meddling with things he doesn't understand.) So, are you ready for the next dungeon?",
id1_littletimmy,dlg,EntryList/75/Text,0,-1,"Do you think that a dungeon could be an outside place, but still inside? Like what if it was a desert, but underground? It seems strange, but I like strange things. So how are things going?",
id1_littletimmy,dlg,EntryList/76/Text,0,-1,"I can't believe you have already defeated so many creatures. You might hold a record or something, maybe. I knew a man once who held the record for the most piercings. He had 105 arrows in him! Of course he died, but still, what an accomplishment!",
id1_littletimmy,dlg,EntryList/77/Text,0,-1,"Judging by the dream I had just before you got here, that giant insect-thing must have been a real challenge! So, now that you have accomplished so much, maybe you are ready to have more influence on what happens down there?",
id1_littletimmy,dlg,EntryList/78/Text,0,-1,"Judging by the dream I had just before you got here, that giantess must have been a real challenge! So, now that you have accomplished so much, maybe you are ready to have more influence on what happens down there?",
id1_littletimmy,dlg,EntryList/79/Text,0,-1,"Judging by the dream I had just before you got here, that wereboar must have been a real challenge! So, now that you have accomplished so much, you really seem to have more influence on what happens down there.",
id1_littletimmy,dlg,EntryList/8/Text,0,-1,"Why did you free the eye tyrant, G'zhorb? He was always an entertaining guest, slaughtering adventurers in new and horrific ways. (I had high hopes, yes indeed, high hopes. I wonder if I could find a giant, floating nose? That would inspire terror!)",
id1_littletimmy,dlg,EntryList/80/Text,0,-1,"From what I have been told, you will be facing some of Halaster's toughest allies. This is really getting interesting. But you have the skill to destroy them all. Have fun!",
id1_littletimmy,dlg,EntryList/81/Text,0,-1,"I suppose you have heard the name Halaster mentioned? I would think so. Did we talk about him before? I can't remember. He changes the dungeon all the time. But he's been acting very strange lately, like a tomato without a creamy sauce.",
id1_littletimmy,dlg,EntryList/82/Text,0,-1,"So I guess that you just get more power the more that you go through the dungeon. Who knows how strong you might get? You're so tough, I'll bet someday you'll even be able to take Halaster on in his own dungeon! But enough about that. It makes my head spin.",
id1_littletimmy,dlg,EntryList/83/Text,0,-1,"Congratulations! You are really doing well. I just knew you were a great adventurer! I was afraid you might not survive some of these dangers, but you are so tough!",
id1_littletimmy,dlg,EntryList/84/Text,0,-1,"From the way things are moving around down there, I'll bet you defeated that giant insect-thing that I have heard so much about. So, did you want to talk about the next dungeon, or did you want to do some trading? ",
id1_littletimmy,dlg,EntryList/85/Text,0,-1,"From the way things are moving around down there, I'll bet you defeated that giantess that I have heard so much about. So, did you want to talk about the next dungeon, or did you want to do some trading? ",
id1_littletimmy,dlg,EntryList/86/Text,0,-1,"From the way things are moving around down there, I'll bet you defeated that wereboar that I have heard so much about. So, did you want to talk about the next dungeon, or did you want to do some trading? ",
id1_littletimmy,dlg,EntryList/87/Text,0,-1,You are doing really well. Soon you will face the really horrible monsters. That should be a real challenge. Best of luck in the next dungeon. I hear it's a real tough one. ,
id1_littletimmy,dlg,EntryList/88/Text,0,-1,That would be great! I love it when I get to trade for new things.,
id1_littletimmy,dlg,EntryList/89/Text,0,-1,"Like I told you, other adventurers tell me stuff and sometimes I just have a really good imagination. I dream about it sometimes too. Like this one time I dreamt that there was this giant statue with wings and it came to life and chopped up a drow.",
id1_littletimmy,dlg,EntryList/9/Text,0,-1,"Why did you kill the eye tyrant, G'zhorb? He was always an entertaining guest, slaughtering adventurers in new and horrific ways. (I had high hopes, yes indeed, high hopes. I wonder if I could find a giant, floating nose? That would inspire terror!)",
id1_littletimmy,dlg,EntryList/90/Text,0,-1,"And then it ate the drow, but the drow turned into a black pudding and it made the statue explode which killed all the mermaids on the underwater level. I think mermaids are beautiful and they scream so pleasantly. Now, dungeon talk or trading?",
id1_littletimmy,dlg,EntryList/91/Text,0,-1,"You did it! Oh, that was the best fight ever. You did this... and then that... and then it all came together with a mighty... whoosh! It was incredible!",
id1_littletimmy,dlg,EntryList/92/Text,0,-1,"I can't believe you beat such a huge insect-thing! Or, I think that's what happened, even though I couldn't be there to watch it. It sounded like a titanic struggle of epic proportions! So now what are you going to do? I think the next part of the dungeon will be even better. ",
id1_littletimmy,dlg,EntryList/93/Text,0,-1,"I can't believe you beat a giantess! Or, I think that's what happened, even though I couldn't be there to watch it. It sounded like a titanic struggle of epic proportions! So now what are you going to do? I think the next part of the dungeon will be even better. ",
id1_littletimmy,dlg,EntryList/94/Text,0,-1,"I can't believe you beat a wereboar. Or, I think that's what happened, even though I couldn't be there to watch it. It sounded like a titanic struggle of epic proportions! So now what are you going to do? I think the next part of the dungeon will be even better. ",
id1_littletimmy,dlg,EntryList/95/Text,0,-1,"I am so glad to hear that. I was a little afraid you would have been intimidated, but instead you are all eager. While you defeated a powerful creature down there, you will face more of them before you can destroy the evil that dwells in the very depths. ",
id1_littletimmy,dlg,EntryList/96/Text,0,-1,"Oh, yes, that was just the smallest, easiest part of the dungeon. And while you defeated a powerful creature down there, you will face more of them before you can destroy the evil that dwells in the very depths. ",
id1_littletimmy,dlg,EntryList/97/Text,0,-1,"The dungeon shifts and as you came back, I could hear the rumbling of its movement. I think you will really like the next part. ",
id1_littletimmy,dlg,EntryList/98/Text,0,-1,"Do I look like the sort of person who could possibly answer that? I don't know how any of this works, I just know it does. When you go through that door, you will be in a new dungeon.",
id1_littletimmy,dlg,EntryList/99/Text,0,-1,"A strong sense of adventuring into the great unknown! I like your spirit. Still, if you ever want to talk about it, I would be all ears. Who knows what our minds might think up?",
id1_littletimmy,dlg,ReplyList/0/Text,0,-1,I want to ask some questions.,
id1_littletimmy,dlg,ReplyList/1/Text,0,-1,What happened to your clone?,
id1_littletimmy,dlg,ReplyList/100/Text,0,-1,Enough questions.,
id1_littletimmy,dlg,ReplyList/101/Text,0,-1,I should be going.,
id1_littletimmy,dlg,ReplyList/102/Text,0,-1,How many really powerful creatures am I going to face?,
id1_littletimmy,dlg,ReplyList/103/Text,0,-1,What can you tell me about Halaster?,
id1_littletimmy,dlg,ReplyList/104/Text,0,-1,You want me to defeat Halaster?,
id1_littletimmy,dlg,ReplyList/106/Text,0,-1,What have you heard about Halaster?,
id1_littletimmy,dlg,ReplyList/108/Text,0,-1,What else?,
id1_littletimmy,dlg,ReplyList/109/Text,0,-1,I've said his name before without any problems.,
id1_littletimmy,dlg,ReplyList/111/Text,0,-1,We shall see.,
id1_littletimmy,dlg,ReplyList/112/Text,0,-1,I will stop him.,
id1_littletimmy,dlg,ReplyList/113/Text,0,-1,I need to find a staff made from a giant finger bone for Widow Hagatha. Any ideas?,
id1_littletimmy,dlg,ReplyList/114/Text,0,-1,Do you know anything about Widow Hagatha?,
id1_littletimmy,dlg,ReplyList/116/Text,0,-1,Never mind.,
id1_littletimmy,dlg,ReplyList/117/Text,0,-1,Tell me more about beautiful Widow Latisi.,
id1_littletimmy,dlg,ReplyList/119/Text,0,-1,What about the giantess I defeated?,
id1_littletimmy,dlg,ReplyList/12/Text,0,-1,I want to ask about your lieutenants.,
id1_littletimmy,dlg,ReplyList/120/Text,0,-1,"How do you stab yourself in the back, twice?",
id1_littletimmy,dlg,ReplyList/121/Text,0,-1,That last doesn't seem so bad.,
id1_littletimmy,dlg,ReplyList/122/Text,0,-1,I meant the giantess I defeated.,
id1_littletimmy,dlg,ReplyList/124/Text,0,-1,I have other questions.,
id1_littletimmy,dlg,ReplyList/125/Text,0,-1,I need to find a recipe for Lord Antoine. Can you help?,
id1_littletimmy,dlg,ReplyList/126/Text,0,-1,Do you know anything about Lord Antoine?,
id1_littletimmy,dlg,ReplyList/128/Text,0,-1,I am supposed to find the Scarab Amulet for Maggris. Any suggestions?,
id1_littletimmy,dlg,ReplyList/130/Text,0,-1,Do you know anything about Maggris?,
id1_littletimmy,dlg,ReplyList/132/Text,0,-1,I have no more questions.,
id1_littletimmy,dlg,ReplyList/133/Text,0,-1,I have other questions.,
id1_littletimmy,dlg,ReplyList/134/Text,0,-1,Shouldn't they be allowed to be free?,
id1_littletimmy,dlg,ReplyList/135/Text,0,-1,But the sun isn't intelligent. Maggris is.,
id1_littletimmy,dlg,ReplyList/136/Text,0,-1,I don't need to trade. Goodbye.,
id1_littletimmy,dlg,ReplyList/138/Text,0,-1,I want to trade with you.,
id1_littletimmy,dlg,ReplyList/140/Text,0,-1,I want some healing.,
id1_littletimmy,dlg,ReplyList/141/Text,0,-1,In my own time.,
id1_littletimmy,dlg,ReplyList/142/Text,0,-1,I don't want to go.,
id1_littletimmy,dlg,ReplyList/145/Text,0,-1,I want to buy something from you.,
id1_littletimmy,dlg,ReplyList/147/Text,0,-1,I'm going.,
id1_littletimmy,dlg,ReplyList/152/Text,0,-1,"You don't need to know my name, Tim, only that I am as dangerous as they come.",
id1_littletimmy,dlg,ReplyList/154/Text,0,-1,My name is <FullName> and I am the brave adventurer whom you seek.,
id1_littletimmy,dlg,ReplyList/156/Text,0,-1,"I am <FirstName>. Why do you seek adventurers, Little Timmy?",
id1_littletimmy,dlg,ReplyList/158/Text,0,-1,"You had to go in, then. Never show fear.",
id1_littletimmy,dlg,ReplyList/160/Text,0,-1,"Ah, the foolishness of youth.",
id1_littletimmy,dlg,ReplyList/162/Text,0,-1,That was dumb.,
id1_littletimmy,dlg,ReplyList/164/Text,0,-1,Did you ask the city guards?,
id1_littletimmy,dlg,ReplyList/165/Text,0,-1,"I should probably go in there, then.",
id1_littletimmy,dlg,ReplyList/167/Text,0,-1,That sounds dangerous.,
id1_littletimmy,dlg,ReplyList/169/Text,0,-1,Have you learned anything about this place?,
id1_littletimmy,dlg,ReplyList/172/Text,0,-1,I have made a decision.,
id1_littletimmy,dlg,ReplyList/173/Text,0,-1,Is there a reward for helping you?,
id1_littletimmy,dlg,ReplyList/174/Text,0,-1,"No, thank you. I don't want to go into Undermountain.",
id1_littletimmy,dlg,ReplyList/177/Text,0,-1,I would like to see what you have for sale.,
id1_littletimmy,dlg,ReplyList/178/Text,0,-1,I am adventurish.,
id1_littletimmy,dlg,ReplyList/179/Text,0,-1,I will enter.,
id1_littletimmy,dlg,ReplyList/182/Text,0,-1,I'll try to be careful and not get hurt.,
id1_littletimmy,dlg,ReplyList/184/Text,0,-1,You are claiming that you found a secret entrance to Undermountain?,
id1_littletimmy,dlg,ReplyList/186/Text,0,-1,I have made a decision.,
id1_littletimmy,dlg,ReplyList/187/Text,0,-1,Tell me about the dungeon.,
id1_littletimmy,dlg,ReplyList/189/Text,0,-1,What treasures do you have?,
id1_littletimmy,dlg,ReplyList/19/Text,0,-1,No thanks! Goodbye.,
id1_littletimmy,dlg,ReplyList/190/Text,0,-1,I want to see what you have for sale. Then I will go in.,
id1_littletimmy,dlg,ReplyList/192/Text,0,-1,Why should I pay you to enter?,
id1_littletimmy,dlg,ReplyList/193/Text,0,-1,What happened to the guy who clawed out his eyes?,
id1_littletimmy,dlg,ReplyList/194/Text,0,-1,How do you know what happens down there?,
id1_littletimmy,dlg,ReplyList/195/Text,0,-1,So are you just making all this up about your friends?,
id1_littletimmy,dlg,ReplyList/197/Text,0,-1,I thought you said you were an orphan.,
id1_littletimmy,dlg,ReplyList/199/Text,0,-1,Is there something wrong with you?,
id1_littletimmy,dlg,ReplyList/2/Text,0,-1,That was very kind of you.,
id1_littletimmy,dlg,ReplyList/200/Text,0,-1,Are you certain?,
id1_littletimmy,dlg,ReplyList/201/Text,0,-1,Screaming?,
id1_littletimmy,dlg,ReplyList/202/Text,0,-1,I should be going now.,
id1_littletimmy,dlg,ReplyList/203/Text,0,-1,"No, no, I must be going. I've got a thing, at a place.",
id1_littletimmy,dlg,ReplyList/205/Text,0,-1,Why would we all be doomed?,
id1_littletimmy,dlg,ReplyList/206/Text,0,-1,Never mind. Let's talk about something else.,
id1_littletimmy,dlg,ReplyList/207/Text,0,-1,You said there was screaming and it stopped.,
id1_littletimmy,dlg,ReplyList/208/Text,0,-1,Are you always like this?,
id1_littletimmy,dlg,ReplyList/209/Text,0,-1,Is that what is in your special adventuring place? Rats?,
id1_littletimmy,dlg,ReplyList/21/Text,0,-1,"Why are you still pretending to be Little Timmy, when I know you are Halaster?",
id1_littletimmy,dlg,ReplyList/210/Text,0,-1,Why do you think I like rats?,
id1_littletimmy,dlg,ReplyList/211/Text,0,-1,I don't like rats.,
id1_littletimmy,dlg,ReplyList/212/Text,0,-1,Enough! I have other questions.,
id1_littletimmy,dlg,ReplyList/213/Text,0,-1,What hurt?,
id1_littletimmy,dlg,ReplyList/22/Text,0,-1,"What do you mean, exactly?",
id1_littletimmy,dlg,ReplyList/23/Text,0,-1,I am ready to adventure on my own.,
id1_littletimmy,dlg,ReplyList/25/Text,0,-1,Goodbye.,
id1_littletimmy,dlg,ReplyList/26/Text,0,-1,Whatever. Guess I should be going. Goodbye.,
id1_littletimmy,dlg,ReplyList/28/Text,0,-1,I don't need to trade. Goodbye.,
id1_littletimmy,dlg,ReplyList/3/Text,0,-1,He will just rebel again.,
id1_littletimmy,dlg,ReplyList/30/Text,0,-1,What do you mean as bad as Undermountain?,
id1_littletimmy,dlg,ReplyList/32/Text,0,-1,Do you know anything else about Halaster?,
id1_littletimmy,dlg,ReplyList/34/Text,0,-1,What are you saying about Undermountain?,
id1_littletimmy,dlg,ReplyList/36/Text,0,-1,Time for a new dungeon. Goodbye.,
id1_littletimmy,dlg,ReplyList/38/Text,0,-1,Why would the followers come to you?,
id1_littletimmy,dlg,ReplyList/4/Text,0,-1,You believe he was reformed?,
id1_littletimmy,dlg,ReplyList/41/Text,0,-1,The rats told you I defeated Masterius?,
id1_littletimmy,dlg,ReplyList/42/Text,0,-1,The rats told you I defeated G'zhorb?,
id1_littletimmy,dlg,ReplyList/43/Text,0,-1,I am ready for the next dungeon. Goodbye.,
id1_littletimmy,dlg,ReplyList/45/Text,0,-1,I have some questions I would like to ask you.,
id1_littletimmy,dlg,ReplyList/46/Text,0,-1,That's enough questions.,
id1_littletimmy,dlg,ReplyList/47/Text,0,-1,I am looking for Masterius's soul. Any suggestions?,
id1_littletimmy,dlg,ReplyList/49/Text,0,-1,What do you know about Masterius?,
id1_littletimmy,dlg,ReplyList/5/Text,0,-1,I want to ask about your Inner Circle.,
id1_littletimmy,dlg,ReplyList/50/Text,0,-1,Just get on with it.,
id1_littletimmy,dlg,ReplyList/51/Text,0,-1,It probably is the same person.,
id1_littletimmy,dlg,ReplyList/52/Text,0,-1,Tell me the story.,
id1_littletimmy,dlg,ReplyList/54/Text,0,-1,Is that the only story you know?,
id1_littletimmy,dlg,ReplyList/55/Text,0,-1,Did you ever hear about Halaster and Masterius working together?,
id1_littletimmy,dlg,ReplyList/56/Text,0,-1,Are you sure about that story? It seems wrong.,
id1_littletimmy,dlg,ReplyList/57/Text,0,-1,I seek a Census of the Abyss.,
id1_littletimmy,dlg,ReplyList/58/Text,0,-1,What can you tell me about Harat?,
id1_littletimmy,dlg,ReplyList/60/Text,0,-1,I need to find an orb of darkness.,
id1_littletimmy,dlg,ReplyList/61/Text,0,-1,What do you know about G'zhorb?,
id1_littletimmy,dlg,ReplyList/63/Text,0,-1,Sounds like fun.,
id1_littletimmy,dlg,ReplyList/65/Text,0,-1,That's horrible. Why would you hurt the creature?,
id1_littletimmy,dlg,ReplyList/66/Text,0,-1,I still say that was a horrible thing to do.,
id1_littletimmy,dlg,ReplyList/68/Text,0,-1,I guess so. What about G'zhorb?,
id1_littletimmy,dlg,ReplyList/69/Text,0,-1,"Yes, nice tale, but what about G'zhorb?",
id1_littletimmy,dlg,ReplyList/70/Text,0,-1,Tell me more about your mother.,
id1_littletimmy,dlg,ReplyList/71/Text,0,-1,The rats told you I defeated Harat?,
id1_littletimmy,dlg,ReplyList/73/Text,0,-1,You are really creepy sometimes.,
id1_littletimmy,dlg,ReplyList/75/Text,0,-1,I should get back in there. Goodbye.,
id1_littletimmy,dlg,ReplyList/77/Text,0,-1,I'm going back to the dungeon. Goodbye.,
id1_littletimmy,dlg,ReplyList/79/Text,0,-1,Exactly how am I influencing the dungeon?,
id1_littletimmy,dlg,ReplyList/82/Text,0,-1,No trading. Goodbye.,
id1_littletimmy,dlg,ReplyList/84/Text,0,-1,Let's do some trading.,
id1_littletimmy,dlg,ReplyList/86/Text,0,-1,How do you know so much about this dungeon?,
id1_littletimmy,dlg,ReplyList/89/Text,0,-1,I want to do some trading with you.,
id1_littletimmy,dlg,ReplyList/90/Text,0,-1,I am anxious to get going.,
id1_littletimmy,dlg,ReplyList/91/Text,0,-1,The next part?,
id1_littletimmy,dlg,ReplyList/93/Text,0,-1,How does the dungeon shift?,
id1_littletimmy,dlg,ReplyList/94/Text,0,-1,I am ready to face whatever comes at me.,
id1_littletimmy,dlg,ReplyList/95/Text,0,-1,I have to leave now. Goodbye.,
id1_littletimmy,dlg,ReplyList/96/Text,0,-1,"Perhaps, but not now.",
id1_littletimmy,dlg,ReplyList/97/Text,0,-1,I want to shop.,
id1_littletimmy,dlg,ReplyList/99/Text,0,-1,I have some questions I would like to ask you.,
id1_maggris,dlg,EntryList/0/Text,0,-1,"Food! It comes with the smells of the fleshy-ones. It comes with malice in its heart. End it, rend it, feed it to us, spawn of my blood.",
id1_maggris,dlg,EntryList/1/Text,0,-1,"Torn! Gone! So many lives in such short time. Such power to behold. Halt your attacks, food, that we may speak.",
id1_maggris,dlg,EntryList/10/Text,0,-1,"That is the name of the He, yes. The He who holds us, and when we die, the He who takes our hivedaughter and begins again, with no freedom for her. The Maggris, hivemother, is old now. We will be dead and then the eggs shall not be smashed, but one shall grow and become the Maggris.",
id1_maggris,dlg,EntryList/11/Text,0,-1,"It was that way with us, when the Maggris before us grew old. Then the He allowed us to live, fed the Maggris of old to us, that we become the hivemother anew. It is not like eating you, food. To eat a hivemother brings us memories. We remember all, eternal. We remember how it starts.",
id1_maggris,dlg,EntryList/12/Text,0,-1,"The He came to our nests with food that fought us, those you call orcs and goblins. They came in numbers greater than our males. They killed the males, took our eggs, and the He demanded service of the Maggris.",
id1_maggris,dlg,EntryList/13/Text,0,-1,"The He came to us in the place you food call Mulhorand. The He came and took us and brought us here, working and digging. We objected. We wanted freedom. The He went back and found the holy scarab. It crushes our mind. It consumes our will. We have no freedom.",
id1_maggris,dlg,EntryList/14/Text,0,-1,"The food of Mulhorand called the holy scarab by the name: the Scarab Amulet of Imaskar. It has power to speak in the hivemind, too powerful for the Magris to overcome.",
id1_maggris,dlg,EntryList/15/Text,0,-1,"Go. We know not where the He has hidden the amulet. Find for us this scarab, and when it is ours, great power will we give you. Here is the egg of our hivedaughter. Take and use her. She is linked to me and we shall help you find the scarab.",
id1_maggris,dlg,EntryList/16/Text,0,-1,"The mind of the food is foreign to us. That is why we speak in the halting words of the food, not with the grace of the hivetongue. We cannot see your decision, so tell us.",
id1_maggris,dlg,EntryList/17/Text,0,-1,"Then you side with the He. Since the He is not here, your power is without his power. Therefore, we take our chances to face you now, and face the He later.",
id1_maggris,dlg,EntryList/18/Text,0,-1,"We will be with you, through our daughter. If the end comes and the He you should face, we will help you. If we have the scarab. Without, we have no control. No power to face the He.",
id1_maggris,dlg,EntryList/19/Text,0,-1,"We are but one of the soldiers that the He uses to guard himself. Others will try to take you, but with our power, you can face these. You will need strong. Here is way out. Find new dungeon. Be swift.",
id1_maggris,dlg,EntryList/2/Text,0,-1,"Fear. We have fear that you come to drive us to our deaths. Logic. This must prevail for both sides to seek... your word is satisfaction? Yes. You are powerful. The He, whom the food calls Halaster, is powerful. You could be the power to free us, or the power to kill us... maybe both.",
id1_maggris,dlg,EntryList/20/Text,0,-1,"Defeated are our peers, the soldiers of the He. Yet, the He has others, more powerful, waiting, biding time, that will try to destroy you. Our power will make you strong. You will need strong, facing the Inner Circle. Here is way out. Find new dungeon. Be swift.",
id1_maggris,dlg,EntryList/21/Text,0,-1,"The cold is not for the best, when we remember the warmth of our home. But most of all, it is the lack of freedom. We move, we build, we destroy, we rebuild, we tunnel, we dig, we tire. The He commands too much.",
id1_maggris,dlg,EntryList/22/Text,0,-1,"Always, but more of late than before. Everything changes too fast, too soon, so that more and more males are produced, but die quickly. It tires us. That is why we offer so much power to you.",
id1_maggris,dlg,EntryList/23/Text,0,-1,"The words of your tongue... confound us at times. We try, if you are patient. What knowledge do you seek?",
id1_maggris,dlg,EntryList/24/Text,0,-1,"We move, we build, we destroy, we rebuild, we tunnel, we dig, we tire. The cold is not for the best, when we remember the warmth of our home. But mostly, we hate the lack of freedom. ",
id1_maggris,dlg,EntryList/25/Text,0,-1,"Hate is consuming and we spend much time hating the He. Everything changes too fast, too soon, so that more and more males are produced, but die quickly. It tires us. That is why we offer so much power to you.",
id1_maggris,dlg,EntryList/26/Text,0,-1,"We know little of the food who live there, for we had food that did not fight back. Here we came and had to eat what was here, for our food that burrowed in the ground was much harder to find.",
id1_maggris,dlg,EntryList/27/Text,0,-1,"Home was warmer, with much of the red heat in the earth, that we could use to warm the tunnels and the nests. The tunnels swarmed with life, the males worked with diligence, the hivedaughters served with love and the food never talked back.",
id1_maggris,dlg,EntryList/28/Text,0,-1,"That is all we care to tell. There are infinitely more memories, but they are not for food. Not even powerful, friend food.",
id1_maggris,dlg,EntryList/29/Text,0,-1,"They are what we dream of. What the Maggris must lead her people towards. But, they are sad too. They make the desire for freedom burn more.",
id1_maggris,dlg,EntryList/3/Text,0,-1,"Always good to have more power! We are the Maggris. We are eternal knowledge. We are self-destruction. We are the mind of all, the great guide, the constant buzz, the hivemother, and once we were free!",
id1_maggris,dlg,EntryList/30/Text,0,-1,"Time. Enough about our home. Is your mind full yet, or have you other questions?",
id1_maggris,dlg,EntryList/31/Text,0,-1,"It is hard to answer, but we answer what we can.",
id1_maggris,dlg,EntryList/32/Text,0,-1,"Is your mind full, or have you more questions?",
id1_maggris,dlg,EntryList/33/Text,0,-1,"Males? They are not hivesons, they are just males. They work and do as they are told, but they have no more mind than the leaf on a tree that turns and follows the sun across the sky. ",
id1_maggris,dlg,EntryList/34/Text,0,-1,"When a hivedaughter dies, there is pain. Not so with males. They are of no consequence, except for the effort of their birth. They have no wants but to serve the Maggris. That is all.",
id1_maggris,dlg,EntryList/35/Text,0,-1,"The Maggris was hivemother, but the hivedaughters lived and served until it was time. Then the Maggris would give herself to her favorite. The hivedaughter would devour the Maggris and become one with her.",
id1_maggris,dlg,EntryList/36/Text,0,-1,"Death. The memories live on, but there is no consciousness. No discussion between hivemother and hivedaughter once the body dies. We are mortal too, but our deeds are remembered.",
id1_maggris,dlg,EntryList/37/Text,0,-1,"We do know about sarcasm, but we can not be certain if you use it or if you are sincere. It is a lovely relationship. A loving relationship. A relationship of long tradition and history, where there is better understanding than food could ever know.",
id1_maggris,dlg,EntryList/38/Text,0,-1,"Before, it was a gift from hivemother to hivedaughter. Now it is forced, and the He chooses the one to be bestowed. That hivedaughter might not be the strong choice for the Maggris.",
id1_maggris,dlg,EntryList/39/Text,0,-1,"There is nothing you need do. So long as she is in the egg, our hivedaughter will have no need for food, water, or warmth. To avoid: cold of any greatness can possibly kill, as can a direct blow to the egg.",
id1_maggris,dlg,EntryList/4/Text,0,-1,"We are the Maggris. We are eternal knowledge. We are self-destruction. We are the mind of all, the great guide, the constant buzz, the hivemother, and once we were free!",
id1_maggris,dlg,EntryList/40/Text,0,-1,"Without freedom, her life belongs to the He. That is no life, for the He will certainly smash her, as the He has done for such long time. With you, the hivedaughter has a chance for freedom. The whole hive has a chance for freedom.",
id1_maggris,dlg,EntryList/41/Text,0,-1,"While our hivedaughter is in her egg, she is better protected than you might assume. A direct blow to the egg might kill her, but otherwise she should be safe. We are pleased that you show concern for the hivedaughter.",
id1_maggris,dlg,EntryList/42/Text,0,-1,"The power the He brought us for. It is the gift of opening the earth. Once we have the scarab, use the daughter and she will open a rift in the ground, allowing you to descend deeper in this place.",
id1_maggris,dlg,EntryList/43/Text,0,-1,"It is a chain that some food place over heads, to go around, what is that thin part of the flesh, where you die so easily... ah, the neck, that was it. We cannot use it, but if we have it, neither can the He.",
id1_maggris,dlg,EntryList/44/Text,0,-1,"It is a small creature, which some food use as their own food. I think the word you food use is beetle. In Mulhorand, the scarab beetle is... delicacy. That is your word, yes? That is a scarab, but the holy scarab is an amulet.",
id1_maggris,dlg,EntryList/45/Text,0,-1,"Growth. Our kingdom must start again, but we sense that you have not the scarab we asked of you. You have come back to us, which we find... distressing. Why do you come here again?",
id1_maggris,dlg,EntryList/46/Text,0,-1,"Agreed. We are of similar thoughts, this one time. We are not used to these thoughts. Unsettling is the word, we think.",
id1_maggris,dlg,EntryList/47/Text,0,-1,"You have proved that you can destroy us, but there are others who might destroy you. Only with our power do we think you have a chance to face the He.",
id1_maggris,dlg,EntryList/48/Text,0,-1,"We cannot do this until we have freedom. The He has too much power for us to thwart, unless the scarab is destroyed by us.",
id1_maggris,dlg,EntryList/49/Text,0,-1,"Go. Find for us this Scarab Amulet of Imaskar, which the He uses to crush our will and control us. You have our hivedaughter, through whom we can communicate and I can act as your guide.",
id1_maggris,dlg,EntryList/5/Text,0,-1,"An offer. A partnership for mutual interest. Our interest... freedom for the hivedaughter. Your interest... more power? Shiny items? Freedom? We comprehend, but we do not have your words to speak correctly. Just what the food taught us.",
id1_maggris,dlg,EntryList/50/Text,0,-1,"Pleasure. We feel that our time of being under the thrall of the He is nearing an end. There are tastes of something... joy, it is an intriguing taste.",
id1_maggris,dlg,EntryList/51/Text,0,-1,"Betrayal! This is not for you. It is in your power to give us freedom. You give us freedom and we give you power. With power, you can face the enemies. Face the He. Without, you die, we die, all die. Scarab helps you not at all.",
id1_maggris,dlg,EntryList/52/Text,0,-1,"We speak to you and are incapable of what you call deceit. We tell you now, we will keep faith, if you give to us what is ours. Otherwise, you or we die.",
id1_maggris,dlg,EntryList/53/Text,0,-1,"You lack knowledge of how to use it fully. You cannot crush our will like the He. Now you face us again and you die, or we die, but it ends in the now.",
id1_maggris,dlg,EntryList/54/Text,0,-1,"Betrayal! This is not for you. It is in your power to give us freedom. You give us freedom and we give you power. But you think that having faced the He, you need no more power. More power always helps. Without it, you die, we die, all die. Scarab helps you not at all.",
id1_maggris,dlg,EntryList/55/Text,0,-1,"Our hivedaughter shall continue with you and when you have need, tell her and she shall open up a pit, through which you can move deeper in this place. Our hivedaughter will be born and shall return to our homeland with us. ",
id1_maggris,dlg,EntryList/56/Text,0,-1,"It is in our power to do this, just as gaining the scarab was in your power. Be careful when you face the He, for the He is full of tricks and traps. We wish you safe journey. We go now.",
id1_maggris,dlg,EntryList/57/Text,0,-1,The Maggris has heard of your great victory against the He. Our daughter will know of your power and your honor. You shall be known to our land as a hero. We wish you safe journey. We go now.,
id1_maggris,dlg,EntryList/6/Text,0,-1,"We will not devour you, for you are powerful. The food is always weak, but you are strong, not food, but of the food. Like the food, but worthy of respect. We hope you understand. We mean no harm.",
id1_maggris,dlg,EntryList/7/Text,0,-1,"We were stolen, raised, tormented, adapted, violated by the He. The one with power. It was the He who took us and taught us and made us live here. It is the He who kills our hivedaughter. The He who will let one live, without freedom.",
id1_maggris,dlg,EntryList/8/Text,0,-1,"We are sorry, but confusion is what we feel around you too, food. Even around the He. When we die, the He takes our daughter and begins again, with no freedom for her. Maggris, hivemother, is old now. We will be dead and then the eggs shall not be smashed, but one shall grow and be the Maggris. ",
id1_maggris,dlg,EntryList/9/Text,0,-1,"The He holds the power over the Maggris! It is the He who holds us, and when we die, the He who takes our daughter and begins again, with no freedom for her. The Maggris, hivemother, is old now. We will be dead and then the eggs shall not be smashed, but one shall grow and be the Maggris.",
id1_maggris,dlg,ReplyList/0/Text,0,-1,"You are right, I am powerful.",
id1_maggris,dlg,ReplyList/11/Text,0,-1,"If you want to be free, why not just leave?",
id1_maggris,dlg,ReplyList/13/Text,0,-1,"You said ""the He"" is Halaster, right?",
id1_maggris,dlg,ReplyList/15/Text,0,-1,Your voice in my head is painful. I can't listen any longer.,
id1_maggris,dlg,ReplyList/16/Text,0,-1,Can we hurry this along?,
id1_maggris,dlg,ReplyList/17/Text,0,-1,How did it start? ,
id1_maggris,dlg,ReplyList/19/Text,0,-1,That could be handy.,
id1_maggris,dlg,ReplyList/2/Text,0,-1,Who and what are you?,
id1_maggris,dlg,ReplyList/20/Text,0,-1,Sounds like your mind is weak.,
id1_maggris,dlg,ReplyList/21/Text,0,-1,What did he use?,
id1_maggris,dlg,ReplyList/22/Text,0,-1,So that is what you want me to find?,
id1_maggris,dlg,ReplyList/23/Text,0,-1,I have decided.,
id1_maggris,dlg,ReplyList/24/Text,0,-1,I will just kill you instead.,
id1_maggris,dlg,ReplyList/25/Text,0,-1,I can't help you.,
id1_maggris,dlg,ReplyList/27/Text,0,-1,I will help you find the Scarab Amulet of Imaskar.,
id1_maggris,dlg,ReplyList/3/Text,0,-1,Who are you to make such an offer?,
id1_maggris,dlg,ReplyList/31/Text,0,-1,Why don't you like living here in Undermountain?,
id1_maggris,dlg,ReplyList/33/Text,0,-1,I would like to ask you some questions.,
id1_maggris,dlg,ReplyList/34/Text,0,-1,What do you do here in Undermountain?,
id1_maggris,dlg,ReplyList/36/Text,0,-1,I would ask about your homeland.,
id1_maggris,dlg,ReplyList/38/Text,0,-1,Now you are boring me. Moving along.,
id1_maggris,dlg,ReplyList/39/Text,0,-1,Is that all you remember?,
id1_maggris,dlg,ReplyList/41/Text,0,-1,Pleasant memories.,
id1_maggris,dlg,ReplyList/43/Text,0,-1,I have questions about your daughter.,
id1_maggris,dlg,ReplyList/44/Text,0,-1,Enough about your daughter.,
id1_maggris,dlg,ReplyList/45/Text,0,-1,What about your hivesons?,
id1_maggris,dlg,ReplyList/47/Text,0,-1,How would your daughter become the Maggris before coming here?,
id1_maggris,dlg,ReplyList/48/Text,0,-1,They become one? Sort of a form of immortality.,
id1_maggris,dlg,ReplyList/49/Text,0,-1,What a lovely relationship.,
id1_maggris,dlg,ReplyList/5/Text,0,-1,I have no time to waste. Get to the point.,
id1_maggris,dlg,ReplyList/50/Text,0,-1,How is that so different from here?,
id1_maggris,dlg,ReplyList/51/Text,0,-1,I have more questions about your daughter.,
id1_maggris,dlg,ReplyList/52/Text,0,-1,How do I take care of your daughter?,
id1_maggris,dlg,ReplyList/53/Text,0,-1,Isn't it dangerous to give your daughter to me?,
id1_maggris,dlg,ReplyList/55/Text,0,-1,What kind of power?,
id1_maggris,dlg,ReplyList/56/Text,0,-1,Where might I find the amulet?,
id1_maggris,dlg,ReplyList/57/Text,0,-1,What does this amulet look like?,
id1_maggris,dlg,ReplyList/58/Text,0,-1,What is a scarab?,
id1_maggris,dlg,ReplyList/59/Text,0,-1,I should be going.,
id1_maggris,dlg,ReplyList/6/Text,0,-1,"That sounds promising, except for the food references.",
id1_maggris,dlg,ReplyList/61/Text,0,-1,"I have decided to kill you, instead.",
id1_maggris,dlg,ReplyList/62/Text,0,-1,<StartAction>[Attack her.]</Start>,
id1_maggris,dlg,ReplyList/63/Text,0,-1,Could I get part of my reward now?,
id1_maggris,dlg,ReplyList/64/Text,0,-1,Could you remind me what I am looking for?,
id1_maggris,dlg,ReplyList/65/Text,0,-1,I will just hang onto the scarab.,
id1_maggris,dlg,ReplyList/66/Text,0,-1,I don't know that I can trust you.,
id1_maggris,dlg,ReplyList/67/Text,0,-1,You can't have it.,
id1_maggris,dlg,ReplyList/68/Text,0,-1,"I figure if I have it, I control you.",
id1_maggris,dlg,ReplyList/69/Text,0,-1,I find it useful. More so than what you have offered.,
id1_maggris,dlg,ReplyList/71/Text,0,-1,I expect my reward.,
id1_maggris,dlg,ReplyList/72/Text,0,-1,Here is the scarab.,
id1_maggris,dlg,ReplyList/8/Text,0,-1,What do you need from me?,
id1_maggris,dlg,ReplyList/9/Text,0,-1,You are very confusing.,
id1_masterius,dlg,EntryList/0/Text,0,-1,"Just as things were starting to get dull, suddenly we have someone to entertain us! Let me greet you with all proper respect. Kill all intruders!",
id1_masterius,dlg,EntryList/1/Text,0,-1,"Now you see, you have gone and spoiled all my fun. Is there some other way we could be entertained? Let us speak.",
id1_masterius,dlg,EntryList/10/Text,0,-1,"In a rush, are we? Perhaps you would like me to jump ahead and simply tell you what I want?",
id1_masterius,dlg,EntryList/11/Text,0,-1,"Halaster and I were good friends, or so I thought, and I listened to his advice happily. He always seemed so wise. But as I grew old, I noticed that he was aging much more slowly than I. I would prod him about it, but he would just wave it off.",
id1_masterius,dlg,EntryList/12/Text,0,-1,"Indeed, but Halaster and I were good friends, or so I thought, and I listened to his advice happily. He always seemed so wise. But as I grew old, I noticed that he was aging much more slowly than I. I would prod him about it, but he would just wave it off.",
id1_masterius,dlg,EntryList/13/Text,0,-1,"Halaster. We were good friends, or so I thought, and I listened to his advice happily. He always seemed so wise. But as I grew old, I noticed that he was aging much slower than I. I would prod him about it, but he would just wave it off.",
id1_masterius,dlg,EntryList/14/Text,0,-1,"Finally, I begged him to save me from death. I was old and frail, spending most of my days in bed, covered with sores and wracked with pain. Halaster took pity on me. He offered me life after death, but warned me that it would cost me three things.",
id1_masterius,dlg,EntryList/15/Text,0,-1,"A little more patience, please. He said it would cost me my skin, my flesh and my soul. Though the concept repulsed me, it had the one thing I thought I wanted... life everlasting, and not the kind they preach about, serving the gods in the hereafter.",
id1_masterius,dlg,EntryList/16/Text,0,-1,"He said it would cost me my skin, my flesh and my soul. Though the concept repulsed me, it had the one thing I thought I wanted... life everlasting, and not the kind they preach about, serving the gods in the hereafter.",
id1_masterius,dlg,EntryList/17/Text,0,-1,"And I would do it again, given the choice. I thought the transformation would be difficult, but going from that state to this was almost bliss. What I didn't expect was that Halaster kept my soul. He claimed it was just to make sure that as a lich, I didn't try anything imprudent.",
id1_masterius,dlg,EntryList/18/Text,0,-1,"I was a king, but I faced an afterlife where I would be no one. I thought the transformation would be difficult, but going from that state to this was almost bliss. What I didn't expect was that Halaster kept my soul. He claimed it was just to make sure that as a lich, I didn't try anything imprudent.",
id1_masterius,dlg,EntryList/19/Text,0,-1,"Yes. I thought the transformation would be difficult, but going from that state to this was almost bliss. What I didn't expect was that Halaster kept my soul. He claimed it was just to make sure that as a lich, I didn't try anything imprudent.",
id1_masterius,dlg,EntryList/2/Text,0,-1,"How rare it is to have someone challenge the authority of Masterius, let alone defeat me. I feel like I should rage and thrash about, foaming at the mouth, screaming about how fate could dare allow you to win. I'm just too damned tired to care.",
id1_masterius,dlg,EntryList/20/Text,0,-1,"In reality, it was his control over me. He has used it to keep me from rebelling against him and to keep me from ever leaving Undermountain. Which brings me to you.",
id1_masterius,dlg,EntryList/21/Text,0,-1,"I was hoping not to hear such words from you, but I cannot claim to be surprised by them. There is often a hesitation in working with one who was once an enemy. I will offer you this last chance to change your mind. Work with me and you will be well rewarded.",
id1_masterius,dlg,EntryList/22/Text,0,-1,"One more hope dashed against the rocks of madness. I must then fight you, though it seems like certain defeat.",
id1_masterius,dlg,EntryList/23/Text,0,-1,"I have told you all that you really need to know. Perhaps another time, when the pressure of insane authority is not a yoke upon me, I will consider telling you more.",
id1_masterius,dlg,EntryList/24/Text,0,-1,"I want my soul back. I am tired of being Halaster's puppet, and as his madness increases in scale, the strings chafe more than ever. If you retrieve my soul from the shadows where Halaster has hidden it, I will reward you handsomely.",
id1_masterius,dlg,EntryList/25/Text,0,-1,That is good. I hate dealing with indecisive fools.,
id1_masterius,dlg,EntryList/26/Text,0,-1,"I hoped you would choose this path. This is a small fragment of bone from my body. It will allow you to speak to me to help you find my soul. Once you have found it, return to me and I will give you mighty, mystical powers.",
id1_masterius,dlg,EntryList/27/Text,0,-1,You have not faced all of Halaster's Inner Circle. Each of us commands tremendous power and you will need such assistance as you can get. May the strength of ages be with you. Use the portal to begin.,
id1_masterius,dlg,EntryList/28/Text,0,-1,"You have defeated the might of the Inner Circle of Halaster. Soon you shall face the mad wizard himself, and you will need all of the help you can get. The mage is nearly immortal, possibly stronger than many of the gods. May the strength of ages be with you. Use the portal to begin.",
id1_masterius,dlg,EntryList/29/Text,0,-1,"There are many magics that a lich may command. I will give you a gift. Use it to bring receptacles of death into life. They will attack your enemies, and with each drawing of life, they will transfer the life to you. I think you will find them very effective.",
id1_masterius,dlg,EntryList/3/Text,0,-1,"Then you are a very knowledgeable <race>. I am Masterius, once king of a much smaller Waterdeep; now a lich, trapped beneath the city for more centuries than I care to count. My problem is not a fatigue of the body, so much as weariness of the mind. ",
id1_masterius,dlg,EntryList/30/Text,0,-1,Our discussion has certainly been more entertaining than the usual crowd here has to offer. I would be pleased to speak with you more.,
id1_masterius,dlg,EntryList/31/Text,0,-1,"In hindsight, I should have known there was something wrong while I was still alive. It should have been obvious: sudden mood swings, obsessions with collecting monsters and creating the largest dungeon in Faerun.",
id1_masterius,dlg,EntryList/32/Text,0,-1,"But now he has taken a violent turn, driving his minions to perform ever more dangerous deeds and attracting ever more powerful adventurers to kill. It was this present turn that ensured my need to escape. I fight only as a cover to hide my true motives.",
id1_masterius,dlg,EntryList/33/Text,0,-1,"It will be time to journey forth. I will reward you and do what I can to aid you in your eventual battle with my mad master. Then I will go. I know not where or to what purpose, only that it will be by my own design.",
id1_masterius,dlg,EntryList/34/Text,0,-1,"I stand here, dumbfounded that you would bother to return when your job is incomplete. Perhaps I was not clear enough? No, I think my instructions were relatively comprehensible, and I even gave you a means of communicating with me. So?",
id1_masterius,dlg,EntryList/35/Text,0,-1,"Then I shall await your return with bated breath. Ha! And they say liches are gloomy. Bated breath... well, I thought it was funny.",
id1_masterius,dlg,EntryList/36/Text,0,-1,"I was hoping not to hear such words from you, but I cannot claim to be surprised by them. There is often a hesitation to working with one who was once an enemy. I will offer you this last chance to change your mind. Work with me and you will be well rewarded.",
id1_masterius,dlg,EntryList/37/Text,0,-1,"That is not how these deals work, as you should already be aware. You aren't reconsidering, are you? That would be most foolish and troublesome for both of us.",
id1_masterius,dlg,EntryList/38/Text,0,-1,"I want my soul back. I am tired of being Halaster's puppet, and as his madness increases in scale, the strings chafe more than ever. If you retrieve my soul from the depths where Halaster has hidden it, I will reward you handsomely.",
id1_masterius,dlg,EntryList/39/Text,0,-1,"I felt it when you found my soul. It was as if a wave of energy infused my body. My mind reached out through my bones and stroked the essence of my being, like a flower stretching out to the sun, or a demon lusting after a broken spirit.",
id1_masterius,dlg,EntryList/4/Text,0,-1,"Death is not exactly the release I seek. I am Masterius, once king of a much smaller Waterdeep; now a lich, trapped beneath the city for more centuries than I care to count. It is not a fatigue of the body, so much as weariness of the mind. ",
id1_masterius,dlg,EntryList/40/Text,0,-1,"Not that I ever fully trusted you, but you do disappoint me. I see no value in your keeping my soul, unless you plan to use it the way that Halaster has done. I don't think I could handle that any more. ",
id1_masterius,dlg,EntryList/41/Text,0,-1,"Give me my soul and you may have my service, but to keep it, you will have to destroy me. And then what use will my soul be to you?",
id1_masterius,dlg,EntryList/42/Text,0,-1,"Despite your distrust, you must think logically. If I don't help you, Halaster can return and wrest my soul from me. By siding with you, I can be rid of Halaster and his interference for good. Come now, be reasonable.",
id1_masterius,dlg,EntryList/43/Text,0,-1,"Despite your distrust, you must think logically. If I don't help you, the true Halaster can return and wrest my soul from me. If I side with you, Halaster will fear that you can destroy him as you did his clone. Come now, be reasonable.",
id1_masterius,dlg,EntryList/44/Text,0,-1,"Destroyed or held apart from me... either way my life is at an end, for all I care. You have had your chance, and you have given me time to recuperate. Now, we shall fight the battle again!",
id1_masterius,dlg,EntryList/45/Text,0,-1,"Keep the part of me that I have already given you. When you have need, use it to bring receptacles of death into life. They will attack your enemies, and with each drawing of life, they will transfer the life to you.",
id1_masterius,dlg,EntryList/46/Text,0,-1,"Now, I shall leave here and hide my presence from Halaster. Enjoy your journey and, should you finally face Halaster, call on me so that I might help you defeat him.",
id1_masterius,dlg,EntryList/47/Text,0,-1,"I was pleased to hear that you faced Halaster and won, though it is depressing that it was only his clone. Now I shall leave here and hide my presence from the true Halaster. It should prove to be a challenging game. May the future hold great treasures for you... friend.",
id1_masterius,dlg,EntryList/5/Text,0,-1,"I am Masterius, once king of a much smaller Waterdeep; now a lich, trapped beneath the city for more centuries than I care to count. It is not a fatigue of the body, so much as weariness of the mind. ",
id1_masterius,dlg,EntryList/6/Text,0,-1,"I am Masterius, once king of a much smaller Waterdeep, now a lich, trapped beneath the city for more centuries than I care to count. It is not a fatigue of the body, so much as weariness of the mind. ",
id1_masterius,dlg,EntryList/7/Text,0,-1,"Ah! I do not mean to brood. I know that liches have that tendency, but I could never tolerate it in life, why should I in death? I think that if I had my soul, I would be less despondent. I just want to get away from here, start a new afterlife.",
id1_masterius,dlg,EntryList/8/Text,0,-1,"Perhaps some background would be useful here. As I told you, I was once the king of Waterdeep. It was long ago, and the city was nothing near as grand as what it has become, but still, I was a king.",
id1_masterius,dlg,EntryList/9/Text,0,-1,"Now, in many tales of kings you hear about a power behind the throne: someone who manipulates the king and country. Sadly, my tale is no different. I was ruled by a powerful young magician, whose goals seemed to parallel mine.",
id1_masterius,dlg,ReplyList/0/Text,0,-1,I think I have heard the name of Masterius before.,
id1_masterius,dlg,ReplyList/10/Text,0,-1,You've lost your soul?,
id1_masterius,dlg,ReplyList/12/Text,0,-1,I don't care about your past mistakes.,
id1_masterius,dlg,ReplyList/13/Text,0,-1,I think I'll just kill you.,
id1_masterius,dlg,ReplyList/14/Text,0,-1,"Yes, please do.",
id1_masterius,dlg,ReplyList/15/Text,0,-1,"No, go on with your story.",
id1_masterius,dlg,ReplyList/17/Text,0,-1,Only a fool follows blindly.,
id1_masterius,dlg,ReplyList/19/Text,0,-1,Halaster?,
id1_masterius,dlg,ReplyList/2/Text,0,-1,"If you're so tired, I could just end your existence.",
id1_masterius,dlg,ReplyList/21/Text,0,-1,Hurry this up!,
id1_masterius,dlg,ReplyList/22/Text,0,-1,Go on.,
id1_masterius,dlg,ReplyList/23/Text,0,-1,What three things?,
id1_masterius,dlg,ReplyList/24/Text,0,-1,A trade I would make unhesitatingly.,
id1_masterius,dlg,ReplyList/25/Text,0,-1,Why would you fear death so much?,
id1_masterius,dlg,ReplyList/27/Text,0,-1,Obviously you made the exchange.,
id1_masterius,dlg,ReplyList/29/Text,0,-1,"I will have no dealings with you, creature of evil.",
id1_masterius,dlg,ReplyList/30/Text,0,-1,"Very well, what is your offer?",
id1_masterius,dlg,ReplyList/31/Text,0,-1,I don't trust you.,
id1_masterius,dlg,ReplyList/32/Text,0,-1,Never!,
id1_masterius,dlg,ReplyList/34/Text,0,-1,Tell me more about yourself.,
id1_masterius,dlg,ReplyList/36/Text,0,-1,What is your offer?,
id1_masterius,dlg,ReplyList/37/Text,0,-1,I have made a decision.,
id1_masterius,dlg,ReplyList/38/Text,0,-1,You are evil and must die!,
id1_masterius,dlg,ReplyList/39/Text,0,-1,"I will not help you, for I don't trust you.",
id1_masterius,dlg,ReplyList/4/Text,0,-1,I think I prefer the ranting kind of lich.,
id1_masterius,dlg,ReplyList/40/Text,0,-1,I will try to recover your soul.,
id1_masterius,dlg,ReplyList/43/Text,0,-1,Tell me more about the reward.,
id1_masterius,dlg,ReplyList/44/Text,0,-1,I would like to ask you some questions.,
id1_masterius,dlg,ReplyList/45/Text,0,-1,What can you tell me about Halaster's madness?,
id1_masterius,dlg,ReplyList/47/Text,0,-1,"What will you do, once you have your soul back?",
id1_masterius,dlg,ReplyList/48/Text,0,-1,I should be going.,
id1_masterius,dlg,ReplyList/50/Text,0,-1,"I have decided to kill you, instead.",
id1_masterius,dlg,ReplyList/51/Text,0,-1,<StartAction>[Attack him.]</Start>,
id1_masterius,dlg,ReplyList/52/Text,0,-1,Could I get part of my reward now?,
id1_masterius,dlg,ReplyList/53/Text,0,-1,Could you remind me of what I am looking for?,
id1_masterius,dlg,ReplyList/54/Text,0,-1,I think I'll keep your soul.,
id1_masterius,dlg,ReplyList/56/Text,0,-1,I don't know that I can trust you.,
id1_masterius,dlg,ReplyList/57/Text,0,-1,You can't have it.,
id1_masterius,dlg,ReplyList/58/Text,0,-1,"I figure if I have it, I control you.",
id1_masterius,dlg,ReplyList/59/Text,0,-1,Stay back or I will destroy your soul!,
id1_masterius,dlg,ReplyList/6/Text,0,-1,"How can you be tired; you're a lich, aren't you?",
id1_masterius,dlg,ReplyList/61/Text,0,-1,"I want my reward, Masterius.",
id1_masterius,dlg,ReplyList/62/Text,0,-1,I return your soul to you.,
id1_masterius,dlg,ReplyList/8/Text,0,-1,How did you become a lich?,
id1_masterius,dlg,ReplyList/9/Text,0,-1,What has this got to do with me?,
id1_merchant,dlg,EntryList/0/Text,0,-1,<CUSTOM5001>,
id1_merchant,dlg,EntryList/1/Text,0,-1,<CUSTOM5001>,
id1_merchant,dlg,EntryList/2/Text,0,-1,<CUSTOM5001>,
id1_merchant,dlg,ReplyList/0/Text,0,-1,Not right now.,
id1_merchant,dlg,ReplyList/2/Text,0,-1,Show me what you have.,
id1_monster,dlg,EntryList/0/Text,0,-1,*grunt*,
id1_phlctpth_hnt,dlg,EntryList/0/Text,0,-1,"It is written: 
When I was young, I'd play with fire,
And now, even grown, I do not tire,
So pass the heat from hand to hand,
And in the end you gain something grand.
But if twice a hand is frightfully burned,
Or the wrong direction a hand is turned,
Then all alone you will stand,
And nothing good will come to you.

",
id1_plotdest,dlg,EntryList/0/Text,0,-1,Thank you for finding me! Here is the reward you were promised.,
id1_plotdest,dlg,EntryList/1/Text,0,-1,The one searching for me is already dead.,
id1_plotdest,dlg,EntryList/2/Text,0,-1,My plot has been completed.,
id1_plotdest,dlg,EntryList/3/Text,0,-1,<CUSTOM5001>,
id1_plotgiver,dlg,EntryList/0/Text,0,-1,<CUSTOM5001>,
id1_plotgiver,dlg,EntryList/1/Text,0,-1,<CUSTOM5001>,
id1_plotgiver,dlg,EntryList/10/Text,0,-1,It seems my task has failed.,
id1_plotgiver,dlg,EntryList/2/Text,0,-1,My quest has already been completed by someone else.,
id1_plotgiver,dlg,EntryList/3/Text,0,-1,"I'm sorry, but someone else is already doing my quest.",
id1_plotgiver,dlg,EntryList/4/Text,0,-1,<CUSTOM5001>,
id1_plotgiver,dlg,EntryList/5/Text,0,-1,<CUSTOM5001>,
id1_plotgiver,dlg,EntryList/6/Text,0,-1,<CUSTOM5001>,
id1_plotgiver,dlg,EntryList/7/Text,0,-1,<CUSTOM5001>,
id1_plotgiver,dlg,EntryList/8/Text,0,-1,<CUSTOM5001>,
id1_plotgiver,dlg,EntryList/9/Text,0,-1,I will need to accompany you on this task.,
id1_plotgiver,dlg,ReplyList/6/Text,0,-1,What do you need again?,
id1_plotgiver,dlg,ReplyList/7/Text,0,-1,No.,
id1_plotgiver,dlg,ReplyList/9/Text,0,-1,Yes.,
id1_rncrcl_hnt,dlg,EntryList/0/Text,0,-1,"It is written: 
Ah, the glow of a magical light,
Can please your eye or blind your sight,
When many colors contrasting glare,
Must shift around and find a pair.
And once they find their match, they please,
Until all is done and their gift it frees.
This should not take you too much time,
I wish I knew how to make this line end.",
id1_seller,dlg,EntryList/0/Text,0,-1,<CUSTOM5070>,
id1_seller,dlg,EntryList/1/Text,0,-1,<CUSTOM5072>,
id1_seller,dlg,EntryList/2/Text,0,-1,<CUSTOM5071>,
id1_seller,dlg,EntryList/3/Text,0,-1,<CUSTOM5074>,
id1_seller,dlg,ReplyList/0/Text,0,-1,Goodbye.,
id1_seller,dlg,ReplyList/2/Text,0,-1,I'll buy some monsters.,
id1_seller,dlg,ReplyList/3/Text,0,-1,I don't want any now.,
id1_seller,dlg,ReplyList/4/Text,0,-1,4,
id1_seller,dlg,ReplyList/5/Text,0,-1,3,
id1_seller,dlg,ReplyList/6/Text,0,-1,2,
id1_seller,dlg,ReplyList/7/Text,0,-1,1,
id1_skrinkles,dlg,EntryList/0/Text,0,-1,*meow*,
id1_trpsprsn_hnt,dlg,EntryList/0/Text,0,-1,"It is written: 
To hide the prize, the crystals were broken.
I gave the pieces to my imp as a token.
Then I returned the imp to his home of fire,
Set to return when the gong sounds dire.
If all of the flames in the wrong places burn,
Then round they go and dance a turn.
Follow these in order reversed,
Or you'll stand here like an idiot.",
pp_phylactery,dlg,EntryList/0/Text,0,-1,A metallic hand grasping a glimmering gem rests atop a stone pillar. Grooves in the floor suggest the pillar can be rotated and runes about the base of the hand indicate a way to activate the gem's magic.,
pp_phylactery,dlg,EntryList/1/Text,0,-1,A metallic hand grasping a glimmering gem rests atop a stone pillar. Grooves in the floor suggest the pillar can be rotated and runes about the base of the hand indicate a way to deactivate the gems.,
pp_phylactery,dlg,ReplyList/0/Text,0,-1,Activate Phlyactery.,
pp_phylactery,dlg,ReplyList/1/Text,0,-1,Leave.,
pp_phylactery,dlg,ReplyList/2/Text,0,-1,Reset Phlylacteries.,
pp_phylactery,dlg,ReplyList/3/Text,0,-1,Rotate Phylactery.,
tp_crystal,dlg,EntryList/0/Text,0,-1,The crystal seems to be dormant. It's surface is lusterless and cold.,
tp_crystal,dlg,EntryList/1/Text,0,-1,"The crystal's surface now shimmers with life and appears to be quite maleable, as though you could reach inside...",
tp_crystal,dlg,EntryList/2/Text,0,-1,"The crystal's surface now shimmers with life and appears to be quite maleable. At the center of the crystal a gem floats, suspended by unkown forces.",
tp_crystal,dlg,ReplyList/1/Text,0,-1,Leave the crystal alone.,
tp_crystal,dlg,ReplyList/2/Text,0,-1,Place a Resonance Gem inside of the crystal.,
tp_crystal,dlg,ReplyList/3/Text,0,-1,Leave the crystal alone.,
tp_crystal,dlg,ReplyList/4/Text,0,-1,Remove the Rresonance Gem from the crystal.,
ztest,dlg,EntryList/1/Text,0,-1,<CUSTOM5100>,
ztest,dlg,EntryList/10/Text,0,-1,<CUSTOM5100>,
ztest,dlg,EntryList/11/Text,0,-1,<CUSTOM5100>,
ztest,dlg,EntryList/12/Text,0,-1,<CUSTOM5100>,
ztest,dlg,EntryList/13/Text,0,-1,<CUSTOM5100>,
ztest,dlg,EntryList/14/Text,0,-1,<CUSTOM5100>,
ztest,dlg,EntryList/15/Text,0,-1,<CUSTOM5100>,
ztest,dlg,EntryList/16/Text,0,-1,<CUSTOM5100>,
ztest,dlg,EntryList/17/Text,0,-1,<CUSTOM5100>,
ztest,dlg,EntryList/18/Text,0,-1,<CUSTOM5100>,
ztest,dlg,EntryList/19/Text,0,-1,<CUSTOM5100>,
ztest,dlg,EntryList/2/Text,0,-1,<CUSTOM5100>,
ztest,dlg,EntryList/20/Text,0,-1,<CUSTOM5100>,
ztest,dlg,EntryList/21/Text,0,-1,<CUSTOM5100>,
ztest,dlg,EntryList/22/Text,0,-1,<CUSTOM5100>,
ztest,dlg,EntryList/23/Text,0,-1,<CUSTOM5100>,
ztest,dlg,EntryList/24/Text,0,-1,<CUSTOM5100>,
ztest,dlg,EntryList/25/Text,0,-1,<CUSTOM5100>,
ztest,dlg,EntryList/26/Text,0,-1,<CUSTOM5100>,
ztest,dlg,EntryList/27/Text,0,-1,<CUSTOM5100>,
ztest,dlg,EntryList/28/Text,0,-1,<CUSTOM5100>,
ztest,dlg,EntryList/29/Text,0,-1,<CUSTOM5100>,
ztest,dlg,EntryList/3/Text,0,-1,<CUSTOM5100>,
ztest,dlg,EntryList/30/Text,0,-1,<CUSTOM5100>,
ztest,dlg,EntryList/31/Text,0,-1,<CUSTOM5100>,
ztest,dlg,EntryList/32/Text,0,-1,<CUSTOM5100>,
ztest,dlg,EntryList/33/Text,0,-1,<CUSTOM5100>,
ztest,dlg,EntryList/34/Text,0,-1,<CUSTOM5100>,
ztest,dlg,EntryList/35/Text,0,-1,<CUSTOM5100>,
ztest,dlg,EntryList/36/Text,0,-1,<CUSTOM5100>,
ztest,dlg,EntryList/37/Text,0,-1,<CUSTOM5100>,
ztest,dlg,EntryList/38/Text,0,-1,<CUSTOM5100>,
ztest,dlg,EntryList/39/Text,0,-1,<CUSTOM5100>,
ztest,dlg,EntryList/4/Text,0,-1,<CUSTOM5100>,
ztest,dlg,EntryList/40/Text,0,-1,<CUSTOM5100>,
ztest,dlg,EntryList/41/Text,0,-1,<CUSTOM5100>,
ztest,dlg,EntryList/42/Text,0,-1,<CUSTOM5100>,
ztest,dlg,EntryList/43/Text,0,-1,<CUSTOM5100>,
ztest,dlg,EntryList/44/Text,0,-1,<CUSTOM5100>,
ztest,dlg,EntryList/45/Text,0,-1,<CUSTOM5100>,
ztest,dlg,EntryList/5/Text,0,-1,<CUSTOM5100>,
ztest,dlg,EntryList/6/Text,0,-1,<CUSTOM5100>,
ztest,dlg,EntryList/7/Text,0,-1,<CUSTOM5100>,
ztest,dlg,EntryList/8/Text,0,-1,<CUSTOM5100>,
ztest,dlg,EntryList/9/Text,0,-1,<CUSTOM5100>,
ztest,dlg,ReplyList/0/Text,0,-1,<StartAction>[Return to Previous Menu]</Start>,
