Resource,ResType,FieldPath,LangID,StrRef,TextEng,Text
angmarshouse,git,Door List/0/Description,0,-1,"Fashioned from rough-hewn wood, this simple door swings on ill-fitting hinges.",
angmarshouse,git,Door List/0/LocName,0,5349,Wooden Door,
angmarshouse,git,Door List/1/Description,0,-1,"Fashioned from rough-hewn wood, this simple door swings on ill-fitting hinges.",
angmarshouse,git,Door List/1/LocName,0,5349,Wooden Door,
angmarshouse,git,Placeable List/13/Description,0,14599,"With its bucket head and straw-filled chest, the combat dummy seems far from threatening.",양동이 머리와 짚으로 가득 찬 몸통을 가진 훈련용 허수아비는 위협과는 거리가 먼 것 같습니다.
angmarshouse,git,Placeable List/13/LocName,0,5681,Armorer's Dummy,
angmarshouse,git,Placeable List/17/Description,0,14748,"The sound of your footsteps echoes back to you, resonating from the urn's dark depths.",당신의 발자국 소리가 항아리의 깊은 어둠속에서 울려퍼지는 것처럼 당신의 뒤에서 메아리 칩니다.
angmarshouse,git,Placeable List/17/LocName,0,5745,Urn,단지
angmarshouse,git,Placeable List/4/Description,0,14589,"Thick tallow candles burn low upon their iron stand. Small mounds have formed on the floor below, where the fallen tallow has accumulated.",동물 기름으로 만든 두툼한 초가 철제 받침대 위에서 낮게 타오릅니다. 떨어진 촛농이 쌓여 아래쪽에는 작은 언덕을 형성하고 있습니다.
angmarshouse,git,Placeable List/4/LocName,0,5703,Candelabra,가지달린 촛대
angmarshouse,git,SoundList/0/LocName,0,-1,Furnace,
angmarshouse,git,SoundList/1/LocName,0,-1,Firepit,
angmarshouse,git,SoundList/2/LocName,0,-1,Firepit,
angmarshouse,git,WaypointList/0/LocalizedName,0,14814,To Brogan's Arm,
angmarshouse,git,WaypointList/0/MapNote,0,14815,To Brogan's Arm,
brogansarm,git,Creature List/0/Description,0,12677,These heavy draft animals are prized possessions that not all farmers can afford. Oxen are well suited to pulling plows and milling grain.,모든 농부들이 이 육중한 가축을 살 수 있는 것은 아닙니다. 황소는 쟁기를 끌거나 곡물을 제분하는데 아주 적합합니다.
brogansarm,git,Creature List/0/FirstName,0,12678,Ox,소
brogansarm,git,Creature List/1/Description,0,-1,"The grim blacksmith eyes you suspiciously as he goes about his work. His lower lip hangs limply, baring the gray gums below his crooked teeth.",
brogansarm,git,Creature List/1/Equip_ItemList/0/DescIdentified,0,-1,These durable leather garments are pocked and scarred by sparks from the forge.,
brogansarm,git,Creature List/1/Equip_ItemList/0/LocalizedName,0,-1,Blacksmith's Leather,
brogansarm,git,Creature List/1/Equip_ItemList/2/LocalizedName,0,-1,WW Subrace: Cairn Dwarf,
brogansarm,git,Creature List/1/FirstName,0,-1,Angmar,
brogansarm,git,Creature List/1/ItemList/0/DescIdentified,0,-1,This is the key to Angmar's house in Brogan's Arm.,
brogansarm,git,Creature List/1/ItemList/0/LocalizedName,0,-1,Angmar's House Key,
brogansarm,git,Creature List/1/LastName,0,-1,Rockspitter,
brogansarm,git,Creature List/10/Description,0,12415,"This flightless, domesticated bird is prized both for its tender meat and for the eggs it lays on an almost daily basis.",이 날지 못하고 길들여진 새는 부드러운 고기와 거의 매일 알을 낳기 때문에 모두 소중하게 여깁니다.
brogansarm,git,Creature List/10/FirstName,0,12416,Chicken,닭
brogansarm,git,Creature List/11/Description,0,12415,"This flightless, domesticated bird is prized both for its tender meat and for the eggs it lays on an almost daily basis.",이 날지 못하고 길들여진 새는 부드러운 고기와 거의 매일 알을 낳기 때문에 모두 소중하게 여깁니다.
brogansarm,git,Creature List/11/FirstName,0,12416,Chicken,닭
brogansarm,git,Creature List/12/Description,0,12415,"This flightless, domesticated bird is prized both for its tender meat and for the eggs it lays on an almost daily basis.",이 날지 못하고 길들여진 새는 부드러운 고기와 거의 매일 알을 낳기 때문에 모두 소중하게 여깁니다.
brogansarm,git,Creature List/12/FirstName,0,12416,Chicken,닭
brogansarm,git,Creature List/13/Description,0,12415,"This flightless, domesticated bird is prized both for its tender meat and for the eggs it lays on an almost daily basis.",이 날지 못하고 길들여진 새는 부드러운 고기와 거의 매일 알을 낳기 때문에 모두 소중하게 여깁니다.
brogansarm,git,Creature List/13/FirstName,0,12416,Chicken,닭
brogansarm,git,Creature List/14/Description,0,-1,"This dwarven armsman looks uncomfortable in his heavy armor, as if he rarely has cause to wear it.",
brogansarm,git,Creature List/14/Equip_ItemList/0/DescIdentified,0,-1,"Fashioned from thrice-forged steel, dwarven scale is solid protection from almost any blow.",
brogansarm,git,Creature List/14/Equip_ItemList/0/LocalizedName,0,-1,Dwarven Scale,
brogansarm,git,Creature List/14/Equip_ItemList/3/LocalizedName,0,-1,WW Subrace: Cairn Dwarf,
brogansarm,git,Creature List/14/FirstName,0,-1,Armsman,
brogansarm,git,Creature List/2/Description,0,-1,"This dwarven armsman looks uncomfortable in his heavy armor, as if he rarely has cause to wear it.",
brogansarm,git,Creature List/2/Equip_ItemList/0/DescIdentified,0,-1,"Fashioned from thrice-forged steel, dwarven scale is solid protection from almost any blow.",
brogansarm,git,Creature List/2/Equip_ItemList/0/LocalizedName,0,-1,Dwarven Scale,
brogansarm,git,Creature List/2/Equip_ItemList/3/LocalizedName,0,-1,WW Subrace: Cairn Dwarf,
brogansarm,git,Creature List/2/FirstName,0,-1,Armsman,
brogansarm,git,Creature List/3/Description,0,-1,"This dwarven armsman looks uncomfortable in his heavy armor, as if he rarely has cause to wear it.",
brogansarm,git,Creature List/3/Equip_ItemList/0/DescIdentified,0,-1,"Fashioned from thrice-forged steel, dwarven scale is solid protection from almost any blow.",
brogansarm,git,Creature List/3/Equip_ItemList/0/LocalizedName,0,-1,Dwarven Scale,
brogansarm,git,Creature List/3/Equip_ItemList/3/LocalizedName,0,-1,WW Subrace: Cairn Dwarf,
brogansarm,git,Creature List/3/FirstName,0,-1,Armsman,
brogansarm,git,Creature List/4/Description,0,-1,"Resplendent in his Council Robes, this dwarf carries himself with an air of fierce and haughty pride.",
brogansarm,git,Creature List/4/Equip_ItemList/0/DescIdentified,0,-1,"There are various ranks and orders within the Brogan's Arm Guild Council, with each having their own garb and insignia. This fine garment probably indicates someone of fairly high rank.",
brogansarm,git,Creature List/4/Equip_ItemList/0/LocalizedName,0,-1,Dwarven Council Robes,
brogansarm,git,Creature List/4/Equip_ItemList/2/LocalizedName,0,-1,WW Subrace: Cairn Dwarf,
brogansarm,git,Creature List/4/FirstName,0,-1,Jager,
brogansarm,git,Creature List/4/LastName,0,-1,Steinfaar,
brogansarm,git,Creature List/5/Description,0,-1,This grizzled veteran of the Guild Council appears to be in a foul mood.,
brogansarm,git,Creature List/5/Equip_ItemList/0/DescIdentified,0,-1,"There are various ranks and orders within the Brogan's Arm Guild Council, with each having their own garb and insignia. This fine garment probably indicates someone of fairly high rank.",
brogansarm,git,Creature List/5/Equip_ItemList/0/LocalizedName,0,-1,Dwarven Council Robes,
brogansarm,git,Creature List/5/Equip_ItemList/2/LocalizedName,0,-1,WW Subrace: Cairn Dwarf,
brogansarm,git,Creature List/5/FirstName,0,-1,Councilman Greinlager,
brogansarm,git,Creature List/6/Description,0,-1,The dark-haired Councilman appears to be in a foul mood.,
brogansarm,git,Creature List/6/Equip_ItemList/0/DescIdentified,0,-1,"There are various ranks and orders within the Brogan's Arm Guild Council, with each having their own garb and insignia. This fine garment probably indicates someone of fairly high rank.",
brogansarm,git,Creature List/6/Equip_ItemList/0/LocalizedName,0,-1,Dwarven Council Robes,
brogansarm,git,Creature List/6/Equip_ItemList/3/LocalizedName,0,-1,WW Subrace: Cairn Dwarf,
brogansarm,git,Creature List/6/FirstName,0,-1,Councilman Blauhart,
brogansarm,git,Creature List/7/Description,0,-1,"This dwarven armsman looks uncomfortable in his heavy armor, as if he rarely has cause to wear it.",
brogansarm,git,Creature List/7/Equip_ItemList/0/DescIdentified,0,-1,"Fashioned from thrice-forged steel, dwarven scale is solid protection from almost any blow.",
brogansarm,git,Creature List/7/Equip_ItemList/0/LocalizedName,0,-1,Dwarven Scale,
brogansarm,git,Creature List/7/Equip_ItemList/3/LocalizedName,0,-1,WW Subrace: Cairn Dwarf,
brogansarm,git,Creature List/7/FirstName,0,-1,Armsman,
brogansarm,git,Creature List/8/Description,0,12415,"This flightless, domesticated bird is prized both for its tender meat and for the eggs it lays on an almost daily basis.",이 날지 못하고 길들여진 새는 부드러운 고기와 거의 매일 알을 낳기 때문에 모두 소중하게 여깁니다.
brogansarm,git,Creature List/8/FirstName,0,12416,Chicken,닭
brogansarm,git,Creature List/9/Description,0,12415,"This flightless, domesticated bird is prized both for its tender meat and for the eggs it lays on an almost daily basis.",이 날지 못하고 길들여진 새는 부드러운 고기와 거의 매일 알을 낳기 때문에 모두 소중하게 여깁니다.
brogansarm,git,Creature List/9/FirstName,0,12416,Chicken,닭
brogansarm,git,Door List/0/LocName,0,5349,Gate,
brogansarm,git,Door List/1/Description,0,-1,"A threadbare road, muddy and rutted, leads south from Brogan's Arm. The gate is locked, however, and under guard.",
brogansarm,git,Door List/1/LocName,0,5349,South Gate,
brogansarm,git,Door List/10/Description,0,-1,"Fashioned from rough-hewn wood, this simple door swings on ill-fitting hinges.",
brogansarm,git,Door List/10/LocName,0,5349,Wooden Door,
brogansarm,git,Door List/11/Description,0,-1,"Fashioned from rough-hewn wood, this simple door swings on ill-fitting hinges.",
brogansarm,git,Door List/11/LocName,0,5349,Wooden Door,
brogansarm,git,Door List/12/Description,0,-1,"Fashioned from rough-hewn wood, this simple door swings on ill-fitting hinges.",
brogansarm,git,Door List/12/LocName,0,5349,Wooden Door,
brogansarm,git,Door List/2/LocName,0,5349,North Gate,
brogansarm,git,Door List/3/Description,0,-1,Rust pocks the once-smooth surface of this metal-plated door.,
brogansarm,git,Door List/3/LocName,0,5349,Metal Door,
brogansarm,git,Door List/4/Description,0,-1,"Fashioned from rough-hewn wood, this simple door swings on ill-fitting hinges.",
brogansarm,git,Door List/4/LocName,0,5349,Wooden Door,
brogansarm,git,Door List/5/Description,0,-1,"Etched and oiled, the carvings on this door lend depth to its prominent woodgrain.",
brogansarm,git,Door List/5/LocName,0,5349,Carved Door,
brogansarm,git,Door List/6/Description,0,-1,"Etched and oiled, the carvings on this door lend depth to its prominent woodgrain.",
brogansarm,git,Door List/6/LocName,0,5349,Carved Door,
brogansarm,git,Door List/7/Description,0,-1,Rust pocks the once-smooth surface of this metal-plated door.,
brogansarm,git,Door List/7/LocName,0,5349,Storage Room,
brogansarm,git,Door List/8/Description,0,-1,"Etched and oiled, the carvings on this door lend depth to its prominent woodgrain.",
brogansarm,git,Door List/8/LocName,0,5349,Carved Door,
brogansarm,git,Door List/9/Description,0,-1,"Fashioned from rough-hewn wood, this simple door swings on ill-fitting hinges.",
brogansarm,git,Door List/9/LocName,0,5349,Wooden Door,
brogansarm,git,Placeable List/0/Description,0,14755,The well is old and wreathed in moss. A foul-smelling steam wafts up from below.,
brogansarm,git,Placeable List/0/LocName,0,5749,The Old Man's Well,
brogansarm,git,Placeable List/12/LocName,0,5691,Douse Barrel,
brogansarm,git,Placeable List/14/LocName,0,14616,Barrow Site,
brogansarm,git,Placeable List/15/LocName,0,14616,Barrow Site,
brogansarm,git,Placeable List/20/Description,0,14567,"Countless glyphs, both dwarven and arcane, surround the ornate logo at this billboard's heart. Emblazoned in fiery letters are the words ""Nimmermaer's Potions and Things Arcane.""",
brogansarm,git,Placeable List/20/LocName,0,14561,Nimmermaer's Potions and Things Arcane,
brogansarm,git,Placeable List/24/LocName,0,14688,Guild Hall,
brogansarm,git,Placeable List/25/LocName,0,14688,Guild Hall,
brogansarm,git,SoundList/0/LocName,0,-1,Smithy Bellows,
brogansarm,git,SoundList/1/LocName,0,-1,Smithy Furnace ,
brogansarm,git,SoundList/10/LocName,0,-1,ww1_narrator140,
brogansarm,git,SoundList/11/LocName,0,-1,ww1_narrator141,
brogansarm,git,SoundList/12/LocName,0,-1,ww1_narrator142,
brogansarm,git,SoundList/13/LocName,0,-1,ww1_narrator143,
brogansarm,git,SoundList/14/LocName,0,-1,ww1_narrator144,
brogansarm,git,SoundList/15/LocName,0,-1,ww1_narrator145,
brogansarm,git,SoundList/16/LocName,0,-1,ww1_narrator146,
brogansarm,git,SoundList/17/LocName,0,-1,ww1_narrator147,
brogansarm,git,SoundList/18/LocName,0,-1,ww1_narrator148,
brogansarm,git,SoundList/19/LocName,0,-1,ww1_narrator149,
brogansarm,git,SoundList/2/LocName,0,-1,Sewer Grate,
brogansarm,git,SoundList/20/LocName,0,-1,ww1_narrator150,
brogansarm,git,SoundList/21/LocName,0,-1,ww1_narrator151,
brogansarm,git,SoundList/22/LocName,0,-1,ww1_narrator152,
brogansarm,git,SoundList/23/LocName,0,-1,ww1_narrator153,
brogansarm,git,SoundList/24/LocName,0,-1,ww1_narrator154,
brogansarm,git,SoundList/25/LocName,0,-1,ww1_narrator155,
brogansarm,git,SoundList/3/LocName,0,-1,Woodpecker Pecks,
brogansarm,git,SoundList/4/LocName,0,-1,Songbird Chirps,
brogansarm,git,SoundList/5/LocName,0,-1,Crow Caws,
brogansarm,git,SoundList/6/LocName,0,-1,Chickens Squwak,
brogansarm,git,SoundList/7/LocName,0,-1,Magic Portal Water,
brogansarm,git,SoundList/8/LocName,0,-1,ww1_narrator189,
brogansarm,git,SoundList/9/LocName,0,-1,ww1_narrator139,
brogansarm,git,StoreList/0/LocName,0,14812,Angmar's Store,
brogansarm,git,StoreList/0/StoreList/0/ItemList/35/DescIdentified,0,-1,"Fashioned from thrice-forged steel, dwarven scale is solid protection from almost any blow.",
brogansarm,git,StoreList/0/StoreList/0/ItemList/35/LocalizedName,0,-1,Dwarven Scale,
brogansarm,git,StoreList/0/StoreList/0/ItemList/36/DescIdentified,0,-1,These durable leather garments are pocked and scarred by sparks from the forge.,
brogansarm,git,StoreList/0/StoreList/0/ItemList/36/LocalizedName,0,-1,Blacksmith's Leather,
brogansarm,git,StoreList/0/StoreList/4/ItemList/2/DescIdentified,0,-1,"This is a standard, disposable torch. Its duration is limited so it is wise to stock up on them and save them until they're needed.",
brogansarm,git,StoreList/0/StoreList/4/ItemList/2/LocalizedName,0,-1,Torch,
brogansarm,git,TriggerList/0/LocalizedName,0,14759,Barrow Site Conv,
brogansarm,git,TriggerList/1/LocalizedName,0,14759,Barrow Site Conv,
brogansarm,git,TriggerList/2/LocalizedName,0,14759,Barrow Site Conv,
brogansarm,git,WaypointList/0/LocalizedName,0,14814,Guild Hall,
brogansarm,git,WaypointList/0/MapNote,0,14815,Guild Hall,
brogansarm,git,WaypointList/1/LocalizedName,0,14814,Steinfaar Iron Mine,
brogansarm,git,WaypointList/1/MapNote,0,14815,Steinfaar Iron Mine,
brogansarm,git,WaypointList/10/LocalizedName,0,14814,Angmar's Smithy,
brogansarm,git,WaypointList/10/MapNote,0,14815,Angmar's Smithy,
brogansarm,git,WaypointList/2/LocalizedName,0,14814,Barrow Site,
brogansarm,git,WaypointList/2/MapNote,0,14815,Barrow Site,
brogansarm,git,WaypointList/3/LocalizedName,0,14814,North Gate,
brogansarm,git,WaypointList/3/MapNote,0,14815,North Gate,
brogansarm,git,WaypointList/4/LocalizedName,0,14814,East Gate,
brogansarm,git,WaypointList/4/MapNote,0,14815,EastGate,
brogansarm,git,WaypointList/5/LocalizedName,0,14814,South Gate,
brogansarm,git,WaypointList/5/MapNote,0,14815,South Gate,
brogansarm,git,WaypointList/6/LocalizedName,0,14817,Rope Destination,
brogansarm,git,WaypointList/6/MapNote,0,-1,Old Man's Well,
brogansarm,git,WaypointList/7/LocalizedName,0,-1,Ox Post,
brogansarm,git,WaypointList/8/LocalizedName,0,14814,Nimmermaer's Potions and Things Arcane,
brogansarm,git,WaypointList/8/MapNote,0,14815,Nimmermaer's Potions and Things Arcane,
brogansarm,git,WaypointList/9/LocalizedName,0,14817,Angmar Door Bash Goto Point,
brogansarm,git,WaypointList/9/MapNote,0,-1,Rope to Old Man's Well,
brogansarm2,git,Creature List/0/Description,0,-1,"This dwarven armsman looks uncomfortable in his heavy armor, as if he rarely has cause to wear it.",
brogansarm2,git,Creature List/0/Equip_ItemList/0/DescIdentified,0,-1,"Fashioned from thrice-forged steel, dwarven scale is solid protection from almost any blow.",
brogansarm2,git,Creature List/0/Equip_ItemList/0/LocalizedName,0,-1,Dwarven Scale,
brogansarm2,git,Creature List/0/Equip_ItemList/3/LocalizedName,0,-1,WW Subrace: Cairn Dwarf,
brogansarm2,git,Creature List/0/FirstName,0,-1,Armsman,
brogansarm2,git,Creature List/1/Description,0,-1,"Resplendent in his Council Robes, this dwarf carries himself with an air of fierce and haughty pride.",
brogansarm2,git,Creature List/1/Equip_ItemList/0/DescIdentified,0,-1,"There are various ranks and orders within the Brogan's Arm Guild Council, with each having their own garb and insignia. This fine garment probably indicates someone of fairly high rank.",
brogansarm2,git,Creature List/1/Equip_ItemList/0/LocalizedName,0,-1,Dwarven Council Robes,
brogansarm2,git,Creature List/1/Equip_ItemList/3/LocalizedName,0,-1,WW Subrace: Cairn Dwarf,
brogansarm2,git,Creature List/1/FirstName,0,-1,Jager,
brogansarm2,git,Creature List/1/LastName,0,-1,Steinfaar,
brogansarm2,git,Creature List/10/Description,0,-1,"This dwarven armsman looks uncomfortable in his heavy armor, as if he rarely has cause to wear it.",
brogansarm2,git,Creature List/10/Equip_ItemList/0/DescIdentified,0,-1,"Fashioned from thrice-forged steel, dwarven scale is solid protection from almost any blow.",
brogansarm2,git,Creature List/10/Equip_ItemList/0/LocalizedName,0,-1,Dwarven Scale,
brogansarm2,git,Creature List/10/Equip_ItemList/3/LocalizedName,0,-1,WW Subrace: Cairn Dwarf,
brogansarm2,git,Creature List/10/FirstName,0,-1,Armsman,
brogansarm2,git,Creature List/2/Description,0,-1,This grizzled veteran of the Guild Council appears to be in a foul mood.,
brogansarm2,git,Creature List/2/Equip_ItemList/0/DescIdentified,0,-1,"There are various ranks and orders within the Brogan's Arm Guild Council, with each having their own garb and insignia. This fine garment probably indicates someone of fairly high rank.",
brogansarm2,git,Creature List/2/Equip_ItemList/0/LocalizedName,0,-1,Dwarven Council Robes,
brogansarm2,git,Creature List/2/Equip_ItemList/2/LocalizedName,0,-1,WW Subrace: Cairn Dwarf,
brogansarm2,git,Creature List/2/FirstName,0,-1,Councilman Greinlager,
brogansarm2,git,Creature List/3/Description,0,-1,The dark-haired Councilman appears to be in a foul mood.,
brogansarm2,git,Creature List/3/Equip_ItemList/0/DescIdentified,0,-1,"There are various ranks and orders within the Brogan's Arm Guild Council, with each having their own garb and insignia. This fine garment probably indicates someone of fairly high rank.",
brogansarm2,git,Creature List/3/Equip_ItemList/0/LocalizedName,0,-1,Dwarven Council Robes,
brogansarm2,git,Creature List/3/Equip_ItemList/2/LocalizedName,0,-1,WW Subrace: Cairn Dwarf,
brogansarm2,git,Creature List/3/FirstName,0,-1,Councilman Blauhart,
brogansarm2,git,Creature List/4/Description,0,-1,"This dwarven armsman looks uncomfortable in his heavy armor, as if he rarely has cause to wear it.",
brogansarm2,git,Creature List/4/Equip_ItemList/0/DescIdentified,0,-1,"Fashioned from thrice-forged steel, dwarven scale is solid protection from almost any blow.",
brogansarm2,git,Creature List/4/Equip_ItemList/0/LocalizedName,0,-1,Dwarven Scale,
brogansarm2,git,Creature List/4/Equip_ItemList/3/LocalizedName,0,-1,WW Subrace: Cairn Dwarf,
brogansarm2,git,Creature List/4/FirstName,0,-1,Armsman,
brogansarm2,git,Creature List/5/Description,0,-1,The dark-haired Councilman appears to be in a foul mood.,
brogansarm2,git,Creature List/5/Equip_ItemList/0/DescIdentified,0,-1,"There are various ranks and orders within the Brogan's Arm Guild Council, with each having their own garb and insignia. This fine garment probably indicates someone of fairly high rank.",
brogansarm2,git,Creature List/5/Equip_ItemList/0/LocalizedName,0,-1,Dwarven Council Robes,
brogansarm2,git,Creature List/5/Equip_ItemList/2/LocalizedName,0,-1,WW Subrace: Cairn Dwarf,
brogansarm2,git,Creature List/5/FirstName,0,-1,Councilman Blauhart,
brogansarm2,git,Creature List/6/Description,0,-1,This grizzled veteran of the Guild Council appears to be in a foul mood.,
brogansarm2,git,Creature List/6/Equip_ItemList/0/DescIdentified,0,-1,"There are various ranks and orders within the Brogan's Arm Guild Council, with each having their own garb and insignia. This fine garment probably indicates someone of fairly high rank.",
brogansarm2,git,Creature List/6/Equip_ItemList/0/LocalizedName,0,-1,Dwarven Council Robes,
brogansarm2,git,Creature List/6/Equip_ItemList/2/LocalizedName,0,-1,WW Subrace: Cairn Dwarf,
brogansarm2,git,Creature List/6/FirstName,0,-1,Councilman Greinlager,
brogansarm2,git,Creature List/7/Description,0,-1,"Resplendent in his Council Robes, this dwarf carries himself with an air of fierce and haughty pride.",
brogansarm2,git,Creature List/7/Equip_ItemList/0/DescIdentified,0,-1,"There are various ranks and orders within the Brogan's Arm Guild Council, with each having their own garb and insignia. This fine garment probably indicates someone of fairly high rank.",
brogansarm2,git,Creature List/7/Equip_ItemList/0/LocalizedName,0,-1,Dwarven Council Robes,
brogansarm2,git,Creature List/7/Equip_ItemList/3/LocalizedName,0,-1,WW Subrace: Cairn Dwarf,
brogansarm2,git,Creature List/7/FirstName,0,-1,Jager,
brogansarm2,git,Creature List/7/LastName,0,-1,Steinfaar,
brogansarm2,git,Creature List/8/Description,0,-1,"This dwarven armsman looks uncomfortable in his heavy armor, as if he rarely has cause to wear it.",
brogansarm2,git,Creature List/8/Equip_ItemList/0/DescIdentified,0,-1,"Fashioned from thrice-forged steel, dwarven scale is solid protection from almost any blow.",
brogansarm2,git,Creature List/8/Equip_ItemList/0/LocalizedName,0,-1,Dwarven Scale,
brogansarm2,git,Creature List/8/Equip_ItemList/3/LocalizedName,0,-1,WW Subrace: Cairn Dwarf,
brogansarm2,git,Creature List/8/FirstName,0,-1,Armsman,
brogansarm2,git,Creature List/9/Description,0,-1,"This dwarven armsman looks uncomfortable in his heavy armor, as if he rarely has cause to wear it.",
brogansarm2,git,Creature List/9/Equip_ItemList/0/DescIdentified,0,-1,"Fashioned from thrice-forged steel, dwarven scale is solid protection from almost any blow.",
brogansarm2,git,Creature List/9/Equip_ItemList/0/LocalizedName,0,-1,Dwarven Scale,
brogansarm2,git,Creature List/9/Equip_ItemList/3/LocalizedName,0,-1,WW Subrace: Cairn Dwarf,
brogansarm2,git,Creature List/9/FirstName,0,-1,Armsman,
brogansarm2,git,Door List/0/LocName,0,5349,East Gate,
brogansarm2,git,Door List/1/Description,0,-1,"A threadbare road, muddy and rutted, leads south from Brogan's Arm. The gate is locked, however, and under guard.",
brogansarm2,git,Door List/1/LocName,0,5349,South Gate,
brogansarm2,git,Door List/2/LocName,0,5349,North Gate,
brogansarm2,git,Door List/3/Description,0,-1,Rust pocks the once-smooth surface of this metal-plated door.,
brogansarm2,git,Door List/3/LocName,0,5349,Metal Door,
brogansarm2,git,Door List/4/Description,0,-1,"Fashioned from rough-hewn wood, this simple door swings on ill-fitting hinges.",
brogansarm2,git,Door List/4/LocName,0,5349,Wooden Door,
brogansarm2,git,Door List/5/Description,0,-1,"Etched and oiled, the carvings on this door lend depth to its prominent woodgrain.",
brogansarm2,git,Door List/5/LocName,0,5349,Carved Door,
brogansarm2,git,Door List/6/Description,0,-1,"Etched and oiled, the carvings on this door lend depth to its prominent woodgrain.",
brogansarm2,git,Door List/6/LocName,0,5349,Carved Door,
brogansarm2,git,Door List/7/Description,0,-1,Rust pocks the once-smooth surface of this metal-plated door.,
brogansarm2,git,Door List/7/LocName,0,5349,Metal Door,
brogansarm2,git,Placeable List/0/LocName,0,5749,The Old Man's Well,
brogansarm2,git,Placeable List/15/LocName,0,5704,Barrow Pool,
brogansarm2,git,Placeable List/23/LocName,0,14657,Jager Steinfaar,
brogansarm2,git,Placeable List/24/LocName,0,14657,Councilman Greinlager,
brogansarm2,git,Placeable List/25/LocName,0,14657,Councilman Blauhart,
brogansarm2,git,Placeable List/26/LocName,0,14657,Jager Steinfaar,
brogansarm2,git,Placeable List/27/LocName,0,14657,Councilman Blauhart,
brogansarm2,git,Placeable List/28/LocName,0,14657,Councilman Blauhart,
brogansarm2,git,Placeable List/29/LocName,0,14657,Councilman Blauhart,
brogansarm2,git,Placeable List/30/LocName,0,14657,Councilman Blauhart,
brogansarm2,git,Placeable List/31/LocName,0,14657,Councilman Blauhart,
brogansarm2,git,Placeable List/32/LocName,0,14657,Councilman Greinlager,
brogansarm2,git,Placeable List/33/LocName,0,14657,Councilman Greinlager,
brogansarm2,git,Placeable List/34/LocName,0,14657,Councilman Greinlager,
brogansarm2,git,Placeable List/35/LocName,0,14657,Councilman Greinlager,
brogansarm2,git,Placeable List/36/LocName,0,14657,Councilman Greinlager,
brogansarm2,git,Placeable List/37/LocName,0,14657,Jager Steinfaar,
brogansarm2,git,Placeable List/38/LocName,0,14657,Jager Steinfaar,
brogansarm2,git,Placeable List/39/LocName,0,14657,Jager Steinfaar,
brogansarm2,git,Placeable List/40/LocName,0,14657,Jager Steinfaar,
brogansarm2,git,Placeable List/41/LocName,0,14657,Jager Steinfaar,
brogansarm2,git,Placeable List/42/LocName,0,14657,Jager Steinfaar,
brogansarm2,git,Placeable List/43/LocName,0,14657,Jager Steinfaar,
brogansarm2,git,Placeable List/44/LocName,0,14657,Jager Steinfaar,
brogansarm2,git,Placeable List/45/LocName,0,14657,Jager Steinfaar,
brogansarm2,git,Placeable List/46/LocName,0,14657,Jager Steinfaar,
brogansarm2,git,SoundList/0/LocName,0,-1,Crickets Loop,
brogansarm2,git,SoundList/1/LocName,0,-1,Toads Loop,
brogansarm2,git,SoundList/2/LocName,0,-1,Thunder Claps Far,
brogansarm2,git,SoundList/3/LocName,0,-1,Draft Gust Interior,
brogansarm2,git,SoundList/4/LocName,0,-1,Draft Gust Interior,
brogansarm2,git,SoundList/5/LocName,0,-1,Draft Gust Interior,
brogansarm2,git,SoundList/6/LocName,0,-1,Magic Portal Water,
brogansarm2,git,TriggerList/0/LocalizedName,0,14759,Mine Cinematic,
brogansarm2,git,TriggerList/1/LocalizedName,0,14759,Barrow Site Cutscene Trigger,
brogansarm2,git,WaypointList/0/LocalizedName,0,14814,Guild Hall,
brogansarm2,git,WaypointList/0/MapNote,0,14815,Guild Hall,
brogansarm2,git,WaypointList/1/LocalizedName,0,14814,Mine,
brogansarm2,git,WaypointList/1/MapNote,0,14815,Mine,
brogansarm2,git,WaypointList/10/LocalizedName,0,-1,Armsman2 Post (Cinematic),
brogansarm2,git,WaypointList/2/LocalizedName,0,14814,Barrow Site,
brogansarm2,git,WaypointList/2/MapNote,0,14815,Barrow Site,
brogansarm2,git,WaypointList/3/LocalizedName,0,14814,North Gate,
brogansarm2,git,WaypointList/3/MapNote,0,14815,North Gate,
brogansarm2,git,WaypointList/4/LocalizedName,0,14814,East Gate,
brogansarm2,git,WaypointList/4/MapNote,0,14815,EastGate,
brogansarm2,git,WaypointList/5/LocalizedName,0,14814,South Gate,
brogansarm2,git,WaypointList/5/MapNote,0,14815,South Gate,
brogansarm2,git,WaypointList/6/LocalizedName,0,14817,Barrow Site Destination,
brogansarm2,git,WaypointList/7/LocalizedName,0,14817,Mine Entrance (Barrow Cinematic),
brogansarm2,git,WaypointList/8/LocalizedName,0,14816,Jager Post (Mine Cinematic),
brogansarm2,git,WaypointList/9/LocalizedName,0,-1,Armsman1 Post (Cinematic),
broganstears,git,Creature List/0/Description,0,-1,This grotesquely disfigured creature seems to be in a permanent state of pain. It's ratlike body is twisted and almost human.,
broganstears,git,Creature List/0/Equip_ItemList/2/LocalizedName,0,3108,Plague Rat Bite,
broganstears,git,Creature List/0/FirstName,0,-1,Ratling,
broganstears,git,Creature List/1/Equip_ItemList/0/LocalizedName,0,3108,Plague Rat Bite,
broganstears,git,Creature List/1/FirstName,0,3103,Ghoul Rat,
broganstears,git,Creature List/4/FirstName,0,-1,Ethereal Leak Spawner,
broganstears,git,Door List/0/Description,0,-1,The slick stone is warm to the touch as it winds upwards toward the Barrow Site above. You can hear the gurgling water churning within it. The Cavanaugh Stone is near.,
broganstears,git,Door List/0/LocName,0,5349,Up to the Barrow Site,
broganstears,git,Encounter List/0/LocalizedName,0,-1,Rats (Single Shot),
broganstears,git,Encounter List/1/LocalizedName,0,-1,Rats,
broganstears,git,Encounter List/10/LocalizedName,0,-1,Rats,
broganstears,git,Encounter List/11/LocalizedName,0,-1,Steam Mephit,
broganstears,git,Encounter List/12/LocalizedName,0,-1,Rats (Single Shot),
broganstears,git,Encounter List/2/LocalizedName,0,-1,Rats,
broganstears,git,Encounter List/3/LocalizedName,0,-1,Rats (Single Shot),
broganstears,git,Encounter List/4/LocalizedName,0,-1,Rats (Single Shot),
broganstears,git,Encounter List/5/LocalizedName,0,-1,Rats,
broganstears,git,Encounter List/6/LocalizedName,0,-1,Rats,
broganstears,git,Encounter List/7/LocalizedName,0,-1,Rats (Single Shot),
broganstears,git,Encounter List/8/LocalizedName,0,-1,Rats,
broganstears,git,Encounter List/9/LocalizedName,0,-1,Rats,
broganstears,git,Placeable List/0/Description,0,14705,Dim light shines down from a well-hole far above. The rope looks sturdy enough to hold your weight should you need it to.,
broganstears,git,Placeable List/0/LocName,0,14706,Rope,
broganstears,git,Placeable List/9/Description,0,-1,Place this object in any area where you want tracking to occur.  Set Will to the DC of tracking in this area.,
broganstears,git,Placeable List/9/LocName,0,-1,Tracker,
broganstears,git,SoundList/0/LocName,0,-1,Waterfall Large,
broganstears,git,SoundList/1/LocName,0,-1,Waterfall Large,
broganstears,git,SoundList/10/LocName,0,-1,Water Splashes,
broganstears,git,SoundList/11/LocName,0,-1,Water Splashes,
broganstears,git,SoundList/12/LocName,0,-1,Water Splashes,
broganstears,git,SoundList/13/LocName,0,-1,Water Splashes,
broganstears,git,SoundList/14/LocName,0,-1,Water Splashes,
broganstears,git,SoundList/15/LocName,0,-1,Water Splashes,
broganstears,git,SoundList/16/LocName,0,-1,Water Splashes,
broganstears,git,SoundList/17/LocName,0,-1,Water Laps,
broganstears,git,SoundList/18/LocName,0,-1,Water Splashes,
broganstears,git,SoundList/19/LocName,0,-1,Water Laps,
broganstears,git,SoundList/2/LocName,0,-1,Waterfall Small,
broganstears,git,SoundList/20/LocName,0,-1,Water Laps,
broganstears,git,SoundList/21/LocName,0,-1,Water Laps,
broganstears,git,SoundList/22/LocName,0,-1,Stream Cave Tunnel,
broganstears,git,SoundList/23/LocName,0,-1,Steam Long Bursts,
broganstears,git,SoundList/24/LocName,0,-1,Torch Fire Small,
broganstears,git,SoundList/25/LocName,0,-1,Torch Fire Small,
broganstears,git,SoundList/26/LocName,0,-1,Torch Fire Small,
broganstears,git,SoundList/27/LocName,0,-1,ww1_narrator186,
broganstears,git,SoundList/28/LocName,0,-1,ww1_narrator185,
broganstears,git,SoundList/29/LocName,0,-1,ww1_narrator184,
broganstears,git,SoundList/3/LocName,0,-1,Waterfall Small,
broganstears,git,SoundList/30/LocName,0,-1,ww1_narrator158,
broganstears,git,SoundList/31/LocName,0,-1,ww1_narrator157,
broganstears,git,SoundList/4/LocName,0,-1,Waterfall Small,
broganstears,git,SoundList/5/LocName,0,-1,Waterfall Small,
broganstears,git,SoundList/6/LocName,0,-1,Water Laps,
broganstears,git,SoundList/7/LocName,0,-1,Water Laps,
broganstears,git,SoundList/8/LocName,0,-1,Water Splashes,
broganstears,git,SoundList/9/LocName,0,-1,Water Splashes,
broganstears,git,TriggerList/0/LocalizedName,0,14759,Message Trigger,
broganstears,git,TriggerList/1/LocalizedName,0,14759,Message Trigger,
broganstears,git,TriggerList/2/LocalizedName,0,14759,Message Trigger,
broganstears,git,WaypointList/0/LocalizedName,0,14817,Well Destination,
broganstears,git,WaypointList/0/MapNote,0,-1,Rope to Old Man's Well,
broganstears,git,WaypointList/1/LocalizedName,0,-1,Ratling Post,
broganstears,git,WaypointList/2/LocalizedName,0,14814,To the Barrow Site,
broganstears,git,WaypointList/2/MapNote,0,14815,To the Barrow Site,
councillorblauha,git,Door List/0/Description,0,-1,"Fashioned from rough-hewn wood, this simple door swings on ill-fitting hinges.",
councillorblauha,git,Door List/0/LocName,0,5349,Wooden Door,
councillorblauha,git,List/0/LocalizedName,0,535,Gold Piece,금화
councillorblauha,git,Placeable List/3/Description,0,14548,The smell of mothballs has long since seeped into the wood of this armoire.,좀약 냄새가 이 장식장의 나무에 스며든 지 오래입니다.
councillorblauha,git,Placeable List/3/LocName,0,14549,Armoire,장식장
councillorblauha,git,SoundList/0/LocName,0,-1,Magic Cauldron,
councillorblauha,git,SoundList/1/LocName,0,-1,Torch Fire Medium,
councillorblauha,git,WaypointList/0/LocalizedName,0,14814,To Brogan's Arm,
councillorblauha,git,WaypointList/0/MapNote,0,14815,To Brogan's Arm,
councillorgreinl,git,Door List/0/Description,0,-1,"Etched and oiled, the carvings on this door lend depth to its prominent woodgrain.",
councillorgreinl,git,Door List/0/LocName,0,5349,Carved Door,
councillorgreinl,git,Door List/1/Description,0,-1,"Etched and oiled, the carvings on this door lend depth to its prominent woodgrain.",
councillorgreinl,git,Door List/1/LocName,0,5349,Carved Door,
councillorgreinl,git,Door List/2/Description,0,-1,Detailed carvings cover the surface of this finely-crafted door. The handiwork is of high quality and no doubt came at quite an expense.,
councillorgreinl,git,Door List/2/LocName,0,5349,Inlaid Door,
councillorgreinl,git,List/0/LocalizedName,0,535,Gold Piece,금화
councillorgreinl,git,Placeable List/0/Description,0,14589,"Thick tallow candles burn low upon their iron stand. Small mounds have formed on the floor below, where the fallen tallow has accumulated.",동물 기름으로 만든 두툼한 초가 철제 받침대 위에서 낮게 타오릅니다. 떨어진 촛농이 쌓여 아래쪽에는 작은 언덕을 형성하고 있습니다.
councillorgreinl,git,Placeable List/0/LocName,0,5703,Candelabra,가지달린 촛대
councillorgreinl,git,Placeable List/13/Description,0,14642,The torch paints its environs in warmer hues. You find yourself grateful for its glow. ,횃불이 주변을 따뜻하게 칠하고 있습니다. 당신은 그 불빛에 감사하는 자신을 발견합니다.
councillorgreinl,git,Placeable List/13/LocName,0,14643,Torch Bracket,횃불 걸이
councillorgreinl,git,Placeable List/14/Description,0,14642,The torch paints its environs in warmer hues. You find yourself grateful for its glow. ,횃불이 주변을 따뜻하게 칠하고 있습니다. 당신은 그 불빛에 감사하는 자신을 발견합니다.
councillorgreinl,git,Placeable List/14/LocName,0,14643,Torch Bracket,횃불 걸이
councillorgreinl,git,Placeable List/20/Description,0,14585,The wood's rich grain adds an unexpected vibrancy to this humble cabinet. Whoever crafted it clearly did so with great love.,나무의 다채로운 결이 이 보잘것없는 보관장에 예기치 않은 반향을 더하고 있습다. 누가 만들었는지는 몰라도 대단한 애정으로 만들었습니다.
councillorgreinl,git,Placeable List/20/ItemList/0/DescIdentified,0,13444,"This milky red potion seems to open the drinker's perception of his environment, making him at once more observant and more resistant to effects that target the mind.","이 우유가 들어간 붉은 물약은 술꾼의 마신 이의 환경에 대한 통찰력을 열어주는 것으로 보이며, 마시게 되면 즉시 더 높은 관찰력과 정신에 영향을 미치는 효과에 대한 더 높은 저항력을 얻습니다."
councillorgreinl,git,Placeable List/20/ItemList/0/LocalizedName,0,13445,Potion of Owl's Wisdom,올빼미의 지혜 물약
councillorgreinl,git,Placeable List/20/ItemList/1/DescIdentified,0,13446,"These potions are in equal demand by adventurers and scholars, and see much use in the dungeons of Faerun.","이 물약은 모험가와 학자들 모두가 원하고 있으며, 페이룬의 던전에서 많이 쓰이는걸 볼 수 있습니다."
councillorgreinl,git,Placeable List/20/ItemList/1/LocalizedName,0,13447,Potion of Lore,전승지식의 물약
councillorgreinl,git,Placeable List/20/LocName,0,5650,Cabinet,보관장
councillorgreinl,git,Placeable List/4/Description,0,14607,A small drawer extends beneath the gleaming tabletop. It probably doubles as a desk when there's the need.,윤이 나는 탁자의 상판 아래로 작은 서랍이 열립니다. 필요할 때는 책상을 두 배 크기로 쓸 수 있어 보입니다.
councillorgreinl,git,Placeable List/4/LocName,0,5655,Desk,책상
councillorgreinl,git,Placeable List/6/Description,0,14589,"Thick tallow candles burn low upon their iron stand. Small mounds have formed on the floor below, where the fallen tallow has accumulated.",동물 기름으로 만든 두툼한 초가 철제 받침대 위에서 낮게 타오릅니다. 떨어진 촛농이 쌓여 아래쪽에는 작은 언덕을 형성하고 있습니다.
councillorgreinl,git,Placeable List/6/LocName,0,5703,Candelabra,가지달린 촛대
councillorgreinl,git,SoundList/0/LocName,0,-1,Torch Fire Small,
councillorgreinl,git,SoundList/1/LocName,0,-1,Torch Fire Small,
councillorgreinl,git,SoundList/2/LocName,0,-1,Magic Portal Fire,
councillorgreinl,git,SoundList/3/LocName,0,-1,Torch Fire Small,
councillorgreinl,git,SoundList/4/LocName,0,-1,Torch Fire Small,
councillorgreinl,git,WaypointList/0/LocalizedName,0,14814,To Brogan's Arm,
councillorgreinl,git,WaypointList/0/MapNote,0,14815,To Brogan's Arm,
embattledcaverns,git,Creature List/0/FirstName,0,-1,Door Basher,
embattledcaverns,git,Door List/0/Description,0,-1,A cold wind blows through the passageway before you. You can see a drift of snow gathered in the corner.,
embattledcaverns,git,Door List/0/LocName,0,5349,Cave Entrance,
embattledcaverns,git,Door List/2/Description,0,-1,A cold wind blows through the passageway before you. You can see a drift of snow gathered in the corner.,
embattledcaverns,git,Door List/2/LocName,0,5349,Wooden Door,
embattledcaverns,git,Door List/3/Description,0,-1,Bloodstains and arcane markings cover the surface of this heavy stone door.,
embattledcaverns,git,Door List/3/LocName,0,5349,Bloodstained Door,
embattledcaverns,git,Door List/4/Description,0,-1,Bloodstains and arcane markings cover the surface of this heavy stone door.,
embattledcaverns,git,Door List/4/LocName,0,5349,Bloodstained Door,
embattledcaverns,git,Door List/5/Description,0,-1,"Bound in iron strips, this stone door hangs heavily upon its stout hinges.",
embattledcaverns,git,Door List/5/LocName,0,5349,Stone Door,
embattledcaverns,git,Door List/6/Description,0,-1,"Bound in iron strips, this stone door hangs heavily upon its stout hinges.",
embattledcaverns,git,Door List/6/LocName,0,5349,Stone Door,
embattledcaverns,git,Door List/7/Description,0,-1,Rust pocks the once-smooth surface of this metal-plated door.,
embattledcaverns,git,Door List/7/LocName,0,5349,Metal Door,
embattledcaverns,git,Door List/8/Description,0,-1,Rust pocks the once-smooth surface of this metal-plated door.,
embattledcaverns,git,Door List/8/LocName,0,5349,Metal Door,
embattledcaverns,git,Encounter List/0/LocalizedName,0,-1,Cavern Goblins,
embattledcaverns,git,Encounter List/1/LocalizedName,0,-1,Cavern Kobolds,
embattledcaverns,git,Encounter List/10/LocalizedName,0,-1,Cavern Kobolds,
embattledcaverns,git,Encounter List/11/LocalizedName,0,-1,Cavern Kobolds,
embattledcaverns,git,Encounter List/12/LocalizedName,0,-1,Cavern Goblins,
embattledcaverns,git,Encounter List/13/LocalizedName,0,-1,Cavern Goblins,
embattledcaverns,git,Encounter List/2/LocalizedName,0,-1,Cavern Goblins,
embattledcaverns,git,Encounter List/3/LocalizedName,0,-1,Cavern Kobolds,
embattledcaverns,git,Encounter List/4/LocalizedName,0,-1,Cavern Goblins,
embattledcaverns,git,Encounter List/5/LocalizedName,0,-1,Cavern Kobolds,
embattledcaverns,git,Encounter List/6/LocalizedName,0,-1,Cavern Goblins,
embattledcaverns,git,Encounter List/7/LocalizedName,0,-1,Cavern Kobolds,
embattledcaverns,git,Encounter List/8/LocalizedName,0,-1,Cavern Goblins,
embattledcaverns,git,Encounter List/9/LocalizedName,0,-1,Cavern Kobolds,
embattledcaverns,git,List/0/DescIdentified,0,-1,"This is a standard, disposable torch. Its duration is limited so it is wise to stock up on them and save them until they're needed.",
embattledcaverns,git,List/0/LocalizedName,0,-1,Torch,
embattledcaverns,git,List/1/DescIdentified,0,-1,"This is a standard, disposable torch. Its duration is limited so it is wise to stock up on them and save them until they're needed.",
embattledcaverns,git,List/1/LocalizedName,0,-1,Torch,
embattledcaverns,git,List/2/DescIdentified,0,-1,"This is a standard, disposable torch. Its duration is limited so it is wise to stock up on them and save them until they're needed.",
embattledcaverns,git,List/2/LocalizedName,0,-1,Torch,
embattledcaverns,git,List/3/DescIdentified,0,-1,"This is a standard, disposable torch. Its duration is limited so it is wise to stock up on them and save them until they're needed.",
embattledcaverns,git,List/3/LocalizedName,0,-1,Torch,
embattledcaverns,git,List/4/DescIdentified,0,-1,"This is a standard, disposable torch. Its duration is limited so it is wise to stock up on them and save them until they're needed.",
embattledcaverns,git,List/4/LocalizedName,0,-1,Torch,
embattledcaverns,git,List/5/DescIdentified,0,-1,"This is a standard, disposable torch. Its duration is limited so it is wise to stock up on them and save them until they're needed.",
embattledcaverns,git,List/5/LocalizedName,0,-1,Torch,
embattledcaverns,git,Placeable List/3/Description,0,-1,Place this object in any area where you want tracking to occur.  Set Will to the DC of tracking in this area.,
embattledcaverns,git,Placeable List/3/LocName,0,-1,Tracker,
embattledcaverns,git,Placeable List/4/Description,0,14597,"Low and flat, this chest seems to have been designed for the storage and filing of a merchant's accounts.",낮고 평평한 이 궤짝은 상인의 거래 장부를 보관하기 위해 설계된 것 같습니다.
embattledcaverns,git,Placeable List/4/ItemList/0/Description,0,13317,"When cut and polished, aventurine is alluring as its name. It resembles misty quartz, but contains glistening flecks of green that give it a unique sheen. The witches of Rashemen are said to use aventurine for invocations, evocations, and spirit work.","잘라서 광택을 낸 사금석은 굉장히 유혹적입니다. 흐릿한 석영처럼 생겼지만, 독특한 광택을 내는 반짝이는 녹색 반점을 가지고 있습니다. 라셰맨의 마녀들은 사금석을 기원과 방출술 그리고 영적인 일에 사용한다고 합니다."
embattledcaverns,git,Placeable List/4/ItemList/0/LocalizedName,0,13316,Aventurine,사금석
embattledcaverns,git,Placeable List/4/ItemList/1/Description,0,13293,"Fire agate forms in thin brown layers that refract the incoming light, giving the gem its ""fire."" The refraction often forms patterns reminiscent of a dragon's scales, which makes it prized by sorcerers who claim to trace their lineage back to dragonkin. A well-cut stone has its outer layers polished and ground away until only the fire is visible.","화염 마노는 들어오는 빛을 굴절시키는 얇은 갈색 층으로 형성되어 있기 때문에 보석에 \""화염\""을 주고 있습니다. 굴절은 종종 용의 비늘을 연상시키는 무늬를 만드는데, 이것은 자신이 용의 혈통을 가지고 있다고 주장하는 요술사들이 귀하게 여깁니다. 잘 깎은 것은 바깥 층을 다듬어 화염만 보일 때까지 갈아냅니다."
embattledcaverns,git,Placeable List/4/ItemList/1/LocalizedName,0,13292,Fire Agate,화염 마노
embattledcaverns,git,Placeable List/4/ItemList/2/Description,0,13291,"As its name indicates, this gem is generally green in color. Typical samples, however, have a pattern of overlapping edges that range from yellow-green to almost black. When polished, they have a beautiful play of light within their crystalline structure.","이름에서 알 수 있듯이, 이 보석은 일반적으로 녹색을 띕니다. 그러나 전형적인 표본은 황록색부터 검은색까지 이르는 겹쳐진 가장자리 무늬를 가지고 있습니다. 세공을 하면 결정 구조 안에 아름다운 빛의 연주가 펼쳐집니다."
embattledcaverns,git,Placeable List/4/ItemList/2/LocalizedName,0,13290,Greenstone,녹석
embattledcaverns,git,Placeable List/4/LocName,0,5348,Chest,궤짝
embattledcaverns,git,Placeable List/5/Description,0,14597,"Low and flat, this chest seems to have been designed for the storage and filing of a merchant's accounts.",낮고 평평한 이 궤짝은 상인의 거래 장부를 보관하기 위해 설계된 것 같습니다.
embattledcaverns,git,Placeable List/5/ItemList/0/Description,0,13303,"Favored by druids for its graceful and natural beauty, malachite is known for its strikingly ornamental bands of light and dark green that alternate throughout the entire stone. Painters have also been known to crush the gem and use it as a pigment. Adventurers have discovered that the gem bubbles and dissolves readily in acid, making it an effective - if expensive - means of identifying certain dangerous substances.","우아하고 자연스러운 아름다움으로 드루이드들의 사랑을 받는 공작석은 돌 전체에 번갈아 나타나는 두드러진 밝고 어두운 녹색의 줄무늬 장식으로 알려져 있습니다. 또한 화가들은 이 보석을 부숴 안료로 사용하는 것으로 알려져 있습니다다. 모험가들은 이 보석이 산에 닿으면 거품을 내며 쉽게 녹는다는 것을 발견했는데, 이것은 비싸지만 위험한 물질을 식별하는 효과적인 수단입니다."
embattledcaverns,git,Placeable List/5/ItemList/0/LocalizedName,0,13302,Malachite,공작석
embattledcaverns,git,Placeable List/5/ItemList/1/Description,0,13297,"A singularly beautiful stone, phenalope is dusty pink in color, dramatically marked with black streaks. Even when mounted in jewelry, phenalope maintains a rough texture, pocked with tiny holes that cannot be polished out. For some, this is part of the stone's attraction, and they wear it as a symbol of their own tenacious natures.","매우 아름다운 돌인 페넬로페는 윤기가 없는 분홍색을 띄며, 극적인 검은 줄무늬가 있습니다. 보석으로 장착할 때에도, 페넬로페는 거친 표면 때문에 다듬을 수 없는 작은 구멍 자국이 있습니다. 어떤 사람들에게는, 이것 또한 돌의 매력적인 요소이며 자신의 결연한 성질의 상징으로 착용합니다."
embattledcaverns,git,Placeable List/5/ItemList/1/LocalizedName,0,13296,Phenalope,페넬로페
embattledcaverns,git,Placeable List/5/ItemList/2/LocalizedName,0,535,Gold Piece,금화
embattledcaverns,git,Placeable List/5/LocName,0,5348,Chest,궤짝
embattledcaverns,git,SoundList/0/LocName,0,-1,Torch Fire Medium,
embattledcaverns,git,SoundList/1/LocName,0,-1,Torch Fire Medium,
embattledcaverns,git,SoundList/10/LocName,0,-1,Torch Fire Small,
embattledcaverns,git,SoundList/11/LocName,0,-1,Water Pool Small,
embattledcaverns,git,SoundList/12/LocName,0,-1,Torch Fire Small,
embattledcaverns,git,SoundList/13/LocName,0,-1,Torch Fire Small,
embattledcaverns,git,SoundList/14/LocName,0,-1,Torch Fire Small,
embattledcaverns,git,SoundList/15/LocName,0,-1,Torch Fire Small,
embattledcaverns,git,SoundList/16/LocName,0,-1,Torch Fire Small,
embattledcaverns,git,SoundList/17/LocName,0,-1,Torch Fire Small,
embattledcaverns,git,SoundList/18/LocName,0,-1,Torch Fire Small,
embattledcaverns,git,SoundList/19/LocName,0,-1,Torch Fire Small,
embattledcaverns,git,SoundList/2/LocName,0,-1,Torch Fire Small,
embattledcaverns,git,SoundList/20/LocName,0,-1,Torch Fire Small,
embattledcaverns,git,SoundList/21/LocName,0,-1,Torch Fire Small,
embattledcaverns,git,SoundList/22/LocName,0,-1,Water Pool Small,
embattledcaverns,git,SoundList/23/LocName,0,-1,Rock Crumbles Small,
embattledcaverns,git,SoundList/24/LocName,0,-1,Rock Crumbles Small,
embattledcaverns,git,SoundList/25/LocName,0,-1,Rock Crumbles Small,
embattledcaverns,git,SoundList/26/LocName,0,-1,Rock Crumbles Small,
embattledcaverns,git,SoundList/27/LocName,0,-1,Rock Crumbles Small,
embattledcaverns,git,SoundList/28/LocName,0,-1,Rock Crumbles Small,
embattledcaverns,git,SoundList/29/LocName,0,-1,Rock Crumbles Small,
embattledcaverns,git,SoundList/3/LocName,0,-1,Torch Fire Small,
embattledcaverns,git,SoundList/30/LocName,0,-1,Rock Crumbles Small,
embattledcaverns,git,SoundList/31/LocName,0,-1,Rock Crumbles Small,
embattledcaverns,git,SoundList/32/LocName,0,-1,Orc Cave Grunts,
embattledcaverns,git,SoundList/33/LocName,0,-1,Lizardfolk Hisses,
embattledcaverns,git,SoundList/4/LocName,0,-1,Torch Fire Small,
embattledcaverns,git,SoundList/5/LocName,0,-1,Torch Fire Small,
embattledcaverns,git,SoundList/6/LocName,0,-1,Torch Fire Small,
embattledcaverns,git,SoundList/7/LocName,0,-1,Torch Fire Medium,
embattledcaverns,git,SoundList/8/LocName,0,-1,Torch Fire Medium,
embattledcaverns,git,SoundList/9/LocName,0,-1,Torch Fire Small,
embattledcaverns,git,WaypointList/14/LocalizedName,0,14814,Ritual Maw,
embattledcaverns,git,WaypointList/14/MapNote,0,14815,Ritual Maw,
embattledcaverns,git,WaypointList/15/LocalizedName,0,14814,To the Night Hag,
embattledcaverns,git,WaypointList/15/MapNote,0,14815,To the Night Hag,
embattledcaverns,git,WaypointList/16/LocalizedName,0,14814,To the Northern Pass,
embattledcaverns,git,WaypointList/16/MapNote,0,14815,To the Northern Pass,
guildexhibitbrog,git,Placeable List/26/Description,0,14655,A message is scrawled in chalk upon this abutment.,
guildexhibitbrog,git,Placeable List/26/LocName,0,5712,Scrawled Message,
guildexhibitbrog,git,SoundList/0/LocName,0,-1,Stream Cave Tunnel,
guildexhibitbrog,git,SoundList/1/LocName,0,-1,Water Drips,
guildexhibitbrog,git,SoundList/2/LocName,0,-1,Water Drips,
guildexhibitbrog,git,SoundList/3/LocName,0,-1,Water Drips,
guildexhibitbrog,git,SoundList/4/LocName,0,-1,Water Pool Small,
guildexhibitbrog,git,SoundList/5/LocName,0,-1,Water Pool Small,
guildexhibitbrog,git,SoundList/6/LocName,0,-1,ww1_narrator162,
guildexhibitbrog,git,SoundList/7/LocName,0,-1,ww1_narrator163,
guildexhibitbrog,git,TriggerList/2/LocalizedName,0,14759,Message Trigger,
guildexhibitbrog,git,WaypointList/0/LocalizedName,0,14817,Exhibits 2 to Tears 2,
guildexhibitbrog,git,WaypointList/0/MapNote,0,-1,To Part 2 of the Guild Exhibits,
guildexhibitbrog,git,WaypointList/1/LocalizedName,0,14817,Exhibits 1 to Tears 1,
guildexhibitbrog,git,WaypointList/1/MapNote,0,-1,To Part 1 of the Guild Exhibits,
guildhall,git,Creature List/0/Description,0,-1,This swarthy woman sways slowly back and forth in her meanderings. Her breath exudes the grainy smell of cask-fermented dwarven ale.,
guildhall,git,Creature List/0/Equip_ItemList/0/DescIdentified,0,-1,This ceremonial garment has been worn by the curator of the Guild Hall in Brogan's Arm for years... and rarely washed.,
guildhall,git,Creature List/0/Equip_ItemList/0/LocalizedName,0,-1,Garb of the Guild Curator,
guildhall,git,Creature List/0/Equip_ItemList/1/LocalizedName,0,-1,WW Subrace: Cairn Dwarf,
guildhall,git,Creature List/0/FirstName,0,-1,Helga,
guildhall,git,Creature List/0/ItemList/0/DescIdentified,0,-1,This is the key to Helga's house in Brogan's Arm.,
guildhall,git,Creature List/0/ItemList/0/LocalizedName,0,-1,Helga's House Key,
guildhall,git,Creature List/0/ItemList/1/DescIdentified,0,-1,This is the key to the Guild Hall Exhibits in Brogan's Arm.,
guildhall,git,Creature List/0/ItemList/1/LocalizedName,0,-1,Exhibits Key,
guildhall,git,Creature List/0/LastName,0,-1,Einswater,
guildhall,git,Door List/0/Description,0,-1,"Etched and oiled, the carvings on this door lend depth to its prominent woodgrain.",
guildhall,git,Door List/0/LocName,0,5349,Carved Door,
guildhall,git,Door List/1/Description,0,-1,"Etched and oiled, the carvings on this door lend depth to its prominent woodgrain.",
guildhall,git,Door List/1/LocName,0,5349,Carved Door,
guildhall,git,Door List/2/Description,0,-1,"Etched and oiled, the carvings on this door lend depth to its prominent woodgrain.",
guildhall,git,Door List/2/LocName,0,5349,Carved Door,
guildhall,git,Door List/3/Description,0,-1,"Etched and oiled, the carvings on this door lend depth to its prominent woodgrain. There is a note on the door.",
guildhall,git,Door List/3/LocName,0,5349,Carved Door,
guildhall,git,Placeable List/27/Description,0,14690,"A moth-eaten fragment of coarse wool, dyed in fading blues, is suspended within a metal frame. It must have some historical significance you are not aware of.",
guildhall,git,Placeable List/27/LocName,0,14688,Guild Council Emblem,
guildhall,git,Placeable List/32/Description,0,14690,"A moth-eaten fragment of coarse wool, dyed in fading blues, is suspended within a metal frame. It must have some historical significance you are not aware of.",
guildhall,git,Placeable List/32/LocName,0,14688,Guild Council Emblem,
guildhall,git,SoundList/0/LocName,0,-1,ww1_narrator191,
guildhall,git,SoundList/1/LocName,0,-1,ww1_narrator192,
guildhall,git,SoundList/2/LocName,0,-1,ww1_narrator193,
guildhall,git,WaypointList/10/LocalizedName,0,14814,To Brogan's Arm,
guildhall,git,WaypointList/10/MapNote,0,14815,To Brogan's Arm,
guildhall,git,WaypointList/11/LocalizedName,0,14814,To Brogan's Arm,
guildhall,git,WaypointList/11/MapNote,0,14815,To Brogan's Arm,
guildhall,git,WaypointList/12/LocalizedName,0,14814,Guild Exhibits - Exit,
guildhall,git,WaypointList/12/MapNote,0,14815,Guild Exhibits - Exit,
guildhall,git,WaypointList/13/LocalizedName,0,14814,Guild Exhibits - Entrance,
guildhall,git,WaypointList/13/MapNote,0,14815,Guild Exhibits - Entrance,
guildhallexhibit,git,Door List/0/Description,0,-1,Detailed carvings cover the surface of this finely-crafted door. The handiwork is of high quality and no doubt came at quite an expense.,
guildhallexhibit,git,Door List/0/LocName,0,5349,Inlaid Door,
guildhallexhibit,git,Door List/1/Description,0,-1,Detailed carvings cover the surface of this finely-crafted door. The handiwork is of high quality and no doubt came at quite an expense.,
guildhallexhibit,git,Door List/1/LocName,0,5349,Inlaid Door,
guildhallexhibit,git,Placeable List/0/Description,0,14700,This station is part of a larger historical exhibit by the dwarven Guild Council of Brogan's Arm. The exhibit explains the cultural history of the Barrow Dwarves as well as of the village itself.,
guildhallexhibit,git,Placeable List/0/LocName,0,14701,"1 - The Barrow Dwarves, Sons of Brogan",
guildhallexhibit,git,Placeable List/1/Description,0,14700,This station is part of a larger historical exhibit by the dwarven Guild Council of Brogan's Arm. The exhibit explains the cultural history of the Barrow Dwarves as well as of the village itself.,
guildhallexhibit,git,Placeable List/1/LocName,0,14701,2 - Brogan's Journey Into Stygia,
guildhallexhibit,git,Placeable List/10/LocName,0,14657,Guild Exhibit,
guildhallexhibit,git,Placeable List/11/LocName,0,14657,Guild Exhibit,
guildhallexhibit,git,Placeable List/12/LocName,0,14657,Guild Exhibit,
guildhallexhibit,git,Placeable List/13/LocName,0,14657,Guild Exhibit,
guildhallexhibit,git,Placeable List/14/LocName,0,14657,Guild Exhibit,
guildhallexhibit,git,Placeable List/15/LocName,0,14657,Guild Exhibit,
guildhallexhibit,git,Placeable List/2/Description,0,14700,This station is part of a larger historical exhibit by the dwarven Guild Council of Brogan's Arm. The exhibit explains the cultural history of the Barrow Dwarves as well as of the village itself.,
guildhallexhibit,git,Placeable List/2/LocName,0,14701,3 - The Death of Brogan Nachtjager and the Exile of the Clan,
guildhallexhibit,git,Placeable List/3/Description,0,14700,This station is part of a larger historical exhibit by the dwarven Guild Council of Brogan's Arm. The exhibit explains the cultural history of the Barrow Dwarves as well as of the village itself.,
guildhallexhibit,git,Placeable List/3/LocName,0,14701,4 - Old Man Cavanaugh and the Discovery of Brogan's Arm,
guildhallexhibit,git,Placeable List/4/Description,0,14700,This station is part of a larger historical exhibit by the dwarven Guild Council of Brogan's Arm. The exhibit explains the cultural history of the Barrow Dwarves as well as of the village itself.,
guildhallexhibit,git,Placeable List/4/LocName,0,14701,5a - The Cavanaugh Stone and Brogan's Tears,
guildhallexhibit,git,Placeable List/5/Description,0,14700,This station is part of a larger historical exhibit by the dwarven Guild Council of Brogan's Arm. The exhibit explains the cultural history of the Barrow Dwarves as well as of the village itself.,
guildhallexhibit,git,Placeable List/5/LocName,0,14701,5b - The Cavanaugh Stone and Brogan's Tears,
guildhallexhibit,git,Placeable List/6/Description,0,14700,This station is part of a larger historical exhibit by the dwarven Guild Council of Brogan's Arm. The exhibit explains the cultural history of the Barrow Dwarves as well as of the village itself.,
guildhallexhibit,git,Placeable List/6/LocName,0,14701,6 - Haunted Rocks: The Steinfaar Gem Mine,
guildhallexhibit,git,Placeable List/7/Description,0,14700,This station is part of a larger historical exhibit by the dwarven Guild Council of Brogan's Arm. The exhibit explains the cultural history of the Barrow Dwarves as well as of the village itself.,
guildhallexhibit,git,Placeable List/7/LocName,0,14701,7 - Jager Steinfaar and the Vein of Iron,
guildhallexhibit,git,Placeable List/8/LocName,0,14657,Guild Exhibit,
guildhallexhibit,git,Placeable List/9/LocName,0,14657,Guild Exhibit,
guildhallexhibit,git,SoundList/0/LocName,0,-1,Water Drips,
guildhallexhibit,git,SoundList/1/LocName,0,-1,Water Drips,
guildhallexhibit,git,SoundList/2/LocName,0,-1,Water Drips,
guildhallexhibit,git,SoundList/3/LocName,0,-1,Water Pool Small,
guildhallexhibit,git,SoundList/4/LocName,0,-1,Water Pool Small,
guildhallexhibit,git,TriggerList/0/LocalizedName,0,14760,To Brogan's Tears 1,
guildhallexhibit,git,TriggerList/1/LocalizedName,0,14760,To Brogan's Tears 2,
guildhallexhibit,git,TriggerList/2/LocalizedName,0,14759,Guild Exhibits XP Trigger 1,
guildhallexhibit,git,TriggerList/3/LocalizedName,0,14759,Guild Exhibits XP Trigger 2,
guildhallexhibit,git,TriggerList/4/LocalizedName,0,14759,Message Trigger,
guildhallexhibit,git,WaypointList/0/LocalizedName,0,14817,Tears 2 to Exhibits 2,
guildhallexhibit,git,WaypointList/0/MapNote,0,-1,Return to Brogan's Tears,
guildhallexhibit,git,WaypointList/1/LocalizedName,0,14817,Tears 1 to Exhibits 1,
guildhallexhibit,git,WaypointList/1/MapNote,0,-1,Continue through Brogan's Tears,
guildhallexhibit,git,WaypointList/2/LocalizedName,0,14814,Guild Exhibits - Entrance,
guildhallexhibit,git,WaypointList/2/MapNote,0,14815,Guild Exhibits - Entrance,
guildhallexhibit,git,WaypointList/3/LocalizedName,0,14814,Guild Exhibits - Exit,
guildhallexhibit,git,WaypointList/3/MapNote,0,14815,Guild Exhibits - Exit,
helgashouse,git,Door List/0/Description,0,-1,"Fashioned from rough-hewn wood, this simple door swings on ill-fitting hinges.",
helgashouse,git,Door List/0/LocName,0,5349,Wooden Door,
helgashouse,git,List/23/DescIdentified,0,52941,"Either a dark red or pale yellow, wine is made from the pressing of grapes that have been fermented and aged. This wine is of an exceptionally fine vintage.",진한 붉은색이나 옅은 노란색인 포도주는 발효 숙성된 포도를 압착하여 만듭니다.
helgashouse,git,List/23/LocalizedName,0,13452,Vintage Wine,
helgashouse,git,Placeable List/1/Description,0,14589,"Thick tallow candles burn low upon their iron stand. Small mounds have formed on the floor below, where the fallen tallow has accumulated.",동물 기름으로 만든 두툼한 초가 철제 받침대 위에서 낮게 타오릅니다. 떨어진 촛농이 쌓여 아래쪽에는 작은 언덕을 형성하고 있습니다.
helgashouse,git,Placeable List/1/LocName,0,5703,Candelabra,가지달린 촛대
helgashouse,git,Placeable List/2/Description,0,14702,The plant seems cramped within its rootbound pot.,그 식물이 뿌리 내린 화분은 비좁아 보입니다.
helgashouse,git,Placeable List/2/LocName,0,5726,Potted Plant,화분
helgashouse,git,Placeable List/3/Description,0,14598,The antique drawer pulls are touched by rust and the drawers themselves fit ill within their sockets. It seems the damp air has not been kind to this piece.,이 골동품 서랍은 녹이 만져지고 서랍 자체도 꽂는 곳과 잘 맞지 않습니다. 눅눅한 공기가 이 작품과 맞지 않는 것으로 보입니다.
helgashouse,git,Placeable List/3/ItemList/6/DescIdentified,0,-1,This is the key to the Guild Hall Exhibits in Brogan's Arm.,
helgashouse,git,Placeable List/3/ItemList/6/LocalizedName,0,-1,Exhibits Key,
helgashouse,git,Placeable List/3/LocName,0,5654,Chest of Drawers,서랍장
helgashouse,git,WaypointList/0/LocalizedName,0,14814,To Brogan's Arm,
helgashouse,git,WaypointList/0/MapNote,0,14815,To Brogan's Arm,
homeofthenightha,git,Creature List/0/FirstName,0,-1,Ethereal Leak Spawner,
homeofthenightha,git,Creature List/1/Description,0,12628,The air around this strange woman seems to grow thick and stagnant like a too-still pond. From somewhere you catch the sickly sweet smell of rotting vegetation. ,
homeofthenightha,git,Creature List/1/Equip_ItemList/0/LocalizedName,0,-1,Robes of the Night Hag,
homeofthenightha,git,Creature List/1/FirstName,0,12629,Night Hag,
homeofthenightha,git,Creature List/1/ItemList/0/DescIdentified,0,-1,"This hand-painted Tarot card is old and well-worn. Drawn from the Warlock's Hand, it is said to represent the past.

This card depicts a savage figure, blade held high and wreathed in blood. Lightning strikes in the background, illuminating an ash-grey scene of carnage.
",
homeofthenightha,git,Creature List/1/ItemList/0/LocalizedName,0,-1,Tarot Card - Child of Anger,
homeofthenightha,git,Creature List/1/ItemList/1/DescIdentified,0,-1,"This hand-painted Tarot card is old and well-worn. Drawn from the Warlock's Hand, it is said to represent the past.

This card depicts a savage figure, blade held high and wreathed in blood. Lightning strikes in the background, illuminating an ash-grey scene of carnage.
",
homeofthenightha,git,Creature List/1/ItemList/1/LocalizedName,0,-1,Tarot Card - Child of Anger,
homeofthenightha,git,Creature List/1/ItemList/10/DescIdentified,0,-1,"This hand-painted Tarot card is old and well-worn. Drawn from the Witch's Hand, it is said to represent the future.

This card depicts a figure sitting cross-legged atop a wall. The moon is held in one hand and the sun in the other. A golden chalice is suspended in the air above.",
homeofthenightha,git,Creature List/1/ItemList/10/LocalizedName,0,-1,Tarot Card - The Fool,
homeofthenightha,git,Creature List/1/ItemList/11/DescIdentified,0,-1,"This hand-painted Tarot card is old and well-worn. Drawn from the Witch's Hand, it is said to represent the future.

This card depicts a figure sitting cross-legged atop a wall. The moon is held in one hand and the sun in the other. A golden chalice is suspended in the air above.",
homeofthenightha,git,Creature List/1/ItemList/11/LocalizedName,0,-1,Tarot Card - The Fool,
homeofthenightha,git,Creature List/1/ItemList/12/DescIdentified,0,-1,"This hand-painted Tarot card is old and well-worn. Drawn from the Witch's Hand, it is said to represent the future.

This card depicts a figure who walks upon the upraised hands of compatriots. The figure is reaching for a golden chalice suspended in the air above.
",
homeofthenightha,git,Creature List/1/ItemList/12/LocalizedName,0,-1,Tarot Card - The Leader,
homeofthenightha,git,Creature List/1/ItemList/13/DescIdentified,0,-1,"This hand-painted Tarot card is old and well-worn. Drawn from the Witch's Hand, it is said to represent the future.

This card depicts a figure who walks upon the upraised hands of compatriots. The figure is reaching for a golden chalice suspended in the air above.
",
homeofthenightha,git,Creature List/1/ItemList/13/LocalizedName,0,-1,Tarot Card - The Leader,
homeofthenightha,git,Creature List/1/ItemList/14/DescIdentified,0,-1,"This hand-painted Tarot card is old and well-worn. Drawn from the Witch's Hand, it is said to represent the future.

This card depicts a figure reaching for a golden chalice suspended in the air above. The figure's hands are red with blood and their jaw is set in grim determination.",
homeofthenightha,git,Creature List/1/ItemList/14/LocalizedName,0,-1,Tarot Card - The Traitor,
homeofthenightha,git,Creature List/1/ItemList/15/DescIdentified,0,-1,"This hand-painted Tarot card is old and well-worn. Drawn from the Witch's Hand, it is said to represent the future.

This card depicts a figure reaching for a golden chalice suspended in the air above. The figure's hands are red with blood and their jaw is set in grim determination.",
homeofthenightha,git,Creature List/1/ItemList/15/LocalizedName,0,-1,Tarot Card - The Traitor,
homeofthenightha,git,Creature List/1/ItemList/16/DescIdentified,0,-1,"This key, given to you by the Night Hag, feels cold within your tight-clenched fist. It opens the cemetery gate just south of her home.",
homeofthenightha,git,Creature List/1/ItemList/16/LocalizedName,0,-1,Cemetery Key,
homeofthenightha,git,Creature List/1/ItemList/17/DescIdentified,0,-1,"This key, given to you by the Night Hag, feels cold within your tight-clenched fist. It opens the cemetery gate just south of her home.",
homeofthenightha,git,Creature List/1/ItemList/17/LocalizedName,0,-1,Cemetery Key,
homeofthenightha,git,Creature List/1/ItemList/2/DescIdentified,0,-1,"This hand-painted Tarot card is old and well-worn. Drawn from the Warlock's Hand, it is said to represent the past.

You draw a card depicting a hunched figure amidst a heavy storm. A feeble lantern is held high, but the figure's eyes seem haunted by the tortured shapes just beyond the lantern's glow.
",
homeofthenightha,git,Creature List/1/ItemList/2/LocalizedName,0,-1,Tarot Card - Child of Fear,
homeofthenightha,git,Creature List/1/ItemList/3/DescIdentified,0,-1,"This hand-painted Tarot card is old and well-worn. Drawn from the Warlock's Hand, it is said to represent the past.

You draw a card depicting a hunched figure amidst a heavy storm. A feeble lantern is held high, but the figure's eyes seem haunted by the tortured shapes just beyond the lantern's glow.
",
homeofthenightha,git,Creature List/1/ItemList/3/LocalizedName,0,-1,Tarot Card - Child of Fear,
homeofthenightha,git,Creature List/1/ItemList/4/DescIdentified,0,-1,"This hand-painted Tarot card is old and well-worn. Drawn from the Warlock's Hand, it is said to represent the past.

This card depicts a man and woman, their naked limbs entwined with satin sheets. They stare deeply into each others eyes, oblivious to the shadows being cast over them.
",
homeofthenightha,git,Creature List/1/ItemList/4/LocalizedName,0,-1,Tarot Card - Child of Passion,
homeofthenightha,git,Creature List/1/ItemList/5/DescIdentified,0,-1,"This hand-painted Tarot card is old and well-worn. Drawn from the Warlock's Hand, it is said to represent the past.

This card depicts a man and woman, their naked limbs entwined with satin sheets. They stare deeply into each others eyes, oblivious to the shadows being cast over them.
",
homeofthenightha,git,Creature List/1/ItemList/5/LocalizedName,0,-1,Tarot Card - Child of Passion,
homeofthenightha,git,Creature List/1/ItemList/6/DescIdentified,0,-1,"This hand-painted Tarot card is old and well-worn. Drawn from the Warlock's Hand, it is said to represent the past.

This card depicts a black-robed figure kneeling beside a frozen corpse. Snow falls upon the icy scene, the corpse already partly buried beneath its weight.
",
homeofthenightha,git,Creature List/1/ItemList/6/LocalizedName,0,-1,Tarot Card - Child of Sorrow,
homeofthenightha,git,Creature List/1/ItemList/7/DescIdentified,0,-1,"This hand-painted Tarot card is old and well-worn. Drawn from the Warlock's Hand, it is said to represent the past.

This card depicts a black-robed figure kneeling beside a frozen corpse. Snow falls upon the icy scene, the corpse already partly buried beneath its weight.
",
homeofthenightha,git,Creature List/1/ItemList/7/LocalizedName,0,-1,Tarot Card - Child of Sorrow,
homeofthenightha,git,Creature List/1/ItemList/8/DescIdentified,0,-1,"This hand-painted Tarot card is old and well-worn. Drawn from the Warlock's Hand, it is said to represent the past.

This card depicts a white-robed figure standing beneath a stormy sky. Shafts of light beam down upon the figure's upturned face, giving it a holy radiance.",
homeofthenightha,git,Creature List/1/ItemList/8/LocalizedName,0,-1,Tarot Card - Child of Virtue,
homeofthenightha,git,Creature List/1/ItemList/9/DescIdentified,0,-1,"This hand-painted Tarot card is old and well-worn. Drawn from the Warlock's Hand, it is said to represent the past.

This card depicts a white-robed figure standing beneath a stormy sky. Shafts of light beam down upon the figure's upturned face, giving it a holy radiance.",
homeofthenightha,git,Creature List/1/ItemList/9/LocalizedName,0,-1,Tarot Card - Child of Virtue,
homeofthenightha,git,Door List/0/Description,0,-1,Bloodstains and arcane markings cover the surface of this heavy stone door.,
homeofthenightha,git,Door List/0/LocName,0,5349,Bloodstained Door,
homeofthenightha,git,Placeable List/16/Description,0,14607,A small drawer extends beneath the gleaming tabletop. It probably doubles as a desk when there's the need.,윤이 나는 탁자의 상판 아래로 작은 서랍이 열립니다. 필요할 때는 책상을 두 배 크기로 쓸 수 있어 보입니다.
homeofthenightha,git,Placeable List/16/ItemList/0/DescIdentified,0,-1,"This small bundle of feathers, wax, and twine appears to be some sort of levitation fetish. There doesn't seem to be any way to activate it, however, so it likely serves as a catalyst for an enchanted mechanism of some sort.",
homeofthenightha,git,Placeable List/16/ItemList/0/Description,0,-1,"You examine the small bundle of feathers, wax, and twine but can't seem to identify any particular use for it.",
homeofthenightha,git,Placeable List/16/ItemList/0/LocalizedName,0,-1,Feather Fetish,
homeofthenightha,git,Placeable List/16/ItemList/2/LocalizedName,0,13362,Healer's Kit +2,
homeofthenightha,git,Placeable List/16/LocName,0,5655,Desk,책상
homeofthenightha,git,Placeable List/36/Description,0,14574,"The books lay piled atop each other with little in the way of rhyme or reason, as if someone was interrupted while in the process of returning them to their place.","누군가 책을 제자리에 돌려놓는 과정에서 방해라도 받은 듯이, 책들은 음절이나 이유와 관계없이 쌓여 있습니다."
homeofthenightha,git,Placeable List/36/ItemList/0/DescIdentified,0,-1,"This heavy tome, stolen from the Night Hag's desk, is bound in a strange, oily leather. The text inside is of no language you can recognize and what few pictures you can find seem to be of senseless, though vaguely humanoid shapes.",
homeofthenightha,git,Placeable List/36/ItemList/0/LocalizedName,0,-1,The Night Hag's Tome,
homeofthenightha,git,Placeable List/36/LocName,0,5698,Book Piles,책 더미
homeofthenightha,git,SoundList/0/LocName,0,-1,Campfire & Pot,
homeofthenightha,git,SoundList/1/LocName,0,-1,Magic Bubbling Beaker,
homeofthenightha,git,SoundList/2/LocName,0,-1,Chiselings,
homeofthenightha,git,SoundList/3/LocName,0,-1,Water Drips,
homeofthenightha,git,SoundList/4/LocName,0,-1,Torch Fire Small,
homeofthenightha,git,SoundList/5/LocName,0,-1,Torch Fire Small,
homeofthenightha,git,SoundList/6/LocName,0,-1,Critters,
homeofthenightha,git,SoundList/7/LocName,0,-1,Draft Gust Interior,
homeofthenightha,git,SoundList/8/LocName,0,-1,Chants Women Outside,
homeofthenightha,git,SoundList/9/LocName,0,-1,Ethereal Leak Loop,
homeofthenightha,git,StoreList/0/LocName,0,-1,Night Hag's Store,
homeofthenightha,git,StoreList/0/StoreList/3/ItemList/12/DescIdentified,0,14195,"Wearing of losing young students to the dangers of their newfound power, the great wizard Arkanion began crafting these wands for their protection.",
homeofthenightha,git,StoreList/0/StoreList/3/ItemList/12/LocalizedName,0,14196,Wand of Armor,
homeofthenightha,git,StoreList/0/StoreList/3/ItemList/13/DescIdentified,0,58591,"Wands of Sleep are among the most stable and least expensive of magical wands, making them quite popular with adventurers. Though not instruments of mass destruction, when properly applied a Wand of Sleep can prove to be a powerful weapon against unexpected encounters with orcs, goblins and their ilk. Many adventuring parties owe their lives to the anonymous mage who first fashioned this simple but highly effective item.","수면의 마법봉은 가장 안정적이고 저렴한 마법봉 중 하나로, 모험가들에게 인기가 많습니다. 대량 파괴 도구는 아니지만, 적절히 사용하면 오크, 고블린 같은 적과의 예상치 못한 조우에서 강력한 무기가 될 수 있습니다. 많은 모험단이 이 단순하지만 매우 효과적인 아이템을 처음 만든 무명의 마법사 덕분에 목숨을 구했습니다."
homeofthenightha,git,StoreList/0/StoreList/3/ItemList/13/LocalizedName,0,58592,Wand of Sleep,수면의 마법봉
homeofthenightha,git,StoreList/0/StoreList/4/ItemList/0/DescIdentified,0,-1,This bag holds a small collection of stone dice.,
homeofthenightha,git,StoreList/0/StoreList/4/ItemList/0/LocalizedName,0,-1,Dice Bag,
homeofthenightha,git,StoreList/0/StoreList/4/ItemList/12/DescIdentified,0,-1,"If ingested, the leaves of the deadly nightshade plant will cause a quick and painless death.",
homeofthenightha,git,StoreList/0/StoreList/4/ItemList/12/LocalizedName,0,-1,Deadly Nightshade,
homeofthenightha,git,StoreList/0/StoreList/4/ItemList/13/DescIdentified,0,-1,"This is a standard, disposable torch. Its duration is limited so it is wise to stock up on them and save them until they're needed.",
homeofthenightha,git,StoreList/0/StoreList/4/ItemList/13/LocalizedName,0,-1,Torch,
homeofthenightha,git,StoreList/0/StoreList/4/ItemList/15/LocalizedName,0,13362,Healer's Kit +2,
homeofthenightha,git,StoreList/0/StoreList/4/ItemList/17/LocalizedName,0,13363,Healer's Kit +4,
homeofthenightha,git,StoreList/0/StoreList/4/ItemList/18/LocalizedName,0,13363,Healer's Kit +5,
homeofthenightha,git,StoreList/0/StoreList/4/ItemList/20/LocalizedName,0,13364,Healer's Kit +7,
homeofthenightha,git,StoreList/0/StoreList/4/ItemList/21/LocalizedName,0,13364,Healer's Kit +8,
homeofthenightha,git,StoreList/0/StoreList/4/ItemList/22/LocalizedName,0,13364,Healer's Kit +9,
homeofthenightha,git,WaypointList/0/LocalizedName,0,14817,End of Night Hag's Tour,
homeofthenightha,git,WaypointList/0/MapNote,0,-1,Ethereal Leak,
homeofthenightha,git,WaypointList/1/LocalizedName,0,14816,Night Hag's Post,
homeofthenightha,git,WaypointList/1/MapNote,0,-1,The Night Hag,
homeofthenightha,git,WaypointList/2/LocalizedName,0,14814,To the Mountain Cemetery,
homeofthenightha,git,WaypointList/2/MapNote,0,14815,To the Mountain Cemetery,
modulestart001,git,Creature List/0/Description,0,-1,This dwarf is in his battle rage and cannot hear your pleas for help.,
modulestart001,git,Creature List/0/Equip_ItemList/0/DescIdentified,0,-1,"Worn by men and women in the King's service, this armor is intended for both battle and ceremonial use.",
modulestart001,git,Creature List/0/Equip_ItemList/0/LocalizedName,0,-1,King's Splint,
modulestart001,git,Creature List/0/FirstName,0,-1,Unknown Soldier,
modulestart001,git,Creature List/1/Description,0,-1,This halfling is so focused on her bladesmanship she cannot hear your pleas for help.,
modulestart001,git,Creature List/1/Equip_ItemList/0/DescIdentified,0,-1,"Worn by men and women in the King's service, this armor is intended for both battle and ceremonial use.",
modulestart001,git,Creature List/1/Equip_ItemList/0/LocalizedName,0,-1,Quilted King's Armor,
modulestart001,git,Creature List/1/FirstName,0,-1,Unknown Soldier,
modulestart001,git,Creature List/10/Description,0,-1,This half-orc's shouts of rage are so loud he cannot hear your pleas for help.,
modulestart001,git,Creature List/10/Equip_ItemList/0/DescIdentified,0,-1,"Worn by men and women in the King's service, this armor is intended for both battle and ceremonial use.",
modulestart001,git,Creature List/10/Equip_ItemList/0/LocalizedName,0,-1,King's Marching Plate,
modulestart001,git,Creature List/10/FirstName,0,-1,Unknown Soldier,
modulestart001,git,Creature List/11/Description,0,-1,This man is grievously wounded. He cannot hear your pleas for help.,
modulestart001,git,Creature List/11/Equip_ItemList/0/DescIdentified,0,-1,"Worn by men and women in the King's service, this armor is intended for both battle and ceremonial use.",
modulestart001,git,Creature List/11/Equip_ItemList/0/LocalizedName,0,-1,Studded King's Armor,
modulestart001,git,Creature List/11/FirstName,0,-1,Unknown Soldier,
modulestart001,git,Creature List/12/Description,0,-1,This half-orc's shouts of rage are so loud she cannot hear your pleas for help.,
modulestart001,git,Creature List/12/Equip_ItemList/0/DescIdentified,0,-1,"Worn by men and women in the King's service, this armor is intended for both battle and ceremonial use.",
modulestart001,git,Creature List/12/Equip_ItemList/0/LocalizedName,0,-1,King's Splint,
modulestart001,git,Creature List/12/FirstName,0,-1,Unknown Soldier,
modulestart001,git,Creature List/13/Description,0,-1,This halfling is so focused on his target he cannot hear your pleas for help.,
modulestart001,git,Creature List/13/Equip_ItemList/0/DescIdentified,0,-1,"Worn by men and women in the King's service, this armor is intended for both battle and ceremonial use.",
modulestart001,git,Creature List/13/Equip_ItemList/0/LocalizedName,0,-1,King's Leather,
modulestart001,git,Creature List/13/FirstName,0,-1,Unknown Soldier,
modulestart001,git,Creature List/14/Description,0,-1,This elf is so focused on the battle he cannot hear your pleas for help.,
modulestart001,git,Creature List/14/Equip_ItemList/0/DescIdentified,0,-1,"Worn by men and women in the King's service, this armor is intended for both battle and ceremonial use.",
modulestart001,git,Creature List/14/Equip_ItemList/0/LocalizedName,0,-1,King's Cuirass,
modulestart001,git,Creature List/14/FirstName,0,-1,Unknown Soldier,
modulestart001,git,Creature List/15/Description,0,-1,This half-orc's shouts of rage are so loud he cannot hear your pleas for help.,
modulestart001,git,Creature List/15/Equip_ItemList/0/DescIdentified,0,-1,"Worn by men and women in the King's service, this armor is intended for both battle and ceremonial use.",
modulestart001,git,Creature List/15/Equip_ItemList/0/LocalizedName,0,-1,King's Marching Plate,
modulestart001,git,Creature List/15/FirstName,0,-1,Unknown Soldier,
modulestart001,git,Creature List/16/Description,0,-1,This man is grievously wounded. He cannot hear your pleas for help.,
modulestart001,git,Creature List/16/Equip_ItemList/0/DescIdentified,0,-1,"Worn by men and women in the King's service, this armor is intended for both battle and ceremonial use.",
modulestart001,git,Creature List/16/Equip_ItemList/0/LocalizedName,0,-1,Studded King's Armor,
modulestart001,git,Creature List/16/FirstName,0,-1,Unknown Soldier,
modulestart001,git,Creature List/17/Description,0,-1,This halfling is so focused on her bladesmanship she cannot hear your pleas for help.,
modulestart001,git,Creature List/17/Equip_ItemList/0/DescIdentified,0,-1,"Worn by men and women in the King's service, this armor is intended for both battle and ceremonial use.",
modulestart001,git,Creature List/17/Equip_ItemList/0/LocalizedName,0,-1,Quilted King's Armor,
modulestart001,git,Creature List/17/FirstName,0,-1,Unknown Soldier,
modulestart001,git,Creature List/18/Description,0,-1,This gnome is so focused on her bladesmanship she cannot hear your pleas for help.,
modulestart001,git,Creature List/18/Equip_ItemList/0/DescIdentified,0,-1,"Worn by men and women in the King's service, this armor is intended for both battle and ceremonial use.",
modulestart001,git,Creature List/18/Equip_ItemList/0/LocalizedName,0,-1,King's Leather,
modulestart001,git,Creature List/18/FirstName,0,-1,Unknown Soldier,
modulestart001,git,Creature List/19/Description,0,-1,This woman is beset by attackers. She cannot hear your pleas for help.,
modulestart001,git,Creature List/19/Equip_ItemList/0/DescIdentified,0,-1,"Worn by men and women in the King's service, this armor is intended for both battle and ceremonial use.",
modulestart001,git,Creature List/19/Equip_ItemList/0/LocalizedName,0,-1,King's Scale,
modulestart001,git,Creature List/19/FirstName,0,-1,Unknown Soldier,
modulestart001,git,Creature List/2/Description,0,-1,This gnome is so focused on the battle he cannot hear your pleas for help.,
modulestart001,git,Creature List/2/Equip_ItemList/0/DescIdentified,0,-1,"Worn by men and women in the King's service, this armor is intended for both battle and ceremonial use.",
modulestart001,git,Creature List/2/Equip_ItemList/0/LocalizedName,0,-1,King's Scale,
modulestart001,git,Creature List/2/FirstName,0,-1,Unknown Soldier,
modulestart001,git,Creature List/20/Description,0,-1,This man is grievously wounded. He cannot hear your pleas for help.,
modulestart001,git,Creature List/20/Equip_ItemList/0/DescIdentified,0,-1,"Worn by men and women in the King's service, this armor is intended for both battle and ceremonial use.",
modulestart001,git,Creature List/20/Equip_ItemList/0/LocalizedName,0,-1,Studded King's Armor,
modulestart001,git,Creature List/20/FirstName,0,-1,Unknown Soldier,
modulestart001,git,Creature List/21/Description,0,-1,This halfling is so focused on her bladesmanship she cannot hear your pleas for help.,
modulestart001,git,Creature List/21/Equip_ItemList/0/DescIdentified,0,-1,"Worn by men and women in the King's service, this armor is intended for both battle and ceremonial use.",
modulestart001,git,Creature List/21/Equip_ItemList/0/LocalizedName,0,-1,Quilted King's Armor,
modulestart001,git,Creature List/21/FirstName,0,-1,Unknown Soldier,
modulestart001,git,Creature List/22/Description,0,-1,This dwarf is in her battle rage and cannot hear your pleas for help.,
modulestart001,git,Creature List/22/Equip_ItemList/0/DescIdentified,0,-1,"Worn by men and women in the King's service, this armor is intended for both battle and ceremonial use.",
modulestart001,git,Creature List/22/Equip_ItemList/0/LocalizedName,0,-1,King's Marching Plate,
modulestart001,git,Creature List/22/FirstName,0,-1,Unknown Soldier,
modulestart001,git,Creature List/23/Description,0,-1,This man is grievously wounded. He cannot hear your pleas for help.,
modulestart001,git,Creature List/23/Equip_ItemList/0/DescIdentified,0,-1,"Worn by men and women in the King's service, this armor is intended for both battle and ceremonial use.",
modulestart001,git,Creature List/23/Equip_ItemList/0/LocalizedName,0,-1,Studded King's Armor,
modulestart001,git,Creature List/23/FirstName,0,-1,Unknown Soldier,
modulestart001,git,Creature List/24/Description,0,-1,This half-orc's shouts of rage are so loud he cannot hear your pleas for help.,
modulestart001,git,Creature List/24/Equip_ItemList/0/DescIdentified,0,-1,"Worn by men and women in the King's service, this armor is intended for both battle and ceremonial use.",
modulestart001,git,Creature List/24/Equip_ItemList/0/LocalizedName,0,-1,King's Marching Plate,
modulestart001,git,Creature List/24/FirstName,0,-1,Unknown Soldier,
modulestart001,git,Creature List/25/Description,0,-1,This man is grievously wounded. He cannot hear your pleas for help.,
modulestart001,git,Creature List/25/Equip_ItemList/0/DescIdentified,0,-1,"Worn by men and women in the King's service, this armor is intended for both battle and ceremonial use.",
modulestart001,git,Creature List/25/Equip_ItemList/0/LocalizedName,0,-1,Studded King's Armor,
modulestart001,git,Creature List/25/FirstName,0,-1,Unknown Soldier,
modulestart001,git,Creature List/26/Description,0,-1,This gnome is so focused on her bladesmanship she cannot hear your pleas for help.,
modulestart001,git,Creature List/26/Equip_ItemList/0/DescIdentified,0,-1,"Worn by men and women in the King's service, this armor is intended for both battle and ceremonial use.",
modulestart001,git,Creature List/26/Equip_ItemList/0/LocalizedName,0,-1,King's Leather,
modulestart001,git,Creature List/26/FirstName,0,-1,Unknown Soldier,
modulestart001,git,Creature List/27/Description,0,-1,This halfling is so focused on her bladesmanship she cannot hear your pleas for help.,
modulestart001,git,Creature List/27/Equip_ItemList/0/DescIdentified,0,-1,"Worn by men and women in the King's service, this armor is intended for both battle and ceremonial use.",
modulestart001,git,Creature List/27/Equip_ItemList/0/LocalizedName,0,-1,Quilted King's Armor,
modulestart001,git,Creature List/27/FirstName,0,-1,Unknown Soldier,
modulestart001,git,Creature List/28/Description,0,-1,This dwarf is in her battle rage and cannot hear your pleas for help.,
modulestart001,git,Creature List/28/Equip_ItemList/0/DescIdentified,0,-1,"Worn by men and women in the King's service, this armor is intended for both battle and ceremonial use.",
modulestart001,git,Creature List/28/Equip_ItemList/0/LocalizedName,0,-1,King's Marching Plate,
modulestart001,git,Creature List/28/FirstName,0,-1,Unknown Soldier,
modulestart001,git,Creature List/29/Description,0,-1,This gnome is so focused on her bladesmanship she cannot hear your pleas for help.,
modulestart001,git,Creature List/29/Equip_ItemList/0/DescIdentified,0,-1,"Worn by men and women in the King's service, this armor is intended for both battle and ceremonial use.",
modulestart001,git,Creature List/29/Equip_ItemList/0/LocalizedName,0,-1,King's Leather,
modulestart001,git,Creature List/29/FirstName,0,-1,Unknown Soldier,
modulestart001,git,Creature List/3/Description,0,-1,This man is grievously wounded. He cannot hear your pleas for help.,
modulestart001,git,Creature List/3/Equip_ItemList/0/DescIdentified,0,-1,"Worn by men and women in the King's service, this armor is intended for both battle and ceremonial use.",
modulestart001,git,Creature List/3/Equip_ItemList/0/LocalizedName,0,-1,Studded King's Armor,
modulestart001,git,Creature List/3/FirstName,0,-1,Unknown Soldier,
modulestart001,git,Creature List/30/Description,0,-1,This woman is beset by attackers. She cannot hear your pleas for help.,
modulestart001,git,Creature List/30/Equip_ItemList/0/DescIdentified,0,-1,"Worn by men and women in the King's service, this armor is intended for both battle and ceremonial use.",
modulestart001,git,Creature List/30/Equip_ItemList/0/LocalizedName,0,-1,King's Scale,
modulestart001,git,Creature List/30/FirstName,0,-1,Unknown Soldier,
modulestart001,git,Creature List/31/FirstName,0,-1,Tentacle Field Spawner,
modulestart001,git,Creature List/32/FirstName,0,-1,Tentacle Field Spawner,
modulestart001,git,Creature List/33/FirstName,0,-1,Tentacle Field Spawner,
modulestart001,git,Creature List/34/Description,0,-1,This null creature holds the faction for the soldiers in the opening cinematic. Do not remove him from the opening area or the cinematic will break.,
modulestart001,git,Creature List/34/FirstName,0,-1,Cinematic Faction Holder,
modulestart001,git,Creature List/35/Description,0,-1,This man is grievously wounded. He cannot hear your pleas for help.,
modulestart001,git,Creature List/35/Equip_ItemList/0/DescIdentified,0,-1,"Worn by men and women in the King's service, this armor is intended for both battle and ceremonial use.",
modulestart001,git,Creature List/35/Equip_ItemList/0/LocalizedName,0,-1,Studded King's Armor,
modulestart001,git,Creature List/35/FirstName,0,-1,Dead Human Soldier,
modulestart001,git,Creature List/36/FirstName,0,-1,Tentacle Field Spawner,
modulestart001,git,Creature List/4/Description,0,-1,This gnome is so focused on the battle he cannot hear your pleas for help.,
modulestart001,git,Creature List/4/Equip_ItemList/0/DescIdentified,0,-1,"Worn by men and women in the King's service, this armor is intended for both battle and ceremonial use.",
modulestart001,git,Creature List/4/Equip_ItemList/0/LocalizedName,0,-1,King's Scale,
modulestart001,git,Creature List/4/FirstName,0,-1,Unknown Soldier,
modulestart001,git,Creature List/5/Description,0,-1,This dwarf is in her battle rage and cannot hear your pleas for help.,
modulestart001,git,Creature List/5/Equip_ItemList/0/DescIdentified,0,-1,"Worn by men and women in the King's service, this armor is intended for both battle and ceremonial use.",
modulestart001,git,Creature List/5/Equip_ItemList/0/LocalizedName,0,-1,King's Marching Plate,
modulestart001,git,Creature List/5/FirstName,0,-1,Unknown Soldier,
modulestart001,git,Creature List/6/Description,0,-1,This dwarf is in his battle rage and cannot hear your pleas for help.,
modulestart001,git,Creature List/6/Equip_ItemList/0/DescIdentified,0,-1,"Worn by men and women in the King's service, this armor is intended for both battle and ceremonial use.",
modulestart001,git,Creature List/6/Equip_ItemList/0/LocalizedName,0,-1,King's Splint,
modulestart001,git,Creature List/6/FirstName,0,-1,Unknown Soldier,
modulestart001,git,Creature List/7/Description,0,-1,This gnome is so focused on the battle he cannot hear your pleas for help.,
modulestart001,git,Creature List/7/Equip_ItemList/0/DescIdentified,0,-1,"Worn by men and women in the King's service, this armor is intended for both battle and ceremonial use.",
modulestart001,git,Creature List/7/Equip_ItemList/0/LocalizedName,0,-1,King's Scale,
modulestart001,git,Creature List/7/FirstName,0,-1,Unknown Soldier,
modulestart001,git,Creature List/8/Description,0,-1,This gnome is so focused on her bladesmanship she cannot hear your pleas for help.,
modulestart001,git,Creature List/8/Equip_ItemList/0/DescIdentified,0,-1,"Worn by men and women in the King's service, this armor is intended for both battle and ceremonial use.",
modulestart001,git,Creature List/8/Equip_ItemList/0/LocalizedName,0,-1,King's Leather,
modulestart001,git,Creature List/8/FirstName,0,-1,Unknown Soldier,
modulestart001,git,Creature List/9/Description,0,-1,This halfling is so focused on her bladesmanship she cannot hear your pleas for help.,
modulestart001,git,Creature List/9/Equip_ItemList/0/DescIdentified,0,-1,"Worn by men and women in the King's service, this armor is intended for both battle and ceremonial use.",
modulestart001,git,Creature List/9/Equip_ItemList/0/LocalizedName,0,-1,Quilted King's Armor,
modulestart001,git,Creature List/9/FirstName,0,-1,Unknown Soldier,
modulestart001,git,Placeable List/69/Description,0,14656,"Blood clings to the prince's lips, dripping to the ground so far below. It is clear that he doesn't have long to live. Nevertheless, his blue eyes are focused on you, brilliant and intense.",
modulestart001,git,Placeable List/69/LocName,0,14657,Prince Ahmed,
modulestart001,git,SoundList/0/LocName,0,-1,Battle Cries Group,
modulestart001,git,SoundList/1/LocName,0,-1,Bird Scary Cries,
modulestart001,git,SoundList/2/LocName,0,-1,Fire Medium,
modulestart001,git,SoundList/3/LocName,0,-1,Fire Medium,
modulestart001,git,SoundList/4/LocName,0,-1,Firepit,
modulestart001,git,SoundList/5/LocName,0,-1,Firepit,
modulestart001,git,SoundList/6/LocName,0,-1,Thunder Claps Near,
modulestart001,git,WaypointList/0/LocalizedName,0,14817,Module Start Point,
mountaincemetery,git,Door List/0/Description,0,-1,Bloodstains and arcane markings cover the surface of this heavy stone door.,
mountaincemetery,git,Door List/0/LocName,0,5349,Bloodstained Door,
mountaincemetery,git,Door List/1/Description,0,-1,"Sturdy wooden planks, topped by iron bands, dissuade travelers from visiting the cemetery.",
mountaincemetery,git,Door List/1/LocName,0,5349,Cemetery Gate,
mountaincemetery,git,Door List/2/Description,0,-1,"An ominous tunnel bores its way into the bluff face, leading to some sort of cavern. High-pitched squeals and sounds of combat echo from within.",
mountaincemetery,git,Door List/2/LocName,0,5349,Cavern Entrance,
mountaincemetery,git,Encounter List/0/LocalizedName,0,-1,Kobolds,
mountaincemetery,git,Encounter List/1/LocalizedName,0,-1,Kobolds,
mountaincemetery,git,Encounter List/2/LocalizedName,0,-1,Kobolds,
mountaincemetery,git,Encounter List/3/LocalizedName,0,-1,Melee Kobolds,
mountaincemetery,git,List/0/DescIdentified,0,-1,"Marking the grave of some unknown warrior, this greataxe is slowly succumbing to rust.",
mountaincemetery,git,List/0/LocalizedName,0,515,Rusted Greataxe,
mountaincemetery,git,List/1/DescIdentified,0,-1,The vagaries of time have erased all memory of whose head this rusted gravemarker once adorned.,
mountaincemetery,git,List/1/LocalizedName,0,12850,Rusted Helm,
mountaincemetery,git,List/2/DescIdentified,0,-1,This rusted gravemarker appears to be suffering from years of exposure to the elements.,
mountaincemetery,git,List/2/LocalizedName,0,-1,Rusted Gravesword,
mountaincemetery,git,List/3/DescIdentified,0,-1,This rusted gravemarker appears to be suffering from years of exposure to the elements.,
mountaincemetery,git,List/3/LocalizedName,0,-1,Rusted Gravesword,
mountaincemetery,git,Placeable List/17/Description,0,14655,"Dwarven runes are chiseled rough and deep into the stone. A message in the common tongue has been engraved below them by a lighter hand:

""Gunter Blauhart, killed in the battle of Steinfaar's Folly.""",
mountaincemetery,git,Placeable List/59/Description,0,14535,"This hunched creature overlooks the grounds below. There is a hand-shaped indentation on its haunches, its palm deeply etched with an intricate design.",
mountaincemetery,git,Placeable List/59/LocName,0,14536,Fire Statue,
mountaincemetery,git,Placeable List/60/Description,0,14645,This small but well-rooted bush provides a reliable handhold for you to climb down to the rock below.,
mountaincemetery,git,Placeable List/60/LocName,0,5799,Handhold,
mountaincemetery,git,Placeable List/66/Description,0,14535,"This hunched creature overlooks the grounds below. There is a hand-shaped indentation on its haunches, its palm deeply etched with an intricate design.",
mountaincemetery,git,Placeable List/66/LocName,0,14536,Fire Statue,
mountaincemetery,git,Placeable List/67/Description,0,14535,"This hunched creature overlooks the grounds below. There is a hand-shaped indentation on its haunches, its palm deeply etched with an intricate design.",
mountaincemetery,git,Placeable List/67/LocName,0,14536,Fire Statue,
mountaincemetery,git,Placeable List/68/Description,0,14535,"This hunched creature overlooks the grounds below. There is a hand-shaped indentation on its haunches, its palm deeply etched with an intricate design.",
mountaincemetery,git,Placeable List/68/LocName,0,14536,Fire Statue,
mountaincemetery,git,Placeable List/69/Description,0,14535,"This hunched creature overlooks the grounds below. There is a hand-shaped indentation on its haunches, its palm deeply etched with an intricate design.",
mountaincemetery,git,Placeable List/69/LocName,0,14536,Fire Statue,
mountaincemetery,git,Placeable List/70/Description,0,14535,"This hunched creature overlooks the grounds below. There is a hand-shaped indentation on its haunches, its palm deeply etched with an intricate design.",
mountaincemetery,git,Placeable List/70/LocName,0,14536,Fire Statue,
mountaincemetery,git,Placeable List/71/Description,0,14535,"This hunched creature overlooks the grounds below. There is a hand-shaped indentation on its haunches, its palm deeply etched with an intricate design.",
mountaincemetery,git,Placeable List/71/LocName,0,14536,Fire Statue,
mountaincemetery,git,Placeable List/72/Description,0,14535,"This hunched creature overlooks the grounds below. There is a hand-shaped indentation on its haunches, its palm deeply etched with an intricate design.",
mountaincemetery,git,Placeable List/73/Description,0,14535,"This hunched creature overlooks the grounds below. There is a hand-shaped indentation on its haunches, its palm deeply etched with an intricate design.",
mountaincemetery,git,Placeable List/74/Description,0,14535,"This hunched creature overlooks the grounds below. There is a hand-shaped indentation on its haunches, its palm deeply etched with an intricate design.",
mountaincemetery,git,Placeable List/75/Description,0,14535,"This hunched creature overlooks the grounds below. There is a hand-shaped indentation on its haunches, its palm deeply etched with an intricate design.",
mountaincemetery,git,Placeable List/76/Description,0,14535,"This hunched creature overlooks the grounds below. There is a hand-shaped indentation on its haunches, its palm deeply etched with an intricate design.",
mountaincemetery,git,Placeable List/77/Description,0,14535,"This hunched creature overlooks the grounds below. There is a hand-shaped indentation on its haunches, its palm deeply etched with an intricate design.",
mountaincemetery,git,Placeable List/85/Description,0,-1,Place this object in any area where you want tracking to occur.  Set Will to the DC of tracking in this area.,
mountaincemetery,git,Placeable List/85/LocName,0,-1,Tracker,
mountaincemetery,git,Placeable List/88/Description,0,14535,"This hunched creature overlooks the grounds below. There is a hand-shaped indentation on its haunches, its palm deeply etched with an intricate design.",
mountaincemetery,git,Placeable List/89/Description,0,14570,"Moths flit about this strange birdcage, as if drawn to a light that isn't there. The cagetop is etched in a feathered pattern, the gathering snow giving it the look of angels' wings.",
mountaincemetery,git,Placeable List/89/LocName,0,14571,Strange Birdcage,
mountaincemetery,git,Placeable List/90/Description,0,14655,"A bas-relief scene depicts a battle upon the ramparts of an elven citadel. A lone elf, his head thrown back in laughter, holds off the attacking horde. The scene is described in graceful script below:

""Here lie the remains of Fennimore Aelde, last of the Gleeriders.""",
mountaincemetery,git,Placeable List/91/Description,0,14655,"A handprint, large and coarse, seems to have been pressed into the stone. A brief message is inscribed below:

""Travel on, Sojourner. Travel on...""",
mountaincemetery,git,Placeable List/92/Description,0,14655,"Much care and attention went into the carving of this stone. The images of fruits and harvests hearken to some distant land.

""Mother, if only I could bring you back... I pray they do not make you suffer.""",
mountaincemetery,git,Placeable List/93/Description,0,14655,"This headstone seems newly mounted, its text hastily chiseled. The words seem strange to you, as if you are somehow viewing them out of context.

""Come back to me, my love. This battle is not ended.""",
mountaincemetery,git,SoundList/0/LocName,0,-1,Waterfall Large,
mountaincemetery,git,SoundList/1/LocName,0,-1,Waterfall Large,
mountaincemetery,git,SoundList/10/LocName,0,-1,Grass Rustles,
mountaincemetery,git,SoundList/11/LocName,0,-1,Twig Snaps,
mountaincemetery,git,SoundList/12/LocName,0,-1,Grass Rustles,
mountaincemetery,git,SoundList/13/LocName,0,-1,Rock Crumbles Small,
mountaincemetery,git,SoundList/14/LocName,0,-1,Wind Gust Grass,
mountaincemetery,git,SoundList/15/LocName,0,-1,Flies Loop,
mountaincemetery,git,SoundList/16/LocName,0,-1,Owl Hoots,
mountaincemetery,git,SoundList/17/LocName,0,-1,Woodpecker Pecks,
mountaincemetery,git,SoundList/18/LocName,0,-1,Frog,
mountaincemetery,git,SoundList/19/LocName,0,-1,Rock Crumbles Small,
mountaincemetery,git,SoundList/2/LocName,0,-1,Torch Fire Medium,
mountaincemetery,git,SoundList/20/LocName,0,-1,Twig Snaps,
mountaincemetery,git,SoundList/21/LocName,0,-1,Twig Snaps,
mountaincemetery,git,SoundList/22/LocName,0,-1,Stream Medium-Soft,
mountaincemetery,git,SoundList/23/LocName,0,-1,Stream Medium-Soft,
mountaincemetery,git,SoundList/24/LocName,0,-1,Wererat Cave Grunts,
mountaincemetery,git,SoundList/25/LocName,0,-1,ww1_narrator159,
mountaincemetery,git,SoundList/26/LocName,0,-1,ww1_narrator160,
mountaincemetery,git,SoundList/27/LocName,0,-1,ww1_narrator187,
mountaincemetery,git,SoundList/28/LocName,0,-1,ww1_narrator188,
mountaincemetery,git,SoundList/29/LocName,0,-1,ww1_narrator190,
mountaincemetery,git,SoundList/3/LocName,0,-1,Crow Caws,
mountaincemetery,git,SoundList/4/LocName,0,-1,Rock Crumbles Small,
mountaincemetery,git,SoundList/5/LocName,0,-1,Rock Crumbles Small,
mountaincemetery,git,SoundList/6/LocName,0,-1,Twig Snaps,
mountaincemetery,git,SoundList/7/LocName,0,-1,Branch Snaps,
mountaincemetery,git,SoundList/8/LocName,0,-1,Grass Rustles,
mountaincemetery,git,SoundList/9/LocName,0,-1,Grass Rustles,
mountaincemetery,git,TriggerList/0/LocalizedName,0,14759,Message Trigger,
mountaincemetery,git,TriggerList/1/LocalizedName,0,14759,Cemetery Cliff Trigger,
mountaincemetery,git,TriggerList/2/LocalizedName,0,14759,Message Trigger,
mountaincemetery,git,TriggerList/3/LocalizedName,0,14760,To Mountain Pass,
mountaincemetery,git,TriggerList/4/LocalizedName,0,14759,Message Trigger,
mountaincemetery,git,TriggerList/5/LocalizedName,0,14759,Message Trigger,
mountaincemetery,git,TriggerList/6/LocalizedName,0,14759,Grave Swords Trigger,
mountaincemetery,git,TriggerList/7/LocalizedName,0,14759,Grave Axe Trigger,
mountaincemetery,git,TriggerList/8/LocalizedName,0,14759,Grave Helm Trigger,
mountaincemetery,git,WaypointList/0/LocalizedName,0,14817,To Mountain Pass,
mountaincemetery,git,WaypointList/0/MapNote,0,-1,To Mountain Pass,
mountaincemetery,git,WaypointList/1/LocalizedName,0,14814,To the Night Hag,
mountaincemetery,git,WaypointList/1/MapNote,0,14815,To the Night Hag,
mountaincemetery,git,WaypointList/2/LocalizedName,0,14817,Climb Bottom,
mountaincemetery,git,WaypointList/3/LocalizedName,0,14817,Climb Top,
mountaincemetery,git,WaypointList/3/MapNote,0,-1,Climbing Rock,
mountaincemetery,git,WaypointList/4/LocalizedName,0,14817,Levitation Target,
mountaincemetery,git,WaypointList/5/LocalizedName,0,14814,Cemetery Gate,
mountaincemetery,git,WaypointList/5/MapNote,0,14815,Cemetery Gate,
mountaincemetery,git,WaypointList/6/LocalizedName,0,14814,To the Northern Pass,
mountaincemetery,git,WaypointList/6/MapNote,0,14815,To the Northern Pass,
mountaincemetery,git,WaypointList/7/LocalizedName,0,14814,Cavern,
mountaincemetery,git,WaypointList/7/MapNote,0,14815,Cavern,
myrkwood,git,Creature List/0/FirstName,0,-1,Ethereal Leak Spawner,
myrkwood,git,Encounter List/0/LocalizedName,0,14515,Zombies,
myrkwood,git,Encounter List/1/LocalizedName,0,14515,Zombies,
myrkwood,git,Encounter List/2/LocalizedName,0,14515,Zombies,
myrkwood,git,Encounter List/3/LocalizedName,0,14515,Zombies,
myrkwood,git,Encounter List/4/LocalizedName,0,14515,Zombies,
myrkwood,git,Encounter List/5/LocalizedName,0,14515,Zombies,
myrkwood,git,Encounter List/6/LocalizedName,0,14515,Zombies,
myrkwood,git,Encounter List/7/LocalizedName,0,14515,Zombies,
myrkwood,git,Placeable List/2/Description,0,66888,A sad pile of humanoid bones lay on the ground.,슬픈 인간형 뼈 무더기가 땅에 놓여 있습니다.
myrkwood,git,Placeable List/2/ItemList/0/DescIdentified,0,-1,This key appears to have been crafted long ago. The metal is heavily tarnished but still free of rust.,
myrkwood,git,Placeable List/2/ItemList/0/LocalizedName,0,-1,Ancient Key,
myrkwood,git,Placeable List/2/LocName,0,52997,Bones,뼈
myrkwood,git,Placeable List/3/Description,0,-1,Place this object in any area where you want tracking to occur.  Set Will to the DC of tracking in this area.,
myrkwood,git,Placeable List/3/LocName,0,-1,Tracker,
myrkwood,git,SoundList/0/LocName,0,-1,Stream Medium-Soft,
myrkwood,git,SoundList/1/LocName,0,-1,Water Pool Small,
myrkwood,git,SoundList/10/LocName,0,-1,Branch Snaps,
myrkwood,git,SoundList/11/LocName,0,-1,Branch Snaps,
myrkwood,git,SoundList/12/LocName,0,-1,Branch Snaps,
myrkwood,git,SoundList/13/LocName,0,-1,Branch Snaps,
myrkwood,git,SoundList/14/LocName,0,-1,Branch Snaps,
myrkwood,git,SoundList/15/LocName,0,-1,Branch Snaps,
myrkwood,git,SoundList/16/LocName,0,-1,Branch Snaps,
myrkwood,git,SoundList/17/LocName,0,-1,Rock Crumbles Small,
myrkwood,git,SoundList/18/LocName,0,-1,Rock Crumbles Small,
myrkwood,git,SoundList/19/LocName,0,-1,Twig Snaps,
myrkwood,git,SoundList/2/LocName,0,-1,Entrance Very Scary,
myrkwood,git,SoundList/20/LocName,0,-1,Twig Snaps,
myrkwood,git,SoundList/21/LocName,0,-1,Twig Snaps,
myrkwood,git,SoundList/22/LocName,0,-1,Twig Snaps,
myrkwood,git,SoundList/23/LocName,0,-1,Twig Snaps,
myrkwood,git,SoundList/24/LocName,0,-1,Twig Snaps,
myrkwood,git,SoundList/25/LocName,0,-1,Twig Snaps,
myrkwood,git,SoundList/26/LocName,0,-1,Twig Snaps,
myrkwood,git,SoundList/27/LocName,0,-1,Ethereal Leak Loop,
myrkwood,git,SoundList/28/LocName,0,-1,Toads Loop,
myrkwood,git,SoundList/29/LocName,0,-1,Toads Loop,
myrkwood,git,SoundList/3/LocName,0,-1,Magical Forest Noises,
myrkwood,git,SoundList/30/LocName,0,-1,Toads Loop,
myrkwood,git,SoundList/4/LocName,0,-1,Zombie Moans,
myrkwood,git,SoundList/5/LocName,0,-1,Wood Beam Creaks,
myrkwood,git,SoundList/6/LocName,0,-1,Bird Scary Cries,
myrkwood,git,SoundList/7/LocName,0,-1,Crow Caws,
myrkwood,git,SoundList/8/LocName,0,-1,Owl Hoots,
myrkwood,git,SoundList/9/LocName,0,-1,Branch Snaps,
myrkwood,git,TriggerList/0/LocalizedName,0,14760,Myrkwood to Southern Pass,
myrkwood,git,TriggerList/1/LocalizedName,0,14760,Myrkwood to the Bridge,
myrkwood,git,TriggerList/2/LocalizedName,0,14759,Undead Repellent,
myrkwood,git,WaypointList/0/LocalizedName,0,14817,To Southern Pass,
myrkwood,git,WaypointList/0/MapNote,0,-1,To Southern Pass,
myrkwood,git,WaypointList/1/LocalizedName,0,14817,To the Bridge,
myrkwood,git,WaypointList/1/MapNote,0,-1,To Bridge,
myrkwood,git,WaypointList/2/LocalizedName,0,14817,Get Zombies Away From Leak,
myrkwood,git,WaypointList/3/LocalizedName,0,14814,To the Southern Pass,
myrkwood,git,WaypointList/3/MapNote,0,14815,To the Southern Pass,
myrkwood,git,WaypointList/4/LocalizedName,0,14814,Ruined Watchtower,
myrkwood,git,WaypointList/4/MapNote,0,14815,Ruined Watchtower,
myrkwood,git,WaypointList/5/LocalizedName,0,14814,To Brogan's Arm,
myrkwood,git,WaypointList/5/MapNote,0,14815,To Brogan's Arm,
oldmannimmermaer,git,Creature List/0/Description,0,-1,This old dwarf's leathery skin seems almost more blue than gray. He's missing his left arm and has stitched the sleeve closed at the shoulder.,
oldmannimmermaer,git,Creature List/0/Equip_ItemList/0/DescIdentified,0,-1,The left sleeve of this strange garment has been sewn shut as if intended for a one-armed man. ,
oldmannimmermaer,git,Creature List/0/Equip_ItemList/0/LocalizedName,0,-1,One-Armed Robes,
oldmannimmermaer,git,Creature List/0/Equip_ItemList/2/LocalizedName,0,-1,WW Subrace: Cairn Dwarf,
oldmannimmermaer,git,Creature List/0/FirstName,0,-1,Old Man Nimmermaer,
oldmannimmermaer,git,Creature List/0/ItemList/0/DescIdentified,0,13440,"Crafted with care, these murky waters will bolster the imbiber's chances against a wide assortment of diseases, ailments, poisons, and exposures.",
oldmannimmermaer,git,Creature List/0/ItemList/0/LocalizedName,0,13441,Potion of Resistance,
oldmannimmermaer,git,Door List/0/Description,0,-1,"Etched and oiled, the carvings on this door lend depth to its prominent woodgrain.",
oldmannimmermaer,git,Door List/0/LocName,0,5349,Carved Door,
oldmannimmermaer,git,Placeable List/0/Description,0,14646,This bizarre contraption whizzes and hums contentedly to itself. The floor around it is littered with bird droppings.,
oldmannimmermaer,git,Placeable List/0/LocName,0,14647,Infernal Contraption,
oldmannimmermaer,git,Placeable List/10/Description,0,14642,The torch paints its environs in warmer hues. You find yourself grateful for its glow. ,횃불이 주변을 따뜻하게 칠하고 있습니다. 당신은 그 불빛에 감사하는 자신을 발견합니다.
oldmannimmermaer,git,Placeable List/10/LocName,0,14643,Torch Bracket,횃불 걸이
oldmannimmermaer,git,Placeable List/11/Description,0,14642,The torch paints its environs in warmer hues. You find yourself grateful for its glow. ,횃불이 주변을 따뜻하게 칠하고 있습니다. 당신은 그 불빛에 감사하는 자신을 발견합니다.
oldmannimmermaer,git,Placeable List/11/LocName,0,14643,Torch Bracket,횃불 걸이
oldmannimmermaer,git,Placeable List/12/Description,0,14642,The torch paints its environs in warmer hues. You find yourself grateful for its glow. ,횃불이 주변을 따뜻하게 칠하고 있습니다. 당신은 그 불빛에 감사하는 자신을 발견합니다.
oldmannimmermaer,git,Placeable List/12/LocName,0,14643,Torch Bracket,횃불 걸이
oldmannimmermaer,git,Placeable List/3/Description,0,14589,"Thick tallow candles burn low upon their iron stand. Small mounds have formed on the floor below, where the fallen tallow has accumulated.",동물 기름으로 만든 두툼한 초가 철제 받침대 위에서 낮게 타오릅니다. 떨어진 촛농이 쌓여 아래쪽에는 작은 언덕을 형성하고 있습니다.
oldmannimmermaer,git,Placeable List/3/LocName,0,5703,Candelabra,가지달린 촛대
oldmannimmermaer,git,Placeable List/4/Description,0,14595,"Strange runes and pictographs, likely arcane in nature, have been scorched into the sides of this hide-covered strongbox.",자연의 비전 마법과도 같은 이상한 룬과 그림문자가 이 생가죽으로 덮인 금고의 옆면에 그을려 있습니다.
oldmannimmermaer,git,Placeable List/4/ItemList/0/DescIdentified,0,-1,"This leather bag oozes a strange alchemical goo which grows tough and resilient on exposure to air. You'd hate to be entangled in it if the bag were to rupture.

This is a grenade-like weapon. Target it at your enemies and beware of splash damage.",
oldmannimmermaer,git,Placeable List/4/ItemList/0/LocalizedName,0,-1,Tanglefoot Bag,
oldmannimmermaer,git,Placeable List/4/ItemList/1/DescIdentified,0,-1,"This manufactured lump of hardened alchemical substance creates a deafening bang when it strikes a hard surface.

This is a grenade-like weapon. Target it at your enemies and beware of splash damage.",
oldmannimmermaer,git,Placeable List/4/ItemList/1/LocalizedName,0,-1,Thunderstone,
oldmannimmermaer,git,Placeable List/4/ItemList/5/DescIdentified,0,-1,"Blessed by devout priests, this water is imbued with positive energy that is harmful to most forms of undead.

This is a grenade-like weapon. Target it at your enemies and beware of splash damage.",
oldmannimmermaer,git,Placeable List/4/ItemList/5/LocalizedName,0,-1,Holy Water,
oldmannimmermaer,git,Placeable List/4/ItemList/6/DescIdentified,0,-1,"Acid bubbles inside this heavy flask. 

This is a grenade-like weapon. Target it at your enemies and beware of splash damage.",
oldmannimmermaer,git,Placeable List/4/ItemList/6/LocalizedName,0,-1,Acid Flask,
oldmannimmermaer,git,Placeable List/4/ItemList/7/DescIdentified,0,-1,"Alchemist's Fire is a sticky, adhesive substance that ignites on contact with air.

This is a grenade-like weapon. Target it at your enemies and beware of splash damage.",
oldmannimmermaer,git,Placeable List/4/ItemList/7/LocalizedName,0,-1,Alchemist's Fire,
oldmannimmermaer,git,Placeable List/4/LocName,0,5348,Chest,궤짝
oldmannimmermaer,git,Placeable List/5/Description,0,14632,"A slender lever rises from the floor, apparently controlling the nearby contraption.",
oldmannimmermaer,git,Placeable List/5/LocName,0,14633,Lever to Infernal Contraption,
oldmannimmermaer,git,Placeable List/6/Description,0,14574,"The books lay piled atop each other with little in the way of rhyme or reason, as if someone was interrupted while in the process of returning them to their place.","누군가 책을 제자리에 돌려놓는 과정에서 방해라도 받은 듯이, 책들은 음절이나 이유와 관계없이 쌓여 있습니다."
oldmannimmermaer,git,Placeable List/6/LocName,0,5698,Book Piles,책 더미
oldmannimmermaer,git,Placeable List/7/Description,0,14539,"Incense smolders in a pot, filling the room with a pungent purple smoke.",
oldmannimmermaer,git,Placeable List/7/LocName,0,5685,Alchemist's Apparatus,연금술사의 기구
oldmannimmermaer,git,Placeable List/8/Description,0,14642,The torch paints its environs in warmer hues. You find yourself grateful for its glow. ,횃불이 주변을 따뜻하게 칠하고 있습니다. 당신은 그 불빛에 감사하는 자신을 발견합니다.
oldmannimmermaer,git,Placeable List/8/LocName,0,14643,Torch Bracket,횃불 걸이
oldmannimmermaer,git,SoundList/0/LocName,0,-1,Torch Fire Small,
oldmannimmermaer,git,SoundList/1/LocName,0,-1,Magic Bubbling Beaker,
oldmannimmermaer,git,SoundList/2/LocName,0,-1,Torch Fire Small,
oldmannimmermaer,git,SoundList/3/LocName,0,-1,Torch Fire Small,
oldmannimmermaer,git,SoundList/4/LocName,0,-1,Torch Fire Small,
oldmannimmermaer,git,SoundList/5/LocName,0,-1,Torch Fire Small,
oldmannimmermaer,git,StoreList/0/LocName,0,14807,Nimmermaer's Store,
oldmannimmermaer,git,StoreList/0/StoreList/0/ItemList/11/DescIdentified,0,-1,"There are various ranks and orders within the Brogan's Arm Guild Council, with each having their own garb and insignia. This fine garment probably indicates someone of fairly high rank.",
oldmannimmermaer,git,StoreList/0/StoreList/0/ItemList/11/LocalizedName,0,-1,Dwarven Council Robes,
oldmannimmermaer,git,StoreList/0/StoreList/2/ItemList/43/DescIdentified,0,13440,"Crafted with care, these murky waters will bolster the imbiber's chances against a wide assortment of diseases, ailments, poisons, and exposures.",
oldmannimmermaer,git,StoreList/0/StoreList/2/ItemList/43/LocalizedName,0,13441,Potion of Resistance,
oldmannimmermaer,git,StoreList/0/StoreList/3/ItemList/11/DescIdentified,0,14195,"Wearing of losing young students to the dangers of their newfound power, the great wizard Arkanion began crafting these wands for their protection.",
oldmannimmermaer,git,StoreList/0/StoreList/3/ItemList/11/LocalizedName,0,14196,Wand of Armor,
oldmannimmermaer,git,StoreList/0/StoreList/3/ItemList/9/DescIdentified,0,58591,"Wands of Sleep are among the most stable and least expensive of magical wands, making them quite popular with adventurers. Though not instruments of mass destruction, when properly applied a Wand of Sleep can prove to be a powerful weapon against unexpected encounters with orcs, goblins and their ilk. Many adventuring parties owe their lives to the anonymous mage who first fashioned this simple but highly effective item.","수면의 마법봉은 가장 안정적이고 저렴한 마법봉 중 하나로, 모험가들에게 인기가 많습니다. 대량 파괴 도구는 아니지만, 적절히 사용하면 오크, 고블린 같은 적과의 예상치 못한 조우에서 강력한 무기가 될 수 있습니다. 많은 모험단이 이 단순하지만 매우 효과적인 아이템을 처음 만든 무명의 마법사 덕분에 목숨을 구했습니다."
oldmannimmermaer,git,StoreList/0/StoreList/3/ItemList/9/LocalizedName,0,58592,Wand of Sleep,수면의 마법봉
oldmannimmermaer,git,StoreList/0/StoreList/4/ItemList/0/DescIdentified,0,-1,This bag holds a small collection of stone dice.,
oldmannimmermaer,git,StoreList/0/StoreList/4/ItemList/0/LocalizedName,0,-1,Dice Bag,
oldmannimmermaer,git,StoreList/0/StoreList/4/ItemList/1/DescIdentified,0,-1,"This is a standard, disposable torch. Its duration is limited so it is wise to stock up on them and save them until they're needed.",
oldmannimmermaer,git,StoreList/0/StoreList/4/ItemList/1/LocalizedName,0,-1,Torch,
oldmannimmermaer,git,WaypointList/0/LocalizedName,0,-1,Nimmermaer's Post,
oldmannimmermaer,git,WaypointList/0/MapNote,0,-1,Old Man Nimmermaer,
oldmannimmermaer,git,WaypointList/1/LocalizedName,0,14814,To Brogan's Arm,
oldmannimmermaer,git,WaypointList/1/MapNote,0,14815,To Brogan's Arm,
oldmannimmermaer,git,WaypointList/2/LocalizedName,0,14814,The Infernal Contraption,
oldmannimmermaer,git,WaypointList/2/MapNote,0,14815,The Infernal Contraption,
planeofsorrow2,git,Creature List/0/Description,0,-1,"Though it seems to harbor no ill intent towards you, this strange creature has taken a definite interest in your belongings.",
planeofsorrow2,git,Creature List/0/FirstName,0,-1,Ethereal Filcher,
planeofsorrow2,git,Creature List/1/Description,0,-1,"Though it seems to harbor no ill intent towards you, this strange creature has taken a definite interest in your belongings.",
planeofsorrow2,git,Creature List/1/FirstName,0,-1,Ethereal Filcher,
planeofsorrow2,git,Creature List/2/Description,0,-1,Long gashes run diagonally across this ghost's torso. His throat is a large and gaping wound.,
planeofsorrow2,git,Creature List/2/Equip_ItemList/0/DescIdentified,0,-1,"Crafted from fine dwarven leathers, this light armor is traditonally worn by respected herdkeepers. Its intent is not to protect the wearer in battle but to keep at bay the thorns and thistles of the wild and the occasional bite of an angered animal.",
planeofsorrow2,git,Creature List/2/Equip_ItemList/0/LocalizedName,0,-1,Herdkeeper's Garb,
planeofsorrow2,git,Creature List/2/Equip_ItemList/2/LocalizedName,0,-1,WW Subrace: Cairn Dwarf,
planeofsorrow2,git,Creature List/2/FirstName,0,-1,Johann,
planeofsorrow2,git,Creature List/2/LastName,0,-1,Huntersfeldt,
planeofsorrow2,git,Creature List/3/Description,0,12439,This proud Elkenbeast gazes around at its surroundings skittishly. Scorch marks rim a ragged hole in its gut and the smell of burnt flesh hangs thick about it.,
planeofsorrow2,git,Creature List/3/FirstName,0,12441,Ghostly Elkenbeast,
planeofsorrow2,git,Creature List/3/ItemList/0/DescIdentified,0,-1,This delicate hide is that of the northern elkenbeast. Their herds once dominated the northern mountains but hunting has reduced their numbers substantially.,
planeofsorrow2,git,Creature List/3/ItemList/0/LocalizedName,0,-1,Elkenbeast Hide,
planeofsorrow2,git,Creature List/4/Description,0,-1,"Though it seems to harbor no ill intent towards you, this strange creature has taken a definite interest in your belongings.",
planeofsorrow2,git,Creature List/4/FirstName,0,-1,Ethereal Filcher,
planeofsorrow2,git,Creature List/5/Description,0,12628,"The Night Hag's pale green face emerges from the mists, a welcome sight after the perils of the Barrier. She seems ageless here, neither old nor young, only weary from her efforts on your behalf.",
planeofsorrow2,git,Creature List/5/Equip_ItemList/0/LocalizedName,0,-1,Robes of the Night Hag,
planeofsorrow2,git,Creature List/5/FirstName,0,12629,Night Hag,
planeofsorrow2,git,Door List/0/Description,0,-1,Rust pocks the once-smooth surface of this metal-plated door.,
planeofsorrow2,git,Door List/0/LocName,0,5349,Metal Door,
planeofsorrow2,git,Door List/1/Description,0,-1,Rust pocks the once-smooth surface of this metal-plated door.,
planeofsorrow2,git,Door List/1/LocName,0,5349,Metal Door,
planeofsorrow2,git,Door List/2/Description,0,-1,"Decorated in ivy patterns, this ornate gate rises from a slot in the floor below.",
planeofsorrow2,git,Door List/2/LocName,0,5349,Wrought-Iron Gate,
planeofsorrow2,git,Door List/3/Description,0,-1,"Decorated in ivy patterns, this ornate gate rises from a slot in the floor below.",
planeofsorrow2,git,Door List/3/LocName,0,5349,Wrought-Iron Gate,
planeofsorrow2,git,Door List/4/Description,0,-1,"Decorated in ivy patterns, this ornate gate rises from a slot in the floor below.",
planeofsorrow2,git,Door List/4/LocName,0,5349,Wrought-Iron Gate,
planeofsorrow2,git,Door List/5/Description,0,-1,"Decorated in ivy patterns, this ornate gate rises from a slot in the floor below.",
planeofsorrow2,git,Door List/5/LocName,0,5349,Wrought-Iron Gate,
planeofsorrow2,git,Door List/6/Description,0,-1,"Decorated in ivy patterns, this ornate gate rises from a slot in the floor below.",
planeofsorrow2,git,Door List/6/LocName,0,5349,Wrought-Iron Gate,
planeofsorrow2,git,Placeable List/1/Description,0,14747,"Fed by the waters of the River Styx, far below, the Tree of Life bars the progress of all those who are no longer bonded to the Land of the Living.",
planeofsorrow2,git,Placeable List/1/LocName,0,5743,Tree of Life,
planeofsorrow2,git,Placeable List/10/LocName,0,64112,Filcher's Loot,
planeofsorrow2,git,Placeable List/100/LocName,0,64112,Filcher's Loot,
planeofsorrow2,git,Placeable List/101/LocName,0,64112,Filcher's Loot,
planeofsorrow2,git,Placeable List/102/LocName,0,64112,Filcher's Loot,
planeofsorrow2,git,Placeable List/103/LocName,0,64112,Filcher's Loot,
planeofsorrow2,git,Placeable List/104/LocName,0,64112,Filcher's Loot,
planeofsorrow2,git,Placeable List/105/LocName,0,64112,Filcher's Gold,
planeofsorrow2,git,Placeable List/106/LocName,0,64112,Filcher's Gold,
planeofsorrow2,git,Placeable List/107/LocName,0,64112,Filcher's Gold,
planeofsorrow2,git,Placeable List/108/LocName,0,64112,Filcher's Gold,
planeofsorrow2,git,Placeable List/109/LocName,0,64112,Filcher's Gold,
planeofsorrow2,git,Placeable List/11/LocName,0,64112,Filcher's Loot,
planeofsorrow2,git,Placeable List/110/LocName,0,64112,Filcher's Gold,
planeofsorrow2,git,Placeable List/111/LocName,0,64112,Filcher's Gold,
planeofsorrow2,git,Placeable List/112/LocName,0,64112,Filcher's Gold,
planeofsorrow2,git,Placeable List/113/LocName,0,64112,Filcher's Gold,
planeofsorrow2,git,Placeable List/114/LocName,0,64112,Filcher's Gold,
planeofsorrow2,git,Placeable List/115/LocName,0,64112,Filcher's Gold,
planeofsorrow2,git,Placeable List/116/LocName,0,64112,Filcher's Gold,
planeofsorrow2,git,Placeable List/117/LocName,0,64112,Filcher's Gold,
planeofsorrow2,git,Placeable List/118/LocName,0,64112,Filcher's Treasure,
planeofsorrow2,git,Placeable List/12/LocName,0,64112,Filcher's Crate,
planeofsorrow2,git,Placeable List/120/LocName,0,64112,Filcher's Gold,
planeofsorrow2,git,Placeable List/121/LocName,0,64112,Filcher's Loot,
planeofsorrow2,git,Placeable List/122/LocName,0,64112,Filcher's Loot,
planeofsorrow2,git,Placeable List/123/LocName,0,64112,Filcher's Loot,
planeofsorrow2,git,Placeable List/124/LocName,0,14633,Door Lever,
planeofsorrow2,git,Placeable List/125/LocName,0,14633,Door Lever,
planeofsorrow2,git,Placeable List/126/LocName,0,14633,Door Lever,
planeofsorrow2,git,Placeable List/127/LocName,0,14633,Door Lever,
planeofsorrow2,git,Placeable List/128/LocName,0,14633,Door Lever,
planeofsorrow2,git,Placeable List/13/LocName,0,64112,Filcher's Gold,
planeofsorrow2,git,Placeable List/14/LocName,0,64112,Filcher's Gold,
planeofsorrow2,git,Placeable List/15/LocName,0,64112,Filcher's Gold,
planeofsorrow2,git,Placeable List/16/LocName,0,64112,Filcher's Gold,
planeofsorrow2,git,Placeable List/17/LocName,0,64112,Filcher's Gold,
planeofsorrow2,git,Placeable List/18/LocName,0,64112,Filcher's Loot,
planeofsorrow2,git,Placeable List/19/LocName,0,64112,Filcher's Loot,
planeofsorrow2,git,Placeable List/2/LocName,0,64112,Filcher's Chest,
planeofsorrow2,git,Placeable List/20/LocName,0,64112,Filcher's Gold,
planeofsorrow2,git,Placeable List/21/LocName,0,64112,Filcher's Gold,
planeofsorrow2,git,Placeable List/22/LocName,0,64112,Filcher's Gold,
planeofsorrow2,git,Placeable List/23/LocName,0,64112,Filcher's Gold,
planeofsorrow2,git,Placeable List/24/LocName,0,64112,Filcher's Gold,
planeofsorrow2,git,Placeable List/25/LocName,0,64112,Filcher's Gold,
planeofsorrow2,git,Placeable List/26/LocName,0,64112,Filcher's Gold,
planeofsorrow2,git,Placeable List/27/LocName,0,64112,Filcher's Gold,
planeofsorrow2,git,Placeable List/28/LocName,0,64112,Filcher's Gold,
planeofsorrow2,git,Placeable List/29/LocName,0,64112,Filcher's Gold,
planeofsorrow2,git,Placeable List/3/LocName,0,64112,Filcher's Crate,
planeofsorrow2,git,Placeable List/30/LocName,0,64112,Filcher's Gold,
planeofsorrow2,git,Placeable List/31/LocName,0,64112,Filcher's Gold,
planeofsorrow2,git,Placeable List/32/LocName,0,64112,Filcher's Gold,
planeofsorrow2,git,Placeable List/33/LocName,0,64112,Filcher's Loot,
planeofsorrow2,git,Placeable List/34/LocName,0,64112,Filcher's Treasure,
planeofsorrow2,git,Placeable List/35/LocName,0,64112,Filcher's Chest,
planeofsorrow2,git,Placeable List/36/LocName,0,64112,Filcher's Chest,
planeofsorrow2,git,Placeable List/37/LocName,0,64112,Filcher's Crate,
planeofsorrow2,git,Placeable List/38/LocName,0,64112,Filcher's Loot,
planeofsorrow2,git,Placeable List/39/LocName,0,64112,Filcher's Loot,
planeofsorrow2,git,Placeable List/4/LocName,0,64112,Filcher's Loot,
planeofsorrow2,git,Placeable List/40/LocName,0,64112,Filcher's Loot,
planeofsorrow2,git,Placeable List/41/LocName,0,64112,Filcher's Gold,
planeofsorrow2,git,Placeable List/42/LocName,0,64112,Filcher's Gold,
planeofsorrow2,git,Placeable List/43/LocName,0,64112,Filcher's Gold,
planeofsorrow2,git,Placeable List/44/LocName,0,64112,Filcher's Gold,
planeofsorrow2,git,Placeable List/45/LocName,0,64112,Filcher's Gold,
planeofsorrow2,git,Placeable List/46/LocName,0,64112,Filcher's Loot,
planeofsorrow2,git,Placeable List/47/LocName,0,64112,Filcher's Loot,
planeofsorrow2,git,Placeable List/48/LocName,0,64112,Filcher's Loot,
planeofsorrow2,git,Placeable List/49/LocName,0,64112,Filcher's Gold,
planeofsorrow2,git,Placeable List/5/LocName,0,64112,Filcher's Loot,
planeofsorrow2,git,Placeable List/50/LocName,0,64112,Filcher's Gold,
planeofsorrow2,git,Placeable List/51/LocName,0,64112,Filcher's Gold,
planeofsorrow2,git,Placeable List/52/LocName,0,64112,Filcher's Gold,
planeofsorrow2,git,Placeable List/53/LocName,0,64112,Filcher's Gold,
planeofsorrow2,git,Placeable List/54/LocName,0,64112,Filcher's Gold,
planeofsorrow2,git,Placeable List/55/LocName,0,64112,Filcher's Gold,
planeofsorrow2,git,Placeable List/56/LocName,0,64112,Filcher's Gold,
planeofsorrow2,git,Placeable List/57/LocName,0,64112,Filcher's Gold,
planeofsorrow2,git,Placeable List/58/LocName,0,64112,Filcher's Loot,
planeofsorrow2,git,Placeable List/59/LocName,0,64112,Filcher's Loot,
planeofsorrow2,git,Placeable List/6/LocName,0,64112,Filcher's Gold,
planeofsorrow2,git,Placeable List/60/LocName,0,64112,Filcher's Loot,
planeofsorrow2,git,Placeable List/61/LocName,0,64112,Filcher's Loot,
planeofsorrow2,git,Placeable List/62/LocName,0,64112,Filcher's Gold,
planeofsorrow2,git,Placeable List/63/LocName,0,64112,Filcher's Gold,
planeofsorrow2,git,Placeable List/64/LocName,0,64112,Filcher's Treasure,
planeofsorrow2,git,Placeable List/66/LocName,0,64112,Filcher's Chest,
planeofsorrow2,git,Placeable List/67/LocName,0,64112,Filcher's Chest,
planeofsorrow2,git,Placeable List/68/LocName,0,64112,Filcher's Chest,
planeofsorrow2,git,Placeable List/69/LocName,0,64112,Filcher's Loot,
planeofsorrow2,git,Placeable List/7/LocName,0,64112,Filcher's Gold,
planeofsorrow2,git,Placeable List/70/LocName,0,64112,Filcher's Gold,
planeofsorrow2,git,Placeable List/71/LocName,0,64112,Filcher's Gold,
planeofsorrow2,git,Placeable List/72/LocName,0,64112,Filcher's Gold,
planeofsorrow2,git,Placeable List/73/LocName,0,64112,Filcher's Gold,
planeofsorrow2,git,Placeable List/74/LocName,0,64112,Filcher's Gold,
planeofsorrow2,git,Placeable List/75/LocName,0,64112,Filcher's Loot,
planeofsorrow2,git,Placeable List/76/LocName,0,64112,Filcher's Loot,
planeofsorrow2,git,Placeable List/77/LocName,0,64112,Filcher's Loot,
planeofsorrow2,git,Placeable List/78/LocName,0,64112,Filcher's Loot,
planeofsorrow2,git,Placeable List/79/LocName,0,64112,Filcher's Loot,
planeofsorrow2,git,Placeable List/8/LocName,0,64112,Filcher's Gold,
planeofsorrow2,git,Placeable List/80/LocName,0,64112,Filcher's Gold,
planeofsorrow2,git,Placeable List/81/LocName,0,64112,Filcher's Gold,
planeofsorrow2,git,Placeable List/82/LocName,0,64112,Filcher's Gold,
planeofsorrow2,git,Placeable List/83/LocName,0,64112,Filcher's Gold,
planeofsorrow2,git,Placeable List/84/LocName,0,64112,Filcher's Gold,
planeofsorrow2,git,Placeable List/85/LocName,0,64112,Filcher's Gold,
planeofsorrow2,git,Placeable List/86/LocName,0,64112,Filcher's Gold,
planeofsorrow2,git,Placeable List/87/LocName,0,64112,Filcher's Gold,
planeofsorrow2,git,Placeable List/88/LocName,0,64112,Filcher's Gold,
planeofsorrow2,git,Placeable List/89/LocName,0,64112,Filcher's Gold,
planeofsorrow2,git,Placeable List/9/LocName,0,64112,Filcher's Loot,
planeofsorrow2,git,Placeable List/90/LocName,0,64112,Filcher's Gold,
planeofsorrow2,git,Placeable List/91/LocName,0,64112,Filcher's Gold,
planeofsorrow2,git,Placeable List/92/LocName,0,64112,Filcher's Loot,
planeofsorrow2,git,Placeable List/93/LocName,0,64112,Filcher's Treasure,
planeofsorrow2,git,Placeable List/94/LocName,0,64112,Filcher's Crate,
planeofsorrow2,git,Placeable List/95/LocName,0,64112,Filcher's Crate,
planeofsorrow2,git,Placeable List/96/LocName,0,64112,Filcher's Crate,
planeofsorrow2,git,Placeable List/97/LocName,0,64112,Filcher's Loot,
planeofsorrow2,git,Placeable List/98/LocName,0,64112,Filcher's Loot,
planeofsorrow2,git,Placeable List/99/LocName,0,64112,Filcher's Loot,
planeofsorrow2,git,SoundList/0/LocName,0,-1,Torch Fire Small,
planeofsorrow2,git,SoundList/1/LocName,0,-1,Torch Fire Small,
planeofsorrow2,git,SoundList/10/LocName,0,-1,Torch Fire Small,
planeofsorrow2,git,SoundList/11/LocName,0,-1,Torch Fire Small,
planeofsorrow2,git,SoundList/12/LocName,0,-1,Torch Fire Small,
planeofsorrow2,git,SoundList/13/LocName,0,-1,Torch Fire Small,
planeofsorrow2,git,SoundList/14/LocName,0,-1,Torch Fire Small,
planeofsorrow2,git,SoundList/15/LocName,0,-1,Torch Fire Small,
planeofsorrow2,git,SoundList/16/LocName,0,-1,Torch Fire Small,
planeofsorrow2,git,SoundList/17/LocName,0,-1,Torch Fire Small,
planeofsorrow2,git,SoundList/18/LocName,0,-1,Torch Fire Small,
planeofsorrow2,git,SoundList/19/LocName,0,-1,Torch Fire Small,
planeofsorrow2,git,SoundList/2/LocName,0,-1,Torch Fire Small,
planeofsorrow2,git,SoundList/20/LocName,0,-1,Torch Fire Small,
planeofsorrow2,git,SoundList/21/LocName,0,-1,Torch Fire Small,
planeofsorrow2,git,SoundList/22/LocName,0,-1,Torch Fire Small,
planeofsorrow2,git,SoundList/23/LocName,0,-1,Torch Fire Small,
planeofsorrow2,git,SoundList/24/LocName,0,-1,Magic Portal Evil,
planeofsorrow2,git,SoundList/25/LocName,0,-1,Torch Fire Small,
planeofsorrow2,git,SoundList/26/LocName,0,-1,Torch Fire Small,
planeofsorrow2,git,SoundList/27/LocName,0,-1,Torch Fire Small,
planeofsorrow2,git,SoundList/28/LocName,0,-1,Torch Fire Small,
planeofsorrow2,git,SoundList/29/LocName,0,-1,Torch Fire Small,
planeofsorrow2,git,SoundList/3/LocName,0,-1,Torch Fire Small,
planeofsorrow2,git,SoundList/30/LocName,0,-1,Crypt Moans,
planeofsorrow2,git,SoundList/31/LocName,0,-1,Stream Cave Tunnel 3,
planeofsorrow2,git,SoundList/32/LocName,0,-1,Stream Cave Tunnel 3,
planeofsorrow2,git,SoundList/4/LocName,0,-1,Torch Fire Small,
planeofsorrow2,git,SoundList/5/LocName,0,-1,Torch Fire Small,
planeofsorrow2,git,SoundList/6/LocName,0,-1,Torch Fire Small,
planeofsorrow2,git,SoundList/7/LocName,0,-1,Torch Fire Small,
planeofsorrow2,git,SoundList/8/LocName,0,-1,Torch Fire Small,
planeofsorrow2,git,SoundList/9/LocName,0,-1,Torch Fire Small,
planeofsorrow2,git,TriggerList/0/LocalizedName,0,14759,Filcher Killer,
planeofsorrow2,git,TriggerList/1/LocalizedName,0,14759,Filcher Killer,
planeofsorrow2,git,TriggerList/10/LocalizedName,0,14759,Filchable Off,
planeofsorrow2,git,TriggerList/2/LocalizedName,0,14759,Filchable On,
planeofsorrow2,git,TriggerList/3/LocalizedName,0,14759,Filchable Off,
planeofsorrow2,git,TriggerList/4/LocalizedName,0,14759,Filchable On,
planeofsorrow2,git,TriggerList/5/LocalizedName,0,14759,Stygia Gate Closer,
planeofsorrow2,git,TriggerList/6/LocalizedName,0,14759,Stygia Gate Closer,
planeofsorrow2,git,TriggerList/7/LocalizedName,0,14759,Stygia Gate Closer,
planeofsorrow2,git,TriggerList/8/LocalizedName,0,14759,Stygia Gate Closer,
planeofsorrow2,git,TriggerList/9/LocalizedName,0,14759,Stygia Gate Closer,
planeofsorrow2,git,WaypointList/0/LocalizedName,0,14816,Tree of Life,
planeofsorrow2,git,WaypointList/1/LocalizedName,0,14816,Filcher Stash,
planeofsorrow2,git,WaypointList/2/LocalizedName,0,14816,Filcher Stash,
planeofsorrow2,git,WaypointList/3/LocalizedName,0,14816,Filcher Stash,
planeofsorrow2,git,WaypointList/4/LocalizedName,0,14816,Filcher Stash,
planeofsorrow2,git,WaypointList/5/LocalizedName,0,14816,Death Spawnpoint 1,
planeofsorrow2,git,WaypointList/5/MapNote,0,-1,The Isle of the Dead,
planeofsorrow2,git,WaypointList/6/LocalizedName,0,14814,The Tree of Life,
planeofsorrow2,git,WaypointList/6/MapNote,0,14815,The Tree of Life,
planeofsorrow2,git,WaypointList/7/LocalizedName,0,14814,The Barrier,
planeofsorrow2,git,WaypointList/7/MapNote,0,14815,The Barrier,
planeofsorrow2,git,WaypointList/8/LocalizedName,0,14814,The Night Hag,
planeofsorrow2,git,WaypointList/8/MapNote,0,14815,The Night Hag,
planeofsorrow3,git,Creature List/0/Description,0,-1,"Though it seems to harbor no ill intent towards you, this strange creature has taken a definite interest in your belongings.",
planeofsorrow3,git,Creature List/0/FirstName,0,-1,Ethereal Filcher,
planeofsorrow3,git,Creature List/1/Description,0,-1,"Though it seems to harbor no ill intent towards you, this strange creature has taken a definite interest in your belongings.",
planeofsorrow3,git,Creature List/1/FirstName,0,-1,Ethereal Filcher,
planeofsorrow3,git,Creature List/2/Description,0,-1,"Though it seems to harbor no ill intent towards you, this strange creature has taken a definite interest in your belongings.",
planeofsorrow3,git,Creature List/2/FirstName,0,-1,Ethereal Filcher,
planeofsorrow3,git,Creature List/3/Description,0,-1,Long gashes run diagonally across this ghost's torso. His throat is a large and gaping wound.,
planeofsorrow3,git,Creature List/3/Equip_ItemList/0/DescIdentified,0,-1,"Crafted from fine dwarven leathers, this light armor is traditonally worn by respected herdkeepers. Its intent is not to protect the wearer in battle but to keep at bay the thorns and thistles of the wild and the occasional bite of an angered animal.",
planeofsorrow3,git,Creature List/3/Equip_ItemList/0/LocalizedName,0,-1,Herdkeeper's Garb,
planeofsorrow3,git,Creature List/3/Equip_ItemList/2/LocalizedName,0,-1,WW Subrace: Cairn Dwarf,
planeofsorrow3,git,Creature List/3/FirstName,0,-1,Johann,
planeofsorrow3,git,Creature List/3/LastName,0,-1,Huntersfeldt,
planeofsorrow3,git,Creature List/4/Description,0,12439,This proud Elkenbeast gazes around at its surroundings skittishly. Scorch marks rim a ragged hole in its gut and the smell of burnt flesh hangs thick about it.,
planeofsorrow3,git,Creature List/4/FirstName,0,12441,Ghostly Elkenbeast,
planeofsorrow3,git,Creature List/4/ItemList/0/DescIdentified,0,-1,This delicate hide is that of the northern elkenbeast. Their herds once dominated the northern mountains but hunting has reduced their numbers substantially.,
planeofsorrow3,git,Creature List/4/ItemList/0/LocalizedName,0,-1,Elkenbeast Hide,
planeofsorrow3,git,Creature List/5/Description,0,-1,"Though it seems to harbor no ill intent towards you, this strange creature has taken a definite interest in your belongings.",
planeofsorrow3,git,Creature List/5/FirstName,0,-1,Ethereal Filcher,
planeofsorrow3,git,Creature List/6/Description,0,12628,"The Night Hag's pale green face emerges from the mists, a welcome sight after the perils of the Barrier. She seems ageless here, neither old nor young, only weary from her efforts on your behalf.",
planeofsorrow3,git,Creature List/6/Equip_ItemList/0/LocalizedName,0,-1,Robes of the Night Hag,
planeofsorrow3,git,Creature List/6/FirstName,0,12629,Night Hag,
planeofsorrow3,git,Door List/0/Description,0,-1,Rust pocks the once-smooth surface of this metal-plated door.,
planeofsorrow3,git,Door List/0/LocName,0,5349,Metal Door,
planeofsorrow3,git,Door List/1/Description,0,-1,Rust pocks the once-smooth surface of this metal-plated door.,
planeofsorrow3,git,Door List/1/LocName,0,5349,Metal Door,
planeofsorrow3,git,Door List/2/Description,0,-1,"Decorated in ivy patterns, this ornate gate rises from a slot in the floor below.",
planeofsorrow3,git,Door List/2/LocName,0,5349,Wrought-Iron Gate,
planeofsorrow3,git,Door List/3/Description,0,-1,"Decorated in ivy patterns, this ornate gate rises from a slot in the floor below.",
planeofsorrow3,git,Door List/3/LocName,0,5349,Wrought-Iron Gate,
planeofsorrow3,git,Door List/4/Description,0,-1,"Decorated in ivy patterns, this ornate gate rises from a slot in the floor below.",
planeofsorrow3,git,Door List/4/LocName,0,5349,Wrought-Iron Gate,
planeofsorrow3,git,Door List/5/Description,0,-1,"Decorated in ivy patterns, this ornate gate rises from a slot in the floor below.",
planeofsorrow3,git,Door List/5/LocName,0,5349,Wrought-Iron Gate,
planeofsorrow3,git,Door List/6/Description,0,-1,"Decorated in ivy patterns, this ornate gate rises from a slot in the floor below.",
planeofsorrow3,git,Door List/6/LocName,0,5349,Wrought-Iron Gate,
planeofsorrow3,git,Placeable List/1/Description,0,14747,"Fed by the waters of the River Styx, far below, the Tree of Life bars the progress of all those who are no longer bonded to the Land of the Living.",
planeofsorrow3,git,Placeable List/1/LocName,0,5743,Tree of Life,
planeofsorrow3,git,Placeable List/10/LocName,0,64112,Filcher's Loot,
planeofsorrow3,git,Placeable List/100/LocName,0,64112,Filcher's Loot,
planeofsorrow3,git,Placeable List/101/LocName,0,64112,Filcher's Loot,
planeofsorrow3,git,Placeable List/102/LocName,0,64112,Filcher's Loot,
planeofsorrow3,git,Placeable List/103/LocName,0,64112,Filcher's Loot,
planeofsorrow3,git,Placeable List/104/LocName,0,64112,Filcher's Loot,
planeofsorrow3,git,Placeable List/105/LocName,0,64112,Filcher's Gold,
planeofsorrow3,git,Placeable List/106/LocName,0,64112,Filcher's Gold,
planeofsorrow3,git,Placeable List/107/LocName,0,64112,Filcher's Gold,
planeofsorrow3,git,Placeable List/108/LocName,0,64112,Filcher's Gold,
planeofsorrow3,git,Placeable List/109/LocName,0,64112,Filcher's Gold,
planeofsorrow3,git,Placeable List/11/LocName,0,64112,Filcher's Loot,
planeofsorrow3,git,Placeable List/110/LocName,0,64112,Filcher's Gold,
planeofsorrow3,git,Placeable List/111/LocName,0,64112,Filcher's Gold,
planeofsorrow3,git,Placeable List/112/LocName,0,64112,Filcher's Gold,
planeofsorrow3,git,Placeable List/113/LocName,0,64112,Filcher's Gold,
planeofsorrow3,git,Placeable List/114/LocName,0,64112,Filcher's Gold,
planeofsorrow3,git,Placeable List/115/LocName,0,64112,Filcher's Gold,
planeofsorrow3,git,Placeable List/116/LocName,0,64112,Filcher's Gold,
planeofsorrow3,git,Placeable List/117/LocName,0,64112,Filcher's Gold,
planeofsorrow3,git,Placeable List/118/ItemList/0/DescIdentified,0,-1,"Alas, poor Yorick! I knew him, Horatio: a fellow of infinite jest, of most excellent fancy: he hath borne me on his back a thousand times; and now, how abhorred in my imagination it is! my gorge rims at it. Here hung those lips that I have kissed I know not how oft. Where be your gibes now? your gambols? your songs? your flashes of merriment, that were wont to set the table on a roar? Not one now, to mock your own grinning?",
planeofsorrow3,git,Placeable List/118/ItemList/0/LocalizedName,0,-1,Poor Yorick's Skull,
planeofsorrow3,git,Placeable List/118/LocName,0,64112,Filcher's Treasure,
planeofsorrow3,git,Placeable List/12/LocName,0,64112,Filcher's Crate,
planeofsorrow3,git,Placeable List/120/LocName,0,64112,Filcher's Gold,
planeofsorrow3,git,Placeable List/121/LocName,0,64112,Filcher's Loot,
planeofsorrow3,git,Placeable List/122/LocName,0,64112,Filcher's Loot,
planeofsorrow3,git,Placeable List/123/LocName,0,64112,Filcher's Loot,
planeofsorrow3,git,Placeable List/124/LocName,0,14633,Door Lever,
planeofsorrow3,git,Placeable List/125/LocName,0,14633,Door Lever,
planeofsorrow3,git,Placeable List/126/LocName,0,14633,Door Lever,
planeofsorrow3,git,Placeable List/127/LocName,0,14633,Door Lever,
planeofsorrow3,git,Placeable List/128/LocName,0,14633,Door Lever,
planeofsorrow3,git,Placeable List/13/LocName,0,64112,Filcher's Gold,
planeofsorrow3,git,Placeable List/14/LocName,0,64112,Filcher's Gold,
planeofsorrow3,git,Placeable List/15/LocName,0,64112,Filcher's Gold,
planeofsorrow3,git,Placeable List/16/LocName,0,64112,Filcher's Gold,
planeofsorrow3,git,Placeable List/17/LocName,0,64112,Filcher's Gold,
planeofsorrow3,git,Placeable List/18/LocName,0,64112,Filcher's Loot,
planeofsorrow3,git,Placeable List/19/LocName,0,64112,Filcher's Loot,
planeofsorrow3,git,Placeable List/2/LocName,0,64112,Filcher's Chest,
planeofsorrow3,git,Placeable List/20/LocName,0,64112,Filcher's Gold,
planeofsorrow3,git,Placeable List/21/LocName,0,64112,Filcher's Gold,
planeofsorrow3,git,Placeable List/22/LocName,0,64112,Filcher's Gold,
planeofsorrow3,git,Placeable List/23/LocName,0,64112,Filcher's Gold,
planeofsorrow3,git,Placeable List/24/LocName,0,64112,Filcher's Gold,
planeofsorrow3,git,Placeable List/25/LocName,0,64112,Filcher's Gold,
planeofsorrow3,git,Placeable List/26/LocName,0,64112,Filcher's Gold,
planeofsorrow3,git,Placeable List/27/LocName,0,64112,Filcher's Gold,
planeofsorrow3,git,Placeable List/28/LocName,0,64112,Filcher's Gold,
planeofsorrow3,git,Placeable List/29/LocName,0,64112,Filcher's Gold,
planeofsorrow3,git,Placeable List/3/LocName,0,64112,Filcher's Crate,
planeofsorrow3,git,Placeable List/30/LocName,0,64112,Filcher's Gold,
planeofsorrow3,git,Placeable List/31/LocName,0,64112,Filcher's Gold,
planeofsorrow3,git,Placeable List/32/LocName,0,64112,Filcher's Gold,
planeofsorrow3,git,Placeable List/33/LocName,0,64112,Filcher's Loot,
planeofsorrow3,git,Placeable List/34/LocName,0,64112,Filcher's Treasure,
planeofsorrow3,git,Placeable List/35/LocName,0,64112,Filcher's Chest,
planeofsorrow3,git,Placeable List/36/LocName,0,64112,Filcher's Chest,
planeofsorrow3,git,Placeable List/37/LocName,0,64112,Filcher's Crate,
planeofsorrow3,git,Placeable List/38/LocName,0,64112,Filcher's Loot,
planeofsorrow3,git,Placeable List/39/LocName,0,64112,Filcher's Loot,
planeofsorrow3,git,Placeable List/4/LocName,0,64112,Filcher's Loot,
planeofsorrow3,git,Placeable List/40/LocName,0,64112,Filcher's Loot,
planeofsorrow3,git,Placeable List/41/LocName,0,64112,Filcher's Gold,
planeofsorrow3,git,Placeable List/42/LocName,0,64112,Filcher's Gold,
planeofsorrow3,git,Placeable List/43/LocName,0,64112,Filcher's Gold,
planeofsorrow3,git,Placeable List/44/LocName,0,64112,Filcher's Gold,
planeofsorrow3,git,Placeable List/45/LocName,0,64112,Filcher's Gold,
planeofsorrow3,git,Placeable List/46/LocName,0,64112,Filcher's Loot,
planeofsorrow3,git,Placeable List/47/LocName,0,64112,Filcher's Loot,
planeofsorrow3,git,Placeable List/48/LocName,0,64112,Filcher's Loot,
planeofsorrow3,git,Placeable List/49/LocName,0,64112,Filcher's Gold,
planeofsorrow3,git,Placeable List/5/LocName,0,64112,Filcher's Loot,
planeofsorrow3,git,Placeable List/50/LocName,0,64112,Filcher's Gold,
planeofsorrow3,git,Placeable List/51/LocName,0,64112,Filcher's Gold,
planeofsorrow3,git,Placeable List/52/LocName,0,64112,Filcher's Gold,
planeofsorrow3,git,Placeable List/53/LocName,0,64112,Filcher's Gold,
planeofsorrow3,git,Placeable List/54/LocName,0,64112,Filcher's Gold,
planeofsorrow3,git,Placeable List/55/LocName,0,64112,Filcher's Gold,
planeofsorrow3,git,Placeable List/56/LocName,0,64112,Filcher's Gold,
planeofsorrow3,git,Placeable List/57/LocName,0,64112,Filcher's Gold,
planeofsorrow3,git,Placeable List/58/LocName,0,64112,Filcher's Loot,
planeofsorrow3,git,Placeable List/59/LocName,0,64112,Filcher's Loot,
planeofsorrow3,git,Placeable List/6/LocName,0,64112,Filcher's Gold,
planeofsorrow3,git,Placeable List/60/LocName,0,64112,Filcher's Loot,
planeofsorrow3,git,Placeable List/61/LocName,0,64112,Filcher's Loot,
planeofsorrow3,git,Placeable List/62/LocName,0,64112,Filcher's Gold,
planeofsorrow3,git,Placeable List/63/LocName,0,64112,Filcher's Gold,
planeofsorrow3,git,Placeable List/64/LocName,0,64112,Filcher's Treasure,
planeofsorrow3,git,Placeable List/66/LocName,0,64112,Filcher's Chest,
planeofsorrow3,git,Placeable List/67/LocName,0,64112,Filcher's Chest,
planeofsorrow3,git,Placeable List/68/LocName,0,64112,Filcher's Chest,
planeofsorrow3,git,Placeable List/69/LocName,0,64112,Filcher's Loot,
planeofsorrow3,git,Placeable List/7/LocName,0,64112,Filcher's Gold,
planeofsorrow3,git,Placeable List/70/LocName,0,64112,Filcher's Gold,
planeofsorrow3,git,Placeable List/71/LocName,0,64112,Filcher's Gold,
planeofsorrow3,git,Placeable List/72/LocName,0,64112,Filcher's Gold,
planeofsorrow3,git,Placeable List/73/LocName,0,64112,Filcher's Gold,
planeofsorrow3,git,Placeable List/74/LocName,0,64112,Filcher's Gold,
planeofsorrow3,git,Placeable List/75/LocName,0,64112,Filcher's Loot,
planeofsorrow3,git,Placeable List/76/LocName,0,64112,Filcher's Loot,
planeofsorrow3,git,Placeable List/77/LocName,0,64112,Filcher's Loot,
planeofsorrow3,git,Placeable List/78/LocName,0,64112,Filcher's Loot,
planeofsorrow3,git,Placeable List/79/LocName,0,64112,Filcher's Loot,
planeofsorrow3,git,Placeable List/8/LocName,0,64112,Filcher's Gold,
planeofsorrow3,git,Placeable List/80/LocName,0,64112,Filcher's Gold,
planeofsorrow3,git,Placeable List/81/LocName,0,64112,Filcher's Gold,
planeofsorrow3,git,Placeable List/82/LocName,0,64112,Filcher's Gold,
planeofsorrow3,git,Placeable List/83/LocName,0,64112,Filcher's Gold,
planeofsorrow3,git,Placeable List/84/LocName,0,64112,Filcher's Gold,
planeofsorrow3,git,Placeable List/85/LocName,0,64112,Filcher's Gold,
planeofsorrow3,git,Placeable List/86/LocName,0,64112,Filcher's Gold,
planeofsorrow3,git,Placeable List/87/LocName,0,64112,Filcher's Gold,
planeofsorrow3,git,Placeable List/88/LocName,0,64112,Filcher's Gold,
planeofsorrow3,git,Placeable List/89/LocName,0,64112,Filcher's Gold,
planeofsorrow3,git,Placeable List/9/LocName,0,64112,Filcher's Loot,
planeofsorrow3,git,Placeable List/90/LocName,0,64112,Filcher's Gold,
planeofsorrow3,git,Placeable List/91/LocName,0,64112,Filcher's Gold,
planeofsorrow3,git,Placeable List/92/LocName,0,64112,Filcher's Loot,
planeofsorrow3,git,Placeable List/93/LocName,0,64112,Filcher's Treasure,
planeofsorrow3,git,Placeable List/94/LocName,0,64112,Filcher's Crate,
planeofsorrow3,git,Placeable List/95/LocName,0,64112,Filcher's Crate,
planeofsorrow3,git,Placeable List/96/LocName,0,64112,Filcher's Crate,
planeofsorrow3,git,Placeable List/97/LocName,0,64112,Filcher's Loot,
planeofsorrow3,git,Placeable List/98/LocName,0,64112,Filcher's Loot,
planeofsorrow3,git,Placeable List/99/LocName,0,64112,Filcher's Loot,
planeofsorrow3,git,SoundList/0/LocName,0,-1,Torch Fire Small,
planeofsorrow3,git,SoundList/1/LocName,0,-1,Torch Fire Small,
planeofsorrow3,git,SoundList/10/LocName,0,-1,Torch Fire Small,
planeofsorrow3,git,SoundList/11/LocName,0,-1,Torch Fire Small,
planeofsorrow3,git,SoundList/12/LocName,0,-1,Torch Fire Small,
planeofsorrow3,git,SoundList/13/LocName,0,-1,Magic Portal Evil,
planeofsorrow3,git,SoundList/14/LocName,0,-1,Stream Cave Tunnel,
planeofsorrow3,git,SoundList/15/LocName,0,-1,Torch Fire Small,
planeofsorrow3,git,SoundList/16/LocName,0,-1,Torch Fire Small,
planeofsorrow3,git,SoundList/17/LocName,0,-1,Torch Fire Small,
planeofsorrow3,git,SoundList/18/LocName,0,-1,Torch Fire Small,
planeofsorrow3,git,SoundList/19/LocName,0,-1,Torch Fire Small,
planeofsorrow3,git,SoundList/2/LocName,0,-1,Torch Fire Small,
planeofsorrow3,git,SoundList/20/LocName,0,-1,Torch Fire Small,
planeofsorrow3,git,SoundList/21/LocName,0,-1,Torch Fire Small,
planeofsorrow3,git,SoundList/22/LocName,0,-1,Torch Fire Small,
planeofsorrow3,git,SoundList/23/LocName,0,-1,Torch Fire Small,
planeofsorrow3,git,SoundList/24/LocName,0,-1,Torch Fire Small,
planeofsorrow3,git,SoundList/25/LocName,0,-1,Torch Fire Small,
planeofsorrow3,git,SoundList/26/LocName,0,-1,Torch Fire Small,
planeofsorrow3,git,SoundList/27/LocName,0,-1,Torch Fire Small,
planeofsorrow3,git,SoundList/28/LocName,0,-1,Torch Fire Small,
planeofsorrow3,git,SoundList/29/LocName,0,-1,Torch Fire Small,
planeofsorrow3,git,SoundList/3/LocName,0,-1,Torch Fire Small,
planeofsorrow3,git,SoundList/30/LocName,0,-1,Torch Fire Small,
planeofsorrow3,git,SoundList/31/LocName,0,-1,Torch Fire Small,
planeofsorrow3,git,SoundList/32/LocName,0,-1,Torch Fire Small,
planeofsorrow3,git,SoundList/33/LocName,0,-1,Torch Fire Small,
planeofsorrow3,git,SoundList/34/LocName,0,-1,Torch Fire Small,
planeofsorrow3,git,SoundList/35/LocName,0,-1,Torch Fire Small,
planeofsorrow3,git,SoundList/36/LocName,0,-1,Stream Cave Tunnel 3,
planeofsorrow3,git,SoundList/37/LocName,0,-1,Crypt Moans,
planeofsorrow3,git,SoundList/4/LocName,0,-1,Torch Fire Small,
planeofsorrow3,git,SoundList/5/LocName,0,-1,Torch Fire Small,
planeofsorrow3,git,SoundList/6/LocName,0,-1,Torch Fire Small,
planeofsorrow3,git,SoundList/7/LocName,0,-1,Torch Fire Small,
planeofsorrow3,git,SoundList/8/LocName,0,-1,Torch Fire Small,
planeofsorrow3,git,SoundList/9/LocName,0,-1,Torch Fire Small,
planeofsorrow3,git,TriggerList/0/LocalizedName,0,14759,Filcher Killer,
planeofsorrow3,git,TriggerList/1/LocalizedName,0,14759,Filcher Killer,
planeofsorrow3,git,TriggerList/10/LocalizedName,0,14759,Filchable Off,
planeofsorrow3,git,TriggerList/2/LocalizedName,0,14759,Filchable On,
planeofsorrow3,git,TriggerList/3/LocalizedName,0,14759,Filchable Off,
planeofsorrow3,git,TriggerList/4/LocalizedName,0,14759,Filchable On,
planeofsorrow3,git,TriggerList/5/LocalizedName,0,14759,Stygia Gate Closer,
planeofsorrow3,git,TriggerList/6/LocalizedName,0,14759,Stygia Gate Closer,
planeofsorrow3,git,TriggerList/7/LocalizedName,0,14759,Stygia Gate Closer,
planeofsorrow3,git,TriggerList/8/LocalizedName,0,14759,Stygia Gate Closer,
planeofsorrow3,git,TriggerList/9/LocalizedName,0,14759,Stygia Gate Closer,
planeofsorrow3,git,WaypointList/0/LocalizedName,0,14816,Tree of Life,
planeofsorrow3,git,WaypointList/1/LocalizedName,0,14816,Filcher Stash,
planeofsorrow3,git,WaypointList/2/LocalizedName,0,14816,Filcher Stash,
planeofsorrow3,git,WaypointList/3/LocalizedName,0,14816,Filcher Stash,
planeofsorrow3,git,WaypointList/4/LocalizedName,0,14816,Filcher Stash,
planeofsorrow3,git,WaypointList/5/LocalizedName,0,14816,Death Spawnpoint 2,
planeofsorrow3,git,WaypointList/5/MapNote,0,-1,The Isle of the Dead,
planeofsorrow3,git,WaypointList/6/LocalizedName,0,14816,Death Spawnpoint 3,
planeofsorrow3,git,WaypointList/7/LocalizedName,0,14814,The Night Hag,
planeofsorrow3,git,WaypointList/7/MapNote,0,14815,The Night Hag,
planeofsorrow3,git,WaypointList/8/LocalizedName,0,14814,The Barrier,
planeofsorrow3,git,WaypointList/8/MapNote,0,14815,The Barrier,
planeofsorrow3,git,WaypointList/9/LocalizedName,0,14814,The Tree of Life,
planeofsorrow3,git,WaypointList/9/MapNote,0,14815,The Tree of Life,
planeofsorrows,git,Creature List/0/Description,0,-1,"Though it seems to harbor no ill intent towards you, this strange creature has taken a definite interest in your belongings.",
planeofsorrows,git,Creature List/0/FirstName,0,-1,Ethereal Filcher,
planeofsorrows,git,Creature List/1/Description,0,12439,This proud Elkenbeast gazes around at its surroundings skittishly. Scorch marks rim a ragged hole in its gut and the smell of burnt flesh hangs thick about it.,
planeofsorrows,git,Creature List/1/FirstName,0,12441,Ghostly Elkenbeast,
planeofsorrows,git,Creature List/1/ItemList/0/DescIdentified,0,-1,This delicate hide is that of the northern elkenbeast. Their herds once dominated the northern mountains but hunting has reduced their numbers substantially.,
planeofsorrows,git,Creature List/1/ItemList/0/LocalizedName,0,-1,Elkenbeast Hide,
planeofsorrows,git,Creature List/2/Description,0,-1,"Though it seems to harbor no ill intent towards you, this strange creature has taken a definite interest in your belongings.",
planeofsorrows,git,Creature List/2/FirstName,0,-1,Ethereal Filcher,
planeofsorrows,git,Creature List/3/Description,0,12628,"The Night Hag's pale green face emerges from the mists, a welcome sight after the perils of the Barrier. She seems ageless here, neither old nor young, only weary from her efforts on your behalf.",
planeofsorrows,git,Creature List/3/Equip_ItemList/0/LocalizedName,0,-1,Robes of the Night Hag,
planeofsorrows,git,Creature List/3/FirstName,0,12629,Night Hag,
planeofsorrows,git,Door List/0/Description,0,-1,Rust pocks the once-smooth surface of this metal-plated door.,
planeofsorrows,git,Door List/0/LocName,0,5349,Metal Door,
planeofsorrows,git,Door List/1/Description,0,-1,Rust pocks the once-smooth surface of this metal-plated door.,
planeofsorrows,git,Door List/1/LocName,0,5349,Metal Door,
planeofsorrows,git,Door List/2/Description,0,-1,"Decorated in ivy patterns, this ornate gate rises from a slot in the floor below.",
planeofsorrows,git,Door List/2/LocName,0,5349,Wrought-Iron Gate,
planeofsorrows,git,Door List/3/Description,0,-1,"Decorated in ivy patterns, this ornate gate rises from a slot in the floor below.",
planeofsorrows,git,Door List/3/LocName,0,5349,Wrought-Iron Gate,
planeofsorrows,git,Door List/4/Description,0,-1,"Decorated in ivy patterns, this ornate gate rises from a slot in the floor below.",
planeofsorrows,git,Door List/4/LocName,0,5349,Wrought-Iron Gate,
planeofsorrows,git,Door List/5/Description,0,-1,"Decorated in ivy patterns, this ornate gate rises from a slot in the floor below.",
planeofsorrows,git,Door List/5/LocName,0,5349,Wrought-Iron Gate,
planeofsorrows,git,Door List/6/Description,0,-1,"Decorated in ivy patterns, this ornate gate rises from a slot in the floor below.",
planeofsorrows,git,Door List/6/LocName,0,5349,Wrought-Iron Gate,
planeofsorrows,git,Placeable List/1/Description,0,14747,"Fed by the waters of the River Styx, far below, the Tree of Life bars the progress of all those who are no longer bonded to the Land of the Living.",
planeofsorrows,git,Placeable List/1/LocName,0,5743,Tree of Life,
planeofsorrows,git,Placeable List/10/LocName,0,64112,Filcher's Loot,
planeofsorrows,git,Placeable List/100/LocName,0,64112,Filcher's Loot,
planeofsorrows,git,Placeable List/101/LocName,0,64112,Filcher's Loot,
planeofsorrows,git,Placeable List/102/LocName,0,64112,Filcher's Loot,
planeofsorrows,git,Placeable List/103/LocName,0,64112,Filcher's Loot,
planeofsorrows,git,Placeable List/104/LocName,0,64112,Filcher's Loot,
planeofsorrows,git,Placeable List/105/LocName,0,64112,Filcher's Gold,
planeofsorrows,git,Placeable List/106/LocName,0,64112,Filcher's Gold,
planeofsorrows,git,Placeable List/107/LocName,0,64112,Filcher's Gold,
planeofsorrows,git,Placeable List/108/LocName,0,64112,Filcher's Gold,
planeofsorrows,git,Placeable List/109/LocName,0,64112,Filcher's Gold,
planeofsorrows,git,Placeable List/11/LocName,0,64112,Filcher's Loot,
planeofsorrows,git,Placeable List/110/LocName,0,64112,Filcher's Gold,
planeofsorrows,git,Placeable List/111/LocName,0,64112,Filcher's Gold,
planeofsorrows,git,Placeable List/112/LocName,0,64112,Filcher's Gold,
planeofsorrows,git,Placeable List/113/LocName,0,64112,Filcher's Gold,
planeofsorrows,git,Placeable List/114/LocName,0,64112,Filcher's Gold,
planeofsorrows,git,Placeable List/115/LocName,0,64112,Filcher's Gold,
planeofsorrows,git,Placeable List/116/LocName,0,64112,Filcher's Gold,
planeofsorrows,git,Placeable List/117/LocName,0,64112,Filcher's Gold,
planeofsorrows,git,Placeable List/118/LocName,0,64112,Filcher's Treasure,
planeofsorrows,git,Placeable List/12/LocName,0,64112,Filcher's Crate,
planeofsorrows,git,Placeable List/120/LocName,0,64112,Filcher's Gold,
planeofsorrows,git,Placeable List/121/LocName,0,64112,Filcher's Loot,
planeofsorrows,git,Placeable List/122/LocName,0,64112,Filcher's Loot,
planeofsorrows,git,Placeable List/123/LocName,0,64112,Filcher's Loot,
planeofsorrows,git,Placeable List/124/Description,0,14634,"A heavy lever protrudes out of the ground, controlling some unseen mechanism below.",땅 위로 무거운 레버가 솟아올라 아래 보이지 않는 기계 장치를 제어하고 있습니다.
planeofsorrows,git,Placeable List/124/LocName,0,14633,Door Lever,
planeofsorrows,git,Placeable List/125/Description,0,14634,"A heavy lever protrudes out of the ground, controlling some unseen mechanism below.",땅 위로 무거운 레버가 솟아올라 아래 보이지 않는 기계 장치를 제어하고 있습니다.
planeofsorrows,git,Placeable List/125/LocName,0,14633,Door Lever,
planeofsorrows,git,Placeable List/126/Description,0,14634,"A heavy lever protrudes out of the ground, controlling some unseen mechanism below.",땅 위로 무거운 레버가 솟아올라 아래 보이지 않는 기계 장치를 제어하고 있습니다.
planeofsorrows,git,Placeable List/126/LocName,0,14633,Door Lever,
planeofsorrows,git,Placeable List/127/Description,0,14634,"A heavy lever protrudes out of the ground, controlling some unseen mechanism below.",땅 위로 무거운 레버가 솟아올라 아래 보이지 않는 기계 장치를 제어하고 있습니다.
planeofsorrows,git,Placeable List/127/LocName,0,14633,Door Lever,
planeofsorrows,git,Placeable List/128/Description,0,14634,"A heavy lever protrudes out of the ground, controlling some unseen mechanism below.",땅 위로 무거운 레버가 솟아올라 아래 보이지 않는 기계 장치를 제어하고 있습니다.
planeofsorrows,git,Placeable List/128/LocName,0,14633,Door Lever,
planeofsorrows,git,Placeable List/13/LocName,0,64112,Filcher's Gold,
planeofsorrows,git,Placeable List/14/LocName,0,64112,Filcher's Gold,
planeofsorrows,git,Placeable List/15/LocName,0,64112,Filcher's Gold,
planeofsorrows,git,Placeable List/16/LocName,0,64112,Filcher's Gold,
planeofsorrows,git,Placeable List/17/LocName,0,64112,Filcher's Gold,
planeofsorrows,git,Placeable List/18/LocName,0,64112,Filcher's Loot,
planeofsorrows,git,Placeable List/19/LocName,0,64112,Filcher's Loot,
planeofsorrows,git,Placeable List/2/LocName,0,64112,Filcher's Chest,
planeofsorrows,git,Placeable List/20/LocName,0,64112,Filcher's Gold,
planeofsorrows,git,Placeable List/21/LocName,0,64112,Filcher's Gold,
planeofsorrows,git,Placeable List/22/LocName,0,64112,Filcher's Gold,
planeofsorrows,git,Placeable List/23/LocName,0,64112,Filcher's Gold,
planeofsorrows,git,Placeable List/24/LocName,0,64112,Filcher's Gold,
planeofsorrows,git,Placeable List/25/LocName,0,64112,Filcher's Gold,
planeofsorrows,git,Placeable List/26/LocName,0,64112,Filcher's Gold,
planeofsorrows,git,Placeable List/27/LocName,0,64112,Filcher's Gold,
planeofsorrows,git,Placeable List/28/LocName,0,64112,Filcher's Gold,
planeofsorrows,git,Placeable List/29/LocName,0,64112,Filcher's Gold,
planeofsorrows,git,Placeable List/3/LocName,0,64112,Filcher's Crate,
planeofsorrows,git,Placeable List/30/LocName,0,64112,Filcher's Gold,
planeofsorrows,git,Placeable List/31/LocName,0,64112,Filcher's Gold,
planeofsorrows,git,Placeable List/32/LocName,0,64112,Filcher's Gold,
planeofsorrows,git,Placeable List/33/LocName,0,64112,Filcher's Loot,
planeofsorrows,git,Placeable List/34/LocName,0,64112,Filcher's Treasure,
planeofsorrows,git,Placeable List/35/LocName,0,64112,Filcher's Chest,
planeofsorrows,git,Placeable List/36/LocName,0,64112,Filcher's Chest,
planeofsorrows,git,Placeable List/37/LocName,0,64112,Filcher's Crate,
planeofsorrows,git,Placeable List/38/LocName,0,64112,Filcher's Loot,
planeofsorrows,git,Placeable List/39/LocName,0,64112,Filcher's Loot,
planeofsorrows,git,Placeable List/4/LocName,0,64112,Filcher's Loot,
planeofsorrows,git,Placeable List/40/LocName,0,64112,Filcher's Loot,
planeofsorrows,git,Placeable List/41/LocName,0,64112,Filcher's Gold,
planeofsorrows,git,Placeable List/42/LocName,0,64112,Filcher's Gold,
planeofsorrows,git,Placeable List/43/LocName,0,64112,Filcher's Gold,
planeofsorrows,git,Placeable List/44/LocName,0,64112,Filcher's Gold,
planeofsorrows,git,Placeable List/45/LocName,0,64112,Filcher's Gold,
planeofsorrows,git,Placeable List/46/LocName,0,64112,Filcher's Loot,
planeofsorrows,git,Placeable List/47/LocName,0,64112,Filcher's Loot,
planeofsorrows,git,Placeable List/48/LocName,0,64112,Filcher's Loot,
planeofsorrows,git,Placeable List/49/LocName,0,64112,Filcher's Gold,
planeofsorrows,git,Placeable List/5/LocName,0,64112,Filcher's Loot,
planeofsorrows,git,Placeable List/50/LocName,0,64112,Filcher's Gold,
planeofsorrows,git,Placeable List/51/LocName,0,64112,Filcher's Gold,
planeofsorrows,git,Placeable List/52/LocName,0,64112,Filcher's Gold,
planeofsorrows,git,Placeable List/53/LocName,0,64112,Filcher's Gold,
planeofsorrows,git,Placeable List/54/LocName,0,64112,Filcher's Gold,
planeofsorrows,git,Placeable List/55/LocName,0,64112,Filcher's Gold,
planeofsorrows,git,Placeable List/56/LocName,0,64112,Filcher's Gold,
planeofsorrows,git,Placeable List/57/LocName,0,64112,Filcher's Gold,
planeofsorrows,git,Placeable List/58/LocName,0,64112,Filcher's Loot,
planeofsorrows,git,Placeable List/59/LocName,0,64112,Filcher's Loot,
planeofsorrows,git,Placeable List/6/LocName,0,64112,Filcher's Gold,
planeofsorrows,git,Placeable List/60/LocName,0,64112,Filcher's Loot,
planeofsorrows,git,Placeable List/61/LocName,0,64112,Filcher's Loot,
planeofsorrows,git,Placeable List/62/LocName,0,64112,Filcher's Gold,
planeofsorrows,git,Placeable List/63/LocName,0,64112,Filcher's Gold,
planeofsorrows,git,Placeable List/64/LocName,0,64112,Filcher's Treasure,
planeofsorrows,git,Placeable List/66/LocName,0,64112,Filcher's Chest,
planeofsorrows,git,Placeable List/67/LocName,0,64112,Filcher's Chest,
planeofsorrows,git,Placeable List/68/LocName,0,64112,Filcher's Chest,
planeofsorrows,git,Placeable List/69/LocName,0,64112,Filcher's Loot,
planeofsorrows,git,Placeable List/7/LocName,0,64112,Filcher's Gold,
planeofsorrows,git,Placeable List/70/LocName,0,64112,Filcher's Gold,
planeofsorrows,git,Placeable List/71/LocName,0,64112,Filcher's Gold,
planeofsorrows,git,Placeable List/72/LocName,0,64112,Filcher's Gold,
planeofsorrows,git,Placeable List/73/LocName,0,64112,Filcher's Gold,
planeofsorrows,git,Placeable List/74/LocName,0,64112,Filcher's Gold,
planeofsorrows,git,Placeable List/75/LocName,0,64112,Filcher's Loot,
planeofsorrows,git,Placeable List/76/LocName,0,64112,Filcher's Loot,
planeofsorrows,git,Placeable List/77/LocName,0,64112,Filcher's Loot,
planeofsorrows,git,Placeable List/78/LocName,0,64112,Filcher's Loot,
planeofsorrows,git,Placeable List/79/LocName,0,64112,Filcher's Loot,
planeofsorrows,git,Placeable List/8/LocName,0,64112,Filcher's Gold,
planeofsorrows,git,Placeable List/80/LocName,0,64112,Filcher's Gold,
planeofsorrows,git,Placeable List/81/LocName,0,64112,Filcher's Gold,
planeofsorrows,git,Placeable List/82/LocName,0,64112,Filcher's Gold,
planeofsorrows,git,Placeable List/83/LocName,0,64112,Filcher's Gold,
planeofsorrows,git,Placeable List/84/LocName,0,64112,Filcher's Gold,
planeofsorrows,git,Placeable List/85/LocName,0,64112,Filcher's Gold,
planeofsorrows,git,Placeable List/86/LocName,0,64112,Filcher's Gold,
planeofsorrows,git,Placeable List/87/LocName,0,64112,Filcher's Gold,
planeofsorrows,git,Placeable List/88/LocName,0,64112,Filcher's Gold,
planeofsorrows,git,Placeable List/89/LocName,0,64112,Filcher's Gold,
planeofsorrows,git,Placeable List/9/LocName,0,64112,Filcher's Loot,
planeofsorrows,git,Placeable List/90/LocName,0,64112,Filcher's Gold,
planeofsorrows,git,Placeable List/91/LocName,0,64112,Filcher's Gold,
planeofsorrows,git,Placeable List/92/LocName,0,64112,Filcher's Loot,
planeofsorrows,git,Placeable List/93/LocName,0,64112,Filcher's Treasure,
planeofsorrows,git,Placeable List/94/LocName,0,64112,Filcher's Crate,
planeofsorrows,git,Placeable List/95/LocName,0,64112,Filcher's Crate,
planeofsorrows,git,Placeable List/96/LocName,0,64112,Filcher's Crate,
planeofsorrows,git,Placeable List/97/LocName,0,64112,Filcher's Loot,
planeofsorrows,git,Placeable List/98/LocName,0,64112,Filcher's Loot,
planeofsorrows,git,Placeable List/99/LocName,0,64112,Filcher's Loot,
planeofsorrows,git,SoundList/0/LocName,0,-1,Torch Fire Small,
planeofsorrows,git,SoundList/1/LocName,0,-1,Torch Fire Small,
planeofsorrows,git,SoundList/10/LocName,0,-1,Magic Portal Evil,
planeofsorrows,git,SoundList/11/LocName,0,-1,Torch Fire Small,
planeofsorrows,git,SoundList/12/LocName,0,-1,Torch Fire Small,
planeofsorrows,git,SoundList/13/LocName,0,-1,Torch Fire Small,
planeofsorrows,git,SoundList/14/LocName,0,-1,Torch Fire Small,
planeofsorrows,git,SoundList/15/LocName,0,-1,Torch Fire Small,
planeofsorrows,git,SoundList/16/LocName,0,-1,Torch Fire Small,
planeofsorrows,git,SoundList/17/LocName,0,-1,Torch Fire Small,
planeofsorrows,git,SoundList/18/LocName,0,-1,Torch Fire Small,
planeofsorrows,git,SoundList/19/LocName,0,-1,Torch Fire Small,
planeofsorrows,git,SoundList/2/LocName,0,-1,Torch Fire Small,
planeofsorrows,git,SoundList/20/LocName,0,-1,Torch Fire Small,
planeofsorrows,git,SoundList/21/LocName,0,-1,Torch Fire Small,
planeofsorrows,git,SoundList/22/LocName,0,-1,Stream Cave Tunnel 3,
planeofsorrows,git,SoundList/23/LocName,0,-1,Stream Cave Tunnel 3,
planeofsorrows,git,SoundList/24/LocName,0,-1,Crypt Moans,
planeofsorrows,git,SoundList/3/LocName,0,-1,Torch Fire Small,
planeofsorrows,git,SoundList/4/LocName,0,-1,Torch Fire Small,
planeofsorrows,git,SoundList/5/LocName,0,-1,Torch Fire Small,
planeofsorrows,git,SoundList/6/LocName,0,-1,Torch Fire Small,
planeofsorrows,git,SoundList/7/LocName,0,-1,Torch Fire Small,
planeofsorrows,git,SoundList/8/LocName,0,-1,Torch Fire Small,
planeofsorrows,git,SoundList/9/LocName,0,-1,Torch Fire Small,
planeofsorrows,git,TriggerList/0/LocalizedName,0,14759,Filcher Killer,
planeofsorrows,git,TriggerList/1/LocalizedName,0,14759,Filcher Killer,
planeofsorrows,git,TriggerList/10/LocalizedName,0,14759,Filchable Off,
planeofsorrows,git,TriggerList/2/LocalizedName,0,14759,Filchable On,
planeofsorrows,git,TriggerList/3/LocalizedName,0,14759,Filchable Off,
planeofsorrows,git,TriggerList/4/LocalizedName,0,14759,Filchable On,
planeofsorrows,git,TriggerList/5/LocalizedName,0,14759,Stygia Gate Closer,
planeofsorrows,git,TriggerList/6/LocalizedName,0,14759,Stygia Gate Closer,
planeofsorrows,git,TriggerList/7/LocalizedName,0,14759,Stygia Gate Closer,
planeofsorrows,git,TriggerList/8/LocalizedName,0,14759,Stygia Gate Closer,
planeofsorrows,git,TriggerList/9/LocalizedName,0,14759,Stygia Gate Closer,
planeofsorrows,git,WaypointList/0/LocalizedName,0,14816,Death Spawnpoint 0,
planeofsorrows,git,WaypointList/0/MapNote,0,-1,The Isle of the Dead,
planeofsorrows,git,WaypointList/1/LocalizedName,0,14816,Tree of Life,
planeofsorrows,git,WaypointList/2/LocalizedName,0,14816,Filcher Stash,
planeofsorrows,git,WaypointList/3/LocalizedName,0,14816,Filcher Stash,
planeofsorrows,git,WaypointList/4/LocalizedName,0,14816,Filcher Stash,
planeofsorrows,git,WaypointList/5/LocalizedName,0,14816,Filcher Stash,
planeofsorrows,git,WaypointList/6/LocalizedName,0,14814,The Night Hag,
planeofsorrows,git,WaypointList/6/MapNote,0,14815,The Night Hag,
planeofsorrows,git,WaypointList/7/LocalizedName,0,14814,The Barrier,
planeofsorrows,git,WaypointList/7/MapNote,0,14815,The Barrier,
planeofsorrows,git,WaypointList/8/LocalizedName,0,14814,The Tree of Life,
planeofsorrows,git,WaypointList/8/MapNote,0,14815,The Tree of Life,
playerawakes001,git,Creature List/0/Equip_ItemList/0/DescIdentified,0,-1,"Worn by men and women in the King's service, this armor is intended for both battle and ceremonial use.",
playerawakes001,git,Creature List/0/Equip_ItemList/0/LocalizedName,0,-1,Studded King's Armor,
playerawakes001,git,Creature List/0/Equip_ItemList/2/LocalizedName,0,1519,Bolt,쇠뇌화살
playerawakes001,git,Creature List/0/FirstName,0,-1,Corpse,
playerawakes001,git,Creature List/1/Equip_ItemList/0/DescIdentified,0,-1,"Worn by men and women in the King's service, this armor is intended for both battle and ceremonial use.",
playerawakes001,git,Creature List/1/Equip_ItemList/0/LocalizedName,0,-1,King's Marching Plate,
playerawakes001,git,Creature List/1/FirstName,0,-1,Corpse,
playerawakes001,git,Creature List/10/Equip_ItemList/0/DescIdentified,0,-1,"Worn by men and women in the King's service, this armor is intended for both battle and ceremonial use.",
playerawakes001,git,Creature List/10/Equip_ItemList/0/LocalizedName,0,-1,King's Cuirass,
playerawakes001,git,Creature List/10/FirstName,0,-1,Corpse,
playerawakes001,git,Creature List/11/Equip_ItemList/0/DescIdentified,0,-1,"Worn by men and women in the King's service, this armor is intended for both battle and ceremonial use.",
playerawakes001,git,Creature List/11/Equip_ItemList/0/LocalizedName,0,-1,King's Marching Plate,
playerawakes001,git,Creature List/11/Equip_ItemList/1/LocalizedName,0,1522,Club,곤봉
playerawakes001,git,Creature List/11/FirstName,0,-1,Corpse,
playerawakes001,git,Creature List/12/Equip_ItemList/0/DescIdentified,0,-1,"Worn by men and women in the King's service, this armor is intended for both battle and ceremonial use.",
playerawakes001,git,Creature List/12/Equip_ItemList/0/LocalizedName,0,-1,Studded King's Armor,
playerawakes001,git,Creature List/12/FirstName,0,-1,Corpse,
playerawakes001,git,Creature List/13/Equip_ItemList/0/DescIdentified,0,-1,"Worn by men and women in the King's service, this armor is intended for both battle and ceremonial use.",
playerawakes001,git,Creature List/13/Equip_ItemList/0/LocalizedName,0,-1,King's Cuirass,
playerawakes001,git,Creature List/13/FirstName,0,-1,Corpse,
playerawakes001,git,Creature List/14/Equip_ItemList/0/DescIdentified,0,-1,"Worn by men and women in the King's service, this armor is intended for both battle and ceremonial use.",
playerawakes001,git,Creature List/14/Equip_ItemList/0/LocalizedName,0,-1,King's Scale,
playerawakes001,git,Creature List/14/FirstName,0,-1,Corpse,
playerawakes001,git,Creature List/14/ItemList/0/DescIdentified,0,-1,"This is a standard, disposable torch. Its duration is limited so it is wise to stock up on them and save them until they're needed.",
playerawakes001,git,Creature List/14/ItemList/0/LocalizedName,0,-1,Torch,
playerawakes001,git,Creature List/15/Equip_ItemList/0/DescIdentified,0,-1,"Worn by men and women in the King's service, this armor is intended for both battle and ceremonial use.",
playerawakes001,git,Creature List/15/Equip_ItemList/0/LocalizedName,0,-1,King's Cuirass,
playerawakes001,git,Creature List/15/FirstName,0,-1,Corpse,
playerawakes001,git,Creature List/16/Equip_ItemList/0/DescIdentified,0,-1,"Worn by men and women in the King's service, this armor is intended for both battle and ceremonial use.",
playerawakes001,git,Creature List/16/Equip_ItemList/0/LocalizedName,0,-1,King's Leather,
playerawakes001,git,Creature List/16/FirstName,0,-1,Corpse,
playerawakes001,git,Creature List/17/Equip_ItemList/0/DescIdentified,0,-1,"Worn by men and women in the King's service, this armor is intended for both battle and ceremonial use.",
playerawakes001,git,Creature List/17/Equip_ItemList/0/LocalizedName,0,-1,King's Cuirass,
playerawakes001,git,Creature List/17/FirstName,0,-1,Corpse,
playerawakes001,git,Creature List/18/Equip_ItemList/0/DescIdentified,0,-1,"Worn by men and women in the King's service, these robes are intended for both battle and ceremonial use.",
playerawakes001,git,Creature List/18/Equip_ItemList/0/LocalizedName,0,-1,King's Robes,
playerawakes001,git,Creature List/18/FirstName,0,-1,Corpse,
playerawakes001,git,Creature List/19/Equip_ItemList/0/DescIdentified,0,-1,"Worn by men and women in the King's service, this armor is intended for both battle and ceremonial use.",
playerawakes001,git,Creature List/19/Equip_ItemList/0/LocalizedName,0,-1,Studded King's Armor,
playerawakes001,git,Creature List/19/FirstName,0,-1,Corpse,
playerawakes001,git,Creature List/2/Equip_ItemList/0/DescIdentified,0,-1,"Worn by men and women in the King's service, this armor is intended for both battle and ceremonial use.",
playerawakes001,git,Creature List/2/Equip_ItemList/0/LocalizedName,0,-1,King's Splint,
playerawakes001,git,Creature List/2/FirstName,0,-1,Corpse,
playerawakes001,git,Creature List/20/Equip_ItemList/0/DescIdentified,0,-1,"Worn by men and women in the King's service, this armor is intended for both battle and ceremonial use.",
playerawakes001,git,Creature List/20/Equip_ItemList/0/LocalizedName,0,-1,King's Scale,
playerawakes001,git,Creature List/20/FirstName,0,-1,Corpse,
playerawakes001,git,Creature List/21/Equip_ItemList/0/DescIdentified,0,-1,"Worn by men and women in the King's service, this armor is intended for both battle and ceremonial use.",
playerawakes001,git,Creature List/21/Equip_ItemList/0/LocalizedName,0,-1,King's Splint,
playerawakes001,git,Creature List/21/FirstName,0,-1,Corpse,
playerawakes001,git,Creature List/22/Equip_ItemList/0/DescIdentified,0,-1,"Worn by men and women in the King's service, this armor is intended for both battle and ceremonial use.",
playerawakes001,git,Creature List/22/Equip_ItemList/0/LocalizedName,0,-1,King's Cuirass,
playerawakes001,git,Creature List/22/FirstName,0,-1,Corpse,
playerawakes001,git,Creature List/23/Equip_ItemList/0/DescIdentified,0,-1,"Worn by men and women in the King's service, this armor is intended for both battle and ceremonial use.",
playerawakes001,git,Creature List/23/Equip_ItemList/0/LocalizedName,0,-1,King's Scale,
playerawakes001,git,Creature List/23/FirstName,0,-1,Corpse,
playerawakes001,git,Creature List/24/Equip_ItemList/0/DescIdentified,0,-1,"Worn by men and women in the King's service, these robes are intended for both battle and ceremonial use.",
playerawakes001,git,Creature List/24/Equip_ItemList/0/LocalizedName,0,-1,King's Robes,
playerawakes001,git,Creature List/24/FirstName,0,-1,Corpse,
playerawakes001,git,Creature List/25/Equip_ItemList/0/DescIdentified,0,-1,"Worn by men and women in the King's service, this armor is intended for both battle and ceremonial use.",
playerawakes001,git,Creature List/25/Equip_ItemList/0/LocalizedName,0,-1,King's Leather,
playerawakes001,git,Creature List/25/Equip_ItemList/2/LocalizedName,0,1521,Bullet,탄환
playerawakes001,git,Creature List/25/FirstName,0,-1,Corpse,
playerawakes001,git,Creature List/26/Equip_ItemList/0/DescIdentified,0,-1,"Worn by men and women in the King's service, this armor is intended for both battle and ceremonial use.",
playerawakes001,git,Creature List/26/Equip_ItemList/0/LocalizedName,0,-1,King's Scale,
playerawakes001,git,Creature List/26/FirstName,0,-1,Corpse,
playerawakes001,git,Creature List/27/Equip_ItemList/0/DescIdentified,0,-1,"Worn by men and women in the King's service, these robes are intended for both battle and ceremonial use.",
playerawakes001,git,Creature List/27/Equip_ItemList/0/LocalizedName,0,-1,King's Robes,
playerawakes001,git,Creature List/27/FirstName,0,-1,Corpse,
playerawakes001,git,Creature List/28/Equip_ItemList/0/DescIdentified,0,-1,"Worn by men and women in the King's service, this armor is intended for both battle and ceremonial use.",
playerawakes001,git,Creature List/28/Equip_ItemList/0/LocalizedName,0,-1,King's Splint,
playerawakes001,git,Creature List/28/FirstName,0,-1,Corpse,
playerawakes001,git,Creature List/29/Equip_ItemList/0/DescIdentified,0,-1,"Worn by men and women in the King's service, this armor is intended for both battle and ceremonial use.",
playerawakes001,git,Creature List/29/Equip_ItemList/0/LocalizedName,0,-1,King's Leather,
playerawakes001,git,Creature List/29/FirstName,0,-1,Corpse,
playerawakes001,git,Creature List/3/Equip_ItemList/0/DescIdentified,0,-1,"Worn by men and women in the King's service, this armor is intended for both battle and ceremonial use.",
playerawakes001,git,Creature List/3/Equip_ItemList/0/LocalizedName,0,-1,King's Leather,
playerawakes001,git,Creature List/3/FirstName,0,-1,Corpse,
playerawakes001,git,Creature List/30/Equip_ItemList/0/DescIdentified,0,-1,"Worn by men and women in the King's service, these robes are intended for both battle and ceremonial use.",
playerawakes001,git,Creature List/30/Equip_ItemList/0/LocalizedName,0,-1,King's Robes,
playerawakes001,git,Creature List/30/FirstName,0,-1,Corpse,
playerawakes001,git,Creature List/31/Equip_ItemList/0/DescIdentified,0,-1,"Worn by men and women in the King's service, this armor is intended for both battle and ceremonial use.",
playerawakes001,git,Creature List/31/Equip_ItemList/0/LocalizedName,0,-1,King's Scale,
playerawakes001,git,Creature List/31/FirstName,0,-1,Corpse,
playerawakes001,git,Creature List/32/Equip_ItemList/0/DescIdentified,0,-1,"Worn by men and women in the King's service, this armor is intended for both battle and ceremonial use.",
playerawakes001,git,Creature List/32/Equip_ItemList/0/LocalizedName,0,-1,Studded King's Armor,
playerawakes001,git,Creature List/32/FirstName,0,-1,Corpse,
playerawakes001,git,Creature List/33/Equip_ItemList/0/DescIdentified,0,-1,"Worn by men and women in the King's service, these robes are intended for both battle and ceremonial use.",
playerawakes001,git,Creature List/33/Equip_ItemList/0/LocalizedName,0,-1,King's Robes,
playerawakes001,git,Creature List/33/FirstName,0,-1,Corpse,
playerawakes001,git,Creature List/34/Equip_ItemList/0/DescIdentified,0,-1,"Worn by men and women in the King's service, this armor is intended for both battle and ceremonial use.",
playerawakes001,git,Creature List/34/Equip_ItemList/0/LocalizedName,0,-1,King's Cuirass,
playerawakes001,git,Creature List/34/FirstName,0,-1,Corpse,
playerawakes001,git,Creature List/35/Equip_ItemList/0/DescIdentified,0,-1,"Worn by men and women in the King's service, this armor is intended for both battle and ceremonial use.",
playerawakes001,git,Creature List/35/Equip_ItemList/0/LocalizedName,0,-1,King's Marching Plate,
playerawakes001,git,Creature List/35/FirstName,0,-1,Corpse,
playerawakes001,git,Creature List/36/Equip_ItemList/0/DescIdentified,0,-1,"Worn by men and women in the King's service, this armor is intended for both battle and ceremonial use.",
playerawakes001,git,Creature List/36/Equip_ItemList/0/LocalizedName,0,-1,King's Scale,
playerawakes001,git,Creature List/36/FirstName,0,-1,Corpse,
playerawakes001,git,Creature List/37/Equip_ItemList/0/DescIdentified,0,-1,"Worn by men and women in the King's service, this armor is intended for both battle and ceremonial use.",
playerawakes001,git,Creature List/37/Equip_ItemList/0/LocalizedName,0,-1,Studded King's Armor,
playerawakes001,git,Creature List/37/FirstName,0,-1,Corpse,
playerawakes001,git,Creature List/38/Equip_ItemList/0/DescIdentified,0,-1,"Worn by men and women in the King's service, this armor is intended for both battle and ceremonial use.",
playerawakes001,git,Creature List/38/Equip_ItemList/0/LocalizedName,0,-1,King's Splint,
playerawakes001,git,Creature List/38/FirstName,0,-1,Corpse,
playerawakes001,git,Creature List/38/ItemList/0/DescIdentified,0,-1,"This simple chisel is weighted for stonecutting and, judging by the notches in its blade, it has been well-used. It could function as a weapon in a pinch but would be very awkward to wield as such.",
playerawakes001,git,Creature List/38/ItemList/0/LocalizedName,0,-1,Chisel,
playerawakes001,git,Creature List/38/ItemList/1/DescIdentified,0,-1,"This is a standard, disposable torch. Its duration is limited so it is wise to stock up on them and save them until they're needed.",
playerawakes001,git,Creature List/38/ItemList/1/LocalizedName,0,-1,Torch,
playerawakes001,git,Creature List/39/Equip_ItemList/0/DescIdentified,0,-1,"Worn by men and women in the King's service, this armor is intended for both battle and ceremonial use.",
playerawakes001,git,Creature List/39/Equip_ItemList/0/LocalizedName,0,-1,King's Cuirass,
playerawakes001,git,Creature List/39/FirstName,0,-1,Corpse,
playerawakes001,git,Creature List/4/Equip_ItemList/0/DescIdentified,0,-1,"Worn by men and women in the King's service, this armor is intended for both battle and ceremonial use.",
playerawakes001,git,Creature List/4/Equip_ItemList/0/LocalizedName,0,-1,King's Cuirass,
playerawakes001,git,Creature List/4/FirstName,0,-1,Corpse,
playerawakes001,git,Creature List/4/ItemList/0/DescIdentified,0,-1,"This is a standard, disposable torch. Its duration is limited so it is wise to stock up on them and save them until they're needed.",
playerawakes001,git,Creature List/4/ItemList/0/LocalizedName,0,-1,Torch,
playerawakes001,git,Creature List/40/Equip_ItemList/0/DescIdentified,0,-1,"Worn by men and women in the King's service, this armor is intended for both battle and ceremonial use.",
playerawakes001,git,Creature List/40/Equip_ItemList/0/LocalizedName,0,-1,King's Cuirass,
playerawakes001,git,Creature List/40/FirstName,0,-1,Corpse,
playerawakes001,git,Creature List/41/Equip_ItemList/0/DescIdentified,0,-1,"Worn by men and women in the King's service, this armor is intended for both battle and ceremonial use.",
playerawakes001,git,Creature List/41/Equip_ItemList/0/LocalizedName,0,-1,King's Scale,
playerawakes001,git,Creature List/41/FirstName,0,-1,Corpse,
playerawakes001,git,Creature List/42/Equip_ItemList/0/DescIdentified,0,-1,"Worn by men and women in the King's service, this armor is intended for both battle and ceremonial use.",
playerawakes001,git,Creature List/42/Equip_ItemList/0/LocalizedName,0,-1,Studded King's Armor,
playerawakes001,git,Creature List/42/FirstName,0,-1,Corpse,
playerawakes001,git,Creature List/43/Equip_ItemList/0/DescIdentified,0,-1,"Worn by men and women in the King's service, this armor is intended for both battle and ceremonial use.",
playerawakes001,git,Creature List/43/Equip_ItemList/0/LocalizedName,0,-1,King's Cuirass,
playerawakes001,git,Creature List/43/FirstName,0,-1,Corpse,
playerawakes001,git,Creature List/44/Equip_ItemList/0/DescIdentified,0,-1,"Worn by men and women in the King's service, these robes are intended for both battle and ceremonial use.",
playerawakes001,git,Creature List/44/Equip_ItemList/0/LocalizedName,0,-1,King's Robes,
playerawakes001,git,Creature List/44/FirstName,0,-1,Corpse,
playerawakes001,git,Creature List/45/Equip_ItemList/0/DescIdentified,0,-1,"Worn by men and women in the King's service, this armor is intended for both battle and ceremonial use.",
playerawakes001,git,Creature List/45/Equip_ItemList/0/LocalizedName,0,-1,King's Splint,
playerawakes001,git,Creature List/45/FirstName,0,-1,Corpse,
playerawakes001,git,Creature List/46/Equip_ItemList/0/DescIdentified,0,-1,"Worn by men and women in the King's service, this armor is intended for both battle and ceremonial use.",
playerawakes001,git,Creature List/46/Equip_ItemList/0/LocalizedName,0,-1,Studded King's Armor,
playerawakes001,git,Creature List/46/FirstName,0,-1,Corpse,
playerawakes001,git,Creature List/46/ItemList/0/DescIdentified,0,-1,"This is a standard, disposable torch. Its duration is limited so it is wise to stock up on them and save them until they're needed.",
playerawakes001,git,Creature List/46/ItemList/0/LocalizedName,0,-1,Torch,
playerawakes001,git,Creature List/47/Equip_ItemList/0/DescIdentified,0,-1,"Worn by men and women in the King's service, this armor is intended for both battle and ceremonial use.",
playerawakes001,git,Creature List/47/Equip_ItemList/0/LocalizedName,0,-1,King's Leather,
playerawakes001,git,Creature List/47/FirstName,0,-1,Corpse,
playerawakes001,git,Creature List/48/Description,0,-1,"The Ragpicker seems content to watch you search through the belongings of your fallen comrades. She hugs herself in the cold air, apparently too weary from her previous efforts to join you.",
playerawakes001,git,Creature List/48/Equip_ItemList/0/LocalizedName,0,12902,Ragpicker's Robes,
playerawakes001,git,Creature List/48/FirstName,0,-1,Ragpicker,
playerawakes001,git,Creature List/48/ItemList/0/DescIdentified,0,-1,This elegant ring bears the warm glow of true gold. It looks like it belongs on the hand of a courtier or noble.,
playerawakes001,git,Creature List/48/ItemList/0/LocalizedName,0,-1,Gold Ring,
playerawakes001,git,Creature List/48/ItemList/1/DescIdentified,0,-1,"Small figures, crudely cut, dance chaotically around the ring's circumference. You doubt the ring would fetch more than a few coppers from a merchant but something tells you that it holds a greater significance. You seem to remember it from an earlier time. Perhaps you wore one like it once or saw it on another's hand. ",
playerawakes001,git,Creature List/48/ItemList/1/LocalizedName,0,-1,Strange Iron Ring,
playerawakes001,git,Creature List/48/ItemList/2/DescIdentified,0,-1,This elegant ring bears the warm glow of true gold. It looks like it belongs on the hand of a courtier or noble.,
playerawakes001,git,Creature List/48/ItemList/2/LocalizedName,0,-1,Gold Ring,
playerawakes001,git,Creature List/48/ItemList/3/DescIdentified,0,-1,"Small figures, crudely cut, dance chaotically around the ring's circumference. You doubt the ring would fetch more than a few coppers from a merchant but something tells you that it holds a greater significance. You seem to remember it from an earlier time. Perhaps you wore one like it once or saw it on another's hand. ",
playerawakes001,git,Creature List/48/ItemList/3/LocalizedName,0,-1,Strange Iron Ring,
playerawakes001,git,Creature List/48/ItemList/4/DescIdentified,0,-1,A crust of blood clings to the base of this severed finger. It used to bear a ring.,
playerawakes001,git,Creature List/48/ItemList/4/LocalizedName,0,-1,Severed Finger,
playerawakes001,git,Creature List/49/FirstName,0,6008,Crow,
playerawakes001,git,Creature List/5/Equip_ItemList/0/DescIdentified,0,-1,"Worn by men and women in the King's service, this armor is intended for both battle and ceremonial use.",
playerawakes001,git,Creature List/5/Equip_ItemList/0/LocalizedName,0,-1,King's Splint,
playerawakes001,git,Creature List/5/FirstName,0,-1,Corpse,
playerawakes001,git,Creature List/50/FirstName,0,6008,Crow,
playerawakes001,git,Creature List/51/FirstName,0,6008,Crow,
playerawakes001,git,Creature List/52/FirstName,0,6008,Crow,
playerawakes001,git,Creature List/6/Equip_ItemList/0/DescIdentified,0,-1,"Worn by men and women in the King's service, this armor is intended for both battle and ceremonial use.",
playerawakes001,git,Creature List/6/Equip_ItemList/0/LocalizedName,0,-1,King's Scale,
playerawakes001,git,Creature List/6/FirstName,0,-1,Corpse,
playerawakes001,git,Creature List/6/ItemList/0/DescIdentified,0,-1,"This is a standard, disposable torch. Its duration is limited so it is wise to stock up on them and save them until they're needed.",
playerawakes001,git,Creature List/6/ItemList/0/LocalizedName,0,-1,Torch,
playerawakes001,git,Creature List/7/Equip_ItemList/0/DescIdentified,0,-1,"Worn by men and women in the King's service, these robes are intended for both battle and ceremonial use.",
playerawakes001,git,Creature List/7/Equip_ItemList/0/LocalizedName,0,-1,King's Robes,
playerawakes001,git,Creature List/7/FirstName,0,-1,Corpse,
playerawakes001,git,Creature List/8/Equip_ItemList/0/DescIdentified,0,-1,"Worn by men and women in the King's service, these robes are intended for both battle and ceremonial use.",
playerawakes001,git,Creature List/8/Equip_ItemList/0/LocalizedName,0,-1,King's Robes,
playerawakes001,git,Creature List/8/FirstName,0,-1,Corpse,
playerawakes001,git,Creature List/9/Equip_ItemList/0/DescIdentified,0,-1,"Worn by men and women in the King's service, this armor is intended for both battle and ceremonial use.",
playerawakes001,git,Creature List/9/Equip_ItemList/0/LocalizedName,0,-1,King's Scale,
playerawakes001,git,Creature List/9/FirstName,0,-1,Corpse,
playerawakes001,git,List/0/LocalizedName,0,1517,Arrow,화살
playerawakes001,git,List/1/LocalizedName,0,1519,Bolt,쇠뇌화살
playerawakes001,git,List/4/LocalizedName,0,1525,Dart,표창
playerawakes001,git,List/7/LocalizedName,0,1517,Arrow,화살
playerawakes001,git,List/8/DescIdentified,0,-1,"This is a standard, disposable torch. Its duration is limited so it is wise to stock up on them and save them until they're needed.",
playerawakes001,git,List/8/LocalizedName,0,-1,Torch,
playerawakes001,git,List/9/DescIdentified,0,-1,"This bloodstained battleaxe seems solidly crafted and the inlaid gold seems genuine. Etched into the heavy blade is a single word: ""Witchbane.""",
playerawakes001,git,List/9/LocalizedName,0,-1,Witchbane,
playerawakes001,git,Placeable List/138/Description,0,-1,Place this object in any area where you want tracking to occur.  Set Will to the DC of tracking in this area.,
playerawakes001,git,Placeable List/138/LocName,0,-1,Tracker,
playerawakes001,git,Placeable List/60/Description,0,14656,"The sun-bleached corpse groans and shifts, a gust of wind giving it the brief appearance of unlife.",햇빛에 바랜 시체에 돌풍이 불어와 잠깐 동안 그 생명이 없는 모습은 신음 소리를 내며 움직입니다.
playerawakes001,git,Placeable List/60/LocName,0,14657,Prince Ahmed,
playerawakes001,git,SoundList/0/LocName,0,-1,Crickets Loop,
playerawakes001,git,SoundList/1/LocName,0,-1,Hawk Cry,
playerawakes001,git,SoundList/10/LocName,0,-1,Flies Loop,
playerawakes001,git,SoundList/11/LocName,0,-1,Fly,
playerawakes001,git,SoundList/12/LocName,0,-1,Songbird Chirps,
playerawakes001,git,SoundList/13/LocName,0,-1,Songbird Chirps,
playerawakes001,git,SoundList/14/LocName,0,-1,Songbird Chirps,
playerawakes001,git,SoundList/15/LocName,0,-1,Songbird Chirps,
playerawakes001,git,SoundList/16/LocName,0,-1,Songbird Chirps,
playerawakes001,git,SoundList/17/LocName,0,-1,Branch Snaps,
playerawakes001,git,SoundList/18/LocName,0,-1,Rock Crumbles Cave Small,
playerawakes001,git,SoundList/19/LocName,0,-1,Twig Snaps,
playerawakes001,git,SoundList/2/LocName,0,-1,Wind Gust Chasm,
playerawakes001,git,SoundList/20/LocName,0,-1,Rock Crumbles Small,
playerawakes001,git,SoundList/21/LocName,0,-1,Woodpecker Pecks,
playerawakes001,git,SoundList/22/LocName,0,-1,Woodpecker Pecks,
playerawakes001,git,SoundList/23/LocName,0,-1,Woodpecker Pecks,
playerawakes001,git,SoundList/24/LocName,0,-1,Songbird Chirps,
playerawakes001,git,SoundList/25/LocName,0,-1,Woodpecker Pecks,
playerawakes001,git,SoundList/26/LocName,0,-1,ww1_narrator156,
playerawakes001,git,SoundList/27/LocName,0,-1,ww1_narrator161,
playerawakes001,git,SoundList/28/LocName,0,-1,ww1_narrator182,
playerawakes001,git,SoundList/29/LocName,0,-1,ww1_narrator183,
playerawakes001,git,SoundList/3/LocName,0,-1,Wolf Howls,
playerawakes001,git,SoundList/30/LocName,0,-1,ww1_narrator194,
playerawakes001,git,SoundList/4/LocName,0,-1,Torch Fire Small,
playerawakes001,git,SoundList/5/LocName,0,-1,Torch Fire Small,
playerawakes001,git,SoundList/6/LocName,0,-1,Crow Caws,
playerawakes001,git,SoundList/7/LocName,0,-1,Bird Flaps,
playerawakes001,git,SoundList/8/LocName,0,-1,Critters,
playerawakes001,git,SoundList/9/LocName,0,-1,Flies Loop,
playerawakes001,git,StoreList/0/LocName,0,-1,Ragpicker's Store,
playerawakes001,git,StoreList/0/StoreList/0/ItemList/0/DescIdentified,0,-1,"Worn by men and women in the King's service, this armor is intended for both practical and ceremonial use. The breastplate is missing, however, and the fabric is torn and muddy from battle.",
playerawakes001,git,StoreList/0/StoreList/0/ItemList/0/LocalizedName,0,-1,Tattered King's Armor,
playerawakes001,git,StoreList/0/StoreList/0/ItemList/1/DescIdentified,0,-1,"Worn by men and women in the King's service, this armor is intended for both battle and ceremonial use.",
playerawakes001,git,StoreList/0/StoreList/0/ItemList/1/LocalizedName,0,-1,Quilted King's Armor,
playerawakes001,git,StoreList/0/StoreList/0/ItemList/2/DescIdentified,0,-1,"Worn by men and women in the King's service, this armor is intended for both battle and ceremonial use.",
playerawakes001,git,StoreList/0/StoreList/0/ItemList/2/LocalizedName,0,-1,King's Leather,
playerawakes001,git,StoreList/0/StoreList/0/ItemList/3/DescIdentified,0,-1,"Worn by men and women in the King's service, this armor is intended for both battle and ceremonial use.",
playerawakes001,git,StoreList/0/StoreList/0/ItemList/3/LocalizedName,0,-1,Studded King's Armor,
playerawakes001,git,StoreList/0/StoreList/0/ItemList/4/DescIdentified,0,-1,"Worn by men and women in the King's service, this armor is intended for both battle and ceremonial use.",
playerawakes001,git,StoreList/0/StoreList/0/ItemList/4/LocalizedName,0,-1,King's Scale,
playerawakes001,git,StoreList/0/StoreList/0/ItemList/5/DescIdentified,0,-1,"Worn by men and women in the King's service, this armor is intended for both battle and ceremonial use.",
playerawakes001,git,StoreList/0/StoreList/0/ItemList/5/LocalizedName,0,-1,King's Cuirass,
playerawakes001,git,StoreList/0/StoreList/0/ItemList/6/DescIdentified,0,-1,"Worn by men and women in the King's service, this armor is intended for both battle and ceremonial use.",
playerawakes001,git,StoreList/0/StoreList/0/ItemList/6/LocalizedName,0,-1,King's Splint,
playerawakes001,git,StoreList/0/StoreList/0/ItemList/7/DescIdentified,0,-1,"Worn by men and women in the King's service, this armor is intended for both battle and ceremonial use.",
playerawakes001,git,StoreList/0/StoreList/0/ItemList/7/LocalizedName,0,-1,King's Marching Plate,
playerawakes001,git,StoreList/0/StoreList/0/ItemList/8/DescIdentified,0,-1,"Worn by men and women in the King's service, these robes are intended for both battle and ceremonial use.",
playerawakes001,git,StoreList/0/StoreList/0/ItemList/8/LocalizedName,0,-1,King's Robes,
playerawakes001,git,StoreList/0/StoreList/4/ItemList/0/DescIdentified,0,-1,"This is a standard, disposable torch. Its duration is limited so it is wise to stock up on them and save them until they're needed.",
playerawakes001,git,StoreList/0/StoreList/4/ItemList/0/LocalizedName,0,-1,Torch,
playerawakes001,git,TriggerList/0/LocalizedName,0,14759,Message Trigger,
playerawakes001,git,TriggerList/1/LocalizedName,0,14759,Message Trigger,
playerawakes001,git,TriggerList/2/LocalizedName,0,14760,To Mountain Pass,
playerawakes001,git,TriggerList/3/LocalizedName,0,14759,Message Trigger,
playerawakes001,git,WaypointList/0/MapNote,0,-1,The Ragpicker,
playerawakes001,git,WaypointList/1/MapNote,0,-1,The Ragpicker,
playerawakes001,git,WaypointList/19/LocalizedName,0,14814,The Ragpicker,
playerawakes001,git,WaypointList/19/MapNote,0,14815,The Ragpicker,
playerawakes001,git,WaypointList/20/LocalizedName,0,14814,To the Northern Pass,
playerawakes001,git,WaypointList/20/MapNote,0,14815,To the Northern Pass,
prisonkeepershom,git,Creature List/0/Description,0,-1,This stern young woman bears a haughty demeanor and her stylish clothing seems to be at odds with the relative humility of her home. She has the look of someone who has only recently come into money.,
prisonkeepershom,git,Creature List/0/Equip_ItemList/0/DescIdentified,0,-1,"This practical garb was worn by Ilsa Steinfaar, a mine-owner's wife in the northern Barrow Dwarf community of Brogan's Arm.",
prisonkeepershom,git,Creature List/0/Equip_ItemList/0/LocalizedName,0,-1,Steinfaar Armor,
prisonkeepershom,git,Creature List/0/Equip_ItemList/1/LocalizedName,0,-1,WW Subrace: Cairn Dwarf,
prisonkeepershom,git,Creature List/0/FirstName,0,-1,Ilsa,
prisonkeepershom,git,Creature List/0/LastName,0,-1,Steinfaar,
prisonkeepershom,git,Door List/0/Description,0,-1,"Fashioned from rough-hewn wood, this simple door swings on ill-fitting hinges.",
prisonkeepershom,git,Door List/0/LocName,0,5349,Wooden Door,
prisonkeepershom,git,WaypointList/0/LocalizedName,0,14814,To Brogan's Arm,
prisonkeepershom,git,WaypointList/0/MapNote,0,14815,To Brogan's Arm,
steinfaarmines,git,Creature List/0/Description,0,-1,"His uniform tattered and soiled, this young elf has the look of the lost about him. His despairing eyes stare blankly into the darkness.",
steinfaarmines,git,Creature List/0/Equip_ItemList/0/DescIdentified,0,-1,"Worn by men and women in the King's service, this armor is intended for both practical and ceremonial use. The breastplate is missing, however, and the fabric is torn and muddy from battle.",
steinfaarmines,git,Creature List/0/Equip_ItemList/0/LocalizedName,0,-1,Tattered King's Armor,
steinfaarmines,git,Creature List/0/Equip_ItemList/2/DescIdentified,0,-1,This elegant ring bears the warm glow of true gold. It looks like it belongs on the hand of a courtier or noble.,
steinfaarmines,git,Creature List/0/Equip_ItemList/2/LocalizedName,0,-1,Gold Ring,
steinfaarmines,git,Creature List/0/FirstName,0,-1,Caldrian,
steinfaarmines,git,Creature List/0/LastName,0,-1,Ayre,
steinfaarmines,git,Creature List/1/FirstName,0,-1,Ethereal Leak Spawner,
steinfaarmines,git,Door List/1/Description,0,-1,Rust pocks the once-smooth surface of this metal-plated door.,
steinfaarmines,git,Door List/1/LocName,0,5349,Metal Door,
steinfaarmines,git,Door List/2/Description,0,-1,Rust pocks the once-smooth surface of this metal-plated door.,
steinfaarmines,git,Door List/2/LocName,0,5349,Metal Door,
steinfaarmines,git,Encounter List/0/LocalizedName,0,-1,Rats,
steinfaarmines,git,Encounter List/1/LocalizedName,0,-1,Rats,
steinfaarmines,git,Encounter List/2/LocalizedName,0,-1,Rats,
steinfaarmines,git,Encounter List/3/LocalizedName,0,-1,Rats,
steinfaarmines,git,Encounter List/4/LocalizedName,0,-1,Rats,
steinfaarmines,git,Encounter List/5/LocalizedName,0,-1,Rats,
steinfaarmines,git,Encounter List/6/LocalizedName,0,-1,Rats,
steinfaarmines,git,Encounter List/7/LocalizedName,0,-1,Rats,
steinfaarmines,git,Encounter List/8/LocalizedName,0,-1,Rats,
steinfaarmines,git,Encounter List/9/LocalizedName,0,-1,Rats,
steinfaarmines,git,Placeable List/0/Description,0,14588,Something roasts over the crackling fire. Grease drippings feed the flames below.,뭔가가 탁탁 소리를 내며 타오릅니다. 지방이 방울방울 아래의 불꽃으로 스며들고 있습니다.
steinfaarmines,git,Placeable List/0/LocName,0,5700,Spitted Roast,
steinfaarmines,git,Placeable List/1/Description,0,14596,Dust gathers on this sturdy chest. It seems well-cared for but unused in recent days.,
steinfaarmines,git,Placeable List/1/ItemList/0/DescIdentified,0,-1,"This is a standard, disposable torch. Its duration is limited so it is wise to stock up on them and save them until they're needed.",
steinfaarmines,git,Placeable List/1/ItemList/0/LocalizedName,0,-1,Torch,
steinfaarmines,git,Placeable List/1/LocName,0,5348,Torch Storage Chest,
steinfaarmines,git,Placeable List/10/Description,0,14555,"Thick metal bands encircle the barrel-planks, ensuring a tight seal.","두꺼운 금속 띠가 통의 판자를 감싸고 있어, 단단히 밀봉되어 있습니다."
steinfaarmines,git,Placeable List/10/LocName,0,5691,Powderkeg,
steinfaarmines,git,Placeable List/11/Description,0,14555,"Thick metal bands encircle the barrel-planks, ensuring a tight seal.","두꺼운 금속 띠가 통의 판자를 감싸고 있어, 단단히 밀봉되어 있습니다."
steinfaarmines,git,Placeable List/11/LocName,0,5691,Powderkeg,
steinfaarmines,git,Placeable List/12/Description,0,14555,"Thick metal bands encircle the barrel-planks, ensuring a tight seal.","두꺼운 금속 띠가 통의 판자를 감싸고 있어, 단단히 밀봉되어 있습니다."
steinfaarmines,git,Placeable List/12/LocName,0,5691,Powderkeg,
steinfaarmines,git,Placeable List/13/Description,0,14555,"Thick metal bands encircle the barrel-planks, ensuring a tight seal.","두꺼운 금속 띠가 통의 판자를 감싸고 있어, 단단히 밀봉되어 있습니다."
steinfaarmines,git,Placeable List/13/LocName,0,5691,Powderkeg,
steinfaarmines,git,Placeable List/14/Description,0,14555,"Thick metal bands encircle the barrel-planks, ensuring a tight seal.","두꺼운 금속 띠가 통의 판자를 감싸고 있어, 단단히 밀봉되어 있습니다."
steinfaarmines,git,Placeable List/14/LocName,0,5691,Powderkeg,
steinfaarmines,git,Placeable List/15/Description,0,14555,"Thick metal bands encircle the barrel-planks, ensuring a tight seal.","두꺼운 금속 띠가 통의 판자를 감싸고 있어, 단단히 밀봉되어 있습니다."
steinfaarmines,git,Placeable List/15/LocName,0,5691,Powderkeg,
steinfaarmines,git,Placeable List/16/Description,0,14596,Dust gathers on this sturdy chest. It seems well-cared for but unused in recent days.,
steinfaarmines,git,Placeable List/16/ItemList/0/DescIdentified,0,-1,"This is a standard, disposable torch. Its duration is limited so it is wise to stock up on them and save them until they're needed.",
steinfaarmines,git,Placeable List/16/ItemList/0/LocalizedName,0,-1,Torch,
steinfaarmines,git,Placeable List/16/LocName,0,5348,Torch Storage Chest,
steinfaarmines,git,Placeable List/19/Description,0,14662,"You look about you, suspicious, but see nothing.","당신은 뭔가 의심스러운 듯이 보이지만, 아무것도 보지 못합니다."
steinfaarmines,git,Placeable List/19/LocName,0,5800,Ghostly Figure,
steinfaarmines,git,Placeable List/2/Description,0,14596,Dust gathers on this sturdy chest. It seems well-cared for but unused in recent days.,
steinfaarmines,git,Placeable List/2/ItemList/0/DescIdentified,0,-1,"This is a standard, disposable torch. Its duration is limited so it is wise to stock up on them and save them until they're needed.",
steinfaarmines,git,Placeable List/2/ItemList/0/LocalizedName,0,-1,Torch,
steinfaarmines,git,Placeable List/2/LocName,0,5348,Torch Storage Chest,
steinfaarmines,git,Placeable List/3/Description,0,14596,Dust gathers on this sturdy chest. It seems well-cared for but unused in recent days.,
steinfaarmines,git,Placeable List/3/ItemList/0/DescIdentified,0,-1,"This is a standard, disposable torch. Its duration is limited so it is wise to stock up on them and save them until they're needed.",
steinfaarmines,git,Placeable List/3/ItemList/0/LocalizedName,0,-1,Torch,
steinfaarmines,git,Placeable List/3/LocName,0,5348,Torch Storage Chest,
steinfaarmines,git,Placeable List/4/Description,0,14596,Dust gathers on this sturdy chest. It seems well-cared for but unused in recent days.,
steinfaarmines,git,Placeable List/4/ItemList/0/DescIdentified,0,-1,"This is a standard, disposable torch. Its duration is limited so it is wise to stock up on them and save them until they're needed.",
steinfaarmines,git,Placeable List/4/ItemList/0/LocalizedName,0,-1,Torch,
steinfaarmines,git,Placeable List/4/LocName,0,5348,Torch Storage Chest,
steinfaarmines,git,Placeable List/5/Description,0,-1,Place this object in any area where you want tracking to occur.  Set Will to the DC of tracking in this area.,
steinfaarmines,git,Placeable List/5/LocName,0,-1,Tracker,
steinfaarmines,git,Placeable List/6/Description,0,14555,"Thick metal bands encircle the barrel-planks, ensuring a tight seal.","두꺼운 금속 띠가 통의 판자를 감싸고 있어, 단단히 밀봉되어 있습니다."
steinfaarmines,git,Placeable List/6/LocName,0,5691,Powderkeg,
steinfaarmines,git,Placeable List/7/Description,0,14555,"Thick metal bands encircle the barrel-planks, ensuring a tight seal.","두꺼운 금속 띠가 통의 판자를 감싸고 있어, 단단히 밀봉되어 있습니다."
steinfaarmines,git,Placeable List/7/LocName,0,5691,Powderkeg,
steinfaarmines,git,Placeable List/8/Description,0,14555,"Thick metal bands encircle the barrel-planks, ensuring a tight seal.","두꺼운 금속 띠가 통의 판자를 감싸고 있어, 단단히 밀봉되어 있습니다."
steinfaarmines,git,Placeable List/8/LocName,0,5691,Powderkeg,
steinfaarmines,git,Placeable List/9/Description,0,14555,"Thick metal bands encircle the barrel-planks, ensuring a tight seal.","두꺼운 금속 띠가 통의 판자를 감싸고 있어, 단단히 밀봉되어 있습니다."
steinfaarmines,git,Placeable List/9/LocName,0,5691,Powderkeg,
steinfaarmines,git,SoundList/0/LocName,0,-1,Lava Pool,
steinfaarmines,git,SoundList/1/LocName,0,-1,Fire Bowl,
steinfaarmines,git,SoundList/10/LocName,0,-1,ww1_narrator166,
steinfaarmines,git,SoundList/11/LocName,0,-1,ww1_narrator167,
steinfaarmines,git,SoundList/12/LocName,0,-1,ww1_narrator168,
steinfaarmines,git,SoundList/13/LocName,0,-1,ww1_narrator169,
steinfaarmines,git,SoundList/14/LocName,0,-1,ww1_narrator170,
steinfaarmines,git,SoundList/15/LocName,0,-1,ww1_narrator171,
steinfaarmines,git,SoundList/16/LocName,0,-1,ww1_narrator172,
steinfaarmines,git,SoundList/17/LocName,0,-1,ww1_narrator173,
steinfaarmines,git,SoundList/18/LocName,0,-1,ww1_narrator174,
steinfaarmines,git,SoundList/19/LocName,0,-1,ww1_narrator175,
steinfaarmines,git,SoundList/2/LocName,0,-1,Campfire,
steinfaarmines,git,SoundList/20/LocName,0,-1,ww1_narrator176,
steinfaarmines,git,SoundList/21/LocName,0,-1,ww1_narrator177,
steinfaarmines,git,SoundList/22/LocName,0,-1,ww1_narrator178,
steinfaarmines,git,SoundList/23/LocName,0,-1,ww1_narrator179,
steinfaarmines,git,SoundList/24/LocName,0,-1,ww1_narrator180,
steinfaarmines,git,SoundList/3/LocName,0,-1,Water Pool Small,
steinfaarmines,git,SoundList/4/LocName,0,-1,Water Pool Small,
steinfaarmines,git,SoundList/5/LocName,0,-1,Booms Distant,
steinfaarmines,git,SoundList/6/LocName,0,-1,Ethereal Leak Loop,
steinfaarmines,git,SoundList/7/LocName,0,-1,Rock Crumbles Cave Small,
steinfaarmines,git,SoundList/8/LocName,0,-1,ww1_narrator164,
steinfaarmines,git,SoundList/9/LocName,0,-1,ww1_narrator165,
steinfaarmines,git,TriggerList/0/LocalizedName,0,14759,Mines Ethereal Leak Message Trigger,
steinfaarmines,git,TriggerList/1/LocalizedName,0,14759,Message Trigger (Steinfaar Mines),
steinfaarmines,git,TriggerList/10/LocalizedName,0,14759,Message Trigger (Steinfaar Mines),
steinfaarmines,git,TriggerList/11/LocalizedName,0,14759,Message Trigger (Steinfaar Mines),
steinfaarmines,git,TriggerList/12/LocalizedName,0,14759,Message Trigger (Steinfaar Mines),
steinfaarmines,git,TriggerList/13/LocalizedName,0,14759,Message Trigger (Steinfaar Mines),
steinfaarmines,git,TriggerList/14/LocalizedName,0,14759,Message Trigger (Steinfaar Mines),
steinfaarmines,git,TriggerList/15/LocalizedName,0,14759,Message Trigger (Steinfaar Mines),
steinfaarmines,git,TriggerList/16/LocalizedName,0,14759,Message Trigger (Steinfaar Mines),
steinfaarmines,git,TriggerList/17/LocalizedName,0,14759,Message Trigger (Steinfaar Mines),
steinfaarmines,git,TriggerList/2/LocalizedName,0,14759,Message Trigger (Steinfaar Mines),
steinfaarmines,git,TriggerList/3/LocalizedName,0,14759,Message Trigger (Steinfaar Mines),
steinfaarmines,git,TriggerList/4/LocalizedName,0,14759,Message Trigger (Steinfaar Mines),
steinfaarmines,git,TriggerList/5/LocalizedName,0,14759,Message Trigger (Steinfaar Mines),
steinfaarmines,git,TriggerList/6/LocalizedName,0,14759,Message Trigger (Steinfaar Mines),
steinfaarmines,git,TriggerList/7/LocalizedName,0,14759,Message Trigger (Steinfaar Mines),
steinfaarmines,git,TriggerList/8/LocalizedName,0,14759,Message Trigger (Steinfaar Mines),
steinfaarmines,git,TriggerList/9/LocalizedName,0,14759,Message Trigger (Steinfaar Mines),
steinfaarmines,git,WaypointList/0/LocalizedName,0,14817,Steinfaar Mines Destination,
steinfaarmines,git,WaypointList/0/MapNote,0,-1,Mine Entrance,
steinfaarmines,git,WaypointList/1/LocalizedName,0,14817,Mine Ghost Spawn Point,
steinfaarmines,git,WaypointList/2/LocalizedName,0,14817,PC Post for Caldrian Cinematic,
steinfaarmines,git,WaypointList/3/LocalizedName,0,-1,Caldrian's Post,
steinfaarmines,git,WaypointList/4/LocalizedName,0,14814,The Smeltworks,
steinfaarmines,git,WaypointList/4/MapNote,0,14815,The Smeltworks,
stygia,git,Creature List/0/Description,0,12404,"During their mating season, swarms of Slag Spitters blacken Stygia's blood-red sky, grappling with each other in their battle to be chosen as their queen's next mate. ",
stygia,git,Creature List/0/FirstName,0,67546,Slag Spitter,
stygia,git,Creature List/1/Description,0,12404,"During their mating season, swarms of Slag Spitters blacken Stygia's blood-red sky, grappling with each other in their battle to be chosen as their queen's next mate. ",
stygia,git,Creature List/1/FirstName,0,67546,Slag Spitter,
stygia,git,Creature List/2/Description,0,12404,"During their mating season, swarms of Slag Spitters blacken Stygia's blood-red sky, grappling with each other in their battle to be chosen as their queen's next mate. ",
stygia,git,Creature List/2/FirstName,0,67546,Slag Spitter,
stygia,git,Creature List/3/Description,0,12404,"During their mating season, swarms of Slag Spitters blacken Stygia's blood-red sky, grappling with each other in their battle to be chosen as their queen's next mate. ",
stygia,git,Creature List/3/FirstName,0,67546,Slag Spitter,
stygia,git,Placeable List/0/Description,0,-1,Place this object in any area where you want tracking to occur.  Set Will to the DC of tracking in this area.,
stygia,git,Placeable List/0/LocName,0,-1,Tracker,
stygia,git,SoundList/0/LocName,0,-1,Smolder Large,
stygia,git,SoundList/1/LocName,0,-1,Smolder Large,
stygia,git,SoundList/10/LocName,0,-1,Lava Pool Fire,
stygia,git,SoundList/11/LocName,0,-1,Lava Pillar,
stygia,git,SoundList/12/LocName,0,-1,Lava Grate 2,
stygia,git,SoundList/13/LocName,0,-1,Lava Grate 1,
stygia,git,SoundList/14/LocName,0,-1,Lava Bursts,
stygia,git,SoundList/15/LocName,0,-1,Lava Bursts,
stygia,git,SoundList/16/LocName,0,-1,Lava Pool Fire,
stygia,git,SoundList/17/LocName,0,-1,Lava Pool,
stygia,git,SoundList/18/LocName,0,-1,Lava Bursts,
stygia,git,SoundList/19/LocName,0,-1,Lava Geyser,
stygia,git,SoundList/2/LocName,0,-1,Smolder Large,
stygia,git,SoundList/20/LocName,0,-1,Lava Geyser,
stygia,git,SoundList/21/LocName,0,-1,Lava Geyser,
stygia,git,SoundList/22/LocName,0,-1,Lava Geyser,
stygia,git,SoundList/23/LocName,0,-1,Lava Geyser,
stygia,git,SoundList/24/LocName,0,-1,Lava Geyser,
stygia,git,SoundList/25/LocName,0,-1,Lava Geyser,
stygia,git,SoundList/26/LocName,0,-1,Lava Geyser,
stygia,git,SoundList/27/LocName,0,-1,Lava Grate 1,
stygia,git,SoundList/28/LocName,0,-1,Lava Grate 1,
stygia,git,SoundList/29/LocName,0,-1,Lava Grate 1,
stygia,git,SoundList/3/LocName,0,-1,Magic Crystal Lava,
stygia,git,SoundList/30/LocName,0,-1,Lava Grate 1,
stygia,git,SoundList/31/LocName,0,-1,Lava Grate 2,
stygia,git,SoundList/32/LocName,0,-1,Lava Grate 2,
stygia,git,SoundList/33/LocName,0,-1,Lava Grate 2,
stygia,git,SoundList/34/LocName,0,-1,Lava Grate 1,
stygia,git,SoundList/35/LocName,0,-1,Steam Long Bursts,
stygia,git,SoundList/36/LocName,0,-1,Steam Long Bursts,
stygia,git,SoundList/4/LocName,0,-1,Evangelist Calls Men Outside,
stygia,git,SoundList/5/LocName,0,-1,Laughing Kids Spooky,
stygia,git,SoundList/6/LocName,0,-1,Bird Scary Cries,
stygia,git,SoundList/7/LocName,0,-1,Wind Gust Cave,
stygia,git,SoundList/8/LocName,0,-1,Lava Pool,
stygia,git,SoundList/9/LocName,0,-1,Lava Pool,
stygia,git,WaypointList/0/LocalizedName,0,14816,Stygia Small Spawn,
stygia,git,WaypointList/1/LocalizedName,0,14816,Stygia Small Spawn,
stygia,git,WaypointList/2/LocalizedName,0,14816,Stygia Small Spawn,
stygia,git,WaypointList/3/LocalizedName,0,14816,Stygia Small Spawn,
stygia,git,WaypointList/4/LocalizedName,0,14816,Stygia Large Spawn,
stygia,git,WaypointList/5/LocalizedName,0,14816,Stygia Large Spawn,
stygia,git,WaypointList/6/LocalizedName,0,14816,Stygia Large Spawn,
stygia,git,WaypointList/7/LocalizedName,0,14816,Stygia Large Spawn,
stygia,git,WaypointList/8/LocalizedName,0,14816,Stygia Player Spawn,
thebattlefield,git,Creature List/0/Equip_ItemList/0/DescIdentified,0,-1,"Worn by men and women in the King's service, this armor is intended for both battle and ceremonial use.",
thebattlefield,git,Creature List/0/Equip_ItemList/0/LocalizedName,0,-1,Studded King's Armor,
thebattlefield,git,Creature List/0/FirstName,0,-1,Corpse,
thebattlefield,git,Creature List/1/Equip_ItemList/0/DescIdentified,0,-1,"Worn by men and women in the King's service, this armor is intended for both battle and ceremonial use.",
thebattlefield,git,Creature List/1/Equip_ItemList/0/LocalizedName,0,-1,King's Marching Plate,
thebattlefield,git,Creature List/1/FirstName,0,-1,Corpse,
thebattlefield,git,Creature List/10/Equip_ItemList/0/DescIdentified,0,-1,"Worn by men and women in the King's service, this armor is intended for both battle and ceremonial use.",
thebattlefield,git,Creature List/10/Equip_ItemList/0/LocalizedName,0,-1,Studded King's Armor,
thebattlefield,git,Creature List/10/FirstName,0,-1,Corpse,
thebattlefield,git,Creature List/11/Equip_ItemList/0/DescIdentified,0,-1,"Worn by men and women in the King's service, this armor is intended for both battle and ceremonial use.",
thebattlefield,git,Creature List/11/Equip_ItemList/0/LocalizedName,0,-1,King's Cuirass,
thebattlefield,git,Creature List/11/FirstName,0,-1,Corpse,
thebattlefield,git,Creature List/12/Equip_ItemList/0/DescIdentified,0,-1,"Worn by men and women in the King's service, this armor is intended for both battle and ceremonial use.",
thebattlefield,git,Creature List/12/Equip_ItemList/0/LocalizedName,0,-1,King's Scale,
thebattlefield,git,Creature List/12/FirstName,0,-1,Corpse,
thebattlefield,git,Creature List/13/Equip_ItemList/0/DescIdentified,0,-1,"Worn by men and women in the King's service, this armor is intended for both battle and ceremonial use.",
thebattlefield,git,Creature List/13/Equip_ItemList/0/LocalizedName,0,-1,King's Cuirass,
thebattlefield,git,Creature List/13/FirstName,0,-1,Corpse,
thebattlefield,git,Creature List/14/Equip_ItemList/0/DescIdentified,0,-1,"Worn by men and women in the King's service, this armor is intended for both battle and ceremonial use.",
thebattlefield,git,Creature List/14/Equip_ItemList/0/LocalizedName,0,-1,King's Leather,
thebattlefield,git,Creature List/14/FirstName,0,-1,Corpse,
thebattlefield,git,Creature List/15/Equip_ItemList/0/DescIdentified,0,-1,"Worn by men and women in the King's service, this armor is intended for both battle and ceremonial use.",
thebattlefield,git,Creature List/15/Equip_ItemList/0/LocalizedName,0,-1,King's Cuirass,
thebattlefield,git,Creature List/15/FirstName,0,-1,Corpse,
thebattlefield,git,Creature List/16/Equip_ItemList/0/DescIdentified,0,-1,"Worn by men and women in the King's service, these robes are intended for both battle and ceremonial use.",
thebattlefield,git,Creature List/16/Equip_ItemList/0/LocalizedName,0,-1,King's Robes,
thebattlefield,git,Creature List/16/FirstName,0,-1,Corpse,
thebattlefield,git,Creature List/17/Equip_ItemList/0/DescIdentified,0,-1,"Worn by men and women in the King's service, this armor is intended for both battle and ceremonial use.",
thebattlefield,git,Creature List/17/Equip_ItemList/0/LocalizedName,0,-1,Studded King's Armor,
thebattlefield,git,Creature List/17/FirstName,0,-1,Corpse,
thebattlefield,git,Creature List/18/Equip_ItemList/0/DescIdentified,0,-1,"Worn by men and women in the King's service, this armor is intended for both battle and ceremonial use.",
thebattlefield,git,Creature List/18/Equip_ItemList/0/LocalizedName,0,-1,King's Scale,
thebattlefield,git,Creature List/18/FirstName,0,-1,Corpse,
thebattlefield,git,Creature List/19/Equip_ItemList/0/DescIdentified,0,-1,"Worn by men and women in the King's service, this armor is intended for both battle and ceremonial use.",
thebattlefield,git,Creature List/19/Equip_ItemList/0/LocalizedName,0,-1,King's Splint,
thebattlefield,git,Creature List/19/FirstName,0,-1,Corpse,
thebattlefield,git,Creature List/2/Equip_ItemList/0/DescIdentified,0,-1,"Worn by men and women in the King's service, this armor is intended for both battle and ceremonial use.",
thebattlefield,git,Creature List/2/Equip_ItemList/0/LocalizedName,0,-1,King's Cuirass,
thebattlefield,git,Creature List/2/FirstName,0,-1,Corpse,
thebattlefield,git,Creature List/20/Equip_ItemList/0/DescIdentified,0,-1,"Worn by men and women in the King's service, this armor is intended for both battle and ceremonial use.",
thebattlefield,git,Creature List/20/Equip_ItemList/0/LocalizedName,0,-1,King's Cuirass,
thebattlefield,git,Creature List/20/FirstName,0,-1,Corpse,
thebattlefield,git,Creature List/21/Equip_ItemList/0/DescIdentified,0,-1,"Worn by men and women in the King's service, this armor is intended for both battle and ceremonial use.",
thebattlefield,git,Creature List/21/Equip_ItemList/0/LocalizedName,0,-1,King's Scale,
thebattlefield,git,Creature List/21/FirstName,0,-1,Corpse,
thebattlefield,git,Creature List/22/Equip_ItemList/0/DescIdentified,0,-1,"Worn by men and women in the King's service, these robes are intended for both battle and ceremonial use.",
thebattlefield,git,Creature List/22/Equip_ItemList/0/LocalizedName,0,-1,King's Robes,
thebattlefield,git,Creature List/22/FirstName,0,-1,Corpse,
thebattlefield,git,Creature List/23/Equip_ItemList/0/DescIdentified,0,-1,"Worn by men and women in the King's service, this armor is intended for both battle and ceremonial use.",
thebattlefield,git,Creature List/23/Equip_ItemList/0/LocalizedName,0,-1,King's Leather,
thebattlefield,git,Creature List/23/FirstName,0,-1,Corpse,
thebattlefield,git,Creature List/24/Equip_ItemList/0/DescIdentified,0,-1,"Worn by men and women in the King's service, this armor is intended for both battle and ceremonial use.",
thebattlefield,git,Creature List/24/Equip_ItemList/0/LocalizedName,0,-1,King's Scale,
thebattlefield,git,Creature List/24/FirstName,0,-1,Corpse,
thebattlefield,git,Creature List/25/Equip_ItemList/0/DescIdentified,0,-1,"Worn by men and women in the King's service, these robes are intended for both battle and ceremonial use.",
thebattlefield,git,Creature List/25/Equip_ItemList/0/LocalizedName,0,-1,King's Robes,
thebattlefield,git,Creature List/25/FirstName,0,-1,Corpse,
thebattlefield,git,Creature List/26/Equip_ItemList/0/DescIdentified,0,-1,"Worn by men and women in the King's service, this armor is intended for both battle and ceremonial use.",
thebattlefield,git,Creature List/26/Equip_ItemList/0/LocalizedName,0,-1,King's Splint,
thebattlefield,git,Creature List/26/FirstName,0,-1,Corpse,
thebattlefield,git,Creature List/27/Equip_ItemList/0/DescIdentified,0,-1,"Worn by men and women in the King's service, this armor is intended for both battle and ceremonial use.",
thebattlefield,git,Creature List/27/Equip_ItemList/0/LocalizedName,0,-1,King's Leather,
thebattlefield,git,Creature List/27/FirstName,0,-1,Corpse,
thebattlefield,git,Creature List/28/Equip_ItemList/0/DescIdentified,0,-1,"Worn by men and women in the King's service, these robes are intended for both battle and ceremonial use.",
thebattlefield,git,Creature List/28/Equip_ItemList/0/LocalizedName,0,-1,King's Robes,
thebattlefield,git,Creature List/28/FirstName,0,-1,Corpse,
thebattlefield,git,Creature List/29/Equip_ItemList/0/DescIdentified,0,-1,"Worn by men and women in the King's service, this armor is intended for both battle and ceremonial use.",
thebattlefield,git,Creature List/29/Equip_ItemList/0/LocalizedName,0,-1,King's Scale,
thebattlefield,git,Creature List/29/FirstName,0,-1,Corpse,
thebattlefield,git,Creature List/3/Equip_ItemList/0/DescIdentified,0,-1,"Worn by men and women in the King's service, this armor is intended for both battle and ceremonial use.",
thebattlefield,git,Creature List/3/Equip_ItemList/0/LocalizedName,0,-1,King's Splint,
thebattlefield,git,Creature List/3/FirstName,0,-1,Corpse,
thebattlefield,git,Creature List/30/Equip_ItemList/0/DescIdentified,0,-1,"Worn by men and women in the King's service, this armor is intended for both battle and ceremonial use.",
thebattlefield,git,Creature List/30/Equip_ItemList/0/LocalizedName,0,-1,Studded King's Armor,
thebattlefield,git,Creature List/30/FirstName,0,-1,Corpse,
thebattlefield,git,Creature List/31/Equip_ItemList/0/DescIdentified,0,-1,"Worn by men and women in the King's service, these robes are intended for both battle and ceremonial use.",
thebattlefield,git,Creature List/31/Equip_ItemList/0/LocalizedName,0,-1,King's Robes,
thebattlefield,git,Creature List/31/FirstName,0,-1,Corpse,
thebattlefield,git,Creature List/32/Equip_ItemList/0/DescIdentified,0,-1,"Worn by men and women in the King's service, this armor is intended for both battle and ceremonial use.",
thebattlefield,git,Creature List/32/Equip_ItemList/0/LocalizedName,0,-1,King's Cuirass,
thebattlefield,git,Creature List/32/FirstName,0,-1,Corpse,
thebattlefield,git,Creature List/33/Equip_ItemList/0/DescIdentified,0,-1,"Worn by men and women in the King's service, this armor is intended for both battle and ceremonial use.",
thebattlefield,git,Creature List/33/Equip_ItemList/0/LocalizedName,0,-1,King's Marching Plate,
thebattlefield,git,Creature List/33/FirstName,0,-1,Corpse,
thebattlefield,git,Creature List/34/Equip_ItemList/0/DescIdentified,0,-1,"Worn by men and women in the King's service, this armor is intended for both battle and ceremonial use.",
thebattlefield,git,Creature List/34/Equip_ItemList/0/LocalizedName,0,-1,King's Scale,
thebattlefield,git,Creature List/34/FirstName,0,-1,Corpse,
thebattlefield,git,Creature List/35/Equip_ItemList/0/DescIdentified,0,-1,"Worn by men and women in the King's service, this armor is intended for both battle and ceremonial use.",
thebattlefield,git,Creature List/35/Equip_ItemList/0/LocalizedName,0,-1,Studded King's Armor,
thebattlefield,git,Creature List/35/FirstName,0,-1,Corpse,
thebattlefield,git,Creature List/36/Equip_ItemList/0/DescIdentified,0,-1,"Worn by men and women in the King's service, this armor is intended for both battle and ceremonial use.",
thebattlefield,git,Creature List/36/Equip_ItemList/0/LocalizedName,0,-1,King's Splint,
thebattlefield,git,Creature List/36/FirstName,0,-1,Corpse,
thebattlefield,git,Creature List/37/Equip_ItemList/0/DescIdentified,0,-1,"Worn by men and women in the King's service, this armor is intended for both battle and ceremonial use.",
thebattlefield,git,Creature List/37/Equip_ItemList/0/LocalizedName,0,-1,King's Cuirass,
thebattlefield,git,Creature List/37/FirstName,0,-1,Corpse,
thebattlefield,git,Creature List/38/Equip_ItemList/0/DescIdentified,0,-1,"Worn by men and women in the King's service, this armor is intended for both battle and ceremonial use.",
thebattlefield,git,Creature List/38/Equip_ItemList/0/LocalizedName,0,-1,King's Cuirass,
thebattlefield,git,Creature List/38/FirstName,0,-1,Corpse,
thebattlefield,git,Creature List/39/Equip_ItemList/0/DescIdentified,0,-1,"Worn by men and women in the King's service, this armor is intended for both battle and ceremonial use.",
thebattlefield,git,Creature List/39/Equip_ItemList/0/LocalizedName,0,-1,King's Scale,
thebattlefield,git,Creature List/39/FirstName,0,-1,Corpse,
thebattlefield,git,Creature List/4/Equip_ItemList/0/DescIdentified,0,-1,"Worn by men and women in the King's service, this armor is intended for both battle and ceremonial use.",
thebattlefield,git,Creature List/4/Equip_ItemList/0/LocalizedName,0,-1,King's Scale,
thebattlefield,git,Creature List/4/FirstName,0,-1,Corpse,
thebattlefield,git,Creature List/40/Equip_ItemList/0/DescIdentified,0,-1,"Worn by men and women in the King's service, this armor is intended for both battle and ceremonial use.",
thebattlefield,git,Creature List/40/Equip_ItemList/0/LocalizedName,0,-1,Studded King's Armor,
thebattlefield,git,Creature List/40/FirstName,0,-1,Corpse,
thebattlefield,git,Creature List/41/Equip_ItemList/0/DescIdentified,0,-1,"Worn by men and women in the King's service, this armor is intended for both battle and ceremonial use.",
thebattlefield,git,Creature List/41/Equip_ItemList/0/LocalizedName,0,-1,King's Cuirass,
thebattlefield,git,Creature List/41/FirstName,0,-1,Corpse,
thebattlefield,git,Creature List/42/Equip_ItemList/0/DescIdentified,0,-1,"Worn by men and women in the King's service, these robes are intended for both battle and ceremonial use.",
thebattlefield,git,Creature List/42/Equip_ItemList/0/LocalizedName,0,-1,King's Robes,
thebattlefield,git,Creature List/42/FirstName,0,-1,Corpse,
thebattlefield,git,Creature List/43/Equip_ItemList/0/DescIdentified,0,-1,"Worn by men and women in the King's service, this armor is intended for both battle and ceremonial use.",
thebattlefield,git,Creature List/43/Equip_ItemList/0/LocalizedName,0,-1,King's Splint,
thebattlefield,git,Creature List/43/FirstName,0,-1,Corpse,
thebattlefield,git,Creature List/44/Equip_ItemList/0/DescIdentified,0,-1,"Worn by men and women in the King's service, this armor is intended for both battle and ceremonial use.",
thebattlefield,git,Creature List/44/Equip_ItemList/0/LocalizedName,0,-1,Studded King's Armor,
thebattlefield,git,Creature List/44/FirstName,0,-1,Corpse,
thebattlefield,git,Creature List/45/Equip_ItemList/0/DescIdentified,0,-1,"Worn by men and women in the King's service, this armor is intended for both battle and ceremonial use.",
thebattlefield,git,Creature List/45/Equip_ItemList/0/LocalizedName,0,-1,King's Leather,
thebattlefield,git,Creature List/45/FirstName,0,-1,Corpse,
thebattlefield,git,Creature List/46/Description,0,-1,"The elderly Ragpicker keeps her distance from the fire, seeming to hover on the edge of its warmth. She seems to have finished with this place, remaining behind only because it seems like such a journey to leave.",
thebattlefield,git,Creature List/46/Equip_ItemList/0/LocalizedName,0,12902,Ragpicker's Robes,
thebattlefield,git,Creature List/46/FirstName,0,-1,Ragpicker,
thebattlefield,git,Creature List/47/Equip_ItemList/0/DescIdentified,0,-1,"Worn by men and women in the King's service, this armor is intended for both battle and ceremonial use.",
thebattlefield,git,Creature List/47/Equip_ItemList/0/LocalizedName,0,-1,King's Leather,
thebattlefield,git,Creature List/47/FirstName,0,-1,Corpse,
thebattlefield,git,Creature List/48/Equip_ItemList/0/DescIdentified,0,-1,"Worn by men and women in the King's service, this armor is intended for both battle and ceremonial use.",
thebattlefield,git,Creature List/48/Equip_ItemList/0/LocalizedName,0,-1,King's Splint,
thebattlefield,git,Creature List/48/FirstName,0,-1,Corpse,
thebattlefield,git,Creature List/49/Description,0,12686,"With their cold eyes and glossy black feathers, these airborne scavengers are often considered ill omens or harbingers of death.","차가운 눈과 윤기나는 검은 깃털을 가진, 이 떠다니는 시체 청소부들은 종종 죽음의 징조나 전조로 여겨집니다."
thebattlefield,git,Creature List/49/FirstName,0,6008,Crow,
thebattlefield,git,Creature List/5/Equip_ItemList/0/DescIdentified,0,-1,"Worn by men and women in the King's service, these robes are intended for both battle and ceremonial use.",
thebattlefield,git,Creature List/5/Equip_ItemList/0/LocalizedName,0,-1,King's Robes,
thebattlefield,git,Creature List/5/FirstName,0,-1,Corpse,
thebattlefield,git,Creature List/50/Description,0,12686,"With their cold eyes and glossy black feathers, these airborne scavengers are often considered ill omens or harbingers of death.","차가운 눈과 윤기나는 검은 깃털을 가진, 이 떠다니는 시체 청소부들은 종종 죽음의 징조나 전조로 여겨집니다."
thebattlefield,git,Creature List/50/FirstName,0,6008,Crow,
thebattlefield,git,Creature List/51/Description,0,12686,"With their cold eyes and glossy black feathers, these airborne scavengers are often considered ill omens or harbingers of death.","차가운 눈과 윤기나는 검은 깃털을 가진, 이 떠다니는 시체 청소부들은 종종 죽음의 징조나 전조로 여겨집니다."
thebattlefield,git,Creature List/51/FirstName,0,6008,Crow,
thebattlefield,git,Creature List/52/Description,0,12686,"With their cold eyes and glossy black feathers, these airborne scavengers are often considered ill omens or harbingers of death.","차가운 눈과 윤기나는 검은 깃털을 가진, 이 떠다니는 시체 청소부들은 종종 죽음의 징조나 전조로 여겨집니다."
thebattlefield,git,Creature List/52/FirstName,0,6008,Crow,
thebattlefield,git,Creature List/53/Description,0,12686,"With their cold eyes and glossy black feathers, these airborne scavengers are often considered ill omens or harbingers of death.","차가운 눈과 윤기나는 검은 깃털을 가진, 이 떠다니는 시체 청소부들은 종종 죽음의 징조나 전조로 여겨집니다."
thebattlefield,git,Creature List/53/FirstName,0,6008,Crow,
thebattlefield,git,Creature List/54/Description,0,12686,"With their cold eyes and glossy black feathers, these airborne scavengers are often considered ill omens or harbingers of death.","차가운 눈과 윤기나는 검은 깃털을 가진, 이 떠다니는 시체 청소부들은 종종 죽음의 징조나 전조로 여겨집니다."
thebattlefield,git,Creature List/54/FirstName,0,6008,Crow,
thebattlefield,git,Creature List/6/Equip_ItemList/0/DescIdentified,0,-1,"Worn by men and women in the King's service, these robes are intended for both battle and ceremonial use.",
thebattlefield,git,Creature List/6/Equip_ItemList/0/LocalizedName,0,-1,King's Robes,
thebattlefield,git,Creature List/6/FirstName,0,-1,Corpse,
thebattlefield,git,Creature List/7/Equip_ItemList/0/DescIdentified,0,-1,"Worn by men and women in the King's service, this armor is intended for both battle and ceremonial use.",
thebattlefield,git,Creature List/7/Equip_ItemList/0/LocalizedName,0,-1,King's Scale,
thebattlefield,git,Creature List/7/FirstName,0,-1,Corpse,
thebattlefield,git,Creature List/8/Equip_ItemList/0/DescIdentified,0,-1,"Worn by men and women in the King's service, this armor is intended for both battle and ceremonial use.",
thebattlefield,git,Creature List/8/Equip_ItemList/0/LocalizedName,0,-1,King's Cuirass,
thebattlefield,git,Creature List/8/FirstName,0,-1,Corpse,
thebattlefield,git,Creature List/9/Equip_ItemList/0/DescIdentified,0,-1,"Worn by men and women in the King's service, this armor is intended for both battle and ceremonial use.",
thebattlefield,git,Creature List/9/Equip_ItemList/0/LocalizedName,0,-1,King's Marching Plate,
thebattlefield,git,Creature List/9/FirstName,0,-1,Corpse,
thebattlefield,git,Placeable List/138/Description,0,66885,"A large, solid piece of granite juts out from the ground.",커다랗고 단단한 화강암 조각이 땅에서 솟아 있습니다.
thebattlefield,git,Placeable List/138/LocName,0,52998,Boulder,바위
thebattlefield,git,Placeable List/139/Description,0,-1,Place this object in any area where you want tracking to occur.  Set Will to the DC of tracking in this area.,
thebattlefield,git,Placeable List/139/LocName,0,-1,Tracker,
thebattlefield,git,Placeable List/140/LocName,0,5738,Cairn Stones,
thebattlefield,git,Placeable List/141/LocName,0,5738,Cairn Stones,
thebattlefield,git,Placeable List/142/Description,0,14707,A small cairn has been erected at the site where Prince Ahmed died.,
thebattlefield,git,Placeable List/142/LocName,0,5727,Cairn,
thebattlefield,git,SoundList/0/LocName,0,-1,Crickets Loop,
thebattlefield,git,SoundList/1/LocName,0,-1,Hawk Cry,
thebattlefield,git,SoundList/10/LocName,0,-1,Flies Loop,
thebattlefield,git,SoundList/11/LocName,0,-1,Fly,
thebattlefield,git,SoundList/12/LocName,0,-1,Songbird Chirps,
thebattlefield,git,SoundList/13/LocName,0,-1,Songbird Chirps,
thebattlefield,git,SoundList/14/LocName,0,-1,Songbird Chirps,
thebattlefield,git,SoundList/15/LocName,0,-1,Songbird Chirps,
thebattlefield,git,SoundList/16/LocName,0,-1,Songbird Chirps,
thebattlefield,git,SoundList/17/LocName,0,-1,Branch Snaps,
thebattlefield,git,SoundList/18/LocName,0,-1,Rock Crumbles Cave Small,
thebattlefield,git,SoundList/19/LocName,0,-1,Twig Snaps,
thebattlefield,git,SoundList/2/LocName,0,-1,Wind Gust Chasm,
thebattlefield,git,SoundList/20/LocName,0,-1,Rock Crumbles Small,
thebattlefield,git,SoundList/21/LocName,0,-1,Woodpecker Pecks,
thebattlefield,git,SoundList/22/LocName,0,-1,Woodpecker Pecks,
thebattlefield,git,SoundList/23/LocName,0,-1,Woodpecker Pecks,
thebattlefield,git,SoundList/24/LocName,0,-1,Songbird Chirps,
thebattlefield,git,SoundList/25/LocName,0,-1,Woodpecker Pecks,
thebattlefield,git,SoundList/26/LocName,0,-1,Campfire,
thebattlefield,git,SoundList/27/LocName,0,-1,ww1_narrator194,
thebattlefield,git,SoundList/28/LocName,0,-1,ww1_narrator156,
thebattlefield,git,SoundList/3/LocName,0,-1,Wolf Howls,
thebattlefield,git,SoundList/4/LocName,0,-1,Torch Fire Small,
thebattlefield,git,SoundList/5/LocName,0,-1,Torch Fire Small,
thebattlefield,git,SoundList/6/LocName,0,-1,Crow Caws,
thebattlefield,git,SoundList/7/LocName,0,-1,Bird Flaps,
thebattlefield,git,SoundList/8/LocName,0,-1,Critters,
thebattlefield,git,SoundList/9/LocName,0,-1,Flies Loop,
thebattlefield,git,TriggerList/0/LocalizedName,0,14759,Message Trigger,
thebattlefield,git,TriggerList/1/LocalizedName,0,14759,Ragpicker Death vs Travel Check #2,
thebattlefield,git,TriggerList/2/LocalizedName,0,14760,To Mountain Pass,
thebattlefield,git,WaypointList/0/LocalizedName,0,14816,Ragpicker 2 Post,
thebattlefield,git,WaypointList/0/MapNote,0,-1,The Ragpicker,
thebattlefield,git,WaypointList/1/LocalizedName,0,14814,To Mountain Pass,
thebattlefield,git,WaypointList/1/MapNote,0,14815,To Mountain Pass,
thebattlefield,git,WaypointList/18/LocalizedName,0,14814,Prince Ahmed's Cairn,
thebattlefield,git,WaypointList/18/MapNote,0,14815,Prince Ahmed's Cairn,
thebattlefield,git,WaypointList/19/LocalizedName,0,14814,The Ragpicker,
thebattlefield,git,WaypointList/19/MapNote,0,14815,The Ragpicker,
thebattlefield,git,WaypointList/2/LocalizedName,0,14816,Death Spawnpoint X,
thebattlefield,git,WaypointList/20/LocalizedName,0,14814,To the Northern Pass,
thebattlefield,git,WaypointList/20/MapNote,0,14815,To the Northern Pass,
thebridge,git,Creature List/0/FirstName,0,-1,Ethereal Leak Spawner,
thebridge,git,Creature List/1/Description,0,2927,"Kobolds are small humanoids, dangerous only in great numbers.","코볼트는 작은 인간형 생명체로, 많은 수의 무리로 있을때 위험합니다."
thebridge,git,Creature List/1/Equip_ItemList/0/DescIdentified,0,-1,"Panels of hardened leather have been stitched onto the underlying rags. The leather has a sour smell, as if improperly cured.",
thebridge,git,Creature List/1/Equip_ItemList/0/LocalizedName,0,-1,Ragged Armor,
thebridge,git,Creature List/1/FirstName,0,2925,Kobold War Captain,
thebridge,git,Creature List/2/Equip_ItemList/0/DescIdentified,0,-1,This once fine burial armor now reeks of rot and decay.,
thebridge,git,Creature List/2/Equip_ItemList/0/LocalizedName,0,-1,Dead Man's Armor,
thebridge,git,Door List/0/LocName,0,5349,Door,문
thebridge,git,Door List/1/LocName,0,5349,Broken Gate,
thebridge,git,Door List/2/LocName,0,5349,Bone Gate,
thebridge,git,Door List/3/Description,0,-1,"Moss clings to the ancient stonework, slowly overwhelming it.",
thebridge,git,Door List/3/LocName,0,5349,Stone Door,
thebridge,git,Door List/4/Description,0,-1,"Moss clings to the ancient stonework, slowly overwhelming it.",
thebridge,git,Door List/4/LocName,0,5349,Stone Door,
thebridge,git,Encounter List/0/LocalizedName,0,-1,Kobolds,
thebridge,git,Encounter List/1/LocalizedName,0,-1,Ranged Kobolds,
thebridge,git,Encounter List/2/LocalizedName,0,-1,Ranged Kobolds,
thebridge,git,Encounter List/3/LocalizedName,0,-1,Melee Kobolds,
thebridge,git,Encounter List/4/LocalizedName,0,-1,Melee Kobolds,
thebridge,git,Encounter List/5/LocalizedName,0,-1,Kobolds,
thebridge,git,List/0/DescIdentified,0,-1,"You found this crude burlap sack oozing blood atop an altar north of Brogan's Arm. Peering inside, you see the head of a long-dead dwarf. The kobolds must have claimed it from one of the zombies in the Meerwood.",
thebridge,git,List/0/LocalizedName,0,-1,Zombie Head,
thebridge,git,Placeable List/0/Description,0,-1,Place this object in any area where you want tracking to occur.  Set Will to the DC of tracking in this area.,
thebridge,git,Placeable List/0/LocName,0,-1,Tracker,
thebridge,git,Placeable List/1/Description,0,66888,Dust consumes this yellowed skeleton.,
thebridge,git,SoundList/0/LocName,0,-1,Waterfall Over Edge Large,
thebridge,git,SoundList/1/LocName,0,-1,Waterfall Over Edge Large,
thebridge,git,SoundList/10/LocName,0,-1,Rock Crumbles Small,
thebridge,git,SoundList/11/LocName,0,-1,Ethereal Leak Loop,
thebridge,git,SoundList/12/LocName,0,-1,Songbird Chirps,
thebridge,git,SoundList/13/LocName,0,-1,Woodpecker Pecks,
thebridge,git,SoundList/14/LocName,0,-1,Wind Gust Chasm,
thebridge,git,SoundList/15/LocName,0,-1,Rock Crumbles Small,
thebridge,git,SoundList/16/LocName,0,-1,Rock Crumbles Small,
thebridge,git,SoundList/17/LocName,0,-1,Rock Crumbles Small,
thebridge,git,SoundList/2/LocName,0,-1,Waterfall Over Edge Large,
thebridge,git,SoundList/3/LocName,0,-1,Stream Medium-Soft,
thebridge,git,SoundList/4/LocName,0,-1,Stream Medium-Soft,
thebridge,git,SoundList/5/LocName,0,-1,Stream Medium-Soft,
thebridge,git,SoundList/6/LocName,0,-1,Stream Cave Tunnel,
thebridge,git,SoundList/7/LocName,0,-1,Rock Crumbles Small,
thebridge,git,SoundList/8/LocName,0,-1,Rock Crumbles Small,
thebridge,git,SoundList/9/LocName,0,-1,Rock Crumbles Small,
thebridge,git,TriggerList/0/LocalizedName,0,14760,To Brogan's Arm,
thebridge,git,WaypointList/0/LocalizedName,0,14817,To Brogan's Arm,
thebridge,git,WaypointList/0/MapNote,0,-1,To Brogan's Arm,
thebridge,git,WaypointList/1/LocalizedName,0,-1,Kobold Captian's Post,
thebridge,git,WaypointList/2/LocalizedName,0,14814,To the Meerwood,
thebridge,git,WaypointList/2/MapNote,0,14815,To the Meerwood,
thebridge,git,WaypointList/3/LocalizedName,0,14814,To the Southern Pass,
thebridge,git,WaypointList/3/MapNote,0,14815,To the Southern Pass,
thebridge,git,WaypointList/4/LocalizedName,0,14814,Ruined Dwarven Temple,
thebridge,git,WaypointList/4/MapNote,0,14815,Ruined Dwarven Temple,
thebridge,git,WaypointList/5/LocalizedName,0,14814,Bridge Gate,
thebridge,git,WaypointList/5/MapNote,0,14815,Bridge Gate,
thebridge,git,WaypointList/6/LocalizedName,0,14814,To Brogan's Arm,
thebridge,git,WaypointList/6/MapNote,0,14815,To Brogan's Arm,
theelkenherd,git,Creature List/0/FirstName,0,12441,Elkenbeast,
theelkenherd,git,Creature List/1/FirstName,0,12441,Elkenbeast,
theelkenherd,git,Creature List/10/Description,0,-1,"A worried look marks the face of this young dwarf. He exudes a calm self-confidence, however, as if he is infinitely comfortable with his place in the world. ",
theelkenherd,git,Creature List/10/Equip_ItemList/0/DescIdentified,0,-1,"Crafted from fine dwarven leathers, this light armor is traditonally worn by respected herdkeepers. Its intent is not to protect the wearer in battle but to keep at bay the thorns and thistles of the wild and the occasional bite of an angered animal.",
theelkenherd,git,Creature List/10/Equip_ItemList/0/LocalizedName,0,-1,Herdkeeper's Garb,
theelkenherd,git,Creature List/10/Equip_ItemList/2/LocalizedName,0,-1,WW Subrace: Cairn Dwarf,
theelkenherd,git,Creature List/10/FirstName,0,-1,Bernhardt,
theelkenherd,git,Creature List/10/LastName,0,-1,Huntersfeldt,
theelkenherd,git,Creature List/2/FirstName,0,12441,Elkenbeast,
theelkenherd,git,Creature List/3/FirstName,0,12441,Elkenbeast,
theelkenherd,git,Creature List/4/FirstName,0,12441,Elkenbeast,
theelkenherd,git,Creature List/5/FirstName,0,12441,Elkenbeast,
theelkenherd,git,Creature List/6/FirstName,0,12441,Elkenbeast,
theelkenherd,git,Creature List/7/FirstName,0,12441,Elkenbeast,
theelkenherd,git,Creature List/8/Description,0,12439,A strange heat radiates from the body of this felled Elkenbeast.,
theelkenherd,git,Creature List/8/FirstName,0,12441,Dead Elkenbeast,
theelkenherd,git,Creature List/9/FirstName,0,-1,Ethereal Leak Spawner,
theelkenherd,git,Door List/0/LocName,0,5349,Gate,
theelkenherd,git,Placeable List/0/Description,0,-1,Place this object in any area where you want tracking to occur.  Set Will to the DC of tracking in this area.,
theelkenherd,git,Placeable List/0/LocName,0,-1,Tracker,
theelkenherd,git,Placeable List/1/LocName,0,14657,Elkentree,
theelkenherd,git,SoundList/0/LocName,0,-1,Water Laps,
theelkenherd,git,SoundList/1/LocName,0,-1,Water Laps,
theelkenherd,git,SoundList/2/LocName,0,-1,Water Laps,
theelkenherd,git,TriggerList/0/LocalizedName,0,14759,Elkentree Trigger,
theelkenherd,git,TriggerList/1/LocalizedName,0,14759,Raggletag Killer,
theelkenherd,git,WaypointList/0/LocalizedName,0,-1,Bernhardt's Post,
theelkenherd,git,WaypointList/0/MapNote,0,-1,The Herdkeeper,
theelkenherd,git,WaypointList/1/LocalizedName,0,-1,Raggletag Post,
theelkenherd,git,WaypointList/2/LocalizedName,0,14814,The Elkentree,
theelkenherd,git,WaypointList/2/MapNote,0,14815,The Elkentree,
theelkenherd,git,WaypointList/3/LocalizedName,0,14814,To Brogan's Arm,
theelkenherd,git,WaypointList/3/MapNote,0,14815,To Brogan's Arm,
theelkenherd,git,WaypointList/4/LocalizedName,0,14814,Small Shrine,
theelkenherd,git,WaypointList/4/MapNote,0,14815,Small Shrine,
thenorthernpa001,git,Creature List/0/FirstName,0,12441,Elkenbeast,
thenorthernpa001,git,Creature List/2/FirstName,0,12441,Elkenbeast,
thenorthernpa001,git,Door List/0/Description,0,-1,"This crude doorway is cut into the cliff-face, leading to some sort of cavern within. High-pitched squeals and sounds of combat echo from within.",
thenorthernpa001,git,Door List/0/LocName,0,5349,Cavern Entrance,
thenorthernpa001,git,Encounter List/0/LocalizedName,0,-1,Wolf Pack,
thenorthernpa001,git,Encounter List/1/LocalizedName,0,-1,Goblins,
thenorthernpa001,git,Encounter List/2/LocalizedName,0,-1,Wolf Pack,
thenorthernpa001,git,Placeable List/0/Description,0,-1,Place this object in any area where you want tracking to occur.  Set Will to the DC of tracking in this area.,
thenorthernpa001,git,Placeable List/0/LocName,0,-1,Tracker,
thenorthernpa001,git,SoundList/0/LocName,0,-1,Wererat Cave Grunts,
thenorthernpa001,git,SoundList/1/LocName,0,-1,Rock Crumbles Small,
thenorthernpa001,git,SoundList/10/LocName,0,-1,Rock Crumbles Small,
thenorthernpa001,git,SoundList/11/LocName,0,-1,Songbird Chirps,
thenorthernpa001,git,SoundList/12/LocName,0,-1,Torch Fire Small,
thenorthernpa001,git,SoundList/13/LocName,0,-1,Torch Fire Small,
thenorthernpa001,git,SoundList/14/LocName,0,-1,Woodpecker Pecks,
thenorthernpa001,git,SoundList/15/LocName,0,-1,Wind Gust Chasm,
thenorthernpa001,git,SoundList/16/LocName,0,-1,Wolf Howls,
thenorthernpa001,git,SoundList/17/LocName,0,-1,Wolf Howls,
thenorthernpa001,git,SoundList/18/LocName,0,-1,ww1_narrator181,
thenorthernpa001,git,SoundList/2/LocName,0,-1,Woodpecker Pecks,
thenorthernpa001,git,SoundList/3/LocName,0,-1,Wolf Howls,
thenorthernpa001,git,SoundList/4/LocName,0,-1,Owl Hoots,
thenorthernpa001,git,SoundList/5/LocName,0,-1,Hawk Cry,
thenorthernpa001,git,SoundList/6/LocName,0,-1,Wind Gust Chasm,
thenorthernpa001,git,SoundList/7/LocName,0,-1,Rock Crumbles Small,
thenorthernpa001,git,SoundList/8/LocName,0,-1,Rock Crumbles Small,
thenorthernpa001,git,SoundList/9/LocName,0,-1,Rock Crumbles Small,
thenorthernpa001,git,TriggerList/0/LocalizedName,0,14760,To Cemetery,
thenorthernpa001,git,TriggerList/1/LocalizedName,0,14759,Ragpicker Death vs Travel Check #1,
thenorthernpa001,git,TriggerList/2/LocalizedName,0,14760,To Dawn Area,
thenorthernpa001,git,WaypointList/0/LocalizedName,0,14817,From Dawn Area,
thenorthernpa001,git,WaypointList/0/MapNote,0,-1,To the Battlefield,
thenorthernpa001,git,WaypointList/1/LocalizedName,0,14817,From Cemetery,
thenorthernpa001,git,WaypointList/1/MapNote,0,-1,To Cemetery,
thenorthernpa001,git,WaypointList/2/LocalizedName,0,14814,To the Battlefield,
thenorthernpa001,git,WaypointList/2/MapNote,0,14815,To the Battlefield,
thenorthernpa001,git,WaypointList/3/LocalizedName,0,14814,Cavern,
thenorthernpa001,git,WaypointList/3/MapNote,0,14815,Cavern,
thenorthernpa001,git,WaypointList/4/LocalizedName,0,14814,To the Night Hag,
thenorthernpa001,git,WaypointList/4/MapNote,0,14815,To the Night Hag,
thesouthernpa001,git,Creature List/0/Equip_ItemList/0/DescIdentified,0,-1,These once fine burial clothes now reek of rot and decay.,
thesouthernpa001,git,Creature List/0/Equip_ItemList/0/LocalizedName,0,-1,Graveclothes,
thesouthernpa001,git,Door List/0/LocName,0,5349,Gate,
thesouthernpa001,git,Encounter List/0/LocalizedName,0,-1,Ranged Kobolds,
thesouthernpa001,git,Encounter List/1/LocalizedName,0,-1,Melee Kobolds,
thesouthernpa001,git,Encounter List/2/LocalizedName,0,-1,Melee Kobolds,
thesouthernpa001,git,Encounter List/3/LocalizedName,0,-1,Melee Kobolds,
thesouthernpa001,git,Encounter List/4/LocalizedName,0,-1,Melee Kobolds,
thesouthernpa001,git,Placeable List/0/Description,0,-1,Place this object in any area where you want tracking to occur.  Set Will to the DC of tracking in this area.,
thesouthernpa001,git,Placeable List/0/LocName,0,-1,Tracker,
thesouthernpa001,git,SoundList/0/LocName,0,-1,Flies Loop,
thesouthernpa001,git,SoundList/1/LocName,0,-1,Zombie Moans,
thesouthernpa001,git,SoundList/10/LocName,0,-1,Rock Crumbles Small,
thesouthernpa001,git,SoundList/11/LocName,0,-1,Rock Crumbles Small,
thesouthernpa001,git,SoundList/12/LocName,0,-1,Rock Crumbles Small,
thesouthernpa001,git,SoundList/13/LocName,0,-1,Rock Crumbles Small,
thesouthernpa001,git,SoundList/14/LocName,0,-1,Rock Crumbles Small,
thesouthernpa001,git,SoundList/15/LocName,0,-1,Rock Crumbles Small,
thesouthernpa001,git,SoundList/16/LocName,0,-1,Rock Crumbles Small,
thesouthernpa001,git,SoundList/17/LocName,0,-1,Rock Crumbles Small,
thesouthernpa001,git,SoundList/18/LocName,0,-1,Wind Gust Grass,
thesouthernpa001,git,SoundList/19/LocName,0,-1,Wind Gust Soft,
thesouthernpa001,git,SoundList/2/LocName,0,-1,Bush Rustles,
thesouthernpa001,git,SoundList/20/LocName,0,-1,Wind Gust Strong,
thesouthernpa001,git,SoundList/3/LocName,0,-1,Twig Snaps,
thesouthernpa001,git,SoundList/4/LocName,0,-1,Rock Crumbles Small,
thesouthernpa001,git,SoundList/5/LocName,0,-1,Rock Crumbles Small,
thesouthernpa001,git,SoundList/6/LocName,0,-1,Rock Crumbles Small,
thesouthernpa001,git,SoundList/7/LocName,0,-1,Rock Crumbles Small,
thesouthernpa001,git,SoundList/8/LocName,0,-1,Rock Crumbles Small,
thesouthernpa001,git,SoundList/9/LocName,0,-1,Rock Crumbles Small,
thesouthernpa001,git,TriggerList/0/LocalizedName,0,14760,To the Bridge,
thesouthernpa001,git,TriggerList/1/LocalizedName,0,14760,To Myrkwood,
thesouthernpa001,git,WaypointList/0/LocalizedName,0,14817,To Myrkwood,
thesouthernpa001,git,WaypointList/0/MapNote,0,-1,To Myrkwood,
thesouthernpa001,git,WaypointList/1/LocalizedName,0,-1,Zombie Post,
thesouthernpa001,git,WaypointList/2/LocalizedName,0,14814,To the Cemetery,
thesouthernpa001,git,WaypointList/2/MapNote,0,14815,To the Cemetery,
thesouthernpa001,git,WaypointList/3/LocalizedName,0,14814,To the Meerwood,
thesouthernpa001,git,WaypointList/3/MapNote,0,14815,To the Meerwood,
thesouthernpa001,git,WaypointList/4/LocalizedName,0,14814,To Brogan's Arm,
thesouthernpa001,git,WaypointList/4/MapNote,0,14815,To Brogan's Arm,
tourofsorrow,git,Creature List/0/Description,0,-1,"Though it seems to harbor no ill intent towards you, this strange creature has taken a definite interest in your belongings.",
tourofsorrow,git,Creature List/0/FirstName,0,-1,Ethereal Filcher,
tourofsorrow,git,Creature List/1/Description,0,-1,"Pale and wispy, this ghostly dwarf bears a horrible gash down his left side. His entrails dangle from the broken bridge into the vast darkness below. The uniform he wears is all too familiar to you.",
tourofsorrow,git,Creature List/1/Equip_ItemList/0/DescIdentified,0,-1,"Worn by men and women in the King's service, this armor is intended for both battle and ceremonial use.",
tourofsorrow,git,Creature List/1/Equip_ItemList/0/LocalizedName,0,-1,King's Splint,
tourofsorrow,git,Creature List/1/Equip_ItemList/1/LocalizedName,0,-1,WW Subrace: Cairn Dwarf,
tourofsorrow,git,Creature List/1/FirstName,0,-1,Morrius,
tourofsorrow,git,Creature List/1/LastName,0,-1,Helmsplitter,
tourofsorrow,git,Creature List/2/Description,0,12628,"The Night Hag's pale green face emerges from the mists, a welcome sight after the perils of the Barrier. She seems ageless here, neither old nor young, only weary from her efforts on your behalf.",
tourofsorrow,git,Creature List/2/Equip_ItemList/0/LocalizedName,0,-1,Robes of the Night Hag,
tourofsorrow,git,Creature List/2/FirstName,0,12629,Night Hag,
tourofsorrow,git,Door List/0/Description,0,-1,Rust pocks the once-smooth surface of this metal-plated door.,
tourofsorrow,git,Door List/0/LocName,0,5349,Metal Door,
tourofsorrow,git,Door List/1/Description,0,-1,Rust pocks the once-smooth surface of this metal-plated door.,
tourofsorrow,git,Door List/1/LocName,0,5349,Metal Door,
tourofsorrow,git,Door List/2/Description,0,-1,"Decorated in ivy patterns, this ornate gate rises from a slot in the floor below.",
tourofsorrow,git,Door List/2/LocName,0,5349,Wrought-Iron Gate,
tourofsorrow,git,Door List/3/Description,0,-1,"Decorated in ivy patterns, this ornate gate rises from a slot in the floor below.",
tourofsorrow,git,Door List/3/LocName,0,5349,Wrought-Iron Gate,
tourofsorrow,git,Door List/4/Description,0,-1,"Decorated in ivy patterns, this ornate gate rises from a slot in the floor below.",
tourofsorrow,git,Door List/4/LocName,0,5349,Wrought-Iron Gate,
tourofsorrow,git,Door List/5/Description,0,-1,"Decorated in ivy patterns, this ornate gate rises from a slot in the floor below.",
tourofsorrow,git,Door List/5/LocName,0,5349,Wrought-Iron Gate,
tourofsorrow,git,Door List/6/Description,0,-1,"Decorated in ivy patterns, this ornate gate rises from a slot in the floor below.",
tourofsorrow,git,Door List/6/LocName,0,5349,Wrought-Iron Gate,
tourofsorrow,git,Placeable List/1/Description,0,14747,"Fed by the waters of the River Styx, far below, the Tree of Life bars the progress of all those who are no longer bonded to the Land of the Living.",
tourofsorrow,git,Placeable List/1/LocName,0,5743,Tree of Life,
tourofsorrow,git,Placeable List/10/LocName,0,64112,Filcher's Loot,
tourofsorrow,git,Placeable List/100/LocName,0,64112,Filcher's Loot,
tourofsorrow,git,Placeable List/101/LocName,0,64112,Filcher's Loot,
tourofsorrow,git,Placeable List/102/LocName,0,64112,Filcher's Loot,
tourofsorrow,git,Placeable List/103/LocName,0,64112,Filcher's Loot,
tourofsorrow,git,Placeable List/104/LocName,0,64112,Filcher's Loot,
tourofsorrow,git,Placeable List/105/LocName,0,64112,Filcher's Gold,
tourofsorrow,git,Placeable List/106/LocName,0,64112,Filcher's Gold,
tourofsorrow,git,Placeable List/107/LocName,0,64112,Filcher's Gold,
tourofsorrow,git,Placeable List/108/LocName,0,64112,Filcher's Gold,
tourofsorrow,git,Placeable List/109/LocName,0,64112,Filcher's Gold,
tourofsorrow,git,Placeable List/11/LocName,0,64112,Filcher's Loot,
tourofsorrow,git,Placeable List/110/LocName,0,64112,Filcher's Gold,
tourofsorrow,git,Placeable List/111/LocName,0,64112,Filcher's Gold,
tourofsorrow,git,Placeable List/112/LocName,0,64112,Filcher's Gold,
tourofsorrow,git,Placeable List/113/LocName,0,64112,Filcher's Gold,
tourofsorrow,git,Placeable List/114/LocName,0,64112,Filcher's Gold,
tourofsorrow,git,Placeable List/115/LocName,0,64112,Filcher's Gold,
tourofsorrow,git,Placeable List/116/LocName,0,64112,Filcher's Gold,
tourofsorrow,git,Placeable List/117/LocName,0,64112,Filcher's Gold,
tourofsorrow,git,Placeable List/118/LocName,0,64112,Filcher's Treasure,
tourofsorrow,git,Placeable List/12/LocName,0,64112,Filcher's Crate,
tourofsorrow,git,Placeable List/120/LocName,0,64112,Filcher's Gold,
tourofsorrow,git,Placeable List/121/LocName,0,64112,Filcher's Loot,
tourofsorrow,git,Placeable List/122/LocName,0,64112,Filcher's Loot,
tourofsorrow,git,Placeable List/123/LocName,0,64112,Filcher's Loot,
tourofsorrow,git,Placeable List/124/LocName,0,5800,Night Hag,
tourofsorrow,git,Placeable List/125/LocName,0,5800,Night Hag,
tourofsorrow,git,Placeable List/126/LocName,0,5800,Night Hag,
tourofsorrow,git,Placeable List/127/LocName,0,14633,Door Lever,
tourofsorrow,git,Placeable List/128/LocName,0,14633,Door Lever,
tourofsorrow,git,Placeable List/129/LocName,0,14633,Door Lever,
tourofsorrow,git,Placeable List/13/LocName,0,64112,Filcher's Gold,
tourofsorrow,git,Placeable List/130/LocName,0,14633,Door Lever,
tourofsorrow,git,Placeable List/131/LocName,0,14633,Door Lever,
tourofsorrow,git,Placeable List/14/LocName,0,64112,Filcher's Gold,
tourofsorrow,git,Placeable List/15/LocName,0,64112,Filcher's Gold,
tourofsorrow,git,Placeable List/16/LocName,0,64112,Filcher's Gold,
tourofsorrow,git,Placeable List/17/LocName,0,64112,Filcher's Gold,
tourofsorrow,git,Placeable List/18/LocName,0,64112,Filcher's Loot,
tourofsorrow,git,Placeable List/19/LocName,0,64112,Filcher's Loot,
tourofsorrow,git,Placeable List/2/LocName,0,64112,Filcher's Chest,
tourofsorrow,git,Placeable List/20/LocName,0,64112,Filcher's Gold,
tourofsorrow,git,Placeable List/21/LocName,0,64112,Filcher's Gold,
tourofsorrow,git,Placeable List/22/LocName,0,64112,Filcher's Gold,
tourofsorrow,git,Placeable List/23/LocName,0,64112,Filcher's Gold,
tourofsorrow,git,Placeable List/24/LocName,0,64112,Filcher's Gold,
tourofsorrow,git,Placeable List/25/LocName,0,64112,Filcher's Gold,
tourofsorrow,git,Placeable List/26/LocName,0,64112,Filcher's Gold,
tourofsorrow,git,Placeable List/27/LocName,0,64112,Filcher's Gold,
tourofsorrow,git,Placeable List/28/LocName,0,64112,Filcher's Gold,
tourofsorrow,git,Placeable List/29/LocName,0,64112,Filcher's Gold,
tourofsorrow,git,Placeable List/3/LocName,0,64112,Filcher's Crate,
tourofsorrow,git,Placeable List/30/LocName,0,64112,Filcher's Gold,
tourofsorrow,git,Placeable List/31/LocName,0,64112,Filcher's Gold,
tourofsorrow,git,Placeable List/32/LocName,0,64112,Filcher's Gold,
tourofsorrow,git,Placeable List/33/LocName,0,64112,Filcher's Loot,
tourofsorrow,git,Placeable List/34/LocName,0,64112,Filcher's Treasure,
tourofsorrow,git,Placeable List/35/LocName,0,64112,Filcher's Chest,
tourofsorrow,git,Placeable List/36/LocName,0,64112,Filcher's Chest,
tourofsorrow,git,Placeable List/37/LocName,0,64112,Filcher's Crate,
tourofsorrow,git,Placeable List/38/LocName,0,64112,Filcher's Loot,
tourofsorrow,git,Placeable List/39/LocName,0,64112,Filcher's Loot,
tourofsorrow,git,Placeable List/4/LocName,0,64112,Filcher's Loot,
tourofsorrow,git,Placeable List/40/LocName,0,64112,Filcher's Loot,
tourofsorrow,git,Placeable List/41/LocName,0,64112,Filcher's Gold,
tourofsorrow,git,Placeable List/42/LocName,0,64112,Filcher's Gold,
tourofsorrow,git,Placeable List/43/LocName,0,64112,Filcher's Gold,
tourofsorrow,git,Placeable List/44/LocName,0,64112,Filcher's Gold,
tourofsorrow,git,Placeable List/45/LocName,0,64112,Filcher's Gold,
tourofsorrow,git,Placeable List/46/LocName,0,64112,Filcher's Loot,
tourofsorrow,git,Placeable List/47/LocName,0,64112,Filcher's Loot,
tourofsorrow,git,Placeable List/48/LocName,0,64112,Filcher's Loot,
tourofsorrow,git,Placeable List/49/LocName,0,64112,Filcher's Gold,
tourofsorrow,git,Placeable List/5/LocName,0,64112,Filcher's Loot,
tourofsorrow,git,Placeable List/50/LocName,0,64112,Filcher's Gold,
tourofsorrow,git,Placeable List/51/LocName,0,64112,Filcher's Gold,
tourofsorrow,git,Placeable List/52/LocName,0,64112,Filcher's Gold,
tourofsorrow,git,Placeable List/53/LocName,0,64112,Filcher's Gold,
tourofsorrow,git,Placeable List/54/LocName,0,64112,Filcher's Gold,
tourofsorrow,git,Placeable List/55/LocName,0,64112,Filcher's Gold,
tourofsorrow,git,Placeable List/56/LocName,0,64112,Filcher's Gold,
tourofsorrow,git,Placeable List/57/LocName,0,64112,Filcher's Gold,
tourofsorrow,git,Placeable List/58/LocName,0,64112,Filcher's Loot,
tourofsorrow,git,Placeable List/59/LocName,0,64112,Filcher's Loot,
tourofsorrow,git,Placeable List/6/LocName,0,64112,Filcher's Gold,
tourofsorrow,git,Placeable List/60/LocName,0,64112,Filcher's Loot,
tourofsorrow,git,Placeable List/61/LocName,0,64112,Filcher's Loot,
tourofsorrow,git,Placeable List/62/LocName,0,64112,Filcher's Gold,
tourofsorrow,git,Placeable List/63/LocName,0,64112,Filcher's Gold,
tourofsorrow,git,Placeable List/64/LocName,0,64112,Filcher's Treasure,
tourofsorrow,git,Placeable List/66/LocName,0,64112,Filcher's Chest,
tourofsorrow,git,Placeable List/67/LocName,0,64112,Filcher's Chest,
tourofsorrow,git,Placeable List/68/LocName,0,64112,Filcher's Chest,
tourofsorrow,git,Placeable List/69/LocName,0,64112,Filcher's Loot,
tourofsorrow,git,Placeable List/7/LocName,0,64112,Filcher's Gold,
tourofsorrow,git,Placeable List/70/LocName,0,64112,Filcher's Gold,
tourofsorrow,git,Placeable List/71/LocName,0,64112,Filcher's Gold,
tourofsorrow,git,Placeable List/72/LocName,0,64112,Filcher's Gold,
tourofsorrow,git,Placeable List/73/LocName,0,64112,Filcher's Gold,
tourofsorrow,git,Placeable List/74/LocName,0,64112,Filcher's Gold,
tourofsorrow,git,Placeable List/75/LocName,0,64112,Filcher's Loot,
tourofsorrow,git,Placeable List/76/LocName,0,64112,Filcher's Loot,
tourofsorrow,git,Placeable List/77/LocName,0,64112,Filcher's Loot,
tourofsorrow,git,Placeable List/78/LocName,0,64112,Filcher's Loot,
tourofsorrow,git,Placeable List/79/LocName,0,64112,Filcher's Loot,
tourofsorrow,git,Placeable List/8/LocName,0,64112,Filcher's Gold,
tourofsorrow,git,Placeable List/80/LocName,0,64112,Filcher's Gold,
tourofsorrow,git,Placeable List/81/LocName,0,64112,Filcher's Gold,
tourofsorrow,git,Placeable List/82/LocName,0,64112,Filcher's Gold,
tourofsorrow,git,Placeable List/83/LocName,0,64112,Filcher's Gold,
tourofsorrow,git,Placeable List/84/LocName,0,64112,Filcher's Gold,
tourofsorrow,git,Placeable List/85/LocName,0,64112,Filcher's Gold,
tourofsorrow,git,Placeable List/86/LocName,0,64112,Filcher's Gold,
tourofsorrow,git,Placeable List/87/LocName,0,64112,Filcher's Gold,
tourofsorrow,git,Placeable List/88/LocName,0,64112,Filcher's Gold,
tourofsorrow,git,Placeable List/89/LocName,0,64112,Filcher's Gold,
tourofsorrow,git,Placeable List/9/LocName,0,64112,Filcher's Loot,
tourofsorrow,git,Placeable List/90/LocName,0,64112,Filcher's Gold,
tourofsorrow,git,Placeable List/91/LocName,0,64112,Filcher's Gold,
tourofsorrow,git,Placeable List/92/LocName,0,64112,Filcher's Loot,
tourofsorrow,git,Placeable List/93/LocName,0,64112,Filcher's Treasure,
tourofsorrow,git,Placeable List/94/LocName,0,64112,Filcher's Crate,
tourofsorrow,git,Placeable List/95/LocName,0,64112,Filcher's Crate,
tourofsorrow,git,Placeable List/96/LocName,0,64112,Filcher's Crate,
tourofsorrow,git,Placeable List/97/LocName,0,64112,Filcher's Loot,
tourofsorrow,git,Placeable List/98/LocName,0,64112,Filcher's Loot,
tourofsorrow,git,Placeable List/99/LocName,0,64112,Filcher's Loot,
tourofsorrow,git,SoundList/0/LocName,0,-1,Torch Fire Small,
tourofsorrow,git,SoundList/1/LocName,0,-1,Torch Fire Small,
tourofsorrow,git,SoundList/10/LocName,0,-1,Torch Fire Small,
tourofsorrow,git,SoundList/11/LocName,0,-1,Torch Fire Small,
tourofsorrow,git,SoundList/12/LocName,0,-1,Torch Fire Small,
tourofsorrow,git,SoundList/13/LocName,0,-1,Torch Fire Small,
tourofsorrow,git,SoundList/14/LocName,0,-1,Torch Fire Small,
tourofsorrow,git,SoundList/15/LocName,0,-1,Torch Fire Small,
tourofsorrow,git,SoundList/16/LocName,0,-1,Torch Fire Small,
tourofsorrow,git,SoundList/17/LocName,0,-1,Torch Fire Small,
tourofsorrow,git,SoundList/18/LocName,0,-1,Torch Fire Small,
tourofsorrow,git,SoundList/19/LocName,0,-1,Torch Fire Small,
tourofsorrow,git,SoundList/2/LocName,0,-1,Torch Fire Small,
tourofsorrow,git,SoundList/20/LocName,0,-1,Torch Fire Small,
tourofsorrow,git,SoundList/21/LocName,0,-1,Torch Fire Small,
tourofsorrow,git,SoundList/22/LocName,0,-1,Torch Fire Small,
tourofsorrow,git,SoundList/23/LocName,0,-1,Torch Fire Small,
tourofsorrow,git,SoundList/24/LocName,0,-1,Torch Fire Small,
tourofsorrow,git,SoundList/25/LocName,0,-1,Torch Fire Small,
tourofsorrow,git,SoundList/26/LocName,0,-1,Torch Fire Small,
tourofsorrow,git,SoundList/27/LocName,0,-1,Torch Fire Small,
tourofsorrow,git,SoundList/28/LocName,0,-1,Torch Fire Small,
tourofsorrow,git,SoundList/29/LocName,0,-1,Torch Fire Small,
tourofsorrow,git,SoundList/3/LocName,0,-1,Torch Fire Small,
tourofsorrow,git,SoundList/30/LocName,0,-1,Torch Fire Small,
tourofsorrow,git,SoundList/31/LocName,0,-1,Magic Portal Evil,
tourofsorrow,git,SoundList/32/LocName,0,-1,Stream Cave Tunnel 3,
tourofsorrow,git,SoundList/33/LocName,0,-1,Stream Cave Tunnel 3,
tourofsorrow,git,SoundList/34/LocName,0,-1,Crypt Moans,
tourofsorrow,git,SoundList/35/LocName,0,-1,ww1_narrator195,
tourofsorrow,git,SoundList/4/LocName,0,-1,Torch Fire Small,
tourofsorrow,git,SoundList/5/LocName,0,-1,Torch Fire Small,
tourofsorrow,git,SoundList/6/LocName,0,-1,Torch Fire Small,
tourofsorrow,git,SoundList/7/LocName,0,-1,Torch Fire Small,
tourofsorrow,git,SoundList/8/LocName,0,-1,Torch Fire Small,
tourofsorrow,git,SoundList/9/LocName,0,-1,Torch Fire Small,
tourofsorrow,git,TriggerList/0/LocalizedName,0,14759,Filcher Killer,
tourofsorrow,git,TriggerList/1/LocalizedName,0,14759,Filcher Killer,
tourofsorrow,git,TriggerList/10/LocalizedName,0,14759,Stygia Gate Closer,
tourofsorrow,git,TriggerList/11/LocalizedName,0,14759,Stygia Gate Closer,
tourofsorrow,git,TriggerList/12/LocalizedName,0,14759,Stygia Gate Closer,
tourofsorrow,git,TriggerList/13/LocalizedName,0,14759,Stygia Gate Closer,
tourofsorrow,git,TriggerList/14/LocalizedName,0,14759,Filchable Off,
tourofsorrow,git,TriggerList/2/LocalizedName,0,14759,Filchable On,
tourofsorrow,git,TriggerList/3/LocalizedName,0,14759,Filchable Off,
tourofsorrow,git,TriggerList/4/LocalizedName,0,14759,Filchable On,
tourofsorrow,git,TriggerList/5/LocalizedName,0,14759,Night Hag Tour 1,
tourofsorrow,git,TriggerList/6/LocalizedName,0,14759,Night Hag Tour 2,
tourofsorrow,git,TriggerList/7/LocalizedName,0,14759,Night Hag Tour 4,
tourofsorrow,git,TriggerList/8/LocalizedName,0,14759,Night Hag Tour 3,
tourofsorrow,git,TriggerList/9/LocalizedName,0,14759,Stygia Gate Closer,
tourofsorrow,git,WaypointList/0/LocalizedName,0,14816,Tour Spawnpoint,
tourofsorrow,git,WaypointList/0/MapNote,0,-1,The Isle of the Dead,
tourofsorrow,git,WaypointList/1/LocalizedName,0,14816,Tree of Life,
tourofsorrow,git,WaypointList/2/LocalizedName,0,14816,Filcher Stash,
tourofsorrow,git,WaypointList/3/LocalizedName,0,14816,Filcher Stash,
tourofsorrow,git,WaypointList/4/LocalizedName,0,14816,Filcher Stash,
tourofsorrow,git,WaypointList/5/LocalizedName,0,14816,Filcher Stash,
tourofsorrow,git,WaypointList/6/LocalizedName,0,14814,The Night Hag,
tourofsorrow,git,WaypointList/6/MapNote,0,14815,The Night Hag,
tourofsorrow,git,WaypointList/7/LocalizedName,0,14814,The Barrier,
tourofsorrow,git,WaypointList/7/MapNote,0,14815,The Barrier,
tourofsorrow,git,WaypointList/8/LocalizedName,0,14814,The Tree of Life,
tourofsorrow,git,WaypointList/8/MapNote,0,14815,The Tree of Life,
