Resource,ResType,FieldPath,LangID,StrRef,TextEng,Text
ak_st_0_disciple,dlg,EntryList/1/Text,0,-1,"Speak with Ghasaran, <Race> <man/woman>! He desires to share words with you, and you shall do as he commands!",
ak_st_0_disciple,dlg,EntryList/2/Text,0,-1,"<< Set owner's journal quest to ""JT_PREL_KARA"" >>",
ak_st_0_disciple,dlg,EntryList/3/Text,0,-1,"<< Set owner's journal quest to ""JT_PREL_KARA_2"" >>",
ak_st_0_disciple,dlg,EntryList/4/Text,0,-1,"<< Activates ""N_TALK_SWITCH"" if ""N_MODULE_STAGE"" is 0. >>",
ak_st_0_disciple,dlg,EntryList/5/Text,0,-1,"<< This conversation node does nothing but reset the variable ""N_TALK_SWITCH"" >>",
ak_st_0_ghasaran,dlg,EntryList/1/Text,0,-1,"Prepare to die, fool!",
ak_st_0_ghasaran,dlg,EntryList/10/Text,0,-1,"Little fool! I must do nothing, particular not at the command of a pitiful <man/woman> such as you!",
ak_st_0_ghasaran,dlg,EntryList/11/Text,0,-1,"<StartAction>[Ghasaran snickers at you.]</Start> Yes, it seems that I am...",
ak_st_0_ghasaran,dlg,EntryList/12/Text,0,-1,Men! Secure the doors! Let us spill the blood of these fools for the glory of the Mother of Death!,
ak_st_0_ghasaran,dlg,EntryList/13/Text,0,-1,"<StartAction>[Suddenly, Ghasaran's men swing the doors to the chamber shut, quickly barring them and securing the lock. It appears you are trapped in here along with Kara...]</Start>",
ak_st_0_ghasaran,dlg,EntryList/14/Text,0,-1,"<StartAction>[The terrifying visage of the man called Ghasaran looks down upon you.]</Start> So, you have returned, <Race> <man/woman>, and I hope you have reconsidered telling us where we may find the witch we seek!",
ak_st_0_ghasaran,dlg,EntryList/15/Text,0,-1,"<StartAction>[Before you stands a man adorned in blood red armor, his face concealed behind a hideous mask. Just the mere sight of him is enough to send shivers running down your spine...]</Start>",
ak_st_0_ghasaran,dlg,EntryList/16/Text,0,-1,<StartAction>[The fearsome man points at you.]</Start> You there! <Race> <man/woman>! I must speak with you!,
ak_st_0_ghasaran,dlg,EntryList/17/Text,0,-1,"<StartAction>[The man grabs you roughly by the arm.]</Start> You will hear me out, <Race> <man/woman>, for such is my demand, and none refuse me!",
ak_st_0_ghasaran,dlg,EntryList/18/Text,0,-1,"<StartAction>[You hear a deep snarl from within the depths of the man's helm.]</Start> You would be wise to listen to my words, <Race> <man/woman>, for you may be rewarded well for your aid!",
ak_st_0_ghasaran,dlg,EntryList/19/Text,0,-1,"<StartAction>[The man appears on the brink of lashing out at you, but after a long moment, he finally backs away.]</Start> Go then! Return to me should you desire the opportunity to be well rewarded with a purse of 500 gold pieces!",
ak_st_0_ghasaran,dlg,EntryList/2/Text,0,-1,"So, little worm, do you have any last words before joining this witch in death?!",
ak_st_0_ghasaran,dlg,EntryList/20/Text,0,-1,"I am Ghasaran, and I seek your aid! I have heard word that you witnessed the summoning of a spirit of the Underworld in this city, and I desire to know where I may find the witch who called it forth!",
ak_st_0_ghasaran,dlg,EntryList/21/Text,0,-1,"Tell me of her whereabouts, and you shall be rewarded well with a purse of 500 gold pieces!",
ak_st_0_ghasaran,dlg,EntryList/22/Text,0,-1,"<StartAction>[Ghasaran growls at you menacingly.]</Start> So be it, <Race> <man/woman>! We shall simply have to find the witch on our own! Do not worry... She will not escape our grasp for long!",
ak_st_0_ghasaran,dlg,EntryList/23/Text,0,-1,"<StartAction>[Ghasaran motions for his lackeys to accompany him, and they quickly depart...]</Start>",
ak_st_0_ghasaran,dlg,EntryList/24/Text,0,-1,"<StartAction>[Ghasaran looks down upon you, as though searching your mind for the truth of your answer.]</Start> So be it! We must go in search of the witch at once, before she has a chance to escape our clutches!",
ak_st_0_ghasaran,dlg,EntryList/25/Text,0,-1,"For now, I shall give you half of your promised reward... To claim the other half, I must insist you come to the witch's location, and ensure that we procure her with no difficulty...",
ak_st_0_ghasaran,dlg,EntryList/26/Text,0,-1,"<StartAction>[An unearthly growl rumbles inside Ghasaran's mask.]</Start> You shall demand nothing of me! Either accept my terms or refuse them, but I shall pay you no more until the witch is in our custody!",
ak_st_0_ghasaran,dlg,EntryList/27/Text,0,-1,"<StartAction>[You can feel Ghasaran's icy stare bearing down into you.]</Start> You will accept it, or receive no reward, fool! I must ensure that you are telling the truth, now mustn't I?",
ak_st_0_ghasaran,dlg,EntryList/28/Text,0,-1,"Come join us in abducting the witch, and when the deed is done, you shall be paid in full... <StartAction>[Apparently considering the matter resolved, Ghasaran turns away from you.]</Start>",
ak_st_0_ghasaran,dlg,EntryList/29/Text,0,-1,"<StartAction>[Ghasaran motions for his lackeys to accompany him, and they quickly depart in the direction you pointed them...]</Start>",
ak_st_0_ghasaran,dlg,EntryList/3/Text,0,-1,"That is a matter which does not concern you, little fool, and one which I am quite afraid you will not live long enough to learn... Now, prepare to meet the Mother of Death, and accept her cold embrace!",
ak_st_0_ghasaran,dlg,EntryList/30/Text,0,-1,"<StartAction>[Ghasaran looks down upon you, as though searching your mind for the truth of your answer.]</Start> So be it! We shall go at once to find the witch at this tavern!",
ak_st_0_ghasaran,dlg,EntryList/31/Text,0,-1,"For now, I shall give you half of your promised reward... To claim the other half, I must insist you come to the witch's location, and ensure that we procure her with no difficulty...",
ak_st_0_ghasaran,dlg,EntryList/32/Text,0,-1,"<StartAction>[An unearthly growl rumbles inside Ghasaran's mask.]</Start> You shall demand nothing of me! Either accept my terms or refuse them, but I shall pay you no more until the witch is in our custody!",
ak_st_0_ghasaran,dlg,EntryList/33/Text,0,-1,"<StartAction>[You can feel Ghasaran's icy stare bearing down into you.]</Start> You will accept it, or receive no reward, fool! I must ensure that you are telling the truth, now mustn't I?",
ak_st_0_ghasaran,dlg,EntryList/34/Text,0,-1,"Come join us in abducting the witch, and when the deed is done, you shall be paid in full... <StartAction>[Apparently considering the matter resolved, Ghasaran turns away from you.]</Start>",
ak_st_0_ghasaran,dlg,EntryList/35/Text,0,-1,"<StartAction>[Ghasaran motions for his lackeys to accompany him, and they quickly depart in the direction you pointed them...]</Start>",
ak_st_0_ghasaran,dlg,EntryList/36/Text,0,-1,"That is for us to know only! It is of no concern to you! If you wish to receive your reward, you will cooperate with us fully!",
ak_st_0_ghasaran,dlg,EntryList/37/Text,0,-1,"<StartAction>[Ghasaran shakes visibly in anger.]</Start> If you must know, the woman we seek is a traitor to our holiest of orders, and we seek to bring vengeance upon her!",
ak_st_0_ghasaran,dlg,EntryList/38/Text,0,-1,"<< Set owner's journal quest to ""JT_PREL_KARA_2"" >>",
ak_st_0_ghasaran,dlg,EntryList/39/Text,0,-1,"<< Activates ""N_TALK_SWITCH"" if ""N_MODULE_STAGE"" is 0. >>",
ak_st_0_ghasaran,dlg,EntryList/4/Text,0,-1,"<StartAction>[Ghasaran cackles evilly.]</Start> True, but you are also no longer of use to me either... Do not worry, though. Your soul shall pass to the Mother of Death, and such a sacrifice will please her greatly...",
ak_st_0_ghasaran,dlg,EntryList/40/Text,0,-1,"<< This conversation node does nothing but reset the variable ""N_TALK_SWITCH"" >>",
ak_st_0_ghasaran,dlg,EntryList/5/Text,0,-1,"Now, prepare to die, fool!",
ak_st_0_ghasaran,dlg,EntryList/6/Text,0,-1,"<StartAction>[Ghasaran lowers his mace, and prepares to engage you in combat... His men jump eagerly into the fray...]</Start>",
ak_st_0_ghasaran,dlg,EntryList/7/Text,0,-1,<StartAction>[Ghasaran nods approvingly in your direction.]</Start> So we have the daughter of Dy'nesh in our grasp! The Dark Mother will be pleased...,
ak_st_0_ghasaran,dlg,EntryList/8/Text,0,-1,"You have done well, <Race> <man/woman>, in leading us to the Elven witch... but I am afraid your usefulness has come to an end...",
ak_st_0_ghasaran,dlg,EntryList/9/Text,0,-1,"Oh, but I do believe it is you that are mistaken, little fool! Soon, you shall feel the fury of the Mother of Death unleashed upon you, and accept her dark embrace...",
ak_st_0_ghasaran,dlg,ReplyList/0/Text,0,-1,Why do you want Kara so badly?,
ak_st_0_ghasaran,dlg,ReplyList/11/Text,0,-1,What's this? You're going to betray me?!,
ak_st_0_ghasaran,dlg,ReplyList/17/Text,0,-1,"Excuse me, but I do not have time for this nonsense right now...",
ak_st_0_ghasaran,dlg,ReplyList/18/Text,0,-1,Well there's a first time for everything! Now move out of my way!,
ak_st_0_ghasaran,dlg,ReplyList/19/Text,0,-1,I told you once to move out of my way... I shall not repeat it again!,
ak_st_0_ghasaran,dlg,ReplyList/2/Text,0,-1,Why do you wish me dead?,
ak_st_0_ghasaran,dlg,ReplyList/20/Text,0,-1,<StartAction>[Leave the presence of this strange man as quickly as you can.]</Start>,
ak_st_0_ghasaran,dlg,ReplyList/21/Text,0,-1,That's quite a reward... Perhaps we should talk this out a bit further...,
ak_st_0_ghasaran,dlg,ReplyList/22/Text,0,-1,"I'm sorry, but do I know you?",
ak_st_0_ghasaran,dlg,ReplyList/23/Text,0,-1,Who are you? What do you want from me?,
ak_st_0_ghasaran,dlg,ReplyList/25/Text,0,-1,"Give me some time to think about it, and perhaps I'll take you up on your offer...",
ak_st_0_ghasaran,dlg,ReplyList/26/Text,0,-1,"I am sorry, but I must refuse your request. I simply do not trust the look of you...",
ak_st_0_ghasaran,dlg,ReplyList/29/Text,0,-1,<StartAction>[Lie.]</Start> I believe I saw the woman you seek heading towards the docks... You might be able to find her there...,
ak_st_0_ghasaran,dlg,ReplyList/31/Text,0,-1,I demand you give me all the payment at this moment!,
ak_st_0_ghasaran,dlg,ReplyList/32/Text,0,-1,That was never part of our agreement!,
ak_st_0_ghasaran,dlg,ReplyList/35/Text,0,-1,Very well. I shall meet you there...,
ak_st_0_ghasaran,dlg,ReplyList/37/Text,0,-1,"<StartAction>[Truth.]</Start> The woman you seek, an Elven maiden by the name of Kara Dy'nesh, is staying at the Ravenclaw Tavern...",
ak_st_0_ghasaran,dlg,ReplyList/39/Text,0,-1,I demand you give me all the payment at this moment!,
ak_st_0_ghasaran,dlg,ReplyList/40/Text,0,-1,That was never part of our agreement!,
ak_st_0_ghasaran,dlg,ReplyList/43/Text,0,-1,Very well. I shall meet you there...,
ak_st_0_ghasaran,dlg,ReplyList/45/Text,0,-1,Why do you want to find this woman so badly?,
ak_st_0_ghasaran,dlg,ReplyList/46/Text,0,-1,"No... First you tell me why you want her, then I'll decide whether to help you or not...",
ak_st_0_ghasaran,dlg,ReplyList/48/Text,0,-1,That's fair enough...,
ak_st_0_ghasaran,dlg,ReplyList/5/Text,0,-1,You won't take me without a fight! <StartAction>[Launch into an attack against Ghasaran and his men.]</Start>,
ak_st_0_ghasaran,dlg,ReplyList/8/Text,0,-1,You are making a foolish mistake if you think you can cross me!,
ak_st_0_ghasaran,dlg,ReplyList/9/Text,0,-1,"I demand you pay me the remaining gold you promised, and allow me to leave in peace!",
animalcompanion,dlg,EntryList/22/Text,0,-1,"<StartAction>Your companion raises his head and nods, no longer paying as much attention to the area around you.</Start>",
animalcompanion,dlg,EntryList/23/Text,0,-1,<StartAction>Your companion steps from the shadows and returns to view.</Start>,
animalcompanion,dlg,EntryList/25/Text,0,-1,"<StartAction>Your companion looks up at you a nods, now paying less attention to the area around you.</Start>",
animalcompanion,dlg,EntryList/26/Text,0,-1,<StartAction>Your companion steps from the shadows and returns to view.</Start>,
animalcompanion,dlg,EntryList/4/Text,0,-1,<StartAction> The creature looks curiously at the objects you have given it. </Start>,
animalcompanion,dlg,EntryList/5/Text,0,-1,<StartAction> The creature looks askance at you. </Start>,
animalcompanion,dlg,EntryList/6/Text,0,-1,<StartAction> The creature nods its agreement. </Start>,
animalcompanion,dlg,EntryList/7/Text,0,-1,<StartAction>You now have a container with your companion's items.</Start>,
animalcompanion,dlg,ReplyList/10/Text,0,58441,Me needs you to do something else.,
animalcompanion,dlg,ReplyList/12/Text,0,-1,Me needs you to be faster. Stop look out now.,
animalcompanion,dlg,ReplyList/14/Text,0,-1,Me can't see you. Stop hides now.,
animalcompanion,dlg,ReplyList/2/Text,0,-1,I am done managing your inventory.,
animalcompanion,dlg,ReplyList/20/Text,0,-1,You can stop searching all the time now.,
animalcompanion,dlg,ReplyList/22/Text,0,-1,You can return from the shadows now.,
animalcompanion,dlg,ReplyList/3/Text,0,-1,Scout ahead for enemies. Engage in combat if they are nearby; otherwise return to me.,
animalcompanion,dlg,ReplyList/4/Text,0,-1,I'd like to manage your inventory.,
animalcompanion,dlg,ReplyList/5/Text,0,-1,Please show me what you are carrying.,
bloodhawk_jhorda,dlg,EntryList/1/Text,0,-1,"<< Mod Stage 0, Talk Level 10 >>",
bloodhawk_jhorda,dlg,EntryList/10/Text,0,-1,"<< Mod Stage 0, Talk Level 0 >>",
bloodhawk_jhorda,dlg,EntryList/11/Text,0,-1,"<< Activates ""N_TALK_SWITCH"" if ""N_MODULE_STAGE"" is 0. >>",
bloodhawk_jhorda,dlg,EntryList/12/Text,0,-1,"<< This conversation node does nothing but reset the variable ""N_TALK_SWITCH"" >>",
bloodhawk_jhorda,dlg,EntryList/13/Text,0,-1,"<< Set owner's journal quest to ""JT_PREL_LYEN"" >>",
bloodhawk_jhorda,dlg,EntryList/2/Text,0,-1,"<StartAction>[The Elven man standing before carries himself with arrogance, appearing rather uninterested as you approach.]</Start>",
bloodhawk_jhorda,dlg,EntryList/3/Text,0,-1,"<< Set owner's journal quest to ""JT_ST_2_HENCH_LYEN"" >>",
bloodhawk_jhorda,dlg,EntryList/4/Text,0,-1,"<< Activates ""N_TALK_SWITCH"" if ""N_MODULE_STAGE"" is 2. >>",
bloodhawk_jhorda,dlg,EntryList/5/Text,0,-1,"<< Mod Stage 0, Talk Level 5 >>",
bloodhawk_jhorda,dlg,EntryList/6/Text,0,-1,"<< Mod Stage 0, Talk Level 4 >>",
bloodhawk_jhorda,dlg,EntryList/7/Text,0,-1,"<< Mod Stage 0, Talk Level 3 >>",
bloodhawk_jhorda,dlg,EntryList/8/Text,0,-1,"<< Mod Stage 0, Talk Level 2 >>",
bloodhawk_jhorda,dlg,EntryList/9/Text,0,-1,"<< Mod Stage 0, Talk Level 1 >>",
bloodhawk_s0_sp,dlg,EntryList/1/Text,0,-1,"<< Mod Stage 0, Talk Level 5 >>",
bloodhawk_s0_sp,dlg,EntryList/10/Text,0,-1,"<< This conversation node does nothing but reset the variable ""N_TALK_SWITCH"" >>",
bloodhawk_s0_sp,dlg,EntryList/11/Text,0,-1,"<< Set owner's journal quest to ""JT_PREL_LYEN"" >>",
bloodhawk_s0_sp,dlg,EntryList/2/Text,0,-1,"<< Mod Stage 0, Talk Level 4 >>",
bloodhawk_s0_sp,dlg,EntryList/3/Text,0,-1,"<StartAction>[The man standing before you gives a welcoming grin, but his eyes glint with a dangerous light.]</Start> So, you are here on business from Shrak, I take it? On behalf of the Bloodhawks, I welcome you.",
bloodhawk_s0_sp,dlg,EntryList/4/Text,0,-1,"<StartAction>[The Bloodhawk looks around the room, his eyes narrowing.]</Start> I assume if you have sought us out, you have someone in mind you'd like to be rid of. Yet I see you are alone. We Bloodhawks do not like to be toyed with...",
bloodhawk_s0_sp,dlg,EntryList/5/Text,0,-1,"Go retrieve this slave of yours, and bother us no more until then! <StartAction>[The Bloodhawk motions for you to leave the room, and refuses to speak to you further.]</Start>",
bloodhawk_s0_sp,dlg,EntryList/6/Text,0,-1,"<StartAction>[The Bloodhawk turns his gaze towards Markius, and his smile broadens.]</Start> I see you have brought your 'companion' with you... He seems to be a fine specimen indeed...",
bloodhawk_s0_sp,dlg,EntryList/7/Text,0,-1,We shall lead you to our master. He'll be very pleased with the both of you... <StartAction>[The two Bloodhawks smile at you and you get the sense that something is horribly wrong.]</Start> ,
bloodhawk_s0_sp,dlg,EntryList/8/Text,0,-1,"<StartAction>[Suddenly you feel a stinging in your neck. Raising your hand to it, you feel the feathered end of a small dart. Your vision already beginning to blur, you see Markius stagger and fall to the floor. The room whirls around you but you feel no impact....]</Start>",
bloodhawk_s0_sp,dlg,EntryList/9/Text,0,-1,"<< Activates ""N_TALK_SWITCH"" if ""N_MODULE_STAGE"" is 0. >>",
crim_foll_dead,dlg,EntryList/1/Text,0,-1,<StartAction>[It appears you have found the body of one of the Crimson Prophet's followers... but there seems to be no immediate indication as to the cause of death...]</Start>,
crim_foll_dead,dlg,EntryList/2/Text,0,-1,"<< Activates ""N_TALK_SWITCH"" if ""N_MODULE_STAGE"" is 2. >>",
crim_foll_dead,dlg,EntryList/3/Text,0,-1,"<< This conversation node does nothing but reset the variable ""N_TALK_SWITCH"" >>",
crimson_prophet,dlg,EntryList/1/Text,0,-1,"<StartAction>[You come upon Markius Albright and his companions, apparently having cornered the Crimson Prophet here within the Docks...]<StartAction>",
crimson_prophet,dlg,EntryList/10/Text,0,-1,Destroy these fools while I escape to my ship! Let the Sharakhan Empire cower in fear before the might of the Crimson Prophet!,
crimson_prophet,dlg,EntryList/11/Text,0,-1,"<StartAction>[You find yourself unable to move as the Crimson Prophet draws near to you, his strange eyes locking with yours.]</Start> So, you have lowered the Control Stone's shields...",
crimson_prophet,dlg,EntryList/12/Text,0,-1,"Quite clever of you, <lad/lass>... but it matters not! I have retrieved what I have come for... <StartAction>[The Prophet holds forth a black jewel, red flames dancing along its smooth surface...]</Start>",
crimson_prophet,dlg,EntryList/13/Text,0,-1,"<StartAction>[Harkon slowly turns his head towards the Crimson Prophet, struggling against the sorceries holding him in place.]</Start> You shall not take that gem, Prophet! By Rakha's name, I swear it!",
crimson_prophet,dlg,EntryList/14/Text,0,-1,"<StartAction>[The Crimson Prophet sneers.]</Start> Rakha holds no power over me, petty sorcerer! No, I believe there is little you can do to stop me...",
crimson_prophet,dlg,EntryList/15/Text,0,-1,"And to ensure you bother me no further, I believe I shall leave you to my followers... <StartAction>[The Prophet motions for his followers to enter the chamber...]</Start>",
crimson_prophet,dlg,EntryList/16/Text,0,-1,"Finish them, Followers of the Crimson Path! Show these fools what fate lies in store for those who stand in the way of the Crimson Prophet!",
crimson_prophet,dlg,EntryList/17/Text,0,-1,"<StartAction>[As the Crimson Prophet departs, he waves his hand in a wide arc, causing the doors of the Control Stone chamber to slam shut and seal behind him...]</Start>",
crimson_prophet,dlg,EntryList/18/Text,0,-1,"<< Set owner's journal quest to ""JT_ST_1_MAIN"" >>",
crimson_prophet,dlg,EntryList/19/Text,0,-1,"<< Activates ""N_TALK_SWITCH"" if ""N_MODULE_STAGE"" is 1. >>",
crimson_prophet,dlg,EntryList/2/Text,0,-1,"Your days are finished, Prophet! You shall never leave Ghaarak with that jewel! <StartAction>[Harkon begins gesturing his hands in preparation for a spell...</Start>",
crimson_prophet,dlg,EntryList/20/Text,0,-1,"<< This conversation node does nothing but reset the variable ""N_TALK_SWITCH"" >>",
crimson_prophet,dlg,EntryList/3/Text,0,-1,"<StartAction>[As Harkon releases his sorceries upon the Crimson Prophet, a strange magical sphere arises around the red robed figure, stopping the spell before it can reach him...]</Start>",
crimson_prophet,dlg,EntryList/4/Text,0,-1,"Did you truly think that I, the Crimson Prophet, would fall to such a pitiful display of power, fool?! No! I'm afraid it is you who shall fall this night!",
crimson_prophet,dlg,EntryList/5/Text,0,-1,"<StartAction>[The Crimson Prophet utters a single word, unleashing a powerful magical blast which sends Harkon reeling to the ground...]</Start>",
crimson_prophet,dlg,EntryList/6/Text,0,-1,"To me, ShadowGuard! The Crimson Prophet must not be allowed to escape!",
crimson_prophet,dlg,EntryList/7/Text,0,-1,"<StartAction>[The Crimson Prophet looks upon his oncoming attackers in disinterest.]</Start> I grow tired of your meddling in my affairs, fools!",
crimson_prophet,dlg,EntryList/8/Text,0,-1,"<StartAction>[You see the Crimson Prophet raise his hand in the air, calling forth a vile cloud which covers the docks and sends everyone nearby to the ground, reeling in nausea...]</Start>",
crimson_prophet,dlg,EntryList/9/Text,0,-1,"Now, I believe I shall be on my way... but before I do, I shall leave you with some companions to keep you... preoccupied... while I make my escape...",
ct_comm_im_prka,dlg,EntryList/0/Text,0,-1,"By order of Imperial Officer Ganolin, under the Law of Rakha, we hereby place you, Nelgir, under arrest on the charge of murder...",
cut_alia,dlg,EntryList/0/Text,0,-1,"Hello <FirstName>, what can I do for you?",
cut_alia,dlg,EntryList/1/Text,0,-1,Hi <FirstName>! Aren't you excited? It's our final day as lowly subjects of the Empire and our first as true citizens! Or at least it will be as soon as we can get through this ceremony. Is there anyway I can help with the Judgement?,
cut_alia,dlg,EntryList/10/Text,0,-1,"You can take the druid out of the wood but you can't take the wood out of the druid, isn't that what they say? <StartAction>[Janthos gives Alia a friendly punch on the shoulder.]</Start> We'll miss you, Alia, but we won't keep you.",
cut_alia,dlg,EntryList/11/Text,0,-1,"And I will miss both of you. You've both been the most wonderful friends a girl could dream of. Come on, <FirstName>. Stop stalling and let's be done with this Judgement.",
cut_alia,dlg,EntryList/12/Text,0,-1,"Rakha protects the Empire. Even before there was an Empire, he protected the people of the cities and the trees of the forest. He's done so much for all of us who follow his teachings. With all he's done for the forest, I think he may be a brother druid.",
cut_alia,dlg,EntryList/13/Text,0,-1,"A druid? That's a joke, right? Rakha has the heart of an inventor. He's designed the entire Empire to perfection: every citizen has a role, every city its defenses. He doesn't have time to worry about the trees, Alia. He has people like you to do that.",
cut_alia,dlg,EntryList/14/Text,0,-1,"Oh, and you've met Emperor Rahka, have you? No, I didn't think so! Anyway, I was helping <FirstName>, so there...",
cut_alia,dlg,EntryList/15/Text,0,-1,"Oh, I guess great <Lord/lLady> <FirstName>, the pompous noble, has the Emperor over for tea on a daily basis! <StartAction>[Alia offers a wicked grin that the seems to save especially for you.]</Start>",
cut_alia,dlg,EntryList/16/Text,0,-1,"I'm sure the mighty and powerful High <Lord/Lady> <FullName>, <CUSTOM6001> of the great Magistrate, has the Emperor shining <his/her> shoes each morning on the way to class!",
cut_alia,dlg,EntryList/17/Text,0,-1,"All right, all right. Enough of this jest. <StartAction>[Alia winks at you.]</Start> Do you have any other questions, your <lord/lady>ship?",
cut_alia,dlg,EntryList/18/Text,0,-1,"I guess it doesn't, really. <StartAction>[Alia offers you a puzzled frown.]</Start> Whatever the Emperor is, he seems to hold the peace and protection of his citizens in high regard and we all have that to be thankful for at the very least.",
cut_alia,dlg,EntryList/19/Text,0,-1,"A what!? <He/She>'s even crazier than you are, Janthos. <StartAction>[Alia shakes her head, a confused expression on her face.]</Start> In any case, Rakha is the one who brings us hope in dark times like these.",
cut_alia,dlg,EntryList/2/Text,0,-1,"I can't imagine not having them! They traveled for three days from Lac Brier so they could be here, even with the floods. They're exhausted and haven't even unpacked the mules but they wouldn't have missed the ceremony for all the world.",
cut_alia,dlg,EntryList/20/Text,0,-1,"Well whatever Rakha is, he protects the cities *and* the forests. He's a hero to be respected, and he saved us all from dread King Khagrim. He's a good leader in these times of peril and that's what matters.",
cut_alia,dlg,EntryList/21/Text,0,-1,"That much we can agree upon! <StartAction>[Janthos grins widely, the original dispute already long forgotten.]</Start> Now what were you asking Alia again?",
cut_alia,dlg,EntryList/22/Text,0,-1,"I don't know. I was staying with my family in the forest at the time and we really don't pay much attention to what happens here in the city... With the exception of the Academy, of course... I'm not sure what to tell you, <FirstName>.",
cut_alia,dlg,EntryList/23/Text,0,-1,"You don't remember the ""Black Butcher?"" The heralds were calling out the news throughout half the Empire two years ago! Foolish druids. If a bird falls sick in the forest, you all know of it but if a hundred city-folk are killed you never hear a thing!",
cut_alia,dlg,EntryList/24/Text,0,-1,"Two years? His spirit has been trapped here for that long? It's not natural! He should have been sent to the afterlife! It's up to the Spirit Cycle to cleanse sins from the dead, no matter what their crime.",
cut_alia,dlg,EntryList/25/Text,0,-1,"Please, <FirstName>, the spirit of any living thing should be allowed to pass on when it dies. The Spirit Cycle spirit is a natural thing, as plain as breathing. We have no right to interfere in it, not even as citizens of the Empire.",
cut_alia,dlg,EntryList/26/Text,0,-1,"Blah blah blah. Yakir is a heinous criminal, an abomination to your precious nature, not a part of it. If Rahka holds him to this plane, it's for good reason!",
cut_alia,dlg,EntryList/27/Text,0,-1,"<He/She> asked me about the Spirit Cycle, Janthos, so kindly keep your comments to yourself. You see, <FirstName>, we all pass through the cycle of life, death, and rebirth. It's a natural process and helps maintain balance in the world.",
cut_alia,dlg,EntryList/28/Text,0,-1,"People are born. In life, they make their choices, sowing the seeds of imbalance in the world. In death, the balance is restored through the blessings and punishments of Heaven and Hell so they can be reborn, pure and new, into the world.",
cut_alia,dlg,EntryList/29/Text,0,-1,"To trap him here, away from Heaven or Hell, is to preserve that imbalance. If he is as evil as Janthos claims, then you have made the world more evil by keeping him here. Don't you see, Janthos?",
cut_alia,dlg,EntryList/3/Text,0,-1,"You're a lucky girl, Alia. Your parents really love you, especially your mother! She seems nearly ecstatic about you gaining citizenship.",
cut_alia,dlg,EntryList/30/Text,0,-1,"Hogwash! He made his bed and he should lie in it, Alia. If he really is going to be reborn like you claim, he'll just make the same choices all over again and how many other people will lose their families over it? Don't let it happen, <FirstName>... I beg you...",
cut_alia,dlg,EntryList/31/Text,0,-1,"W-What did you call me!? You arrogant, highborn scum! Nobles like you know nothing of the people's suffering! You're nothing but the spoiled seed of your greater father!",
cut_alia,dlg,EntryList/32/Text,0,-1,"<StartAction>[Alia stares slack-jawed at the both of you.]</Start> Please, stop this bickering! Janthos, I'd have thought your rage would be spent by now!",
cut_alia,dlg,EntryList/33/Text,0,-1,"And <FirstName>, your rudeness falls far below your rank! If you're going to be a dignitary like your father, you should try to be a little more diplomatic. I wouldn't have believed you capable of tormenting poor Janthos like that.",
cut_alia,dlg,EntryList/34/Text,0,-1,"<StartAction>[Alia's face brightens with rage.]</Start> Why you filthy weasel! Actually, even a weasel has more honor than the likes of you! Well I won't let a tomfool noble<man/woman> like you ruin the day I gain my citizenship...",
cut_alia,dlg,EntryList/35/Text,0,-1,"No wonder the Magistrate never came. Even your own father is too embarrassed to claim you as his own! Why, you should be-- <StartAction>[Janthos places a concerned hand on Alia's shoulder.]</Start>",
cut_alia,dlg,EntryList/36/Text,0,-1,"Uh... I didn't mean for it to come to this, <FirstName>. This is our citizenship day and, well... we're all friends, right? Make what Judgement you must and let's move on, okay?",
cut_alia,dlg,EntryList/37/Text,0,-1,"Yes, I... I let my temper get away with me. You are right about that much, Janthos. Now if the young <Lord/Lady> <LastName> has any more questions of me, <he/she> may ask...",
cut_alia,dlg,EntryList/38/Text,0,-1,Then perhaps you should develop some! Both of you are in the wrong here. I doubt you'll apologize to me or anyone but I will not let you ruin the day of my citizenship.,
cut_alia,dlg,EntryList/39/Text,0,-1,"<StartAction>[Janthos grows pale as Alia turns her back on the both of you.]</Start> Wait! I apologize! I do... My outburst was uncalled for, and my rage... misdirected. I take responsibility for my actions.",
cut_alia,dlg,EntryList/4/Text,0,-1,Mom was pregnant with me when graduated from this Academy and wasn't able to attend the final ceremony so in some ways this one is for the both of us.,
cut_alia,dlg,EntryList/40/Text,0,-1,"Well... Thank you, Janthos. I would not have excepted a gnome to be the bigger person in this argument... Come, we have a Judgement to perform, <FirstName>. Do you have any more questions for me?",
cut_alia,dlg,EntryList/41/Text,0,-1,"I apologize, too. It's not you I was angry at, <FirstName>, but allow me to take responsibility for my actions all the same. They were inappropriate.",
cut_alia,dlg,EntryList/42/Text,0,-1,"It's all right. I take responsibility for my rant and the argument that followed. My outburst was uncalled for too, <FirstName>. ",
cut_alia,dlg,EntryList/43/Text,0,-1,"Now isn't it better when things fall back into balance? Now, back to the task at hand: Is there anything more I can help you with, <FirstName>?",
cut_alia,dlg,EntryList/44/Text,0,-1,"<StartAction>[Janthos glares at you briefly but his gaze soon softens.]</Start> You know I lost my parents to brigands. I didn't mean to lash out like that but you must learn to be more sensitive to other people's feelings, mine included.",
cut_alia,dlg,EntryList/45/Text,0,-1,"But I do ask that you let Rakha hold Yakir here where he can do no more damage. For the families still mourning their losses, if nothing else.",
cut_alia,dlg,EntryList/46/Text,0,-1,"Well, let's agree to disagree, then. We've both come to our decisions honestly and you with more loss than I.",
cut_alia,dlg,EntryList/47/Text,0,-1,"Oh, I'm so sorry, Janthos! This must remind you terribly of your loss. I can get so caught up in things and I... I wasn't thinking.",
cut_alia,dlg,EntryList/48/Text,0,-1,"No, it's my fault. I can't mourn forever, can I? It's not you that I'm mad at. It never is... Please, excuse me.",
cut_alia,dlg,EntryList/49/Text,0,-1,"Oh I'm sorry, Janthos. I know the memories this must be dredging up for you. I thought you had finally put your anger over what happened to your parents to rest.",
cut_alia,dlg,EntryList/5/Text,0,-1,"It's good to see them again, though. It's been so long since I last went home. <StartAction>[Alia glances at her mother's smiling, tear-stained face and gives a little wave.]</Start> Your father will arrive soon, <FirstName>. I know he will...",
cut_alia,dlg,EntryList/50/Text,0,-1,"I apologize. Please forgive my outburst, both of you. I have strong opinions on this matter but it's not my place to force them onto either of you, especially when you've been such good friends to me. Please, let's get on with the Judgement.",
cut_alia,dlg,EntryList/51/Text,0,-1,"It's so clear but on the other hand it's so complicated. I mean, Emperor Rakha has my trust and respect and I know he only does what is right... but then why would he even allow us a choice?",
cut_alia,dlg,EntryList/52/Text,0,-1,"If I'm to Judge by my conscience, then I think his spirit should be set free and allowed to travel to Heaven or Hell in accordance with the natural Spirit Cycle.",
cut_alia,dlg,EntryList/53/Text,0,-1,"Are you okay? I didn't realize you felt so strongly about the Judgement... Thank you for freeing the spirit, at least. I just wish you were doing it for different reasons, that's all.",
cut_alia,dlg,EntryList/54/Text,0,-1,"There are many means to an end but some paths in life are more dangerous than others. Be objective, that's all I ask...",
cut_alia,dlg,EntryList/55/Text,0,-1,"Thank you, <FirstName>. Yakir's spirit won't go unpunished for his crimes in this life and the spirit cycle will cleanse him and give him another chance in the next. I know how hard a decision it was to make.",
cut_alia,dlg,EntryList/56/Text,0,-1,"W-Wow! I've never heard such an eloquent statement, <FirstName>! Like it or not, your father's highborn blood runs thick in your veins... It's a good thing, <Lord/Lady> <LastName> and something to be proud of!",
cut_alia,dlg,EntryList/57/Text,0,-1,"It looks like you've made your decision, <FirstName>. You really should have released the spirit to the underworld, but I believe your intentions were good.",
cut_alia,dlg,EntryList/58/Text,0,-1,"That may be true. Oh, don't look at me like that! I know I am an idealist and I know that I've never lost anyone close to me, not like you and Janthos... But, even so, you should'nt judge others unless you're able to be objective about it.",
cut_alia,dlg,EntryList/6/Text,0,-1,"Time at the Academy moves quickly for you, doesn't it... As for me, I love you all dearly but I can't help to get back to the woods. The druid council said they'd name me as a true druid on my return.",
cut_alia,dlg,EntryList/7/Text,0,-1,"A true druid and a true citizen of the Empire! Won't it be wonderful, <FirstName>?",
cut_alia,dlg,EntryList/8/Text,0,-1,"Okay, what would you like to know?",
cut_alia,dlg,EntryList/9/Text,0,-1,"Home is home and family is family. My parents will stay here long enough to recover from the journey then we'll leave for the woods. I don't know if I'll ever even come back to the city... It's a long journey, <FirstName>...",
cut_alia,dlg,ReplyList/0/Text,0,-1,Excuse me.,
cut_alia,dlg,ReplyList/1/Text,0,-1,Glad to have your parents here?,
cut_alia,dlg,ReplyList/11/Text,0,-1,What do you think of Emperor Rakha?,
cut_alia,dlg,ReplyList/14/Text,0,-1,All you filthy peasants claiming Rakha as your own...,
cut_alia,dlg,ReplyList/17/Text,0,-1,Why does it matter what Rakha is?,
cut_alia,dlg,ReplyList/18/Text,0,-1,What if Rakha's a druidic engineer?,
cut_alia,dlg,ReplyList/19/Text,0,-1,"I'm pretty sure Rakha's a <class>, like me.",
cut_alia,dlg,ReplyList/21/Text,0,-1,What do you know of Yakir?,
cut_alia,dlg,ReplyList/25/Text,0,-1,"What do you mean by ""Spirit Cycle""?",
cut_alia,dlg,ReplyList/30/Text,0,-1,"Enough whining, fool.",
cut_alia,dlg,ReplyList/33/Text,0,-1,"I will not apologize for my actions, peasant.",
cut_alia,dlg,ReplyList/37/Text,0,-1,Hmpf! Diplomacy is a skill I will not learn.,
cut_alia,dlg,ReplyList/40/Text,0,-1,"Sorry about that, Janthos.",
cut_alia,dlg,ReplyList/41/Text,0,-1,"I apologize, my behavior was uncalled for.",
cut_alia,dlg,ReplyList/43/Text,0,-1,"Have we struck a nerve, Janthos?",
cut_alia,dlg,ReplyList/46/Text,0,-1,What are you talking about?,
cut_alia,dlg,ReplyList/48/Text,0,-1,"Are you all right, Janthos?",
cut_alia,dlg,ReplyList/5/Text,0,-1,I wish I'd had more time to get to know you.,
cut_alia,dlg,ReplyList/50/Text,0,-1,"What Judgement would you cast, Alia?",
cut_alia,dlg,ReplyList/52/Text,0,-1,I refuse to accept your foolish notions.,
cut_alia,dlg,ReplyList/53/Text,0,-1,"Natural law before mortal law, Alia...",
cut_alia,dlg,ReplyList/54/Text,0,-1,"You've never lost someone close to you, Alia.",
cut_alia,dlg,ReplyList/7/Text,0,-1,Let's talk about something else.,
cut_alia,dlg,ReplyList/8/Text,0,-1,Why can't you stay here in the city?,
cut_janthos,dlg,EntryList/0/Text,0,-1,"Still pondering what to do about Yakir, are you, <FirstName>?",
cut_janthos,dlg,EntryList/1/Text,0,-1,"Greetings and congratulations, <FirstName>! Today we become full citizens. It's really quite exciting, don't you think? I know a little about this Yakir fellow, if you're interested.",
cut_janthos,dlg,EntryList/10/Text,0,-1,"It's always about my golems, isn't it Alia? <StartAction>[Sigh.]</Start> Where is your father, <FirstName>? I'd have expected he'd be here today.",
cut_janthos,dlg,EntryList/11/Text,0,-1,"Hey! No need for hostilities, <FirstName>. I'm sure he'll be along before the closing of the ceremony.",
cut_janthos,dlg,EntryList/12/Text,0,-1,I trust he will make it. He cares for you greatly but bears a substantial burden as the community's Magistrate. You should try to understand his position as well as your own.,
cut_janthos,dlg,EntryList/13/Text,0,-1,"The title of Magistrate is a heavy burden on even the strongest men. However, I seriously doubt your father would miss this. Keep your eyes open; I'm sure he'll be here shortly.",
cut_janthos,dlg,EntryList/14/Text,0,-1,"I'm sure he will. I'm surprised he's not here already, to be honest. I can't count the number of time he's stopped by the Academy to discuss your progress with the instructors.",
cut_janthos,dlg,EntryList/15/Text,0,-1,I'm sure Janthos is right. Your father's offices are near enough; I'm sure he'll be here before the ceremony ends.,
cut_janthos,dlg,EntryList/16/Text,0,-1,Is there anything else you'd like to know?,
cut_janthos,dlg,EntryList/17/Text,0,-1,"<StartAction>[The gnome chuckles wryly.]</Start> I know you're trying to buy time until your father arrives but this is hardly the time or the place to be swapping well-worn stories with each other. After the ceremony, maybe. I'll be out in the courtyard.",
cut_janthos,dlg,EntryList/18/Text,0,-1,"Working on your mechanical monstrosities, I have no doubt. Must your projects always be so unnatural and dangerous, Janthos?",
cut_janthos,dlg,EntryList/19/Text,0,-1,"Druids... This feat of engineering is a true testament to my... uh... Actually, what was I saying about well-worn stories? I'll show you what I mean out in the courtyard later, okay <FirstName>?",
cut_janthos,dlg,EntryList/2/Text,0,-1,My folks? Well... I don't remember much. They passed on when I was very young. I was only eight or so when the Academy took me in. I know my acceptance was an act of pity but it gave me more hope than I would have found on the streets.,
cut_janthos,dlg,EntryList/20/Text,0,-1,"Some called him the ""Black Butcher"" but others call him much worse. He was a small-time sorcerer until two years ago. One afternoon he started hurling fireballs and summoning demons in the city streets.",
cut_janthos,dlg,EntryList/21/Text,0,-1,"In his short but bloody rampage he killed over a hundred and twenty people. Most were women and children. After the guard sealed his power, he was tried and summarily executed for his crimes.",
cut_janthos,dlg,EntryList/22/Text,0,-1,"A truly awful sort. I'm glad to see he's still being held under Rakha's power and, if you ask me, that's where he should stay! Rakha will make him pay for his crimes more thoroughly than hell ever could.",
cut_janthos,dlg,EntryList/23/Text,0,-1,Well that seems a little harsh!,
cut_janthos,dlg,EntryList/24/Text,0,-1,"Murder is a pretty harsh thing, Alia. Especially a hundred murders! I have no pity for those who kill for sport... But enough talk of dark deeds. It makes my skin crawl. Is there anything else you'd like to know, <FirstName>?",
cut_janthos,dlg,EntryList/25/Text,0,-1,"You know how I feel about this, <FirstName>. Yakir's a rebel and a criminal of the most despicable sort. He should be caged and confined, with every right and freedom stripped from him forever. I say we leave him in Rakha's keeping.",
cut_janthos,dlg,EntryList/26/Text,0,-1,"What was that all about!? You let the spirit go and insulted the academy! Why do you insist on being so arrogant, <FirstName>?",
cut_janthos,dlg,EntryList/27/Text,0,-1,"You should not insult one who has given us so much. It is not my place to berate you for your foolishness but, rest assured, your father will hear of this.",
cut_janthos,dlg,EntryList/28/Text,0,-1,"Well, it seems you've made your decision. The spirit is free. I don't agree with your Judgement but Yakir's fate was yours to decide, not mine.",
cut_janthos,dlg,EntryList/29/Text,0,-1,"I... I understand your point. He will surely suffer an eternity for what he has done. I still feel that he deserves worse than what Hell has to offer, though...",
cut_janthos,dlg,EntryList/3/Text,0,-1,My parents died during a winter blizzard. A band of brigands had come upon our home in the forest and my father's conscience wouldn't let them freeze in the snow. He unbarred the door and invited them in.,
cut_janthos,dlg,EntryList/30/Text,0,-1,"So that was the Judgement. I'd like to thank you, <FirstName>. I'm sure that more good will come by leaving the spirit in Rakha's care than by setting it free.",
cut_janthos,dlg,EntryList/31/Text,0,-1,"I agree wholeheartedly. The victims of Yakir's vile actions can rest easy tonight. Thanks again, <FirstName>.",
cut_janthos,dlg,EntryList/4/Text,0,-1,My father was a warm-hearted man. He gave the three travelers food and a warm spot by the fire to wait out the winter storm. In less then a hour they had revealed their true nature.,
cut_janthos,dlg,EntryList/5/Text,0,-1,Mother sent me through the blizzard to the Academy. She said I was to return with help but that was just a facade. She just wanted to ensure that I escaped the carnage she knew was coming.,
cut_janthos,dlg,EntryList/6/Text,0,-1,"By the time I reached the Academy, the deed was done. The Imperial Guard investigated the scene and I was made a ward of the Empire, then of the Academy itself.",
cut_janthos,dlg,EntryList/7/Text,0,-1,"This is a sad tale, however. Do you have something else we can talk about?",
cut_janthos,dlg,EntryList/8/Text,0,-1,"They're here in spirit. <StartAction>[The gnome smiles warmly at the thought.]</Start> I think that they would be very proud with all I've learned here... Gosh, it's been so long since I was orphaned to the Academy, hasn't it?",
cut_janthos,dlg,EntryList/9/Text,0,-1,"I'm sure they would be very proud, Janthos. You've accomplished much during your time here... Excluding, of course, those mechanized monsters you have strolling the courtyards.",
cut_janthos,dlg,ReplyList/0/Text,0,-1,Excuse me.,
cut_janthos,dlg,ReplyList/1/Text,0,-1,"What happened to your parents, anyway?",
cut_janthos,dlg,ReplyList/10/Text,0,-1,"Mind your own business, gnome!",
cut_janthos,dlg,ReplyList/12/Text,0,-1,My father cares nothing for me.,
cut_janthos,dlg,ReplyList/14/Text,0,-1,My father is a busy man. I doubt he'll make it.,
cut_janthos,dlg,ReplyList/16/Text,0,-1,Gilles said he'd be here shortly.,
cut_janthos,dlg,ReplyList/19/Text,0,-1,Tell me about yourself.,
cut_janthos,dlg,ReplyList/22/Text,0,-1,Tell me about Yakir the Black.,
cut_janthos,dlg,ReplyList/27/Text,0,-1,"What Judgement would you cast, Janthos?",
cut_janthos,dlg,ReplyList/28/Text,0,-1,I will not stand for Rakha's audacity.,
cut_janthos,dlg,ReplyList/29/Text,0,-1,Yakir's spirit will suffer in Hell where evil belongs.,
cut_janthos,dlg,ReplyList/30/Text,0,-1,Yakir deserved a punishment that was truly eternal.,
cut_janthos,dlg,ReplyList/7/Text,0,-1,It's a shame your parents can't be here.,
cutalia_dad,dlg,EntryList/0/Text,0,-1,My little headstrong druid is all grown up.,
cutalia_dad,dlg,EntryList/1/Text,0,-1,"Alia's all grown up now, I wonder where the fates may take her.",
cutalia_dad,dlg,EntryList/2/Text,0,-1,I wonder what the future has in store for my daughter.,
cutalia_dad,dlg,EntryList/3/Text,0,-1,"Excuse me, I have something in my eye...",
cutalia_dad,dlg,EntryList/4/Text,0,-1,It was a long journey but well worth it to watch our daughter become a citizen.,
cutalia_dad,dlg,EntryList/5/Text,0,-1,Our daughter Alia looks so mature today.,
cutalia_dad,dlg,EntryList/6/Text,0,-1,Greetings young noble. This is truely and special day!,
cutalia_mom,dlg,EntryList/0/Text,0,-1,She's developing into such a healthy young woman.,
cutalia_mom,dlg,EntryList/1/Text,0,-1,I wish I could have gone to my ceremony.,
cutalia_mom,dlg,EntryList/2/Text,0,-1,"My little seed is a might oak this day, I'm so proud.",
cutalia_mom,dlg,EntryList/3/Text,0,-1,*sob* It's so wonderful! *sob* *sob*,
cutalia_mom,dlg,EntryList/4/Text,0,-1,What a beautiful woman my little girl has become.,
cutalia_mom,dlg,EntryList/5/Text,0,-1,I'm so glad I didn't miss this!,
cutalia_mom,dlg,EntryList/6/Text,0,-1,"Look at our daughter, she's matured so much!",
door_st_0_ly_bh,dlg,EntryList/0/Text,0,-1,"<StartAction>[You attempt to turn the knob of this door, but it appears to be locked from within...]</Start>",
door_st_0_ly_bh,dlg,EntryList/1/Text,0,-1,"<StartAction>[You believe you hear movement on the other side of the door, but no one answers your knock...]</Start>",
door_st_0_ly_bh,dlg,EntryList/10/Text,0,-1,"<< Set owner's journal quest to ""JT_PREL_LYEN"" >>",
door_st_0_ly_bh,dlg,EntryList/2/Text,0,-1,"<StartAction>[As you rap the door again, you hear nothing on the other side to make you believe anyone currently inhabits this room...]</Start>",
door_st_0_ly_bh,dlg,EntryList/3/Text,0,-1,"<StartAction>[Just as you are preparing to give up on this endeavor and walk away, you hear the peephole on the door draw open. A raspy voice speaks from the other side...]</Start>",
door_st_0_ly_bh,dlg,EntryList/4/Text,0,-1,"Eh? Who goes there? What business do ye have, coming rappin' upon this door?!",
door_st_0_ly_bh,dlg,EntryList/5/Text,0,-1,"Bah! Begone, ye cur! We do not need fools like you hanging about! <StartAction>[With a loud bang, the peephole slams shut...]</Start>",
door_st_0_ly_bh,dlg,EntryList/6/Text,0,-1,"<StartAction>[There is a long silence before the unknown speaker replies.]</Start> That ye may not, <lad/lass>! If ye do not have business here, take yer foolishness elsewhere!",
door_st_0_ly_bh,dlg,EntryList/7/Text,0,-1,"Ah, ye must've been sent by Shrak... Give me a moment, <lad/lass>... <StartAction>[You hear the lock on the door draw back, and it suddenly swings forward before you...]</Start>",
door_st_0_ly_bh,dlg,EntryList/8/Text,0,-1,"<< Activates ""N_TALK_SWITCH"" if ""N_MODULE_STAGE"" is 0. >>",
door_st_0_ly_bh,dlg,EntryList/9/Text,0,-1,"<< This conversation node does nothing but reset the variable ""N_TALK_SWITCH"" >>",
door_st_0_ly_bh,dlg,ReplyList/0/Text,0,-1,<StartAction>[Leave.]</Start>,
door_st_0_ly_bh,dlg,ReplyList/1/Text,0,-1,<StartAction>[Knock on the door.]</Start>,
door_st_0_ly_bh,dlg,ReplyList/2/Text,0,-1,<StartAction>[Knock on the door again.]</Start>,
door_st_0_ly_bh,dlg,ReplyList/3/Text,0,-1,<StartAction>[Knock yet again on the door.]</Start>,
door_st_0_ly_bh,dlg,ReplyList/5/Text,0,-1,"Er... I must have knocked upon the wrong door. My apologies, good sir, and farewell...",
door_st_0_ly_bh,dlg,ReplyList/6/Text,0,-1,Might I inquire to whom I am speaking?,
door_st_0_ly_bh,dlg,ReplyList/7/Text,0,-1,I'm afraid I do not. My apologies for having disturbed you...,
door_st_0_ly_bh,dlg,ReplyList/8/Text,0,-1,The hawk's blood flows freely...,
familiar,dlg,EntryList/2/Text,0,-1,"OK, I will try to equip what you have given me.",
familiar,dlg,EntryList/23/Text,0,-1,Tell me what to do; I will obey you.,
familiar,dlg,EntryList/24/Text,0,-1,"My life is forfeit then, o Master. I will try my best.",
familiar,dlg,EntryList/25/Text,0,-1,I will try to be brave and join the fight with you always!,
familiar,dlg,EntryList/26/Text,0,-1,As you command---I wil try to fight and run away when it gets scary!,
familiar,dlg,EntryList/27/Text,0,-1,"I will avoid danger, attacking only the weakest enemies.",
familiar,dlg,EntryList/28/Text,0,-1,Thank you <master/mistress> ! I am honored that you care for my wishes!,
familiar,dlg,EntryList/29/Text,0,58511,"As you desire, <master/mistress>. I shall stop being so watchful.",
familiar,dlg,EntryList/3/Text,0,-1,You now have a container with any items I possess.,
familiar,dlg,EntryList/30/Text,0,58512,"I shall return from the shadows, <master/mistress>...",
familiar,dlg,EntryList/34/Text,0,-1,Tell me what to do; I will obey you.,
familiar,dlg,EntryList/35/Text,0,-1,"My life is forfeit then, o Master. I will try my best.",
familiar,dlg,EntryList/36/Text,0,-1,I will try to be brave and join the fight with you always!,
familiar,dlg,EntryList/37/Text,0,-1,As you command---I wil try to fight and run away when it gets scary!,
familiar,dlg,EntryList/38/Text,0,-1,"I will avoid danger, attacking only the weakest enemies.",
familiar,dlg,EntryList/39/Text,0,-1,Thank you <master/mistress> ! I am honored that you care for my wishes!,
familiar,dlg,EntryList/40/Text,0,58511,"As you desire, <master/mistress>. I shall stop being so watchful.",
familiar,dlg,EntryList/42/Text,0,58512,"I shall return from the shadows, <master/mistress>...",
familiar,dlg,ReplyList/1/Text,0,-1,I am done managing your inventory.,
familiar,dlg,ReplyList/11/Text,0,-1,You makin boo boos. You do somefin diffent way?,
familiar,dlg,ReplyList/12/Text,0,-1,Stop you being wimp eh? We fight.. Die if we haf ta!,
familiar,dlg,ReplyList/13/Text,0,-1,"You big toughy. Stay wif me always, unless you dun in big trouble.",
familiar,dlg,ReplyList/14/Text,0,-1,You fight lots wif me. All but dem real nasty ones.,
familiar,dlg,ReplyList/15/Text,0,-1,You dun keep get hurt. Leave em all but the little uns.,
familiar,dlg,ReplyList/16/Text,0,-1,You do what you fink is good eh.,
familiar,dlg,ReplyList/17/Text,0,58483,You dun go real slow. Stop lookin around so much eh?,
familiar,dlg,ReplyList/19/Text,0,58485,Where is you? Come back where me can see you.,
familiar,dlg,ReplyList/2/Text,0,-1,I would like to manage your inventory.,
familiar,dlg,ReplyList/25/Text,0,-1,I want you to behave differently when we face danger.,
familiar,dlg,ReplyList/26/Text,0,-1,I want you to fight for me to the death!,
familiar,dlg,ReplyList/27/Text,0,-1,"Be brave! I want you fighting at my side at all times, unless you're badly hurt!",
familiar,dlg,ReplyList/28/Text,0,-1,Try not to get into trouble. Avoid tough foes.,
familiar,dlg,ReplyList/29/Text,0,-1,"I don't want you to get hurt, my friend. Try to avoid all but the easiest combat.",
familiar,dlg,ReplyList/3/Text,0,-1,Please show me your inventory.,
familiar,dlg,ReplyList/30/Text,0,-1,Trust your instincts when enemies approach us. I want you to be comfortable.,
familiar,dlg,ReplyList/31/Text,0,58483,I don't need you to search anymore.,
familiar,dlg,ReplyList/33/Text,0,58485,You can return to sight now.,
familiar,dlg,ReplyList/9/Text,0,58479,Me needs you to do something else.,
ghaar_alia,dlg,EntryList/1/Text,0,-1,"That enchantment I placed on the Irilium Crystals seems to have greatly weakened Janthos' golems. And just in time, too, judging by how all those Crimson Followers tried to turn them against us...",
ghaar_alia,dlg,EntryList/10/Text,0,-1,"Ah, Irilium Crystals. In the end, they're just stones like any other and I know a spell or two that should influence them. They won't destroy the golems but it should make them a little less dangerous at least. Are you really willing to do this for me?",
ghaar_alia,dlg,EntryList/11/Text,0,-1,"If you say so, citizen <LastName>. If you've got something to do, then you had best go do it. I'll be fine right here, thank you very much...",
ghaar_alia,dlg,EntryList/12/Text,0,-1,"<StartAction>[Alia takes the crystals into her hands, uttering words of magic over them. She sprinkles a bit of dust over them as well, causing the stones to cloud for a moment before returning to their natural color.]</Start> There, that should do it.",
ghaar_alia,dlg,EntryList/13/Text,0,-1,Have you discovered any news regarding Janthos' experiments?,
ghaar_alia,dlg,EntryList/14/Text,0,-1,What did Janthos tell you about his golems?,
ghaar_alia,dlg,EntryList/15/Text,0,-1,"<StartAction>[Alia looks at you suspiciously but appears to let the matter drop.]</Start> If you say so, citizen <LastName>. If you've got something to do, then you had best go do it. I'll be fine right here, thank you very much...",
ghaar_alia,dlg,EntryList/16/Text,0,-1,"City folk... Well I hope you're right in your assumption, citizen <LastName>, for it would be quite the shame if all of this crazy experimentation were to end in tragedy...",
ghaar_alia,dlg,EntryList/17/Text,0,-1,"He's going to unleash a force that will be the death of him, I just know it! And I'll be far away in the woods where I can't watch over him. It's horrible, <FirstName>! If one of those things were to get out of control, I can't even imagine the consequences...",
ghaar_alia,dlg,EntryList/18/Text,0,-1,"Irilium, you say? I fear I know what he has in mind. We need to stop this, <FirstName>. Janthos is putting himself and the city in danger. Will you help me?",
ghaar_alia,dlg,EntryList/19/Text,0,-1,"I fear I know what he has in mind. We need to stop this, <FirstName>. Janthos is putting himself and the city in danger. Will you help me?",
ghaar_alia,dlg,EntryList/2/Text,0,-1,"Janthos should never have created those monstrous constructs... Look at what has happened! Here we are, penned in by his own creations...",
ghaar_alia,dlg,EntryList/20/Text,0,-1,"Later? What if there is no later? As soon as my parents are ready, we're heading back home. If we're going to do something, we need to do it now.",
ghaar_alia,dlg,EntryList/21/Text,0,-1,"If you can bring me the material he intends to use as a power supply, maybe I can modify it to actually damage the golems enough to put them safely out of commission. Janthos will find other interests, safer interests. You know he will...",
ghaar_alia,dlg,EntryList/22/Text,0,-1,"And don't you be, either, <FirstName>! I'm not going to let him out of my sight, even if Mom & Dad have to drag me home by the hair! You just see if I won't...",
ghaar_alia,dlg,EntryList/23/Text,0,-1,"I know what I'm asking seems a bit extreme, <FirstName>, but Janthos refuses to listen to reason. Curiosity kills the cat, they say... I'll keep an eye on him until you get back.",
ghaar_alia,dlg,EntryList/24/Text,0,-1,"Hiya, citizen <LastName>! <StartAction>[Alia's excited smile seems fit to split her face from ear to ear.]</Start>",
ghaar_alia,dlg,EntryList/25/Text,0,-1,"You're as busy as your father, sometimes... Well... Safe journeys, citizen <LastName>.",
ghaar_alia,dlg,EntryList/26/Text,0,-1,"They're unpacking the mules and crawling up the stairs to their inn room, last I checked. They're exhausted from the trip and from all of the emotion from the ceremony. I figured I'd let them sleep and take the time to say goodbye to you and Janthos.",
ghaar_alia,dlg,EntryList/27/Text,0,-1,"But when I got here, Janthos wanted to show me the latest changes to his golem...",
ghaar_alia,dlg,EntryList/28/Text,0,-1,"<StartAction>[Her mood turns instantly sour.]</Start> Janthos has found a way to make one of his stupid constructs speak. It's downright creepy, <FirstName>. Who knows how far these experiments will go?",
ghaar_alia,dlg,EntryList/29/Text,0,-1,"He's going to unleash a force that will be the death of him, I just know it! And I'll be far away in the woods where I can't watch over him. It's horrible, <FirstName>! If one of those things were to get out of control, I can't even imagine the consequences...",
ghaar_alia,dlg,EntryList/3/Text,0,-1,"<< Activates ""N_TALK_SWITCH"" if ""N_MODULE_STAGE"" is 1. >>",
ghaar_alia,dlg,EntryList/30/Text,0,-1,"City folk... Well I hope you're right in your assumption, citizen <LastName>, for it would be quite the shame if all of this crazy experimentation were to end in tragedy...",
ghaar_alia,dlg,EntryList/31/Text,0,-1,I feel like I've been cautioning him with every second word out of my mouth and what has it done? You know how he is. He's simply too taken with his experiments to pay heed to friendly advice.,
ghaar_alia,dlg,EntryList/32/Text,0,-1,"I'll sit back and keep an eye on him. I chose the Redeemer crest, remember? If he hurts himself, at least I can patch him up now. In the meantime, if you could just speak with him and try to figure out what hare-brained plan he has up his sleeve next...",
ghaar_alia,dlg,EntryList/33/Text,0,-1,"Thanks, <FirstName>. You're a good friend...",
ghaar_alia,dlg,EntryList/34/Text,0,-1,"Oh, just stupid directions on how to get around the city at this point. I know it's harmless but... It speaks, <FirstName>. It thinks... What happens when it starts to speak and think for itself rather than for him?",
ghaar_alia,dlg,EntryList/35/Text,0,-1,"Mock me all you like, <FirstName>, but I worry for him. The natural balance was not meant to be taken so lightly.",
ghaar_alia,dlg,EntryList/36/Text,0,-1,"I thought you, being a <class>, would understand, <FirstName>. After all, Janthos is disturbing the balance of nature when he creates those monstrosities.",
ghaar_alia,dlg,EntryList/37/Text,0,-1,"<< Activates ""N_TALK_SWITCH"" if ""N_MODULE_STAGE"" is 0. >>",
ghaar_alia,dlg,EntryList/38/Text,0,-1,"<< This conversation node does nothing but reset the variable ""N_TALK_SWITCH"" >>",
ghaar_alia,dlg,EntryList/4/Text,0,-1,"<< Mod Stage 0, Talk Level 5 >>",
ghaar_alia,dlg,EntryList/40/Text,0,-1,"<< Set owner's journal quest to ""JT_JANTHOS"" >>",
ghaar_alia,dlg,EntryList/5/Text,0,-1,"I believe Janthos will be quite surprised when he learns of our friendly little sabotage. If he's mad at me, tell him I did it because I think he's cute, okay? And... And come visit me in the woods, someday, all right? I'm going to miss you all horribly.",
ghaar_alia,dlg,EntryList/6/Text,0,-1,I must leave. There is nothing I can do for Janthos now. I hope I'm wrong and that his golems don't pose the threat that I fear they might...,
ghaar_alia,dlg,EntryList/7/Text,0,-1,"<StartAction>[Alia eyes your approach pensively.]</Start> Hi, <FirstName>...",
ghaar_alia,dlg,EntryList/8/Text,0,-1,"Please give the crystals to Janthos. They should cause the golems to power down almost as soon as he has them installed. Thank you, <FirstName>! I'll feel a lot better making the journey home knowing that everyone here is a little safer from those monstrosities.",
ghaar_alia,dlg,EntryList/9/Text,0,-1,Have you found something for Janthos to use as a power supply?,
ghaar_alia,dlg,ReplyList/10/Text,0,-1,"Janthos knows what he's doing, Alia.",
ghaar_alia,dlg,ReplyList/11/Text,0,-1,Why are you so worried about this?,
ghaar_alia,dlg,ReplyList/12/Text,0,-1,He wants me to find some Irilium Crystals for him.,
ghaar_alia,dlg,ReplyList/13/Text,0,-1,"He says they need a power supply, still.",
ghaar_alia,dlg,ReplyList/14/Text,0,-1,"Maybe later, Alia.",
ghaar_alia,dlg,ReplyList/15/Text,0,-1,I said later. I've got things to do.,
ghaar_alia,dlg,ReplyList/16/Text,0,-1,"All right, what do you have in mind?",
ghaar_alia,dlg,ReplyList/17/Text,0,-1,What do you have in mind?,
ghaar_alia,dlg,ReplyList/18/Text,0,-1,"Don't be foolish, Alia!",
ghaar_alia,dlg,ReplyList/2/Text,0,-1,Not yet but I'll get to it as soon as I can.,
ghaar_alia,dlg,ReplyList/20/Text,0,-1,I'll think about it.,
ghaar_alia,dlg,ReplyList/21/Text,0,-1,"Okay. If I find anything, I'll bring it to you.",
ghaar_alia,dlg,ReplyList/23/Text,0,-1,"Sorry, I don't have time for this right now.",
ghaar_alia,dlg,ReplyList/25/Text,0,-1,Where are your parents?,
ghaar_alia,dlg,ReplyList/27/Text,0,-1,Keeping an eye on Janthos?,
ghaar_alia,dlg,ReplyList/29/Text,0,-1,You druids and your nonsense...,
ghaar_alia,dlg,ReplyList/3/Text,0,-1,"Yes, I have some Irilium Crystals right here.",
ghaar_alia,dlg,ReplyList/30/Text,0,-1,"Janthos knows what he's doing, Alia.",
ghaar_alia,dlg,ReplyList/31/Text,0,-1,"I'm sure it will all be fine, Alia, but I have to go.",
ghaar_alia,dlg,ReplyList/32/Text,0,-1,Any idea how we can stop him?,
ghaar_alia,dlg,ReplyList/33/Text,0,-1,Maybe we can convince him to be more careful.,
ghaar_alia,dlg,ReplyList/35/Text,0,-1,"Maybe... But no promises, Alia.",
ghaar_alia,dlg,ReplyList/36/Text,0,-1,Good idea. I'm on it.,
ghaar_alia,dlg,ReplyList/37/Text,0,-1,"All right, I'd better go.",
ghaar_alia,dlg,ReplyList/38/Text,0,-1,What does his golem say?,
ghaar_alia,dlg,ReplyList/39/Text,0,-1,"If it were up to you, we'd still be living in trees!",
ghaar_alia,dlg,ReplyList/4/Text,0,-1,This is sabotage. I won't do it.,
ghaar_alia,dlg,ReplyList/6/Text,0,-1,Of course. <StartAction>[Hand over the crystals.]</Start>,
ghaar_alia,dlg,ReplyList/8/Text,0,-1,<StartAction>[Lie]</Start> We merely chatted about the weather.,
ghaar_capt_anagr,dlg,EntryList/1/Text,0,-1,"You did it, <lad/lass>! The gates to the Market District are now open, and we may turn out attention to evacuating the Imperial citizens.",
ghaar_capt_anagr,dlg,EntryList/10/Text,0,-1,"Do not harbor old grudges against him, <FirstName>. Your father cared deeply about you, whether he was able to show it or not...",
ghaar_capt_anagr,dlg,EntryList/100/Text,0,-1,"<< Set owner's journal quest to ""JT_PREL_MARK"" >>",
ghaar_capt_anagr,dlg,EntryList/11/Text,0,-1,"It sounds to me as though you are still coping with his death, <FirstName>. In time, I'm sure the pain will ease, and you'll remember the good times you did spend with one another.",
ghaar_capt_anagr,dlg,EntryList/12/Text,0,-1,"For now, though, you need to get to safety. Above all else, I am sure your father would have wanted you out of harm's way.",
ghaar_capt_anagr,dlg,EntryList/13/Text,0,-1,"<StartAction>[Captain Anagril places his hand on your shoulder comfortingly.]</Start> His loss was a great blow to us all, <FirstName>, but I see his strength in you, and that gives me hope...",
ghaar_capt_anagr,dlg,EntryList/14/Text,0,-1,"But it is unwise for you to stay here any longer. You have done enough to aid the people here, and I'm sure your father would not want your life endangered.",
ghaar_capt_anagr,dlg,EntryList/15/Text,0,-1,"If by either strength or stealth we can enter the Grand Hall, we may be able regain mastery of the Control Stone. It will likely prove quite difficult, but I believe that is our only chance of escaping this trap.",
ghaar_capt_anagr,dlg,EntryList/16/Text,0,-1,"If you wish, I can lead an attack on the gates, in the attempt to buy you some time. With luck, the enemy will be distracted long enough to allow you ample opportunity to enter the Grand Hall.",
ghaar_capt_anagr,dlg,EntryList/17/Text,0,-1,"The enemy outnumber us considerably, and a direct assault will be dangerous. It might be wisest to try and discover a safer route into the Grand Hall. Either way, I offer my aid to you.",
ghaar_capt_anagr,dlg,EntryList/18/Text,0,-1,"Since Magistrate Okaris is now gone, my sword is at your command, <FirstName>. What do wish me to do?",
ghaar_capt_anagr,dlg,EntryList/19/Text,0,-1,"As you wish, m'<lord/lady>.",
ghaar_capt_anagr,dlg,EntryList/2/Text,0,-1,"<StartAction>[Anagril seems disappointed by your words.]</Start> At a time like this, all you can think of is yourself? You should be ashamed, <FirstName>. Still, I suppose we're all under a great deal of stress...",
ghaar_capt_anagr,dlg,EntryList/20/Text,0,-1,"I have heard rumors that a secret passage was constructed beneath the Grand Hall, but I do not have knowledge of where its entrances may lie. Your father was likely the only one who knew for sure...",
ghaar_capt_anagr,dlg,EntryList/21/Text,0,-1,"You may wish to visit the Imperial Academy, and speak with the survivors in hiding there. Perhaps one of them will be able to give assistance.",
ghaar_capt_anagr,dlg,EntryList/22/Text,0,-1,"Two strangers were trapped within the Imperial District along with us, and lent their aid in ensuring our people escaped to the Academy safely.",
ghaar_capt_anagr,dlg,EntryList/23/Text,0,-1,"One of them went after the enemy into the Grand Hall, but his companion remains at the Imperial Academy. I do not know the identities of these men, but they seem to be our allies. Perhaps they can assist us in our task.",
ghaar_capt_anagr,dlg,EntryList/24/Text,0,-1,"Very well, <FirstName>. May Rakha guide you and keep you safe.",
ghaar_capt_anagr,dlg,EntryList/25/Text,0,-1,"My men and I will do all we can to assist you. Come, my soldiers! We go to fight the enemy!",
ghaar_capt_anagr,dlg,EntryList/26/Text,0,-1,"These fanatical barbarians entered the Market District a short while ago, no doubt being granted access by the sorcerers in the Grand Hall. They quickly took to slaughtering all who stood in their path.",
ghaar_capt_anagr,dlg,EntryList/27/Text,0,-1,"Time is growing short. The enemy seems to have retreated to the Grand Hall for now, but should they return, I do not have the strength to stand against them...",
ghaar_capt_anagr,dlg,EntryList/28/Text,0,-1,"The Control Stone is our only hope of escape. While it is still in the hands of our enemy, we cannot lower the seal around the district gates, trapped within our own walls...",
ghaar_capt_anagr,dlg,EntryList/29/Text,0,-1,"<StartAction>[Anagril gives you a disapproving frown.]</Start> While that magical seal is still in place, you are trapped here as well as us, <FirstName>. So I would say this concerns you a great deal...",
ghaar_capt_anagr,dlg,EntryList/3/Text,0,-1,"I suggest you follow the citizens in retreat to the Market District. I will remain here to ensure all who can escape do so, but I will follow suit as soon as I possibly can.",
ghaar_capt_anagr,dlg,EntryList/30/Text,0,-1,"<StartAction>[Anagril gazes around at the many lifeless bodies within the district, his face full of sorrow.]</Start> Many have died, <FirstName>, defenseless against the cruel slaughter our enemy has wrought upon us.",
ghaar_capt_anagr,dlg,EntryList/31/Text,0,-1,"I have placed those who survived in the Imperial Academy for now. Until the district gates can be opened, I believe it will prove the safest haven for our people.",
ghaar_capt_anagr,dlg,EntryList/32/Text,0,-1,"I wish I knew, <FirstName>. The enemy is led by a fearsome fellow, garbed in red robing. He seems to be a sorcerer of great power, for he destroyed the courtyard gates with little more than a wave of his hand...",
ghaar_capt_anagr,dlg,EntryList/33/Text,0,-1,"Whomever this man is, he seems intent on the Grand Hall. The heaviest fighting has occurred there, and to my knowledge, he remains inside. ",
ghaar_capt_anagr,dlg,EntryList/34/Text,0,-1,"We must find a way into the Grand Hall. If Harkon remains trapped within its walls, his life is in great peril. Even he does not have the strength to stand against the Crimson Prophet alone...",
ghaar_capt_anagr,dlg,EntryList/35/Text,0,-1,"I don't like the sound of this. We must discover what purpose the Prophet has in the Grand Hall, and do what we can to put a stop to it!",
ghaar_capt_anagr,dlg,EntryList/36/Text,0,-1,"Your description of this man sounds very similar to the Crimson Prophet. If he is leading the assault, then we are indeed in great peril.",
ghaar_capt_anagr,dlg,EntryList/37/Text,0,-1,"The Crimson Prophet... It must be him. If he is leading this attack, then you cannot imagine the danger we are in...",
ghaar_capt_anagr,dlg,EntryList/38/Text,0,-1,"If we can regain mastery over the Control Stone, or somehow destroy it, we should be able to lower the seal on the gates. ",
ghaar_capt_anagr,dlg,EntryList/39/Text,0,-1,"<FirstName>, you're alive! Thank the gods! I received word of a great explosion at the Imperial Estate, but I'm afraid we have only now had the opportunity to come investigate...",
ghaar_capt_anagr,dlg,EntryList/4/Text,0,-1,"Yes, of course. Please, do not allow me to interfere with your self-preservation, <FirstName>. Farewell, and good luck.",
ghaar_capt_anagr,dlg,EntryList/40/Text,0,-1,"Tell me, though, where is Magistrate Okaris? Why is your father not in your company?",
ghaar_capt_anagr,dlg,EntryList/41/Text,0,-1,<StartAction>[The Captain's shoulders slump visibly.]</Start> The... the Magistrate is dead?! This only makes matters worse... I fear Ghaarak may be seeing its darkest hour.,
ghaar_capt_anagr,dlg,EntryList/42/Text,0,-1,"<FirstName>, disaster has fallen upon our city. I... I should have seen the warning signs, but it has been so peaceful here of late... I suppose my instincts are not what they used to be. Now, I fear all of Ghaarak may suffer for it.",
ghaar_capt_anagr,dlg,EntryList/43/Text,0,-1,"It began with a group of men arriving at the Grand Hall, claiming to be visiting sorcerers from the south. I thought they seemed a bit unusual, but I have little understanding of the arcane, and Zhiram believed their words.",
ghaar_capt_anagr,dlg,EntryList/44/Text,0,-1,"A short while later, I received word from Officer Ganolin that strange ships were seen just off the docks, and he was concerned they may prove hostile.",
ghaar_capt_anagr,dlg,EntryList/45/Text,0,-1,"I ordered most of my soldiers to the Market District in case his worries held any merit, a mistake I would soon regret. It seems we have been victim to a rather clever assault upon our city.",
ghaar_capt_anagr,dlg,EntryList/46/Text,0,-1,"As soon as my forces were depleted, the sorcerers murdered Zhiram and took possession of the Control Stone. I took what men I had, and tried to fight them, but I'm afraid we were driven back.",
ghaar_capt_anagr,dlg,EntryList/47/Text,0,-1,"They have used the Control Stone to seal off the gates to the Market District, cutting me off from my men, and trapping us, along with the Imperial citizens, in this district.",
ghaar_capt_anagr,dlg,EntryList/48/Text,0,-1,"I fear we are all in great danger, for now our forces are divided, and we have no escape from the Imperial District. If nothing is done, we may find ourselves doomed...",
ghaar_capt_anagr,dlg,EntryList/49/Text,0,-1,"<< Set owner's journal quest to ""JT_ST_1_MAIN"" >>",
ghaar_capt_anagr,dlg,EntryList/5/Text,0,-1,"I can't, <FirstName>. My duty demands I save as many lives as possible, and we still do not know who may be trapped within the wreckage here. Find yourself a place of refuge, and do not worry over my fate any further.",
ghaar_capt_anagr,dlg,EntryList/50/Text,0,-1,"<< Activates ""N_TALK_SWITCH"" if ""N_MODULE_STAGE"" is 1. >>",
ghaar_capt_anagr,dlg,EntryList/51/Text,0,-1,<StartAction>[Captain Anagril appears quite concerned over the events which have transpired in the Grand Hall today.]</Start>,
ghaar_capt_anagr,dlg,EntryList/52/Text,0,-1,"So Varhun has betrayed the Empire... I will confess the Chancellor was not the easiest chap to get along with, but he always seemed very devoted to Sharakha. I wonder if we'll ever know his purpose now...",
ghaar_capt_anagr,dlg,EntryList/53/Text,0,-1,"I have placed my men on high alert, and it might be best if you warn your father to be wary for a bit longer, just in case Varhun has set any trouble into motion. I'd suggest going to the Magistrate as soon as possible.",
ghaar_capt_anagr,dlg,EntryList/54/Text,0,-1,"Please hurry to Okaris, <FirstName>. It would be a terrible tragedy if something were to happen to the Magistrate...",
ghaar_capt_anagr,dlg,EntryList/55/Text,0,-1,"<StartAction>[Captain Anagril, the grizzled old leader of Ghaarak's garrison, beams at your approach.]</Start> I hope this <quarterday> finds you well, <Sir/Madam> <FirstName>. Tell me, what may I do for you today?",
ghaar_capt_anagr,dlg,EntryList/56/Text,0,-1,"Varhun may be a difficult man, <FirstName>, but he has proven loyal to the Sharakhan Empire many times over. I think you are simply jumping to conclusions, <lad/lass>. ",
ghaar_capt_anagr,dlg,EntryList/57/Text,0,-1,"Now, is there anything else I can do for you?",
ghaar_capt_anagr,dlg,EntryList/58/Text,0,-1,"Do you insist on believing everything you read, child? Mikel is a known forger and a fake. Given the tenacity with which you're clinging to this issue, I'm beginning to wonder whose payroll Mikel's really on: the Chancellor's? Or yours...",
ghaar_capt_anagr,dlg,EntryList/59/Text,0,-1,"Let the matter rest, <FirstName>, for I'm beginning to understand how you try your father's patience so. Now please... other than this childish game you insist on playing, is there anything else I can assist you with?",
ghaar_capt_anagr,dlg,EntryList/6/Text,0,-1,"<StartAction>[Captain Anagril salutes you, his eyes grim, but a small smile upon his face.]</Start> Good luck, <FirstName>, and may Rakha keep you from harm.",
ghaar_capt_anagr,dlg,EntryList/60/Text,0,-1,"I shall give you the honors of bringing this charge upon Varhun, <FirstName>. Please, speak with the Chancellor and inform him he is under arrest for treason against the Empire.",
ghaar_capt_anagr,dlg,EntryList/61/Text,0,-1,"So, have you found anything out of the ordinary in Chancellor Varhun's possession?",
ghaar_capt_anagr,dlg,EntryList/62/Text,0,-1,"I hope you're certain about this, <FirstName>. Otherwise, this is going to prove quite the scandal. Keep searching, and let's see what you come up with...",
ghaar_capt_anagr,dlg,EntryList/63/Text,0,-1,"<StartAction>[Captain Anagril frowns, his expression troubled.]</Start> I'm afraid that's not much in the way of evidence, <FirstName>. We're just going to have to assume the Chancellor is innocent of these charges...",
ghaar_capt_anagr,dlg,EntryList/64/Text,0,-1,"That is due to the fact that I AM innocent, Captain! Now, I want both of you gone from my chambers at once! If you're lucky, I'll consider letting this slide...",
ghaar_capt_anagr,dlg,EntryList/65/Text,0,-1,"I'm sorry for having disturbed you, Chancellor. Come along, <FirstName>. I think enough damage has been done here for one day...",
ghaar_capt_anagr,dlg,EntryList/66/Text,0,-1,"<StartAction>[Anagril takes the letter from you, reading over the incriminating words.]</Start> Well now, this is quite damning proof of Varhun's guilt.",
ghaar_capt_anagr,dlg,EntryList/67/Text,0,-1,"<StartAction>[Captain Anagril, the grizzled old leader of Ghaarak's garrison, beams at your approach.]</Start> I hope this <quarterday> finds you well, <Sir/Madam> <FirstName>. Tell me, what may I do for you today?",
ghaar_capt_anagr,dlg,EntryList/68/Text,0,-1,"As you wish, <Sir/Madam> <FullName>. Should you need anything, don't hesitate to ask.",
ghaar_capt_anagr,dlg,EntryList/69/Text,0,-1,"Your father has returned to the Imperial Estate, <Sir/Madam> <FirstName>. You should go there if you wish to speak with him.",
ghaar_capt_anagr,dlg,EntryList/7/Text,0,-1,"Your father would have been as proud of you as I am, <FirstName>. You honor his memory with your deeds.",
ghaar_capt_anagr,dlg,EntryList/70/Text,0,-1,"Your father seems to have drawn near to the end of his meeting, and has asked that you come to the Council Chamber with all haste. He didn't mention what matter it regarded, but he seemed very distraught.",
ghaar_capt_anagr,dlg,EntryList/71/Text,0,-1,"I am just relaying the message, <Sir/Madam> <FirstName>. He claimed it was quite urgent, though, so perhaps you should do as he asks.",
ghaar_capt_anagr,dlg,EntryList/72/Text,0,-1,"Good <quarterday> to you, <Sir/Madam> <FirstName>.",
ghaar_capt_anagr,dlg,EntryList/73/Text,0,-1,"Currently, your father is in important counsel with envoys from Emperor Rakha. They've been in discussion for quite some time, so I'm not sure when he'll be available. Rest assured, I'm sure he'll send for you as soon as he can.",
ghaar_capt_anagr,dlg,EntryList/74/Text,0,-1,"Ah, I had completely forgotten that was today. Congratulations on your achievement, <Sir/Madam> <FirstName>, and I'm sure it must have been an important visit for your father to have missed it. He's quite proud of you, after all.",
ghaar_capt_anagr,dlg,EntryList/75/Text,0,-1,"That doesn't mean he doesn't care. It's just that Magistrate <LastName> has quite a bit on his mind at the moment. There's talk of war brewing in the north, and he's doing all he can to ensure it doesn't reach us.",
ghaar_capt_anagr,dlg,EntryList/76/Text,0,-1,"He'll come around, <Sir/Madam> <FirstName>. Just give him some time to settle matters of duty. Be patient, and I'm sure it will all work out fine.",
ghaar_capt_anagr,dlg,EntryList/77/Text,0,-1,"Please do. Your father is a great man, one that I would follow into any battle. It has always pained me to see such a rift come between you two.",
ghaar_capt_anagr,dlg,EntryList/78/Text,0,-1,"Any time, <lad/lass>. I shall pray for Rakha to keep you safe, and guide you with his graceful hand. Fare thee well, <Sir/Madam> <FirstName>, and should you need anything else, do not hesitate to ask.",
ghaar_capt_anagr,dlg,EntryList/79/Text,0,-1,"Yes, I'm sure Magistrate Okaris did, <Sir/Madam> <FirstName>, and that suggests that his important counsel is indeed nearing its end. If you are unwilling to wait patiently for him here, I will inform your father that he'll find you pacing the inner halls.",
ghaar_capt_anagr,dlg,EntryList/8/Text,0,-1,"<StartAction>[The Captain's expression darkens visibly.]</Start> Your father was a great man, <FirstName>, both as a leader, and a friend. He deserves to be respected, regardless of how you may feel.",
ghaar_capt_anagr,dlg,EntryList/80/Text,0,-1,"As true as that may be, <Sir/Madam> <FirstName>, your father knows that the Emperor's words must be heeded, come life, death, or the end of time... I will convey your urgency to him but it is not my place to force his hand.",
ghaar_capt_anagr,dlg,EntryList/81/Text,0,-1,"<< Set owner's journal quest to ""JT_PRELUDE"" >>",
ghaar_capt_anagr,dlg,EntryList/82/Text,0,-1,"You know the markets aren't safe, <FirstName>. There've already been twelve murders there since winter... Perhaps it's time I talked to your father and Officer Ganolin about assigning you a bodyguard. In the meantime, stay out of trouble, all right?",
ghaar_capt_anagr,dlg,EntryList/83/Text,0,-1,"Mikel? Don't be ridiculous! These walls shall always protect you, <Sir/Madam> <FirstName>, mark my honor. As for goodman Ravenclaw, have you spoken with Officer Ganolin in the Market District? If something truly is afoot, I must not leave my watch.",
ghaar_capt_anagr,dlg,EntryList/84/Text,0,-1,"<StartAction>[Anagril's expression turns grim.]</Start> That is a very serious accusation, <FirstName>, and one that I have trouble believing, even of Varhun...",
ghaar_capt_anagr,dlg,EntryList/85/Text,0,-1,"<StartAction>[Anagril frowns at you.]</Start> Well, a ""hunch"" isn't enough reason for me to act upon such a grave matter, <lad/lass>.",
ghaar_capt_anagr,dlg,EntryList/86/Text,0,-1,"Varhun is a high ranking official within the Imperial ranks. If I were to go accusing him of treachery with such insubstantial evidence, I could find my own position threatened.",
ghaar_capt_anagr,dlg,EntryList/87/Text,0,-1,"If you can find further proof, then perhaps I can help you. Until then, I have to say that I think you are mistaken as to Varhun's nature. He may be a bit tough to take at times, but I can't imagine he would plot against the Magistrate.",
ghaar_capt_anagr,dlg,EntryList/88/Text,0,-1,"Good <quarterday> to you, <Sir/Madam> <FirstName>, and farewell.",
ghaar_capt_anagr,dlg,EntryList/89/Text,0,-1,"Mikel Ravenclaw is little more than a roguish thug. I wouldn't put it past him to lie about a matter like this, if he stood to gain from it.",
ghaar_capt_anagr,dlg,EntryList/9/Text,0,-1,"But since you seem to care about little other than yourself, perhaps you should go find a place of refuge from this attack.",
ghaar_capt_anagr,dlg,EntryList/90/Text,0,-1,"It's no bother, <FirstName>, but I simply cannot accuse the Chancellor of such a vile act without some sort of evidence. I hope you can understand...",
ghaar_capt_anagr,dlg,EntryList/91/Text,0,-1,"<StartCheck>[Failure]</Start> I'm sorry, <FirstName>, but you just don't have any evidence worthy of supporting your claim. I'm afraid there is little I can do to help you in this matter.",
ghaar_capt_anagr,dlg,EntryList/92/Text,0,-1,"<StartAction>[Success]</Start> Well, I guess this matter is serious enough to warrant an investigation...",
ghaar_capt_anagr,dlg,EntryList/93/Text,0,-1,"Let me take a look at that... <StartAction>[Captain Anagril glances over the letter quickly.]</Start> This looks to be Varhun's handwriting! ...And the content is... most alarming... Still, Mikel's been known to dabble in forgeries in the past.",
ghaar_capt_anagr,dlg,EntryList/94/Text,0,-1,"Let's go have a talk with Varhun, shall we? Perhaps we can get to the bottom of this matter...",
ghaar_capt_anagr,dlg,EntryList/95/Text,0,-1,"<StartAction>[Anagril takes the letter from you, reading over the incriminating words.]</Start> Well now, this is quite damning proof of Varhun's guilt.",
ghaar_capt_anagr,dlg,EntryList/96/Text,0,-1,"Come, <FirstName>. We shall have to confront Varhun on this matter. <StartAction>[Anagril motions for you to follow him.]</Start>",
ghaar_capt_anagr,dlg,EntryList/97/Text,0,-1,"<< Activates ""N_TALK_SWITCH"" if ""N_MODULE_STAGE"" is 0. >>",
ghaar_capt_anagr,dlg,EntryList/98/Text,0,-1,"<< This conversation node does nothing but reset the variable ""N_TALK_SWITCH"" >>",
ghaar_capt_anagr,dlg,ReplyList/0/Text,0,-1,Let me pass so I can get out of this trap!,
ghaar_capt_anagr,dlg,ReplyList/100/Text,0,-1,"Very well, then. I'll return with further proof.",
ghaar_capt_anagr,dlg,ReplyList/102/Text,0,-1,Mikel Ravenclaw was hired by Varhun to kill me.,
ghaar_capt_anagr,dlg,ReplyList/103/Text,0,-1,"I suppose you're right, Captain.",
ghaar_capt_anagr,dlg,ReplyList/105/Text,0,-1,"<StartAction>[Persuade]</Start> Captain, my father's life is in danger!",
ghaar_capt_anagr,dlg,ReplyList/108/Text,0,-1,I found this letter in Mikel Ravenclaw's possession...,
ghaar_capt_anagr,dlg,ReplyList/11/Text,0,-1,He's dead. Why waste thoughts on him now?,
ghaar_capt_anagr,dlg,ReplyList/111/Text,0,-1,I found this letter in Varhun's chambers...,
ghaar_capt_anagr,dlg,ReplyList/12/Text,0,-1,"Well, I'm glad the fool is dead!",
ghaar_capt_anagr,dlg,ReplyList/13/Text,0,-1,Perhaps... but I still have my doubts on that.,
ghaar_capt_anagr,dlg,ReplyList/16/Text,0,-1,I... I still can't believe he's dead...,
ghaar_capt_anagr,dlg,ReplyList/2/Text,0,-1,"Out of my way then, fool!",
ghaar_capt_anagr,dlg,ReplyList/22/Text,0,-1,"Continue on your business, Captain.",
ghaar_capt_anagr,dlg,ReplyList/24/Text,0,-1,Is there any way into the Grand Hall?,
ghaar_capt_anagr,dlg,ReplyList/26/Text,0,-1,Is there anyone else who may aid us?,
ghaar_capt_anagr,dlg,ReplyList/30/Text,0,-1,I'll scout ahead. Wait here for my return.,
ghaar_capt_anagr,dlg,ReplyList/32/Text,0,-1,Lead an attack on the Grand Hall.,
ghaar_capt_anagr,dlg,ReplyList/36/Text,0,-1,"Your failures are no concern of mine, Captain!",
ghaar_capt_anagr,dlg,ReplyList/38/Text,0,-1,Are the citizens safe?,
ghaar_capt_anagr,dlg,ReplyList/4/Text,0,-1,"Why not come with us, Captain...",
ghaar_capt_anagr,dlg,ReplyList/41/Text,0,-1,Why have these invaders assaulted Ghaarak?,
ghaar_capt_anagr,dlg,ReplyList/48/Text,0,-1,We must regain power over the Control Stone.,
ghaar_capt_anagr,dlg,ReplyList/5/Text,0,-1,"May the gods watch over you, then, Captain.",
ghaar_capt_anagr,dlg,ReplyList/51/Text,0,-1,My fool of a father went and got himself killed.,
ghaar_capt_anagr,dlg,ReplyList/52/Text,0,-1,My father's dead. The blast you heard claimed his life.,
ghaar_capt_anagr,dlg,ReplyList/6/Text,0,-1,"Very well, Captain.",
ghaar_capt_anagr,dlg,ReplyList/61/Text,0,-1,"He... he is dead, Captain...",
ghaar_capt_anagr,dlg,ReplyList/64/Text,0,-1,I'll do that.,
ghaar_capt_anagr,dlg,ReplyList/66/Text,0,-1,Varhun is plotting against my father.,
ghaar_capt_anagr,dlg,ReplyList/68/Text,0,-1,I found this letter in Mikel Ravenclaw's possession.,
ghaar_capt_anagr,dlg,ReplyList/70/Text,0,-1,"No, not yet.",
ghaar_capt_anagr,dlg,ReplyList/72/Text,0,-1,I found only a letter's charred remains.,
ghaar_capt_anagr,dlg,ReplyList/76/Text,0,-1,This letter clearly proves Varhun's guilt.,
ghaar_capt_anagr,dlg,ReplyList/78/Text,0,-1,"See you around, Captain.",
ghaar_capt_anagr,dlg,ReplyList/8/Text,0,-1,"I'm glad I could help, Captain.",
ghaar_capt_anagr,dlg,ReplyList/80/Text,0,-1,I wish to speak with my father. Where is he?,
ghaar_capt_anagr,dlg,ReplyList/82/Text,0,-1,I've been distraught all day! Did he come to me?,
ghaar_capt_anagr,dlg,ReplyList/83/Text,0,-1,"Very well, Captain. I shall go meet with him.",
ghaar_capt_anagr,dlg,ReplyList/85/Text,0,-1,I don't feel like talking anymore...,
ghaar_capt_anagr,dlg,ReplyList/86/Text,0,-1,He didn't even come to my citizenship today.,
ghaar_capt_anagr,dlg,ReplyList/87/Text,0,-1,He sure has a strange way of showing it...,
ghaar_capt_anagr,dlg,ReplyList/88/Text,0,-1,I'm his only child! All I ask is a moment of his day!,
ghaar_capt_anagr,dlg,ReplyList/89/Text,0,-1,"I suppose you're right, Captain.",
ghaar_capt_anagr,dlg,ReplyList/9/Text,0,-1,"He's dead to me and good riddance, I say!",
ghaar_capt_anagr,dlg,ReplyList/90/Text,0,-1,"Thanks, Captain. It's nice talking to you.",
ghaar_capt_anagr,dlg,ReplyList/92/Text,0,-1,But he summoned me here!,
ghaar_capt_anagr,dlg,ReplyList/93/Text,0,-1,"It's a matter of life and death, Captain!",
ghaar_capt_anagr,dlg,ReplyList/94/Text,0,-1,Someone tried to kill me in the Market District!,
ghaar_capt_anagr,dlg,ReplyList/95/Text,0,-1,Mikel Ravenclaw's trying to have me killed.,
ghaar_capt_anagr,dlg,ReplyList/96/Text,0,-1,Chancellor Varhun aims to kill my father.,
ghaar_capt_anagr,dlg,ReplyList/97/Text,0,-1,It's just a hunch...,
ghaar_citizen,dlg,EntryList/1/Text,0,-1,"Truely, this is the end of our fine city...",
ghaar_citizen,dlg,EntryList/10/Text,0,-1,"I hear Magistrate Okaris <LastName> has been hard at work securing alliances with the northern barbarians, in the attempt to stave off war... I hope his plan succeeds...",
ghaar_citizen,dlg,EntryList/11/Text,0,-1,The Imperial soldiers who went with Magistrate Okaris <LastName> on his last campaign against the northern barbarians claim to have found some sort of strange gem... one they claim speaks to them in the darkness of the night...,
ghaar_citizen,dlg,EntryList/12/Text,0,-1,"I hear that you have done well in your training as a <class>, <Sir/Madam> <FirstName>. I'm sure your father is quite proud of your achievements. ",
ghaar_citizen,dlg,EntryList/13/Text,0,-1,"Rumors abound that the Empire is meeting strong resistance to our presence in the north. I don't doubt such news, as the north has always proven a hive of treacherous brigands and vagabonds.",
ghaar_citizen,dlg,EntryList/14/Text,0,-1,"Your father has proven a great leader for our small outpost here in Ghaarak. The local natives have come to accept him as an honorable man, easing many of the tensions existing upon our initial arrival in this city.",
ghaar_citizen,dlg,EntryList/15/Text,0,-1,"Praise be to Rakha, our most glorious Emperor, without whom we would live still in the darkness of ignorance and war!",
ghaar_citizen,dlg,EntryList/16/Text,0,-1,"<< Activates ""N_TALK_SWITCH"" if ""N_MODULE_STAGE"" is 0. >>",
ghaar_citizen,dlg,EntryList/17/Text,0,-1,"<< This conversation node does nothing but reset the variable ""N_TALK_SWITCH"" >>",
ghaar_citizen,dlg,EntryList/19/Text,0,-1,<< Randomize TALK_LVL >>,
ghaar_citizen,dlg,EntryList/2/Text,0,-1,What will we do? Where will we go? We're trapped in here!,
ghaar_citizen,dlg,EntryList/20/Text,0,-1,"<< Set owner's journal quest to ""JT_PRELUDE"" >>",
ghaar_citizen,dlg,EntryList/3/Text,0,-1,"First Magistrate Okaris dies, and now this... Ghaarak is surely doomed...",
ghaar_citizen,dlg,EntryList/4/Text,0,-1,"The invaders have taken over the Control Stone and closed off the exits from the district... To think, our own magical defenses used against us...",
ghaar_citizen,dlg,EntryList/5/Text,0,-1,We must open the gate to the Market District! We have to get out of here!,
ghaar_citizen,dlg,EntryList/6/Text,0,-1,I've been so terrified since those fanatics took over the district! How could this have happened...,
ghaar_citizen,dlg,EntryList/7/Text,0,-1,The gates are open! The gates are open! Escape while you can!,
ghaar_citizen,dlg,EntryList/8/Text,0,-1,"<< Set owner's journal quest to ""JT_ST_1_MAIN"" >>",
ghaar_citizen,dlg,EntryList/9/Text,0,-1,"<< Activates ""N_TALK_SWITCH"" if ""N_MODULE_STAGE"" is 1. >>",
ghaar_commoner,dlg,EntryList/1/Text,0,-1,"They say Magistrate Okaris is dead, and we shall all soon follow his fate!",
ghaar_commoner,dlg,EntryList/10/Text,0,-1,"Ghaarak has grown quite a bit since we were accepted into the Sharakhan Empire. Just a few short years ago, Ghaarak was little more than a small village, and look at us now! ",
ghaar_commoner,dlg,EntryList/11/Text,0,-1,"Rumors claim that the Empire is meeting a great deal of resistance in the north. Some claim that war is inevitable, but we hold out faith that Okaris <LastName> will secure peace for Ghaarak.",
ghaar_commoner,dlg,EntryList/12/Text,0,-1,"When the Sharakhan Empire first came into Ghaarak, many were suspicious. But the efforts of Okaris <LastName> have done much to ease our worries. He is truly a great man.",
ghaar_commoner,dlg,EntryList/13/Text,0,-1,"Greetings to you on this fine <quarterday>, <sir/madam>.",
ghaar_commoner,dlg,EntryList/14/Text,0,-1,"Greetings to you on this fine <quarterday>, <sir/madam>.",
ghaar_commoner,dlg,EntryList/15/Text,0,-1,"<< Activates ""N_TALK_SWITCH"" if ""N_MODULE_STAGE"" is 0. >>",
ghaar_commoner,dlg,EntryList/16/Text,0,-1,"<< This conversation node does nothing but reset the variable ""N_TALK_SWITCH"" >>",
ghaar_commoner,dlg,EntryList/18/Text,0,-1,<< Randomize TALK_LVL >>,
ghaar_commoner,dlg,EntryList/19/Text,0,-1,"<< Set owner's journal quest to ""JT_PRELUDE"" >>",
ghaar_commoner,dlg,EntryList/2/Text,0,-1,We... we should have heeded the words of that Crimson Prophet! The Sharakhan Empire has doomed us!,
ghaar_commoner,dlg,EntryList/3/Text,0,-1,Escape to the Docks if you can! There's no other way out of Ghaarak any longer!,
ghaar_commoner,dlg,EntryList/4/Text,0,-1,We're... we're all going to die! Those... those fanatics are butchering everyone they see!,
ghaar_commoner,dlg,EntryList/5/Text,0,-1,Save yourself! Run for your life!,
ghaar_commoner,dlg,EntryList/6/Text,0,-1,"<< Activates ""N_TALK_SWITCH"" if ""N_MODULE_STAGE"" is 1. >>",
ghaar_commoner,dlg,EntryList/7/Text,0,-1,"There's been a lot more activity in Ghaarak of late, which has been profitable to our merchants. But some of the visitors have had a rather strange look to them...",
ghaar_commoner,dlg,EntryList/8/Text,0,-1,I have heard word that the Imperial soldiers found some sort of strange gem while campaigning in the north... I wonder what it might have been?,
ghaar_commoner,dlg,EntryList/9/Text,0,-1,They... they say the Crimson Prophet's sightings always precede terrible acts of death and destruction... I... I fear for Ghaarak's safety...,
ghaar_const_comm,dlg,EntryList/1/Text,0,-1,<StartAction>[The mechanical construct's eyes grow bright with a blue hue.]</Start> Imperial Construct at your service. What is your command?,
ghaar_const_comm,dlg,EntryList/2/Text,0,-1,<StartAction>[The construct's eyes dim to a soft white.]</Start> Switching to standby mode. Awaiting orders...,
ghaar_const_comm,dlg,EntryList/3/Text,0,-1,<StartAction>[The construct's eyes shine with a red gleam.]</Start> Command recognized. Attack sequence initiated.,
ghaar_const_comm,dlg,EntryList/4/Text,0,-1,"<< Activates ""N_TALK_SWITCH"" if ""N_MODULE_STAGE"" is 1. >>",
ghaar_const_comm,dlg,EntryList/5/Text,0,-1,"<StartAction>[This construct seems to pay you little heed, methodically going about its work in the Imperial District.]</Start>",
ghaar_const_comm,dlg,EntryList/6/Text,0,-1,"<< Activates ""N_TALK_SWITCH"" if ""N_MODULE_STAGE"" is 0. >>",
ghaar_const_comm,dlg,EntryList/7/Text,0,-1,"<< This conversation node does nothing but reset the variable ""N_TALK_SWITCH"" >>",
ghaar_const_comm,dlg,EntryList/9/Text,0,-1,"<< Set owner's journal quest to ""JT_JANTHOS"" >>",
ghaar_const_comm,dlg,ReplyList/0/Text,0,-1,Stay here for the moment.,
ghaar_const_comm,dlg,ReplyList/1/Text,0,-1,<StartAction>[Leave the construct be.]</Start>,
ghaar_const_comm,dlg,ReplyList/2/Text,0,-1,I need your help in fighting through to the gates of the Grand Hall.,
ghaar_const_xvii,dlg,EntryList/1/Text,0,-1,"<StartAction>[As you approach the gigantic construct standing before you, its eyes light up in a bright green glow. It looks towards you, the lights of its eyes flickering rapidly.]</Start>",
ghaar_const_xvii,dlg,EntryList/10/Text,0,-1,"<StartAction>[The construct's eyes return to their initial green coloring.]</Start> Construct XVII at your service, <FullName>, <CUSTOM6001> of Okaris <LastName>. How may I be of assistance?",
ghaar_const_xvii,dlg,EntryList/11/Text,0,-1,"<< Activates ""N_TALK_SWITCH"" if ""N_MODULE_STAGE"" is 0. >>",
ghaar_const_xvii,dlg,EntryList/12/Text,0,-1,"<< This conversation node does nothing but reset the variable ""N_TALK_SWITCH"" >>",
ghaar_const_xvii,dlg,EntryList/14/Text,0,-1,"<< Set owner's journal quest to ""JT_JANTHOS"" >>",
ghaar_const_xvii,dlg,EntryList/2/Text,0,-1,"Greetings, Imperial citizen <FullName>, <CUSTOM6001> of Okaris <LastName>, Imperial Magistrate of Ghaarak. Construct XVII, Imperial Information Construct, at your service. How may I be of assistance?",
ghaar_const_xvii,dlg,EntryList/3/Text,0,-1,"Farewell, <FullName>. <StartAction>[The lights of the construct's eyes slowly dim, and it returns to a passive position.]</Start>",
ghaar_const_xvii,dlg,EntryList/4/Text,0,-1,"<StartAction>[The lights of the construct's eyes glow a dim violet color.]</Start> Construct XVII, Imperial Information Construct, fueled by power of Control Stone, located within the walls of Imperial Grand Hall.",
ghaar_const_xvii,dlg,EntryList/5/Text,0,-1,"<StartAction>[The construct's eyes lighten to a flaring yellow.]</Start> Sharakhan Empire founded in 1320 by Rakha the Magnificent, High Emperor of Sharakha. Imperial doctrine to unite Abaran under one supreme reign of peace.",
ghaar_const_xvii,dlg,EntryList/6/Text,0,-1,"<StartAction>[The construct's eyes darken slightly.]</Start> <FullName> residency located to east of Imperial District at the Imperial Estate, manor home of Okaris <LastName>, Magistrate of Ghaarak.",
ghaar_const_xvii,dlg,EntryList/7/Text,0,-1,"<StartAction>[The construct's eyes take on a orange hue.]</Start> Market District most heavily populated district of Ghaarak. Small Imperial garrison maintained in Market District, but primary rule placed in hands of local merchant lords.",
ghaar_const_xvii,dlg,EntryList/8/Text,0,-1,<StartAction>[The construct's eyes turn to a dark blue.]</Start> Imperial District founded upon consolidation of Ghaarak by the Sharakhan Empire. Houses four score Imperial settlers of the city. Overseen by Okaris <LastName>.,
ghaar_const_xvii,dlg,EntryList/9/Text,0,-1,"<StartAction>[The construct's eyes turn to a soft white.]</Start> Imperial colony of Ghaarak, approximate population 1700. Northernmost city of Sharakhan Empire. Primary trade in imports from southern cities of Empire.",
ghaar_const_xvii,dlg,ReplyList/1/Text,0,-1,Nothing at the moment.,
ghaar_const_xvii,dlg,ReplyList/3/Text,0,-1,What exactly are you?,
ghaar_const_xvii,dlg,ReplyList/4/Text,0,-1,What can you tell me of the Sharakhan Empire?,
ghaar_const_xvii,dlg,ReplyList/5/Text,0,-1,What can you tell me about my home?,
ghaar_const_xvii,dlg,ReplyList/6/Text,0,-1,What can you tell me about the Market District?,
ghaar_const_xvii,dlg,ReplyList/7/Text,0,-1,What can you tell me about the Imperial District?,
ghaar_const_xvii,dlg,ReplyList/8/Text,0,-1,What can you tell me about this city?,
ghaar_cont_stone,dlg,EntryList/1/Text,0,-1,<StartAction>[The Control Stone stands ready to accept your command.]</Start>,
ghaar_cont_stone,dlg,EntryList/10/Text,0,-1,"<StartCheck>[Failure]</Start> <StartAction>[Though you remember High Sorcerer Zhiram once explained the Control Stone's operation to you and your fellow students, you simply can't recall his words at the moment...]</Start>",
ghaar_cont_stone,dlg,EntryList/11/Text,0,-1,<StartAction>[Success]</Start> <StartAction>[You suddenly recall a time during one of your lessons when High Sorcerer Zhiram showed you and your fellow students how the Control Stone was operated.]</Start>,
ghaar_cont_stone,dlg,EntryList/12/Text,0,-1,"<StartAction>[After spending a few moments inspecting the Control Stone, you believe you understand how it operates.]</Start>",
ghaar_cont_stone,dlg,EntryList/13/Text,0,-1,"<StartAction>[By uttering a simple arcane phrase, ""Milak Navok,"" you should be able to gain access to the runes of protection which guard access to the Control Stone.]</Start>",
ghaar_cont_stone,dlg,EntryList/14/Text,0,-1,<StartAction>[Each of these runes is part of a complex arrangement of focal points for the magical energies coursing through the Control Stone. Only with the proper arrangement of the runes can you gain mastery over the stone.]</Start>,
ghaar_cont_stone,dlg,EntryList/15/Text,0,-1,"<StartAction>[Each rune can be placed in one of nine positions, and only the correct arrangement of the runes will attune the Control Stone to your mind.]</Start>",
ghaar_cont_stone,dlg,EntryList/16/Text,0,-1,"<StartAction>[Once you have arranged the runes as you like, you can place your hands on the stone, and attempt to force your will upon it.]</Start>",
ghaar_cont_stone,dlg,EntryList/17/Text,0,-1,"<StartAction>[If the runes have been arranged in an incorrect order, though, the Control Stone's defenses will be set in place, sending a massive shock through your body.]</Start>",
ghaar_cont_stone,dlg,EntryList/18/Text,0,-1,"<StartAction>[As you utter the arcane phrase, three runes slowly appear on the surface of the stone, each with nine points surrounding it.]</Start>",
ghaar_cont_stone,dlg,EntryList/19/Text,0,-1,"<StartAction>[The Control Stone rests idle upon its altar, awaiting an action from you.]</Start>",
ghaar_cont_stone,dlg,EntryList/2/Text,0,-1,<StartAction>[A red light appears within the depths of the Control Stone as it obeys your command.]</Start>,
ghaar_cont_stone,dlg,EntryList/20/Text,0,-1,"<StartAction>[You attempt to overcome the tremendous power of the Control Stone, but it appears the defensive wards placed over it have not been overcome.]</Start>",
ghaar_cont_stone,dlg,EntryList/21/Text,0,-1,"<StartAction>[A great arc of lightning erupts from the Control Stone, hitting you squarely in the chest and knocking you to the ground.]</Start>",
ghaar_cont_stone,dlg,EntryList/22/Text,0,-1,"<StartAction>[The Control Stone hums into action, and you feel your mind connecting with the powerful sorceries within.]</Start>",
ghaar_cont_stone,dlg,EntryList/23/Text,0,-1,"<StartAction>[The rune drifts slowly to the surface of your hand, and to your surprise, you realize it can be manipulated into any one of nine positions.]</Start>",
ghaar_cont_stone,dlg,EntryList/24/Text,0,-1,<StartAction>[The rune slides easily into its new position.]</Start>,
ghaar_cont_stone,dlg,EntryList/25/Text,0,-1,"<< Set owner's journal quest to ""JT_ST_1_MAIN"" >>",
ghaar_cont_stone,dlg,EntryList/26/Text,0,-1,"<< Activates ""N_TALK_SWITCH"" if ""N_MODULE_STAGE"" is 1. >>",
ghaar_cont_stone,dlg,EntryList/27/Text,0,-1,"[Sitting upon the altar before you is a crystal stone, magical energies humming throughout its crystal surface. This is the Control Stone of Ghaarak, crafted by the sorcerers of the city to power their magical creations.]",
ghaar_cont_stone,dlg,EntryList/28/Text,0,-1,"<< Activates ""N_TALK_SWITCH"" if ""N_MODULE_STAGE"" is 0. >>",
ghaar_cont_stone,dlg,EntryList/29/Text,0,-1,"<< This conversation node does nothing but reset the variable ""N_TALK_SWITCH"" >>",
ghaar_cont_stone,dlg,EntryList/3/Text,0,-1,<StartAction>[A green light appears within the depths of the Control Stone as it obeys your command.]</Start>,
ghaar_cont_stone,dlg,EntryList/4/Text,0,-1,<StartAction>[The stone erupts into a bright white light. The gates to the Market District should now be open.]</Start>,
ghaar_cont_stone,dlg,EntryList/5/Text,0,-1,"<StartAction>[Before you lies the Control Stone of Ghaarak, magical energies crackling over its smooth surface.]</Start>",
ghaar_cont_stone,dlg,EntryList/6/Text,0,-1,"<StartAction>[As you lay your hands on the Control Stone, you feel its massive power coursing through your arms.]</Start>",
ghaar_cont_stone,dlg,EntryList/7/Text,0,-1,"<StartAction>[The Control Stone sits silently upon its altar, awaiting some sort of prompting from you.]</Start>",
ghaar_cont_stone,dlg,EntryList/8/Text,0,-1,"<StartAction>[As you bring your weapon down upon the Control Stone's surface, a bolt of electricity arcs out from its surface, striking you squarely in the chest, and knocking you to the ground. The stone appears undamaged...]</Start>",
ghaar_cont_stone,dlg,EntryList/9/Text,0,-1,"<StartAction>[You try several various manipulations of the Control Stone, but none appear to have any effect upon it. You have the feeling that you are missing something critical regarding the stone.]</Start>",
ghaar_cont_stone,dlg,ReplyList/0/Text,0,-1,<StartAction>[Command the stone to deactivate all of the Imperial Constructs.]</Start>,
ghaar_cont_stone,dlg,ReplyList/1/Text,0,-1,<StartAction>[Command the stone to activate all of the Imperial Constructs as your allies.]</Start>,
ghaar_cont_stone,dlg,ReplyList/10/Text,0,-1,<StartAction>[Lore]</Start> <StartAction>[Attempt to remember what you have heard about the Control Stone.]</Start>,
ghaar_cont_stone,dlg,ReplyList/11/Text,0,-1,<StartAction>[Spellcraft]</Start> <StartAction>[Attempt to use your knowledge of magical devices to discover how the stone operates.]</Start>,
ghaar_cont_stone,dlg,ReplyList/18/Text,0,-1,"<StartAction>[Speak the words ""Milak Navok.""]</Start>",
ghaar_cont_stone,dlg,ReplyList/2/Text,0,-1,<StartAction>[Exert your will upon the stone to lower the seals on the Market Gate and the sorcerer in this chamber.]</Start>,
ghaar_cont_stone,dlg,ReplyList/20/Text,0,-1,<StartAction>[Tell me what the current position has combination set at.]</Start>,
ghaar_cont_stone,dlg,ReplyList/21/Text,0,-1,<StartAction>[Focus your will on the Control Stone in an attempt to gain mastery over it.]</Start>,
ghaar_cont_stone,dlg,ReplyList/24/Text,0,-1,<StartAction>[Place your hand on the right rune.]</Start>,
ghaar_cont_stone,dlg,ReplyList/25/Text,0,-1,<StartAction>[Place your hand on the middle rune.]</Start>,
ghaar_cont_stone,dlg,ReplyList/26/Text,0,-1,<StartAction>[Place your hand on the left rune.]</Start>,
ghaar_cont_stone,dlg,ReplyList/27/Text,0,-1,<StartAction>[Leave this rune in its current position.]</Start>,
ghaar_cont_stone,dlg,ReplyList/28/Text,0,-1,<StartAction>[Move the rune into position 9.]</Start>,
ghaar_cont_stone,dlg,ReplyList/29/Text,0,-1,<StartAction>[Move the rune into position 8.]</Start>,
ghaar_cont_stone,dlg,ReplyList/30/Text,0,-1,<StartAction>[Move the rune into position 7.]</Start>,
ghaar_cont_stone,dlg,ReplyList/31/Text,0,-1,<StartAction>[Move the rune into position 6.]</Start>,
ghaar_cont_stone,dlg,ReplyList/32/Text,0,-1,<StartAction>[Move the rune into position 5.]</Start>,
ghaar_cont_stone,dlg,ReplyList/33/Text,0,-1,<StartAction>[Move the rune into position 4.]</Start>,
ghaar_cont_stone,dlg,ReplyList/34/Text,0,-1,<StartAction>[Move the rune into position 3.]</Start>,
ghaar_cont_stone,dlg,ReplyList/35/Text,0,-1,<StartAction>[Move the rune into position 2.]</Start>,
ghaar_cont_stone,dlg,ReplyList/36/Text,0,-1,<StartAction>[Move the rune into position 1.]</Start>,
ghaar_cont_stone,dlg,ReplyList/37/Text,0,-1,<StartAction>[Move the rune into position 0.]</Start>,
ghaar_cont_stone,dlg,ReplyList/4/Text,0,-1,<StartAction>[Leave.]</Start>,
ghaar_cont_stone,dlg,ReplyList/5/Text,0,-1,<StartAction>[Place your hands on the stone.]</Start>,
ghaar_cont_stone,dlg,ReplyList/7/Text,0,-1,<StartAction>[Attempt to destroy the stone.]</Start>,
ghaar_cont_stone,dlg,ReplyList/9/Text,0,-1,<StartAction>[Tamper with the stone a bit.]</Start>,
ghaar_egbar,dlg,EntryList/1/Text,0,-1,"<< Mod Stage 0, Talk Level 5 >>",
ghaar_egbar,dlg,EntryList/10/Text,0,-1,"Aye, and it's a rougher one when a fool like yerself starts yappin' in my ear! Now get out of here, and let me get back to my work!",
ghaar_egbar,dlg,EntryList/11/Text,0,-1,"I done told ye all I know, <lad/lass>... Check out the northern part of the sewer. That's where I saw that Elven fellow last week, and might be what ye're lookin' for... Past that, don't think there's much I can do to help ye...",
ghaar_egbar,dlg,EntryList/12/Text,0,-1,"<StartAction>[The Dwarf looks at you suspiciously.]</Start> Now why would I know of such a thing, eh? Think just 'cause I work in the sewers, I'm a filthy murderer too?",
ghaar_egbar,dlg,EntryList/13/Text,0,-1,"Don't ye even start talkin' like that, <lad/lass>! Egbar the Dwarf don't take nicely to fools like ye making threats! But... but maybe I can help ye, if we can work out some sort of arrangement...",
ghaar_egbar,dlg,EntryList/14/Text,0,-1,"<StartAction>[The Dwarf narrows his eyes at you and grunts.]</Start> Now, I wouldn't be knowing about such things as murder, but I do know I saw an Elven fellow poking his head around here about a week ago...",
ghaar_egbar,dlg,EntryList/15/Text,0,-1,"He seemed a bit suspicious to me, but I don't make it my affair to go prying in others' business, so I let it be...",
ghaar_egbar,dlg,EntryList/16/Text,0,-1,"<StartAction>[The Dwarf grunts at you as a farewell, and returns to clearing out the flooded sewer.]</Start>",
ghaar_egbar,dlg,EntryList/17/Text,0,-1,"Well now, that depends... My memory's not what it used to be, but gold has a way of revitalizing it from time to time...",
ghaar_egbar,dlg,EntryList/18/Text,0,-1,"<StartAction>[Success]</Start> <StartAction>[The Dwarf gulps loudly, and cowers away from you.]</Start> Alright, alright! I'll tell ye what I know!",
ghaar_egbar,dlg,EntryList/19/Text,0,-1,"I saw an Elven fellow scurrying about in the northern part of the sewer last week, carrying some sort of heavy sack... Seemed mighty suspicious to me...",
ghaar_egbar,dlg,EntryList/2/Text,0,-1,"<< Mod Stage 0, Talk Level 4 >>",
ghaar_egbar,dlg,EntryList/20/Text,0,-1,<StartAction>[Success] [The Dwarf beams at you and holds out a grimy hand to accept his payment.]</Start> I saw that Elven man roaming around the northern part of the sewers... and it looked to me like he was carrying some sort of heavy sack...,
ghaar_egbar,dlg,EntryList/21/Text,0,-1,"<StartCheck>[Failure]</Start> I'm afraid ye'll have to do better than that, <lad/lass>...",
ghaar_egbar,dlg,EntryList/22/Text,0,-1,<StartAction>[Success] [The Dwarf beams at you and holds out a grimy hand to accept his payment.]</Start> I saw that Elven man roaming around the northern part of the sewers... and it looked to me like he was carrying some sort of heavy sack...,
ghaar_egbar,dlg,EntryList/23/Text,0,-1,<StartAction>[Success] [The Dwarf beams at you and holds out a grimy hand to accept his payment.]</Start> I saw that Elven man roaming around the northern part of the sewers... and it looked to me like he was carrying some sort of heavy sack...,
ghaar_egbar,dlg,EntryList/24/Text,0,-1,"Might be what ye're lookin' for, <lad/lass>... I suggest ye give it a good search, and see what ye can find...",
ghaar_egbar,dlg,EntryList/25/Text,0,-1,"Now, I got to get back to me work, so why don't ye go about yer business?",
ghaar_egbar,dlg,EntryList/26/Text,0,-1,"<StartAction>[The Dwarf looks at you with glazed eyes.]</Start> Yeah, I think I might be able to help ye...",
ghaar_egbar,dlg,EntryList/27/Text,0,-1,"<< Activates ""N_TALK_SWITCH"" if ""N_MODULE_STAGE"" is 0. >>",
ghaar_egbar,dlg,EntryList/28/Text,0,-1,"<< This conversation node does nothing but reset the variable ""N_TALK_SWITCH"" >>",
ghaar_egbar,dlg,EntryList/29/Text,0,-1,"<< Set owner's journal quest to ""JT_PREL_LYEN"" >>",
ghaar_egbar,dlg,EntryList/3/Text,0,-1,"<< Mod Stage 0, Talk Level 3 >>",
ghaar_egbar,dlg,EntryList/4/Text,0,-1,"<< Mod Stage 0, Talk Level 2 >>",
ghaar_egbar,dlg,EntryList/5/Text,0,-1,"<< Mod Stage 0, Talk Level 1 >>",
ghaar_egbar,dlg,EntryList/6/Text,0,-1,"<StartAction>[The Dwarven worker looks up at you in irritation.]</Start> Whaddya' want? Can't ye see that I'm a bit busy here, cleaning up all this filth?!",
ghaar_egbar,dlg,EntryList/7/Text,0,-1,"<StartAction>[The Dwarf grunts at you, and returns to his work.]</Start>",
ghaar_egbar,dlg,EntryList/8/Text,0,-1,"Seems we had ourselves a rather nasty flood, that's what happened, ye blockheaded fool! My crew has been down here for three weeks now, tryin' to make sure the whole Market District isn't covered in this filth!",
ghaar_egbar,dlg,EntryList/9/Text,0,-1,"Not unless ye want to grab a hammer, and get down to yer waist in this mess! <StartAction>[The Dwarf looks at you disparagingly.]</Start> By the looks of ye, I don't think that's gonna happen... Now get out of here!",
ghaar_egbar,dlg,ReplyList/0/Text,0,-1,Sorry to have bothered you. I'll be on my way.,
ghaar_egbar,dlg,ReplyList/10/Text,0,-1,"No, no, no... You're not a suspect.",
ghaar_egbar,dlg,ReplyList/12/Text,0,-1,Interesting... I'll keep that in mind.,
ghaar_egbar,dlg,ReplyList/13/Text,0,-1,<StartAction>[Walk away.]</Start>,
ghaar_egbar,dlg,ReplyList/14/Text,0,-1,<StartAction>[Charisma]</Start> Did you happen to see where he went?,
ghaar_egbar,dlg,ReplyList/15/Text,0,-1,Thanks for nothing...,
ghaar_egbar,dlg,ReplyList/16/Text,0,-1,<StartAction>[Intimidate]</Start> How about I wring your filthy little neck!,
ghaar_egbar,dlg,ReplyList/19/Text,0,-1,<StartAction>[Persuade]</Start> Would 10 gold pieces refersh your memory?,
ghaar_egbar,dlg,ReplyList/2/Text,0,-1,What happened down here?,
ghaar_egbar,dlg,ReplyList/21/Text,0,-1,<StartAction>[Persuade]</Start> Would 20 gold pieces refresh your memory?,
ghaar_egbar,dlg,ReplyList/23/Text,0,-1,<StartAction>[Persuade]</Start> Would 50 gold pieces refresh your memory?,
ghaar_egbar,dlg,ReplyList/28/Text,0,-1,"<< Set owner's journal quest to ""JT_PREL_KARA"" >>",
ghaar_egbar,dlg,ReplyList/3/Text,0,-1,I think I'll be on my way...,
ghaar_egbar,dlg,ReplyList/4/Text,0,-1,Anything I can do to help?,
ghaar_egbar,dlg,ReplyList/5/Text,0,-1,Sounds like a rough job...,
ghaar_egbar,dlg,ReplyList/6/Text,0,-1,I'm trying to find a body...,
ghaar_egbar,dlg,ReplyList/7/Text,0,-1,You're right... I'm sorry if I have offended you.,
ghaar_egbar,dlg,ReplyList/8/Text,0,-1,"Why? What are you hiding, Dwarf?",
ghaar_ganolin,dlg,EntryList/1/Text,0,-1,"<StartAction>[Imperial Officer Ganolin gazes up at you weakly as you approach, his face bloodied and broken.]</Start> <Sir/Madam>... <FirstName>... is... is that you?",
ghaar_ganolin,dlg,EntryList/10/Text,0,-1,"<StartAction>[Ganolin's eyes become hard as steel for a moment, fear glinting from within them.]</Start> Yes... yes... Dear gods, he... he and his followers... passed... into the Docks just... a while ago...",
ghaar_ganolin,dlg,EntryList/11/Text,0,-1,My men... and I tried... tried to fight them back... but... but we were stricken... in fear... and... and... we could not hold them off...,
ghaar_ganolin,dlg,EntryList/12/Text,0,-1,You... you could try... try to find a boat here on the river bank... But... but most have already... already been taken by others... so... so I do not know if you will find one... available...,
ghaar_ganolin,dlg,EntryList/13/Text,0,-1,I... I have heard... that Mikel... Ravenclaw... scoundrel that he is... once had a passage to... to the Docks erected below his... lair.,
ghaar_ganolin,dlg,EntryList/14/Text,0,-1,But... but Ravenclaw Tavern... was... destroyed... early in the battle... so... I... don't know how... much of his lair... remains...,
ghaar_ganolin,dlg,EntryList/15/Text,0,-1,<StartAction>[Ganolin gazes weakly towards the wreckage on the bridge.]</Start> You... you may be able... able to clear a path... through that debris... <FirstName>... But... but be wary of the enemy... for they are many...,
ghaar_ganolin,dlg,EntryList/16/Text,0,-1,"Quick, <FirstName>! Escape to the Docks before it is too late!",
ghaar_ganolin,dlg,EntryList/17/Text,0,-1,"<< Set owner's journal quest to ""JT_ST_1_MAIN"" >>",
ghaar_ganolin,dlg,EntryList/18/Text,0,-1,"<< Activates ""N_TALK_SWITCH"" if ""N_MODULE_STAGE"" is 1. >>",
ghaar_ganolin,dlg,EntryList/19/Text,0,-1,"<StartAction>[Ganolin, Imperial Officer of the Market District, salutes at your approach.]</Start> Greetings to you, <Sir/Madam> <FullName>. I hope you are enjoying your stay in the Market District, and keeping clear of trouble.",
ghaar_ganolin,dlg,EntryList/2/Text,0,-1,"<StartAction>[It seems Officer Ganolin is about to say more, but suddenly, his eyes roll upwards into his head, and his breath grows still... It seems you will now have to find your way to the Docks on your own...]</Start>",
ghaar_ganolin,dlg,EntryList/20/Text,0,-1,What can I do for you this <quarterday>?,
ghaar_ganolin,dlg,EntryList/21/Text,0,-1,"As you wish, <Sir/Madam> <FirstName>. If you need anything, just let me know.",
ghaar_ganolin,dlg,EntryList/22/Text,0,-1,"<StartAction>[Sigh.]</Start> It's a rough place at times, that's for sure. Ghaarak isn't as civilized as the Imperial cities to the south, and we have had our fair share of troubles of late.",
ghaar_ganolin,dlg,EntryList/23/Text,0,-1,"To make matters more frustrating, Captain Anagril has given me a rather small number of men to police the market, and I constantly find we are far too undermanned to prove effective at maintaining peace.",
ghaar_ganolin,dlg,EntryList/24/Text,0,-1,"Still, if you keep yourself out of trouble, this district has quite a lot to offer. There are quite a few merchant shops to peruse, and you should be able to find just about anything you could want here.",
ghaar_ganolin,dlg,EntryList/25/Text,0,-1,"<StartAction>[Ganolin's slim face grows concerned.]</Start> I'm not sure what to think of it, but I'm worried little good will come of this. I just hope this doesn't add further troubles to my duties...",
ghaar_ganolin,dlg,EntryList/26/Text,0,-1,"<StartAction>[Officer Ganolin bends down to inspect the body, removing the dagger from its back and looking it over carefully.]</Start> Well, now, this does seem quite incriminating...",
ghaar_ganolin,dlg,EntryList/27/Text,0,-1,"I always had a feeling that Nelgir was a bit shady, but this... this is far more than I would have ever expected from him... I shall dispatch a group of guards to arrest the merchant immediately, <FirstName>.",
ghaar_ganolin,dlg,EntryList/28/Text,0,-1,"You've done the city of Ghaarak a great service today, <FirstName>. I'm sure your father would be proud of your actions...",
ghaar_ganolin,dlg,EntryList/29/Text,0,-1,"As a small reward for your service, which has saved my men and I quite a great deal of time, I would like to present you with this small purse of gold. Take it with the thanks of the city, <FirstName>...",
ghaar_ganolin,dlg,EntryList/3/Text,0,-1,<StartAction>[Ganolin smiles weakly.]</Start> It... it is good to see you alive... <FirstName>... Word... word reached me of your father's... death... and... and I had little hope that you would... survive...,
ghaar_ganolin,dlg,EntryList/30/Text,0,-1,"It is the least I could do, <FirstName>. I only wish it could be more... My men shall see to Nelgir's arrest at once, and you may go knowing you have done far more than your part in bringing this criminal to justice...",
ghaar_ganolin,dlg,EntryList/31/Text,0,-1,"<< Set owner's journal quest to ""JT_PREL_KARA"" >>",
ghaar_ganolin,dlg,EntryList/32/Text,0,-1,"Well, now, that is quite a claim, <FirstName>... and one I can do little about without some solid proof. If you can discover something substantial to support your claim, return to me. Otherwise, I'm afraid there is little I can do...",
ghaar_ganolin,dlg,EntryList/33/Text,0,-1,"I wish I could do more to aid you, but my garrison is limited at the moment, and I cannot spare any men for an investigation such as this. I'm afraid you're going to have to be on your own for this one, <lad/lass>...",
ghaar_ganolin,dlg,EntryList/34/Text,0,-1,"<StartAction>[Officer Ganolin appears quite embarrassed.]</Start> I will be the first to admit that my small garrison is not the most ideal peace keeping force for the Market, but please believe me when I say we do our best...",
ghaar_ganolin,dlg,EntryList/35/Text,0,-1,"If you can uncover some solid evidence, perhaps then I can lend the men to aid you, but until that time, I'm afraid I just can't do anything more... Good luck to you anyway, <lad/lass>...",
ghaar_ganolin,dlg,EntryList/36/Text,0,-1,"Good luck to you, and please do return to me if you can discover anything of importance, as I shall be sure to look into it immediately.",
ghaar_ganolin,dlg,EntryList/37/Text,0,-1,"Well, if I had to take a guess, I'd say that sounds quite a bit like the sewers here in the city... You might want to talk to Egbar the Dwarf down below the city. He's the only person who knows much about those sewers...",
ghaar_ganolin,dlg,EntryList/38/Text,0,-1,"<< Set owner's journal quest to ""JT_PREL_KARA"" >>",
ghaar_ganolin,dlg,EntryList/39/Text,0,-1,"This is disturbing news indeed, <FirstName>. If Chancellor Varhun has betrayed the Empire... times have grown dark for Ghaarak. Strange prophets, betrayals, and now this...",
ghaar_ganolin,dlg,EntryList/4/Text,0,-1,I... I tried... tried to keep the gates... to... to the Docks open... <FirstName>... but... but it seems... the enemy has finally... bested me...,
ghaar_ganolin,dlg,EntryList/40/Text,0,-1,"I will send my men to keep an eye on Ravenclaw Tavern. I'm not sure what to suggest regarding Chancellor Varhun. He is a high ranking official, and may prove a bit more troubling. There is little I can do against him, I'm afraid.",
ghaar_ganolin,dlg,EntryList/41/Text,0,-1,"Er... yes, well, I have a lot to manage <FirstName>. I will send my men to look after Ravenclaw Tavern. You focus on stopping Chancellor Varhun. Good luck in your efforts, and I hope no harm comes of this...",
ghaar_ganolin,dlg,EntryList/42/Text,0,-1,"Good luck, <FirstName>. I hope you can stop the Chancellor's plans before any harm comes to Magistrate Okaris. It would be a terrible tragedy if anything were to happen to him...",
ghaar_ganolin,dlg,EntryList/43/Text,0,-1,"<< Set owner's journal quest to ""JT_PREL_MARK"" >>",
ghaar_ganolin,dlg,EntryList/44/Text,0,-1,"This is a serious accusation, <FirstName>, as a plot against an Imperial Magistrate carries the penalty of death upon it. Mikel Ravenclaw is an influential member of this district, and carries a great deal of power here.",
ghaar_ganolin,dlg,EntryList/45/Text,0,-1,"I will need proof of Mikel's involvement in such a plot if I am to act against him. Unfortunately, I do not have the soldiers available to mount such an investigation on my own, so I'm afraid it will fall on you to find any evidence.",
ghaar_ganolin,dlg,EntryList/46/Text,0,-1,"Do not blaspheme against the Emperor, child! Your father would be shocked to hear it. Go find your evidence against Mikel and maybe there'll be soldiers to spare then...",
ghaar_ganolin,dlg,EntryList/47/Text,0,-1,"<StartCheck>[Failure]</Start> I'm truly sorry, <FirstName>, but I cannot afford to spare my men right now. I wish there was more I could do, but you will have to be on your own for this investigation.",
ghaar_ganolin,dlg,EntryList/48/Text,0,-1,"<StartAction>[Success]</Start> I suppose I can send two of my guards to assist you. I will have them meet you at the Ravenclaw tavern. I wish I could do more, but I truly can't spare any more men right now.",
ghaar_ganolin,dlg,EntryList/49/Text,0,-1,"<< Set owner's journal quest to ""JT_PREL_MARK"" >>",
ghaar_ganolin,dlg,EntryList/5/Text,0,-1,<FirstName>... you must get to the Docks... quickly... Enemy ships have been... sighted on the... horizon... There... there isn't much... much time to make an escape... so... so you must hurry!,
ghaar_ganolin,dlg,EntryList/50/Text,0,-1,"<< Set owner's journal quest to ""JT_PREL_MARK"" >>",
ghaar_ganolin,dlg,EntryList/51/Text,0,-1,"Are you okay? The Market District is no place for a young noble<man/woman>, <Master/Mistress> <FirstName>. I'd sleep a lot better tonight if I knew you were safe and sound in the Imperial District.",
ghaar_ganolin,dlg,EntryList/52/Text,0,-1,"<< Activates ""N_TALK_SWITCH"" if ""N_MODULE_STAGE"" is 0. >>",
ghaar_ganolin,dlg,EntryList/53/Text,0,-1,"<< This conversation node does nothing but reset the variable ""N_TALK_SWITCH"" >>",
ghaar_ganolin,dlg,EntryList/54/Text,0,-1,"<< Set owner's journal quest to ""JT_PRELUDE"" >>",
ghaar_ganolin,dlg,EntryList/6/Text,0,-1,I... I am not... long... for this world... <FirstName>... but... but I will help... help you if I can...,
ghaar_ganolin,dlg,EntryList/7/Text,0,-1,Gods speed to you... <Sir/Madam>... <FirstName>... May Rakha... keep you in His... hands...,
ghaar_ganolin,dlg,EntryList/8/Text,0,-1,"Look... look around you, <FirstName>... This... this city... is doomed... We... we cannot... fight so many... we... we are too... weak now...",
ghaar_ganolin,dlg,EntryList/9/Text,0,-1,Escape... escape to the Docks... while there is still time... If... if the enemy takes the Docks... there... there will be no way out... of this death trap...,
ghaar_ganolin,dlg,ReplyList/0/Text,0,-1,<StartAction>[Leave Ganolin to his fate.]</Start>,
ghaar_ganolin,dlg,ReplyList/10/Text,0,-1,Have you seen the Crimson Prophet?,
ghaar_ganolin,dlg,ReplyList/12/Text,0,-1,Is there any other way to the Docks?,
ghaar_ganolin,dlg,ReplyList/15/Text,0,-1,The bridge gate to the Docks is destroyed.,
ghaar_ganolin,dlg,ReplyList/16/Text,0,-1,I'll keep that in mind..,
ghaar_ganolin,dlg,ReplyList/18/Text,0,-1,"Farewell, Ganolin.",
ghaar_ganolin,dlg,ReplyList/2/Text,0,-1,"Yes, Officer Ganolin... it is I...",
ghaar_ganolin,dlg,ReplyList/20/Text,0,-1,Can you tell me a bit about the Market District?,
ghaar_ganolin,dlg,ReplyList/23/Text,0,-1,I see. Thanks for the information.,
ghaar_ganolin,dlg,ReplyList/24/Text,0,-1,What do you make of that strange prophet's appearance?,
ghaar_ganolin,dlg,ReplyList/26/Text,0,-1,"<< Set owner's journal quest to ""JT_PRELUDE"" >>",
ghaar_ganolin,dlg,ReplyList/27/Text,0,-1,Merchant Nelgir murdered his father. I have evidence.,
ghaar_ganolin,dlg,ReplyList/31/Text,0,-1,"Thank you, Officer.",
ghaar_ganolin,dlg,ReplyList/33/Text,0,-1,Nelgir the gem merchant had his father murdered...,
ghaar_ganolin,dlg,ReplyList/35/Text,0,-1,No wonder crime is so rampant...,
ghaar_ganolin,dlg,ReplyList/36/Text,0,-1,"Well, you're certainly of little use...",
ghaar_ganolin,dlg,ReplyList/38/Text,0,-1,Very well. I'll see what I can find on my own.,
ghaar_ganolin,dlg,ReplyList/40/Text,0,-1,"Know anywhere ""dark, and with a terrible stench?""",
ghaar_ganolin,dlg,ReplyList/42/Text,0,-1,"<< Set owner's journal quest to ""JT_PREL_KARA"" >>",
ghaar_ganolin,dlg,ReplyList/43/Text,0,-1,Varhun is paying Ravenclaw to assassinate my father and I.,
ghaar_ganolin,dlg,ReplyList/45/Text,0,-1,"Yes, you do seem quite useless...",
ghaar_ganolin,dlg,ReplyList/47/Text,0,-1,Leave the Chancellor to me.,
ghaar_ganolin,dlg,ReplyList/49/Text,0,-1,Mikel Ravenclaw is plotting against my father.,
ghaar_ganolin,dlg,ReplyList/51/Text,0,-1,The Emperor's a fool if even his men won't help.,
ghaar_ganolin,dlg,ReplyList/52/Text,0,-1,Very well...,
ghaar_ganolin,dlg,ReplyList/53/Text,0,-1,"I understand, Officer. I'll be fine on my own.",
ghaar_ganolin,dlg,ReplyList/54/Text,0,-1,<StartAction>[Persuade]</Start> Surely there are a few you can spare.,
ghaar_ganolin,dlg,ReplyList/55/Text,0,-1,"That'll do fine. Thank you, Officer Ganolin.",
ghaar_ganolin,dlg,ReplyList/56/Text,0,-1,An attempt has been made on my life!,
ghaar_ganolin,dlg,ReplyList/57/Text,0,-1,"<< Set owner's journal quest to ""JT_PREL_MARK"" >>",
ghaar_ganolin,dlg,ReplyList/6/Text,0,-1,"Farewell, Officer Ganolin. May the gods keep you.",
ghaar_ganolin,dlg,ReplyList/8/Text,0,-1,Is there nothing that will save Ghaarak?,
ghaar_ghan,dlg,EntryList/1/Text,0,-1,"I hear Tarin escaped the clutches of Pharos Nightcrawler's men... and all due to your courage, <Race> one.",
ghaar_ghan,dlg,EntryList/10/Text,0,-1,"I wish that I could, <FirstName>, but my island of Charach lies not far from the city of Laceri. Pharos Nightcrawler controls great power in that region, and I fear he would strike against my people in retalliation if I were to get involved.",
ghaar_ghan,dlg,EntryList/11/Text,0,-1,"I believe you will be safe enough. Laceri lies far from here, and Pharos does not have such influence as to strike against Imperial interests.",
ghaar_ghan,dlg,EntryList/12/Text,0,-1,"<StartAction>[Ghan frowns, but nods his head anyway.]</Start> Very well then. I shall simply have to pray that Tarin finds some way to safety.",
ghaar_ghan,dlg,EntryList/13/Text,0,-1,"Should you have a change of heart, I have seen those men often by the boathouse in the Market District. It might be worth looking into, if you decide differently at a later time.",
ghaar_ghan,dlg,EntryList/14/Text,0,-1,"Farewell, <Race> one. I shall pray Tarin Lightfingers escapes this trap, and finds his way to freedom.",
ghaar_ghan,dlg,EntryList/15/Text,0,-1,"It is not cowardice, <FirstName>, but a concern for the welfare of my people. Once, Pharos had dozens of my kin massacred for a simple insult spoken by a foolish Minotaur in Laceri. I dare not risk another such occurrence.",
ghaar_ghan,dlg,EntryList/16/Text,0,-1,I have seen those men quite a few times around the boathouse in the Market District. That may be a good place to begin the search for him. ,
ghaar_ghan,dlg,EntryList/17/Text,0,-1,"I wish you luck, <FirstName>, and shall pray for the safe return of both you and the Halfling.",
ghaar_ghan,dlg,EntryList/18/Text,0,-1,My days of gambling have ended...,
ghaar_ghan,dlg,EntryList/19/Text,0,-1,"I shall remember your deed for all my days, <Race> one. Know that your kindness has earned the friendship of Ghan the Mighty!",
ghaar_ghan,dlg,EntryList/2/Text,0,-1,Poor little Tarin... I hope he doesn't end his days at the brutal hands of Pharos Nightcrawler...,
ghaar_ghan,dlg,EntryList/20/Text,0,-1,"I have shamed my honor... Please, leave me in peace, <Race> one...",
ghaar_ghan,dlg,EntryList/21/Text,0,-1,Gargh! Now I shall never win back my beloved Vhaarah's Soul Brooch! The fates have deemed to bring doom upon me for my foolishness...,
ghaar_ghan,dlg,EntryList/22/Text,0,-1,"<StartAction>[A look of utter sorrow passes over the Minotaur's craggy face.]</Start> I... I am weak, and unworthy of my Vhaarah's love. My shame shall follow me to the end of my days...",
ghaar_ghan,dlg,EntryList/23/Text,0,-1,"Leave me in peace, <Race> one. I do not wish to share any more words for now...",
ghaar_ghan,dlg,EntryList/24/Text,0,-1,"You are kind, <Race> one, for saying so, but it is hopeless... To win back my Soul Brooch with honor, I must reclaim it in the same fashion it was lost.",
ghaar_ghan,dlg,EntryList/25/Text,0,-1,"I would have to challenge Mylok to another game of chance, but I lost all of my gold to Tarin. I have nothing left with which to wager against Mylok. The fates have indeed doomed me...",
ghaar_ghan,dlg,EntryList/26/Text,0,-1,"<StartAction>[The Minotaur nods, but it is obvious to you that he is no longer truly listening.]</Start> Please, <Race> one... leave me be for now. I wish to be alone.",
ghaar_ghan,dlg,EntryList/27/Text,0,-1,<StartAction>[The Minotaur's eyes light up when he sees the brooch in your hand.]</Start> You... you have the Soul Brooch?! I... I never thought I would lay eyes upon it again!,
ghaar_ghan,dlg,EntryList/28/Text,0,-1,"<StartAction>[Suddenly, Ghan's expression grows wary.]</Start> I... I cannot accept its return, though... I lost it in a game of chance, and honor demands that I can only recover it in such a fashion...",
ghaar_ghan,dlg,EntryList/29/Text,0,-1,"<StartAction>[Ghan nods reluctantly.]</Start> I suppose there is little I can do to stop you without further shaming my honor... Begone from me, <Race> one, and taunt me no more!",
ghaar_ghan,dlg,EntryList/3/Text,0,-1,"If you hurry, <FirstName>, you may be able to catch those men who abducted Tarin at the boathouse in the Market District. I've seen them there before, and it is as good a place to search as any.",
ghaar_ghan,dlg,EntryList/30/Text,0,-1,"Well, perhaps... I... I had not considered that possibility... Yes, yes, I believe it would! Will you return my Soul Brooch to me, <Race> one? I would be eternally grateful to see it in my possession again.",
ghaar_ghan,dlg,EntryList/31/Text,0,-1,"<StartAction>[The Minotaur's shoulders slump, but he nods grimly.]</Start> Such is your choice, <Race> one. I cannot honorable force you to return the brooch to me...",
ghaar_ghan,dlg,EntryList/32/Text,0,-1,"Your words are true, no matter how little I wish to hear them... Begone from me, <Race> one, and taunt me no more!",
ghaar_ghan,dlg,EntryList/33/Text,0,-1,"Thank you, <Race> one! You have allowed me to regain my honor, and I am grateful. Know that I will remember this deed forever... <StartAction>[Ghan takes the Soul Brooch from your hand.]</Start>",
ghaar_ghan,dlg,EntryList/34/Text,0,-1,"Then I am afraid I could not accept the brooch from you, <Race> one, noble as your intentions may be...",
ghaar_ghan,dlg,EntryList/35/Text,0,-1,"Yes, <Race> one, I am. Your intentions may be noble, but I simply cannot shame my honor any further. Please, leave me in peace so that I may deal with my shame...",
ghaar_ghan,dlg,EntryList/36/Text,0,-1,"<StartCheck>[Failure]</Start> No... I still cannot take it. Thank you for trying to aid me, but I have failed to maintain my honor. It is my doom to accept my punishment...",
ghaar_ghan,dlg,EntryList/37/Text,0,-1,"Please... leave me in peace, <Race> one. I wish to be alone in my shame...",
ghaar_ghan,dlg,EntryList/38/Text,0,-1,"<StartAction>[Success]</Start> I... I had not thought of that... I suppose my honor would allow me to accept the brooch... if you are still willing to give it to me, that is...",
ghaar_ghan,dlg,EntryList/39/Text,0,-1,"This Halfling may yet find his luck to change! I, Ghan the Minotaur, shall show this little man that my people are just as fearsome at the card tables as upon the fields of battle!",
ghaar_ghan,dlg,EntryList/4/Text,0,-1,"<FirstName>, those men... they took little Tarin Lightfingers, didn't they?",
ghaar_ghan,dlg,EntryList/40/Text,0,-1,"<< Activates ""N_TALK_SWITCH"" if ""N_MODULE_STAGE"" is 0. >>",
ghaar_ghan,dlg,EntryList/41/Text,0,-1,"<< This conversation node does nothing but reset the variable ""N_TALK_SWITCH"" >>",
ghaar_ghan,dlg,EntryList/43/Text,0,-1,"<< Set owner's journal quest to ""JT_PREL_TARI"" >>",
ghaar_ghan,dlg,EntryList/5/Text,0,-1,"<StartAction>[Ghan glares at you angrily, but steps aside.]</Start> Very well then, <Race> one...",
ghaar_ghan,dlg,EntryList/6/Text,0,-1,I believe they did. I saw one of them carrying Tarin out the door...,
ghaar_ghan,dlg,EntryList/7/Text,0,-1,"I fear for the little Halfling's safety. Those men are accomplices of Pharos Nightcrawler, a powerful crime lord in the city of Laceri. He is known as a cruel man, and Tarin's life may be in grave danger.",
ghaar_ghan,dlg,EntryList/8/Text,0,-1,"Would you leave Tarin to the grisly fate he will suffer at the hands of Nightcrawler's men? You may not approve of the Halfling's ways, but he is a decent enough sort underneath his roguish demeanor...",
ghaar_ghan,dlg,EntryList/9/Text,0,-1,I'm glad to see you would not simply abandon the little Halfling to his fate. Good. I would not want to see Tarin meet an untimely end at the hands of those brutes... ,
ghaar_ghan,dlg,ReplyList/0/Text,0,-1,I have no time for a Minotaur's foolishness!,
ghaar_ghan,dlg,ReplyList/10/Text,0,-1,"If you're scared, maybe I should be too.",
ghaar_ghan,dlg,ReplyList/11/Text,0,-1,I don't want to cross him... He sounds dangerous.,
ghaar_ghan,dlg,ReplyList/15/Text,0,-1,Very well. I'll see if I can rescue Tarin.,
ghaar_ghan,dlg,ReplyList/16/Text,0,-1,Sounds like cowardice to me...,
ghaar_ghan,dlg,ReplyList/17/Text,0,-1,"I understand, Ghan. I'll do what I can on my own.",
ghaar_ghan,dlg,ReplyList/18/Text,0,-1,I'll see what I can do to rescue him.,
ghaar_ghan,dlg,ReplyList/2/Text,0,-1,I... I'm not sure...,
ghaar_ghan,dlg,ReplyList/21/Text,0,-1,<StartAction>[Leave.]</Start>,
ghaar_ghan,dlg,ReplyList/22/Text,0,-1,"That's what you get for gambling, fool!",
ghaar_ghan,dlg,ReplyList/24/Text,0,-1,"Don't give up yet, Ghan.",
ghaar_ghan,dlg,ReplyList/26/Text,0,-1,Things have a way of working themselves out.,
ghaar_ghan,dlg,ReplyList/27/Text,0,-1,"As you wish, Ghan...",
ghaar_ghan,dlg,ReplyList/28/Text,0,-1,I have your Soul Brooch right here.,
ghaar_ghan,dlg,ReplyList/30/Text,0,-1,Guess I'm the lucky new owner of a Soul Brooch...,
ghaar_ghan,dlg,ReplyList/31/Text,0,-1,<StartAction>[Lie]</Start> But I won it from Mylok in a fair game!,
ghaar_ghan,dlg,ReplyList/32/Text,0,-1,"Actually, I'm going to keep it for myself...",
ghaar_ghan,dlg,ReplyList/33/Text,0,-1,Serves you right for gambling it away!,
ghaar_ghan,dlg,ReplyList/34/Text,0,-1,<StartAction>[Leave.]</Start>,
ghaar_ghan,dlg,ReplyList/35/Text,0,-1,"I was just kidding. Here, take it.",
ghaar_ghan,dlg,ReplyList/36/Text,0,-1,"Of course, Ghan. Here you go.",
ghaar_ghan,dlg,ReplyList/38/Text,0,-1,"<StartAction>[Truth]</Start> Sorry, I didn't win it back with a card game...",
ghaar_ghan,dlg,ReplyList/39/Text,0,-1,"Are you sure you will not accept it, Ghan?",
ghaar_ghan,dlg,ReplyList/4/Text,0,-1,"Yes, Ghan, they did...",
ghaar_ghan,dlg,ReplyList/41/Text,0,-1,<StartAction>[Persuade]</Start> Mylok cheated you! The dishonor is his alone,
ghaar_ghan,dlg,ReplyList/5/Text,0,-1,Tough luck for Tarin. Why should I care?,
ghaar_ghan,dlg,ReplyList/6/Text,0,-1,"I'm sorry, Ghan. This is Tarin's affair, not mine.",
ghaar_ghan,dlg,ReplyList/7/Text,0,-1,I suppose I can at least look into it...,
ghaar_ghan,dlg,ReplyList/8/Text,0,-1,We must find a way to rescue him!,
ghaar_ghan,dlg,ReplyList/9/Text,0,-1,Will you aid me in rescuing Tarin?,
ghaar_imp_guard,dlg,EntryList/1/Text,0,-1,"Good <quarterday> to you, <FullName>.",
ghaar_imp_guard,dlg,EntryList/10/Text,0,-1,"Evidently, he hasn't told much of anyone about it. Even the Imperial sorcerers have been barred from the Imperial Treasury. It's all quite strange indeed.",
ghaar_imp_guard,dlg,EntryList/11/Text,0,-1,"So Varhun went mad, and tried to kill you, <Sir/Madam> <FirstName>? Can't say it surprises me much. He always was a bit unstable... But I think I understand the Magistrate's extra caution now...",
ghaar_imp_guard,dlg,EntryList/12/Text,0,-1,"<< Activates ""N_TALK_SWITCH"" if this is the guard for the Control Room in Ghaarak's Imperial Grand Hall >>",
ghaar_imp_guard,dlg,EntryList/13/Text,0,-1,"<< Set owner's journal quest to ""JT_PREL_KARA"" >>",
ghaar_imp_guard,dlg,EntryList/14/Text,0,-1,"Good <quarterday> to you, <FullName>. Be wary if you venture in the Market District. It can be a bit unruly at times, and I'd recommend avoiding the darker back alleys. We've had a bit of trouble with some ruffians around here lately.",
ghaar_imp_guard,dlg,EntryList/15/Text,0,-1,"<< Activates ""N_TALK_SWITCH"" if this is the guard in Market District guarding the Market Doors >>",
ghaar_imp_guard,dlg,EntryList/16/Text,0,-1,The docks are closed to all who do not have official business within. Please be on your way.,
ghaar_imp_guard,dlg,EntryList/17/Text,0,-1,"<< Activates ""N_TALK_SWITCH"" if this is the guard in Market District guarding the Dock Doors >>",
ghaar_imp_guard,dlg,EntryList/18/Text,0,-1,"Good <quarterday> to you, <Sir/Madam> <FirstName>, and welcome to the Imperial Grand Hall.",
ghaar_imp_guard,dlg,EntryList/19/Text,0,-1,"<< Activates ""N_TALK_SWITCH"" if this is the guard in Imperial District of Ghaarak guarding the Imperial Grand Hall Doors >>",
ghaar_imp_guard,dlg,EntryList/2/Text,0,-1,"Your father has asked that you come speak with him immediately, <Sir/Madam> <FirstName>. Please enter the Council Chamber and report to the Magistrate at once.",
ghaar_imp_guard,dlg,EntryList/20/Text,0,-1,"May Rakha guide you and keep you well, <Sir/Madam> <FirstName>.",
ghaar_imp_guard,dlg,EntryList/21/Text,0,-1,"<< Activates ""N_TALK_SWITCH"" if this is the guard in Imperial District of Ghaarak guarding the Imperial Academy Doors >>",
ghaar_imp_guard,dlg,EntryList/22/Text,0,-1,"Your father entered the Estate grounds a short while ago, <Sir/Madam> <FirstName>, and he did not seem himself. I do hope all is well...",
ghaar_imp_guard,dlg,EntryList/23/Text,0,-1,"Good <quarterday> to you, <Sir/Madam> <FirstName>. Your father has sent word that the gates to the Imperial Estate are to remain closed until his arrival. I'm afraid I cannot let you pass at the moment.",
ghaar_imp_guard,dlg,EntryList/24/Text,0,-1,"I am sorry, <Sir/Madam> <FirstName>, but your father's message was quite explicit in this matter. If you wish to speak with your father regarding this issue, I suggest you visit him at the Grand Hall.",
ghaar_imp_guard,dlg,EntryList/25/Text,0,-1,"I'm afraid not, but I'm sure the Magistrate has his reasons. It is quite unusual for your father to send such an order.",
ghaar_imp_guard,dlg,EntryList/26/Text,0,-1,"May Rakha be with you, <Sir/Madam> <FirstName>.",
ghaar_imp_guard,dlg,EntryList/27/Text,0,-1,"<< Activates ""N_TALK_SWITCH"" if this is the guard in Imperial District of Ghaarak guarding the Estate Doors >>",
ghaar_imp_guard,dlg,EntryList/28/Text,0,-1,"<< This conversation node does nothing but reset the variable ""N_TALK_SWITCH"" >>",
ghaar_imp_guard,dlg,EntryList/29/Text,0,-1,"<< Set owner's journal quest to ""JT_PRELUDE"" >>",
ghaar_imp_guard,dlg,EntryList/3/Text,0,-1,"Your father is currently in counsel with foreign visitors, <Sir/Madam> <FirstName>. His business should not take too long, but the Council Chamber is closed for the time being. I'm sure he shall send for you when he is free.",
ghaar_imp_guard,dlg,EntryList/4/Text,0,-1,"<< Activates ""N_TALK_SWITCH"" if this is the guard in Imperial District of Ghaarak guarding the Imperial Grand Hall Doors >>",
ghaar_imp_guard,dlg,EntryList/5/Text,0,-1,"<< Set owner's journal quest to ""JT_PRELUDE"" >>",
ghaar_imp_guard,dlg,EntryList/6/Text,0,-1,"The doors to the Imperial Treasury have been sealed and shut, <Sir/Madam> <FullName>, on orders from your father. No one is allowed inside.",
ghaar_imp_guard,dlg,EntryList/7/Text,0,-1,"Good <quarterday> to you, <Sir/Madam> <FullName>, and may Rakha keep you in his grace.",
ghaar_imp_guard,dlg,EntryList/8/Text,0,-1,"Well, I haven't been told exactly, but rumor holds the Imperial army uncovered some sort of ancient artifact during their last campaign against the barbarians of the north.",
ghaar_imp_guard,dlg,EntryList/9/Text,0,-1,"I'm really not sure, <Sir/Madam> <FullName>, and it is not my station to ask such questions. I have merely been given my orders.",
ghaar_imp_guard,dlg,ReplyList/0/Text,0,-1,Very well. I'll be on my way then.,
ghaar_imp_guard,dlg,ReplyList/2/Text,0,-1,That's unusual. Why have the doors been sealed?,
ghaar_imp_guard,dlg,ReplyList/3/Text,0,-1,What sort of artifact?,
ghaar_imp_guard,dlg,ReplyList/4/Text,0,-1,Strange... My father hasn't mentioned anything to me of this...,
ghaar_imp_guard,dlg,ReplyList/6/Text,0,-1,But I must enter my home at once!,
ghaar_imp_guard,dlg,ReplyList/7/Text,0,-1,Oh very well then!,
ghaar_imp_guard,dlg,ReplyList/8/Text,0,-1,Did he say why the Estate was to be closed off?,
ghaar_imp_guard,dlg,ReplyList/9/Text,0,-1,Very well then.,
ghaar_instructor,dlg,EntryList/0/Text,0,-1,"<FirstName>, it's so good to see you still alive! We have been under such a terrible attack... it's... it's hard to know who's still with us...",
ghaar_instructor,dlg,EntryList/1/Text,0,-1,"Good... good luck to you, <FirstName>. We... we shall wait here until... until we can find a way out of this... this doomed district...",
ghaar_instructor,dlg,EntryList/10/Text,0,-1,Captain Anagril has taken those who can still fight with him... and... and he attempts to find a way for us to reach safety... We... we can only hope he finds a way...,
ghaar_instructor,dlg,EntryList/11/Text,0,-1,"Please... please... If there is anything you can do to help, <FirstName>... please go find Captain Anagril... We... we must find a way out of this doomed district!",
ghaar_instructor,dlg,EntryList/12/Text,0,-1,"Well, we... we have a little here... in these crates behind me... You're welcome to what you can take... ",
ghaar_instructor,dlg,EntryList/13/Text,0,-1,"<< Set owner's journal quest to ""JT_ST_1_MAIN"" >>",
ghaar_instructor,dlg,EntryList/14/Text,0,-1,"<< Activates ""N_TALK_SWITCH"" if ""N_MODULE_STAGE"" is 1. >>",
ghaar_instructor,dlg,EntryList/15/Text,0,-1,"Do keep my words in mind, <Lord/Lady> <FirstName>.",
ghaar_instructor,dlg,EntryList/16/Text,0,-1,"I am sure your father will be very proud once he receives word of your citizenship, <FirstName>. It is quite the achievement, after all...",
ghaar_instructor,dlg,EntryList/17/Text,0,-1,"<StartAction>[Jarvis frowns at your outburst.]</Start> Despite what you may think of your father, that is no way to speak of a Magistrate of the Sharakhan Empire, <FirstName>. He is a good man, and deserves more respect than that...",
ghaar_instructor,dlg,EntryList/18/Text,0,-1,"Now, now, <FirstName>... Running a city such as Ghaarak is stressful and time-consuming work. You can't always expect your father to drop everything just for you.",
ghaar_instructor,dlg,EntryList/19/Text,0,-1,"I am sure there must have been some sort of pressing business that interfered with his attendance, <FirstName>... It meant so much to him, he would not have missed this event over a trivial matter...",
ghaar_instructor,dlg,EntryList/2/Text,0,-1,"Yes, yes, of course... I... I don't know how much aid I can be, but... but ask as you will...",
ghaar_instructor,dlg,EntryList/20/Text,0,-1,"It pains me to hear you speak so coldly about our most revered Magistrate... Let us discuss another matter, one which you may find of interest...",
ghaar_instructor,dlg,EntryList/21/Text,0,-1,"I see that there is little I can do to change your mind, so let us drop the matter for now... I have other news which may yet lift your spirits.",
ghaar_instructor,dlg,EntryList/22/Text,0,-1,Of course I am. Magistrate Okaris is very proud of you; Rest assured of that fact. I have often heard him speak praises of your accomplishments here at the Academy to the visiting politicians.,
ghaar_instructor,dlg,EntryList/23/Text,0,-1,"For now, though, you should clear your mind of such distractions. I have some news that may lift your spirits... ",
ghaar_instructor,dlg,EntryList/24/Text,0,-1,One of the Empire's elite organizations seems to have taken an interest in you. It is an honor given to very few of your young age...,
ghaar_instructor,dlg,EntryList/25/Text,0,-1,"Do you realize that only a handful of prospective candidates are chosen for such an honor, <FirstName>?! You should consider yourself honored to have been noticed by one of the Empire's elite orders, let alone the ShadowGuard. They are in Rakha's direct service.",
ghaar_instructor,dlg,EntryList/26/Text,0,-1,"Your training at this Academy has prepared you well for life here in Ghaarak but the ShadowGuard can take you beyond these walls, <FirstName>. They are an elite force of Rakha himself. In their hands, the entire Empire shall be your training ground. ",
ghaar_instructor,dlg,EntryList/27/Text,0,-1,"The ShadowGuard, a force in Rakha's direct service. Very little is known about them and I will not bias you with the few rumors I have heard. Suffice to say, their service to the Empire has been a shining light in dark times.",
ghaar_instructor,dlg,EntryList/29/Text,0,-1,"Though I have rarely been impressed by your wild and unruly behavior here at the Academy. However, it seems your position as <CUSTOM6001> of Magistrate Okaris <LastName> has drawn a great deal of attention to you.",
ghaar_instructor,dlg,EntryList/3/Text,0,-1,"I beleive they escaped the walls of the city before the invasion. They should be safe, alteast for now.",
ghaar_instructor,dlg,EntryList/30/Text,0,-1,"During your time here, I have noticed how you use your own judgement to find to the best path to follow. Such wisdom is considered a useful resource by Rakha. That talent has likely helped draw this attention to you.",
ghaar_instructor,dlg,EntryList/31/Text,0,-1,"You have often shown yourself to be a disciplined and orderly student, <FirstName>. Those qualities are greatly sought after by Rakha. I have little doubt that you will impress your prospectors...",
ghaar_instructor,dlg,EntryList/32/Text,0,-1,"Your actions reflect the training of the academy; As such, I would like for you to make a good impression on the ShadowGuard. A man named Markius Albright is waiting for you in the market, he told me to guide you his way.",
ghaar_instructor,dlg,EntryList/33/Text,0,-1,"Should you succeed, and gain acceptance into the ShadowGuard, your power and renown will be equaled only by your father's. If there was ever a time you wished to explore the Empire outside Ghaarak, this is your opportunity.",
ghaar_instructor,dlg,EntryList/34/Text,0,-1,"Farewell for now, <FirstName>, and take this tome as a parting gift from me. It is the Chronicles of our world, Abaran and you will do well to study it. Let it be your guide in all that comes for the lessons of the past are lessons for our future...",
ghaar_instructor,dlg,EntryList/35/Text,0,-1,"Rakha's blessing upon you, child...",
ghaar_instructor,dlg,EntryList/36/Text,0,-1,"<< Set owner's journal quest to ""JT_PRELUDE"" >>",
ghaar_instructor,dlg,EntryList/37/Text,0,-1,The Judgement is complete!,
ghaar_instructor,dlg,EntryList/38/Text,0,-1,"Yakir's spirit has been banished and shall find suffering in the hells until its penance has been served. <Lord/Lady> <FullName>, though I do not appreciate your outburst, I shall let it be known that you have fulfilled your obligation to the Empire.",
ghaar_instructor,dlg,EntryList/39/Text,0,-1,Yakir's spirit has been banished and shall find suffering in the hells until its penance has been served. Let it be known that <Lord/Lady> <FirstName> has fulfilled <his/her> obligation to the Empire.,
ghaar_instructor,dlg,EntryList/4/Text,0,-1,"You... you would find a way to free us?! Why... this... this is wonderful news! You... you won't find many here in shape to do much against those monsters outside, though... We... we are all too weak or wounded...",
ghaar_instructor,dlg,EntryList/40/Text,0,-1,Yakir's spirit will remain in Rakha's care until the end of time. Let it be known that <Lord/Lady> <FirstName> has fulfilled <his/her> obligation to the Empire.,
ghaar_instructor,dlg,EntryList/41/Text,0,-1,"As <Lord/Lady> <LastName> has spoken on behalf of all the class, all the class shall taste of Rakha's gratitude. Each of you has acted in service to the Empire.",
ghaar_instructor,dlg,EntryList/42/Text,0,-1,"The Emperor gives us three crests by which we can serve him all the better. They are the crest of the Guardian, the crest of the Enforcer, and the crest of the Redeemer. Which do you chose Alia?",
ghaar_instructor,dlg,EntryList/43/Text,0,-1,"I choose the crest of the Redeemer, Instructor. I can use its healing power to ease the pain of the forest and its creatures.",
ghaar_instructor,dlg,EntryList/44/Text,0,-1,"The crest has powers of healing. You can use it to regenerate health over time or heal moderate wounds instantly. It can be used only once a day but its power is everlasting, as are the powers of all of the crests.",
ghaar_instructor,dlg,EntryList/45/Text,0,-1,"I come across wounded creatures in the forest many times and too often there is little I can do. With the Redeemer's crest, perhaps I can be of greater help. Thank you, Instructor Jarvis.",
ghaar_instructor,dlg,EntryList/46/Text,0,-1,"A good choice, Alia. May both your crest and your citizenship serve you well. Now, Janthos, which crest will you choose?",
ghaar_instructor,dlg,EntryList/47/Text,0,-1,"I... I think I want the Guardian crest but... well, the power of the Enforcer crest is so tempting! I could fortify the offensive strength of my golems with it... but...",
ghaar_instructor,dlg,EntryList/48/Text,0,-1,"Please, Janthos, take the Guardian crest. Your golems don't need any more power. You, however, do need some amount of protection.",
ghaar_instructor,dlg,EntryList/49/Text,0,-1,"Curse you, Alia... I'll take the Guardian crest if you're so concerned but don't think you can keep me from finding ways to make my creations more powerful. The best way to protect this city is make those who guard it as strong as possible!",
ghaar_instructor,dlg,EntryList/5/Text,0,-1,"There... there was a strange man here earlier... some sort of sorcerer, I thought he was... He went to the Grand Hall, saying something about stopping the... the Crimson Prophet...",
ghaar_instructor,dlg,EntryList/50/Text,0,-1,"An excellent choice, Janthos. I too believe the Guardian crest would serve you best though your point about the city's protection is well-taken.",
ghaar_instructor,dlg,EntryList/51/Text,0,-1,"Now, <FirstName>, it is your turn to decide. Which power will you wield as a citizen of the Empire?",
ghaar_instructor,dlg,EntryList/52/Text,0,-1,The Guardian crest protects you from blows both physical and magical. The Enforcer crest will sharpen a blade's edge and wreath it in flame. The Redeemer allows you a small amount of regeneration and the ability to heal. Which do you choose?,
ghaar_instructor,dlg,EntryList/53/Text,0,-1,"With the Redeemer crest in your possession, you will heal the Empire of all that ails it. Are you comfortable with your decision?",
ghaar_instructor,dlg,EntryList/54/Text,0,-1,The Guardian crest protects you from blows both physical and magical. The Enforcer crest will sharpen a blade's edge and wreath it in flame. The Redeemer allows you a small amount of regeneration and the ability to heal. Will you keep the Redeemer?,
ghaar_instructor,dlg,EntryList/55/Text,0,-1,"With the crest of the Enforcer at your side, you shall purge the Empire of its enemies. Are you comfortable with your choice?",
ghaar_instructor,dlg,EntryList/56/Text,0,-1,The Guardian crest protects you from blows both physical and magical. The Enforcer crest will sharpen a blade's edge and wreath it in flame. The Redeemer allows you a small amount of regeneration and the ability to heal. Will you keep the Enforcer?,
ghaar_instructor,dlg,EntryList/57/Text,0,-1,"With the Guardian crest at your side, you can protect the Empire from its enemies. Are you comfortable with your choice?",
ghaar_instructor,dlg,EntryList/58/Text,0,-1,The Guardian crest protects you from blows both physical and magical. The Enforcer crest will sharpen a blade's edge and wreath it in flame. The Redeemer allows you a small amount of regeneration and the ability to heal. Will you keep the Guardian?,
ghaar_instructor,dlg,EntryList/59/Text,0,-1,"Very well, then let us begin the closing ceremony. I'm sure you are all eager to explore your new powers and the new role you shall play as citizens of this fine Empire.",
ghaar_instructor,dlg,EntryList/6/Text,0,-1,"He had an armored fellow with him... huge sword... a man going by Markus Alwright, or some such name... I believe he's still somewhere here in the Academy... Per... perhaps they could aid you...",
ghaar_instructor,dlg,EntryList/60/Text,0,-1,The Enforcer is a wonderful offensive tool. With it you can enchant a weapon with a wreath of magical flame.. Can you imagine how much that might improve my golems!?,
ghaar_instructor,dlg,EntryList/61/Text,0,-1,"That sounds truly terrifying, Janthos! Please, Instructor Jarvis, make him take the Guardian... Oh, Janthos, don't you see that your safety is so much more important than the power of those soulless toys you seem so obsessed with?",
ghaar_instructor,dlg,EntryList/62/Text,0,-1,All of the crests offer considerable power and that is why they are only given to those who have achieved full citizenship. Only those who truly serve the Emperor came be trusted with such tools.,
ghaar_instructor,dlg,EntryList/63/Text,0,-1,The Guardian crest will raise a magic shield over whoever I choose. It is a great defensive tool that can deflect the blows of those who seek to cause harm. I've always been a little on the frail side so maybe I should take this one.,
ghaar_instructor,dlg,EntryList/64/Text,0,-1,"Janthos is correct, but the crest has an additional power. It can also raise a separate shield to defend against those who wield magic. With both powers active, it is a defensive tool against a wide spectrum of foes.",
ghaar_instructor,dlg,EntryList/65/Text,0,-1,Maybe I should have chosen that one. It's so hard to decide... but I'll stay with the Redeemer. Hopefully I can do more good with it.,
ghaar_instructor,dlg,EntryList/66/Text,0,-1,I see that you have sentenced Yakir to his fate. You have served Rakha's will with your actions. Are you ready to continue the ceremony?,
ghaar_instructor,dlg,EntryList/67/Text,0,-1,How may I help you <Lord/Lady> <FirstName>?,
ghaar_instructor,dlg,EntryList/68/Text,0,-1,"<StartAction>[The man sighs and looks toward the door.]</Start> Okaris has not arrived, has he... I apologize but we cannot wait for him. With luck he will arrive before we are finished.",
ghaar_instructor,dlg,EntryList/69/Text,0,-1,Your father is a busy man and I know he would be here if he was able. Do you have any other questions?,
ghaar_instructor,dlg,EntryList/7/Text,0,-1,"That must have been Harkon... We should head to the Grand Hall, Harkon may need our help.",
ghaar_instructor,dlg,EntryList/70/Text,0,-1,"After you judge the spirit of Yakir, you will be rewarded for your service to the Rakha. Once the ceremony is over, you will exit these halls a full citizen of the Sharakhan Empire.",
ghaar_instructor,dlg,EntryList/71/Text,0,-1,"Well once, long ago, there was a test involving animal sacrifice or self-mutilation. However, those were darker times. The great Rakha no longer approves of such rites of passage.",
ghaar_instructor,dlg,EntryList/72/Text,0,-1,"Well feel free to mutilate yourself as much as you like... after the ceremony. I've only been paid to fill your head, not collect your entrails.",
ghaar_instructor,dlg,EntryList/73/Text,0,-1,"You have obviously never cleaned up after such an event. <StartAction>[Jarvis shudders.]</Start> There was students' blood on the altar, deer blood on the floor... The stench was unbearable! <StartAction>[His face grows pale at the memory.]</Start>",
ghaar_instructor,dlg,EntryList/74/Text,0,-1,I agree wholeheartedly. Is there anything else I can help you with?,
ghaar_instructor,dlg,EntryList/75/Text,0,-1,Of course. Yakir's fate is in your hands just as the fate of the Empire lies in the hands of its citizens. The Judgement is only one of many duties a citizen is obligated to but many consider it to be the most important.,
ghaar_instructor,dlg,EntryList/76/Text,0,-1,"To complete the Judgement, you must go to the altar and place you hands upon the Stone of Judgement. The stone will ask you for your decision and then abide by it. Come speak to me once you have finished the task.",
ghaar_instructor,dlg,EntryList/77/Text,0,-1,"This is a rite of passage and what I know I cannot tell you. This Judgement is in your hands and those of your classmates. Please, feel free to call upon the aid of your peers as you arrive at your decision.",
ghaar_instructor,dlg,EntryList/78/Text,0,-1,"But the <quarterday> is growing short and it's imperative that we begin. <Lord/Lady> <FirstName>, as the <CUSTOM6001> of our Magistrate, will you do your classmates the honor of leading the ceremony?",
ghaar_instructor,dlg,EntryList/79/Text,0,-1,"I truly wish we could, <FirstName>, but I'm afraid we cannot delay the ceremony any further...",
ghaar_instructor,dlg,EntryList/8/Text,0,-1,"It... it was terrible, <FirstName>. We... we heard some sort of commotion in the Grand Hall... then... then the gates to the Market District were sealed...",
ghaar_instructor,dlg,EntryList/80/Text,0,-1,"Don't worry, <FirstName>. I'm sure your father will arrive momentarily and join us in recognizing your role as a citizen of the Empire and a graduate of this Academy...",
ghaar_instructor,dlg,EntryList/81/Text,0,-1,"Citizenship in the Sharakhan Empire is an important rite of passage. Upon becoming a citizen, you will find many new obligations that will fall upon your able shoulders. The most important of these obligations is that of Judgement.",
ghaar_instructor,dlg,EntryList/82/Text,0,-1,"In times of need, the Empire will call upon you to judge the actions of your peers. As a citizen, only you can decide what is right and what is wrong... Judge well for the day may come when you, too, are judged.",
ghaar_instructor,dlg,EntryList/83/Text,0,-1,"For his crimes against the Empire, ""Yakir the Black"" was put to death by the sword. Our great Emperor Rakha has seen fit to hold Yakir's soul in keeping for your Judgement.",
ghaar_instructor,dlg,EntryList/84/Text,0,-1,"<FullName>, <CUSTOM6001> of Okaris <LastName>, it is you who must pronounce sentence on Yakir's soul. Is he to be held in Rakha's eternal keeping or is he to have his place in hell? Both are punishments of a sort but the Judgment must be yours.",
ghaar_instructor,dlg,EntryList/85/Text,0,-1,Of course. Yakir's fate is in your hands just as the fate of the Empire lies in the hands of its citizens. The Judgement is only one of many duties a citizen is obligated to but many consider it to be the most important.,
ghaar_instructor,dlg,EntryList/86/Text,0,-1,"To complete the Judgement, you must go to the altar and place you hands upon the Stone of Judgement. The stone will ask you for your decision and then abide by it. Come speak to me once you have finished the task.",
ghaar_instructor,dlg,EntryList/87/Text,0,-1,"<StartAction>[Instructor Jarvis smiles softly at you and nods his head.]</Start> I'm sure you shall do fine, <FirstName>. There are no wrong answers in the Judgement but, as you speak on behalf of your classmates, I urge you to discuss his fate with them.",
ghaar_instructor,dlg,EntryList/88/Text,0,-1,"<StartAction>[Instructor Jarvis, a thin, sallow man with sharp facial features, greets you with a smile as you approach.]</Start> Ah, you're ready to join us, <FirstName>? Being the Magistrate's own <CUSTOM6001> is a burden all its own, isn't it...",
ghaar_instructor,dlg,EntryList/89/Text,0,-1,"Welcome, everyone. This is an exciting moment for our small Academy as today marks an end to your training under this roof! All that remains is for you to claim the Citizenship that is now yours by right.",
ghaar_instructor,dlg,EntryList/9/Text,0,-1,I... I don't rightly know exactly what's happened... but... but whomever took over the Grand Hall has let a horde of fanatics in the district... terrible men who slaughter all they come upon!,
ghaar_instructor,dlg,EntryList/90/Text,0,-1,"<< Set owner's journal quest to ""JT_GRAD_CEREMONY"" >>",
ghaar_instructor,dlg,EntryList/91/Text,0,-1,"<< Set owner's journal quest to ""JT_PRELUDE"" >>",
ghaar_instructor,dlg,EntryList/92/Text,0,-1,"<< Activates ""N_TALK_SWITCH"" if ""N_MODULE_STAGE"" is 0. >>",
ghaar_instructor,dlg,EntryList/93/Text,0,-1,"<< This conversation node does nothing but reset the variable ""N_TALK_SWITCH"" >>",
ghaar_instructor,dlg,ReplyList/0/Text,0,-1,"I must get going, Instructor Jarvis. Farewell.",
ghaar_instructor,dlg,ReplyList/11/Text,0,-1,Do you know where I can find some supplies?,
ghaar_instructor,dlg,ReplyList/12/Text,0,-1,"That's all I need to know for right now. Farewell, Instructor Jarvis.",
ghaar_instructor,dlg,ReplyList/13/Text,0,-1,Let me ask you about something else...,
ghaar_instructor,dlg,ReplyList/14/Text,0,-1,I have no time to waste waiting on a fool!,
ghaar_instructor,dlg,ReplyList/16/Text,0,-1,So proud that he couldn't be bothered to show up?,
ghaar_instructor,dlg,ReplyList/18/Text,0,-1,Perhaps so... but I wish he had been here to see me accept the honors.,
ghaar_instructor,dlg,ReplyList/19/Text,0,-1,I could truly care less.,
ghaar_instructor,dlg,ReplyList/2/Text,0,-1,"Instructor Jarvis, I need to ask you some questions...",
ghaar_instructor,dlg,ReplyList/21/Text,0,-1,"If you say so, but I'm not so convinced.",
ghaar_instructor,dlg,ReplyList/23/Text,0,-1,I'm sure that's the case.,
ghaar_instructor,dlg,ReplyList/26/Text,0,-1,Why should this concern me?,
ghaar_instructor,dlg,ReplyList/27/Text,0,-1,More training?! Have I not done enough?!,
ghaar_instructor,dlg,ReplyList/28/Text,0,-1,Who has taken such an interest in me?,
ghaar_instructor,dlg,ReplyList/3/Text,0,-1,"I don't see Alia or her parents, are they okay?",
ghaar_instructor,dlg,ReplyList/34/Text,0,-1,"Farewell, Instructor Jarvis.",
ghaar_instructor,dlg,ReplyList/4/Text,0,-1,Is there anyone here who can aid me in finding a way to open the Market District?,
ghaar_instructor,dlg,ReplyList/41/Text,0,-1,<StartAction>[Silently wait your turn.]</Start>,
ghaar_instructor,dlg,ReplyList/42/Text,0,-1,What powers does the crest of the Redeemer hold?,
ghaar_instructor,dlg,ReplyList/46/Text,0,-1,<StartAction>[Silently wait for your turn.]</Start>,
ghaar_instructor,dlg,ReplyList/50/Text,0,-1,What do the crests do again?,
ghaar_instructor,dlg,ReplyList/51/Text,0,-1,The Redeemer crest.,
ghaar_instructor,dlg,ReplyList/52/Text,0,-1,What do the crests do again?,
ghaar_instructor,dlg,ReplyList/53/Text,0,-1,"Yes, I want the Redeemer crest.",
ghaar_instructor,dlg,ReplyList/54/Text,0,-1,The Enforcer crest.,
ghaar_instructor,dlg,ReplyList/55/Text,0,-1,What do the crests do again?,
ghaar_instructor,dlg,ReplyList/56/Text,0,-1,"No, I will chose the Guardian crest.",
ghaar_instructor,dlg,ReplyList/57/Text,0,-1,"Yes, I want the Enforcer crest.",
ghaar_instructor,dlg,ReplyList/58/Text,0,-1,The Guardian crest.,
ghaar_instructor,dlg,ReplyList/59/Text,0,-1,What do the crests do again?,
ghaar_instructor,dlg,ReplyList/60/Text,0,-1,"No, I will chose the Enforcer crest.",
ghaar_instructor,dlg,ReplyList/61/Text,0,-1,"No, I will chose the Redeemer crest.",
ghaar_instructor,dlg,ReplyList/62/Text,0,-1,"Yes, I want the Guardian crest.",
ghaar_instructor,dlg,ReplyList/64/Text,0,-1,What is the power of the Enforcer crest?,
ghaar_instructor,dlg,ReplyList/67/Text,0,-1,What is the power of the Guardian crest?,
ghaar_instructor,dlg,ReplyList/7/Text,0,-1,What has happened here?,
ghaar_instructor,dlg,ReplyList/70/Text,0,-1,"No, excuse me.",
ghaar_instructor,dlg,ReplyList/71/Text,0,-1,"Yes, let's continue.",
ghaar_instructor,dlg,ReplyList/72/Text,0,-1,Excuse me.,
ghaar_instructor,dlg,ReplyList/73/Text,0,-1,Can we wait for my father to arrive?,
ghaar_instructor,dlg,ReplyList/75/Text,0,-1,What happens after the Judgement?,
ghaar_instructor,dlg,ReplyList/76/Text,0,-1,"What, no ritual sacrifice?",
ghaar_instructor,dlg,ReplyList/77/Text,0,-1,I was looking forward to the mutilation...,
ghaar_instructor,dlg,ReplyList/78/Text,0,-1,"Aw, that was the best part!",
ghaar_instructor,dlg,ReplyList/79/Text,0,-1,I'm glad there's no longer a sacrifice.,
ghaar_instructor,dlg,ReplyList/80/Text,0,-1,Can you explain the Judgement in more detail?,
ghaar_instructor,dlg,ReplyList/82/Text,0,-1,What do you know of Yakir?,
ghaar_instructor,dlg,ReplyList/83/Text,0,-1,Could we wait for my father's arrival?,
ghaar_instructor,dlg,ReplyList/86/Text,0,-1,"Yes, I will.",
ghaar_instructor,dlg,ReplyList/90/Text,0,-1,Can you explain the Judgement in more detail?,
ghaar_instructor,dlg,ReplyList/92/Text,0,-1,"Very well, let it begin.",
ghaar_janthos,dlg,EntryList/1/Text,0,-1,"I... I don't know what happened... I placed those Irilium Crystals you gave me into my constructs, and they all simply died on me... Must have been a miscalculation on my part, I suppose.",
ghaar_janthos,dlg,EntryList/10/Text,0,-1,"Here, take them, <FirstName>. When you have defeated a construct, simply place one of the crystals in the small socket upon its back and rotate it to the left. That should power it back up and free it from whoever's running the Control Stone.",
ghaar_janthos,dlg,EntryList/11/Text,0,-1,Please see if you can regain the help of the constructs. I think they will prove quite useful to you and Captain Anagril!,
ghaar_janthos,dlg,EntryList/12/Text,0,-1,"<< Activates ""N_TALK_SWITCH"" if ""N_MODULE_STAGE"" is 1. >>",
ghaar_janthos,dlg,EntryList/13/Text,0,-1,"I wish we could speak further, <FirstName>, but I must get to work on these constructs. With your help, it looks as though I will be able to complete my work here much earlier than I had anticipated!",
ghaar_janthos,dlg,EntryList/14/Text,0,-1,"<StartAction>[Janthos glances up as you approach, his face stained with grease.]</Start> Hello there, <FirstName>. Have you found any of those Irilium Crystals yet? I certainly could use them right about now...",
ghaar_janthos,dlg,EntryList/15/Text,0,-1,"Ah, most excellent! These are just what I need! Now I can finally finish my work on these constructs! Give me a bit more time, <FirstName>, and I can assure that the results will be amazing!",
ghaar_janthos,dlg,EntryList/16/Text,0,-1,"Yes, yes, of course! Where are my manners? You do deserve a little payment for aiding me in this endeavor.",
ghaar_janthos,dlg,EntryList/17/Text,0,-1,"Don't worry about me, <FirstName>. I've recited all the proper rituals, and the protection glyphs are in place to prevent any accidents from occurring should my fingers suddenly grow clumsy.",
ghaar_janthos,dlg,EntryList/18/Text,0,-1,"Here, I set aside 100 gold pieces to reimburse you for the effort. If there's any money left over, call it yours, my friend. Maybe tonight we'll go down to celebrate at the Ravenclaw.",
ghaar_janthos,dlg,EntryList/19/Text,0,-1,"How noble of you, <FirstName>! <StartAction>[He tosses you a wink.]</Start> Well thank you for your help all the same. Now forgive me, <man/woman> of riches, but I must get back to work on my creations...",
ghaar_janthos,dlg,EntryList/2/Text,0,-1,"Still, considering the fact that the invaders now have the Control Stone in their grasp, that might be a good thing. After all, whoever controls the Control Stone controls the constructs. They would have become our own worst enemies!",
ghaar_janthos,dlg,EntryList/20/Text,0,-1,"<StartAction>[Success]</Start> What? That should teach me not to send the wealthy Magistrate's <CUSTOM6001> to do my haggling for me, shouldn't it... Very well, it's worth the money even then.",
ghaar_janthos,dlg,EntryList/21/Text,0,-1,"<StartCheck>[Failure]</Start> Oof! You've got to learn to haggle better, <FirstName>. Honestly, you walk around like you've got all your father's treasury tied at your waste.",
ghaar_janthos,dlg,EntryList/22/Text,0,-1,"<StartAction>[Success]</Start> What? That should teach me not to send the wealthy Magistrate's <CUSTOM6001> to do my haggling for me, shouldn't it... Very well, it's worth the money even then.",
ghaar_janthos,dlg,EntryList/23/Text,0,-1,"<StartAction>[Janthos hands you a pouch of gold.]</Start> Once again, thank you for your help, <FirstName>, but I must get back to work! With a little luck, I can have these constructs on their way to new, improved heights by the end of the day!",
ghaar_janthos,dlg,EntryList/24/Text,0,-1,"<StartAction>[Janthos looks up from his tinkering with the construct before him.]</Start> Ah, I wondered where you wandered off to, <FirstName>! What's going on?",
ghaar_janthos,dlg,EntryList/25/Text,0,-1,Then I should get back to my work. Maybe go distract Alia for a while. She's been standing there staring daggers at me all <quarterday>.,
ghaar_janthos,dlg,EntryList/26/Text,0,-1,"I wish I had the time for pleasantries, but I really must get some work done on my constructs, <FirstName>. Maybe go distract Alia for a while. She's been standing there staring daggers at me all <quarterday>.",
ghaar_janthos,dlg,EntryList/27/Text,0,-1,"Irilium, eh? Well, now, I suppose that may just work! Don't know why I didn't think of that myself! Only problem with Irilium, though, is that the crystals are a bit hard to come by in these parts.",
ghaar_janthos,dlg,EntryList/28/Text,0,-1,"If you happen to come by any Irilium Crystals, I would be more than happy to reimburse you for them. It certainly would save me a great deal of time and aggravation. Check the Market District: I've found all manner of strange things there over the years.",
ghaar_janthos,dlg,EntryList/29/Text,0,-1,"Yes, yes, please do. Now, where was I... <StartAction>[Janthos returns once more to his tinkering.]</Start>",
ghaar_janthos,dlg,EntryList/3/Text,0,-1,"<StartAction>[Janthos' eyes have grown wide with terror, his small hands shaking visibly.]</Start> I... I have never seen such a thing before... So... so much blood... Not since... Oh gosh, <FirstName>, it's like my parents' murder all over again!",
ghaar_janthos,dlg,EntryList/30/Text,0,-1,<StartAction>[Janthos motions grandly towards the huge construct beside him as you approach.]</Start>,
ghaar_janthos,dlg,EntryList/31/Text,0,-1,"Haha! I'd like to introduce you to my latest creation, <Lord/Lady> <LastName>... Or is that citizen <LastName> now? Anyway, I made a magnificent breakthrough today and have finally managed to give one of my creations the ability to speak!",
ghaar_janthos,dlg,EntryList/32/Text,0,-1,"Fine then! If you do not want to see history in the making, be my guest, <FirstName>. <StartAction>[With a great huff, the little Gnome turns back to his tinkering, muttering something about you being a chip off the old block.]</Start>",
ghaar_janthos,dlg,EntryList/33/Text,0,-1,"Bah! You've been spending too much time with Alia again. I'm on the verge of something here, I can feel it. ",
ghaar_janthos,dlg,EntryList/34/Text,0,-1,"Well, it serves as a guide to visitors coming and going from the Imperial District... but that will only be the beginning, I assure you!",
ghaar_janthos,dlg,EntryList/35/Text,0,-1,"That it is, my friend! This construct will serve as a guide for visitors to the Imperial District... but that will only be the beginning, I assure you!",
ghaar_janthos,dlg,EntryList/36/Text,0,-1,"At the moment, these constructs rely solely on the power of the Control Stone, located in the Grand Hall. While the Control Stone allows the constructs to perform at a considerable level, it doesn't have the strength to utilize their full potential.",
ghaar_janthos,dlg,EntryList/37/Text,0,-1,"I have been working on several experiments to find a power source capable of containing the potent magic necessary to enhance the constructs' abilities but, as of yet, I have not found one to suit my purposes.",
ghaar_janthos,dlg,EntryList/38/Text,0,-1,"<StartAction>[Janthos does not seem to even hear you bid your farewell, for he has already returned to his work...]</Start> Now, let's try this... No, no, that doesn't work... <StartAction>[You decide to leave the Gnome to his work.]</Start>",
ghaar_janthos,dlg,EntryList/39/Text,0,-1,"I hope so, <FirstName>. I've saved up some gold from what the city's given me for my past work. If cost is ever the issue, I can more than cover it and leave you some left over, all right?",
ghaar_janthos,dlg,EntryList/4/Text,0,-1,"The... the invaders took over the Control Stone, <FirstName>... My... my constructs have now been turned against us...",
ghaar_janthos,dlg,EntryList/40/Text,0,-1,<StartCheck>[Failure]</Start> <StartAction>[You carefully examine the construct before you but are unable to make sense of Janthos' work. He clearly holds more talent in this area than you.]</Start>,
ghaar_janthos,dlg,EntryList/41/Text,0,-1,"<StartAction>[Success] [You kneel to examine the runes covering the construct, noting the paths of the magical energy coursing through it.]</Start>",
ghaar_janthos,dlg,EntryList/42/Text,0,-1,"<StartAction>[Success]</Start> Irilium, eh? Well, now, I suppose that may just work! Don't know why I didn't think of that myself! Only problem with Irilium, though, is that the crystals are a bit hard to come by in these parts.",
ghaar_janthos,dlg,EntryList/43/Text,0,-1,"<< Activates ""N_TALK_SWITCH"" if ""N_MODULE_STAGE"" is 0. >>",
ghaar_janthos,dlg,EntryList/44/Text,0,-1,"<< This conversation node does nothing but reset the variable ""N_TALK_SWITCH"" >>",
ghaar_janthos,dlg,EntryList/46/Text,0,-1,"<< Set owner's journal quest to ""JT_JANTHOS"" >>",
ghaar_janthos,dlg,EntryList/5/Text,0,-1,"The... the constructs turned on us, <FirstName>... They... they started... started ripping people apart... limb by limb... I... oh... I... it was so terrible...",
ghaar_janthos,dlg,EntryList/6/Text,0,-1,"Oh what have I done! What have I done! <StartAction>[Janthos begins jabbering softly, and you decide now would be a good time to leave.]</Start>",
ghaar_janthos,dlg,EntryList/7/Text,0,-1,"<StartAction>[The Gnome seems to calm a bit.]</Start> I... I suppose you're right, <FirstName>... Thank... thank you... It'll be all right... We'll be okay... At least Alia and her parents got out in time.",
ghaar_janthos,dlg,EntryList/8/Text,0,-1,"What... what's this? I... I hadn't thought of that... I do indeed still have those Irilium Crystals! I experimented with them a bit, and while I haven't had a chance to test them out in full, the crystals should work.",
ghaar_janthos,dlg,EntryList/9/Text,0,-1,"There's only three of them, and you'll have to overpower each construct to use them, but it just might allow us to overcome the Control Stone's influence over my treacherous creations.",
ghaar_janthos,dlg,ReplyList/14/Text,0,-1,Not yet. I'll see what I can do.,
ghaar_janthos,dlg,ReplyList/15/Text,0,-1,"Irilium Crystals? Yeah, I have some...",
ghaar_janthos,dlg,ReplyList/16/Text,0,-1,Those crystals cost me a pretty penny...,
ghaar_janthos,dlg,ReplyList/17/Text,0,-1,"Just be careful, all right?",
ghaar_janthos,dlg,ReplyList/19/Text,0,-1,"I was glad to be of assistance, Janthos.",
ghaar_janthos,dlg,ReplyList/20/Text,0,-1,Don't be foolish. It was my father's money anyway.,
ghaar_janthos,dlg,ReplyList/22/Text,0,-1,That sounds fair.,
ghaar_janthos,dlg,ReplyList/23/Text,0,-1,"<StartAction>[Persuade]</Start> Actually, they cost me 150...",
ghaar_janthos,dlg,ReplyList/24/Text,0,-1,"<StartAction>[Persuade]</Start> Actually, they cost me 200...",
ghaar_janthos,dlg,ReplyList/28/Text,0,-1,Nothing at the moment.,
ghaar_janthos,dlg,ReplyList/30/Text,0,-1,Just thought I'd say hello.,
ghaar_janthos,dlg,ReplyList/32/Text,0,-1,Have you tried Irilium as a power source?,
ghaar_janthos,dlg,ReplyList/34/Text,0,-1,I'll see what I can do.,
ghaar_janthos,dlg,ReplyList/37/Text,0,-1,"I don't have time for this, all right?",
ghaar_janthos,dlg,ReplyList/39/Text,0,-1,"That's, uh... creepy, Janthos... Creepy...",
ghaar_janthos,dlg,ReplyList/4/Text,0,-1,"This is all your fault, Janthos!",
ghaar_janthos,dlg,ReplyList/40/Text,0,-1,Does it have anything interesting to say?,
ghaar_janthos,dlg,ReplyList/41/Text,0,-1,That's certainly quite the achievement.,
ghaar_janthos,dlg,ReplyList/44/Text,0,-1,"I'd better leave you to your tinkerings, Janthos.",
ghaar_janthos,dlg,ReplyList/46/Text,0,-1,Perhaps I can find you a suitable power source.,
ghaar_janthos,dlg,ReplyList/47/Text,0,-1,<StartAction>[Spellcraft] [Examine the golem yourself.]</Start>,
ghaar_janthos,dlg,ReplyList/48/Text,0,-1,Have you tried Irilium?,
ghaar_janthos,dlg,ReplyList/49/Text,0,-1,<StartAction>[Lore]</Start> What about Irilium?,
ghaar_janthos,dlg,ReplyList/5/Text,0,-1,There isn't anything you can do about it now...,
ghaar_janthos,dlg,ReplyList/7/Text,0,-1,"Don't blame yourself, Janthos...",
ghaar_janthos,dlg,ReplyList/9/Text,0,-1,"What about the Irilium Crystals, Janthos?",
ghaar_messenger,dlg,EntryList/1/Text,0,-1,"<StartAction>[Gilles comes running towards you quickly.]</Start> It is so good to see you alive, <Sir/Madam> <FirstName>! Your father has been worried sick since he heard of the attempt on your life!",
ghaar_messenger,dlg,EntryList/10/Text,0,-1,"<StartAction>[The old man seems to gather his calm, slowly regaining his words.]</Start>",
ghaar_messenger,dlg,EntryList/11/Text,0,-1,"Magistrate Okaris has found himself in counsel with visitors from Emperor Rakha, and apparently a matter of great urgency has arisen. He wishes to send his deepest apologies for missing your graduation ceremony this <quarterday>.",
ghaar_messenger,dlg,EntryList/12/Text,0,-1,"Magistrate Okaris says to assure you that he shall make it up to you later this day, and suggests that you perhaps spend a bit of time in the Market District until he sends for you.",
ghaar_messenger,dlg,EntryList/13/Text,0,-1,"I do apologize if I am the bearer of ill news, m'<lord/lady>. I bid you a good <quarterday>, and pray that Rakha keep you in his blessings. <StartAction>[The elderly gentleman scampers away quickly.]</Start>",
ghaar_messenger,dlg,EntryList/14/Text,0,-1,"<StartAction>[Gilles, the elderly servant of your father's household, rushes forward and bows before you. You notice that your father is suspiciously missing from his side...]</Start> ",
ghaar_messenger,dlg,EntryList/15/Text,0,-1,"M'<lord/lady>, I see you have arrived for the graduation ceremony here at the Academy. I know your father must be proud to have a <CUSTOM6001> such as you today! ",
ghaar_messenger,dlg,EntryList/16/Text,0,-1,"<StartAction>[The elderly gentleman cowers a bit at your wrath, stuttering incoherently.]</Start> Why... yes... er... of course, <sir/madam>... I... I shall go... Yes... yes... to find your father... see what is taking him so long...",
ghaar_messenger,dlg,EntryList/17/Text,0,-1,"That's a terrible thing to say, <FirstName>! Where are your manners, <lad/lass>? Your father merely wishes to see you succeed here in Ghaarak...",
ghaar_messenger,dlg,EntryList/18/Text,0,-1,"Now, now, <FirstName>. Your father is a busy man, being the Magistrate of Ghaarak and all. Perhaps he has merely been delayed for a short period of time.",
ghaar_messenger,dlg,EntryList/19/Text,0,-1,"I just could not imagine your father would fail to be here to witness such a grand event. In fact, I would wager he is on his way here even as we speak...",
ghaar_messenger,dlg,EntryList/2/Text,0,-1,"<StartAction>[Gilles appears quite uncomfortable at your words.]</Start> Please, the Magistrate wishes for you to come see him immediately, <Sir/Madam> <FirstName>. I believe he is quite concerned over your safety...",
ghaar_messenger,dlg,EntryList/20/Text,0,-1,"Magistrate Okaris will be here, <FirstName>. I am certain he would not miss the graduation of his only <CUSTOM6001> from the Imperial Academy...",
ghaar_messenger,dlg,EntryList/21/Text,0,-1,"Magistrate Okaris has a great deal on his mind, child. Do not mistake that for disinterest in your affairs. It cannot be easy ruling a city as troubled as Ghaarak, so do give him time...",
ghaar_messenger,dlg,EntryList/22/Text,0,-1,"In fact, I believe I shall go find your father right now, and see what is taking him so long. The ceremony will begin soon, and I'm sure he's merely tied up with some menial business.",
ghaar_messenger,dlg,EntryList/23/Text,0,-1,"Why don't you go speak with Instructor Jarvis, and begin the graduation ceremony? I shall return momentarily with Magistrate Okaris, surely in time to see you accept your honors...",
ghaar_messenger,dlg,EntryList/24/Text,0,-1,"Yes, yes... of course, <sir/madam>... I... I did not mean to... to offend you... Let me be on my way...",
ghaar_messenger,dlg,EntryList/25/Text,0,-1,"Now don't be that way, <FirstName>! I'm sure he will come running as soon as he realizes he is late...",
ghaar_messenger,dlg,EntryList/26/Text,0,-1,"<StartAction>[Gilles gives you a wink and a smile.]</Start> I'll have Magistrate Okaris here before you know it, <FirstName>...",
ghaar_messenger,dlg,EntryList/27/Text,0,-1,"<StartAction>[Without a further word, Gilles bows in farewell, and departs quickly from the Academy's walls.]</Start>",
ghaar_messenger,dlg,EntryList/28/Text,0,-1,"<< Activates ""N_TALK_SWITCH"" if ""N_MODULE_STAGE"" is 0. >>",
ghaar_messenger,dlg,EntryList/29/Text,0,-1,"<< This conversation node does nothing but reset the variable ""N_TALK_SWITCH"" >>",
ghaar_messenger,dlg,EntryList/3/Text,0,-1,"I am merely the messenger, m'<lord/lady>. Please, your father asks that you come to him with all haste...",
ghaar_messenger,dlg,EntryList/31/Text,0,-1,"<< Set owner's journal quest to ""JT_PRELUDE"" >>",
ghaar_messenger,dlg,EntryList/4/Text,0,-1,"<StartAction>[Gilles bows before you, and hurries off once more.]</Start>",
ghaar_messenger,dlg,EntryList/5/Text,0,-1,"Then all the more reason for you to go to the Magistrate at once. He wishes to see you immediately, <Sir/Madam> <FirstName>. Please, go to the Magistrate with all haste...",
ghaar_messenger,dlg,EntryList/6/Text,0,-1,He's finishing up some meetings in the Grand Hall and has asked that you meet him there.,
ghaar_messenger,dlg,EntryList/7/Text,0,-1,"<StartAction>[Gilles comes rushing towards you as you enter the Imperial District, his elderly face red and his breathing heavy from the exertion.]</Start>",
ghaar_messenger,dlg,EntryList/8/Text,0,-1,"<StartAction>[Huff, huff.]</Start> I'm glad I was able to catch you, <Sir/Madam> <FirstName>. I bring news from your father...",
ghaar_messenger,dlg,EntryList/9/Text,0,-1,"<StartAction>[The elderly fellow seems quite stricken with fear at your words, and begins to stammer incoherently.]</Start> I... I did not... did not mean to... to offend you... m'<lord/lady>...",
ghaar_messenger,dlg,ReplyList/0/Text,0,-1,"I can tend to myself, worm!",
ghaar_messenger,dlg,ReplyList/1/Text,0,-1,So worried he won't come find me himself!?,
ghaar_messenger,dlg,ReplyList/12/Text,0,-1,"Out with it, then, you worm!",
ghaar_messenger,dlg,ReplyList/13/Text,0,-1,I said out with it!,
ghaar_messenger,dlg,ReplyList/14/Text,0,-1,"Settle down, Gilles. What did he say?",
ghaar_messenger,dlg,ReplyList/16/Text,0,-1,And what would that be?,
ghaar_messenger,dlg,ReplyList/17/Text,0,-1,Good! I didn't want him there anyway...,
ghaar_messenger,dlg,ReplyList/18/Text,0,-1,He's missed everything else. Why change now?,
ghaar_messenger,dlg,ReplyList/19/Text,0,-1,"I wish he had been there but I understand, Gilles...",
ghaar_messenger,dlg,ReplyList/2/Text,0,-1,I'm surprised he even noticed...,
ghaar_messenger,dlg,ReplyList/23/Text,0,-1,"Away from me, worm! I have no time for you!",
ghaar_messenger,dlg,ReplyList/24/Text,0,-1,"Everyone's waiting for me, Gilles. I'd better go.",
ghaar_messenger,dlg,ReplyList/25/Text,0,-1,I'd rather not suffer his constant prattling today...,
ghaar_messenger,dlg,ReplyList/26/Text,0,-1,So happy he can't be bothered to attend?!,
ghaar_messenger,dlg,ReplyList/28/Text,0,-1,"I hope so, though I'm concerned by his absence...",
ghaar_messenger,dlg,ReplyList/29/Text,0,-1,"I'm sure my ""busy"" father is hurrying on my behalf...",
ghaar_messenger,dlg,ReplyList/3/Text,0,-1,"So I'm to bow and scrape at his command, now?",
ghaar_messenger,dlg,ReplyList/30/Text,0,-1,I won't be holding my breath...,
ghaar_messenger,dlg,ReplyList/31/Text,0,-1,I don't know... He's seemed distant of late.,
ghaar_messenger,dlg,ReplyList/34/Text,0,-1,"Get out of here, worm, and let me get on with my day!",
ghaar_messenger,dlg,ReplyList/35/Text,0,-1,"If he won't come for me, he won't come for you either...",
ghaar_messenger,dlg,ReplyList/36/Text,0,-1,Very well but please ensure my father comes soon...,
ghaar_messenger,dlg,ReplyList/5/Text,0,-1,"I'll go see him in the Grand Hall, then.",
ghaar_messenger,dlg,ReplyList/7/Text,0,-1,It appears we're both in grave danger...,
ghaar_messenger,dlg,ReplyList/9/Text,0,-1,"Yes, where can I find him?",
ghaar_mikel,dlg,EntryList/1/Text,0,-1,"<StartAction>[Mikel Ravenclaw, the roguish leader of Ghaarak's underground crime syndicate, winks at you as you approach.]</Start>",
ghaar_mikel,dlg,EntryList/10/Text,0,-1,"<StartAction>[Success]</Start> You are truly quite persistent, young <FirstName>... but I like that in a <lad/lass>. I suppose I'll let you come along with us free of charge.",
ghaar_mikel,dlg,EntryList/11/Text,0,-1,"<StartAction>[Success]</Start> You drive a hard bargain, young <FirstName>, but I suppose I could manage that for you... Very well. I shall accept your offer.",
ghaar_mikel,dlg,EntryList/12/Text,0,-1,"<StartCheck>[Failure]</Start> I'm afraid I can go no lower, young <FirstName>. Either accept my offer, or do not. It matters little to me...",
ghaar_mikel,dlg,EntryList/13/Text,0,-1,"<StartAction>[Success]</Start> You drive a hard bargain, young <FirstName>, but I suppose I could manage that for you... Very well. I shall accept your offer.",
ghaar_mikel,dlg,EntryList/14/Text,0,-1,"Excellent! Follow my men and I, and we shall lead you to safety...",
ghaar_mikel,dlg,EntryList/15/Text,0,-1,"<StartAction>[Mikel's expression appears perplexed, but he nods his head slowly.]</Start> Yes... yes, of course... Come along with me...",
ghaar_mikel,dlg,EntryList/16/Text,0,-1,"<StartAction>[Mikel's lip turns down in a snarl.]</Start> Tell me, <lad/lass>... why should I not slay you where you stand? After all, you did turn me over to the Imperial guards, did you not?",
ghaar_mikel,dlg,EntryList/17/Text,0,-1,"<StartAction>[Mikel's eyes darken in anger.]</Start> I believe I shall have to finish the job Xanthar could not... Come, my guards! Let us show this fool what comes of crossing Mikel Ravenclaw!",
ghaar_mikel,dlg,EntryList/18/Text,0,-1,"<StartCheck>[Failure]</Start> Yes, and I should never have let you live!",
ghaar_mikel,dlg,EntryList/19/Text,0,-1,"<StartAction>[Success] [Mikel seems to take your words into consideration.]</Start> I suppose you do have a point there... Let's set aside old fueds during this hour of darkness, shall we? ",
ghaar_mikel,dlg,EntryList/2/Text,0,-1,"Well, well, what do we have here? It seems the <CUSTOM6001> of Magistrate Okaris <LastName> has made <his/her> way down to our lair, boys...",
ghaar_mikel,dlg,EntryList/20/Text,0,-1,"<< Set owner's journal quest to ""JT_ST_1_MAIN"" >>",
ghaar_mikel,dlg,EntryList/21/Text,0,-1,"<< Activates ""N_TALK_SWITCH"" if ""N_MODULE_STAGE"" is 1. >>",
ghaar_mikel,dlg,EntryList/22/Text,0,-1,"So, you have returned to me.",
ghaar_mikel,dlg,EntryList/23/Text,0,-1,"I would suggest you warn Captain Anagril of Chancellor Varhun's plans before the Chancellor strikes at you and your father, <FirstName>. I believe he intends to do so very soon, so time is running short.",
ghaar_mikel,dlg,EntryList/24/Text,0,-1,"So, you would break your word to me? Very well, I believe you will find Mikel Ravenclaw to be a worthy opponent...",
ghaar_mikel,dlg,EntryList/25/Text,0,-1,"Perhaps I made the wrong choice in aiding you... but I wish you luck against Varhun all the same. With an attitude like yours, I believe you may need it...",
ghaar_mikel,dlg,EntryList/26/Text,0,-1,"I'm sure you can, <FirstName>. I hope you succeed in bringing Varhun to a fitting end.",
ghaar_mikel,dlg,EntryList/27/Text,0,-1,"No worries. After my dealings with Varhun, I hope you bring him to a fitting end. Good luck, <lad/lass>.",
ghaar_mikel,dlg,EntryList/28/Text,0,-1,"Why? What do I have against you? You're just the Magistrate's <CUSTOM6001>. Here, you want proof that Chancellor Varhun's the one behind this? Let me give you proof! Just go save your father from Varhun's treachery while there's still time.",
ghaar_mikel,dlg,EntryList/29/Text,0,-1,"<StartAction>[Mikel pulls a letter from his breast pocket and thrusts it toward you with a sneer. As you unfold it you notice that, while there's no signature at the bottom, the handrwriting does indeed look very similar to the Chancellor's.]</Start>",
ghaar_mikel,dlg,EntryList/3/Text,0,-1,"You have come at a fruitious time, young <FirstName>, for my men and I were just about to make our escape from this doomed city... as I imagine you are as well...",
ghaar_mikel,dlg,EntryList/30/Text,0,-1,"I see you have betrayed my trust, and turned me over to these despicable guards. You had better hope they execute me fast, for I shall remember this, <lad/lass>...",
ghaar_mikel,dlg,EntryList/31/Text,0,-1,"Perhaps not now, <lad/lass>, but you never know when the tides may yet change... Farewell, and pray that we do not meet again...",
ghaar_mikel,dlg,EntryList/32/Text,0,-1,"Perhaps, but you should tread more carefully from now on. I have many allies in this city, and you can rest assured they will hear of this... Farewell, <lad/lass>, and keep one eye open as you sleep...",
ghaar_mikel,dlg,EntryList/33/Text,0,-1,"Die, Imperial!",
ghaar_mikel,dlg,EntryList/34/Text,0,-1,"<StartAction>[The Half-Elven man claps his hand as you draw near.]</Start> I must say I am quite impressed that you have managed to track me down, <FirstName>. You have proven quite resourceful, a trait I admire.",
ghaar_mikel,dlg,EntryList/35/Text,0,-1,"I imagine I know why you are here, but, if you are a <man/woman> of reason, I would ask that you give me a chance to speak...",
ghaar_mikel,dlg,EntryList/36/Text,0,-1,"<StartAction>[Mikel motions towards his guards, and prepares for a fight.]</Start> So be it! If you insist on battle, you will find Mikel Ravenclaw to be a difficult opponent to slay!",
ghaar_mikel,dlg,EntryList/37/Text,0,-1,"Please! I ask only that you give me a chance to explain matters, and offer you a solution to avoid bloodshed!",
ghaar_mikel,dlg,EntryList/38/Text,0,-1,"Oh, I believe you will be very interested to hear what I have to say...",
ghaar_mikel,dlg,EntryList/39/Text,0,-1,"I know you are angry that I tried to have you killed, <FirstName>, and rightfully so. However, I have grown wearisome of my current situation, and wish to seek an end to our current conflict.",
ghaar_mikel,dlg,EntryList/4/Text,0,-1,<StartAction>[Mikel Ravenclaw motions towards the trapdoor lying before him.]</Start> I long ago had a passage erected beneath this lair leading to the Docks... in case I needed to flee Ghaarak quickly...,
ghaar_mikel,dlg,EntryList/40/Text,0,-1,"I am willing to call a truce with you, so long as you do the same for me. In return, I can tell you the identity of your true enemy, the man who wishes to see both you and your father dead...",
ghaar_mikel,dlg,EntryList/41/Text,0,-1,"<StartAction>[Sigh.]</Start> <FirstName>, you're either going to have to trust me, or I shall be forced to slay you in these chambers. I would like to avoid bloodshed, but I need your cooperation to do so.",
ghaar_mikel,dlg,EntryList/42/Text,0,-1,"Good. Now, I will fulfill my part of our bargain, and tell you who seeks your death. If you should betray this information to anyone, I warn you that I will deny any knowledge of it.",
ghaar_mikel,dlg,EntryList/43/Text,0,-1,"I was hired by Chancellor Varhun, a close aid of your father's, if I am not mistaken. It seems he wishes to end your family line and inherit the city of Ghaarak for himself.",
ghaar_mikel,dlg,EntryList/44/Text,0,-1,<StartAction>[Sigh.]</Start> I should have known better than to think you would keep your word. Very well then! You will not find Mikel Ravenclaw to be an easy opponent to kill!,
ghaar_mikel,dlg,EntryList/45/Text,0,-1,"This Chancellor Varhun has not proven himself worthy of my time! He has forfeited on his contract for your assassination, and I no longer care to deal with this worm!",
ghaar_mikel,dlg,EntryList/46/Text,0,-1,"I do not know his motivations, but that seems in keeping with his nature. I have grown tired of working with Varhun, for he has not proven honorable to his promises. I hope that you will deal with him properly.",
ghaar_mikel,dlg,EntryList/47/Text,0,-1,"Why? What do I have against you? You're just the Magistrate's <CUSTOM6001>. Here, you want proof that Chancellor Varhun's the one behind this? Let me give you proof! The old man's already reneged on his promise to pay me for your death anyway.",
ghaar_mikel,dlg,EntryList/48/Text,0,-1,"<StartAction>[Mikel pulls a letter from his breast pocket and thrusts it toward you with a sneer. As you unfold it you notice that, while there's no signature at the bottom, the handrwriting does indeed look very similar to the Chancellor's.]</Start>",
ghaar_mikel,dlg,EntryList/49/Text,0,-1,"I would say that is a fair description of him. You see, he has forfeited on his end of our bargain, suddenly breaking his agreement with me for seeing to your death. So, in turn, I would like to see an end to him!",
ghaar_mikel,dlg,EntryList/5/Text,0,-1,"My men and I are planning to escape through this passage, and fight our way to a free ship if necessary. I would be willing to let you come along with us... if you were willing to pay me a small fee, of course...",
ghaar_mikel,dlg,EntryList/50/Text,0,-1,"You may do as you like with this information, <FirstName>. I hope that we can put our past grievances aside, for I do not wish your father or yourself any further harm.",
ghaar_mikel,dlg,EntryList/51/Text,0,-1,"I would suggest that you confront this Varhun with all haste, however, for it seems he has plans in place against your father. Time may be running short, for I do believe he wishes to make his move swiftly.",
ghaar_mikel,dlg,EntryList/52/Text,0,-1,"Your attitude is nearly enough to make me rethink my decision, <FirstName>, but I shall let your words pass.  Now go warn Captain Anagril of the Chancellor's treachery before it's too late for you and your father both.",
ghaar_mikel,dlg,EntryList/53/Text,0,-1,"Do not worry, <FirstName>. I have no further desire to act at Varhun's bidding. Farewell, and I wish you luck in achieving your vengeance. Now go warn Captain Anagril of the Chancellor's treachery before it's too late.",
ghaar_mikel,dlg,EntryList/54/Text,0,-1,"Good. Now, I believe our business is done for the moment, so I shall bid you farewell, <FirstName>. Go warn Captain Anagril of Varhun's treachery before it's too late.",
ghaar_mikel,dlg,EntryList/55/Text,0,-1,"Why? What do I have against you? You're just the Magistrate's <CUSTOM6001>. Here, you want proof that Chancellor Varhun's the one behind this? Let me give you your stinking proof!",
ghaar_mikel,dlg,EntryList/56/Text,0,-1,"<StartAction>[Mikel pulls a letter from his breast pocket and thrusts it toward you with a sneer. As you unfold it you notice that, while there's no signature at the bottom, the handrwriting does indeed look very similar to the Chancellor's.]</Start>",
ghaar_mikel,dlg,EntryList/57/Text,0,-1,"Simply that I will no longer send my men to attack you, while in turn, you agree not to seek retribution against me. I believe that is fair enough, don't you?",
ghaar_mikel,dlg,EntryList/58/Text,0,-1,"<< Activates ""N_TALK_SWITCH"" if ""N_MODULE_STAGE"" is 0. >>",
ghaar_mikel,dlg,EntryList/59/Text,0,-1,"<< This conversation node does nothing but reset the variable ""N_TALK_SWITCH"" >>",
ghaar_mikel,dlg,EntryList/6/Text,0,-1,"I believe... 300 gold... would be a fair price for our aid and protection... What do you say, <lad/lass>?",
ghaar_mikel,dlg,EntryList/60/Text,0,-1,"<< Set owner's journal quest to ""JT_PREL_MARK"" >>",
ghaar_mikel,dlg,EntryList/7/Text,0,-1,"<StartAction>[Mikel's eyes darken, and he motions towards his burly guards.]</Start> Come, my guards! Let us show this brat what comes of threatening Mikel Ravenclaw!",
ghaar_mikel,dlg,EntryList/8/Text,0,-1,"Then I'm afraid you are out of luck, my young friend... My men are still gathering their supplies as we speak, so I suppose you have a bit longer to change your mind. But hurry! We won't be here for long...",
ghaar_mikel,dlg,EntryList/9/Text,0,-1,"<StartAction>[Mikel looks bored by your comment.]</Start> Do as you wish, <lad/lass>. Now, I've got important business to attend to, such as saving my own hide, so please do excuse me...",
ghaar_mikel,dlg,ReplyList/11/Text,0,-1,"<StartAction>[Persuade]</Start> Come now, Mikel... Surely you wouldn't leave me here to die, now would you?",
ghaar_mikel,dlg,ReplyList/12/Text,0,-1,Let's go then.,
ghaar_mikel,dlg,ReplyList/13/Text,0,-1,"<StartAction>[Persuade]</Start> I'll give you 100 gold, and not a bit more!",
ghaar_mikel,dlg,ReplyList/14/Text,0,-1,Let's go then.,
ghaar_mikel,dlg,ReplyList/15/Text,0,-1,"<StartAction>[Persuade]</Start> Make it 200 gold, and you have yourself a deal...",
ghaar_mikel,dlg,ReplyList/16/Text,0,-1,Let's go then.,
ghaar_mikel,dlg,ReplyList/17/Text,0,-1,"Very well, Mikel. It is well worth the price to escape Ghaarak unscathed...",
ghaar_mikel,dlg,ReplyList/19/Text,0,-1,"<StartAction>[Charmed]</Start> I believe you wish to take me with you, Mikel... Don't you agree?",
ghaar_mikel,dlg,ReplyList/2/Text,0,-1,How do you intend to do that?,
ghaar_mikel,dlg,ReplyList/20/Text,0,-1,"That I did... Such a fate was only fitting for a cur like you, Mikel!",
ghaar_mikel,dlg,ReplyList/21/Text,0,-1,"<StartAction>[Persuade]</Start> Well, er, yes, but... but you did try to have me killed, Mikel...",
ghaar_mikel,dlg,ReplyList/23/Text,0,-1,That's fine by me...,
ghaar_mikel,dlg,ReplyList/25/Text,0,-1,"Now that I have the information, it's time I killed you.",
ghaar_mikel,dlg,ReplyList/26/Text,0,-1,"Yes, yes. You have served your purpose, worm...",
ghaar_mikel,dlg,ReplyList/28/Text,0,-1,"I think I can handle this fine from here, Mikel.",
ghaar_mikel,dlg,ReplyList/30/Text,0,-1,"I'll do that. Thanks again for your aid, Mikel.",
ghaar_mikel,dlg,ReplyList/32/Text,0,-1,I don't believe you. You're just trying to pin the blame.,
ghaar_mikel,dlg,ReplyList/34/Text,0,-1,"I don't believe you are in any position to threaten me, Mikel...",
ghaar_mikel,dlg,ReplyList/36/Text,0,-1,"I'm sorry, Mikel, but I could not hold you to your word...",
ghaar_mikel,dlg,ReplyList/39/Text,0,-1,<StartAction>[Attack Mikel before he has a chance to speak further.]</Start>,
ghaar_mikel,dlg,ReplyList/41/Text,0,-1,Forget it! I'll not speak with someone who tried to have me assassinated! Prepare to die!,
ghaar_mikel,dlg,ReplyList/42/Text,0,-1,"It had better be good, or your life ends today!",
ghaar_mikel,dlg,ReplyList/44/Text,0,-1,What could you possibly have to say that would interest me?,
ghaar_mikel,dlg,ReplyList/46/Text,0,-1,I could never trust you!,
ghaar_mikel,dlg,ReplyList/47/Text,0,-1,"I shall make no deal with you! Come, let us settle this in combat!",
ghaar_mikel,dlg,ReplyList/48/Text,0,-1,"Alright. I swear I will hold up my end of the truce, so long as you do the same.",
ghaar_mikel,dlg,ReplyList/49/Text,0,-1,I've changed my mind. I think I will just kill you...,
ghaar_mikel,dlg,ReplyList/5/Text,0,-1,"Actually, I have a better idea... Why don't I just kill you instead?",
ghaar_mikel,dlg,ReplyList/50/Text,0,-1,"Yes, yes. Out with it already!",
ghaar_mikel,dlg,ReplyList/51/Text,0,-1,"If your word proves true, I will keep your involvement secret.",
ghaar_mikel,dlg,ReplyList/52/Text,0,-1,Thank you for the information. Now it's time I killed you.,
ghaar_mikel,dlg,ReplyList/53/Text,0,-1,Why have you betrayed Varhun's trust to tell me this?,
ghaar_mikel,dlg,ReplyList/55/Text,0,-1,That surprises me little. Varhun has always desired my father's position.,
ghaar_mikel,dlg,ReplyList/57/Text,0,-1,I don't believe you. You're just trying to pin the blame.,
ghaar_mikel,dlg,ReplyList/60/Text,0,-1,"Varhun? Varhun is behind this?! Why, that sneaky little worm...",
ghaar_mikel,dlg,ReplyList/63/Text,0,-1,Very well. I have no further desire to speak with a cur such as you.,
ghaar_mikel,dlg,ReplyList/64/Text,0,-1,"You had better prove honorable to your word, Mikel...",
ghaar_mikel,dlg,ReplyList/65/Text,0,-1,"Thank you, Mikel. I'll trouble you no further.",
ghaar_mikel,dlg,ReplyList/67/Text,0,-1,I don't believe you. You're just trying to pin the blame.,
ghaar_mikel,dlg,ReplyList/69/Text,0,-1,What do you have in mind for a truce?,
ghaar_mikel,dlg,ReplyList/7/Text,0,-1,"I don't have that kind of gold to give you, Mikel...",
ghaar_mikel,dlg,ReplyList/8/Text,0,-1,"Forget it! If you'll not aid me, I'll just have to find my own way out of Ghaarak...",
ghaar_mikel,dlg,ReplyList/9/Text,0,-1,"You're a despicable worm, Mikel! I suppose I'll have to see if I can procure the gold you want...",
ghaar_mylok,dlg,EntryList/1/Text,0,-1,"Bugger off, Imperial! I've no desire to speak with you!",
ghaar_mylok,dlg,EntryList/10/Text,0,-1,"<StartAction>[Mylok gives you one last suspicious glare, but you manage to walk away before he can think any more of your actions.]</Start>",
ghaar_mylok,dlg,EntryList/11/Text,0,-1,"<StartAction>[Mylok continues to stare at you suspiciously for a moment, but then shrugs.]</Start> Yeah, I won a soul brooch from a fool of a Minotaur the other day. The stupid beast couldn't even realize I had rigged our card game against him!",
ghaar_mylok,dlg,EntryList/12/Text,0,-1,"Sure, if you have enough gold. I think 75 gold pieces ought to be about right...",
ghaar_mylok,dlg,EntryList/13/Text,0,-1,Then I am afraid you are out of luck...,
ghaar_mylok,dlg,EntryList/14/Text,0,-1,"<StartCheck>[Failure]</Start> I don't think so, my friend. Give me 75 gold, or the deal's off.",
ghaar_mylok,dlg,EntryList/15/Text,0,-1,"<StartAction>[Success]</Start> I suppose 50 gold pieces will suffice. <StartAction>[In exchange for the gold pieces, Mylok hands over the soul brooch belonging to Ghan the Minotaur.]</Start>",
ghaar_mylok,dlg,EntryList/16/Text,0,-1,"<StartAction>[In exchange for the gold pieces, Mylok hands over the soul brooch belonging to Ghan.]</Start> Now, if our business here is complete, I ask that you remove your Imperial stench from my presence!",
ghaar_mylok,dlg,EntryList/17/Text,0,-1,"<< Activates ""N_TALK_SWITCH"" if ""N_MODULE_STAGE"" is 0. >>",
ghaar_mylok,dlg,EntryList/18/Text,0,-1,"<< This conversation node does nothing but reset the variable ""N_TALK_SWITCH"" >>",
ghaar_mylok,dlg,EntryList/2/Text,0,-1,<StartAction>[The hooded thug looks at you a bit suspiciously.]</Start> I might be... what's it to you?,
ghaar_mylok,dlg,EntryList/20/Text,0,-1,"<< Set owner's journal quest to ""JT_PREL_TARI"" >>",
ghaar_mylok,dlg,EntryList/3/Text,0,-1,<StartCheck>[Failure]</Start> <StartAction>[Mylok gives you an evil grin.]</Start> You are a fool if you think you can threaten me! And now you shall learn your lesson the hard way...,
ghaar_mylok,dlg,EntryList/4/Text,0,-1,"<StartAction>[Success] [Mylok blinks slowly, nodding his head as you speak.]</Start> Of c-c-course, <sir/madam>... Let me just see where I p-put it... <StartAction>[Mylok fumbles in his pockets, and hands a gleaming amulet into your hands.]</Start>",
ghaar_mylok,dlg,EntryList/5/Text,0,-1,<StartCheck>[Failure]</Start> <StartAction>[You fail to notice anything of interest in Mylok's possession.]</Start>,
ghaar_mylok,dlg,EntryList/6/Text,0,-1,"<StartAction>[Mylok seems to be very wary of you now.]</Start> What do you want with me?! Speak your business quickly, or begone from my presence!",
ghaar_mylok,dlg,EntryList/7/Text,0,-1,"<StartAction>[Success]</Start> <StartAction>[You notice a thin chain poking out of Mylok's pocket, likely attached to just such a brooch as the one you are looking for.]</Start>",
ghaar_mylok,dlg,EntryList/8/Text,0,-1,"<StartCheck>[Failure]</Start> <StartAction>[Just as your hand closes over the chain, Mylok grabs your wrist.]</Start> Thought you would steal from Mylok, eh? Well, my friend, you shall sorely regret THAT mistake...",
ghaar_mylok,dlg,EntryList/9/Text,0,-1,"<StartAction>[Success] [You manage to slip your hand around the chain in Mylok's pocket without drawing his attention. You quickly place the brooch in your pocket, and he seems none too aware of your theft.]</Start>",
ghaar_mylok,dlg,ReplyList/0/Text,0,-1,<StartAction>[Leave the man be.]</Start>,
ghaar_mylok,dlg,ReplyList/1/Text,0,-1,"Excuse me, but are you the one they call Mylok?",
ghaar_mylok,dlg,ReplyList/10/Text,0,-1,"I have heard that you might be able to aid me in finding a magical pendant called a ""soul brooch."" I have need of one, and supposedly you won just such an item the other day.",
ghaar_mylok,dlg,ReplyList/11/Text,0,-1,Do you suppose I might buy the brooch from you?,
ghaar_mylok,dlg,ReplyList/12/Text,0,-1,I don't have that kind of gold to spend right now.,
ghaar_mylok,dlg,ReplyList/13/Text,0,-1,<StartAction>[Leave.]</Start>,
ghaar_mylok,dlg,ReplyList/14/Text,0,-1,<StartAction>[Persuade]</Start> How about 50 gold? I think that is more than enough for such a brooch.,
ghaar_mylok,dlg,ReplyList/16/Text,0,-1,Here's the 75 gold. <StartAction>[Hand the gold over to Mylok.]</Start>,
ghaar_mylok,dlg,ReplyList/2/Text,0,-1,<StartAction>[Intimidate]</Start> I have come for the soul brooch; You shall give it to me now!,
ghaar_mylok,dlg,ReplyList/5/Text,0,-1,<StartAction>[Spot] [Attempt to see if you can spot the brooch in Mylok's possession.]</Start>,
ghaar_mylok,dlg,ReplyList/7/Text,0,-1,<StartAction>[Pick Pocket]</Start> <StartAction>[Attempt to pick Mylok's pocket.]</Start>,
ghaar_mylok,dlg,ReplyList/8/Text,0,-1,"Sorry to have bothered you, but I must be on my way...",
ghaar_ruknar,dlg,EntryList/1/Text,0,-1,"Greetings to you, <lad/lass>, and welcome to the Ravenclaw Tavern! I am Ruknar, proud Tavern Keeper of this fine establishment!",
ghaar_ruknar,dlg,EntryList/10/Text,0,-1,"<StartAction>[Success]</Start> I suppose you do seem like a nice enough sort... Alright, then, I guess I can give you the key, but don't make me regret it!",
ghaar_ruknar,dlg,EntryList/11/Text,0,-1,"<StartAction>[Success]</Start> I suppose you do seem like a nice enough sort... Alright, then, I guess I can give you the key, but don't make me regret it!",
ghaar_ruknar,dlg,EntryList/12/Text,0,-1,"<StartAction>[Success]</Start> I suppose you do seem like a nice enough sort... Alright, then, I guess I can give you the key, but don't make me regret it!",
ghaar_ruknar,dlg,EntryList/13/Text,0,-1,"<StartCheck>[Failure]</Start> Sorry, <lad/lass>, but I can't just go around giving out room keys, you know...",
ghaar_ruknar,dlg,EntryList/14/Text,0,-1,"<StartAction>[Success]</Start> I suppose you do seem like a nice enough sort... Alright, then, I guess I can give you the key, but don't make me regret it!",
ghaar_ruknar,dlg,EntryList/15/Text,0,-1,"<StartAction>[Success]</Start> Well, I don't see any reason why not... After all, you seem a nice enough sort...",
ghaar_ruknar,dlg,EntryList/16/Text,0,-1,"<StartAction>[The Dwarf pulls forth a key from the desk in front of him.]</Start> There you go. It's Room # 1, the one on the right at the end of the hallway. Hope you find what you're looking for...",
ghaar_ruknar,dlg,EntryList/17/Text,0,-1,"<< Set owner's journal quest to ""JT_PREL_KARA"" >>",
ghaar_ruknar,dlg,EntryList/18/Text,0,-1,"Aye, I saw that unfortunate affair. Those men were agents of Pharos Nightcrawler, if rumor is to be trusted. He's a dangerous crime lord in the city of Laceri. I wouldn't hold out much hope for your friend if they got their hands on 'im...",
ghaar_ruknar,dlg,EntryList/19/Text,0,-1,"I'd suggest doing so, <lad/lass>. Those men aren't the type to be trifled with. If that Halfling got tangled up with them, let him deal with the consequences. Better to keep your own hide safe, if you ask me...",
ghaar_ruknar,dlg,EntryList/2/Text,0,-1,"So, <lad/lass>, what can I do for you today?",
ghaar_ruknar,dlg,EntryList/20/Text,0,-1,"Well, they never did pay their bar tap, so I don't suppose I owe those particular patrons any loyalty. I've heard they've been seen around the boathouse in the Market District. It might be worth taking a gander there...",
ghaar_ruknar,dlg,EntryList/21/Text,0,-1,"<< Set owner's journal quest to ""JT_PREL_TARI"" >>",
ghaar_ruknar,dlg,EntryList/22/Text,0,-1,"<< Activates ""N_TALK_SWITCH"" if ""N_MODULE_STAGE"" is 0. >>",
ghaar_ruknar,dlg,EntryList/23/Text,0,-1,"<< This conversation node does nothing but reset the variable ""N_TALK_SWITCH"" >>",
ghaar_ruknar,dlg,EntryList/3/Text,0,-1,"As you wish, <lad/lass>... Feel free to return anytime...",
ghaar_ruknar,dlg,EntryList/4/Text,0,-1,"Well of course, <lad/lass>! We're always open for business here at the Ravenclaw Tavern!",
ghaar_ruknar,dlg,EntryList/5/Text,0,-1,"Eh, I bet I know the one... We had a young Elven woman rent out a room here for the week, and as far as I know, she's still with us...",
ghaar_ruknar,dlg,EntryList/6/Text,0,-1,"<StartCheck>[Failure]</Start> <StartAction>[The Dwarf looks at you suspiciously.]</Start> Well, we don't usually go around giving out room keys, you know...",
ghaar_ruknar,dlg,EntryList/7/Text,0,-1,"As you wish, <lad/lass>.",
ghaar_ruknar,dlg,EntryList/8/Text,0,-1,"<StartCheck>[Failure]</Start> <StartAction>[The Dwarf glowers angrily at you.]</Start> I'm going to have to ask you to leave now, <lad/lass>. I don't take kindly to thieves around here...",
ghaar_ruknar,dlg,EntryList/9/Text,0,-1,<StartAction>[Success]</Start> <StartAction>[You manage to swipe a key from the desk without the innkeeper noticing... You quickly pocket it and bid him farewell.]</Start>,
ghaar_ruknar,dlg,ReplyList/1/Text,0,-1,Nothing right now...,
ghaar_ruknar,dlg,ReplyList/10/Text,0,-1,<StartAction>[Pick Pocket]</Start> <StartAction>[Attempt to take the key from Ruknar.]</Start>,
ghaar_ruknar,dlg,ReplyList/12/Text,0,-1,<StartAction>[Persuade]</Start> I'm sure you'd reconsider for 50 gold...,
ghaar_ruknar,dlg,ReplyList/14/Text,0,-1,<StartAction>[Persuade]</Start> Would 20 gold pieces change your mind?,
ghaar_ruknar,dlg,ReplyList/16/Text,0,-1,<StartAction>[Persuade]</Start> Would 10 gold pieces convince you ?,
ghaar_ruknar,dlg,ReplyList/18/Text,0,-1,<StartAction>[Persuade]</Start> I only wish to speak with her...,
ghaar_ruknar,dlg,ReplyList/22/Text,0,-1,"<< Set owner's journal quest to ""JT_PREL_KARA"" >>",
ghaar_ruknar,dlg,ReplyList/23/Text,0,-1,A Halfling was kidnapped here. See anything?,
ghaar_ruknar,dlg,ReplyList/24/Text,0,-1,Good point. Perhaps I should steer clear.,
ghaar_ruknar,dlg,ReplyList/26/Text,0,-1,Do you know where I might look?,
ghaar_ruknar,dlg,ReplyList/27/Text,0,-1,Thanks.,
ghaar_ruknar,dlg,ReplyList/28/Text,0,-1,"<< Set owner's journal quest to ""JT_PREL_TARI"" >>",
ghaar_ruknar,dlg,ReplyList/3/Text,0,-1,What do you have to offer here?,
ghaar_ruknar,dlg,ReplyList/5/Text,0,-1,I'm looking for a pretty Elven woman.,
ghaar_ruknar,dlg,ReplyList/6/Text,0,-1,I see... Thank you for your help.,
ghaar_ruknar,dlg,ReplyList/7/Text,0,-1,<StartAction>[Persuade]</Start> Can I get her room key from you?,
ghaar_ruknar,dlg,ReplyList/8/Text,0,-1,I suppose I can understand that... Just forget what I said.,
ghaar_rvnclw_grd,dlg,EntryList/1/Text,0,-1,Talk to Mikel. Him do the business round here...,
ghaar_rvnclw_grd,dlg,EntryList/10/Text,0,-1,"<StartAction>[The large Half-Orc looks at you closely as you come nearer, confusion in his eyes.]</Start> You look familiar, like someone I supposed to look for... What you want?",
ghaar_rvnclw_grd,dlg,EntryList/11/Text,0,-1,<StartAction>[The Half-Orc grunts as you turn to depart.]</Start>,
ghaar_rvnclw_grd,dlg,EntryList/12/Text,0,-1,"<StartAction>[The Half-Orc's eyes grow large.]</Start> The Magistrate's <CUSTOM6001>! You not leave here alive! <StartAction>[The Half-Orc yells a warning, and rushes to attack.]</Start>",
ghaar_rvnclw_grd,dlg,EntryList/13/Text,0,-1,"<StartAction>[Success]</Start> I could buy that shiny new axe with some extra gold... Alright, you give me 50 gold, I let you pass.",
ghaar_rvnclw_grd,dlg,EntryList/14/Text,0,-1,<StartCheck>[Failure]</Start> You not turn me against Mikel for petty amount of gold! You not pass through these doors!,
ghaar_rvnclw_grd,dlg,EntryList/15/Text,0,-1,"<StartAction>[Success]</Start> I could buy new boots with gold! Alright, you give me 20 gold, I let you pass.",
ghaar_rvnclw_grd,dlg,EntryList/16/Text,0,-1,"<StartAction>[The Half-Orc's eyes flare in anger.]</Start> I tired of your games, foolish <Class>!",
ghaar_rvnclw_grd,dlg,EntryList/17/Text,0,-1,<StartCheck>[Failure]</Start> You not scare me! Now get out of here before I slash you up!,
ghaar_rvnclw_grd,dlg,EntryList/18/Text,0,-1,"<StartAction>[Success] [The Half-Orc glances you over, and seems to think better of refusing your request.]</Start> Alright, you pass. But don't try nothing foolish, or we cut you to pieces!",
ghaar_rvnclw_grd,dlg,EntryList/19/Text,0,-1,<StartCheck>[Failure]</Start> I not remember you! You not fool me! Get out of here!,
ghaar_rvnclw_grd,dlg,EntryList/2/Text,0,-1,"<< Activates ""N_TALK_SWITCH"" if ""N_MODULE_STAGE"" is 1. >>",
ghaar_rvnclw_grd,dlg,EntryList/20/Text,0,-1,"<StartAction>[Success]</Start> <StartAction>[The Half-Orc scratches his head in confusion.]</Start> Maybe so. Alright, you can pass, but you not try anything foolish!",
ghaar_rvnclw_grd,dlg,EntryList/21/Text,0,-1,<StartAction>[The Half-Orc motions for you to enter through the door behind him.]</Start>,
ghaar_rvnclw_grd,dlg,EntryList/22/Text,0,-1,"<StartCheck>[Failure]</Start> <StartAction>[The Half-Orc guard looks over you, a look of disgust coming over his face.]</Start> Mikel Ravenclaw not have anything to do with woman as ugly as you!",
ghaar_rvnclw_grd,dlg,EntryList/23/Text,0,-1,I not want to see you around here again! Get out! <StartAction>[The fierce rage in the Half-Orc's eyes leads you to believe it would be unwise to speak with him again.]</Start>,
ghaar_rvnclw_grd,dlg,EntryList/24/Text,0,-1,"<StartAction>[Success]</Start> Mikel pick pretty one this time. Alright, woman, you can pass.",
ghaar_rvnclw_grd,dlg,EntryList/25/Text,0,-1,<StartCheck>[Failure]</Start> Me not informed of anyone coming for business! You not fool me! Get out of here!,
ghaar_rvnclw_grd,dlg,EntryList/26/Text,0,-1,"<StartAction>[Success]</Start> You seem like friend to me. You can go through, but you make sure to behave!",
ghaar_rvnclw_grd,dlg,EntryList/27/Text,0,-1,This door off limits! You not pass through here!,
ghaar_rvnclw_grd,dlg,EntryList/28/Text,0,-1,"<< Activates ""N_TALK_SWITCH"" if ""N_MODULE_STAGE"" is 0. >>",
ghaar_rvnclw_grd,dlg,EntryList/29/Text,0,-1,"<< This conversation node does nothing but reset the variable ""N_TALK_SWITCH"" >>",
ghaar_rvnclw_grd,dlg,EntryList/3/Text,0,-1,We not give you any more trouble...,
ghaar_rvnclw_grd,dlg,EntryList/30/Text,0,-1,"<< Set owner's journal quest to ""JT_PREL_MARK"" >>",
ghaar_rvnclw_grd,dlg,EntryList/4/Text,0,-1,Death to the Imperial scum!,
ghaar_rvnclw_grd,dlg,EntryList/5/Text,0,-1,<StartAction>[The Half-Orc stands silently. It appears he has little to say to you...]</Start>,
ghaar_rvnclw_grd,dlg,EntryList/6/Text,0,-1,"<StartAction>[The Half-Orc guard appears none too happy to have been detained by Imperial soldiers, and scowls at you.]</Start> Mikel will deal with you, little <man/woman>!",
ghaar_rvnclw_grd,dlg,EntryList/7/Text,0,-1,"<StartAction>[As you approach, you notice the Half-Orc guarding the door is a large, muscular brute. The massive axe in his hand appears to have seen quite a bit of action in its time...]</Start>",
ghaar_rvnclw_grd,dlg,EntryList/8/Text,0,-1,I not have anything to say. You go to Mikel Ravenclaw to talk...,
ghaar_rvnclw_grd,dlg,EntryList/9/Text,0,-1,"I thought I told you not to come here again! Why you not listen... <StartAction>[Suddenly, the Half-Orc stops in mid sentence, narrowing his eyes at you.]</Start> Wait a minute...",
ghaar_rvnclw_grd,dlg,ReplyList/10/Text,0,-1,"On second thought, I don't think I'm willing to part with my gold...",
ghaar_rvnclw_grd,dlg,ReplyList/11/Text,0,-1,<StartAction>[Hand over the gold.]</Start>,
ghaar_rvnclw_grd,dlg,ReplyList/12/Text,0,-1,"<StartAction>[Intimidation]</Start> Let me pass, you oafish brute, or you will regret it!",
ghaar_rvnclw_grd,dlg,ReplyList/14/Text,0,-1,"<StartAction>[Persuade]</Start> I have been here before, on business with Mikel Ravenclaw. Don't you remember me?",
ghaar_rvnclw_grd,dlg,ReplyList/17/Text,0,-1,<StartAction>[Persuade]</Start> I am a dancer come to perform for Mikel's entertainment. Surely a gentleman such as yourself would not deny my entrance...,
ghaar_rvnclw_grd,dlg,ReplyList/21/Text,0,-1,I have business with Mikel. Can I please pass?,
ghaar_rvnclw_grd,dlg,ReplyList/3/Text,0,-1,Just passing by. I'll be on my way.,
ghaar_rvnclw_grd,dlg,ReplyList/5/Text,0,-1,"I am <FullName>! Your master has plotted against me, and now I come for his death!",
ghaar_rvnclw_grd,dlg,ReplyList/7/Text,0,-1,<StartAction>[Bribe]</Start> Would 50 gold pieces be enough to convince you to let me pass?,
ghaar_rvnclw_grd,dlg,ReplyList/8/Text,0,-1,<StartAction>[Hand over the gold.]</Start>,
ghaar_rvnclw_grd,dlg,ReplyList/9/Text,0,-1,"<StartAction>[Bribe.]</Start> Would you be willing to let me pass for, say, 20 gold pieces?",
ghaar_sewer_work,dlg,EntryList/0/Text,0,-1,<StartAction>[Sigh.]</Start> That last flood sure did create a mess down here...,
ghaar_spir_malgo,dlg,EntryList/1/Text,0,-1,"<StartAction>[Before you stands the spirit of an elderly Elven man. It moans loudly and makes strange gestures, but you are unable to find a way to communicate with it...]</Start>",
ghaar_spir_malgo,dlg,EntryList/2/Text,0,-1,"<StartAction>[The spirit cringes at the sight of the jewel. Malgor writhes in pain for a moment, then both the spirit and the bloodstone slowly fade from sight, ridding the Market District of their presence...]</Start>",
ghaar_spir_malgo,dlg,EntryList/4/Text,0,-1,"<StartAction>[The spirit of Malgor bows in gratitude to you for bringing justice against Nelgir. As it does so, it slowly begins to disperse out of sight, most likely returning to the Underworld from whence it came...]</Start>",
ghaar_spir_malgo,dlg,EntryList/5/Text,0,-1,"<< Set owner's journal quest to ""JT_KARA"" >>",
ghaar_spir_malgo,dlg,EntryList/6/Text,0,-1,"<< Activates ""N_TALK_SWITCH"" if ""N_MODULE_STAGE"" is 0. >>",
ghaar_spir_malgo,dlg,EntryList/7/Text,0,-1,"<< This conversation node does nothing but reset the variable ""N_TALK_SWITCH"" >>",
ghaar_spir_malgo,dlg,EntryList/9/Text,0,-1,"<< This node sets up custom string ""9999"" to be the name of the conversation owner >>",
ghaar_spir_malgo,dlg,ReplyList/0/Text,0,-1,<StartAction>[Leave.]</Start>,
ghaar_spir_malgo,dlg,ReplyList/1/Text,0,-1,<StartAction>[Hold the Bloodstone out towards the spirit.]</Start>,
ghaar_stg_1_guar,dlg,EntryList/0/Text,0,-1,"Find a way out of this doomed city, <Sir/Madam> <FirstName>... Ghaarak is lost to us...",
ghaar_stg_1_guar,dlg,EntryList/1/Text,0,-1,"Officer Ganolin has lost the gates to the Docks! We... we are trapped! <Sir/Madam> <FirstName>, I am afraid there is little we can do to aid you now... You must find a way to the Docks on your own...",
ghaar_stg_1_guar,dlg,EntryList/2/Text,0,-1,"Ghaarak is doomed, <Sir/Madam> <FirstName>... Officer Ganolin still holds the gates to Dock, so there is time yet for you to make your escape! Please, you must hurry to the Docks!",
ghaar_stg_1_guar,dlg,EntryList/3/Text,0,-1,"Captain Anagril fought the invaders as best he could, but in the end, the enemy proved too many... I fear Ghaarak may be lost to us, <Sir/Madam> <FirstName>.",
ghaar_stg_1_guar,dlg,EntryList/4/Text,0,-1,"<< Set owner's journal quest to ""JT_ST_1_MAIN"" >>",
ghaar_stg_1_guar,dlg,EntryList/5/Text,0,-1,"<< Activates ""N_TALK_SWITCH"" if ""N_MODULE_STAGE"" is 1. >>",
ghaar_stg_1_guar,dlg,EntryList/6/Text,0,-1,"<< This conversation node does nothing but reset the variable ""N_TALK_SWITCH"" >>",
ghaar_str_mssg,dlg,EntryList/1/Text,0,-1,"<StartAction>[A hooded man approaches you, his face heavily shadowed beneath his hood.]</Start> Excuse me, <FullName>, but I have an urgent message to deliver to you. ",
ghaar_str_mssg,dlg,EntryList/10/Text,0,-1,"<< Set owner's journal quest to ""JT_PRELUDE"" >>",
ghaar_str_mssg,dlg,EntryList/2/Text,0,-1,"<StartAction>[The man frowns at you.]</Start> I know full well who you are, <FullName>, and you must hear me out. There is a man near the Docks of the city who has important information regarding your father.",
ghaar_str_mssg,dlg,EntryList/3/Text,0,-1,Do not concern yourself over such trifling matters. Just hear me out. There is a man near the Docks of the city who has important information to deliver to you regarding your father.,
ghaar_str_mssg,dlg,EntryList/4/Text,0,-1,There is a man near the Docks of the city who wishes to speak with you. He has news concerning your father which is of great importance.,
ghaar_str_mssg,dlg,EntryList/5/Text,0,-1,"Seek out Xanthar, just north of the Dock gates in the Market District. He will be able to tell you more.",
ghaar_str_mssg,dlg,EntryList/6/Text,0,-1,"I have tarried here long enough. Xanthar can tell you more. Go with haste, as it is a matter of some urgency. <StartAction>[Without another word, the strange man walks away briskly.]</Start>",
ghaar_str_mssg,dlg,EntryList/7/Text,0,-1,"<< Activates ""N_TALK_SWITCH"" if ""N_MODULE_STAGE"" is 0. >>",
ghaar_str_mssg,dlg,EntryList/8/Text,0,-1,"<< This conversation node does nothing but reset the variable ""N_TALK_SWITCH"" >>",
ghaar_str_mssg,dlg,ReplyList/0/Text,0,-1,You must have me mistaken for someone else. My name is <CUSTOM6003>.,
ghaar_str_mssg,dlg,ReplyList/1/Text,0,-1,Who are you? How do you know my name?,
ghaar_str_mssg,dlg,ReplyList/2/Text,0,-1,What message do you carry?,
ghaar_str_mssg,dlg,ReplyList/4/Text,0,-1,I take orders from no one but myself!,
ghaar_str_mssg,dlg,ReplyList/5/Text,0,-1,What news does this Xanthar have regarding my father?,
ghaar_str_mssg,dlg,ReplyList/6/Text,0,-1,Very well. I will seek out this Xanthar.,
ghaar_varhun,dlg,EntryList/1/Text,0,-1,"You will sorely regret having crossed my path... Begone from my chambers, fool! ",
ghaar_varhun,dlg,EntryList/10/Text,0,-1,"<StartAction>[Varhun appears quite uncomfortable.]</Start> Well, of course not! How could you even suggest that I would? <StartAction>[Despite his words, Varhun appears quite nervous.]</Start>",
ghaar_varhun,dlg,EntryList/11/Text,0,-1,"Good. <FirstName>, you may feel free to look around as you like, both here and in the Chancellor's quarters.",
ghaar_varhun,dlg,EntryList/12/Text,0,-1,"Begone, <FirstName>! I have no more time for your foolish accusations!",
ghaar_varhun,dlg,EntryList/13/Text,0,-1,"<StartAction>[The Chancellor gives you a glare of complete distaste and sneers.]</Start> Keep your threats to yourself, <lad/lass>! Now, begone from my chambers!",
ghaar_varhun,dlg,EntryList/14/Text,0,-1,"<StartAction>[Chancellor Varhun, High Chancellor of Ghaarak, second in command only to your father, does not even bother to look up as you approach his desk.]</Start>",
ghaar_varhun,dlg,EntryList/15/Text,0,-1,"Speak your business quickly, <FirstName>, for I have little time to spare in idle chatter with you! Some of us don't have as much time to waste as your father does!",
ghaar_varhun,dlg,EntryList/16/Text,0,-1,"<StartAction>[The Chancellor smirks at your remark.]</Start> Well, isn't that nice... but as you can see, I am responsible for doing all the work around here while your father takes the glory for running this city, so why don't you bugger off! ",
ghaar_varhun,dlg,EntryList/17/Text,0,-1,"<StartAction>[Varhun's mouth dips in a sarcastic leer.]</Start> It is good to see that your training at the Academy has your sharpened your wits so, <boy/girl>! Now, please be on your way, for I have little desire to speak with you further!",
ghaar_varhun,dlg,EntryList/18/Text,0,-1,"Yes, yes, it seems the Empire is quite eager to get their hands on the <CUSTOM6001> of Okaris <LastName>! No doubt you'll get the position as well, for your father could do no wrong in the Empire's eyes, including the siring of his children!",
ghaar_varhun,dlg,EntryList/19/Text,0,-1,"Not that it matters. You follow your own counsel as you see fit! I suppose it is fine for the <LastName> family to break the rules when they feel the need, while the rest of us must heed the letter of the law!",
ghaar_varhun,dlg,EntryList/2/Text,0,-1,"<StartAction>[A thick sweat has appeared on Varhun's brow, bringing a fog over his lenses. Still, you sense that he is giving you a glare of complete loathing.]</Start>",
ghaar_varhun,dlg,EntryList/20/Text,0,-1,"I doubt it will even matter that you keep your own company, only caring for your own personal wants and desires! Oh no, it would be too much that the <CUSTOM6001> of Okaris <LastName> would have to follow the rules as well!",
ghaar_varhun,dlg,EntryList/21/Text,0,-1,"Not to mention you never break any rules, never take any risks! Oh no, that would be below the station of the <LastName> family, now wouldn't it?",
ghaar_varhun,dlg,EntryList/22/Text,0,-1,"So, to answer your question, yes, it appears you have garnered some attention to yourself. They'll probably even send you back to rule this city when they're done training you, and I'll rot away as your lackey...",
ghaar_varhun,dlg,EntryList/23/Text,0,-1,"Good riddance! I have little need or desire to speak with you further, so feel free to head right out the door! Now, I have to get back to the real work around here, which you and your father so blissfully ignore...",
ghaar_varhun,dlg,EntryList/24/Text,0,-1,"So am I... Now, leave this old man to his work, for someone around here has to keep record of the affairs of the city! Go along and join your father in your happy little realm of bliss, and just let Varhan take care of all the real work...",
ghaar_varhun,dlg,EntryList/25/Text,0,-1,"<StartAction>[Varhun gives you a rather cruel look.]</Start> Yes, here's a little bit of wisdom... Get out of my chambers before I grow sick with your presence!",
ghaar_varhun,dlg,EntryList/26/Text,0,-1,"I could... but I don't believe I will. Your observers are keeping an eye on you from a distance, attempting to judge your character and other such nonsense. I think it will be more entertaining to let you squirm for a while...",
ghaar_varhun,dlg,EntryList/27/Text,0,-1,"Don't fear, though... I'm sure the Empire's love of your father will be more than enough to secure your acceptance. After all, the <CUSTOM6001> of Okaris <LastName> could do no wrong, now could <he/she>?",
ghaar_varhun,dlg,EntryList/28/Text,0,-1,"<StartAction>[Varhun turns his glance up to you quickly, the light reflecting off his lenses resembling burning flames.]</Start> Do not come here to banter with me, <boy/girl>! Speak your peace, and be done with it!",
ghaar_varhun,dlg,EntryList/29/Text,0,-1,"<StartAction>[Varhun smirks at you from underneath his lenses.]</Start> You can prove nothing, <lad/lass>, so don't even try to come here with your idle threats! There is little you can do against me!",
ghaar_varhun,dlg,EntryList/3/Text,0,-1,"<StartAction>[Varhun's face has turned a dark red, his breath coming in short, seething gasps.]</Start> Outwitted by the <LastName> family! It matters not, though, for you will be too late to save your father!",
ghaar_varhun,dlg,EntryList/30/Text,0,-1,"Yes, I do. Now rid me of your annoying presence!",
ghaar_varhun,dlg,EntryList/31/Text,0,-1,"<StartAction>[Varhun seems unimpressed by your threat.]</Start> Begone from my chambers, <FirstName>! I have no more reason to deal with you...",
ghaar_varhun,dlg,EntryList/32/Text,0,-1,"So, you think to expose me? Me?! I have been responsible for every great achievement in this city, while your father takes all the credit! I'll not stand for it anymore... oh no, I won't...",
ghaar_varhun,dlg,EntryList/33/Text,0,-1,<StartAction>[Varhun seems to find your offer amusing.]</Start> I would almost be willing to take you up on such an offer... It would be quite satisfying to see Okaris' <CUSTOM6001> betray him...,
ghaar_varhun,dlg,EntryList/34/Text,0,-1,"However, I'm afraid you know too much already, and I cannot take the risk of you leaving this chamber... No, I will simply have to finish what Mikel failed to do...",
ghaar_varhun,dlg,EntryList/35/Text,0,-1,"Not completely my doing... It seems I am not the only one who wants your father dead! But do not concern yourself over that, <FirstName>, for you won't live long enough to see my plans come to fruition...",
ghaar_varhun,dlg,EntryList/36/Text,0,-1,"Oh, just a nice little surprise... but you won't live long enough to see it!",
ghaar_varhun,dlg,EntryList/37/Text,0,-1,"<StartAction>[Suddenly, Varhun begins chanting, and you hear the doors to his chamber clang shut, trapping you inside.]</Start> This little spell should keep things quiet while I deal with you...",
ghaar_varhun,dlg,EntryList/38/Text,0,-1,"<StartAction>[Varhun's glazed eyes stare blankly ahead.]</Start> Come to think of it, I think I do... I feel like taking a little nap...",
ghaar_varhun,dlg,EntryList/39/Text,0,-1,"<StartAction>[Varhun quietly walks from the chamber, leaving it open for you to search.]</Start>",
ghaar_varhun,dlg,EntryList/4/Text,0,-1,"Chancellor Varhun will not see the end of his days upon the gallows! No! If it is my fate to perish, I shall at least take you with me, <FullName>!",
ghaar_varhun,dlg,EntryList/40/Text,0,-1,"<< Set owner's journal quest to ""JT_PREL_MARK"" >>",
ghaar_varhun,dlg,EntryList/41/Text,0,-1,"<< Activates ""N_TALK_SWITCH"" if ""N_MODULE_STAGE"" is 0. >>",
ghaar_varhun,dlg,EntryList/42/Text,0,-1,"<< This conversation node does nothing but reset the variable ""N_TALK_SWITCH"" >>",
ghaar_varhun,dlg,EntryList/5/Text,0,-1,"<StartAction>[Varhun cackles evilly.]</Start> I'm afraid you'll never have the chance to find out, <FirstName>, for if I am to die, at least you shall come with me!",
ghaar_varhun,dlg,EntryList/6/Text,0,-1,<StartAction>[Chancellor Varhun appears enraged by the intrusion into his quarters.]</Start> What is the meaning of this? Why have you disturbed me so?,
ghaar_varhun,dlg,EntryList/7/Text,0,-1,"Settle down, Chancellor. We simply wish to have a chat with you. <FirstName> here believes you may have some information regarding a plot against Magistrate Okaris...",
ghaar_varhun,dlg,EntryList/8/Text,0,-1,"That is outrageous! Preposterous! I, Chancellor Varhun, would never stoop to such treachery! I'll have you stripped of your rank for this, Captain!",
ghaar_varhun,dlg,EntryList/9/Text,0,-1,"Now, now, Chancellor. There's no need to get so upset. I merely wish to assure the <lad/lass> that there is no truth behind <his/her> allegations. After all, you have nothing to fear... Correct?",
ghaar_varhun,dlg,ReplyList/0/Text,0,-1,"Any final words to say, Varhun, before they sent you to the executioner's block?",
ghaar_varhun,dlg,ReplyList/1/Text,0,-1,"Your days are over, Chancellor Varhun! I have all the proof I need of your treachery!",
ghaar_varhun,dlg,ReplyList/10/Text,0,-1,"Thank you, Captain.",
ghaar_varhun,dlg,ReplyList/11/Text,0,-1,"This isn't over yet, Varhun...",
ghaar_varhun,dlg,ReplyList/13/Text,0,-1,I think you and I need to talk about this letter I found in your desk...,
ghaar_varhun,dlg,ReplyList/15/Text,0,-1,I was merely stopping by to say hello.,
ghaar_varhun,dlg,ReplyList/16/Text,0,-1,<StartAction>[Leave the elderly Chancellor Varhun to his work.]</Start>,
ghaar_varhun,dlg,ReplyList/17/Text,0,-1,"Sounds as though you don't much care for my father, Chancellor...",
ghaar_varhun,dlg,ReplyList/18/Text,0,-1,"My instructor at the Academy mentioned that I was being observed by an elite training facility of the Empire. He mentioned that you had overhead this information, and I was hoping you could tell me more about it.",
ghaar_varhun,dlg,ReplyList/2/Text,0,-1,"Chancellor Varhun, you are hereby placed under arrest for treason against Magistrate Okaris and the Sharakhan Empire.",
ghaar_varhun,dlg,ReplyList/21/Text,0,-1,"I think I've had enough of you for one day, Chancellor... I'll be on my way.",
ghaar_varhun,dlg,ReplyList/22/Text,0,-1,Sorry I asked...,
ghaar_varhun,dlg,ReplyList/23/Text,0,-1,"Sounds like you've got some issues with our family, Chancellor Varhun...",
ghaar_varhun,dlg,ReplyList/24/Text,0,-1,Any helpful words of advice?,
ghaar_varhun,dlg,ReplyList/25/Text,0,-1,Can you tell me a bit more? Perhaps a bit regarding what I should expect?,
ghaar_varhun,dlg,ReplyList/27/Text,0,-1,I think you and I need to have a little talk about Mikel Ravenclaw...,
ghaar_varhun,dlg,ReplyList/28/Text,0,-1,"I know all about your dealings with Mikel to have me assassinated, Chancellor...",
ghaar_varhun,dlg,ReplyList/29/Text,0,-1,You have a point...,
ghaar_varhun,dlg,ReplyList/3/Text,0,-1,"Enough of your threats, Varhun!",
ghaar_varhun,dlg,ReplyList/31/Text,0,-1,"Perhaps not yet, but I will soon enough, Varhun. You can count on that.",
ghaar_varhun,dlg,ReplyList/33/Text,0,-1,I have a letter here that I believe was written by you... one arranging for my death...,
ghaar_varhun,dlg,ReplyList/34/Text,0,-1,"I care little for what happens to my father, but I would like to ensure my safety...",
ghaar_varhun,dlg,ReplyList/36/Text,0,-1,So this was all your doing?,
ghaar_varhun,dlg,ReplyList/37/Text,0,-1,What have you planned against my father?,
ghaar_varhun,dlg,ReplyList/4/Text,0,-1,"Tell me what is planned against my father, Chancellor!",
ghaar_varhun,dlg,ReplyList/40/Text,0,-1,"Don't you have somewhere you need to be, Varhun?",
ghaar_xanthar,dlg,EntryList/1/Text,0,-1,"<StartAction>[The bald man standing before you carries all manner of scars and markings upon his body.]</Start> I am Xanthar, and if I am not mistaken, you are <FullName>, <CUSTOM6001> of Okaris <LastName>. Would I be correct in this assumption?",
ghaar_xanthar,dlg,EntryList/2/Text,0,-1,"Nice try, <lad/lass>, but your lies will do not fool me. You are indeed <FullName>, and I believe you shall find my news to be quite... interesting. <StartAction>[The man steps a bit closer to you.]</Start>",
ghaar_xanthar,dlg,EntryList/3/Text,0,-1,"I have news for the <CUSTOM6001> of Okaris <LastName>, and I do believe that is you, <lad/lass>.",
ghaar_xanthar,dlg,EntryList/4/Text,0,-1,"I wish to send a message to Magistrate Okaris. <StartAction>[Xanthar's expression turns to a cold sneer.]</Start> The line of <LastName> ends today, and it shall begin with your death!",
ghaar_xanthar,dlg,EntryList/5/Text,0,-1,"<StartAction>[Suddenly, you notice a group of men approaching from the shadows, blades drawn as they rapidly approach you. By the look upon their faces, you believe it safe to assume they want you dead...]</Start>",
ghaar_xanthar,dlg,EntryList/6/Text,0,-1,"<< Activates ""N_TALK_SWITCH"" if ""N_MODULE_STAGE"" is 0. >>",
ghaar_xanthar,dlg,EntryList/7/Text,0,-1,"<< This conversation node does nothing but reset the variable ""N_TALK_SWITCH"" >>",
ghaar_xanthar,dlg,EntryList/9/Text,0,-1,"<< Set owner's journal quest to ""JT_PRELUDE"" >>",
ghaar_xanthar,dlg,ReplyList/0/Text,0,-1,You must be mistaken. My name is <CUSTOM6003>.,
ghaar_xanthar,dlg,ReplyList/2/Text,0,-1,What business is it of yours?,
ghaar_xanthar,dlg,ReplyList/3/Text,0,-1,Correct. What's this about my father?,
ghaar_zhiram,dlg,EntryList/1/Text,0,-1,"<StartAction>[Zhiram, the rather eccentric High Sorcerer of Ghaarak, greets you heartily as you approach.]</Start> Welcome and well met, young <lad/lass>! Might I ask what brings such esteemed company to my chamber?",
ghaar_zhiram,dlg,EntryList/10/Text,0,-1,"<StartAction>[Zhiram seems a bit worried by your remark.]</Start> Do you truly think so? Why, I had never any thought of that... magic is my life, after all...",
ghaar_zhiram,dlg,EntryList/11/Text,0,-1,"Ah, but that would be impossible! The constructs are built to specifically follow the orders of the Control Stone. They are incapable of acting without its direction. So, you see, we are in complete control of the whole system.",
ghaar_zhiram,dlg,EntryList/12/Text,0,-1,"You've been speaking with that druidess, Alia, too much, my young friend! This age shall be one of great magical advancement, and to resist such change is to risk a weakness to our enemies!",
ghaar_zhiram,dlg,EntryList/13/Text,0,-1,"Indeed it is, my young friend, indeed it is! Soon, we will be capable of automating the entirety of Ghaarak, a feat that may be commonplace in the civilized regions of the Empire, but a monumental achievement here along the frontier!",
ghaar_zhiram,dlg,EntryList/14/Text,0,-1,"Is there anything else I may help you with today, <lad/lass>?",
ghaar_zhiram,dlg,EntryList/15/Text,0,-1,"Ah, yes, that they did! It's currently locked away in the Imperial Treasury, and Magistrate Okaris refuses to let anyone inside to examine it. I hope he shall change his mind ere too long, for I would very much like to take a look at it.",
ghaar_zhiram,dlg,EntryList/16/Text,0,-1,"I'm not sure exactly where they surfaced that marvel at, but even from this chamber, I can feel its massive power humming away! Perhaps it is some lost artifact from the ancient days of the Golden Age! Now that would be a find, indeed!",
ghaar_zhiram,dlg,EntryList/17/Text,0,-1,"That I have not quite figured out. He seems to fear his find, for reasons that elude me. Your father is a warrior at heart, though, and they have little understanding of such things as this.",
ghaar_zhiram,dlg,EntryList/18/Text,0,-1,"<< Activates ""N_TALK_SWITCH"" if ""N_MODULE_STAGE"" is 0. >>",
ghaar_zhiram,dlg,EntryList/19/Text,0,-1,"<< This conversation node does nothing but reset the variable ""N_TALK_SWITCH"" >>",
ghaar_zhiram,dlg,EntryList/2/Text,0,-1,Oh well... I was hoping for a bit of good company for a change. It does get a bit lonely around here at times. But I can understand a young <lad/lass> like yourself not wanting to stand about all day with an old fool like myself.,
ghaar_zhiram,dlg,EntryList/21/Text,0,-1,"<< Set owner's journal quest to ""JT_PREL_KARA"" >>",
ghaar_zhiram,dlg,EntryList/3/Text,0,-1,"Feel free to come back by anytime you like, and I bid thee a good <quarterday>!",
ghaar_zhiram,dlg,EntryList/4/Text,0,-1,"Not much worth talking about, I'm afraid. Janthos the Inventor, a Gnomish student of mine, has been working on several experiments with the constructs. You may want to see if you can track him down, if you're looking for something a bit more exciting.",
ghaar_zhiram,dlg,EntryList/5/Text,0,-1,"This, young <sir/madam>, is the Chamber of the Control Stone! Harnessing the collective power of Ghaarak's most powerful sorcerers, the Control Stone has allowed us to achieve grand heights in arcane advancement!",
ghaar_zhiram,dlg,EntryList/6/Text,0,-1,"The main purpose of the Control Stone is to operate the Imperial District's magical defense, in the event that Ghaarak were to ever come under attack.",
ghaar_zhiram,dlg,EntryList/7/Text,0,-1,"You see, by utilizing the massive power locked within the Control Stone, we can indefinitely raise a protective shield around each of the gates in the Imperial District. These shields are impervious to all forms of damage, a grand defense indeed!",
ghaar_zhiram,dlg,EntryList/8/Text,0,-1,"In addition to our defense system, however, the Control Stone also operates the magical constructs you have likely seen wandering the Imperial District. These massive laborers allow us to enjoy a bit of comfort, mindlessly performing all heavy physical labor in our place.",
ghaar_zhiram,dlg,EntryList/9/Text,0,-1,"I'm afraid that is quite impossible at the moment, <lad/lass>. The stone must be kept active to allow the constructs to operate. Unfortunately, while the stone is in operation, it is extremely dangerous to manipulate.",
ghaar_zhiram,dlg,ReplyList/0/Text,0,-1,"Just passing through, Zhiram.",
ghaar_zhiram,dlg,ReplyList/10/Text,0,-1,Mind if I take a look at the Control Stone?,
ghaar_zhiram,dlg,ReplyList/12/Text,0,-1,"You've spent too much time in here, Zhiram...",
ghaar_zhiram,dlg,ReplyList/14/Text,0,-1,Constructs seem dangerous. What if they turn on us?,
ghaar_zhiram,dlg,ReplyList/16/Text,0,-1,That seems unnatural. What if our lives become too easy?,
ghaar_zhiram,dlg,ReplyList/18/Text,0,-1,Seems like a very efficient system.,
ghaar_zhiram,dlg,ReplyList/20/Text,0,-1,"Actually, I think I'll be on my way...",
ghaar_zhiram,dlg,ReplyList/21/Text,0,-1,What do you know of this strange gem my father discovered?,
ghaar_zhiram,dlg,ReplyList/23/Text,0,-1,Can I ask you about something else?,
ghaar_zhiram,dlg,ReplyList/24/Text,0,-1,Why has my father locked this jewel away?,
ghaar_zhiram,dlg,ReplyList/3/Text,0,-1,Anything interesting going on around here?,
ghaar_zhiram,dlg,ReplyList/5/Text,0,-1,What can you tell me about this chamber?,
ghaar_zhiram,dlg,ReplyList/9/Text,0,-1,"Interesting, but I truly must be leaving...",
hench_bruk,dlg,EntryList/1/Text,0,-1,"I welcome you into the ShadowGuard, my <brother/sister>...",
hench_bruk,dlg,EntryList/10/Text,0,-1,"No time for words now, friend... Time to go!",
hench_bruk,dlg,EntryList/100/Text,0,-1,"Very well, I will heal you only if I am not in hand-to-hand combat.",
hench_bruk,dlg,EntryList/101/Text,0,56180,As you wish.,
hench_bruk,dlg,EntryList/102/Text,0,56147,And how far away do you need me?,
hench_bruk,dlg,EntryList/103/Text,0,56174,"I do hope you are not trying tell me something, but I shall do as you wish.",
hench_bruk,dlg,EntryList/104/Text,0,56173,"Not too close, then, and not too far. I get it.",
hench_bruk,dlg,EntryList/105/Text,0,56172,Fine. I shall stay as close as is reasonable.,
hench_bruk,dlg,EntryList/106/Text,0,62539,I can do that. When the combat begins I'll rush in and use melee weapons.,
hench_bruk,dlg,EntryList/107/Text,0,62540,Of course. When the combat begins I'll stay back and attack with my ranged weapons from a distance. I'll switch weapons if the enemies get too close.,
hench_bruk,dlg,EntryList/108/Text,0,-1,What would you like me to do?,
hench_bruk,dlg,EntryList/109/Text,0,-1,Very well. I will avoid melee combat unless I am cornered.,
hench_bruk,dlg,EntryList/11/Text,0,-1,Even demons bleed...,
hench_bruk,dlg,EntryList/110/Text,0,-1,"As you wish, <FirstName>.",
hench_bruk,dlg,EntryList/111/Text,0,-1,"That may be hard to judge, but I shall do my best.",
hench_bruk,dlg,EntryList/112/Text,0,-1,"Very well, I'll wait until the last possible moment.",
hench_bruk,dlg,EntryList/113/Text,0,-1,Very well. I will do what I feel is best.,
hench_bruk,dlg,EntryList/114/Text,0,-1,There is no need to scout ahead. We are safe here. ,
hench_bruk,dlg,EntryList/115/Text,0,-1,I'll see what I can find.,
hench_bruk,dlg,EntryList/116/Text,0,56222,"Hold on, then. Give me a moment to rest, and I'll be ready to assist you.",
hench_bruk,dlg,EntryList/117/Text,0,-1,"<< Set owner's journal quest to ""JT_PREL_TARI"" >>",
hench_bruk,dlg,EntryList/12/Text,0,-1,RARGHH!,
hench_bruk,dlg,EntryList/13/Text,0,-1,"Destroy him, Harkon! Tear that fool apart!",
hench_bruk,dlg,EntryList/14/Text,0,-1,Are you ready to go again? We should make our way to the docks at once.,
hench_bruk,dlg,EntryList/15/Text,0,-1,"All right, I'll wait here in the shadows. Please return when you're ready to move on.",
hench_bruk,dlg,EntryList/16/Text,0,-1,Talk to Markius. He needs a word with you.,
hench_bruk,dlg,EntryList/17/Text,0,-1,"<StartAction>[The ranger, Lyen Silverblade, is almost invisible against the pitch of night. Only the piercing whites of his eyes are clearly visible as he stares right through you.]</Start>",
hench_bruk,dlg,EntryList/18/Text,0,-1,"Ah, I was hoping you'd arrived unscathed. You've done much for my friend, Tarin. Please allow me to escort you to the ship. I can cut you a safe path with great ease in this darkness.",
hench_bruk,dlg,EntryList/2/Text,0,-1,Would you like some help in your mission?,
hench_bruk,dlg,EntryList/20/Text,0,-1,"There you are coward! You abandoned Tarin to the Nightcrawlers. Be gone, you pathetic wretch, before my blade finds your throat.",
hench_bruk,dlg,EntryList/21/Text,0,-1,"I recognize you. You were there when the Nightcrawlers took my small friend, Tarin.",
hench_bruk,dlg,EntryList/22/Text,0,-1,"I haven't had any luck in locating him. Hopefully I'll have more luck once we clear the Crimson Prophet's rabble from the streets. Knowing Tarin, he'll find his way free.",
hench_bruk,dlg,EntryList/23/Text,0,-1,Do you need any assistance? I'm sure that in this darkness I could cut a path to the ship for you.,
hench_bruk,dlg,EntryList/24/Text,0,-1,I recognize you. You were are the Ravenclaw tavern earlier.,
hench_bruk,dlg,EntryList/25/Text,0,-1,"Yes, I've cut through many hordes while under Markius' command and in this darkness I could cut you a path to the ship, if you like.",
hench_bruk,dlg,EntryList/26/Text,0,-1,"Greetings, I am Lyen Silverblade.",
hench_bruk,dlg,EntryList/27/Text,0,-1,Okay... Come back if you need me help...,
hench_bruk,dlg,EntryList/28/Text,0,-1,"It is good to meet you too, <FirstName>.Would you like my assistance? I could easily get you to the ship unnoticed in this darkness.",
hench_bruk,dlg,EntryList/29/Text,0,-1,"<StartAction>[Lyen removes his blade form its sheath.]</Start> Then it's time we were off, <FirstName>!",
hench_bruk,dlg,EntryList/3/Text,0,-1,As you wish.,
hench_bruk,dlg,EntryList/30/Text,0,-1,"<< Set owner's journal quest to ""JT_ST_1_MAIN"" >>",
hench_bruk,dlg,EntryList/31/Text,0,-1,"<< Set owner's journal quest to ""JT_PREL_TARI"" >>",
hench_bruk,dlg,EntryList/32/Text,0,-1,Speak with Markius... He needs to talk with you.,
hench_bruk,dlg,EntryList/34/Text,0,-1,"<StartAction>[Lyen Silverblade, the dark Ranger of the ShadowGuard, grunts as you approach.]</Start>",
hench_bruk,dlg,EntryList/35/Text,0,-1,"What do you need, <FirstName>?",
hench_bruk,dlg,EntryList/36/Text,0,-1,"<StartAction>[Brukus just grunts in farewell, and returns to his business.]</Start>",
hench_bruk,dlg,EntryList/37/Text,0,-1,<StartAction>[An unusual expression of fear comes over the Half-Orc's greenish-grey face.]</Start> That be bad trial... Me not like to thinks about it...,
hench_bruk,dlg,EntryList/38/Text,0,-1,"Lots of weird things in trial... Make me head hurt bad, see things... Me just bash... and bash... and bash... til me found way out... Me not ever want to do again...",
hench_bruk,dlg,EntryList/39/Text,0,-1,"<StartAction>[The Half-Orc seems to lose himself in the memory of his Final Initiation, and any further questions you ask do not seem to help further the subject...]</Start>",
hench_bruk,dlg,EntryList/4/Text,0,-1,"Very good, <mister/missus> <LastName>.",
hench_bruk,dlg,EntryList/40/Text,0,-1,What you want know?,
hench_bruk,dlg,EntryList/41/Text,0,-1,"Overlord not like me, think me dangerous... Markius have to tell him how strong me is all the time. Me not have much to do wit' Overlord...",
hench_bruk,dlg,EntryList/42/Text,0,-1,"But him wise man, speak to Emperor lots. He helps us find Prophet, then we bash bad men good! Markius be happy then!",
hench_bruk,dlg,EntryList/43/Text,0,-1,"Little Tarin not big, but him got big brain. Him and me make good team... He does quick talkin', me does quick bashin'!",
hench_bruk,dlg,EntryList/44/Text,0,-1,"Him good at cards, too. Best me ever seen. Me not really know how to play cards good, though...",
hench_bruk,dlg,EntryList/45/Text,0,-1,"She strong witch. Death not 'nough to get away from Kara. She bring you back from other world if she need you, so strong is her...",
hench_bruk,dlg,EntryList/46/Text,0,-1,"She nice to me, though. Not nice as Markius, but Kara not treat me like animal either. And she got pretty eyes... <StartAction>[Brukus abruptly falls silent, his greenish-grey cheeks blushing red...]</Start>",
hench_bruk,dlg,EntryList/47/Text,0,-1,"Markius is a great man. He brought me into the ShadowGuard... He treated me like a man, not a thief...",
hench_bruk,dlg,EntryList/48/Text,0,-1,I'll do anything he asks... I'd take the blade for him if I must!,
hench_bruk,dlg,EntryList/49/Text,0,-1,"<StartAction>[Lyen snarls at you angrily.]</Start> After your betrayal of my friend? Just watch your back, <FirstName>, or there'll be a dagger in it soon enough.",
hench_bruk,dlg,EntryList/5/Text,0,-1,"<< Activates ""N_TALK_SWITCH"" if ""N_MODULE_STAGE"" is 9. USING THIS FOR TESTING AT THE MOMENT! >>",
hench_bruk,dlg,EntryList/50/Text,0,-1,"<StartAction>[Lyen just snarls again, and you believe it would be wise to leave before he grows any angrier...]</Start>",
hench_bruk,dlg,EntryList/51/Text,0,-1,I'd rather not talk about that right now...,
hench_bruk,dlg,EntryList/52/Text,0,-1,<StartCheck>[Failure]</Start> No! Go waste someone else's time.,
hench_bruk,dlg,EntryList/53/Text,0,-1,"<StartAction>[Success]</Start> Alright, let's see...",
hench_bruk,dlg,EntryList/54/Text,0,-1,"<StartAction>[Lyen smiles]</Start> Its the very least I can do, after what you've done for Tarin. Ask anything.",
hench_bruk,dlg,EntryList/55/Text,0,-1,I was a cutthroat since the day I was born. I lived in the outlands with a gypsy group of thieves and assassins.,
hench_bruk,dlg,EntryList/56/Text,0,-1,"I never liked the life I had, but it was the only life I knew. It was vicious. Men and women clawing at each other over food and gold.",
hench_bruk,dlg,EntryList/57/Text,0,-1,"One night I left the band and made my way to the city. The nights were cold and the road was hard, but eventually I found a civilized place.",
hench_bruk,dlg,EntryList/58/Text,0,-1,"It was Laceri, a city of the Empire. As I made my way though the gates I met Markius. I thought for sure he would cast me out, but instead he directed me to an Inn and a warm meal.",
hench_bruk,dlg,EntryList/59/Text,0,-1,That night there was an attack on the city; the gypsy band I had escaped had followed me to town. They cut through the doors in the dead of night and started pillaging the town.,
hench_bruk,dlg,EntryList/6/Text,0,-1,"I'm glad to have you with us, <FirstName>...",
hench_bruk,dlg,EntryList/60/Text,0,-1,I couldn't let them destroy this bastion of hope I had discovered. So I fought them. When the sun rose the next morning Markius and I were standing over a hundred fallen gypsies. And I... I was a ShadowGuard.,
hench_bruk,dlg,EntryList/61/Text,0,-1,"<< Set owner's journal quest to ""JT_ST_1_MAIN"" >>",
hench_bruk,dlg,EntryList/62/Text,0,-1,"<< Activates ""N_TALK_SWITCH"" if ""N_MODULE_STAGE"" is 1. >>",
hench_bruk,dlg,EntryList/63/Text,0,-1,"Thank you for saving my friend, <FirstName>... You're a good <man/woman>, one day I'll repay you this debt!",
hench_bruk,dlg,EntryList/65/Text,0,-1,<StartAction>[Lyen's whole body coils in rage.]</Start> You let them take Tarin?! I'll cut his name into your worthless hide! You coward!,
hench_bruk,dlg,EntryList/66/Text,0,-1,"<StartAction>[Lyen waves a dagger at you but seems to calm a bit.]</Start> You'd better hope so! If Tarin comes to harm, I'll be back, <FirstName>, but you won't see me coming.",
hench_bruk,dlg,EntryList/67/Text,0,-1,"<StartAction>[Without another word, the dark figure dashes from the chamber, leaving you alone with your earnings from Malthar...]</Start>",
hench_bruk,dlg,EntryList/68/Text,0,-1,"I must find Tarin! Please, <FirstName>, will you help me?",
hench_bruk,dlg,EntryList/69/Text,0,-1,"<StartAction>[Lyen still seems groggy from the effects of Malthar's tainted ale, but he slowly rises to look at you.]</Start> What! They took Tarin! We must find him, <FirstName>!",
hench_bruk,dlg,EntryList/7/Text,0,-1,"<< Set owner's journal quest to ""JT_ST_2_MAIN"" >>",
hench_bruk,dlg,EntryList/70/Text,0,-1,"<StartAction>[Lyen roars with anger.]</Start> Then step aside, coward! I will carve my way through those fools until I return Tarin to safety.",
hench_bruk,dlg,EntryList/71/Text,0,-1,<StartAction>[Lyen's eyes flare in anger.]</Start> Reward!? How about you help my friend or I remove your digits with a rusted blade. Does that pique your interest any?,
hench_bruk,dlg,EntryList/72/Text,0,-1,"Good answer, <FirstName>. I'll cut their throats for this insult. No one crosses a Silverblade and survives long enough to brag about it.",
hench_bruk,dlg,EntryList/73/Text,0,-1,"<StartAction>[Lyen snarls.]</Start> No, I need to go with you! Tarin is my ally. I will not sit idly by while he's in danger.",
hench_bruk,dlg,EntryList/74/Text,0,-1,"<StartAction>[Lyen does not seemed pleased with your answer, but slowy nods in agreement.]</Start> I will trust in your prowess,  <FirstName>. Do not disappoint me.",
hench_bruk,dlg,EntryList/75/Text,0,-1,"<StartAction>[Lyen's grey eyes pierce you like daggers]</Start> If I learn that you let Tarin suffer, I will hunt you to the ends of the earth.",
hench_bruk,dlg,EntryList/76/Text,0,-1,"Let's track down this Malthar fellow and retreive Tarin. Once he's safe I'll carve some respect into the ranks of those ""Nightcrawlers.""",
hench_bruk,dlg,EntryList/77/Text,0,-1,Why does Tarin insist on gambling? We usually lose more then we gain.,
hench_bruk,dlg,EntryList/78/Text,0,-1,Who is that?,
hench_bruk,dlg,EntryList/79/Text,0,-1,"<StartAction>[The man's cold gaze fixes upon you.]</Start> If you need something, talk to the halfling.",
hench_bruk,dlg,EntryList/8/Text,0,-1,"<< Activates ""N_TALK_SWITCH"" if ""N_MODULE_STAGE"" is 2. >>",
hench_bruk,dlg,EntryList/80/Text,0,-1,"<StartAction>[The man's cold gaze fixes upon you.]</Start> If you need something, talk to the halfling.",
hench_bruk,dlg,EntryList/81/Text,0,-1,"<< Activates ""N_TALK_SWITCH"" if ""N_MODULE_STAGE"" is 0. >>",
hench_bruk,dlg,EntryList/82/Text,0,-1,"<< This conversation node does nothing but reset the variable ""N_TALK_SWITCH"" >>",
hench_bruk,dlg,EntryList/83/Text,0,56145,"What do you wish of me, <FirstName>?",
hench_bruk,dlg,EntryList/84/Text,0,56168,"<StartAction>[Lyen eyes you for a moment, and turns away.]</Start>",
hench_bruk,dlg,EntryList/85/Text,0,56150,Are you certain? I feel I may still be of some use to you.,
hench_bruk,dlg,EntryList/86/Text,0,-1,"I'm glad to hear you say that. We should start moving, there is still much to do.",
hench_bruk,dlg,EntryList/87/Text,0,56169,"Very well, I'll return to the Ravenclaw tavern. You can find me there if you are ever in need of my skills.",
hench_bruk,dlg,EntryList/88/Text,0,-1,"As you wish, <FirstName>.",
hench_bruk,dlg,EntryList/89/Text,0,56146,"My services are at your command, <FirstName>.",
hench_bruk,dlg,EntryList/9/Text,0,-1,Talk to Vhorkas...,
hench_bruk,dlg,EntryList/90/Text,0,-1,Very well.,
hench_bruk,dlg,EntryList/91/Text,0,-1,Very well.,
hench_bruk,dlg,EntryList/92/Text,0,56186,"Fine, I shall leave such things to you.",
hench_bruk,dlg,EntryList/93/Text,0,56185,"Of course, I can always help with that.",
hench_bruk,dlg,EntryList/94/Text,0,56184,"And walk out in the open? All right, if you wish.",
hench_bruk,dlg,EntryList/95/Text,0,56183,My pleasure.,
hench_bruk,dlg,EntryList/96/Text,0,56182,"Very well, I will no longer search while we are moving.",
hench_bruk,dlg,EntryList/97/Text,0,56181,"Very well, I will no longer search while we are moving.",
hench_bruk,dlg,EntryList/99/Text,0,-1,I will try to heal you even if I am being attacked at close range.,
hench_bruk,dlg,ReplyList/0/Text,0,-1,"No, I work better alone.",
hench_bruk,dlg,ReplyList/1/Text,0,-1,"Yes, I would.",
hench_bruk,dlg,ReplyList/10/Text,0,-1,I really must be on my way...,
hench_bruk,dlg,ReplyList/117/Text,0,-1,Let's talk about your weapon-switching tactics.,
hench_bruk,dlg,ReplyList/118/Text,0,-1,I don't want you to engage in close-range combat at all. Move away from the enemy if they are too close!,
hench_bruk,dlg,ReplyList/12/Text,0,-1,"Nice to meet you, Lyen. I'm <FullName>.",
hench_bruk,dlg,ReplyList/120/Text,0,-1,"Be aggressive. If you see enemies getting any closer than 6 meters or so, charge with melee!",
hench_bruk,dlg,ReplyList/122/Text,0,-1,"I think you should switch to melee if the enemy is at a medium distance, between 4 and 5 meters away.",
hench_bruk,dlg,ReplyList/124/Text,0,-1,"Since you're so good with your missile weapon, wait until the enemy gets relatively close, say less than 3 meters, before you switch to a melee weapon.",
hench_bruk,dlg,ReplyList/126/Text,0,-1,I want you to trust your instinct as to when to switch betwen melee and missile weapons.,
hench_bruk,dlg,ReplyList/128/Text,0,-1,Scout ahead for enemies. Engage in combat if they are nearby; otherwise return to me.,
hench_bruk,dlg,ReplyList/13/Text,0,-1,"Actually, I'm thinking of choosing someone else...",
hench_bruk,dlg,ReplyList/14/Text,0,-1,Sounds just like what I need. Let's go.,
hench_bruk,dlg,ReplyList/17/Text,0,-1,"I don't need anything right now. Farewell, Brukus...",
hench_bruk,dlg,ReplyList/19/Text,0,-1,Can you tell me a bit about the Final Initiation?,
hench_bruk,dlg,ReplyList/2/Text,0,-1,Not just yet. You wait here.,
hench_bruk,dlg,ReplyList/22/Text,0,-1,Can I ask you about the other ShadowGuard?,
hench_bruk,dlg,ReplyList/23/Text,0,-1,"Actually, let me ask you about something else...",
hench_bruk,dlg,ReplyList/24/Text,0,-1,Can you tell me a bit about Overlord Vhorkas?,
hench_bruk,dlg,ReplyList/26/Text,0,-1,I'd like to know more about Tarin Lightfingers...,
hench_bruk,dlg,ReplyList/28/Text,0,-1,What are your thoughts on Kara Dy'nesh?,
hench_bruk,dlg,ReplyList/30/Text,0,-1,Tell me what you can of Markius Albright...,
hench_bruk,dlg,ReplyList/32/Text,0,-1,I see. Let me ask you about another ShadowGuard member...,
hench_bruk,dlg,ReplyList/33/Text,0,-1,"Lyen, can you tell me a bit about yourself?",
hench_bruk,dlg,ReplyList/34/Text,0,-1,"All right, all right! Sorry to have bothered you...",
hench_bruk,dlg,ReplyList/36/Text,0,-1,"<StartAction>[Persuade]</Start> Come, Lyen. We are friends, and I would like to hear your tale...",
hench_bruk,dlg,ReplyList/38/Text,0,-1,"So what's your tale, Lyen?",
hench_bruk,dlg,ReplyList/4/Text,0,-1,"Let's go, Lyen.",
hench_bruk,dlg,ReplyList/44/Text,0,-1,"Well, let me ask you about something else, Lyen...",
hench_bruk,dlg,ReplyList/45/Text,0,-1,"Come, Lyen, have you no faith in your little friend?",
hench_bruk,dlg,ReplyList/46/Text,0,-1,"Don't worry, Tarin was able to escape all the same.",
hench_bruk,dlg,ReplyList/49/Text,0,-1,"I'll help you, Lyen.",
hench_bruk,dlg,ReplyList/50/Text,0,-1,Tarin brought this on himself. Why should I get involved?,
hench_bruk,dlg,ReplyList/51/Text,0,-1,<StartAction>[Allow Lyen to leave.]</Start>,
hench_bruk,dlg,ReplyList/52/Text,0,-1,"Wait, maybe I should help... Let's go together?",
hench_bruk,dlg,ReplyList/53/Text,0,-1,"I might be willing to help, if there was a reward...",
hench_bruk,dlg,ReplyList/54/Text,0,-1,"No reward, no aid from me. That's how I operate!",
hench_bruk,dlg,ReplyList/55/Text,0,-1,<StartAction>[Gulp.]</Start> Good enough for me... Let's go!,
hench_bruk,dlg,ReplyList/56/Text,0,-1,"I agree, Lyen. I don't want anything to befall him.",
hench_bruk,dlg,ReplyList/57/Text,0,-1,"That's really not necessary, Lyen...",
hench_bruk,dlg,ReplyList/58/Text,0,-1,"I can do better on my own, Lyen. Stay here.",
hench_bruk,dlg,ReplyList/61/Text,0,-1,"<StartAction>[Sigh]</Start> Then please, join me Lyen.",
hench_bruk,dlg,ReplyList/62/Text,0,-1,Let's go then.,
hench_bruk,dlg,ReplyList/69/Text,0,55683,I think we should part paths for the moment.,
hench_bruk,dlg,ReplyList/7/Text,0,-1,Where is Tarin now?,
hench_bruk,dlg,ReplyList/72/Text,0,55739,"Not at the moment, Lyen. Perhaps later.",
hench_bruk,dlg,ReplyList/74/Text,0,-1,I would like to manage your inventory.,
hench_bruk,dlg,ReplyList/77/Text,0,-1,Back to my other questions,
hench_bruk,dlg,ReplyList/78/Text,0,-1,Could you please not disable traps?,
hench_bruk,dlg,ReplyList/80/Text,0,-1,Could you please disable traps?,
hench_bruk,dlg,ReplyList/9/Text,0,-1,You're with the ShadowGuard? I had no idea...,
hench_bruk,dlg,ReplyList/95/Text,0,-1,Heal me even if there are enemies near you.,
hench_bruk,dlg,ReplyList/97/Text,0,-1,Do not heal me if there are enemies near you.,
hench_kara,dlg,EntryList/1/Text,0,-1,"I welcome you into the ShadowGuard, my <brother/sister>...",
hench_kara,dlg,EntryList/10/Text,0,-1,"Now is not the time for words, <FirstName>. We have to escape this city at once!",
hench_kara,dlg,EntryList/100/Text,0,-1,"<StartAction>[Kara's eyes grow wide, and her face pales in fear.]</Start> Wh... what did these men look like, <lad/lass>? Tell me quickly!",
hench_kara,dlg,EntryList/101/Text,0,-1,"<StartAction>[Though you did not think it possible, Kara's face grows even more pale.]</Start> The Disciples of Akhana! I... I must get out of here!",
hench_kara,dlg,EntryList/102/Text,0,-1,"<StartAction>[Suddenly, Kara's eyes dart from your gaze to the door of her chamber. You turn to see the armored forms of the men seeking the Elven woman, and they appear none too happy...]</Start>",
hench_kara,dlg,EntryList/103/Text,0,-1,"<< Set owner's journal quest to ""JT_PREL_KARA_2"" >>",
hench_kara,dlg,EntryList/104/Text,0,-1,"<StartAction>[Kara Dy'nesh looks up at your approach. Her face is still pale from the exertion of her trance, though she is clearly in better condition than when you saw her last.]</Start> I sense the spirit has returned to the Underworld...",
hench_kara,dlg,EntryList/105/Text,0,-1,"I am glad that spirit was able to find peace, and return to its proper place... I hope that my services were of aid to you as well...",
hench_kara,dlg,EntryList/106/Text,0,-1,"Good luck to you in your travels, <lad/lass>... Perhaps we may yet meet again...",
hench_kara,dlg,EntryList/107/Text,0,-1,"I hope you are quite happy with yourself, <lad/lass>! That Bloodstone was of great importance to me, and took me months to track down... Now I shall be forced to go through the whole process again!",
hench_kara,dlg,EntryList/108/Text,0,-1,Get out of my sight! I do not wish to speak to you further!,
hench_kara,dlg,EntryList/109/Text,0,-1,"<StartAction>[Kara appears to be a bit weak in the knees from her possession by the spirit of Malgor, and wobbles unsteadily on her feet.]</Start>",
hench_kara,dlg,EntryList/11/Text,0,-1,"The Crimson Prophet is far more powerful than we had imagined... Speak with Markius, <FirstName>. We must find a way out of this doomed city soon...",
hench_kara,dlg,EntryList/110/Text,0,-1,"<StartCheck>[Failure]</Start> <StartAction>[Even in her weakened state, Kara proves too fast for you.]</Start> Don't even think about it, <FirstName>!",
hench_kara,dlg,EntryList/111/Text,0,-1,"<StartAction>[Success] [You easily snatch the Bloodstone from Kara's belt pouch, placing it quickly into your pack before she can fully recover.]</Start>",
hench_kara,dlg,EntryList/112/Text,0,-1,"<StartCheck>[Failure]</Start> <StartAction>[Kara quickly grips the stone with both hands and twists her small frame away from you.]</Start> Don't even think about it, <FirstName>!",
hench_kara,dlg,EntryList/113/Text,0,-1,"<StartAction>[Success] [Though Kara struggles momentarily, you easily pull the stone from her weakened grasp.]</Start>",
hench_kara,dlg,EntryList/114/Text,0,-1,<StartAction>[Kara accepts your offer for help with gratitude.]</Start> Thank you... It... it is not easy communicating with the dead in such a fashion... and I am afraid it will take me a while still to recover...,
hench_kara,dlg,EntryList/115/Text,0,-1,"Well, good luck in your search, <lad/lass>. I hope my trance was of service to you, and should you need any further help, feel free to return to me here...",
hench_kara,dlg,EntryList/116/Text,0,-1,<StartCheck>[Failure]</Start> I will not risk my life for the safety of Nelgir. That merchant dog is getting only what he deserves!,
hench_kara,dlg,EntryList/117/Text,0,-1,"<StartAction>[Success] [Kara's eyes become glassy as she looks at the bloodstone.]</Start> I feel terrible about what I have done. The havoc in the market is all my fault, but I know that if I relinquish this stone I will die.",
hench_kara,dlg,EntryList/118/Text,0,-1,"I wish my life had not come to this... <StartAction>[Kara sobs.]</Start> I want to help, but I will not give up the stone, <FirstName>. I fear what may come if I am found without it.",
hench_kara,dlg,EntryList/119/Text,0,-1,<StartCheck>[Failure]</Start> <StartAction>[Kara's eyes burn with rage.]</Start> You already stole the stone from me you deceitful worm! Now you ask for help!? Begone!,
hench_kara,dlg,EntryList/12/Text,0,-1,Akhana take you!,
hench_kara,dlg,EntryList/120/Text,0,-1,"Well, yes... However, I need the stone for other purposes. I feel foolish bickering over this small stone but without it I am nearly defenseless.",
hench_kara,dlg,EntryList/121/Text,0,-1,"<StartAction>[Kara seems surprised by your words.]</Start> Well, that would explain why the spirit has remained so long... I imagine a spirit murdered in such a fashion would certainly want to see to its vengeance...",
hench_kara,dlg,EntryList/122/Text,0,-1,"<StartAction>[Kara frowns.]</Start> I've already told you, <lad/lass>, that's just not possible... I need the Bloodstone, and I cannot turn it over to you...",
hench_kara,dlg,EntryList/123/Text,0,-1,"Well, then, I suppose you shall have to find some proof of Nelgir's guilt... Did the spirit mention anything that may be of aid?",
hench_kara,dlg,EntryList/124/Text,0,-1,"Dark and full of a terrible stench... Perhaps a sewer of some sorts? It might be worth starting there, at least, and seeing what you may find...",
hench_kara,dlg,EntryList/125/Text,0,-1,"<StartAction>[Kara seems surprised by your words.]</Start> Well, that would explain why the spirit has remained so long... I imagine a spirit murdered in such a fashion would certainly want to see to its vengeance...",
hench_kara,dlg,EntryList/126/Text,0,-1,"<StartAction>[Kara frowns.]</Start> I've already told you, <lad/lass>, that's just not possible... I need the Bloodstone, and I cannot turn it over to you...",
hench_kara,dlg,EntryList/127/Text,0,-1,"Well, then, I suppose you shall have to find some proof of Nelgir's guilt... Did the spirit mention anything that may be of aid?",
hench_kara,dlg,EntryList/128/Text,0,-1,"Dark and full of a terrible stench... Perhaps a sewer of some sorts? It might be worth starting there, at least, and seeing what you may find...",
hench_kara,dlg,EntryList/129/Text,0,-1,"Excellent work, <FirstName>! However, there is little I can do for Malgor now. You should take his body to the Imperial Guards. I'm certain that if this evidence is brought before officer Ganolin, the spirit's murderous son will be exposed.",
hench_kara,dlg,EntryList/13/Text,0,-1,"Be wary, <FirstName>... The Crimson Prophet is not a foe to be trifled with...",
hench_kara,dlg,EntryList/130/Text,0,-1,"Shall I enter my trance, and allow the spirit I summoned to speak through me? I am more than willing to do so, if we can yet resolve this affair peacefully...",
hench_kara,dlg,EntryList/131/Text,0,-1,<StartAction>[Kara appears quite uncomfortable with your question.]</Start> It... it was a gift I was born with... a gift... and a curse.,
hench_kara,dlg,EntryList/132/Text,0,-1,"The blood of my family is strong with the power of Akhana, Goddess of Death, and I have always had a strong bond with the realm of the Underworld.",
hench_kara,dlg,EntryList/133/Text,0,-1,"It is not a matter I wish to speak further on, at least not until I can trust you enough to call you a friend. For now, you need only know that I can aid you in finding a way to put this spirit to rest...",
hench_kara,dlg,EntryList/134/Text,0,-1,"Through a ritual of the dead, I shall contact the spirit, allowing it to possess my body for a brief period of time. It will be able to speak through me, and thus explain its purpose for remaining here on the mortal plane.",
hench_kara,dlg,EntryList/135/Text,0,-1,"As you wish. My offer shall remain open, so please return to me if you should decide differently.",
hench_kara,dlg,EntryList/136/Text,0,-1,"<StartAction>[Kara slowly raises her hands and the room grows cold and dark. Her eyes to roll back in her head as she invokes an unnatural call.]</Start> Spirit of the dead, hear me! Speak through me, so that we may yet know your purpose!",
hench_kara,dlg,EntryList/137/Text,0,-1,"<StartAction>[To your surprise, as the Elven woman's eyes roll back down into focus, they have taken on a milky white color. When Kara begins to speak once more, her voice has grown deep and unnatural...]</Start>",
hench_kara,dlg,EntryList/138/Text,0,-1,"Who... who is it that calls me forth?! Your voice I hear, but my eyes cannot see... Speak your purpose, for in death my patience has grown thin! ",
hench_kara,dlg,EntryList/139/Text,0,-1,"Nelgir... Nelgir! I should have drowned that little brat at birth, and I would have too, had I known the depths of his treacherous little mind! Curses be upon that name!",
hench_kara,dlg,EntryList/14/Text,0,-1,"Shall I accompany you to the Docks, <FirstName>?",
hench_kara,dlg,EntryList/140/Text,0,-1,"So, Nelgir has sent you, has he? I should have known he would seek to rid himself of my presence, for the guilt must be more than his weak little mind can stand!",
hench_kara,dlg,EntryList/141/Text,0,-1,"So be it, mortal! Hear my tale, and listen well, for within it lies the answer to breaking the spell which holds me in this realm...",
hench_kara,dlg,EntryList/142/Text,0,-1,"I am the risen spirit of Malgor, once the most prominent gem trader throughout the Northern Reaches...",
hench_kara,dlg,EntryList/143/Text,0,-1,"Then my life was snuffed from existence by the hand of my treacherous offspring, the weasel I named Nelgir! Stabbed in the dark for a small hoard of gems, that was my fate, all for the greed of my bastard son!",
hench_kara,dlg,EntryList/144/Text,0,-1,"By the hand of this Elven witch have I been brought back to Abaran, and here I shall remain, until justice is served, or I am forced once more to depart!",
hench_kara,dlg,EntryList/145/Text,0,-1,"If you wish for me to return to the Underworld from whence I came, bring the treacherous worm that is my son into the hands of justice!",
hench_kara,dlg,EntryList/146/Text,0,-1,"Should you seek to bring justice against Nelgir, look for my body in the place where I fell... My memory is hazy with the fog of death, but I remember it to be a place of darkness and a terrible stench...",
hench_kara,dlg,EntryList/147/Text,0,-1,"Now, the bonds which hold me to the body of this Elven witch grow weak, and I must depart... Remember my words well, young mortal! Only by giving me what I seek shall you rid this city of my spirit's presence!",
hench_kara,dlg,EntryList/148/Text,0,-1,"<StartAction>[With a great howl, the spirit releases its possession of Kara's body, and she slumps forward weakly, then slowly rises...]</Start>",
hench_kara,dlg,EntryList/149/Text,0,-1,"<StartAction>[The Elven maiden turns her dark green eyes to yours dangerously as you approach.]</Start> Who are you, <boy/girl>? I suggest you speak quickly, for I do not take kindly to strangers barging into my quarters unannounced.",
hench_kara,dlg,EntryList/15/Text,0,-1,"As you wish, <FirstName>, but do be careful. Ghaarak is not a safe place at the moment...",
hench_kara,dlg,EntryList/150/Text,0,-1,"<StartAction>[A dangerous glint sparkles in the woman's eyes, but she eases her stance a bit.]</Start> I shall forgive your tone for the moment, <lad/lass>, for I do not wish trouble during my stay here...",
hench_kara,dlg,EntryList/151/Text,0,-1,"Perhaps we have gotten off on the wrong start. Please, allow me to introduce myself.",
hench_kara,dlg,EntryList/152/Text,0,-1,"<StartAction>[The woman frowns at your reply, but seems to let the matter drop.]</Start> Not one for formalities, I see...",
hench_kara,dlg,EntryList/153/Text,0,-1,"<StartAction>[At the mention of your name, the woman seems to relax a bit.]</Start> <FullName>, eh? I would have thought the <CUSTOM6001> of Okaris <LastName> would have better manners than this, but I shall forgive your actions... for now...",
hench_kara,dlg,EntryList/154/Text,0,-1,"My name is Kara Dy'nesh, and I am a travelling priestess of the Northern Reaches on business here in Ghaarak. Now, I must ask that you tell me to what purpose you have barged into my quarters so rudely... ",
hench_kara,dlg,EntryList/155/Text,0,-1,"Theft? You accuse me of theft?! Nelgir sought to squeeze my purse dry for that utterly worthless Bloodstone, and you call me the thief?! I believe you have the circumstances reversed, my young friend...",
hench_kara,dlg,EntryList/156/Text,0,-1,"In case you were unaware, bloodstones are a common sight along the roads to the north. They are considered no more then simple rocks in these parts.",
hench_kara,dlg,EntryList/157/Text,0,-1,"<StartAction>[Kara relaxes a bit, but she still stands ready to defend herself.]</Start> The spirit still remains? That is most unusual, for the spell I used to summon it should have expired in but a moment.",
hench_kara,dlg,EntryList/158/Text,0,-1,"<StartAction>[Placing her hand upon her chin, the Elven woman appears deep in thought.]</Start> If my spell is no longer holding the spirit here... It must be bound to this plane by its own will.",
hench_kara,dlg,EntryList/159/Text,0,-1,"<StartAction>[Kara looks back at you once more.]</Start> Quite simply, it's a re-agent required for dispelling spirits and other... more powerful spells. I usually keep a number of these rocks on my person.",
hench_kara,dlg,EntryList/16/Text,0,-1,So much death in this city... Please do speak with Markius. He has a matter to discuss with you that may well concern your safety.,
hench_kara,dlg,EntryList/160/Text,0,-1,Unfortunately the road to Ghaarak is a long and dangerous one. During the trek here I used up my bloodstone supply. When I saw Nelgir's stand I hoped to restock.,
hench_kara,dlg,EntryList/161/Text,0,-1,The fool was charging three hundred gold pieces for a simple red rock! No right-minded merchant would charge more then a single gold piece for a bloodstone! I do not regret the theft!,
hench_kara,dlg,EntryList/162/Text,0,-1,"The spell I used was not one of any direct danger to Nelgir, more of a ruse to distract him while I made my escape... I do not believe the spirit will cause him any bodily harm.",
hench_kara,dlg,EntryList/163/Text,0,-1,"<StartAction>[Kara appears to consider your words carefully.]</Start> Perhaps you are right... I... I did not mean to cause Nelgir any permanent harm, but I need this stone badly...",
hench_kara,dlg,EntryList/164/Text,0,-1,"I cannot return the Bloodstone to Nelgir, for it is of great importance to me. Despite what that fool may claim, it is of very little worth. Trust me, the loss of such a gem will not hurt his purse in the least...",
hench_kara,dlg,EntryList/165/Text,0,-1,But I suppose you are right... I have caused more havoc than I meant to. I truly did not believe that the summoning spell would last as it did.,
hench_kara,dlg,EntryList/166/Text,0,-1,"For a spirit to remain in the mortal realm for so long, it must have some strong purpose tying it here. If you like, I can attempt to contact the spirit through a trance, allowing it to use my body to communicate with you.",
hench_kara,dlg,EntryList/167/Text,0,-1,"Perhaps then you could learn to what purpose the spirit remains tied to this realm, and discover a way to dispel it. That would free Nelgir of its presence, and allow me to keep the Bloodstone I so desperately need.",
hench_kara,dlg,EntryList/168/Text,0,-1,"<StartAction>[An awkward silence descends, broken finally by a stifled titter from Kara. No longer able to contain herself, she breaks into a forlorn giggle.]</Start>",
hench_kara,dlg,EntryList/169/Text,0,-1,"Oh my, I have made a bad first impression, haven't I? Stealing gems, summoning spirits, and now a good tongue-lashing besides. Please, accept my apologies and allow me to explain...",
hench_kara,dlg,EntryList/17/Text,0,-1,<StartAction>[This beautiful Elven maiden gives you a charming smile as you approach.]</Start>,
hench_kara,dlg,EntryList/171/Text,0,-1,"[The Elven woman struggles in vain against Nelgir's grip.] Let me go, or you shall learn to regret it!",
hench_kara,dlg,EntryList/172/Text,0,-1,"Can't you see I'm a bit busy here, <lad/lass>? If you must distract someone, try this wretched merchant, could you?",
hench_kara,dlg,EntryList/173/Text,0,-1,"<StartAction>[Kara looks towards you with loathing in her eyes, though there is a great weariness there as well.]</Start> You... you treacherous little worm! You... you've taken my Bloodstone, after... after I tried to make peace with you!",
hench_kara,dlg,EntryList/174/Text,0,-1,"<StartAction>[Kara moves as though to strike against you, but her legs are still weak from her trance, and she stumbles to the ground.]</Start> A curse upon you, <lad/lass>! May you rot in the hells for what you have done!",
hench_kara,dlg,EntryList/175/Text,0,-1,"<StartAction>[Kara fumes but seems to realize she has little choice.]</Start> As you may have noticed by now, I have certain abilities to communicate with those beyond the veil of death.",
hench_kara,dlg,EntryList/176/Text,0,-1,My skills have always been sought after by evil groups. My current pursuers are a band of dark priests who fear and desire my power. They consider me a heretic of sorts... I have been fleeing them for the last several weeks.,
hench_kara,dlg,EntryList/177/Text,0,-1,"The Bloodstones help me defend myself against these priests. More importantly, they may help me put the pursuit to rest and allow me to prove my innocence... Otherwise, I will likely be... disposed of.",
hench_kara,dlg,EntryList/178/Text,0,-1,"You are a fool! Time is short and you would undo all the work that I have done? <StartAction>[Kara crumples to the ground in despair, her limbs, already weakened by the trance, now giving out on her completely.]</Start>",
hench_kara,dlg,EntryList/179/Text,0,-1,"<StartAction>[Kara reaches out and reclaims the Bloodstone, her eyes searching your face for signs of further betrayal.]</Start> You made a wise decision, my friend. I am not one to let the dead lie nor the living stand if they oppose me...",
hench_kara,dlg,EntryList/18/Text,0,-1,"<StartAction>[Kara turns her dark eyes towards you.]</Start> So, it seems we meet again, <lad/lass>...",
hench_kara,dlg,EntryList/180/Text,0,-1,"<< Set owner's journal quest to ""JT_PREL_KARA"" >>",
hench_kara,dlg,EntryList/181/Text,0,-1,"<< Activates ""N_TALK_SWITCH"" if ""N_MODULE_STAGE"" is 0. >>",
hench_kara,dlg,EntryList/182/Text,0,-1,"<< This conversation node does nothing but reset the variable ""N_TALK_SWITCH"" >>",
hench_kara,dlg,EntryList/183/Text,0,56145,"What may I do for you, <FirstName>?",
hench_kara,dlg,EntryList/185/Text,0,-1,"As you wish, <FirstName>.",
hench_kara,dlg,EntryList/186/Text,0,-1,"It is a painful and draining experience to summon forth a dweller of the Underworld, <FirstName>. I can do as you ask, but I will be required to rest afterwards if I am to accomplish such a feat again.",
hench_kara,dlg,EntryList/187/Text,0,-1,Are you sure you still wish for me to do this?,
hench_kara,dlg,EntryList/188/Text,0,-1,"As you wish, <FirstName>.",
hench_kara,dlg,EntryList/189/Text,0,-1,Very well... <StartAction>[The pupils of Kara's eyes take on a whitish glow as she enters a deep trance to summon forth an undead minion...]</Start> ,
hench_kara,dlg,EntryList/19/Text,0,-1,Greetings to you. I am Kara Dy'nesh. I am pleased to meet your acquaintance.,
hench_kara,dlg,EntryList/190/Text,0,-1,"Akhana, Mistress of the Night, heed my call! I beg thee lend thy mortal servant aid! <StartAction>[A hazy cloud of smoke gathers around Kara, and you see a dark spectre rise from its midst.]</Start> ",
hench_kara,dlg,EntryList/191/Text,0,-1,"Daughter of Dy'nesh, Akhana answers thy call! My services shall be at thy command...",
hench_kara,dlg,EntryList/192/Text,0,-1,"<StartAction>[You notice Kara's face has lost all its color, and her breathing seems a bit short.]</Start> It is done... <FirstName>. This spirit shall aid us in our journey...",
hench_kara,dlg,EntryList/193/Text,0,-1,"As you wish, <FirstName>.",
hench_kara,dlg,EntryList/194/Text,0,-1,I always like to prepare for a tough fight with my magic. So what should I do?,
hench_kara,dlg,EntryList/195/Text,0,-1,Wise of you to plan ahead. Thanks for reminding me.,
hench_kara,dlg,EntryList/196/Text,0,-1,"No, I think I'm all set for now, thank you very much.",
hench_kara,dlg,EntryList/197/Text,0,-1,"Cute little friend, isn't it? And now ready for battle.",
hench_kara,dlg,EntryList/198/Text,0,-1,Your cute pet already has all the protections I can offer.,
hench_kara,dlg,EntryList/199/Text,0,-1,"Where did this creature come from anyway? I have never seen anything like it. Anyhow, it's now as ready for battle as it'll ever be?",
hench_kara,dlg,EntryList/2/Text,0,-1,Would you like some help in your mission?,
hench_kara,dlg,EntryList/20/Text,0,-1,"As you like. Should you wish to speak to me further, you may find me here.",
hench_kara,dlg,EntryList/200/Text,0,-1,"This ""friend"" of yours already has all the protections I can offer.",
hench_kara,dlg,EntryList/201/Text,0,-1,"Cute little friend, isn't it? And now ready for battle.",
hench_kara,dlg,EntryList/202/Text,0,-1,Your cute little pet already has all the protections I can offer.,
hench_kara,dlg,EntryList/203/Text,0,-1,I don't think I have the appropriate spells ready for that. Should we rest?,
hench_kara,dlg,EntryList/204/Text,0,-1,"You're all set, my dear <FirstName>!",
hench_kara,dlg,EntryList/205/Text,0,-1,You already have all the protections I can offer.,
hench_kara,dlg,EntryList/206/Text,0,-1,No one here needs the protections I've got ready.,
hench_kara,dlg,EntryList/207/Text,0,-1,Sorry: I've done all I can.,
hench_kara,dlg,EntryList/208/Text,0,-1,"As you wish, <FirstName>.",
hench_kara,dlg,EntryList/209/Text,0,56150,"If you feel such is necessary, <FirstName>, then so be it. I shall await you here should you require my services once more.",
hench_kara,dlg,EntryList/21/Text,0,-1,"Do you wish for me to join you on the trip to the docks? I am a priestess of no small skill, and may prove valuable to you.",
hench_kara,dlg,EntryList/210/Text,0,-1,"Very well, then, <FirstName>. I shall stay by your side for the time being.",
hench_kara,dlg,EntryList/211/Text,0,56169,"Very well, <FirstName>. I shall go for now. Feel free to seek me out should you need my assistance at a later time.",
hench_kara,dlg,EntryList/212/Text,0,56146,"My services are at your command, <FirstName>.",
hench_kara,dlg,EntryList/213/Text,0,-1,"Very well, <FirstName>.",
hench_kara,dlg,EntryList/214/Text,0,-1,"Very well, <FirstName>.",
hench_kara,dlg,EntryList/22/Text,0,-1,"Then lead the way, <FirstName>, and I shall follow.",
hench_kara,dlg,EntryList/222/Text,0,-1,I will try to heal you even if I am being attacked at close range.,
hench_kara,dlg,EntryList/223/Text,0,-1,"Very well, I will heal you only if I am not in hand-to-hand combat.",
hench_kara,dlg,EntryList/224/Text,0,56180,As you wish.,
hench_kara,dlg,EntryList/229/Text,0,-1,"Why, what is the matter with what I'm doing now?",
hench_kara,dlg,EntryList/23/Text,0,-1,"<< Set owner's journal quest to ""JT_ST_1_MAIN"" >>",
hench_kara,dlg,EntryList/230/Text,0,-1,"Very well, but I will still refrain from healing you if I am in close-range combat.",
hench_kara,dlg,EntryList/231/Text,0,-1,"Very well, I will both cast attack spells and heal you whenver necessary.",
hench_kara,dlg,EntryList/232/Text,0,-1,"Very well, I will neither cast attack spells nor heal you if I'm in close-range combat.",
hench_kara,dlg,EntryList/233/Text,0,-1,"Very well, but I will still try to heal you according to your instructions.",
hench_kara,dlg,EntryList/234/Text,0,-1,"Very well, I won't use spells unless we face a challenging fight!",
hench_kara,dlg,EntryList/235/Text,0,-1,I'll try to do a better job at conserving them.,
hench_kara,dlg,EntryList/236/Text,0,-1,Magic is an effective way to deal with our enemies. I'll do as you say.,
hench_kara,dlg,EntryList/237/Text,0,-1,Sounds good. I'll cast when I feel comfortable doing so.,
hench_kara,dlg,EntryList/239/Text,0,62540,"Of course. When the combat begins I'll still use my spells, but I'll also stay back and attack with my ranged weapons from a distance. I'll switch weapons if the enemies get too close.",
hench_kara,dlg,EntryList/24/Text,0,-1,"<< Set owner's journal quest to ""JT_PREL_KARA"" >>",
hench_kara,dlg,EntryList/240/Text,0,-1,Sure. What would you like me to do?,
hench_kara,dlg,EntryList/241/Text,0,-1,Very well. I will avoid melee combat unless I am cornered.,
hench_kara,dlg,EntryList/242/Text,0,-1,"I like your style, <FirstName>. I didn't know you had such a streak within you, but I must say I am impressed.",
hench_kara,dlg,EntryList/243/Text,0,-1,"That may be hard to judge, but I shall do my best.",
hench_kara,dlg,EntryList/244/Text,0,-1,"Very well, I'll wait until the last possible moment!",
hench_kara,dlg,EntryList/245/Text,0,-1,Very well. I will do what I feel is best.,
hench_kara,dlg,EntryList/25/Text,0,-1,So much death in this city... Please do speak with Markius. He has a matter to discuss with you that may well concern your safety.,
hench_kara,dlg,EntryList/27/Text,0,-1,"<StartAction>[Kara Dy'nesh, the sultry Elven beauty of the ShadowGuard, stands before some sort of ritual table as you approach. She turns her large, soft eyes towards you.]</Start> Greetings, <FirstName>.",
hench_kara,dlg,EntryList/28/Text,0,-1,"What may I do for you today, <FirstName>?",
hench_kara,dlg,EntryList/29/Text,0,-1,"<StartAction>[Kara nods.]</Start> Farewell, <FirstName>. <StartAction>[With that, Kara returns to her affairs, and does not seem to pay you any more heed...]</Start>",
hench_kara,dlg,EntryList/3/Text,0,-1,As you wish.,
hench_kara,dlg,EntryList/30/Text,0,-1,"<StartAction>[Kara gazes down for a moment, as though recalling a troublesome memory.]</Start> The Final Initiation... yes, I remember it well...",
hench_kara,dlg,EntryList/31/Text,0,-1,"You must beware the trappings of that trial, <FirstName>, for it can be fraught with danger. It is a placed created by the strongest sorceries Rakha can conjure, and it will test you physically, mentally, and spiritually.",
hench_kara,dlg,EntryList/32/Text,0,-1,"Remember that the Almighty Rakha can see through flesh and soul, and He shall test you in the way He sees fit. Remain true to yourself, though, and you should do just fine.",
hench_kara,dlg,EntryList/33/Text,0,-1,"<StartAction>[Sigh.]</Start> I'm not much of one for gossip, but ask your questions, and I shall answer them as I may...",
hench_kara,dlg,EntryList/34/Text,0,-1,"Vhorkas has been good to all of us in the ShadowGuard, aiding us in reward for our service to the Empire. He can take you far, so long as you do his bidding.",
hench_kara,dlg,EntryList/35/Text,0,-1,"Make no mistake about it, however. Vhorkas serves Emperor Rakha fully, and his kindness extends only so far as that. Vhorkas does the Empire's bidding, and no one else's...",
hench_kara,dlg,EntryList/36/Text,0,-1,"Tarin can be quite the troublemaker when he sets his mind to it, always up to some sort of foolishness. And his affection for the card tables has always been his biggest downfall...",
hench_kara,dlg,EntryList/37/Text,0,-1,"The Halfling does have a wide knowledge of the Northern Reaches, however, and he seems to have friends everywhere. I suppose there are some perks to being addicted to the gaming tables...",
hench_kara,dlg,EntryList/38/Text,0,-1,"Markius is a mystery to us all, perhaps even to himself. He clouds his personal life in as much secrecy as he does his physical form while scouting for the ShadowGuard.",
hench_kara,dlg,EntryList/39/Text,0,-1,"I will say there are few who can match his deadliness from the cover of shadow, however. He has saved the ShadowGuard more than once, and his usefulness to us can not be overstated...",
hench_kara,dlg,EntryList/4/Text,0,-1,"Very good, <mister/missus> <LastName>",
hench_kara,dlg,EntryList/40/Text,0,-1,"Markius is a good man, I suppose, but he has shackled himself within the laws of Emperor Rakha. His heart will never be his own, for he shall forever be nothing more than Rakha's pawn...",
hench_kara,dlg,EntryList/41/Text,0,-1,"Still, as leaders go, we could have a far worse one than he. Markius has never led us astray in our missions, and none can doubt his courage in the heat of battle. I cannot say I would die for him, but I gladly stand at his side...",
hench_kara,dlg,EntryList/42/Text,0,-1,"<StartAction>[Kara gives you a scathing glance.]</Start> And why should I tell you of it? After all, you were the one who kept me from retrieving the Bloodstone... the most important ingredient of this ritual!",
hench_kara,dlg,EntryList/43/Text,0,-1,"<StartCheck>[Failure]</Start> Your excuses do little to ease my anger, <FirstName>. Now, if you wish to speak on other matters, we may do so. If not, I would ask that you leave my chambers...",
hench_kara,dlg,EntryList/44/Text,0,-1,"<StartAction>[Success]</Start> Perhaps you are right, <FirstName>... We... we did not know each other well then... and it would be nice to confide my tale in someone else...",
hench_kara,dlg,EntryList/45/Text,0,-1,"For, you see, my tale is closely tied to this ritual... and it is one that has followed me steps for so long now...",
hench_kara,dlg,EntryList/46/Text,0,-1,"<StartAction>[Kara glances at the table full of ingredients, then back at you. She seems uneasy speaking on this matter further.]</Start> I... I am not sure I can trust you with such knowledge, <FirstName>...",
hench_kara,dlg,EntryList/47/Text,0,-1,"<StartCheck>[Failure]</Start> I am sorry, <FirstName>... but I simply do not yet know you well enough to trust you so... Please, let us speak on another matter...",
hench_kara,dlg,EntryList/48/Text,0,-1,"<StartAction>[Success]</Start> I suppose you do seem trustworthy enough... Very well, if you truly wish to know more about me, I shall tell you my tale, for it is closely tied to this ritual...",
hench_kara,dlg,EntryList/49/Text,0,-1,"I suppose you may at that, <FirstName>. After all... it was you who aided me in retrieving the most important ingredient... <StartAction>[From the depths of her belt pouch, Kara produces the Bloodstone you helped her retrieve in Ghaarak.]</Start> ",
hench_kara,dlg,EntryList/5/Text,0,-1,"<< Activates ""N_TALK_SWITCH"" if ""N_MODULE_STAGE"" is 9. USING THIS FOR TESTING AT THE MOMENT! >>",
hench_kara,dlg,EntryList/50/Text,0,-1,"<StartAction>[Kara utters a brief incantation, then easily crushes the Bloodstone in her hand. A fine layer of red dust sprinkles across the liquid she has prepared in the vial before her...]</Start>",
hench_kara,dlg,EntryList/51/Text,0,-1,"<StartAction>[Kara gives a small smile at your amazed expression.]</Start> I suppose you are curious as to what I am concocting here, and rightfully so...",
hench_kara,dlg,EntryList/52/Text,0,-1,This particular ritual is designed to aid me in stemming back a great evil which has haunted me all my life... and one that is growing stronger by the day...,
hench_kara,dlg,EntryList/53/Text,0,-1,"I was born in Rhun, an ancient city on the outskirts of the Sharakhan Empire. While Rhun claims fealty to Emperor Rakha, all know it is simply a farce, for the city is ruled by one who bows to no other...",
hench_kara,dlg,EntryList/54/Text,0,-1,"The Wytch of Rhun is her title, and she rules the city with an iron grip. For thousands of years, the line of Wytches have reigned over Rhun, and none dare oppose their might...",
hench_kara,dlg,EntryList/55/Text,0,-1,"For the Wytches of Rhun are the chosen of Akhana, Goddess of Death, and their power is great. All who reside in Rhun live in fear, for even death cannot protect one from the Wytch's anger.",
hench_kara,dlg,EntryList/56/Text,0,-1,"I suppose you are wondering how I know all of this, and rightfully so... I know this, for I am the daughter of the Wytch of Rhun... and with my lineage comes the touch of Akhana, one I will never fully escape from.",
hench_kara,dlg,EntryList/57/Text,0,-1,"My sisters and I were raised in the Wytch's Hall, where the dreaded Disciples of Akhana trained and tested us, attempting to discover which among the Wytch's daughters possessed the strongest touch of Akhana.",
hench_kara,dlg,EntryList/58/Text,0,-1,"My sisters were strong in Akhana's power, and lavished upon greatly for it. I, on the other hand, seemed free of the taint of Death, and as such, little heed was paid to me.",
hench_kara,dlg,EntryList/59/Text,0,-1,"My place in the family was enough for me, however, for I had little liking for the dark practices of the Disciples of Akhana. Instead, I spent my days among the noble parties of the city, enjoying the wealth of my station.",
hench_kara,dlg,EntryList/6/Text,0,-1,"Welcome into our order, <FirstName>...",
hench_kara,dlg,EntryList/60/Text,0,-1,"So it may have continued, had fate not seen otherwise... I had fallen in love with a young noble man of the city, and we planned to be wed on the first day of spring.",
hench_kara,dlg,EntryList/61/Text,0,-1,"My mother endorsed the wedding, for I believe she secretly wanted to be rid of me... her daughter who lacked the ""touch."" On the night of my wedding, however, something happened that would change my fate forever. ",
hench_kara,dlg,EntryList/62/Text,0,-1,"Akhana visited my mother in a dream, telling her that I was to be the Chosen, the next Wytch of Rhun when my mother departed this world forever...",
hench_kara,dlg,EntryList/63/Text,0,-1,"The Wytch cannot deny the word of Akhana, and my mother ordered her Disciples to bring a halt to my wedding. Storming into the church, the foul servants of Akhana took both my groom and myself away screaming...",
hench_kara,dlg,EntryList/64/Text,0,-1,"We were brought before my mother, and she ordered my groom to be sacrificed as a gift to Akhana. I was forced to watch, in horror and sadness, as my groom was burned alive...",
hench_kara,dlg,EntryList/65/Text,0,-1,"I cursed my mother that night, and swore I would never serve Akhana's will. Her response was to turn me over to the care of the Disciples of Akhana... who tortured me endlessly for many months...",
hench_kara,dlg,EntryList/66/Text,0,-1,"In the end, I was brought forth from the dungeons, claiming I had seen my destiny at Akhana's side. My mother was pleased, and I was sent to begin my training to one day take rule as the Wytch of Rhun.",
hench_kara,dlg,EntryList/67/Text,0,-1,"But I had deceived them all, and when the chance presented itself, I slew my mentors, fleeing the city of Rhun. I swore never to return, and to this day, I have kept my oath.",
hench_kara,dlg,EntryList/68/Text,0,-1,"My mother has constantly hunted me since then, sending her Disciples of Akhana after me time and again. Each time, I have eluded them, but there numbers have begun growing stronger... and another threat has arisen...",
hench_kara,dlg,EntryList/69/Text,0,-1,"The touch of Akhana has begun to strengthen within me. I... I hear the voice of the Goddess of Death in my mind, I hear her bidding me to do her dark will... And... and sometimes I cannot fully resist it...",
hench_kara,dlg,EntryList/7/Text,0,-1,"<< Set owner's journal quest to ""JT_ST_2_MAIN"" >>",
hench_kara,dlg,EntryList/70/Text,0,-1,"With nowhere left to turn, and the Disciples of Akhana always on my trail, I turned to the Empire for aid. And so I was brought here, to join the ranks of the ShadowGuard.",
hench_kara,dlg,EntryList/71/Text,0,-1,"It has been a beneficial relationship, for the ShadowGuard have found good use for my talents in the dark arts, and in return, have given me the means to prepare this ritual... one which keeps Akhana's power over me at bay.",
hench_kara,dlg,EntryList/72/Text,0,-1,"So, <FirstName>, this ritual is of great importance to me, for without it, I would become little more than a pawn to the Goddess of Death. Without it, I would cease to be free to live my own destiny...",
hench_kara,dlg,EntryList/73/Text,0,-1,"<StartAction>[Kara smiles, but it is a sad smile.]</Start> And I am glad to have told it... Thank you, <FirstName>... it is good to have someone to speak to on this matter...",
hench_kara,dlg,EntryList/74/Text,0,-1,"<< Set owner's journal quest to ""JT_ST_1_MAIN"" >>",
hench_kara,dlg,EntryList/75/Text,0,-1,"<< Activates ""N_TALK_SWITCH"" if ""N_MODULE_STAGE"" is 1. >>",
hench_kara,dlg,EntryList/76/Text,0,-1,"<StartAction>[Kara breathes heavily with the exertion of her fight against the Disciples of Akhana, but her eyes are clear as she looks up to you.]</Start> I... I thank you for your aid, <lad/lass>... I do not know if I could have staved them off alone...",
hench_kara,dlg,EntryList/77/Text,0,-1,"Yes, and I apologize for that. Those men, the Disciples of Akhana, can be quite heavy handed in their tactics, and do not think twice about taking life in the name of the Goddess of Death...",
hench_kara,dlg,EntryList/78/Text,0,-1,"Yes, and such would surely have been my fate if you had not been here to assist me. Know that you have my gratitude...",
hench_kara,dlg,EntryList/79/Text,0,-1,"I must flee this place soon, for others of Ghasaran's ilk may be here in the city and this current reprieve will not last long... I fear Ghaarak is no longer safe for me.",
hench_kara,dlg,EntryList/8/Text,0,-1,"<< Activates ""N_TALK_SWITCH"" if ""N_MODULE_STAGE"" is 2. >>",
hench_kara,dlg,EntryList/80/Text,0,-1,"As you wish, m'<lord/lady>. Know that you have my gratitude in driving off Ghasaran and his lackeys. Perhaps we may yet meet again, should the gods see fit for such...",
hench_kara,dlg,EntryList/81/Text,0,-1,"No... no, I suppose you would not. Very well, then. We shall not delay this parting any more than we must...",
hench_kara,dlg,EntryList/82/Text,0,-1,"I thank you, m'<lord/lady>, but some things are better to flee from than to fight. I am grateful for what aid you have already given me but I dare not ask for more...",
hench_kara,dlg,EntryList/83/Text,0,-1,"<StartAction>[Kara's eyes dance nervously around the room.]</Start> There is truly no time for such a tale at the moment, m'<lord/lady>. I must make my escape before more of the Disciples find me!",
hench_kara,dlg,EntryList/84/Text,0,-1,"For now, I bid you farewell, <lad/lass>. Who knows? Perhaps fate shall place our paths along the same road once more, but for the moment, I must flee the city before it is too late...",
hench_kara,dlg,EntryList/85/Text,0,-1,"<StartAction>[Kara waves in farewell, and quickly exits the chamber, leaving you to ponder over these strange events...]</Start>",
hench_kara,dlg,EntryList/86/Text,0,-1,It looks like we have little choice but to fight these fiends now...,
hench_kara,dlg,EntryList/87/Text,0,-1,<StartAction>[You hear Ghasaran's voice booming behind you. A latch closes and you can hear his men barring the door from the inside so no one will interrupt.]</Start>,
hench_kara,dlg,EntryList/88/Text,0,-1,"I knew you would lead us to the witch soon enough, <Race> <man/woman>! We have been closely watching you since our first meeting out in the streets...",
hench_kara,dlg,EntryList/89/Text,0,-1,"<StartAction>[Kara scowls at Ghasaran.]</Start> I should have known that foul stench I smelled upon the air was you, Ghasaran... You don't intend to ever leave me in peace, do you...",
hench_kara,dlg,EntryList/9/Text,0,-1,"Please do speak with Overlord Vhorkas, <FirstName>, so we may escape this city... I do not know how much longer I can take the cries of this city's dead spirits.",
hench_kara,dlg,EntryList/90/Text,0,-1,"<StartAction>[Ghasaran snickers.]</Start> There is nowhere left for you to go, witch! The time has come for you to face your punishment!",
hench_kara,dlg,EntryList/91/Text,0,-1,"<StartAction>[Kara takes hold of your arm to steady herself, and you feel her hand shaking beneath her grasp.]</Start> I don't know exactly how we're going to get out of this one... These fellows are not ones to be trifled with...",
hench_kara,dlg,EntryList/92/Text,0,-1,"You don't understand, do you? These men have no qualms as to killing you as well as me... Believe me, I know... You can either aid me, or you can die by my side...",
hench_kara,dlg,EntryList/93/Text,0,-1,"<StartAction>[Kara shakes her head solemnly.]</Start> If you are not careful, <lad/lass>, your foolishness will cost you your life... but do as you wish. I shall not stand in your way...",
hench_kara,dlg,EntryList/94/Text,0,-1,"<StartAction>[Kara leans in, whispering into your ear.]</Start> If you can distract Ghasaran for a moment, we may be able to surprise them with an attack... I'll use the Blood stone. Hopefully that will be enough...",
hench_kara,dlg,EntryList/95/Text,0,-1,"Thanks... Good luck, <FirstName>... I will wait for the chance to pose itself, then I shall make my strike...",
hench_kara,dlg,EntryList/96/Text,0,-1,"<StartAction>[Kara scowls at you.]</Start>Well, if you hadn't take the Bloodstone I may have been able to subdue them. But now? We are in for a struggle...",
hench_kara,dlg,EntryList/97/Text,0,-1,You... you fool! You led the Disciples of Akhana to me?! Do you have any idea what you have done?!,
hench_kara,dlg,EntryList/98/Text,0,-1,"So what brings you back to my chambers, <lad/lass>? I would have thought our dealings were now finished...",
hench_kara,dlg,EntryList/99/Text,0,-1,"Yes, well, I'm not up for much in the way of pleasantries, so please excuse me...",
hench_kara,dlg,ReplyList/0/Text,0,-1,"No, I work better alone.",
hench_kara,dlg,ReplyList/1/Text,0,-1,"Yes, I would.",
hench_kara,dlg,ReplyList/10/Text,0,-1,"Actually, I'm thinking of choosing someone else...",
hench_kara,dlg,ReplyList/101/Text,0,-1,<StartAction>[Strength] [Tear the stone from Kara's grip.]</Start>,
hench_kara,dlg,ReplyList/103/Text,0,-1,<StartAction>[Offer your arm to give her a bit of support.]</Start>,
hench_kara,dlg,ReplyList/104/Text,0,-1,"Now that you have recovered, Miss Dy'nesh, I must offer my farewell.",
hench_kara,dlg,ReplyList/106/Text,0,-1,<StartAction>[Persuade]</Start> We must send Malgor back to the spirit plane.,
hench_kara,dlg,ReplyList/109/Text,0,-1,Can the Bloodstone dispell the spirit?,
hench_kara,dlg,ReplyList/11/Text,0,-1,Sounds just like what I need. Let's go.,
hench_kara,dlg,ReplyList/110/Text,0,-1,"The spirit was Nelgir's father, murdered by his own hand...",
hench_kara,dlg,ReplyList/111/Text,0,-1,It will not leave unless I return the Bloodstone. ,
hench_kara,dlg,ReplyList/112/Text,0,-1,"Alternatively, I guess I could bring Nelgir to justice...",
hench_kara,dlg,ReplyList/113/Text,0,-1,"To lay it to rest, I must bring Nelgir to justice...",
hench_kara,dlg,ReplyList/114/Text,0,-1,"Not that I remember, but I'm sure I'll find something...",
hench_kara,dlg,ReplyList/115/Text,0,-1,"It died somewhere ""dark and full of a terrible stench...""",
hench_kara,dlg,ReplyList/116/Text,0,-1,Perhaps so but I'll have to investigate this further...,
hench_kara,dlg,ReplyList/117/Text,0,-1,"The spirit was Nelgir's father, murdered by his own hand...",
hench_kara,dlg,ReplyList/118/Text,0,-1,It will not leave unless I return the Bloodstone. ,
hench_kara,dlg,ReplyList/119/Text,0,-1,"Alternatively, I guess I could bring Nelgir to justice...",
hench_kara,dlg,ReplyList/120/Text,0,-1,"To lay it to rest, I must bring Nelgir to justice...",
hench_kara,dlg,ReplyList/121/Text,0,-1,"Not that I remember, but I'm sure I'll find something...",
hench_kara,dlg,ReplyList/122/Text,0,-1,"It died somewhere ""dark and full of a terrible stench...""",
hench_kara,dlg,ReplyList/123/Text,0,-1,Perhaps so but I'll have to investigate this further...,
hench_kara,dlg,ReplyList/124/Text,0,-1,I have found the body of Malgor.,
hench_kara,dlg,ReplyList/126/Text,0,-1,How do you command the dead with such ease?,
hench_kara,dlg,ReplyList/130/Text,0,-1,What exactly does this trance entail?,
hench_kara,dlg,ReplyList/132/Text,0,-1,Not yet. I have other matters to attend to first.,
hench_kara,dlg,ReplyList/133/Text,0,-1,I'll do that. Thank you Miss Dy'nesh.,
hench_kara,dlg,ReplyList/134/Text,0,-1,"Yes, please enter this trance, Kara.",
hench_kara,dlg,ReplyList/137/Text,0,-1,"Tell me why you haunt Nelgir's stand, spirit!",
hench_kara,dlg,ReplyList/138/Text,0,-1,How may I rid your spirit from Nelgir's stand...,
hench_kara,dlg,ReplyList/139/Text,0,-1,What must I do to return you to the Underworld?,
hench_kara,dlg,ReplyList/14/Text,0,-1,"Actually, I don't believe I need to ask anything else right now. Farewell, Kara.",
hench_kara,dlg,ReplyList/141/Text,0,-1,You knew Nelgir in life? Who are you?,
hench_kara,dlg,ReplyList/142/Text,0,-1,I am <FullName>. Who are you?,
hench_kara,dlg,ReplyList/150/Text,0,-1,Silence! I don't take kindly to your threats!,
hench_kara,dlg,ReplyList/152/Text,0,-1,My name's my own business. What brings you here?,
hench_kara,dlg,ReplyList/154/Text,0,-1,My name is <FullName>.,
hench_kara,dlg,ReplyList/156/Text,0,-1,That was quite the blatant theft at the gem shop...,
hench_kara,dlg,ReplyList/158/Text,0,-1,"Fine, but Nelgir's more worried about the ghost than the Bloodstone.",
hench_kara,dlg,ReplyList/159/Text,0,-1,About that spirit you summoned at Nelgir's stand...,
hench_kara,dlg,ReplyList/16/Text,0,-1,Is there anything you can tell me of the Final Initiation?,
hench_kara,dlg,ReplyList/161/Text,0,-1,Why did you steal this Bloodstone in the first place?,
hench_kara,dlg,ReplyList/164/Text,0,-1,Enough lies! Repair the damage you have done immediately!,
hench_kara,dlg,ReplyList/165/Text,0,-1,I intend to see this spirit removed from Nelgir's stand...,
hench_kara,dlg,ReplyList/167/Text,0,-1,"Perhaps Nelgir was being difficult, but that ghost is ruining his business.",
hench_kara,dlg,ReplyList/173/Text,0,-1,Markius wanted me to speak with you.,
hench_kara,dlg,ReplyList/176/Text,0,-1,<StartAction>[Leave.]</Start>,
hench_kara,dlg,ReplyList/177/Text,0,-1,"There's nothing you can do about it now, wench!",
hench_kara,dlg,ReplyList/178/Text,0,-1,Tell me why it's so important and I might give it back.,
hench_kara,dlg,ReplyList/181/Text,0,-1,Not good enough. I'm afraid it's my Bloodstone now.,
hench_kara,dlg,ReplyList/182/Text,0,-1,"Sorry, it's already gone.",
hench_kara,dlg,ReplyList/183/Text,0,-1,"I didn't mean to upset you... Here, have it back...",
hench_kara,dlg,ReplyList/185/Text,0,-1,Please unsummon your undead companion.,
hench_kara,dlg,ReplyList/186/Text,0,-1,I would like for you to summon an undead companion to aid us.,
hench_kara,dlg,ReplyList/188/Text,0,-1,Perhaps we should wait until a more fitting time...,
hench_kara,dlg,ReplyList/19/Text,0,-1,I was curious as to whether you might be able to tell me a bit about the other ShadowGuard members...,
hench_kara,dlg,ReplyList/190/Text,0,-1,"We need the aid, Kara. Please, summon forth your undead minion.",
hench_kara,dlg,ReplyList/195/Text,0,-1,Heal whoever has the most injuries in the party.,
hench_kara,dlg,ReplyList/196/Text,0,-1,I would like you to cast a spell.,
hench_kara,dlg,ReplyList/197/Text,0,-1,OK. I think we're done.,
hench_kara,dlg,ReplyList/198/Text,0,-1,Please summon a creature to aid us in combat.,
hench_kara,dlg,ReplyList/199/Text,0,-1,Please magically enhance yourself.,
hench_kara,dlg,ReplyList/2/Text,0,-1,Not just yet. I want to remain on my own for a while.,
hench_kara,dlg,ReplyList/20/Text,0,-1,"Actually, let me ask you about something else.",
hench_kara,dlg,ReplyList/200/Text,0,-1,Please magically enhance my animal companion.,
hench_kara,dlg,ReplyList/201/Text,0,-1,Please magically enhance my summoned creature.,
hench_kara,dlg,ReplyList/202/Text,0,-1,Please magically enhance my familiar.,
hench_kara,dlg,ReplyList/203/Text,0,-1,Please magically enhance me for battle.,
hench_kara,dlg,ReplyList/205/Text,0,-1,Buff the party up for battle with all your spells!,
hench_kara,dlg,ReplyList/207/Text,0,-1,I would like to manage your inventory.,
hench_kara,dlg,ReplyList/209/Text,0,55683,I feel that we should part paths for the moment.,
hench_kara,dlg,ReplyList/21/Text,0,-1,What do you know of Overlord Vhorkas?,
hench_kara,dlg,ReplyList/210/Text,0,55740,"On second thought, how about staying around for a while?",
hench_kara,dlg,ReplyList/216/Text,0,-1,Could you please not disable traps?,
hench_kara,dlg,ReplyList/217/Text,0,-1,Could you please disable traps?,
hench_kara,dlg,ReplyList/23/Text,0,-1,Can you tell me a bit about Tarin Lightfingers?,
hench_kara,dlg,ReplyList/232/Text,0,-1,Heal me even if there are enemies near you.,
hench_kara,dlg,ReplyList/234/Text,0,-1,Do not heal me if there are enemies near you.,
hench_kara,dlg,ReplyList/25/Text,0,-1,What are your thoughts on Markius Albright?,
hench_kara,dlg,ReplyList/250/Text,0,-1,Let's talk about how you use your combat spells.,
hench_kara,dlg,ReplyList/251/Text,0,-1,"On second thought, don't change the way you are currently handling your spells.",
hench_kara,dlg,ReplyList/252/Text,0,-1,I want you to cast combat spells even when in hand-to-hand combat with the enemy.,
hench_kara,dlg,ReplyList/253/Text,0,-1,I don't want you to cast any spells while you are in hand-to-hand combat with the enemy.,
hench_kara,dlg,ReplyList/254/Text,0,-1,"You're doing fine, but I really want you to conserve your spells. I think you should save them for our tougher foes.",
hench_kara,dlg,ReplyList/255/Text,0,-1,You are wasting your spells. Use them only if the enemy is somewhat challenging.,
hench_kara,dlg,ReplyList/256/Text,0,-1,I think you should be using your spells all the time! Don't refrain from using them unless the enemies's just a joke.,
hench_kara,dlg,ReplyList/257/Text,0,-1,Forget anything I've said before. I want you to trust your instincts as to when to use spells.,
hench_kara,dlg,ReplyList/263/Text,0,-1,Let's talk about your weapon-switching tactics.,
hench_kara,dlg,ReplyList/264/Text,0,-1,I have no further need to change your tactics at this moment.,
hench_kara,dlg,ReplyList/265/Text,0,-1,I don't want you to engage in close-range combat at all. Move away from the enemy if they are too close!,
hench_kara,dlg,ReplyList/266/Text,0,-1,"Be aggressive. If you see enemies getting any closer than 6 meters or so, charge with melee!",
hench_kara,dlg,ReplyList/267/Text,0,-1,"I think you should switch to melee if the enemy is at a medium distance, between 4 and 5 meters away.",
hench_kara,dlg,ReplyList/268/Text,0,-1,"Since you're so good with your missile weapon, wait until the enemy gets relatively close, say less than 3 meters, before you switch to a melee weapon.",
hench_kara,dlg,ReplyList/269/Text,0,-1,I want you to trust your instinct as to when to switch betwen melee and missile weapons.,
hench_kara,dlg,ReplyList/27/Text,0,-1,"I'd like you tell me what you can of Markius Albright, our fearless leader...",
hench_kara,dlg,ReplyList/29/Text,0,-1,I see. Let me ask you about someone else...,
hench_kara,dlg,ReplyList/30/Text,0,-1,You seem to be preparing some sort of ritual... Might I inquire about that?,
hench_kara,dlg,ReplyList/31/Text,0,-1,Er... perhaps you have a point... Let us talk about something else...,
hench_kara,dlg,ReplyList/32/Text,0,-1,"<StartAction>[Persuade]</Start> I... I am sorry about that, Kara... I... I did not know you well at the time... and... and I made a terrible mistake.",
hench_kara,dlg,ReplyList/34/Text,0,-1,"I did not mean to pry, Kara... We... we shall speak on other matters if you wish...",
hench_kara,dlg,ReplyList/35/Text,0,-1,"<StartAction>[Persuade]</Start> Come now, Kara... We are both friends... and I would very much like to know more about you...",
hench_kara,dlg,ReplyList/4/Text,0,-1,"Let's go, Kara.",
hench_kara,dlg,ReplyList/59/Text,0,-1,That's quite the tale... And I am glad to have heard it...,
hench_kara,dlg,ReplyList/60/Text,0,-1,Let me ask you about something else...,
hench_kara,dlg,ReplyList/61/Text,0,-1,"I didn't really have a choice: They attacked me, too...",
hench_kara,dlg,ReplyList/63/Text,0,-1,"An explanation is in order, wouldn't you agree?",
hench_kara,dlg,ReplyList/64/Text,0,-1,Well I wasn't going to let you die.,
hench_kara,dlg,ReplyList/66/Text,0,-1,Then begone and bother me no more!,
hench_kara,dlg,ReplyList/68/Text,0,-1,Do as you wish... I care not...,
hench_kara,dlg,ReplyList/7/Text,0,-1,"Yes, yes... I must be on my way now...",
hench_kara,dlg,ReplyList/70/Text,0,-1,"Stay. You'll have my protection, I promise.",
hench_kara,dlg,ReplyList/72/Text,0,-1,Wait! Why were those men hunting you...,
hench_kara,dlg,ReplyList/80/Text,0,-1,"This is your problem, not mine!",
hench_kara,dlg,ReplyList/81/Text,0,-1,"I think I'll take my chances with Ghasaran... Sorry, Kara...",
hench_kara,dlg,ReplyList/83/Text,0,-1,Any suggestions on what we can do?,
hench_kara,dlg,ReplyList/84/Text,0,-1,I'll see what I can do.,
hench_kara,dlg,ReplyList/87/Text,0,-1,Nothing... just thought I'd stop by to say hello...,
hench_kara,dlg,ReplyList/88/Text,0,-1,<StartAction>[Walk away and leave the woman be.]</Start>,
hench_kara,dlg,ReplyList/89/Text,0,-1,"Some strange men have been asking about you, Kara.",
hench_kara,dlg,ReplyList/9/Text,0,-1,"The pleasure is all mine, Kara.",
hench_kara,dlg,ReplyList/90/Text,0,-1,"There were three of them, all wearing blood-red armor...",
hench_kara,dlg,ReplyList/91/Text,0,-1,But why... why must you go now?,
hench_kara,dlg,ReplyList/98/Text,0,-1,<StartAction>[Leave.]</Start>,
hench_kara,dlg,ReplyList/99/Text,0,-1,<StartAction>[Dexterity] [Seize the Bloodstone while Kara is weak.]</Start>,
hench_lyen,dlg,EntryList/1/Text,0,-1,"I welcome you into the ShadowGuard, my <brother/sister>...",
hench_lyen,dlg,EntryList/10/Text,0,-1,"You should speak with Markius, <FirstName>. He'll know what to do...",
hench_lyen,dlg,EntryList/100/Text,0,-1,"It is simply a story I tell only those closest to me, so please forgive me if I seem a bit rude. Perhaps, in time, I will speak more of this to you, should the time come that I call you my friend.",
hench_lyen,dlg,EntryList/101/Text,0,-1,"I did initially, but Shrak discovered my true intentions. I imagine he will go to great lengths to hide any evidence of his guilt from me, thus my need for your aid in this matter.",
hench_lyen,dlg,EntryList/102/Text,0,-1,"You may be able to convince Shrak to tell you, if his trust can be gained. Shrak is also a bit of a coward, from what I hear, and might be intimidated into giving you the information.",
hench_lyen,dlg,EntryList/103/Text,0,-1,"If you cannot get the information from Shrak personally, you may be able to find some sort of evidence either on his person, or near his merchant stand. ",
hench_lyen,dlg,EntryList/104/Text,0,-1,Very well. I shall await your return here.,
hench_lyen,dlg,EntryList/105/Text,0,-1,<StartAction>[Markius takes the letter from you and reads over it quickly.]</Start> So... It seems Shrak uses two Bloodhawk contacts at the Ravenclaw Tavern to communicate with the rest of their organization.,
hench_lyen,dlg,EntryList/106/Text,0,-1,"You have served your purpose well, <FirstName>. I shall have a chance to finally track down the foul Bloodhawk base within this city...",
hench_lyen,dlg,EntryList/107/Text,0,-1,Have you decided to listen to my offer after all?,
hench_lyen,dlg,EntryList/108/Text,0,-1,"<StartAction>[The man standing before you appears solem and grim, but the glint in his eyes seems to carry an unusual wisdom and strength.]</Start>",
hench_lyen,dlg,EntryList/109/Text,0,-1,"Good <quarterday> to you, young <sir/madam>. I am Markius Albright, a traveller of the Northern Reaches, and I extend my greetings to you.",
hench_lyen,dlg,EntryList/11/Text,0,-1,Death to these unnatural beings!,
hench_lyen,dlg,EntryList/110/Text,0,-1,"Well, I suppose you are not one for formalities, a trait I can relate to. I believe I have a proposal that will interest you, if you will give me a moment of your time.",
hench_lyen,dlg,EntryList/111/Text,0,-1,"<StartAction>[Markius' expression does not visibly change at your insult, but you sense that he is rather unimpressed with your behavior.]</Start> ",
hench_lyen,dlg,EntryList/112/Text,0,-1,"Perhaps I am not so noble as you, <sir/madam>, but I would ask that we speak regarding a matter that may interest you. Will you not take a moment to at least hear my plea?",
hench_lyen,dlg,EntryList/113/Text,0,-1,"Now that the formalities are out of the way, I would speak with you, if you have a moment, regarding a proposal that may benefit both of us.",
hench_lyen,dlg,EntryList/114/Text,0,-1,"Shall you not at least hear me out before refusing my proposal? It can do little harm to listen to my words, and you may always turn it down, if you so desire.",
hench_lyen,dlg,EntryList/115/Text,0,-1,"<StartAction>[Markius gives you a disapproving look, but seems to relent in his persistence.]</Start> So be it, then. If you change your mind later, please do come by and speak with me.",
hench_lyen,dlg,EntryList/116/Text,0,-1,"It has come to my attention that a group of slavers, part of a broader organization known as the Bloodhawks, has set up a base somewhere here in Ghaarak.",
hench_lyen,dlg,EntryList/117/Text,0,-1,"These foul criminals have been collecting their victims from the people of the Market District, to later be sent north and sold into a life of cruel servitude. I would like for you to aid me in bringing an end to their activity in this city.",
hench_lyen,dlg,EntryList/118/Text,0,-1,<StartAction>[Markius' face stiffens with grim resolve.]</Start> It is just this sort of attitude that has allowed the Bloodhawks to operate for as long as they have!,
hench_lyen,dlg,EntryList/119/Text,0,-1,"Still, I am in need of assistance, and I am willing to pay for your aid in this matter. Perhaps gold will prove enough to warm your heart to the plight of Ghaarak's people?",
hench_lyen,dlg,EntryList/12/Text,0,-1,The Crimson Prophet must be stopped!,
hench_lyen,dlg,EntryList/120/Text,0,-1,"<StartAction>[Markius frowns at your words.]</Start> I would hope that your duty as an Imperial citizen would prove strong enough to desire an end to such activity in Ghaarak. But if you need further motivation, I am willing to reward your efforts.",
hench_lyen,dlg,EntryList/121/Text,0,-1,"It is reassuring to know that you will stand against such a disgusting practice. Do not worry, the task I wish you to perform is a minor one and I shall reward you for your service.",
hench_lyen,dlg,EntryList/122/Text,0,-1,"I am willing to pay you 100 gold pieces if you help me discover the location of the Bloodhawk's base here in Ghaarak. Once I have this information, I will take care of the Bloodhawks personally.",
hench_lyen,dlg,EntryList/123/Text,0,-1,"That is your choice to make, but should you change your mind later I will be here waiting. ",
hench_lyen,dlg,EntryList/124/Text,0,-1,"<StartAction>[Markius' eyes can barely contain his distaste for your actions.]</Start> A mercenary, then? So be it. If that is the price you place upon freedom, I shall reward you with such.",
hench_lyen,dlg,EntryList/125/Text,0,-1,"That is quite noble of you, <sir/madam>. I am pleased to see that you are as concerned as I am by this unlawful practice.",
hench_lyen,dlg,EntryList/126/Text,0,-1,"One of this district's merchants, a dark fellow named Shrak, is rumored to have dealings with the Bloodhawks. I believe he may know the location of the slaver base here in the city.",
hench_lyen,dlg,EntryList/127/Text,0,-1,"Oh... did he, now... I was hoping he wouldn't be so forward. Nevertheless, it is a pleasure to make your acquaintance.",
hench_lyen,dlg,EntryList/128/Text,0,-1,"<FirstName>, we must hurry from this place. I must aid Harkon in his attempt to stop the Crimson Prophet's escape...",
hench_lyen,dlg,EntryList/129/Text,0,-1,"<< Set owner's journal quest to ""JT_PREL_LYEN"" >>",
hench_lyen,dlg,EntryList/13/Text,0,-1,"Shall we be on our way to the Docks once more, <FirstName>?",
hench_lyen,dlg,EntryList/130/Text,0,-1,"<< Activates ""N_TALK_SWITCH"" if ""N_MODULE_STAGE"" is 0. >>",
hench_lyen,dlg,EntryList/131/Text,0,-1,"<< This conversation node does nothing but reset the variable ""N_TALK_SWITCH"" >>",
hench_lyen,dlg,EntryList/132/Text,0,56145,"What do you wish of me, <FirstName>?",
hench_lyen,dlg,EntryList/134/Text,0,-1,"As you wish, <FirstName>.",
hench_lyen,dlg,EntryList/135/Text,0,-1,"As you wish, <FirstName>. I hope that we may continue to work with one another at a later time, and I bid you a fond farewell.",
hench_lyen,dlg,EntryList/136/Text,0,-1,"Should you decide that you do indeed need my aid, you may find me within the Imperial Academy. Farewell, and good luck.",
hench_lyen,dlg,EntryList/137/Text,0,-1,"I ask that you remain at my side for the moment, <FirstName>... at least until we have solved the matter of the Bloodhawks. Come. Let us finish this foul business quickly...",
hench_lyen,dlg,EntryList/138/Text,0,-1,"<< Set owner's journal quest to ""JT_PREL_LYEN"" >>",
hench_lyen,dlg,EntryList/139/Text,0,-1,"<< Activates ""N_TALK_SWITCH"" if ""N_MODULE_STAGE"" is 0. >>",
hench_lyen,dlg,EntryList/14/Text,0,-1,"As you wish, <FirstName>. Be wary of danger, and know I shall await your return here, should you need my assistance further.",
hench_lyen,dlg,EntryList/140/Text,0,56146,"My services are at your command, <FirstName>.",
hench_lyen,dlg,EntryList/141/Text,0,-1,"Very well, <FirstName>.",
hench_lyen,dlg,EntryList/142/Text,0,-1,"Very well, <FirstName>.",
hench_lyen,dlg,EntryList/143/Text,0,56186,"Fine, as shall leave such things to you.",
hench_lyen,dlg,EntryList/15/Text,0,-1,"Markius wishes to speak you, <lad/lass>. It seems Ghaarak is no longer safe for you...",
hench_lyen,dlg,EntryList/150/Text,0,-1,I will try to heal you even if I am being attacked at close range.,
hench_lyen,dlg,EntryList/151/Text,0,-1,"Very well, I will heal you only if I am not in hand-to-hand combat.",
hench_lyen,dlg,EntryList/152/Text,0,56180,As you wish.,
hench_lyen,dlg,EntryList/154/Text,0,56174,"I do hope you are not trying tell me something, but I shall do as you wish.",
hench_lyen,dlg,EntryList/157/Text,0,62539,I can do that. When the combat begins I'll rush in and use melee weapons.,
hench_lyen,dlg,EntryList/158/Text,0,62540,Of course. When the combat begins I'll stay back and attack with my ranged weapons from a distance. I'll switch weapons if the enemies get too close.,
hench_lyen,dlg,EntryList/159/Text,0,-1,What would you like me to do?,
hench_lyen,dlg,EntryList/16/Text,0,-1,"<StartAction>[The tall, grim man standing before you appears expressionless as you approach.]</Start>",
hench_lyen,dlg,EntryList/160/Text,0,-1,Very well. I will avoid melee combat unless I am cornered.,
hench_lyen,dlg,EntryList/161/Text,0,-1,"As you wish, <FirstName>.",
hench_lyen,dlg,EntryList/162/Text,0,-1,"That may be hard to judge, but I shall do my best.",
hench_lyen,dlg,EntryList/163/Text,0,-1,"Very well, I'll wait until the last possible moment.",
hench_lyen,dlg,EntryList/164/Text,0,-1,Very well. I will do what I feel is best.,
hench_lyen,dlg,EntryList/17/Text,0,-1,"Markius Albright, at your service. Would you care to have me accompany you to the docks? My talents lie in subterfuge and deceit, but I do not shirk from combat either...",
hench_lyen,dlg,EntryList/18/Text,0,-1,Very well then. I shall remain here should you change your mind.,
hench_lyen,dlg,EntryList/19/Text,0,-1,"I shall do all I can to ensure your safety, <FirstName>. Come, let us be on our path...",
hench_lyen,dlg,EntryList/2/Text,0,-1,Would you like some help in your mission?,
hench_lyen,dlg,EntryList/20/Text,0,-1,"<< Set owner's journal quest to ""JT_ST_1_MAIN"" >>",
hench_lyen,dlg,EntryList/21/Text,0,-1,"<< Set owner's journal quest to ""JT_PREL_LYEN"" >>",
hench_lyen,dlg,EntryList/22/Text,0,-1,"Markius wishes to speak you, <lad/lass>. It seems Ghaarak is no longer safe for you...",
hench_lyen,dlg,EntryList/23/Text,0,-1,<StartAction>[The tall man standing before you bows at your approach.]</Start>,
hench_lyen,dlg,EntryList/24/Text,0,-1,"I extend my greetings to you, <FirstName>, <CUSTOM6001> of Okaris <LastName>. I am Markius Albright, and I stand at your service.",
hench_lyen,dlg,EntryList/25/Text,0,-1,"So, it seems we meet again, <FirstName>. Markius Albright, at your service.",
hench_lyen,dlg,EntryList/26/Text,0,-1,"I was with a companion of mine, a sorcerer named Harkon, on business here in the Imperial District. We were trapped within this district when the Grand Hall was overtaken...",
hench_lyen,dlg,EntryList/27/Text,0,-1,"<StartAction>[Markius' eyes darken.]</Start> Harkon has gone to the Grand Hall, in an attempt to free the Market District gates from the sorceries surrounding them.",
hench_lyen,dlg,EntryList/28/Text,0,-1,"I must say I am worried for his safety, though, for he has now been gone quite some time. ",
hench_lyen,dlg,EntryList/29/Text,0,-1,"<< Set owner's journal quest to ""JT_PREL_LYEN"" >>",
hench_lyen,dlg,EntryList/3/Text,0,-1,As you wish.,
hench_lyen,dlg,EntryList/30/Text,0,-1,Would you care for me to join you?,
hench_lyen,dlg,EntryList/31/Text,0,-1,Good. Let us be on our way.,
hench_lyen,dlg,EntryList/32/Text,0,-1,"You seem a bit preoccupied with your current companion, <FirstName>. It appears to me as though you have all the assistance you need for now. Should that change, though, do seek me out again.",
hench_lyen,dlg,EntryList/33/Text,0,-1,"Farewell to you, <FirstName>. I wish you luck.",
hench_lyen,dlg,EntryList/34/Text,0,-1,"<StartAction>[Markius Albright stands quietly, lost in thought, before a painting of a family. At the sound of your approaching footsteps, however, he turns quickly towards you.]</Start> Greetings, <FirstName>.",
hench_lyen,dlg,EntryList/35/Text,0,-1,May I ask what business it is you wish to discuss with me?,
hench_lyen,dlg,EntryList/36/Text,0,-1,"<StartAction>[Markius nods.]</Start> As you wish, <FirstName>. Feel free to return to me any time you wish to talk further.",
hench_lyen,dlg,EntryList/37/Text,0,-1,"<StartAction>[Markius nods somberly, his eyes seeming to drift back to some old memory.]</Start> The Final Initiation... There is little I can say regarding it, for it changes for each of us...",
hench_lyen,dlg,EntryList/38/Text,0,-1,"Know that Rakha will want to test your loyalty to Him, and you should expect to be faced with demons from your past. The Great Savior will want to know that He can place His unwavering trust in you...",
hench_lyen,dlg,EntryList/39/Text,0,-1,"Beyond that, merely keep your wits about you, and trust to instinct. You will have to be your own guide through the trial, but so long as you stay true to yourself, you should have little trouble completing Rakha's tasks...",
hench_lyen,dlg,EntryList/4/Text,0,-1,"Very good, <mister/missus> <LastName>",
hench_lyen,dlg,EntryList/40/Text,0,-1,"I must warn you that I do not pry often into the lives of my companions, but you may ask as you will. I shall try to answer your questions as best I can...",
hench_lyen,dlg,EntryList/41/Text,0,-1,"The Overlord has proved his worth to us time and again, and he keeps our operations running smoothly. The ShadowGuard owes its existence to Overlord Vhorkas, and for that, we must give him respect. ",
hench_lyen,dlg,EntryList/42/Text,0,-1,"I have noticed, however, that Vhorkas ensures he knows a great deal regarding each of our pasts. He is a cunning man, and I often feel as though he uses his knowledge to manipulate us to his own ends...",
hench_lyen,dlg,EntryList/43/Text,0,-1,"I respect the Halfling's cunning ways, and he uses his wits well. He and I have taught one another a great many tricks in subterfuge, and for that, I am grateful to have him at my side.",
hench_lyen,dlg,EntryList/44/Text,0,-1,"However, I must say I do not care for Tarin's constant foolishness. His love of the card tables has often brought us into danger, and I would see him use more discretion in his activities...",
hench_lyen,dlg,EntryList/45/Text,0,-1,"Kara and I both prefer our own company to that of others, but beyond that, we have little in common. She comes from a life of nobility and wealth, whereas I know only the ways of the wild...",
hench_lyen,dlg,EntryList/46/Text,0,-1,"Kara's charms cannot be underestimated, and do not let her fool you. She fully understands the power her beauty grants over men, and uses it to her advantage, when the need arises...",
hench_lyen,dlg,EntryList/47/Text,0,-1,"Markius is a fine leader to us, capable in both his role as our captain and among the front ranks of battle. He may be stern, taking his duties quite seriously, but I must confess I respect that in a leader...",
hench_lyen,dlg,EntryList/48/Text,0,-1,"He and I do not often perform our tasks in a similar fashion, but I would gladly stand by Markius in any battle. You can always count on Markius to stand loyally at your side...",
hench_lyen,dlg,EntryList/49/Text,0,-1,"<StartAction>[At first, it seems Markius has not heard your words, his gaze drawn back to the picture before him. Finally, however, he begins to speak...]</Start>",
hench_lyen,dlg,EntryList/5/Text,0,-1,"<< Activates ""N_TALK_SWITCH"" if ""N_MODULE_STAGE"" is 9. USING THIS FOR TESTING AT THE MOMENT! >>",
hench_lyen,dlg,EntryList/50/Text,0,-1,"My past... my past is a difficult story for me to tell, <FirstName>. It... it has left many scars, many which have never healed completely...",
hench_lyen,dlg,EntryList/51/Text,0,-1,"<StartAction>[A sad expression comes over Markius' face.]</Start> I know you do not mean your words, <FirstName>, but they cut deeply none the same. Still, you have lost your father... not so long ago, and I suppose it should be expected...",
hench_lyen,dlg,EntryList/52/Text,0,-1,"It... it is alright, <FirstName>. Perhaps... perhaps I have kept this to myself for far too long... it is good... good to speak of it for a change...",
hench_lyen,dlg,EntryList/53/Text,0,-1,"<StartAction>[Markius' eyes moisten slightly as he runs his hand along the happy faces upon the portrait's surface.]</Start> This was once my family, <FirstName>... and a happy family it was...",
hench_lyen,dlg,EntryList/54/Text,0,-1,"<StartAction>[You look upon the picture to see broad smiles upon the faces of a simple man and woman. Below them sit two children, a young girl and a adolescent, lanky boy who could only be Markius himself...]</Start>",
hench_lyen,dlg,EntryList/55/Text,0,-1,"We were a simple people, <FirstName>, ranchers of the Northern Reaches. Wealth meant little to us, for we had happiness in each other's company, living far away from the deceptions and debauchery of the civilized world...",
hench_lyen,dlg,EntryList/56/Text,0,-1,"That all changed twelve years ago... on my sister's seventh birthday. A group of men claiming to be travelling merchants came to our door, seeking shelter. My father, a gracious man, allowed them room and board.",
hench_lyen,dlg,EntryList/57/Text,0,-1,"It was only that night that we came to learn of the men's treachery. They were Bloodhawks, savage slavers sailing the coasts in search of defenseless people to abduct...",
hench_lyen,dlg,EntryList/58/Text,0,-1,"My mother and father were deemed too old to be of use, and the slavers savagely butchered them... right in front of the eyes of my sister and me...",
hench_lyen,dlg,EntryList/59/Text,0,-1,"My sister was taken to the Bloodhawks' ship, for they deemed her to be a good sale as a future house maiden for some noble lord. That was the last time I ever saw her...",
hench_lyen,dlg,EntryList/6/Text,0,-1,"<< Set owner's journal quest to ""JT_ST_2_MAIN"" >>",
hench_lyen,dlg,EntryList/60/Text,0,-1,I was turned over into the custody of the man who ordered the attack on my family... a Bloodhawk by the name of Jhordak...,
hench_lyen,dlg,EntryList/61/Text,0,-1,"For many years, he forced me to serve as a slave upon his ships, sailing from town to town to collect more innocents for their vile trade. He was a cruel overseer, and every night I dreamed of making him pay for his deeds.",
hench_lyen,dlg,EntryList/62/Text,0,-1,"After spending several years under the Bloodhawks' eye, I saw a chance to escape. We were docked far to the north of here, and in the still of the night, I sneaked upon the ship guard, slicing his throat and fleeing into town.",
hench_lyen,dlg,EntryList/63/Text,0,-1,"The Bloodhawks never searched for me, for I was only a boy, and not of much consequence to them. I, however, made a vow to have my revenge against those who had destroyed my past...",
hench_lyen,dlg,EntryList/64/Text,0,-1,"For the last six years, I have hunted the Bloodhawks ruthlessly, slaying all I find. In fact, that is how I came to meet Overlord Vhorkas and the ShadowGuard...",
hench_lyen,dlg,EntryList/65/Text,0,-1,"The ShadowGuard were seeking to route the Bloodhawks' bases from the Sharakhan Empire, and during the course of one of their operations, I aided them in finding their prey.",
hench_lyen,dlg,EntryList/66/Text,0,-1,"I suppose the Overlord was pleased with my performance, for afterwards he offered to bring me here. I promised to aid his tasks, so long as he aided me in ending the vile trade of slavery forever.",
hench_lyen,dlg,EntryList/67/Text,0,-1,"I have since sought out the Bloodhawks wherever our destiny takes us, and I finally had my revenge against Jhordak in Ghaarak. I had thought his death would bring me a bit of peace... but I must confess it has not...",
hench_lyen,dlg,EntryList/68/Text,0,-1,"I still wonder what became of my sister... perhaps she still remains a slave to the Bloodhawks' will, an unwilling prisoner in some noble's house...",
hench_lyen,dlg,EntryList/69/Text,0,-1,"<StartAction>[Makrius' eyes flinch slightly.]</Start> Per... perhaps you're right, <FirstName>. I... I should not let me hopes get so high...",
hench_lyen,dlg,EntryList/7/Text,0,-1,"<< Activates ""N_TALK_SWITCH"" if ""N_MODULE_STAGE"" is 2. >>",
hench_lyen,dlg,EntryList/70/Text,0,-1,<StartAction>[Markius' nods his head.]</Start> I must keep trying... it... it is all I have left...,
hench_lyen,dlg,EntryList/71/Text,0,-1,"<StartAction>[Makius gives you a soft smile.]</Start> Thank you, <FirstName>. Your words mean a great deal to me. And... and it was good to talk of these matters...",
hench_lyen,dlg,EntryList/72/Text,0,-1,"I thank you for taking the time to hear my story, <FirstName>, but I must ask you to leave my chambers now. I... I need some time alone...",
hench_lyen,dlg,EntryList/73/Text,0,-1,"<StartAction>[Markius bows his head low before the portrait of his family, oblivious to your presence. You decide it would probably be a good time to leave him in peace...]</Start>",
hench_lyen,dlg,EntryList/74/Text,0,-1,"<StartAction>[Markius' mouth draws tight, and several tears fall silently upon the smooth surface of his family painting.]</Start>",
hench_lyen,dlg,EntryList/75/Text,0,-1,"<< Set owner's journal quest to ""JT_ST_1_MAIN"" >>",
hench_lyen,dlg,EntryList/76/Text,0,-1,"<< Activates ""N_TALK_SWITCH"" if ""N_MODULE_STAGE"" is 1. >>",
hench_lyen,dlg,EntryList/77/Text,0,-1,"<StartAction>[Markius looks upon you, his expression drawn in troubled thought.]</Start> Finally, it is over... Jhordak has met his doom...",
hench_lyen,dlg,EntryList/78/Text,0,-1,"<StartAction>[Markius gives you a disapproving glare.]</Start> Since you aided me in defeating Jhordak, I shall forgive your greed... this time. I hope in time you shall learn to think of someone other than yourself, however...",
hench_lyen,dlg,EntryList/79/Text,0,-1,"As am I, <FirstName>, as am I. No one should be subjected to the horrors of the Bloodhawks' crimes...",
hench_lyen,dlg,EntryList/8/Text,0,-1,You should speak with Overlord Vhorkas.,
hench_lyen,dlg,EntryList/80/Text,0,-1,"<StartAction>[Markius gives you a solemn nod.]</Start> And I thank you for it, <lad/lass>. Know that you have my eternal gratitude for your aid in this matter.",
hench_lyen,dlg,EntryList/81/Text,0,-1,"Some fellow travelers have made the journey north with me and are boarding at the Tavern: Kara Dy'nesh and Tarin Lightfingers. Perhaps you have met them already. If not, I recommend you seek them out and make their acquaintance.",
hench_lyen,dlg,EntryList/82/Text,0,-1,"Rakha's blessing upon you, <FirstName>... I wish we could speak further but I need to be alone with my thoughts for now... We will meet again, you have my word.",
hench_lyen,dlg,EntryList/83/Text,0,-1,"<StartAction>[With that, Markius Albright turns and leaves, his form disappearing in the dark reaches underneath the city of Ghaarak...]</Start>",
hench_lyen,dlg,EntryList/84/Text,0,-1,"We should set off as quickly as we can to confront the Bloodhawks at the Ravenclaw Tavern, and see if we may discern the location of their slaver base...",
hench_lyen,dlg,EntryList/85/Text,0,-1,"Come, <FirstName>. Together, you and I shall go to the Ravenclaw Tavern, and face these criminals side by side...",
hench_lyen,dlg,EntryList/86/Text,0,-1,"Lead the way, <FirstName>... for you are more knowledgeable of this city than I. Rest assured that I will stand ready to aid you as needed...",
hench_lyen,dlg,EntryList/87/Text,0,-1,"You seem to be occupied with another companion at the moment, <FirstName>. Why don't you finish your business with them, and return to me when you find yourself a bit more available?",
hench_lyen,dlg,EntryList/88/Text,0,-1,"You have done much for me already, <FirstName>. However, I have learned that Bloodhawks have thrived here and have a much larger force then I anticipated...",
hench_lyen,dlg,EntryList/89/Text,0,-1,"I fear that I alone would have little success striking against these slavers, for they are likely well armed and dangerous. I will still attempt to drive them out but I need help.",
hench_lyen,dlg,EntryList/9/Text,0,-1,"There will be time for conversation when we are away from Ghaarak, <FirstName>...",
hench_lyen,dlg,EntryList/90/Text,0,-1,"Would you be willing to lend me some assistance and help track down these slavers? Together, we could put an end to their trade once and for all.",
hench_lyen,dlg,EntryList/91/Text,0,-1,"<StartAction>[Markius seems disappointed by your answer, but nods his head.]</Start> As you wish, <lad/lass>. If you decide differently later, speak with me again.",
hench_lyen,dlg,EntryList/92/Text,0,-1,"Is that all you care about, <FirstName>? I have nothing left to offer as a reward, but if all you desire is wealth, I'm sure there will be a fair share in the Bloodhawks' den. Would that be enough to sate your thirst for gold?",
hench_lyen,dlg,EntryList/93/Text,0,-1,"I would, but I fear I alone would be of little use against the Bloodhawks. I need your aid to bring justice to these slavers.",
hench_lyen,dlg,EntryList/94/Text,0,-1,"I'm glad to hear it, <FirstName>. You are a good <man/woman>, and I won't forget what you have done for me.",
hench_lyen,dlg,EntryList/95/Text,0,-1,Have you brought any news regarding the Bloodhawk's base?,
hench_lyen,dlg,EntryList/96/Text,0,-1,"I suggest you seek out Shrak, and see what you may learn from him. If he truly has been assisting the Bloodhawks, I believe he will have the information I seek.",
hench_lyen,dlg,EntryList/97/Text,0,-1,"<StartAction>[Markius seems a bit surprised by your question.]</Start> Well, apart from a general distaste for the practice of slavery, I have... personal reasons... for seeing the Bloodhawks meet a fitting fate.",
hench_lyen,dlg,EntryList/98/Text,0,-1,"<StartAction>[Markius' jaw clenches, as he recalls an unwelcome memory.]</Start> No, not now. Perhaps if I get the chance to know you better, but that is a tale I do not wish to relate it at the moment.",
hench_lyen,dlg,EntryList/99/Text,0,-1,"I do not yet consider you a, <FirstName>, so I will wait for another to aid me. If you change your mind and let this matter drop, return to me when you have the information I seek.
",
hench_lyen,dlg,ReplyList/0/Text,0,-1,"No, I work better alone.",
hench_lyen,dlg,ReplyList/1/Text,0,-1,"Yes, I would.",
hench_lyen,dlg,ReplyList/101/Text,0,-1,Two of their operatives are staying at the Ravenclaw Tavern...,
hench_lyen,dlg,ReplyList/102/Text,0,-1,Two of their operatives are staying at the Ravenclaw Tavern...,
hench_lyen,dlg,ReplyList/105/Text,0,-1,<StartAction>[Remain silent.]</Start>,
hench_lyen,dlg,ReplyList/106/Text,0,-1,How may I help you?,
hench_lyen,dlg,ReplyList/107/Text,0,-1,Why should I concern myself with you? You seem little more than a petty thug...,
hench_lyen,dlg,ReplyList/109/Text,0,-1,Pleased to meet you. I'm <FullName>.,
hench_lyen,dlg,ReplyList/11/Text,0,-1,"A pleasure to meet you, Markius... but I must ask how you know my name...",
hench_lyen,dlg,ReplyList/110/Text,0,-1,I'm a busy <man/woman> and I have no time for frivolous matters!,
hench_lyen,dlg,ReplyList/111/Text,0,-1,Enough of your ramblings! I have no desire to deal with you!,
hench_lyen,dlg,ReplyList/113/Text,0,-1,"Very well, what do you need?",
hench_lyen,dlg,ReplyList/114/Text,0,-1,"What do you wish to discuss, Markius?",
hench_lyen,dlg,ReplyList/116/Text,0,-1,"So long as they do not disturb me, I could care less what they do.",
hench_lyen,dlg,ReplyList/119/Text,0,-1,Why should I be concerned with these people?,
hench_lyen,dlg,ReplyList/12/Text,0,-1,Markius... what are you doing here?,
hench_lyen,dlg,ReplyList/121/Text,0,-1,I may be willing to help you... if the price is right.,
hench_lyen,dlg,ReplyList/122/Text,0,-1,I would gladly help you. What would you have me do?,
hench_lyen,dlg,ReplyList/124/Text,0,-1,Forget it. If it's Bloodhawk business then it isn't mine.,
hench_lyen,dlg,ReplyList/126/Text,0,-1,"Make it 200 gold, and you have yourself a deal.",
hench_lyen,dlg,ReplyList/128/Text,0,-1,"I will aid you, but no reward is needed.",
hench_lyen,dlg,ReplyList/13/Text,0,-1,And where is this Harkon now?,
hench_lyen,dlg,ReplyList/130/Text,0,-1,"Fair enough, I will assist you.",
hench_lyen,dlg,ReplyList/132/Text,0,-1,Markius? You must be the one Instructor Jarvis sent me to meet.,
hench_lyen,dlg,ReplyList/134/Text,0,-1,I would like to manage your inventory.,
hench_lyen,dlg,ReplyList/136/Text,0,55683,I feel that we should part paths for the moment.,
hench_lyen,dlg,ReplyList/142/Text,0,-1,Could you please not disable traps?,
hench_lyen,dlg,ReplyList/143/Text,0,-1,Could you please disable traps?,
hench_lyen,dlg,ReplyList/15/Text,0,-1,Not right now.,
hench_lyen,dlg,ReplyList/158/Text,0,-1,Heal me even if there are enemies near you.,
hench_lyen,dlg,ReplyList/16/Text,0,-1,"Yes, I would like that.",
hench_lyen,dlg,ReplyList/160/Text,0,-1,Do not heal me if there are enemies near you.,
hench_lyen,dlg,ReplyList/180/Text,0,-1,Let's talk about your weapon-switching tactics.,
hench_lyen,dlg,ReplyList/181/Text,0,-1,I have no further need to change your tactics at this moment.,
hench_lyen,dlg,ReplyList/182/Text,0,-1,I don't want you to engage in close-range combat at all. Move away from the enemy if they are too close!,
hench_lyen,dlg,ReplyList/183/Text,0,-1,"Be aggressive. If you see enemies getting any closer than 6 meters or so, charge with melee!",
hench_lyen,dlg,ReplyList/184/Text,0,-1,"I think you should switch to melee if the enemy is at a medium distance, between 4 and 5 meters away.",
hench_lyen,dlg,ReplyList/185/Text,0,-1,"Since you're so good with your missile weapon, wait until the enemy gets relatively close, say less than 3 meters, before you switch to a melee weapon.",
hench_lyen,dlg,ReplyList/186/Text,0,-1,I want you to trust your instinct as to when to switch betwen melee and missile weapons.,
hench_lyen,dlg,ReplyList/2/Text,0,-1,Not right now. You stay here.,
hench_lyen,dlg,ReplyList/20/Text,0,-1,I don't have much to talk about at the moment. Perhaps we can speak later.,
hench_lyen,dlg,ReplyList/22/Text,0,-1,Do you have any advice for me regarding the Final Initiation?,
hench_lyen,dlg,ReplyList/25/Text,0,-1,I see. Let me ask you about something else...,
hench_lyen,dlg,ReplyList/26/Text,0,-1,I would like to speak with you regarding the other members of the ShadowGuard...,
hench_lyen,dlg,ReplyList/27/Text,0,-1,"Actually, I'd like to discuss something else...",
hench_lyen,dlg,ReplyList/28/Text,0,-1,What do you make of Overlord Vhorkas?,
hench_lyen,dlg,ReplyList/30/Text,0,-1,How do you feel about Tarin Lightfingers?,
hench_lyen,dlg,ReplyList/32/Text,0,-1,What are your thoughts on Kara Dy'nesh?,
hench_lyen,dlg,ReplyList/34/Text,0,-1,I would like to know more about Markius Albright...,
hench_lyen,dlg,ReplyList/36/Text,0,-1,I see... Let me ask you about another of the ShadowGuard members...,
hench_lyen,dlg,ReplyList/37/Text,0,-1,I was hoping I might be able to speak to you regarding your past... I know so little of about you...,
hench_lyen,dlg,ReplyList/39/Text,0,-1,Must I listen to this self-pity for much longer?! Out with your story already!,
hench_lyen,dlg,ReplyList/4/Text,0,-1,"Let's go, Markius.",
hench_lyen,dlg,ReplyList/40/Text,0,-1,"I... I did not mean to intrude into affairs which trouble you, Markius...",
hench_lyen,dlg,ReplyList/42/Text,0,-1,I take it this has something to do with the family in that portrait?,
hench_lyen,dlg,ReplyList/48/Text,0,-1,What happened to you and your sister?,
hench_lyen,dlg,ReplyList/58/Text,0,-1,Or perhaps she's dead... There's no sense worrying over such nonsense!,
hench_lyen,dlg,ReplyList/59/Text,0,-1,"If she's still alive, I'm sure you'll find her, Markius...",
hench_lyen,dlg,ReplyList/6/Text,0,-1,"Actually, I'm thinking of choosing someone else...",
hench_lyen,dlg,ReplyList/60/Text,0,-1,"I will help you find her, Markius. Know that you shall always have my aid...",
hench_lyen,dlg,ReplyList/64/Text,0,-1,"That's horrible, Markius! I... I'm so sorry...",
hench_lyen,dlg,ReplyList/66/Text,0,-1,Yes and it's time you reward me for my help.,
hench_lyen,dlg,ReplyList/68/Text,0,-1,I'm just glad to see Ghaarak free of slavers.,
hench_lyen,dlg,ReplyList/70/Text,0,-1,"I was glad to be of help, Markius...",
hench_lyen,dlg,ReplyList/8/Text,0,-1,Sounds just like what I need. Let's go.,
hench_lyen,dlg,ReplyList/81/Text,0,-1,"I've done what I can, Markius. You're on your own.",
hench_lyen,dlg,ReplyList/83/Text,0,-1,I might be willing to help if the price was right.,
hench_lyen,dlg,ReplyList/84/Text,0,-1,Why don't you go yourself?,
hench_lyen,dlg,ReplyList/85/Text,0,-1,"Yes, I will aid you.",
hench_lyen,dlg,ReplyList/86/Text,0,-1,I would be glad to help put an end to these Bloodhawks.,
hench_lyen,dlg,ReplyList/88/Text,0,-1,"No, not yet.",
hench_lyen,dlg,ReplyList/89/Text,0,-1,Why are you so adamant about stopping these slavers?,
hench_lyen,dlg,ReplyList/90/Text,0,-1,Perhaps you should tell me these reasons.,
hench_lyen,dlg,ReplyList/91/Text,0,-1,"Either you tell me, or I shall not aid you.",
hench_lyen,dlg,ReplyList/93/Text,0,-1,Fair enough. I did not mean to intrude.,
hench_lyen,dlg,ReplyList/94/Text,0,-1,Why haven't you confronted Shrak yourself?,
hench_lyen,dlg,ReplyList/95/Text,0,-1,How do you suggest I get this information from Shrak?,
hench_lyen,dlg,ReplyList/97/Text,0,-1,I'll see what I can find regarding the Bloodhawks.,
hench_lyen,dlg,ReplyList/99/Text,0,-1,I found this letter in Shrak's possession.,
hench_mark,dlg,EntryList/1/Text,0,-1,"I welcome you into the ShadowGuard, my <brother/sister>...",
hench_mark,dlg,EntryList/10/Text,0,-1,"Please speak with Overlord Vhorkas, <FirstName>. He must have words with you before we depart.",
hench_mark,dlg,EntryList/100/Text,0,-1,"We have little time for words at the moment, <FirstName>! Come! Let us finish off the foul followers of the Crimson Prophet, then we may speak further!",
hench_mark,dlg,EntryList/101/Text,0,-1,"<StartAction>[Kneeling before a towering statue of Emperor Rakha, Markius Albright is lost in his meditations...]</Start> ",
hench_mark,dlg,EntryList/102/Text,0,-1,"<StartAction>[Still oblivious to your presence, Markius intones the Oath of Servility.]</Start> May Rakha be my blade, may He always guide my hand... May Rakha be my shield, may I never falter in His service... ",
hench_mark,dlg,EntryList/103/Text,0,-1,"May Rakha be my guide, may He always light my path... May Rakha be my lord, may I never fail His purpose... ",
hench_mark,dlg,EntryList/104/Text,0,-1,"<StartAction>[As Markius finishes his prayer to the Almighty Rakha, he opens his eyes and finally takes notice of your presence.]</Start>",
hench_mark,dlg,EntryList/105/Text,0,-1,"<StartAction>[Turning his steely gaze towards you, Markius bows deeply before you.]</Start> Greetings, <FullName>, and well met. May Rakha find this meeting to His welcome.",
hench_mark,dlg,EntryList/106/Text,0,-1,"What business do you wish to discuss with me, <FirstName>?",
hench_mark,dlg,EntryList/107/Text,0,-1,"<StartAction>[Markius nods, bows in farewell, and returns to his meditations.]</Start>",
hench_mark,dlg,EntryList/108/Text,0,-1,<StartAction>[Markius' eyes grow grim.]</Start> The Final Initiation... that is a trial that you will likely find us all to be hesitant to tell... But I suppose you should have some warning of what to expect...,
hench_mark,dlg,EntryList/109/Text,0,-1,"The trial is different for each of us, drawing upon our own strengths and weaknesses. But rest assured that Emperor Rakha will ensure you are capable of standing next to the ShadowGuard with both honor and dignity.",
hench_mark,dlg,EntryList/11/Text,0,-1,"We will have time to speak further once we reach safety! For now, we must get to the Voyager... Come, <FirstName>, we must hurry!",
hench_mark,dlg,EntryList/110/Text,0,-1,"Beyond that, I'm afraid there is little more that I can tell you. Trust in your skills and your faith to the Almighty Rakha, and you should do well enough...",
hench_mark,dlg,EntryList/111/Text,0,-1,I suppose I can aid you with that. Which member of our organization do you wish to know more of?,
hench_mark,dlg,EntryList/112/Text,0,-1,"<StartAction>[A small smile of admiration comes across Markius' face.]</Start> The Overlord is a great man, learned both in the Empire's customs, and the art of warfare...",
hench_mark,dlg,EntryList/113/Text,0,-1,"I love the Overlord as a father, and would follow his orders to whatever ends. Put your trust in Overlord Vhorkas, <FirstName>. He shall see that your father's death does not go unpunished...",
hench_mark,dlg,EntryList/114/Text,0,-1,"Well, Tarin can be quite troublesome at times, meddling in the affairs of criminal organizations as he does. I cannot count the number of times we have had to rescue him from some form of trouble...",
hench_mark,dlg,EntryList/115/Text,0,-1,"But the Halfling has a good heart, and there are few who have travelled the Northern Reaches as extensively as he. I am proud to call Tarin my companion, despite the vast differences in our natures...",
hench_mark,dlg,EntryList/116/Text,0,-1,"<StartAction>[Markius' face grows a bit darker, and you notice a hint of a frown at the corner of his lips.]</Start> Kara's a dark soul, though she does have her uses within our rank...",
hench_mark,dlg,EntryList/117/Text,0,-1,"I cannot claim to fully trust her, for Kara serves her purposes alone. You would do wise to keep that in mind, as well, <FirstName>. She can be counted on to be an ally in battle, but beware her charms...",
hench_mark,dlg,EntryList/118/Text,0,-1,"<StartAction>[Markius seems lost in thought for a long moment, and at first you do not believe he will answer. Finally, he looks upon you once more, a dark expression upon his face.]</Start>",
hench_mark,dlg,EntryList/119/Text,0,-1,"That is a question no one has asked me for quite some time, but I suppose I can trust you with the tale... Very well, <FirstName>. I shall tell you how I came to be among the ShadowGuard.",
hench_mark,dlg,EntryList/12/Text,0,-1,"<StartAction>[Markius hurries to Harkon's side, appearing quite concerned over his well being.]</Start> Harkon, are you alright?",
hench_mark,dlg,EntryList/120/Text,0,-1,"I was born to the wealthy Albright family, one of the most prominent noble homes of the Northern Reaches. We were one of the first among the noble houses of the frontier to accept the rule of the Sharakhan Empire.",
hench_mark,dlg,EntryList/121/Text,0,-1,"My father was a good man, embracing the ideals of the Almighty Rakha with heart and soul. Under our family's rule, the Albright Barony flourished in peace for nearly a decade.",
hench_mark,dlg,EntryList/122/Text,0,-1,"I was sent to the Imperial Academy of Ghaarak upon reaching my tenth year, to be taught the art of swordsmanship by your father, Okaris <LastName>.",
hench_mark,dlg,EntryList/123/Text,0,-1,"Determined to make my family proud, I quickly advanced through the Academy ranks, excelling all my peers in the art of combat. But... but even my skill with the blade could not stop the disaster soon to strike my home...",
hench_mark,dlg,EntryList/124/Text,0,-1,"Word reached my ears that a mysterious sorcerer had taken residence in my father's plantation home, and many of our family's subjects feared his presence.",
hench_mark,dlg,EntryList/125/Text,0,-1,"I wished to journey home to confront this new mystery, but my father encouraged me to stay and finish my training... and... and like a good son, I complied...",
hench_mark,dlg,EntryList/126/Text,0,-1,"Had I known the truth, I would have hastened to my father's side, for this mysterious sorcerer was none other than the Crimson Prophet himself...",
hench_mark,dlg,EntryList/127/Text,0,-1,"Spewing his foul words of betrayal and deceit, the Crimson Prophet began an uprising against my father, the first of his many fell deeds. The Albright Barony burned in the fires of the Prophet's new army, my family along with it.",
hench_mark,dlg,EntryList/128/Text,0,-1,"So, you see, my family became the first victims of the Crimson Prophet's rebellion, and I have never forgotten his treachery against my father. On the day my family fell, I swore to hunt the Prophet to the ends of Abaran...",
hench_mark,dlg,EntryList/129/Text,0,-1,"Several years later, your father approached me regarding a new organization designed to track down the Prophet and his cronies, and asked that I join its number.",
hench_mark,dlg,EntryList/13/Text,0,-1,"<StartAction>[The sorcerer shakes his head roughly.]</Start> The Crimson Prophet! Where is he, Markius?! We... we must not let him escape with that jewel!",
hench_mark,dlg,EntryList/130/Text,0,-1,"And so I came here, to be the first ordained member of the ShadowGuard. We have hunted the Crimson Prophet mercilessly, and we shall die continuing to do so... til either he or ourselves have perished...",
hench_mark,dlg,EntryList/131/Text,0,-1,"<StartAction>[Markius nods, seemingly lost in the memory of his past.]</Start> I suppose it is, <FirstName>... I suppose it is... But let us speak of other matters... ones not so dark as my past...",
hench_mark,dlg,EntryList/132/Text,0,-1,"<< Set owner's journal quest to ""JT_ST_1_MAIN"" >>",
hench_mark,dlg,EntryList/133/Text,0,-1,"<< Activates ""N_TALK_SWITCH"" if ""N_MODULE_STAGE"" is 1. >>",
hench_mark,dlg,EntryList/134/Text,0,-1,"<StartAction>[Markius Albright approaches you quickly.]</Start> It is good that I have found you, <FirstName>, for it seems you are in grave danger.",
hench_mark,dlg,EntryList/135/Text,0,-1,"<StartAction>[Markius gives you a solemn glare.]</Start> My ""foolishness"" may very well save your life, <FirstName>, so I suggest you curtail your arrogance and hear me out...",
hench_mark,dlg,EntryList/136/Text,0,-1,"It is important that I speak with you now, <FirstName>, for this matter cannot be delayed. It is of the utmost importance to both you and your father.",
hench_mark,dlg,EntryList/137/Text,0,-1,"During my investigation into the assassination attempt against you, I have uncovered some strong clues pointing towards Mikel Ravenclaw, a rather dangerous Half-Elf with ties to several roguish groups.",
hench_mark,dlg,EntryList/138/Text,0,-1,"Rumor has it that Mikel is planning an attempt on you and your father's lives in the near future, so time may be running short.",
hench_mark,dlg,EntryList/139/Text,0,-1,"I would have to suggest against that, <FirstName>. Until Mikel's plans are known, it might be better if you and your father were not in one another's company. Otherwise, he may launch his attack sooner than anticipated.",
hench_mark,dlg,EntryList/14/Text,0,-1,"<StartAction>[Markius turns towards the western banks of the Docks, pointing in the direction of a fleeing ship.]</Start> The Prophet is gone, Harkon... We... we could not stop him in time...",
hench_mark,dlg,EntryList/140/Text,0,-1,"It appears so, though I share your skepticism that he would do so without incentive. It may yet prove that someone else is pulling Mikel's strings, but I have yet to uncover who that person could be.",
hench_mark,dlg,EntryList/141/Text,0,-1,We must stop Mikel before any more harm is inflicted and any other accomplices in this matter be revealed. Only then will I feel comforted that your lives are safe from danger.,
hench_mark,dlg,EntryList/142/Text,0,-1,"You are being a fool, <FirstName>, for you place both your life, as well as your father's, in great jeopardy! But... but I cannot force you to listen to reason, I suppose...",
hench_mark,dlg,EntryList/143/Text,0,-1,"So be it, <FirstName>. I pray Rakha guards you from danger, and should you decide otherwise after giving it some thought, return to me here. Farewell, and be safe.",
hench_mark,dlg,EntryList/144/Text,0,-1,"As of yet, I do not have any solid proof of Mikel's guilt, merely a collection of rumors gathered throughout the city. We will need something a bit more concrete if we are to end his plans.",
hench_mark,dlg,EntryList/145/Text,0,-1,"I would like you to travel with me to confront Mikel at the Ravenclaw Tavern in the Market District. We may be able to resolve this without bloodshed, but the threat against Magistrate Okaris must be ended.",
hench_mark,dlg,EntryList/146/Text,0,-1,<StartAction>[Markius turns his gaze towards you at your approach. His dark eyes burn with intensity and his hand does not stray far from the blade at his side.]</Start>,
hench_mark,dlg,EntryList/147/Text,0,-1,"It is good to see you, <FullName>, <CUSTOM6001> of Okaris <LastName>. I pray that you have not suffered any great injury at the hands of these fiendish assassins. ",
hench_mark,dlg,EntryList/148/Text,0,-1,"<StartAction>[Markius gives you a forbidding frown.]</Start> You should be more appreciative to those who seek to aid you, <FirstName>. I fear the <LastName> family may need allies in the days to come...",
hench_mark,dlg,EntryList/149/Text,0,-1,"<StartAction>[Markius removes a vial containing a healing salve, applying it gently to your wounds.]</Start> I would say you narrowly avoided an end to your short life, my friend.",
hench_mark,dlg,EntryList/15/Text,0,-1,"<StartAction>[Harkon swears loudly.]</Start> Get the ShadowGuard to the Voyager, Markius! We have to set sail after the Prophet immediately!",
hench_mark,dlg,EntryList/150/Text,0,-1,"<FullName>, I fear a terrible plot may be underway. There's been strange talk in the city as of late, something about a conspiracy.",
hench_mark,dlg,EntryList/151/Text,0,-1,"I have heard rumors that someone in Ghaarak has reason to see your father dead, but why, I do not know. It would be a great tragedy for the Empire to lose a man such as Okaris and I intend to do what I can to stop it.",
hench_mark,dlg,EntryList/152/Text,0,-1,"Very well, <FullName>. I can see when my aid is unwanted, so I shall investigate this affair in my own fashion. I'll take my leave of you now.",
hench_mark,dlg,EntryList/153/Text,0,-1,"You are a fool if you believe this matter will resolve itself, <FullName>, but have it your way. I, at least, will try to put an end to this before it is too late.",
hench_mark,dlg,EntryList/154/Text,0,-1,"<StartAction>[Markius pats the blade by his side comfortingly.]</Start> Your father and I go back quite a ways, <FullName>. He taught me in the arts of swordsmanship and the path of honor.",
hench_mark,dlg,EntryList/155/Text,0,-1,"Okaris <LastName>, was my mentor many years ago and I remember his tutelage with great fondness. He helped me attain my position in Rahka's ShadowGuard.",
hench_mark,dlg,EntryList/156/Text,0,-1,"<StartAction>[Markius grins slightly, an expression that seems ill suited to his solemn face.]</Start> I am glad to see you practicing caution already, <FullName>, but you may trust my motives.",
hench_mark,dlg,EntryList/157/Text,0,-1,"I wish we could speak further, but there is trouble in the air and I had best ferret out the source. If you desire further proof of my story, you should ask your father. I'm sure he'll be willing to speak of me.",
hench_mark,dlg,EntryList/158/Text,0,-1,"I am going to look into this matter further, and see if I may discern the culprit behind this attack. In the meantime, it would be wise for you to warn your father of the danger you are in.",
hench_mark,dlg,EntryList/159/Text,0,-1,"<StartAction>[Markius' jaw clench's.]</Start>So be it, <FullName>. Keep safe, and avoid any unwanted attention, for these streets may remain dangerous for you.",
hench_mark,dlg,EntryList/16/Text,0,-1,"Harkon, there is no way we can stop the Prophet now... His ship flies with an unnatural wind behind it, giving it a speed we could never match in the Voyager...",
hench_mark,dlg,EntryList/160/Text,0,-1,"I would recommend treading lightly and avoiding attention. Do not worry, <FullName>. There are others besides myself who have a vested interest in keeping you safe...",
hench_mark,dlg,EntryList/161/Text,0,-1,"Keep your senses sharp, <FullName>, particularly if you are approached by anyone who appears out of place. Once I have had a chance to investigate matters further, I will find you again.",
hench_mark,dlg,EntryList/162/Text,0,-1,"That would likely prove dangerous; Your enemies may wish to strike again. Your presence would prove more of a liability than an aid, noble as your intentions may be.",
hench_mark,dlg,EntryList/163/Text,0,-1,"I bid you farewell, for now. Should I discover any information that would prove of importance to you or your father, I will contact you immediately. May Rakha bless you and keep you safe, <FullName>.",
hench_mark,dlg,EntryList/164/Text,0,-1,"There is no time to talk at the moment, m'<lord/lady>! We must put an end to these assassins before it is too late!",
hench_mark,dlg,EntryList/165/Text,0,-1,"<< Set owner's journal quest to ""JT_PRELUDE"" >>",
hench_mark,dlg,EntryList/166/Text,0,-1,"I am glad we were able to bring justice to that treacherous worm, Varhun, but my heart remains uneasy, <FirstName>... I fear we have not seen the end of his foul machinations...",
hench_mark,dlg,EntryList/167/Text,0,-1,"<FirstName>, I am sorry we were unable to uncover sufficient evidence to put Varhun away... I... I feel that I have failed you...",
hench_mark,dlg,EntryList/168/Text,0,-1,"<StartAction>[The young man bows his head in shame.]</Start> It is true, <FirstName>. I only hope my failure shall not bring harm to your father...",
hench_mark,dlg,EntryList/169/Text,0,-1,"<StartAction>[Markius seems to take heart at your words.]</Start> Perhaps you are right, <FirstName>... though I do not know what more we can do...",
hench_mark,dlg,EntryList/17/Text,0,-1,"<StartAction>[Harkon seethes angrily, but seems to relent.]</Start> So be it, then! We shall simply have to track him down and recover it later... Come! Let us be away from this accursed city!",
hench_mark,dlg,EntryList/170/Text,0,-1,"You are kind to say so, <FirstName>... Still, I wish there was more that I could do...",
hench_mark,dlg,EntryList/171/Text,0,-1,"I am going to investigate matters a bit further, and see what I may uncover. For the meantime, you should go warn your father, in case Varhun has set in motion some dire plan...",
hench_mark,dlg,EntryList/172/Text,0,-1,"I wish you luck, <FirstName>, and I shall pray for Rakha to keep both you and your father safe. Please hurry and warn your father, for it would be a great tragedy if some ill fate were to befall either of you...",
hench_mark,dlg,EntryList/173/Text,0,-1,<StartAction>[Markius turns and heads quickly away...]</Start>,
hench_mark,dlg,EntryList/174/Text,0,-1,"<StartAction>[Markius Albright hails your approach, bowing in a knightly fashion.]</Start> Greetings to you, <FullName>. It is good to see you have managed to avoid death at the hands of your would be assassins.",
hench_mark,dlg,EntryList/175/Text,0,-1,"So it seems Chancellor Varhun, your father's own aide, has been plotting against Magistrate Okaris. <FirstName>, we must speak with Captain Anagril of this before it is too late. We must stop any attack upon your father.",
hench_mark,dlg,EntryList/176/Text,0,-1,"If you insist on being such a fool, then so be it! I have had my share of dealing with your childishness! Should you learn a bit of maturity, perhaps we can speak further... if you manage to live long enough, that is...",
hench_mark,dlg,EntryList/177/Text,0,-1,"I can understand your desire to warn Magistrate Okaris, but Varhun may well discover our knowledge of his plot. We may have only a short time before he rids himself of any incriminating evidence...",
hench_mark,dlg,EntryList/178/Text,0,-1,"Very well. Go warn your father, and please be careful. Varhun may already have set his plans into place...",
hench_mark,dlg,EntryList/179/Text,0,-1,"Very well. Should you change your mind, I will be waiting here. Farewell, and good luck.",
hench_mark,dlg,EntryList/18/Text,0,-1,"<StartAction>[Harkon looks to you, and you feel contempt in his glance.]</Start> Bring the child of Okaris as well, I suppose... Vhorkas will want to speak to <him/her> upon our arrival at Zhantara...",
hench_mark,dlg,EntryList/180/Text,0,-1,"Of course. Come, let us be on our way...",
hench_mark,dlg,EntryList/181/Text,0,-1,"Mikel Ravenclaw's plans must be stopped before they come to fruition, <FirstName>. I would like to accompany you to Ravenclaw's Tavern, where we may discover the nature of his plans.",
hench_mark,dlg,EntryList/182/Text,0,-1,"<StartAction>[Markius gives you a scathing glare.]</Start> If you wish to risk your life, as well as your father's, for such foolishness, then feel free to do so! Do not speak with me again, unless you have come to your senses!",
hench_mark,dlg,EntryList/183/Text,0,-1,"As you wish, though I would suggest you do not tarry for long. Who knows what Mikel Ravenclaw has in store for you and your father?",
hench_mark,dlg,EntryList/184/Text,0,-1,"Very well, <FirstName>. Should you decide you need my aid at a later time, I will be here. Feel free to come speak with me at any time.",
hench_mark,dlg,EntryList/185/Text,0,-1,"Lead the way, <FirstName>. I will lend what aid I can in this affair.",
hench_mark,dlg,EntryList/186/Text,0,-1,"It appears you are a bit preoccupied with another companion at the moment, <FirstName>. Why don't you complete your current business, and return to me later?",
hench_mark,dlg,EntryList/187/Text,0,-1,"<< Set owner's journal quest to ""JT_PREL_MARK"" >>",
hench_mark,dlg,EntryList/188/Text,0,-1,"<< Activates ""N_TALK_SWITCH"" if ""N_MODULE_STAGE"" is 0. >>",
hench_mark,dlg,EntryList/189/Text,0,-1,"<< This conversation node does nothing but reset the variable ""N_TALK_SWITCH"" >>",
hench_mark,dlg,EntryList/19/Text,0,-1,"Of course, Harkon... <StartAction>[Markius turns towards you.]</Start> <FirstName>, it seems there is little hope remaining for Ghaarak. You must come with us to our ship!",
hench_mark,dlg,EntryList/190/Text,0,56145,"What do you wish of me, <FirstName>?",
hench_mark,dlg,EntryList/192/Text,0,-1,"What part of my inventory would you like to manage, <FirstName>?",
hench_mark,dlg,EntryList/193/Text,0,-1,Which item would you like me to unequip?,
hench_mark,dlg,EntryList/194/Text,0,-1,"Very well, <FirstName>. I have unequipped all my items.",
hench_mark,dlg,EntryList/195/Text,0,-1,"As you wish, <FirstName>. I have successfully unequipped <CUSTOM10001>.",
hench_mark,dlg,EntryList/196/Text,0,-1,"I am sorry, <FirstName>, but I do not have an item in that inventory slot.",
hench_mark,dlg,EntryList/197/Text,0,-1,Which inventory slot would you like me to equip an item in?,
hench_mark,dlg,EntryList/198/Text,0,-1,Please tell me which of my items you would like me to equip.,
hench_mark,dlg,EntryList/199/Text,0,-1,"As you wish, <FirstName>.",
hench_mark,dlg,EntryList/2/Text,0,-1,Would you like some help in your mission?,
hench_mark,dlg,EntryList/20/Text,0,-1,"There is nowhere left to go, <FirstName>! The other ships have already departed, and the Docks shall soon fall to the enemy! You must come with us!",
hench_mark,dlg,EntryList/200/Text,0,-1,"I'm sorry, <FirstName>, but I was unable to equip that item.",
hench_mark,dlg,EntryList/201/Text,0,-1,Very well. Just give me one moment to sort out my inventory...,
hench_mark,dlg,EntryList/202/Text,0,-1,Here all the items I currently possess. <StartAction>[You may select any of the items below if you would like to take the item from the henchman.]</Start>,
hench_mark,dlg,EntryList/203/Text,0,-1,"As you wish, <FirstName>.",
hench_mark,dlg,EntryList/204/Text,0,-1,Very well. Just give me one moment to sort out my inventory...,
hench_mark,dlg,EntryList/205/Text,0,-1,Which item would you like to give me? <StartAction>[Select an item from the list to give to your henchman.]</Start>,
hench_mark,dlg,EntryList/206/Text,0,-1,"Thank you, <FirstName>.",
hench_mark,dlg,EntryList/207/Text,0,-1,"You may do as you please with my gear, <FirstName>.",
hench_mark,dlg,EntryList/208/Text,0,-1,"As you wish, <FirstName>. I hope that we may continue to work with one another at a later time, but for now I bid you farewell.",
hench_mark,dlg,EntryList/209/Text,0,-1,"Should you decide that you do indeed need my aid, I will be waiting in the Imperial Academy. Seek me out there should you feel you need my assistance.",
hench_mark,dlg,EntryList/21/Text,0,-1,"<StartAction>[Markius seems flustered by your response.]</Start> There is no time for this, <FirstName>! The Crimson Followers are entering the Docks as we speak, and the rest of the city is poised to fall as well!",
hench_mark,dlg,EntryList/210/Text,0,-1,"I am afraid I cannot depart your company just yet, <FirstName>. Come, let us be on our way.",
hench_mark,dlg,EntryList/211/Text,0,56146,"My services are at your command, <FirstName>.",
hench_mark,dlg,EntryList/212/Text,0,-1,"Very well, <FirstName>.",
hench_mark,dlg,EntryList/213/Text,0,-1,"Very well, <FirstName>.",
hench_mark,dlg,EntryList/22/Text,0,-1,"Once we are away from the city, I promise to tell you more of our purpose, but for now we do not have time! You must come quickly!",
hench_mark,dlg,EntryList/221/Text,0,-1,I will try to heal you even if I am being attacked at close range.,
hench_mark,dlg,EntryList/222/Text,0,-1,"Very well, I will heal you only if I am not in hand-to-hand combat.",
hench_mark,dlg,EntryList/223/Text,0,56180,As you wish.,
hench_mark,dlg,EntryList/225/Text,0,56174,"I hope this is a wise decision, as I am far more skilled on the front lines of battle, but I shall do as you command.",
hench_mark,dlg,EntryList/228/Text,0,62539,I can do that. When the combat begins I'll rush in and use melee weapons.,
hench_mark,dlg,EntryList/229/Text,0,62540,Of course. When the combat begins I'll stay back and attack with my ranged weapons from a distance. I'll switch weapons if the enemies get too close.,
hench_mark,dlg,EntryList/23/Text,0,-1,"For Rakha and the glory of the Sharakhan Empire, these foul demons shall fall!",
hench_mark,dlg,EntryList/230/Text,0,-1,Sure. What would you like me to do?,
hench_mark,dlg,EntryList/231/Text,0,-1,Very well. I will avoid melee combat unless I am cornered.,
hench_mark,dlg,EntryList/232/Text,0,-1,"I like your style, <FirstName>. I didn't know you had such a streak within you, but I must say I am impressed.",
hench_mark,dlg,EntryList/233/Text,0,-1,"That may be hard to judge, but I shall do my best.",
hench_mark,dlg,EntryList/234/Text,0,-1,"Very well, I'll wait until the last possible moment!",
hench_mark,dlg,EntryList/235/Text,0,-1,Very well. I will do what I feel is best.,
hench_mark,dlg,EntryList/236/Text,0,-1,"Varhun's death should signal an end to the threat against you and your father, but it might be wise for us to go to Magistrate Okaris now. My suggestion would be to head to the Imperial Estate, but do as you wish.",
hench_mark,dlg,EntryList/237/Text,0,-1,"It appears Varhun has bested us, <FirstName>. I fear we can do little more against him, for the evidence has been destroyed. We will simply have to hope that luck remains with you and your father...",
hench_mark,dlg,EntryList/238/Text,0,-1,"I believe we have Varhun now. It should only be a matter of confronting the Chancellor at this point. Come, let us put an end to this...",
hench_mark,dlg,EntryList/239/Text,0,-1,I believe you were wise to enlist the aid of Captain Anagril. He seems to be a decent man. Let us see what we can uncover in Varhun's chambers.,
hench_mark,dlg,EntryList/24/Text,0,-1,"Stand back, <FirstName>... We have the Prophet cornered, but he may yet be dangerous...",
hench_mark,dlg,EntryList/240/Text,0,-1,I'm not so sure that confronting Varhun was the wisest decision... He may now have time to rid himself of any evidence. We can only hope that we still find some proof of his guilt.,
hench_mark,dlg,EntryList/241/Text,0,-1,I have to admit I am quite surprised to learn that a high ranking Imperial official such as Chancellor Varhun would be involved in a matter like this. I believe we are going to have to confront the Chancellor on this issue.,
hench_mark,dlg,EntryList/242/Text,0,-1,"I suppose bloodshed was inevitable, considering the fact Mikel desired your death. Let's see if Mikel's chamber holds any information regarding his motives for plotting against you and your father.",
hench_mark,dlg,EntryList/243/Text,0,-1,"We've gotten this far without bloodshed, so perhaps we can yet avoid bloodshed. Why not speak with Mikel, and see what he has to say about the assassination attempt?",
hench_mark,dlg,EntryList/244/Text,0,-1,You did well in securing aid from Officer Ganolin. We should have an easier time of confronting Mikel Ravenclaw now. Let's head toward Ravenclaw Tavern...,
hench_mark,dlg,EntryList/245/Text,0,-1,"We need to find some way of discovering Mikel's motives behind plotting against you and your father. We will have to be careful entering his chambers, though, for he keeps himself well guarded.",
hench_mark,dlg,EntryList/246/Text,0,-1,"<< Set owner's journal quest to ""JT_PREL_MARK"" >>",
hench_mark,dlg,EntryList/248/Text,0,-1,"<< Set owner's journal quest to ""JT_PREL_MARK"" >>",
hench_mark,dlg,EntryList/26/Text,0,-1,"I must go now to face the Crimson Prophet, <FirstName>. I wish you luck, and may Rakha keep you safe.",
hench_mark,dlg,EntryList/27/Text,0,-1,"<StartAction>[Markius motions towards his companions, who quickly depart through the gate.]</Start>",
hench_mark,dlg,EntryList/28/Text,0,-1,"You will be safe upon the Voyager, <FirstName>. I can spare one of my companions to escort you to our ship, but the others I will need if we are to stop the Crimson Prophet.",
hench_mark,dlg,EntryList/29/Text,0,-1,"Please speak with each of my companions, and choose which you would like to be your escort. Once you have done so, we will make our way to the docks.",
hench_mark,dlg,EntryList/3/Text,0,-1,As you wish.,
hench_mark,dlg,EntryList/30/Text,0,-1,"I cannot aid you at the moment, <FirstName>. Harkon requires my strength if he is to stand against the Crimson Prophet. Rest assured that my companions will keep you in good company.",
hench_mark,dlg,EntryList/31/Text,0,-1,"I suggest speaking with each of them, <FirstName>, to see which of my companions most suits your preference.",
hench_mark,dlg,EntryList/32/Text,0,-1,"Please be quick about it, <FirstName>. We do not have long, and the Crimson Prophet must still be confronted. Go now, and choose your companion.",
hench_mark,dlg,EntryList/33/Text,0,-1,"<StartAction>[You come upon Markius Albright, speaking fervently with a beautiful young Elven woman.]</Start> Kara, what news do you carry of the Market District? How has it fared in this battle?",
hench_mark,dlg,EntryList/34/Text,0,-1,"Not well, I'm afraid. All of Ghaarak seems poised to fall to the Crimson Prophet's followers. Markius, we must get to the Voyager quickly... the docks have not been overrun yet, but it is only a matter of time..",
hench_mark,dlg,EntryList/35/Text,0,-1,What of the Crimson Prophet? Has he been sighted in the Market yet?,
hench_mark,dlg,EntryList/36/Text,0,-1,"Yes... the Prophet appeared a short time ago, making his way towards the Docks. I believe he is attempting to make his escape from Ghaarak...",
hench_mark,dlg,EntryList/37/Text,0,-1,"Markius, we do not have time to tarry here! I need the ShadowGuard's aid to stop the Crimson Prophet before it is too late! He must not escape the city with that jewel he took from the Treasury!",
hench_mark,dlg,EntryList/38/Text,0,-1,"<StartAction>[Markius turns towards you.]</Start> <FirstName>, it is good that you have come. Ghaarak is in grave danger...",
hench_mark,dlg,EntryList/39/Text,0,-1,"Most of the city lies in ruins, and few remain alive to defend the walls. On all sides, Ghaarak is beset by enemies... the Crimson Followers from within, and barbarian hordes from without. I fear Ghaarak is doomed, <FirstName>...",
hench_mark,dlg,EntryList/4/Text,0,-1,"Very good, <mister/missus> <LastName>",
hench_mark,dlg,EntryList/40/Text,0,-1,"That is difficult to say, but it appears the Crimson Prophet is growing in strength. He has always proved troublesome to the Empire, but never before has he managed to accomplish such an assault as this...",
hench_mark,dlg,EntryList/41/Text,0,-1,Ghaarak's fall proves the Prophet has grown to be a far greater threat than we could ever have imagined... One has only to look at the destruction he has wrought here to realize that fact.,
hench_mark,dlg,EntryList/42/Text,0,-1,"Then we may be able to aid you, <FirstName>. We would like to see you kept in safety as well.",
hench_mark,dlg,EntryList/43/Text,0,-1,"I'm afraid not... but we may yet live to strike back at another time, of our choosing. <FirstName>, my companions and I can help you escape Ghaarak before it falls, and we may be your only hope of survival.",
hench_mark,dlg,EntryList/44/Text,0,-1,"As of yet, the docks have not fallen to the enemy. We have a ship there, the Voyager, which can take us to safety. I would like for you to accompany us to the Docks, <FirstName>.",
hench_mark,dlg,EntryList/45/Text,0,-1,"We must hurry, for the Crimson Prophet is still on the loose, and the docks will not remain safe for long. We have to reach the Voyager before Ghaarak falls...",
hench_mark,dlg,EntryList/46/Text,0,-1,"We do not know as of yet, but we fear he may intend to use that gem from the Grand Hall for some fell purpose. Harkon and I intend to see he does not escape Ghaarak with the orb in tow...",
hench_mark,dlg,EntryList/47/Text,0,-1,"That is a complicated matter, and one that will have to wait. For now, just know that we are allies in this time of darkness, and will see to your safety. When we reach calmer grounds, we can speak more.",
hench_mark,dlg,EntryList/48/Text,0,-1,"Your father was a friend and mentor to my companions as well as myself. We would like for you to come with us, for we intend to have revenge against those who took Okaris' life.",
hench_mark,dlg,EntryList/49/Text,0,-1,"Are you sure of this, <FirstName>? Ghaarak is not safe anymore, and you will be in considerable danger. I ask you to please reconsider, and accept our aid, at least for the time being...",
hench_mark,dlg,EntryList/5/Text,0,-1,"Sorry, but it looks like you've already found someone to help you out. You'll have to excuse me.",
hench_mark,dlg,EntryList/50/Text,0,-1,"Now that the gate to the Market District is open, we must head there at once, <FirstName>. It is imperative for you to reach safety, and for me to aid Harkon in tracking down the Crimson Prophet before it is too late.",
hench_mark,dlg,EntryList/51/Text,0,-1,"I can take you as far as the Market District gate, if you wish for me to accompany you. Will you allow me to extend my protection to you, <FirstName>?",
hench_mark,dlg,EntryList/52/Text,0,-1,"He is a close ally of mine, <FirstName>, a sorcerer of great power. You may trust him, for his foremost purpose is to see an end to the Crimson Prophet and his evil plans.",
hench_mark,dlg,EntryList/53/Text,0,-1,"I wish I had time to explain matters further, but we must leave at once. Let's ensure that you reach safety, then we will have a chance to speak further.",
hench_mark,dlg,EntryList/54/Text,0,-1,"The Imperial District seems to have come under quite an attack, <FirstName>. Matters in Ghaarak are far worse than I had expected, and the need to get you to safety all the greater.",
hench_mark,dlg,EntryList/55/Text,0,-1,"It appears the gate to the Market District has been sealed. If we to pass through it, and find our way to my ship at the Docks, we will have to discover a way to overcome the gate's magical protection.",
hench_mark,dlg,EntryList/56/Text,0,-1,"I would like to accompany you on this task, <FirstName>. I believe I can offer you assistance in this matter, as well as offer you protection should the Crimson Prophet make a move against you.",
hench_mark,dlg,EntryList/57/Text,0,-1,"I believe so, <FirstName>. This attack has all the markings of the Prophet's involvement, though I have never seen destruction by his hand on this scale. We should increase our guard considerably.",
hench_mark,dlg,EntryList/58/Text,0,-1,"Will you allow me to accompany you to the Voyager, <FirstName>? It should prove a safe haven for you for the time being.",
hench_mark,dlg,EntryList/59/Text,0,-1,"<StartAction>[Markius seems annoyed by your choice, but nods his head.]</Start> Very well, <FirstName>. I am going to head into the Imperial District.",
hench_mark,dlg,EntryList/6/Text,0,-1,"<< Activates ""N_TALK_SWITCH"" if ""N_MODULE_STAGE"" is 9. USING THIS FOR TESTING AT THE MOMENT! >>",
hench_mark,dlg,EntryList/60/Text,0,-1,"As you wish, <FirstName>. I am going to make my way into the Imperial District. Should you change your mind, you may find me in the Imperial Academy.",
hench_mark,dlg,EntryList/61/Text,0,-1,"I'm glad you have agreed to let me aid you, <FirstName>. Come, let us be on our way.",
hench_mark,dlg,EntryList/62/Text,0,-1,"It appears you have already found yourself a companion, <FirstName>. I believe you are in good hands, and my talents can be put to another use. Should you need my aid later, though, feel free to come speak with me.",
hench_mark,dlg,EntryList/63/Text,0,-1,"Farewell, <FirstName>. May Rakha keep you in his blessings.",
hench_mark,dlg,EntryList/64/Text,0,-1,"Please ask your questions quickly, <FirstName>. The Prophet may even now be moving against you...",
hench_mark,dlg,EntryList/65/Text,0,-1,"Well, my allies and I will be able to protect you upon the Voyager, and we are quite formidable indeed. Should the danger grow greater, we can always escape by sea, as well.",
hench_mark,dlg,EntryList/66/Text,0,-1,"With the Crimson Prophet still on the loose, I imagine we are all in great danger. We will do what we can to stop the Prophet's plans, but it would be wise for you to stay on your guard.",
hench_mark,dlg,EntryList/67/Text,0,-1,"It appears that much of the Imperial District has been overrun by the Crimson Prophet's followers. Who knows what that fiend has in store, or what danger you may be in?",
hench_mark,dlg,EntryList/68/Text,0,-1,"That's difficult to say, but I have heard the sounds of battle coming from the Imperial District. I fear the Crimson Prophet may already be at work, so there is no telling what troubles may lie ahead...",
hench_mark,dlg,EntryList/69/Text,0,-1,"You are quite perceptive, <FirstName>. I am part of an elite Imperial group, known simply as the ShadowGuard. We carry out orders from Emperor Rakha, acting in the interests of the Sharakhan Empire.",
hench_mark,dlg,EntryList/7/Text,0,-1,"Welcome to the ShadowGuard, <FullName>... We are proud to have you amongst us...",
hench_mark,dlg,EntryList/70/Text,0,-1,"Again, you impress me with your perception, <FirstName>. Yes, it is true that we have had our eye on you for some time. You see, your father, Okaris <LastName>, helped found the ShadowGuard...",
hench_mark,dlg,EntryList/71/Text,0,-1,"The ShadowGuard is a secretive group, our existence known only to a select few. I would like to speak on this matter further with you, but for now, we must find a place of safety. Then, we may talk further.",
hench_mark,dlg,EntryList/72/Text,0,-1,"My allies and I have been watching the Crimson Prophet's actions for quite some time. He has made many appearances throughout the north, always preceding some sort of attack against Imperial interests.",
hench_mark,dlg,EntryList/73/Text,0,-1,"The Prophet has proven a sly opponent, eluding us at every turn. Even now, I do not know what his true motives are, save that he seems bent on bringing havoc and destruction to our Empire.",
hench_mark,dlg,EntryList/74/Text,0,-1,"If the Prophet has seen fit to kill your father, he may very well come after you, <FirstName>. It is important that you remain wary of this danger.",
hench_mark,dlg,EntryList/75/Text,0,-1,<StartAction>[Markius wears the mark of concern as you approach.]</Start>,
hench_mark,dlg,EntryList/76/Text,0,-1,"<StartAction>[The man extends his hand to help you stand straight as your knees buckle slightly from the stress of all that has happened in the last few moments.]</Start> Are you alright, <FirstName>? Can you stand?",
hench_mark,dlg,EntryList/77/Text,0,-1,"Calm yourself, <FirstName>. I am Markius Albright... we met briefly in the Market District after the attempt on your life, and I was trying to uncover the plot against your father. It... it appears my efforts have gone in vain, though...",
hench_mark,dlg,EntryList/78/Text,0,-1,"Be at ease, <FirstName>. It is I, Markius Albright... we were working together to discover the plot against your father... but it appears our efforts have gone in vain...",
hench_mark,dlg,EntryList/79/Text,0,-1,"<< Set owner's journal quest to ""JT_PREL_MARK"" >>",
hench_mark,dlg,EntryList/8/Text,0,-1,"<< Set owner's journal quest to ""JT_ST_2_MAIN"" >>",
hench_mark,dlg,EntryList/80/Text,0,-1,"I am Markius Albright, <FirstName>. We met briefly in the Market District after the assassination attempt on your life, and I was trying to uncover the plot against your father. It... it appears my efforts have gone in vain, though...",
hench_mark,dlg,EntryList/81/Text,0,-1,"I am Markius Albright, <FirstName>. We were working together on the assassination plot against your father, but... but it appears our efforts were in vain...",
hench_mark,dlg,EntryList/82/Text,0,-1,"<< Set owner's journal quest to ""JT_PREL_MARK"" >>",
hench_mark,dlg,EntryList/83/Text,0,-1,"Yes I am. I was attempting to unravel the plot against your father, but... but it appears my efforts were in vain...",
hench_mark,dlg,EntryList/84/Text,0,-1,"Yes, it is I, <FirstName>. Take a moment to recover your wits, for you seem to have been through a terrible ordeal...",
hench_mark,dlg,EntryList/85/Text,0,-1,"<StartAction>[Suddenly, it all comes back to you. Your father's worried expressions, the strange red medallion, the explosion of your father's estate...]</Start>",
hench_mark,dlg,EntryList/86/Text,0,-1,"Don't be a fool, <FirstName>! <StartAction>[Markius motions towards the fires raging within the Imperial Estate.]</Start> Your father is dead, and you may be in quite a bit of danger, so I suggest you accept my aid...",
hench_mark,dlg,EntryList/87/Text,0,-1,"Judging from what I have seen here, it seems Crimson Prophet has orchestrated this attack against your family... and now he sends his legions to destroy Ghaarak once and for all...",
hench_mark,dlg,EntryList/88/Text,0,-1,"<StartAction>[Markius' eyes flare in anger.]</Start> Were you not the child of a man I greatly respected, <FirstName>, I would challenge you for such a blasphemy against Okaris <LastName>!",
hench_mark,dlg,EntryList/89/Text,0,-1,"But it would be a dishonor to your father's memory, and we have other matters more pressing than such foolishness at the moment...",
hench_mark,dlg,EntryList/9/Text,0,-1,"<< Activates ""N_TALK_SWITCH"" if ""N_MODULE_STAGE"" is 2. >>",
hench_mark,dlg,EntryList/90/Text,0,-1,"The Prophet likely saw your father as an ideal target, for his motives have always been to strike chaos into the heart of the Sharakhan Empire.",
hench_mark,dlg,EntryList/91/Text,0,-1,"I can understand your desire to avenge your father's death, but you must be wary, <FirstName>...",
hench_mark,dlg,EntryList/92/Text,0,-1,"The followers of the Crimson Prophet have begun an invasion into Ghaarak, and you be assured that those fanatics shall not stop until all within the city are dead!",
hench_mark,dlg,EntryList/93/Text,0,-1,"It is imperative that you reach a place of safety, <FirstName>, and I may be able to aid you in this matter...",
hench_mark,dlg,EntryList/94/Text,0,-1,"Please, you must heed my warnings, <FirstName>! I mean you no harm, and I believe you will need my help before this is all finished...",
hench_mark,dlg,EntryList/95/Text,0,-1,"Your bravery is to be commended, <FirstName>, but the Crimson Prophet is a powerful man. Courage alone would not give you the strength to fight against his might.",
hench_mark,dlg,EntryList/96/Text,0,-1,"In time, you may be able to stand against the Prophet, but to do so, you will need to survive. I would like to ensure that you do so...",
hench_mark,dlg,EntryList/97/Text,0,-1,"I would like to take you to my ship, the Voyager, waiting at the docks of the city. There, I believe you will be safe from danger, at least until I have time to figure out how best to keep you out of harm's reach.",
hench_mark,dlg,EntryList/98/Text,0,-1,"<StartAction>[Markius nods grimly, and you notice an expression of sorrow upon his face.]</Start> Yes, <FirstName>, I believe he is. There is little left of the Imperial Estate... There is no way he could have survived...",
hench_mark,dlg,EntryList/99/Text,0,-1,"<StartAction>[A look of sorrow passes over Markius' face.]</Start> I'm afraid your father is dead, <FirstName>... There is no way he could have survived a blast such as that which took the Estate...",
hench_mark,dlg,ReplyList/0/Text,0,-1,"No, I work better alone.",
hench_mark,dlg,ReplyList/1/Text,0,-1,"Yes, I would.",
hench_mark,dlg,ReplyList/10/Text,0,-1,"I'm still not sure I trust you, Markius...",
hench_mark,dlg,ReplyList/105/Text,0,-1,"Nothing at the moment, Markius. Thank you anyway.",
hench_mark,dlg,ReplyList/107/Text,0,-1,Overlord Vhorkas mentioned that I might be able to learn more of the Final Initiation from you...,
hench_mark,dlg,ReplyList/11/Text,0,-1,Why are you so interested in my safety?,
hench_mark,dlg,ReplyList/110/Text,0,-1,Very well... Let me ask you something else.,
hench_mark,dlg,ReplyList/111/Text,0,-1,"Actually, I was interested in knowing what you thought of the others here in the ShadowGuard.",
hench_mark,dlg,ReplyList/112/Text,0,-1,"Actually, I believe I would rather speak on another matter...",
hench_mark,dlg,ReplyList/113/Text,0,-1,I wish to learn a bit more regarding Overlord Vhorkas...,
hench_mark,dlg,ReplyList/115/Text,0,-1,I was curious to learn more about Tarin Lightfingers...,
hench_mark,dlg,ReplyList/117/Text,0,-1,Can you tell me more regarding Kara Dy'nesh?,
hench_mark,dlg,ReplyList/119/Text,0,-1,"I was curious as to whether you could tell me a little more about yourself, Markius.",
hench_mark,dlg,ReplyList/13/Text,0,-1,I suppose I have little other choice...,
hench_mark,dlg,ReplyList/132/Text,0,-1,"I see... Well, that is quite the tale...",
hench_mark,dlg,ReplyList/134/Text,0,-1,I have no time for your foolish conspiracies!,
hench_mark,dlg,ReplyList/135/Text,0,-1,I have other matters I must attend to.,
hench_mark,dlg,ReplyList/137/Text,0,-1,"Out with it, then! I don't have all day!",
hench_mark,dlg,ReplyList/138/Text,0,-1,"What is it, Markius?",
hench_mark,dlg,ReplyList/140/Text,0,-1,He can have my father. I'll handle myself.,
hench_mark,dlg,ReplyList/141/Text,0,-1,Mikel must be dealt with at once!,
hench_mark,dlg,ReplyList/142/Text,0,-1,I must go warn my father immediately!,
hench_mark,dlg,ReplyList/144/Text,0,-1,Mikel Ravenclaw would dare strike against my family?!,
hench_mark,dlg,ReplyList/146/Text,0,-1,"I've had enough of this fool's talk, worm!",
hench_mark,dlg,ReplyList/148/Text,0,-1,"Do as you like, Markius. I'm too busy.",
hench_mark,dlg,ReplyList/150/Text,0,-1,"<< Set owner's journal quest to ""JT_PREL_MARK"" >>",
hench_mark,dlg,ReplyList/151/Text,0,-1,Why not turn Mikel over to the guards?,
hench_mark,dlg,ReplyList/152/Text,0,-1,What do you propose we do?,
hench_mark,dlg,ReplyList/153/Text,0,-1,"Yes, let's pay Mikel a little visit...",
hench_mark,dlg,ReplyList/154/Text,0,-1,"<< Set owner's journal quest to ""JT_PREL_MARK"" >>",
hench_mark,dlg,ReplyList/156/Text,0,-1,"I'm fine now, so please leave me alone.",
hench_mark,dlg,ReplyList/157/Text,0,-1,"Go. You've served your purpose, Markius.",
hench_mark,dlg,ReplyList/159/Text,0,-1,"I'm a bit bruised, but they're only minor wounds.",
hench_mark,dlg,ReplyList/160/Text,0,-1,I think I'm fine... thanks to you.,
hench_mark,dlg,ReplyList/161/Text,0,-1,Any idea why those men attacked me?,
hench_mark,dlg,ReplyList/162/Text,0,-1,How did you know I was in danger?,
hench_mark,dlg,ReplyList/164/Text,0,-1,Mind your own affairs! I can take care of myself!,
hench_mark,dlg,ReplyList/165/Text,0,-1,"I shall keep that in mind. Leave me, Markius.",
hench_mark,dlg,ReplyList/167/Text,0,-1,Why should my father's business concern you?,
hench_mark,dlg,ReplyList/168/Text,0,-1,I see. So what is it you propose we do?,
hench_mark,dlg,ReplyList/169/Text,0,-1,You were trained by my father?,
hench_mark,dlg,ReplyList/17/Text,0,-1,"Actually, I'm going to go my own path...",
hench_mark,dlg,ReplyList/170/Text,0,-1,I'm still not sure that I trust you...,
hench_mark,dlg,ReplyList/173/Text,0,-1,That's ill news. We must discover who's behind this!,
hench_mark,dlg,ReplyList/174/Text,0,-1,Quit harrying me with your words and begone!,
hench_mark,dlg,ReplyList/175/Text,0,-1,I'm to wait idly until another attempt is made on my life?,
hench_mark,dlg,ReplyList/176/Text,0,-1,"Very well. I wish you luck in your search, Markius.",
hench_mark,dlg,ReplyList/177/Text,0,-1,Why don't I join you in your search?,
hench_mark,dlg,ReplyList/18/Text,0,-1,"Will you not escort me, Markius?",
hench_mark,dlg,ReplyList/181/Text,0,-1,"Your efforts were definitely lacking, Markius...",
hench_mark,dlg,ReplyList/183/Text,0,-1,Perhaps we can still stop the Chancellor's plans...,
hench_mark,dlg,ReplyList/185/Text,0,-1,"Don't be so hard on yourself, Markius... ",
hench_mark,dlg,ReplyList/191/Text,0,-1,I have no time for such nonsense! Leave me be...,
hench_mark,dlg,ReplyList/193/Text,0,-1,I should go warn my father.,
hench_mark,dlg,ReplyList/194/Text,0,-1,"Regardless, I must tell my father at once.",
hench_mark,dlg,ReplyList/196/Text,0,-1,I will face the Chancellor alone. This is personal...,
hench_mark,dlg,ReplyList/198/Text,0,-1,Accompany me to the Imperial Grand Hall.,
hench_mark,dlg,ReplyList/20/Text,0,-1,Tell me about your companions.,
hench_mark,dlg,ReplyList/200/Text,0,-1,"Leave me, Markius! I've had enough of you.",
hench_mark,dlg,ReplyList/202/Text,0,-1,I have other matters to attend to...,
hench_mark,dlg,ReplyList/204/Text,0,-1,I will investigate Mikel on my own.,
hench_mark,dlg,ReplyList/206/Text,0,-1,"Very well, let's be on our way.",
hench_mark,dlg,ReplyList/21/Text,0,-1,Very well then.,
hench_mark,dlg,ReplyList/210/Text,0,-1,I would like to manage your inventory.,
hench_mark,dlg,ReplyList/211/Text,0,-1,I do not wish to manage your inventory any further at this time.,
hench_mark,dlg,ReplyList/212/Text,0,-1,I would like for you to unequip an item.,
hench_mark,dlg,ReplyList/213/Text,0,-1,Don't unequip anything right now.,
hench_mark,dlg,ReplyList/214/Text,0,-1,Unequip all your gear.,
hench_mark,dlg,ReplyList/216/Text,0,-1,Unequip your sling bullets.,
hench_mark,dlg,ReplyList/217/Text,0,-1,Unequip your crossbow bolts.,
hench_mark,dlg,ReplyList/218/Text,0,-1,Unequip your arrows.,
hench_mark,dlg,ReplyList/219/Text,0,-1,Unequip the items on your hands.,
hench_mark,dlg,ReplyList/220/Text,0,-1,Unequip the amulet around your neck.,
hench_mark,dlg,ReplyList/221/Text,0,-1,Unequip your belt.,
hench_mark,dlg,ReplyList/222/Text,0,-1,Unequip your boots.,
hench_mark,dlg,ReplyList/223/Text,0,-1,Unequip your left ring.,
hench_mark,dlg,ReplyList/224/Text,0,-1,Unequip your right ring.,
hench_mark,dlg,ReplyList/225/Text,0,-1,Unequip your cloak.,
hench_mark,dlg,ReplyList/226/Text,0,-1,Unequip your helmet.,
hench_mark,dlg,ReplyList/227/Text,0,-1,Unequip your armor.,
hench_mark,dlg,ReplyList/228/Text,0,-1,Unequip the item in your left hand.,
hench_mark,dlg,ReplyList/229/Text,0,-1,Unequip the item in your right hand.,
hench_mark,dlg,ReplyList/232/Text,0,-1,I would like you to equip an item in your possession.,
hench_mark,dlg,ReplyList/233/Text,0,-1,I've changed my mind. I do not want you to equip an item at this time.,
hench_mark,dlg,ReplyList/234/Text,0,-1,I want you to equip some bullets.,
hench_mark,dlg,ReplyList/235/Text,0,-1,I want you to equip some bolts.,
hench_mark,dlg,ReplyList/236/Text,0,-1,I want you to equip some arrows.,
hench_mark,dlg,ReplyList/237/Text,0,-1,I want you to equip some bracers.,
hench_mark,dlg,ReplyList/238/Text,0,-1,I want you to equip an amulet.,
hench_mark,dlg,ReplyList/239/Text,0,-1,I want you to equip a belt.,
hench_mark,dlg,ReplyList/240/Text,0,-1,I want you to equip some boots.,
hench_mark,dlg,ReplyList/241/Text,0,-1,I want you to equip a ring on your left hand.,
hench_mark,dlg,ReplyList/242/Text,0,-1,I want you to equip a ring on your right hand.,
hench_mark,dlg,ReplyList/243/Text,0,-1,I want you to equip a cloak.,
hench_mark,dlg,ReplyList/244/Text,0,-1,I want you to equip a helmet.,
hench_mark,dlg,ReplyList/245/Text,0,-1,I want you to equip some armor.,
hench_mark,dlg,ReplyList/246/Text,0,-1,I want you to equip an item in your left hand.,
hench_mark,dlg,ReplyList/247/Text,0,-1,I want you to equip an item in your right hand.,
hench_mark,dlg,ReplyList/248/Text,0,-1,I've changed my mind. You have no items I wish to equip you with.,
hench_mark,dlg,ReplyList/249/Text,0,-1,<StartAction>[MORE]</Start>,
hench_mark,dlg,ReplyList/250/Text,0,-1,I would like you to equip : <CUSTOM11015>,
hench_mark,dlg,ReplyList/251/Text,0,-1,I would like you to equip : <CUSTOM11014>,
hench_mark,dlg,ReplyList/252/Text,0,-1,I would like you to equip : <CUSTOM11013>,
hench_mark,dlg,ReplyList/253/Text,0,-1,I would like you to equip : <CUSTOM11012>,
hench_mark,dlg,ReplyList/254/Text,0,-1,I would like you to equip : <CUSTOM11011>,
hench_mark,dlg,ReplyList/255/Text,0,-1,I would like you to equip : <CUSTOM11010>,
hench_mark,dlg,ReplyList/256/Text,0,-1,I would like you to equip : <CUSTOM11009>,
hench_mark,dlg,ReplyList/257/Text,0,-1,I would like you to equip : <CUSTOM11008>,
hench_mark,dlg,ReplyList/258/Text,0,-1,I would like you to equip : <CUSTOM11007>,
hench_mark,dlg,ReplyList/259/Text,0,-1,I would like you to equip : <CUSTOM11006>,
hench_mark,dlg,ReplyList/260/Text,0,-1,I would like you to equip : <CUSTOM11005>,
hench_mark,dlg,ReplyList/261/Text,0,-1,I would like you to equip : <CUSTOM11004>,
hench_mark,dlg,ReplyList/262/Text,0,-1,I would like you to equip : <CUSTOM11003>,
hench_mark,dlg,ReplyList/263/Text,0,-1,I would like you to equip : <CUSTOM11002>,
hench_mark,dlg,ReplyList/264/Text,0,-1,I would like you to equip : <CUSTOM11001>,
hench_mark,dlg,ReplyList/266/Text,0,-1,I would like to take an item from you.,
hench_mark,dlg,ReplyList/268/Text,0,-1,I'm done with your inventory for now.,
hench_mark,dlg,ReplyList/269/Text,0,-1,<StartAction>[MORE]</Start>,
hench_mark,dlg,ReplyList/270/Text,0,-1,<CUSTOM11015><CUSTOM11030>,
hench_mark,dlg,ReplyList/271/Text,0,-1,<CUSTOM11014><CUSTOM11029>,
hench_mark,dlg,ReplyList/272/Text,0,-1,<CUSTOM11013><CUSTOM11028>,
hench_mark,dlg,ReplyList/273/Text,0,-1,<CUSTOM11012><CUSTOM11027>,
hench_mark,dlg,ReplyList/274/Text,0,-1,<CUSTOM11011><CUSTOM11026>,
hench_mark,dlg,ReplyList/275/Text,0,-1,<CUSTOM11010><CUSTOM11025>,
hench_mark,dlg,ReplyList/276/Text,0,-1,<CUSTOM11009><CUSTOM11024>,
hench_mark,dlg,ReplyList/277/Text,0,-1,<CUSTOM11008><CUSTOM11023>,
hench_mark,dlg,ReplyList/278/Text,0,-1,<CUSTOM11007><CUSTOM11022>,
hench_mark,dlg,ReplyList/279/Text,0,-1,<CUSTOM11006><CUSTOM11021>,
hench_mark,dlg,ReplyList/280/Text,0,-1,<CUSTOM11005><CUSTOM11020>,
hench_mark,dlg,ReplyList/281/Text,0,-1,<CUSTOM11004><CUSTOM11019>,
hench_mark,dlg,ReplyList/282/Text,0,-1,<CUSTOM11003><CUSTOM11018>,
hench_mark,dlg,ReplyList/283/Text,0,-1,<CUSTOM11002><CUSTOM11017>,
hench_mark,dlg,ReplyList/284/Text,0,-1,<CUSTOM11001><CUSTOM11016>,
hench_mark,dlg,ReplyList/285/Text,0,-1,I would like to give you an item.,
hench_mark,dlg,ReplyList/287/Text,0,-1,I'm done with your inventory for now.,
hench_mark,dlg,ReplyList/288/Text,0,-1,<StartAction>[MORE]</Start>,
hench_mark,dlg,ReplyList/289/Text,0,-1,<CUSTOM11015><CUSTOM11030>,
hench_mark,dlg,ReplyList/29/Text,0,-1,How could a city of the Empire fall so quickly?,
hench_mark,dlg,ReplyList/290/Text,0,-1,<CUSTOM11014><CUSTOM11029>,
hench_mark,dlg,ReplyList/291/Text,0,-1,<CUSTOM11013><CUSTOM11028>,
hench_mark,dlg,ReplyList/292/Text,0,-1,<CUSTOM11012><CUSTOM11027>,
hench_mark,dlg,ReplyList/293/Text,0,-1,<CUSTOM11011><CUSTOM11026>,
hench_mark,dlg,ReplyList/294/Text,0,-1,<CUSTOM11010><CUSTOM11025>,
hench_mark,dlg,ReplyList/295/Text,0,-1,<CUSTOM11009><CUSTOM11024>,
hench_mark,dlg,ReplyList/296/Text,0,-1,<CUSTOM11008><CUSTOM11023>,
hench_mark,dlg,ReplyList/297/Text,0,-1,<CUSTOM11007><CUSTOM11022>,
hench_mark,dlg,ReplyList/298/Text,0,-1,<CUSTOM11006><CUSTOM11021>,
hench_mark,dlg,ReplyList/299/Text,0,-1,<CUSTOM11005><CUSTOM11020>,
hench_mark,dlg,ReplyList/300/Text,0,-1,<CUSTOM11004><CUSTOM11019>,
hench_mark,dlg,ReplyList/301/Text,0,-1,<CUSTOM11003><CUSTOM11018>,
hench_mark,dlg,ReplyList/302/Text,0,-1,<CUSTOM11002><CUSTOM11017>,
hench_mark,dlg,ReplyList/303/Text,0,-1,<CUSTOM11001><CUSTOM11016>,
hench_mark,dlg,ReplyList/305/Text,0,55683,I feel that we should part paths for the moment.,
hench_mark,dlg,ReplyList/311/Text,0,-1,Could you please not disable traps?,
hench_mark,dlg,ReplyList/312/Text,0,-1,Could you please disable traps?,
hench_mark,dlg,ReplyList/32/Text,0,-1,I will not end my days in this miserable place!,
hench_mark,dlg,ReplyList/327/Text,0,-1,Heal me even if there are enemies near you.,
hench_mark,dlg,ReplyList/329/Text,0,-1,Do not heal me if there are enemies near you.,
hench_mark,dlg,ReplyList/33/Text,0,-1,Is there nothing we can do to help?,
hench_mark,dlg,ReplyList/349/Text,0,-1,Let's talk about your weapon-switching tactics.,
hench_mark,dlg,ReplyList/350/Text,0,-1,I have no further need to change your tactics at this moment.,
hench_mark,dlg,ReplyList/351/Text,0,-1,I don't want you to engage in close-range combat at all. Move away from the enemy if they are too close!,
hench_mark,dlg,ReplyList/352/Text,0,-1,"Be aggressive. If you see enemies getting any closer than 6 meters or so, charge with melee!",
hench_mark,dlg,ReplyList/353/Text,0,-1,"I think you should switch to melee if the enemy is at a medium distance, between 4 and 5 meters away.",
hench_mark,dlg,ReplyList/354/Text,0,-1,"Since you're so good with your missile weapon, wait until the enemy gets relatively close, say less than 3 meters, before you switch to a melee weapon.",
hench_mark,dlg,ReplyList/355/Text,0,-1,I want you to trust your instinct as to when to switch betwen melee and missile weapons.,
hench_mark,dlg,ReplyList/357/Text,0,-1,What do you suggest we do next?,
hench_mark,dlg,ReplyList/359/Text,0,-1,Very well. Let's go.,
hench_mark,dlg,ReplyList/36/Text,0,-1,What does the Crimson Prophet have in store?,
hench_mark,dlg,ReplyList/360/Text,0,-1,I'll keep that in mind...,
hench_mark,dlg,ReplyList/361/Text,0,-1,"<< Activates ""N_TALK_SWITCH"" if ""N_MODULE_STAGE"" is 0. >>",
hench_mark,dlg,ReplyList/38/Text,0,-1,Just who are you people?,
hench_mark,dlg,ReplyList/39/Text,0,-1,Why do you have such an interest in my safety?,
hench_mark,dlg,ReplyList/41/Text,0,-1,I'll not go anywhere with you vagabonds!,
hench_mark,dlg,ReplyList/42/Text,0,-1,I'll find my own way out of the city.,
hench_mark,dlg,ReplyList/43/Text,0,-1,"Thanks for the offer, but I don't need your help.",
hench_mark,dlg,ReplyList/44/Text,0,-1,Very well. I will go with you to your ship.,
hench_mark,dlg,ReplyList/46/Text,0,-1,Who is this Harkon fellow?,
hench_mark,dlg,ReplyList/51/Text,0,-1,Is this the work of the Crimson Prophet?,
hench_mark,dlg,ReplyList/53/Text,0,-1,"I don't trust you, Markius. I'll fend for myself...",
hench_mark,dlg,ReplyList/55/Text,0,-1,Thank you for the offer but I'm better off alone.,
hench_mark,dlg,ReplyList/56/Text,0,-1,"I would like for you to come with me, Markius.",
hench_mark,dlg,ReplyList/60/Text,0,-1,"If I'm to trust you, I want a few answers...",
hench_mark,dlg,ReplyList/61/Text,0,-1,How can you be so sure I'll be safe on some ship?,
hench_mark,dlg,ReplyList/62/Text,0,-1,What kind of danger do you think I'm in?,
hench_mark,dlg,ReplyList/63/Text,0,-1,"You're more than just a friendly face, aren't you...",
hench_mark,dlg,ReplyList/64/Text,0,-1,Let's talk about something else.,
hench_mark,dlg,ReplyList/65/Text,0,-1,"<StartAction>[Wisdom]</Start> You've been trying to recruit me, right?",
hench_mark,dlg,ReplyList/66/Text,0,-1,My father? Why did I not know of this?,
hench_mark,dlg,ReplyList/67/Text,0,-1,How do you know so much about this Prophet?,
hench_mark,dlg,ReplyList/72/Text,0,-1,"Stand back from me, cur!",
hench_mark,dlg,ReplyList/73/Text,0,-1,I... I think so... Who are you? Where... where am I?,
hench_mark,dlg,ReplyList/74/Text,0,-1,"I met in the Market District, right? Markius Albright?",
hench_mark,dlg,ReplyList/75/Text,0,-1,<StartAction>[Shake the confusion from your mind.]</Start> Markius? Markius Albright?,
hench_mark,dlg,ReplyList/77/Text,0,-1,I warn you! Stand back or feel my wrath!,
hench_mark,dlg,ReplyList/78/Text,0,-1,What... what happened?,
hench_mark,dlg,ReplyList/79/Text,0,-1,<StartAction>[Remain silent.]</Start>,
hench_mark,dlg,ReplyList/80/Text,0,-1,Tough luck for dad... He should pick weaker enemies.,
hench_mark,dlg,ReplyList/83/Text,0,-1,Why would the Crimson Prophet kill my father?,
hench_mark,dlg,ReplyList/84/Text,0,-1,I will have my vengeance on this Crimson Prophet!,
hench_mark,dlg,ReplyList/87/Text,0,-1,I don't even know if you're friend or foe!,
hench_mark,dlg,ReplyList/89/Text,0,-1,I refuse to cower from this threat!,
hench_mark,dlg,ReplyList/9/Text,0,-1,Forget it! I'm not going anywhere with you!,
hench_mark,dlg,ReplyList/92/Text,0,-1,Where do you suggest we go?,
hench_mark,dlg,ReplyList/94/Text,0,-1,"<< Set owner's journal quest to ""JT_ST_1_MAIN"" >>",
hench_mark,dlg,ReplyList/95/Text,0,-1,"My father is dead, isn't he?",
hench_mark,dlg,ReplyList/96/Text,0,-1,Father! Where... where is my father?!,
hench_mark,dlg,ReplyList/98/Text,0,-1,"<< Set owner's journal quest to ""JT_PREL_MARK"" >>",
hench_protect,dlg,EntryList/0/Text,0,-1,"<FirstName>, I know you want to help the halfling Tarin, but our time is limited. We must stop the slavers before they flee Ghaaraka.",
hench_protect2,dlg,EntryList/0/Text,0,-1,"Well, <FirstName>, it looks like the ShadowGuard have gathered. I must speak with them immediately.",
hench_protect2,dlg,EntryList/1/Text,0,-1,"Please, join us at the gates to the market district when you are ready to continue.",
hench_tarin,dlg,EntryList/1/Text,0,-1,"I welcome you into the ShadowGuard, my <brother/sister>...",
hench_tarin,dlg,EntryList/10/Text,0,-1,"Let's get out of here, <FirstName>!",
hench_tarin,dlg,EntryList/100/Text,0,-1,"You've earned my respect this day, <FirstName>, and I will not forget your help. Who knows? Perhaps we will find our paths cross once more...",
hench_tarin,dlg,EntryList/101/Text,0,-1,"Now, the <quarterday> is still young, and I... <StartAction>[Tarin is cut off mid sentence as a slim, wiry man approaches...]</Start>",
hench_tarin,dlg,EntryList/102/Text,0,-1,"Even from here, I can tell Ghan's expression is still quite glum... Did he not accept the offering of the Soul Brooch?",
hench_tarin,dlg,EntryList/103/Text,0,-1,"You are truly a despicable person, <FirstName>, refusing Ghan his Soul Brooch simply to weighten your own purse! I want no more to do with you, <CUSTOM6004>!",
hench_tarin,dlg,EntryList/104/Text,0,-1,"<StartAction>[Tarin rubs his chin in deep thought.]</Start> Perhaps I can yet find a way to return it to him, in a fashion that will allow Ghan to accept it without going against this honor of his...",
hench_tarin,dlg,EntryList/105/Text,0,-1,"Will you give me the Soul Brooch, <FirstName>? I believe, given a bit of time, I can find a suitable way to return it to Ghan...",
hench_tarin,dlg,EntryList/106/Text,0,-1,"<StartAction>[Tarin frowns as he notices you do not possess the Soul Brooch anymore.]</Start> Well, you'll have to retrieve it first, <FirstName>. I'll wait for your return here...",
hench_tarin,dlg,EntryList/107/Text,0,-1,"I'm glad to see that you still honor your promise, <FirstName>. <StartAction>[Tarin holds out his hand to accept the Soul Brooch.]</Start>",
hench_tarin,dlg,EntryList/108/Text,0,-1,"I'd still like to pay you the reward I promised, but you will have to give me the Soul Brooch first...",
hench_tarin,dlg,EntryList/109/Text,0,-1,"You are truly a despicable person, <FirstName>, refusing Ghan his Soul Brooch simply to weighten your own purse! I want no more to do with you, <CUSTOM6004>!",
hench_tarin,dlg,EntryList/11/Text,0,-1,"That wasn't so bad, I suppose... Why don't you speak with Markius, <lad/lass>?",
hench_tarin,dlg,EntryList/110/Text,0,-1,"Have you brought the Soul Brooch with you, <FirstName>?",
hench_tarin,dlg,EntryList/111/Text,0,-1,"<StartAction>[Sigh.]</Start> Very well then, <lad/lass>. Please do hurry, though, for I truly hate to see Ghan so miserable over this affair.",
hench_tarin,dlg,EntryList/112/Text,0,-1,"Why... why you... you greedy little dog! Get out of my sight! I may not be called a rogue for nothing, but you, <sir/madam>, are nothing short of a petty villian!",
hench_tarin,dlg,EntryList/113/Text,0,-1,"Ah, excellent! Here's what I would like you to do. Take the brooch back to Ghan, and tell him you won it in a card game.",
hench_tarin,dlg,EntryList/114/Text,0,-1,"From what I hear of Minotaur culture, if the brooch has been recovered in the same manner it was lost, in this case through a game of chance, then it does not bring dishonor to the Minotaur.",
hench_tarin,dlg,EntryList/115/Text,0,-1,"Good. Once it's in his hands, return to me here for your reward. Now, on your way, <CUSTOM6004>... <StartAction>[Tarin motions towards Ghan, still sulking in the corner of the tavern.]</Start>",
hench_tarin,dlg,EntryList/116/Text,0,-1,"Poor Ghan... I feel truly terrible about his predicament. That Mylok fellow is known for rigging his card games to benefit his own purse, and I fear Ghan may have fallen prey to one of Mylok's scams...",
hench_tarin,dlg,EntryList/117/Text,0,-1,"No, I suppose you wouldn't care about anyone but yourself, now would you, <FirstName>? He's nothing more than a stupid Minotaur, right? How's he going to get back his brooch without our aid?",
hench_tarin,dlg,EntryList/118/Text,0,-1,"Well, perhaps that's true, and perhaps it's not. Knowing Mylok, he likely had this whole scenario planned before he ever played against Ghan. Say what you want about us gamblers, but it doesn't make foul play any better...",
hench_tarin,dlg,EntryList/119/Text,0,-1,"You'd be willing to help out a fellow down on his luck like that? I've got to say I'm impressed, <FirstName>. There's not many in this city that would offer to do such a thing.",
hench_tarin,dlg,EntryList/12/Text,0,-1,Too much excitement for me for one day... I say we make our way out of Ghaarak...,
hench_tarin,dlg,EntryList/120/Text,0,-1,"As you wish, <FirstName>... <StartAction>[Tarin gives you a slightly disapproving look, but shrugs and lets the matter drop.]</Start> See you around, <CUSTOM6004>...",
hench_tarin,dlg,EntryList/121/Text,0,-1,"A mercenary to the core, eh? Well, I suppose we do all have our needs for wealth. I tell you what, if you can get this Soul Brooch back from Mylok, I'd be willing to reward you with 100 gold pieces.",
hench_tarin,dlg,EntryList/122/Text,0,-1,"Perhaps you and I are of a kindred spirit, <FirstName>. I tell you what. If you can get back this Soul Brooch from Mylok, I'd be willing to give you 100 gold pieces for it.",
hench_tarin,dlg,EntryList/123/Text,0,-1,"And they call me a rogue! Very well, if you insist on breaking my purse, I suppose I can go a bit higher... 200 gold pieces it is.",
hench_tarin,dlg,EntryList/124/Text,0,-1,"Good to hear! You can likely find that scumbag, Mylok, creeping around here in the Market District. Find him, and see if you can get back that Soul Brooch. Return to me with it, and we'll arrange for it to be returned to Ghan.",
hench_tarin,dlg,EntryList/125/Text,0,-1,"Well, that is quite noble of you! It's good to see that some are swayed for higher purposes than gold...",
hench_tarin,dlg,EntryList/126/Text,0,-1,"<StartAction>[Tarin seems a bit anxious as the roaring Minotaur hovers over the ruins of the card table, and rightly so, for the Minotaur looms as a giant over the Halfling's small frame.]</Start> Easy now, Ghan...",
hench_tarin,dlg,EntryList/127/Text,0,-1,"<StartAction>[Lyen, having drawn a blade, directs his weapon threateningly towards the Minotaur.]</Start> Keep your hands off him, Ghan...",
hench_tarin,dlg,EntryList/128/Text,0,-1,"<StartAction>[Slowly, the Minotaur seems to gather his calm, and the fire in his eyes dies down.]</Start> I... I apologize. You... you won fairly... and... and I shall honor the rules. It's just... I just needed the gold...",
hench_tarin,dlg,EntryList/129/Text,0,-1,<StartAction>[The large Minotaur hangs his head in shame.]</Start> I shall never regain my honor now! I shall have to return to Charach and tell my Vhaarah that I lost our Soul Brooch...,
hench_tarin,dlg,EntryList/13/Text,0,-1,"I've got a bad feeling about this, <FirstName>...",
hench_tarin,dlg,EntryList/130/Text,0,-1,"Easy now, big fellow. We are all friends here, and I certainly didn't mean for a simple game of fun to turn into this. Why don't you tell us what happened, and perhaps we can help...",
hench_tarin,dlg,EntryList/131/Text,0,-1,"<StartAction>[Ghan turns his gaze towards the little Halfling.]</Start> Two nights ago, I lost a game of cards to Mylok, a dirty little man here in the Market. I... I had no gold to pay my debt, and was forced to give him my Soul Brooch.",
hench_tarin,dlg,EntryList/132/Text,0,-1,"Among my people, there can be no greater shame than losing one's Soul Brooch. It is a symbol of the life bond between myself and my love, Vhaarah. To lose such a great gift shows dishonor and weakness.",
hench_tarin,dlg,EntryList/133/Text,0,-1,"If it means that much to you, Ghan, I can give you the gold to buy back your Soul Brooch. I was only playing for fun anyway, and it would be little trouble to give you the gold you need...",
hench_tarin,dlg,EntryList/134/Text,0,-1,"That is kind of you to offer, Tarin Lightfingers, but I cannot accept such aid. It is I who brought this upon myself, and it is I who must face the consequences of my action. To accept your gift would only increase my shame...",
hench_tarin,dlg,EntryList/135/Text,0,-1,"<StartAction>[With head bowed low, the Minotaur slowly walks away from the table, his massive shoulders slumped in despair...]</Start>",
hench_tarin,dlg,EntryList/136/Text,0,-1,"<StartAction>[The diminutive Halfling, playing a card game with a Minotaur and a Ranger, jumps a bit when you tap him on the shoulder, but recovers quickly from his startle and gives you a wide grin.]</Start>",
hench_tarin,dlg,EntryList/137/Text,0,-1,"Greetings to you, <sir/madam>! I am Tarin Lightfingers, Halfling card player extraordinaire! These two large gentlemen are Lyen Silverblade, my close personal friend, and Ghan, a Minotaur from the Isle of Charach.",
hench_tarin,dlg,EntryList/138/Text,0,-1,"As you wish. Should you find you wish a bit of friendly company at a later time, do feel free to come back and chat with me for a while.",
hench_tarin,dlg,EntryList/139/Text,0,-1,"<StartAction>[In a blink of the eye, the Halfling has returned once more to playing his card game, oblivious to your presence.]</Start>",
hench_tarin,dlg,EntryList/14/Text,0,-1,"How 'bout we get out of this place before it's too late, <FirstName>? I've got a bad feeling we won't last for long if we stay in Ghaarak...",
hench_tarin,dlg,EntryList/140/Text,0,-1,"Well then, we are in most esteemed company! I hear your father has become a bit of a local legend around these parts, bringing the city of Ghaarak under Imperial rule and all.",
hench_tarin,dlg,EntryList/141/Text,0,-1,"Well, you sure seem to be in a bad mood... Perhaps you should take a load off and join us for a card game. We would love to have such an honored guest at our tables, and perhaps it will lighten your spirits a bit.",
hench_tarin,dlg,EntryList/142/Text,0,-1,"Well, it certainly is a pleasure to meet you, <FirstName>. Would you care to join us for a game of cards? We would be quite honored to have such a well-mannered young <man/woman> join us for a bit.",
hench_tarin,dlg,EntryList/143/Text,0,-1,"Do as you like, my young friend. <StartAction>[Tarin motions to an empty seat beside him, and turns back to his cards.]</Start>",
hench_tarin,dlg,EntryList/144/Text,0,-1,"<StartAction>[After a few minutes of playing redhead, Tarin manages to beat his two larger opponents, collecting the sizeable bet which has grown on the table.]</Start> Sorry, gentlemen, but it seems I have outwitted you yet again!",
hench_tarin,dlg,EntryList/145/Text,0,-1,"Excellent to hear, <FirstName>! Make yourself at ease among your new friends! <StartAction>[Tarin motions for you to take a seat beside him at the table.]</Start>",
hench_tarin,dlg,EntryList/146/Text,0,-1,"<StartAction>[Tarin shuffles the deck of cards in a rapid, impressive display.]</Start> The name of the game is redhead, <FirstName>. We've been playing for a while, but I can go over the rules if you need me to.",
hench_tarin,dlg,EntryList/147/Text,0,-1,"Here's how redhead works. We'll start off the game by placing the ante of 5 gold pieces. I deal two cards to each player, one which is laid down, the other which is facing up for all to see.",
hench_tarin,dlg,EntryList/148/Text,0,-1,"After the initial bet, I deal out another round of cards to players who ask for it, and you have to place 5 more gold pieces to stay in. This continues until every player has had their turn.",
hench_tarin,dlg,EntryList/149/Text,0,-1,"The goal is to have a total number of cards whose sum is less than or equal to 21. The player with the highest score without exceeding 21 wins. If two hands are tied, the player with the most number of cards wins. Got it?",
hench_tarin,dlg,EntryList/15/Text,0,-1,"<StartAction>[Tarin looks around nervously, but nods his head.]</Start> As you wish, <FirstName>. Just be sure to come get me... if you need my help...",
hench_tarin,dlg,EntryList/150/Text,0,-1,"Everyone whose going to play, pay up 5 gold pieces.",
hench_tarin,dlg,EntryList/151/Text,0,-1,Now I'll pass out the cards... <StartAction>[You are dealt a <CUSTOM7000> and a <CUSTOM7001>.]</Start>,
hench_tarin,dlg,EntryList/152/Text,0,-1,<StartAction>[The ranger grunts in acknowledgement that he will stay in the game. His visible card is a 10.]</Start>,
hench_tarin,dlg,EntryList/153/Text,0,-1,"<StartAction>[The Minotaur seems to be a bit nervous, but he agrees to play this hand. He is dealt his cards, his visible card coming up a 3.]</Start>",
hench_tarin,dlg,EntryList/154/Text,0,-1,"I'll stay in as well. <StartAction>[The Halfling deals out his two cards, his visible card a <CUSTOM7011>.]</Start>",
hench_tarin,dlg,EntryList/155/Text,0,-1,"<StartAction>[The cards now showing are:
Your Hand: <CUSTOM7000><CUSTOM7001><CUSTOM7002><CUSTOM7003><CUSTOM7004> : Total <CUSTOM7009>
Tarin's Visible Cards: <CUSTOM7011><CUSTOM7012><CUSTOM7013> 
Lyen's Visible Cards: 10
Ghan's Visible Cards: 3]</Start>",
hench_tarin,dlg,EntryList/156/Text,0,-1,"If you want to stay in, you have to place another 5 gold pieces into the bet. If you do so, you can either accept a card or hold your hand as is. Otherwise you can admit defeat and fold.",
hench_tarin,dlg,EntryList/157/Text,0,-1,"Looks like everyone is still in! <StartAction>[Lyen accepts a card, bringing his visible total to 19. Ghan passes on a card for this hand.]</Start> <FirstName>, what shall it be? Do you want another card?",
hench_tarin,dlg,EntryList/158/Text,0,-1,"<StartAction>[Tarin deals you a <CUSTOM7002>, bringing your total to <CUSTOM7009>.]</Start>",
hench_tarin,dlg,EntryList/159/Text,0,-1,I think I'll hold on this hand...,
hench_tarin,dlg,EntryList/16/Text,0,-1,"The Market District isn't pretty at the moment, <CUSTOM6004>. You'd better talk with Markius...",
hench_tarin,dlg,EntryList/160/Text,0,-1,"I'll take a card as well... <StartAction>[Tarin deals himself a <CUSTOM7012>, bringing his total visible cards to <CUSTOM7019>.]</Start>",
hench_tarin,dlg,EntryList/161/Text,0,-1,"<StartAction>[The cards now showing are:
Your Hand: <CUSTOM7000><CUSTOM7001><CUSTOM7002><CUSTOM7003><CUSTOM7004> : Total <CUSTOM7009>
Tarin's Visible Cards: <CUSTOM7011><CUSTOM7012><CUSTOM7013>
Lyen's Visible Cards: 10 9
Ghan's Visible Cards: 3]</Start>",
hench_tarin,dlg,EntryList/162/Text,0,-1,"Now for the last round of cards. If you want to stay in, you have to place another 5 gold pieces into the bet. If you do so, you can either accept a card or hold your hand as is. Otherwise admit defeat and fold.",
hench_tarin,dlg,EntryList/163/Text,0,-1,"<StartAction>[Everyone else throws in as well.]</Start> Now, now, we have ourselves an interesting game, my friends! Who wants a last card, and who will hold?",
hench_tarin,dlg,EntryList/164/Text,0,-1,"Give me another, Halfling...",
hench_tarin,dlg,EntryList/165/Text,0,-1,"<StartAction>[Tarin cocks his eyebrow at the darkly dressed man sitting next to him.]</Start> You sure about that, Lyen? You have 19 showing...",
hench_tarin,dlg,EntryList/166/Text,0,-1,"You'll not fool me this game, little fellow! Give me a card! <StartAction>[Tarin shrugs, dealing out a 9 to the roguish man, bringing his visible total to 28.]</Start>",
hench_tarin,dlg,EntryList/167/Text,0,-1,"Sorry, big guy, but looks like you're out of this game...",
hench_tarin,dlg,EntryList/168/Text,0,-1,"<StartAction>[Lyen tosses down his hand and leans back in his chair, shaking his head.]</Start> I hate card games.",
hench_tarin,dlg,EntryList/169/Text,0,-1,"<StartAction>[Ghan motions that he would like to have a card dealt to him. Tarin obliges, dealing Ghan a 1, bringing the Minotaur's visible total to 4.]</Start>",
hench_tarin,dlg,EntryList/17/Text,0,-1,<StartAction>[This little Halfling gives you an impish smile as you draw near.]</Start>,
hench_tarin,dlg,EntryList/170/Text,0,-1,"How 'bout it, <FirstName>? Do you want another card, or will you pass on this deal?",
hench_tarin,dlg,EntryList/171/Text,0,-1,"<StartAction>[Tarin deals you a <CUSTOM7003>, bringing your total to <CUSTOM7009>.]</Start>",
hench_tarin,dlg,EntryList/172/Text,0,-1,I think I'll hold on this hand...,
hench_tarin,dlg,EntryList/173/Text,0,-1,"I'll take a card as well... <StartAction>[Tarin deals himself a <CUSTOM7013>, bringing his total visible cards to <CUSTOM7019>.]</Start>",
hench_tarin,dlg,EntryList/174/Text,0,-1,Let's see what everyone has... <StartAction>[Tarin motions for the remaining players to lay down their hands.]</Start>,
hench_tarin,dlg,EntryList/175/Text,0,-1,"<StartAction>[The cards now showing are:
Your Hand: <CUSTOM7000><CUSTOM7001><CUSTOM7002><CUSTOM7003><CUSTOM7004> : Total <CUSTOM7009>
Tarin's Hand: <CUSTOM7010><CUSTOM7011><CUSTOM7012><CUSTOM7013> : Total <CUSTOM7019>
Ghan's Hand: 1 4 1: Total 5]</Start>",
hench_tarin,dlg,EntryList/176/Text,0,-1,"Sorry, my friends, but looks like ol' Tarin has won again! <StartAction>[Tarin grins widely as he gathers the large pile of gold coins to him.]</Start>",
hench_tarin,dlg,EntryList/177/Text,0,-1,"Looks like you're the winner, <FirstName>! Congratulations on a job well done! <StartAction>[Tarin slides the pile of gold coins across the table to you.]</Start>",
hench_tarin,dlg,EntryList/178/Text,0,-1,"<StartAction>[Suddenly, you notice the large Minotaur, Ghan, flare his eyes wide.]</Start> The fates curse you, curse you all! <StartAction>[With a mighty swing of his fist, Ghan demolishes the table before him, sending cards flying everywhere.]</Start>",
hench_tarin,dlg,EntryList/179/Text,0,-1,"Really? He said that? Well, if that's what he chooses to consider me, consider me honored.",
hench_tarin,dlg,EntryList/18/Text,0,-1,"You lent me your aid against Nightcrawler's men, now let me give you mine! I have all manner of useful roguish skills, all of which I am willing to put at your disposal, <FirstName>!",
hench_tarin,dlg,EntryList/180/Text,0,-1,"<< Activates ""N_TALK_SWITCH"" if ""N_MODULE_STAGE"" is 0. >>",
hench_tarin,dlg,EntryList/181/Text,0,56145,"What can ol' Tarin Lightfingers do for you, <CUSTOM6004>?",
hench_tarin,dlg,EntryList/183/Text,0,-1,I think we're safe enough here.,
hench_tarin,dlg,EntryList/184/Text,0,-1,Very well.,
hench_tarin,dlg,EntryList/185/Text,0,-1,"What part of my inventory would you like to manage, <FirstName>?",
hench_tarin,dlg,EntryList/186/Text,0,56145,"What do you wish of me, <FirstName>?",
hench_tarin,dlg,EntryList/189/Text,0,-1,"As you wish, <FirstName>. I hope that we may continue to work with one another at a later time, but for now I bid you farewell.",
hench_tarin,dlg,EntryList/190/Text,0,-1,"Should you decide that you do indeed need my aid, I will be in the Imperial District. Seek me out there should you feel you need my assistance.",
hench_tarin,dlg,EntryList/191/Text,0,56146,"My services are at your command, <FirstName>.",
hench_tarin,dlg,EntryList/192/Text,0,-1,"Very well, <FirstName>.",
hench_tarin,dlg,EntryList/193/Text,0,-1,"Very well, <FirstName>.",
hench_tarin,dlg,EntryList/2/Text,0,-1,Would you like some help in your mission?,
hench_tarin,dlg,EntryList/20/Text,0,-1,"Good to see you again, <FirstName>, though I regret that it has to be under such unfortunate circumstances...",
hench_tarin,dlg,EntryList/201/Text,0,-1,I will try to heal you even if I am being attacked at close range.,
hench_tarin,dlg,EntryList/202/Text,0,-1,"Very well, I will heal you only if I am not in hand-to-hand combat.",
hench_tarin,dlg,EntryList/203/Text,0,56180,As you wish.,
hench_tarin,dlg,EntryList/205/Text,0,56174,"I hope this is a wise decision, as I am far more skilled on the front lines of battle, but I shall do as you command.",
hench_tarin,dlg,EntryList/208/Text,0,62539,I can do that. When the combat begins I'll rush in and use melee weapons.,
hench_tarin,dlg,EntryList/209/Text,0,62540,Of course. When the combat begins I'll stay back and attack with my ranged weapons from a distance. I'll switch weapons if the enemies get too close.,
hench_tarin,dlg,EntryList/21/Text,0,-1,"Aye, at least for the time being anyway. You see, these fine chaps are helping me pay off some of my old gambling debts... They're fairly nice folk as well, once you get used to 'em...",
hench_tarin,dlg,EntryList/210/Text,0,-1,Sure. What would you like me to do?,
hench_tarin,dlg,EntryList/211/Text,0,-1,Very well. I will avoid melee combat unless I am cornered.,
hench_tarin,dlg,EntryList/212/Text,0,-1,"I like your style, <FirstName>. I didn't know you had such a streak within you, but I must say I am impressed.",
hench_tarin,dlg,EntryList/213/Text,0,-1,"That may be hard to judge, but I shall do my best.",
hench_tarin,dlg,EntryList/214/Text,0,-1,"Very well, I'll wait until the last possible moment!",
hench_tarin,dlg,EntryList/215/Text,0,-1,Very well. I will do what I feel is best.,
hench_tarin,dlg,EntryList/216/Text,0,-1,"Varhun's death should signal an end to the threat against you and your father, but it might be wise for us to go to Magistrate Okaris now. My suggestion would be to head to the Imperial Estate, but do as you wish.",
hench_tarin,dlg,EntryList/217/Text,0,-1,"It appears Varhun has bested us, <FirstName>. I fear we can do little more against him, for the evidence has been destroyed. We will simply have to hope that luck remains with you and your father...",
hench_tarin,dlg,EntryList/218/Text,0,-1,"I believe we have Varhun now. It should only be a matter of confronting the Chancellor at this point. Come, let us put an end to this...",
hench_tarin,dlg,EntryList/219/Text,0,-1,I believe you were wise to enlist the aid of Captain Anagril. He seems to be a decent man. Let us see what we can uncover in Varhun's chambers.,
hench_tarin,dlg,EntryList/22/Text,0,-1,"Tarin Lightfingers, Halfling card player extraordinaire, at your service, and pleased to meet ya'!",
hench_tarin,dlg,EntryList/220/Text,0,-1,I'm not so sure that confronting Varhun was the wisest decision... He may now have time to rid himself of any evidence. We can only hope that we still find some proof of his guilt.,
hench_tarin,dlg,EntryList/221/Text,0,-1,I have to admit I am quite surprised to learn that a high ranking Imperial official such as Chancellor Varhun would be involved in a matter like this. I believe we are going to have to confront the Chancellor on this issue.,
hench_tarin,dlg,EntryList/222/Text,0,-1,"I suppose bloodshed was inevitable, considering the fact Mikel desired your death. Let's see if Mikel's chamber holds any information regarding his motives for plotting against you and your father.",
hench_tarin,dlg,EntryList/223/Text,0,-1,"We've gotten this far without bloodshed, so perhaps we can yet avoid bloodshed. Why not speak with Mikel, and see what he has to say about the assassination attempt?",
hench_tarin,dlg,EntryList/224/Text,0,-1,You did well in securing aid from Officer Ganolin. We should have an easier time of confronting Mikel Ravenclaw now. Let's head toward Ravenclaw Tavern...,
hench_tarin,dlg,EntryList/225/Text,0,-1,"We need to find some way of discovering Mikel's motives behind plotting against you and your father. We will have to be careful entering his chambers, though, for he keeps himself well guarded.",
hench_tarin,dlg,EntryList/226/Text,0,-1,Which item would you like me to unequip?,
hench_tarin,dlg,EntryList/227/Text,0,-1,"Very well, <FirstName>. I have unequipped all my items.",
hench_tarin,dlg,EntryList/228/Text,0,-1,"As you wish, <FirstName>. I have successfully unequipped <CUSTOM10001>.",
hench_tarin,dlg,EntryList/229/Text,0,-1,"I am sorry, <FirstName>, but I do not have an item in that inventory slot.",
hench_tarin,dlg,EntryList/23/Text,0,-1,Okay... Come back if you need me help...,
hench_tarin,dlg,EntryList/230/Text,0,-1,Which inventory slot would you like me to equip an item in?,
hench_tarin,dlg,EntryList/231/Text,0,-1,Please tell me which of my items you would like me to equip.,
hench_tarin,dlg,EntryList/232/Text,0,-1,"As you wish, <FirstName>.",
hench_tarin,dlg,EntryList/233/Text,0,-1,"I'm sorry, <FirstName>, but I was unable to equip that item.",
hench_tarin,dlg,EntryList/234/Text,0,-1,Very well. Just give me one moment to sort out my inventory...,
hench_tarin,dlg,EntryList/235/Text,0,-1,Here all the items I currently possess. <StartAction>[You may select any of the items below if you would like to take the item from the henchman.]</Start>,
hench_tarin,dlg,EntryList/236/Text,0,-1,"As you wish, <FirstName>.",
hench_tarin,dlg,EntryList/237/Text,0,-1,Very well. Just give me one moment to sort out my inventory...,
hench_tarin,dlg,EntryList/238/Text,0,-1,Which item would you like to give me? <StartAction>[Select an item from the list to give to your henchman.]</Start>,
hench_tarin,dlg,EntryList/239/Text,0,-1,"Thank you, <FirstName>.",
hench_tarin,dlg,EntryList/24/Text,0,-1,"Now, would you care for me to lend my roguish talents to you in making our way to the docks, and perhaps getting out of this dreadful place?",
hench_tarin,dlg,EntryList/240/Text,0,-1,"Sure thing, <CUSTOM6004>. Here you go!",
hench_tarin,dlg,EntryList/244/Text,0,-1,"Very well, <FirstName>.",
hench_tarin,dlg,EntryList/245/Text,0,-1,"Very well, <FirstName>.",
hench_tarin,dlg,EntryList/25/Text,0,-1,"Lead the way, <FirstName>! You can count on Tarin Lightfingers to keep ya' out of trouble!",
hench_tarin,dlg,EntryList/253/Text,0,-1,I will try to heal you even if I am being attacked at close range.,
hench_tarin,dlg,EntryList/254/Text,0,-1,"Very well, I will heal you only if I am not in hand-to-hand combat.",
hench_tarin,dlg,EntryList/26/Text,0,-1,"<< Set owner's journal quest to ""JT_ST_1_MAIN"" >>",
hench_tarin,dlg,EntryList/261/Text,0,56175,Is there anything else?,
hench_tarin,dlg,EntryList/263/Text,0,62540,"Of course. When the combat begins I'll still use my spells, but I'll also stay back and attack with my ranged weapons from a distance. I'll switch weapons if the enemies get too close.",
hench_tarin,dlg,EntryList/264/Text,0,-1,Sure. What would you like me to do?,
hench_tarin,dlg,EntryList/265/Text,0,-1,Very well. I will avoid melee combat unless I am cornered.,
hench_tarin,dlg,EntryList/266/Text,0,-1,They will not catch me off-guard!,
hench_tarin,dlg,EntryList/267/Text,0,-1,"Hard to judge, but I'll see what I can do.",
hench_tarin,dlg,EntryList/268/Text,0,-1,"OK, I'll wait until the last possible moment!",
hench_tarin,dlg,EntryList/269/Text,0,-1,OK. I will do what I feel is best.,
hench_tarin,dlg,EntryList/27/Text,0,-1,"<< Set owner's journal quest to ""JT_PREL_TARI"" >>",
hench_tarin,dlg,EntryList/271/Text,0,-1,"<< This conversation node does nothing but reset the variable ""N_TALK_SWITCH"" >>",
hench_tarin,dlg,EntryList/272/Text,0,-1,<< Reset playing cards variable..... Node is always FALSE >>,
hench_tarin,dlg,EntryList/273/Text,0,-1,"<< Set owner's journal quest to ""JT_PREL_TARI"" >>",
hench_tarin,dlg,EntryList/28/Text,0,-1,"The Market District isn't pretty at the moment, <CUSTOM6004>. You'd better talk with Markius...",
hench_tarin,dlg,EntryList/3/Text,0,-1,As you wish.,
hench_tarin,dlg,EntryList/30/Text,0,-1,"<< Set owner's journal quest to ""JT_ST_1_MAIN"" >>",
hench_tarin,dlg,EntryList/31/Text,0,-1,"<StartAction>[As you approach the diminutive form of Tarin Lightingers, he does not immediately take notice. Instead, his attention is drawn to a chest of gold lying before him...]</Start>",
hench_tarin,dlg,EntryList/32/Text,0,-1,"<StartAction>[Tarin jumps excitely, and spins towards you.]</Start> Oh... uh... aye, hello there, <FirstName>. You... you caught me a bit unawares, I'm afraid.",
hench_tarin,dlg,EntryList/33/Text,0,-1,"So, what can ol' Tarin do for you on this fine evening, <lad/lass>?",
hench_tarin,dlg,EntryList/34/Text,0,-1,"Aye, no worries, <FirstName>. Have yourself a good evening, and stop in anytime...",
hench_tarin,dlg,EntryList/35/Text,0,-1,"<StartAction>[Tarin's typically cheerful face turns a bit dour.]</Start> Ah... the Final Initiation... A true beast of a trial, it is, my <lad/lass>... one which you should prepare yourself well for...",
hench_tarin,dlg,EntryList/36/Text,0,-1,"'Tis difficult to say much on it, for the trial depends on the nature of the one taking it, but rest assured Rakha will test your ability to strike swiftly in stealth and subterfuge.",
hench_tarin,dlg,EntryList/37/Text,0,-1,"After all, we of the ShadowGuard must be prepared to act under the guise of deception if we are to be effective, and Rakha will want to ensure you are capable of acting with us.",
hench_tarin,dlg,EntryList/38/Text,0,-1,"Don't worry too much over it, though. Just keep your wits about you, and I'm sure you can handle anything the Emperor may throw at you...",
hench_tarin,dlg,EntryList/39/Text,0,-1,"<StartAction>[Tarin raises his eyebrow at you slyly.]</Start> Going prying about in others' affairs, eh? Can't say I blame you for wanting to know about your companions, so ask away!",
hench_tarin,dlg,EntryList/4/Text,0,-1,"Very good, <mister/missus> <LastName>",
hench_tarin,dlg,EntryList/40/Text,0,-1,"Vhorkas keeps this whole organization running, he does. Without the Overlord, can't see as how we'd truly be effective. He takes the orders straight from Emperor Rakha and delivers them to us.",
hench_tarin,dlg,EntryList/41/Text,0,-1,"Vhorkas has been a good leader to us all, ensuring we have what we need to accomplish both his goals and our own. Do your duties well, and you can be assured Vhorkas will watch out for you...",
hench_tarin,dlg,EntryList/42/Text,0,-1,"Kara's a beautiful thing, 'tis sure, but she's got a fire in her eyes behind that sultry glint. Trust me, <lad/lass>. She can be just as dangerous as she is gorgeous...",
hench_tarin,dlg,EntryList/43/Text,0,-1,"But if you ask me, Kara's decent enough at heart. 'Tis just her dark past that haunts her, and that's one tale I won't tell in these halls. You'll have to talk with her more if you want the whole story on that one...",
hench_tarin,dlg,EntryList/44/Text,0,-1,"Markius? He's a decent enough sort, though he's a bit too strict with the letter of Rakha's law for my tastes. Still, he makes sure we're all kept safe and sound, so that gives him my good graces...",
hench_tarin,dlg,EntryList/45/Text,0,-1,"I have to say, Markius would die for any of us should it come to it, and he never falters in battle, no matter what the circumstance. You can put your trust in Markius, my <lad/lass>.",
hench_tarin,dlg,EntryList/46/Text,0,-1,"<StartAction>[Tarin looks at you suspiciously.]</Start> And why should I trust someone like you? You'd have left me to Pharos Nightcrawler's cronies in Ghaarak, after all...",
hench_tarin,dlg,EntryList/47/Text,0,-1,"<StartAction>[Success]</Start> Aye, I suppose you didn't know who I was then... and you do seem decent enough now. Very well, I guess I can trust you enough to tell the tale...",
hench_tarin,dlg,EntryList/48/Text,0,-1,"<StartAction>[Tarin opens his mouth as if to speak, but then seems to think otherwise.]</Start> I... I don't know, <FirstName>. I'm not sure I'm ready to trust you that much just yet...",
hench_tarin,dlg,EntryList/49/Text,0,-1,"<StartCheck>[Failure]</Start> I'm afraid I'm just not ready to trust you yet, <FirstName>... Come, let us speak of something else...",
hench_tarin,dlg,EntryList/5/Text,0,-1,"<< Activates ""N_TALK_SWITCH"" if ""N_MODULE_STAGE"" is 9. USING THIS FOR TESTING AT THE MOMENT! >>",
hench_tarin,dlg,EntryList/50/Text,0,-1,"<StartAction>[Success]</Start> Oh, I suppose you're right, <FirstName>. After all, you are one of us now...",
hench_tarin,dlg,EntryList/51/Text,0,-1,"Well, I don't suppose it could hurt to tell you, <FirstName>. After all, you did come through for me back in Ghaarak...",
hench_tarin,dlg,EntryList/52/Text,0,-1,"This chest of gold is my earnings from my service to the ShadowGuard, <FirstName>. Five years of service, and I have finally collect enough gold to make my payment... a payment that may yet save my life...",
hench_tarin,dlg,EntryList/53/Text,0,-1,"You see, before I came to be one of the ShadowGuard, I once was one of the most feared mercenaries of the outlaw city of Laceri. Well, ""feared"" may be a bit too strong... more along the lines of useful...",
hench_tarin,dlg,EntryList/54/Text,0,-1,"But even more than my valuable skills in subterfuge, I was known as the best card player for a hundred leagues of the city. None could beat Tarin Lightfingers in a game of cards!",
hench_tarin,dlg,EntryList/55/Text,0,-1,"<StartAction>[Tarin's expression darkens a bit.]</Start> Then came that fateful day... I made the mistake of joining a card game at the tables of Pharos Nightcrawler, infamous crime lord of Laceri...",
hench_tarin,dlg,EntryList/56/Text,0,-1,"To this day, I still believe Pharos rigged the game, for I was positive I had the winning hand of cards in our last round. Alas, such was not to be, and I lost a sizeable debt to the crime lord...",
hench_tarin,dlg,EntryList/57/Text,0,-1,"Unfortunately, I could not pay the amount I owed to him, and I took to hiding as Pharos Nightcrawler sent his assassins against me. Many are the tales of my great exploits in this time, and I, little Tarin, escaped them all!",
hench_tarin,dlg,EntryList/58/Text,0,-1,"It was only a matter of time before even my luck ran out, however, and Pharos had become obsessed with tracking me down. That was when I met Overlord Vhorkas, and he offered me protection against my pursuers...",
hench_tarin,dlg,EntryList/59/Text,0,-1,"So, I came to be among the ShadowGuard, and thought I had escaped Pharos Nightcrawler's shadow once and for all. But, encountering his men in Ghaarak changed all that for me, and now I know I'll never truly be safe.",
hench_tarin,dlg,EntryList/6/Text,0,-1,"Glad to have ya' aboard, <FirstName>. I'm sure you'll find the ShadowGuard just to your liking...",
hench_tarin,dlg,EntryList/60/Text,0,-1,"So, I have gathered all the gold I've saved over the years here, and I plan to pay this debt off once and for all. Even a crook like Pharos will have to respect a Halfling whose paid his debt...",
hench_tarin,dlg,EntryList/61/Text,0,-1,"Indeed it is, my <lad/lass>, indeed it is. If truth be told, I'll be quite pleased once this cursed debt is lifted off my head...",
hench_tarin,dlg,EntryList/62/Text,0,-1,"Soon enough, I'll go to settle the debt, but that journey lies yet ahead of me. ",
hench_tarin,dlg,EntryList/63/Text,0,-1,"<< Activates ""N_TALK_SWITCH"" if ""N_MODULE_STAGE"" is 1. >>",
hench_tarin,dlg,EntryList/64/Text,0,-1,"Thank you so much for saving my life, <FirstName>. I don't know how I could ever repay you for your kind act.",
hench_tarin,dlg,EntryList/65/Text,0,-1,"Well, er, as you wish, <CUSTOM6004>. I certainly don't want to trouble you any further after all you've done for me... Still, I would like to give you something for your efforts...",
hench_tarin,dlg,EntryList/66/Text,0,-1,"Yes, yes, I suppose you're right. Pharos Nightcrawler's lackeys may still be wandering around here, and it would do little good for them to catch sight of me...",
hench_tarin,dlg,EntryList/67/Text,0,-1,"I'd like to offer you the 400 gold I won here in Ghaarak, as payment for my brave rescue. It's the least I can give... ",
hench_tarin,dlg,EntryList/68/Text,0,-1,"<StartAction>[Grumble.]</Start> I suppose I could part with a bit extra... though now I won't be taking anything home with me... Still, without your help, it wouldn't make much difference, so here's 500 gold for your help.",
hench_tarin,dlg,EntryList/69/Text,0,-1,"Well, I ought to be off on my way now. No good staying around here much longer. Good luck to you, <FirstName>, and I have a feeling we may yet see each other before all is over and done with!",
hench_tarin,dlg,EntryList/7/Text,0,-1,"<< Set owner's journal quest to ""JT_ST_2_MAIN"" >>",
hench_tarin,dlg,EntryList/70/Text,0,-1,"<StartAction>[The little Halfling makes his way towards the Docks, in preparation to leave Ghaarak for safety.]</Start>",
hench_tarin,dlg,EntryList/71/Text,0,-1,"I'll do my best, <CUSTOM6004>, but that's a lot to ask out of ol' Tarin Lightfingers! After all, card playing is my specialty! Still, though, it's kind of you not to rob me of my earnings, and thank you once more.",
hench_tarin,dlg,EntryList/73/Text,0,-1,"Shall we make our way out of this foul place, <FirstName>?",
hench_tarin,dlg,EntryList/74/Text,0,-1,"I suppose I can, but please be quick! I don't much care to stay down here any longer than necessary...",
hench_tarin,dlg,EntryList/75/Text,0,-1,"<StartAction>[Tarin turns his groggy eyes towards you, shaking his head to clear the fog.]</Start> Ugh... my poor little head...",
hench_tarin,dlg,EntryList/76/Text,0,-1,"Thank the gods you're here, <FirstName>! I thought I would end my days in the dungeons of Pharos Nightcrawler for sure this time!",
hench_tarin,dlg,EntryList/77/Text,0,-1,"<StartAction>[Tarin appears a bit downcast, but nods in agreement.]</Start> As you would have it, <FirstName>. I'll wait here til you say it's safe to do otherwise.",
hench_tarin,dlg,EntryList/78/Text,0,-1,<StartAction>[Tarin nods.]</Start> Sounds like a decent enough plan to me...,
hench_tarin,dlg,EntryList/79/Text,0,-1,"Lead the way, <FirstName>!",
hench_tarin,dlg,EntryList/8/Text,0,-1,"<< Activates ""N_TALK_SWITCH"" if ""N_MODULE_STAGE"" is 2. >>",
hench_tarin,dlg,EntryList/80/Text,0,-1,<StartAction>[Tarin turns to Lyen.]</Start> Can you go out ahead and get our ship ready? We should prepare our escape immediately if we're to get out of here in one piece...,
hench_tarin,dlg,EntryList/81/Text,0,-1,<StartAction>[Lyen nods and quickly darts into the shadows.]</Start>,
hench_tarin,dlg,EntryList/82/Text,0,-1,"<StartAction>[Tarin looks a bit embarrassed.]</Start> Well, yes, in a fashion. You see, this chap in Laceri, a nasty fellow who goes by Pharos Nightcrawler, seems to want my head upon a spike...",
hench_tarin,dlg,EntryList/83/Text,0,-1,"It's all over a bunch of foolishness, but he seems quite adamant in his pursuit of me. But that's a long story, and I'd say we have far greater worries at the moment... as in how I'm going to get out of here...",
hench_tarin,dlg,EntryList/84/Text,0,-1,"<StartAction>[Tarin notices your uniform, and his eyes grow wide in terror.]</Start> Oh no! So... so you've come for me then...",
hench_tarin,dlg,EntryList/85/Text,0,-1,"<StartAction>[As his vision clears, though, Tarin realizes who you are, and a great smile breaks out over his face.]</Start> Why you sneaky rascal! That's quite the disguise you have there!",
hench_tarin,dlg,EntryList/86/Text,0,-1,"If you'd like to join us for a card game, <FirstName>, speak with this Malthar gent. I'm sure he'll fill you in on the details...",
hench_tarin,dlg,EntryList/87/Text,0,-1,"<StartAction>[The tall, dark skinned man bows before Tarin, a rather strange sight, as the man stands nearly twice as high as the small Halfling.]</Start> Good day to you, sir Halfling. I am Malthar, and I wish to extend my greetings to you.",
hench_tarin,dlg,EntryList/88/Text,0,-1,"Nice to meet ya', Malthar. I am Tarin Lightfingers, traveller of the Northern Reaches and card player extraordinaire! Pleased to meet your acquaintance!",
hench_tarin,dlg,EntryList/89/Text,0,-1,"The same to you, small sir. My companions and I are seeking a bit of company to pass the time with, perhaps play a few hands of cards... Would you be interested in joining us?",
hench_tarin,dlg,EntryList/9/Text,0,-1,How 'bout speaking with the Overlord so we can get ourselves out of Ghaarak...,
hench_tarin,dlg,EntryList/90/Text,0,-1,"A game of cards, eh? Can't say I'd be willing to pass that up, and there isn't much else going on at the moment... Sure, why not?",
hench_tarin,dlg,EntryList/91/Text,0,-1,"Excellent! <StartAction>[Malthar looks towards you and Lyen.]</Start> Your companions are welcome to come along, if they like. Come, follow me!",
hench_tarin,dlg,EntryList/92/Text,0,-1,"I'd love for you to come join us, <FirstName>. If you feel up for a bit of fun, why don't you come join us?",
hench_tarin,dlg,EntryList/93/Text,0,-1,"While I would prefer just as well that you didn't join us, <FirstName>, I suppose the invitation is open to you as well. Do as you like...",
hench_tarin,dlg,EntryList/94/Text,0,-1,"Come along, Lyen! We have yet more gold to win before the <quarterday> is done!",
hench_tarin,dlg,EntryList/95/Text,0,-1,"<StartAction>[Lyen smiles and shakes his head at the Halfling's insistence on gambling, but follows suit anyway.]</Start>",
hench_tarin,dlg,EntryList/96/Text,0,-1,"Come along, my friends. The <quarterday> is still young! <StartAction>[This Malthar fellow motions for Tarin and  Lyen to follow, and you suppose you could tag along if you like.]</Start>",
hench_tarin,dlg,EntryList/97/Text,0,-1,"I can see the glowing expression of Ghan even from here, <FirstName>, so I would assume the Soul Brooch is once more in his possession...",
hench_tarin,dlg,EntryList/98/Text,0,-1,"It is quite noble of you to aid Ghan without any sort of reward, <FirstName>. You're a good <CUSTOM6004>, and I thank you for all you have done.",
hench_tarin,dlg,EntryList/99/Text,0,-1,"As promised, I shall pay you your reward. <StartAction>[Tarin counts out the agreed amount from his purse.]</Start>",
hench_tarin,dlg,ReplyList/0/Text,0,-1,"No, I work better alone.",
hench_tarin,dlg,ReplyList/1/Text,0,-1,"Yes, I would.",
hench_tarin,dlg,ReplyList/10/Text,0,-1,Well said. I'm <FullName>.,
hench_tarin,dlg,ReplyList/100/Text,0,-1,<StartAction>[Hand the brooch over to the Halfling.]</Start>,
hench_tarin,dlg,ReplyList/103/Text,0,-1,"No, not yet.",
hench_tarin,dlg,ReplyList/105/Text,0,-1,I have it but I'm thinking I'll keep it.,
hench_tarin,dlg,ReplyList/107/Text,0,-1,I have it right here.,
hench_tarin,dlg,ReplyList/109/Text,0,-1,"Actually, I think I'm going to sell it instead.",
hench_tarin,dlg,ReplyList/11/Text,0,-1,"Actually, I'm thinking of choosing someone else...",
hench_tarin,dlg,ReplyList/110/Text,0,-1,Very well. I'll return it to Ghan.,
hench_tarin,dlg,ReplyList/112/Text,0,-1,Why should I care what happens to that fool?!,
hench_tarin,dlg,ReplyList/113/Text,0,-1,It serves the Minotaur right...,
hench_tarin,dlg,ReplyList/114/Text,0,-1,Is anything we could do to help him?,
hench_tarin,dlg,ReplyList/115/Text,0,-1,Aid him if you wish but I'm not interested.,
hench_tarin,dlg,ReplyList/117/Text,0,-1,I'm willing to aid him if the price is right...,
hench_tarin,dlg,ReplyList/118/Text,0,-1,Ghan seems like a nice enough sort.,
hench_tarin,dlg,ReplyList/119/Text,0,-1,"Forget it, I don't have the time...",
hench_tarin,dlg,ReplyList/12/Text,0,-1,Sounds just like what I need. Let's go.,
hench_tarin,dlg,ReplyList/120/Text,0,-1,Make it 200 and we have a deal.,
hench_tarin,dlg,ReplyList/121/Text,0,-1,200 it is. Now what's your plan.,
hench_tarin,dlg,ReplyList/122/Text,0,-1,You have yourself a deal.,
hench_tarin,dlg,ReplyList/124/Text,0,-1,No reward is needed. I'll do it for free.,
hench_tarin,dlg,ReplyList/125/Text,0,-1,I just want to help Ghan out of his predicament.,
hench_tarin,dlg,ReplyList/137/Text,0,-1,"Sorry, I'd rather not mix with a bunch of gamblers.",
hench_tarin,dlg,ReplyList/14/Text,0,-1,<StartAction>[Leave the Halfling to his business.]</Start>,
hench_tarin,dlg,ReplyList/140/Text,0,-1,It's good to meet you. I'm <FirstName>.,
hench_tarin,dlg,ReplyList/141/Text,0,-1,"A pleasure. I'm <FullName>, <CUSTOM6001> of the Magistrate.",
hench_tarin,dlg,ReplyList/142/Text,0,-1,His worth to this miserable city is overrated.,
hench_tarin,dlg,ReplyList/143/Text,0,-1,"Yes, he is held in high regard here in Ghaarak.",
hench_tarin,dlg,ReplyList/144/Text,0,-1,No thanks. Perhaps some other time.,
hench_tarin,dlg,ReplyList/145/Text,0,-1,Gamble with vagabonds? I think not.,
hench_tarin,dlg,ReplyList/146/Text,0,-1,I don't think I'll play but I'd like to watch.,
hench_tarin,dlg,ReplyList/147/Text,0,-1,<StartAction>[Leave the table.]</Start>,
hench_tarin,dlg,ReplyList/148/Text,0,-1,<StartAction>[Take a seat to observe the game.]</Start>,
hench_tarin,dlg,ReplyList/149/Text,0,-1,"Sure, I'll play a hand.",
hench_tarin,dlg,ReplyList/15/Text,0,-1,<StartAction>[Tap the Halfling on the shoulder.]</Start>,
hench_tarin,dlg,ReplyList/150/Text,0,-1,"Actually, I'm busy. Maybe later.",
hench_tarin,dlg,ReplyList/151/Text,0,-1,"On second thought, I think I'll just watch.",
hench_tarin,dlg,ReplyList/152/Text,0,-1,<StartAction>[Take a seat and play a hand.]</Start>,
hench_tarin,dlg,ReplyList/153/Text,0,-1,"That's alright, I already know how to play.",
hench_tarin,dlg,ReplyList/154/Text,0,-1,You'd better fill me in on it.,
hench_tarin,dlg,ReplyList/157/Text,0,-1,Maybe you better go over that one more time.,
hench_tarin,dlg,ReplyList/158/Text,0,-1,Got it.,
hench_tarin,dlg,ReplyList/159/Text,0,-1,<StartAction>[Refuse the bet and fold on the game.]</Start>,
hench_tarin,dlg,ReplyList/160/Text,0,-1,<StartAction>[Pay the 5 gold piece bet.]</Start>,
hench_tarin,dlg,ReplyList/166/Text,0,-1,<StartAction>[Place a further bet of 5 gold pieces.]</Start>,
hench_tarin,dlg,ReplyList/167/Text,0,-1,"No, I'll hold with what I've got.",
hench_tarin,dlg,ReplyList/168/Text,0,-1,"Yes, please give me another card.",
hench_tarin,dlg,ReplyList/17/Text,0,-1,"Nothing at the moment, Tarin. Sorry to have bothered you.",
hench_tarin,dlg,ReplyList/172/Text,0,-1,<StartAction>[Place a further bet of 5 gold pieces.]</Start>,
hench_tarin,dlg,ReplyList/180/Text,0,-1,"No, I'll hold with what I have.",
hench_tarin,dlg,ReplyList/181/Text,0,-1,"Yes, please give me another card.",
hench_tarin,dlg,ReplyList/188/Text,0,-1,"Markius Albright's friend, yes?",
hench_tarin,dlg,ReplyList/19/Text,0,-1,I was curious as to whether you could tell me anything about the Final Initiation I am to take upon the dawn...,
hench_tarin,dlg,ReplyList/190/Text,0,-1,Scout ahead for enemies. Engage in combat if they are nearby; otherwise return to me.,
hench_tarin,dlg,ReplyList/191/Text,0,-1,I would like to manage your inventory.,
hench_tarin,dlg,ReplyList/192/Text,0,-1,I do not wish to manage your inventory any further at this time.,
hench_tarin,dlg,ReplyList/194/Text,0,-1,Please try to identify my items.,
hench_tarin,dlg,ReplyList/197/Text,0,55683,I feel that we should part paths for the moment.,
hench_tarin,dlg,ReplyList/2/Text,0,-1,"Perhaps, but I'd rather you stay here for now...",
hench_tarin,dlg,ReplyList/202/Text,0,-1,Could you please not disable traps?,
hench_tarin,dlg,ReplyList/203/Text,0,-1,Could you please disable traps?,
hench_tarin,dlg,ReplyList/218/Text,0,-1,Heal me even if there are enemies near you.,
hench_tarin,dlg,ReplyList/220/Text,0,-1,Do not heal me if there are enemies near you.,
hench_tarin,dlg,ReplyList/23/Text,0,-1,Could I ask you a few questions about the others here among the ShadowGuard?,
hench_tarin,dlg,ReplyList/24/Text,0,-1,"Actually, let me ask you about something else...",
hench_tarin,dlg,ReplyList/240/Text,0,-1,Let's talk about your weapon-switching tactics.,
hench_tarin,dlg,ReplyList/241/Text,0,-1,I have no further need to change your tactics at this moment.,
hench_tarin,dlg,ReplyList/242/Text,0,-1,I don't want you to engage in close-range combat at all. Move away from the enemy if they are too close!,
hench_tarin,dlg,ReplyList/243/Text,0,-1,"Be aggressive. If you see enemies getting any closer than 6 meters or so, charge with melee!",
hench_tarin,dlg,ReplyList/244/Text,0,-1,"I think you should switch to melee if the enemy is at a medium distance, between 4 and 5 meters away.",
hench_tarin,dlg,ReplyList/245/Text,0,-1,"Since you're so good with your missile weapon, wait until the enemy gets relatively close, say less than 3 meters, before you switch to a melee weapon.",
hench_tarin,dlg,ReplyList/246/Text,0,-1,I want you to trust your instinct as to when to switch betwen melee and missile weapons.,
hench_tarin,dlg,ReplyList/248/Text,0,-1,What do you suggest we do next?,
hench_tarin,dlg,ReplyList/25/Text,0,-1,Can you tell me a bit regarding Overlord Vhorkas?,
hench_tarin,dlg,ReplyList/250/Text,0,-1,Very well. Let's go.,
hench_tarin,dlg,ReplyList/251/Text,0,-1,I'll keep that in mind...,
hench_tarin,dlg,ReplyList/252/Text,0,-1,"<< Activates ""N_TALK_SWITCH"" if ""N_MODULE_STAGE"" is 0. >>",
hench_tarin,dlg,ReplyList/253/Text,0,-1,I would like for you to unequip an item.,
hench_tarin,dlg,ReplyList/254/Text,0,-1,Don't unequip anything right now.,
hench_tarin,dlg,ReplyList/255/Text,0,-1,Unequip all your gear.,
hench_tarin,dlg,ReplyList/257/Text,0,-1,Unequip your sling bullets.,
hench_tarin,dlg,ReplyList/258/Text,0,-1,Unequip your crossbow bolts.,
hench_tarin,dlg,ReplyList/259/Text,0,-1,Unequip your arrows.,
hench_tarin,dlg,ReplyList/260/Text,0,-1,Unequip the items on your hands.,
hench_tarin,dlg,ReplyList/261/Text,0,-1,Unequip the amulet around your neck.,
hench_tarin,dlg,ReplyList/262/Text,0,-1,Unequip your belt.,
hench_tarin,dlg,ReplyList/263/Text,0,-1,Unequip your boots.,
hench_tarin,dlg,ReplyList/264/Text,0,-1,Unequip your left ring.,
hench_tarin,dlg,ReplyList/265/Text,0,-1,Unequip your right ring.,
hench_tarin,dlg,ReplyList/266/Text,0,-1,Unequip your cloak.,
hench_tarin,dlg,ReplyList/267/Text,0,-1,Unequip your helmet.,
hench_tarin,dlg,ReplyList/268/Text,0,-1,Unequip your armor.,
hench_tarin,dlg,ReplyList/269/Text,0,-1,Unequip the item in your left hand.,
hench_tarin,dlg,ReplyList/27/Text,0,-1,What do you know of Kara Dy'nesh?,
hench_tarin,dlg,ReplyList/270/Text,0,-1,Unequip the item in your right hand.,
hench_tarin,dlg,ReplyList/273/Text,0,-1,I would like you to equip an item in your possession.,
hench_tarin,dlg,ReplyList/274/Text,0,-1,I've changed my mind. I do not want you to equip an item at this time.,
hench_tarin,dlg,ReplyList/275/Text,0,-1,I want you to equip some bullets.,
hench_tarin,dlg,ReplyList/276/Text,0,-1,I want you to equip some bolts.,
hench_tarin,dlg,ReplyList/277/Text,0,-1,I want you to equip some arrows.,
hench_tarin,dlg,ReplyList/278/Text,0,-1,I want you to equip some bracers.,
hench_tarin,dlg,ReplyList/279/Text,0,-1,I want you to equip an amulet.,
hench_tarin,dlg,ReplyList/280/Text,0,-1,I want you to equip a belt.,
hench_tarin,dlg,ReplyList/281/Text,0,-1,I want you to equip some boots.,
hench_tarin,dlg,ReplyList/282/Text,0,-1,I want you to equip a ring on your left hand.,
hench_tarin,dlg,ReplyList/283/Text,0,-1,I want you to equip a ring on your right hand.,
hench_tarin,dlg,ReplyList/284/Text,0,-1,I want you to equip a cloak.,
hench_tarin,dlg,ReplyList/285/Text,0,-1,I want you to equip a helmet.,
hench_tarin,dlg,ReplyList/286/Text,0,-1,I want you to equip some armor.,
hench_tarin,dlg,ReplyList/287/Text,0,-1,I want you to equip an item in your left hand.,
hench_tarin,dlg,ReplyList/288/Text,0,-1,I want you to equip an item in your right hand.,
hench_tarin,dlg,ReplyList/289/Text,0,-1,I've changed my mind. You have no items I wish to equip you with.,
hench_tarin,dlg,ReplyList/29/Text,0,-1,"What can you tell me of our leader, Markius Albright?",
hench_tarin,dlg,ReplyList/290/Text,0,-1,<StartAction>[MORE]</Start>,
hench_tarin,dlg,ReplyList/291/Text,0,-1,I would like you to equip : <CUSTOM11015>,
hench_tarin,dlg,ReplyList/292/Text,0,-1,I would like you to equip : <CUSTOM11014>,
hench_tarin,dlg,ReplyList/293/Text,0,-1,I would like you to equip : <CUSTOM11013>,
hench_tarin,dlg,ReplyList/294/Text,0,-1,I would like you to equip : <CUSTOM11012>,
hench_tarin,dlg,ReplyList/295/Text,0,-1,I would like you to equip : <CUSTOM11011>,
hench_tarin,dlg,ReplyList/296/Text,0,-1,I would like you to equip : <CUSTOM11010>,
hench_tarin,dlg,ReplyList/297/Text,0,-1,I would like you to equip : <CUSTOM11009>,
hench_tarin,dlg,ReplyList/298/Text,0,-1,I would like you to equip : <CUSTOM11008>,
hench_tarin,dlg,ReplyList/299/Text,0,-1,I would like you to equip : <CUSTOM11007>,
hench_tarin,dlg,ReplyList/300/Text,0,-1,I would like you to equip : <CUSTOM11006>,
hench_tarin,dlg,ReplyList/301/Text,0,-1,I would like you to equip : <CUSTOM11005>,
hench_tarin,dlg,ReplyList/302/Text,0,-1,I would like you to equip : <CUSTOM11004>,
hench_tarin,dlg,ReplyList/303/Text,0,-1,I would like you to equip : <CUSTOM11003>,
hench_tarin,dlg,ReplyList/304/Text,0,-1,I would like you to equip : <CUSTOM11002>,
hench_tarin,dlg,ReplyList/305/Text,0,-1,I would like you to equip : <CUSTOM11001>,
hench_tarin,dlg,ReplyList/307/Text,0,-1,I would like to take an item from you.,
hench_tarin,dlg,ReplyList/309/Text,0,-1,I'm done with your inventory for now.,
hench_tarin,dlg,ReplyList/31/Text,0,-1,Let me ask you about another one of our members...,
hench_tarin,dlg,ReplyList/310/Text,0,-1,<StartAction>[MORE]</Start>,
hench_tarin,dlg,ReplyList/311/Text,0,-1,<CUSTOM11015><CUSTOM11030>,
hench_tarin,dlg,ReplyList/312/Text,0,-1,<CUSTOM11014><CUSTOM11029>,
hench_tarin,dlg,ReplyList/313/Text,0,-1,<CUSTOM11013><CUSTOM11028>,
hench_tarin,dlg,ReplyList/314/Text,0,-1,<CUSTOM11012><CUSTOM11027>,
hench_tarin,dlg,ReplyList/315/Text,0,-1,<CUSTOM11011><CUSTOM11026>,
hench_tarin,dlg,ReplyList/316/Text,0,-1,<CUSTOM11010><CUSTOM11025>,
hench_tarin,dlg,ReplyList/317/Text,0,-1,<CUSTOM11009><CUSTOM11024>,
hench_tarin,dlg,ReplyList/318/Text,0,-1,<CUSTOM11008><CUSTOM11023>,
hench_tarin,dlg,ReplyList/319/Text,0,-1,<CUSTOM11007><CUSTOM11022>,
hench_tarin,dlg,ReplyList/32/Text,0,-1,"What exactly is the chest of gold for, Tarin? Looks like you've accumlated quite a bit of wealth...",
hench_tarin,dlg,ReplyList/320/Text,0,-1,<CUSTOM11006><CUSTOM11021>,
hench_tarin,dlg,ReplyList/321/Text,0,-1,<CUSTOM11005><CUSTOM11020>,
hench_tarin,dlg,ReplyList/322/Text,0,-1,<CUSTOM11004><CUSTOM11019>,
hench_tarin,dlg,ReplyList/323/Text,0,-1,<CUSTOM11003><CUSTOM11018>,
hench_tarin,dlg,ReplyList/324/Text,0,-1,<CUSTOM11002><CUSTOM11017>,
hench_tarin,dlg,ReplyList/325/Text,0,-1,<CUSTOM11001><CUSTOM11016>,
hench_tarin,dlg,ReplyList/326/Text,0,-1,I would like to give you an item.,
hench_tarin,dlg,ReplyList/328/Text,0,-1,I'm done with your inventory for now.,
hench_tarin,dlg,ReplyList/329/Text,0,-1,<StartAction>[MORE]</Start>,
hench_tarin,dlg,ReplyList/33/Text,0,-1,"<StartAction>[Persuade]</Start> That was before I knew you, though, Tarin. Surely you do not harbor such a grudge now?",
hench_tarin,dlg,ReplyList/330/Text,0,-1,<CUSTOM11015><CUSTOM11030>,
hench_tarin,dlg,ReplyList/331/Text,0,-1,<CUSTOM11014><CUSTOM11029>,
hench_tarin,dlg,ReplyList/332/Text,0,-1,<CUSTOM11013><CUSTOM11028>,
hench_tarin,dlg,ReplyList/333/Text,0,-1,<CUSTOM11012><CUSTOM11027>,
hench_tarin,dlg,ReplyList/334/Text,0,-1,<CUSTOM11011><CUSTOM11026>,
hench_tarin,dlg,ReplyList/335/Text,0,-1,<CUSTOM11010><CUSTOM11025>,
hench_tarin,dlg,ReplyList/336/Text,0,-1,<CUSTOM11009><CUSTOM11024>,
hench_tarin,dlg,ReplyList/337/Text,0,-1,<CUSTOM11008><CUSTOM11023>,
hench_tarin,dlg,ReplyList/338/Text,0,-1,<CUSTOM11007><CUSTOM11022>,
hench_tarin,dlg,ReplyList/339/Text,0,-1,<CUSTOM11006><CUSTOM11021>,
hench_tarin,dlg,ReplyList/34/Text,0,-1,You have a point... Let us speak of another matter.,
hench_tarin,dlg,ReplyList/340/Text,0,-1,<CUSTOM11005><CUSTOM11020>,
hench_tarin,dlg,ReplyList/341/Text,0,-1,<CUSTOM11004><CUSTOM11019>,
hench_tarin,dlg,ReplyList/342/Text,0,-1,<CUSTOM11003><CUSTOM11018>,
hench_tarin,dlg,ReplyList/343/Text,0,-1,<CUSTOM11002><CUSTOM11017>,
hench_tarin,dlg,ReplyList/344/Text,0,-1,<CUSTOM11001><CUSTOM11016>,
hench_tarin,dlg,ReplyList/35/Text,0,-1,"<StartAction>[Persuade]</Start> Ah, come now, Tarin. Can you not trust one of your own companions?",
hench_tarin,dlg,ReplyList/351/Text,0,-1,Could you please not disable traps?,
hench_tarin,dlg,ReplyList/352/Text,0,-1,Could you please disable traps?,
hench_tarin,dlg,ReplyList/36/Text,0,-1,"Very well then, Tarin...",
hench_tarin,dlg,ReplyList/366/Text,0,-1,Heal me even if there are enemies near you.,
hench_tarin,dlg,ReplyList/367/Text,0,-1,Do not heal me if there are enemies near you.,
hench_tarin,dlg,ReplyList/386/Text,0,-1,Let's talk about your weapon-switching tactics.,
hench_tarin,dlg,ReplyList/387/Text,0,-1,I don't want you to engage in close-range combat at all. Move away from the enemy if they are too close!,
hench_tarin,dlg,ReplyList/388/Text,0,-1,"Be aggressive. If you see enemies getting any closer than 6 meters or so, charge with melee!",
hench_tarin,dlg,ReplyList/389/Text,0,-1,"I think you should switch to melee if the enemy is at a medium distance, between 4 and 5 meters away.",
hench_tarin,dlg,ReplyList/390/Text,0,-1,"Since you're so good with your missile weapon, wait until the enemy gets relatively close, say less than 3 meters, before you switch to a melee weapon.",
hench_tarin,dlg,ReplyList/391/Text,0,-1,I want you to trust your instinct as to when to switch betwen melee and missile weapons.,
hench_tarin,dlg,ReplyList/4/Text,0,-1,"I agree, Tarin. Let's go.",
hench_tarin,dlg,ReplyList/46/Text,0,-1,That's quite the tale...,
hench_tarin,dlg,ReplyList/48/Text,0,-1,I see. Let me ask you about something else...,
hench_tarin,dlg,ReplyList/49/Text,0,-1,Begone! You've caused me enough trouble today.,
hench_tarin,dlg,ReplyList/50/Text,0,-1,"Get out of Ghaarak while you still can, Halfling...",
hench_tarin,dlg,ReplyList/52/Text,0,-1,"Well, a bit of gold would go a long way...",
hench_tarin,dlg,ReplyList/53/Text,0,-1,"No problem, Tarin. I'm glad you're safe.",
hench_tarin,dlg,ReplyList/54/Text,0,-1,Come now... Surely you can part with a bit more...,
hench_tarin,dlg,ReplyList/56/Text,0,-1,That sounds fair enough.,
hench_tarin,dlg,ReplyList/57/Text,0,-1,"Farewell, Tarin.",
hench_tarin,dlg,ReplyList/59/Text,0,-1,Nonsense! Just stay away from those card tables.,
hench_tarin,dlg,ReplyList/6/Text,0,-1,"You're with the ShadowGuard, Tarin?",
hench_tarin,dlg,ReplyList/61/Text,0,-1,"Wait here a moment longer, Tarin.",
hench_tarin,dlg,ReplyList/63/Text,0,-1,"Yes, let's go.",
hench_tarin,dlg,ReplyList/65/Text,0,-1,We're not clear yet. Stay here until I return.,
hench_tarin,dlg,ReplyList/67/Text,0,-1,"The path should be safe, Tarin. Let's go.",
hench_tarin,dlg,ReplyList/68/Text,0,-1,I'll pose as your Nightcrawler escort. Come on.,
hench_tarin,dlg,ReplyList/73/Text,0,-1,This has happened before?,
hench_tarin,dlg,ReplyList/8/Text,0,-1,I really must be on my way...,
hench_tarin,dlg,ReplyList/90/Text,0,-1,"There's no need to pay me, Tarin.",
hench_tarin,dlg,ReplyList/91/Text,0,-1,"A deal well done, then.",
hench_tarin,dlg,ReplyList/94/Text,0,-1,"Actually, I think I might sell it instead.",
hench_tarin,dlg,ReplyList/95/Text,0,-1,He claims his honor won't allow him to...,
hench_tarin,dlg,ReplyList/97/Text,0,-1,"Actually, I think I might sell it instead.",
hench_tarin,dlg,ReplyList/98/Text,0,-1,"Of course, Tarin.",
hench_tarin,dlg,ReplyList/99/Text,0,-1,Very well. I'll be right back with it.,
impprotect_lyen,dlg,EntryList/0/Text,0,-1,"What are you doing? You know my business is in the Market District! I have not time to waste, either we go back and look for Tarin or I go back alone.",
impprotect_lyen,dlg,EntryList/1/Text,0,-1,"Excellent, we should continue the search.",
impprotect_lyen,dlg,EntryList/2/Text,0,-1,"If you come to your sences and deside to help me, you can find me in the Raven Claw.",
impprotect_lyen,dlg,ReplyList/0/Text,0,-1,Let's go back and search.,
impprotect_lyen,dlg,ReplyList/2/Text,0,-1,Go back by yourself.,
kara_shad_spirit,dlg,EntryList/1/Text,0,-1,Hisss....,
kara_shad_spirit,dlg,EntryList/2/Text,0,-1,"<< Activates ""N_TALK_SWITCH"" if ""N_MODULE_STAGE"" is 9. >>",
kara_shad_spirit,dlg,EntryList/3/Text,0,-1,"<< This conversation node does nothing but reset the variable ""N_TALK_SWITCH"" >>",
merch_blk_market,dlg,EntryList/1/Text,0,-1,"<StartAction>[Before you stands a small framed man with facial features resembling those of a rat. He gives you a sharp grin, exposing a set of small, yellowed teeth.]</Start> Care to peruse my wares, young <lad/lass>?",
merch_blk_market,dlg,EntryList/10/Text,0,-1,"<StartCheck>[Failure]</Start> <StartAction>[The merchant looks at you with his small eyes narrowed suspiciously.]</Start> I'm sorry, ""friend,"" but I don't know anything but nothing in that regard...",
merch_blk_market,dlg,EntryList/11/Text,0,-1,"<StartAction>[Shrak sneers at you, drawing a blade from the folds of his jerkin.]</Start> So, you wish to cross paths with me?! You shall fall by my hand!",
merch_blk_market,dlg,EntryList/12/Text,0,-1,"<StartCheck>[Failure]</Start> <StartAction>[Shrak's eyes grow large as he notices your failed attempt to pick his pocket.]</Start> So, you think you can steal from me, worm?! You shall pay dearly for your mistake...",
merch_blk_market,dlg,EntryList/13/Text,0,-1,<StartAction>[Success]</Start> <StartAction>[You manage to obtain a small key from Shrak's pocket without his notice.]</Start>,
merch_blk_market,dlg,EntryList/14/Text,0,-1,"<StartCheck>[Failure]</Start> Your threats do not frighten me, fool! Now begone from my store!",
merch_blk_market,dlg,EntryList/15/Text,0,-1,"<StartCheck>[Failure]</Start> <StartAction>[Shrak glimpses your attempt to take his dagger, and swiftly steps aside. You trip during your maneuver, and Shrak presses his blade to your back.]</Start>",
merch_blk_market,dlg,EntryList/16/Text,0,-1,"You dare cross me, worm?! <StartAction>[With a sneer, Shrak pulls for a blade from his jerkin, and lunges towards you.]</Start>",
merch_blk_market,dlg,EntryList/17/Text,0,-1,"<StartAction>[Success]</Start> <StartAction>[With a swift flick of your hand, you grab the dagger from Shrak's belt, and quickly press it to his throat. His eyes widen in shock and fear, and he whimpers softly.]</Start>",
merch_blk_market,dlg,EntryList/18/Text,0,-1,"<StartAction>[Success]</Start> I... I... Oh, alright! I tell you... just... just put that weapon away!",
merch_blk_market,dlg,EntryList/19/Text,0,-1,"<StartAction>[Success]</Start> Yes, yes... perhaps I might... <StartAction>[Shrak holds out his palm eagerly.]</Start>",
merch_blk_market,dlg,EntryList/2/Text,0,-1,<StartAction>[The merchant snarls angrily.]</Start> I grow tired of that fool constantly harassing my trade! I need to bring an end to his tampering... and perhaps you can aid me in this matter.,
merch_blk_market,dlg,EntryList/20/Text,0,-1,"Bah! Begone from my store then! I have no time to bother with rabble like you! <StartAction>[Shrak turns away from you, seemingly tired of this conversation.]</Start>",
merch_blk_market,dlg,EntryList/21/Text,0,-1,"<StartCheck>[Failure]</Start> I am sorry, but I do not know what you are talking about, <sir/madam>. I'm afraid I cannot be of assistance to you. Now, I must ask that you leave my store, as I have work to attend to...",
merch_blk_market,dlg,EntryList/22/Text,0,-1,<StartAction>[Success]</Start> I suppose I might be able to help you for that price...,
merch_blk_market,dlg,EntryList/23/Text,0,-1,"<StartAction>[Success]</Start> I suppose you do seem trustworthy enough, so perhaps I may be able to help you after all...",
merch_blk_market,dlg,EntryList/24/Text,0,-1,<StartAction>[Success] [Shrak nods his head.]</Start> I suppose I know a few people who might be willing to make a purchase...,
merch_blk_market,dlg,EntryList/25/Text,0,-1,"Luck would have it that I have some friends in town right now, my good <lad/lass>! They're always on the lookout for good specimens. You'll be well paid if your companion is of hardy stock! ",
merch_blk_market,dlg,EntryList/26/Text,0,-1,"Go to the Ravenclaw Tavern, and visit one of the tavern rooms there. Knock upon the door three times, and one of the men I'm speaking of will answer. When he does, say: ""The hawk's blood flows freely."" That will let them know you were sent by me.",
merch_blk_market,dlg,EntryList/27/Text,0,-1,"I'd take you myself, but, as I'm sure you can see, I'm a bit preoccupied with business... Now, if you'll just be on your way...",
merch_blk_market,dlg,EntryList/28/Text,0,-1,"Let us just say that I have a way of acquiring goods normally not allowed in the Market District. The Sharakhan Empire has quite strict regulations on these sorts of things, but that's never stopped <CUSTOM9999>!",
merch_blk_market,dlg,EntryList/29/Text,0,-1,"<StartAction>[The merchant gives you a suspicious stare.]</Start> That's none of your affair, <lad/lass>! Now, if you are not here to make a purchase, I would ask that you leave!",
merch_blk_market,dlg,EntryList/3/Text,0,-1,"Then I am afraid I shall be forced to deal with you as well... I can't have you running back to Markius with this news, now can I? <StartAction>[In a flash, Shrak has drawn a blade from his jerkin, and lunges towards you.]</Start>",
merch_blk_market,dlg,EntryList/30/Text,0,-1,Then begone from here! I have little time to chatter away when there is business to be done!,
merch_blk_market,dlg,EntryList/31/Text,0,-1,"I have quite a selection of items that can be found nowhere else in the Market District. I also might be willing to buy any items you have... unlawfully... acquired, though I will have to take a percentage, of course.",
merch_blk_market,dlg,EntryList/32/Text,0,-1,"<< Activates ""N_TALK_SWITCH"" if ""N_MODULE_STAGE"" is 0. >>",
merch_blk_market,dlg,EntryList/33/Text,0,-1,"<< This conversation node does nothing but reset the variable ""N_TALK_SWITCH"" >>",
merch_blk_market,dlg,EntryList/35/Text,0,-1,"<< Set owner's journal quest to ""JT_PRELUDE"" >>",
merch_blk_market,dlg,EntryList/36/Text,0,-1,"<< This node sets up custom string ""9999"" to be the name of the conversation owner >>",
merch_blk_market,dlg,EntryList/4/Text,0,-1,"Of course, of course. A little gold from my purse would be well worth the price to ensure my trade with the Bloodhawks goes undisturbed. I'll reward you with eight hundred gold. This price, however, is not negotiable.",
merch_blk_market,dlg,EntryList/5/Text,0,-1,"The Bloodhawks can ill afford for this Markius Albright to continue investigating their base. I will contact my allies among the slavers, and have them ""deal"" with Markius once and for all... but I will need your help to do this...",
merch_blk_market,dlg,EntryList/6/Text,0,-1,"Good. Two of my companions reside in one of the inn rooms at the Ravenclaw Tavern. Take this Markius Albright with you, and seek them out.",
merch_blk_market,dlg,EntryList/7/Text,0,-1,"You will likely find my slaver companions to be suspicious, so knock upon their door three times, and speak the phrase: ""The hawk's blood flows freely.""",
merch_blk_market,dlg,EntryList/8/Text,0,-1,"I shall have informed them of your coming, and they will deal with this Markius Albright properly...",
merch_blk_market,dlg,EntryList/9/Text,0,-1,"Now, rid me of your presence! Come back when the deed is done, and I shall give you your reward.",
merch_blk_market,dlg,ReplyList/0/Text,0,-1,A man named Markius Albright seems curious about slavers.,
merch_blk_market,dlg,ReplyList/1/Text,0,-1,I think I'll just kill you now.,
merch_blk_market,dlg,ReplyList/11/Text,0,-1,<StartAction>[Charisma]</Start> I'm journeying south and wish to get rid of a servant.,
merch_blk_market,dlg,ReplyList/12/Text,0,-1,<StartAction>[Leave the merchant stand quietly.]</Start>,
merch_blk_market,dlg,ReplyList/13/Text,0,-1,"You will die by my hand, filthy slaver!",
merch_blk_market,dlg,ReplyList/15/Text,0,-1,<StartAction>[Pick Pocket] [Perhaps he's carrying something of use.]</Start>,
merch_blk_market,dlg,ReplyList/16/Text,0,-1,<StartAction>[Intimidate] [Heft your weapon where Shrak can see it.]</Start>,
merch_blk_market,dlg,ReplyList/17/Text,0,-1,<StartAction>[Dexterity] [Grab Shrak's dagger and place it at his neck.]</Start>,
merch_blk_market,dlg,ReplyList/19/Text,0,-1,Tell me everything you know...,
merch_blk_market,dlg,ReplyList/2/Text,0,-1,Forget it! I want no part in this.,
merch_blk_market,dlg,ReplyList/20/Text,0,-1,<StartAction>[Persuade]</Start> Would 50 gold pieces change your mind?,
merch_blk_market,dlg,ReplyList/21/Text,0,-1,I've changed my mind. Perhaps I don't need your help after all.,
merch_blk_market,dlg,ReplyList/23/Text,0,-1,<StartAction>[Hand over the 50 gold pieces.]</Start>,
merch_blk_market,dlg,ReplyList/24/Text,0,-1,<StartAction>[Persuade]</Start> Perhaps for 20 gold pieces you'd remember?,
merch_blk_market,dlg,ReplyList/25/Text,0,-1,<StartAction>[Hand over the 20 gold pieces.]</Start>,
merch_blk_market,dlg,ReplyList/26/Text,0,-1,<StartAction>[Persuade]</Start> There is always a market for good help.,
merch_blk_market,dlg,ReplyList/3/Text,0,-1,I might... if the price was right.,
merch_blk_market,dlg,ReplyList/32/Text,0,-1,"<< Set owner's journal quest to ""JT_PREL_LYEN"" >>",
merch_blk_market,dlg,ReplyList/33/Text,0,-1,What is it you sell here?,
merch_blk_market,dlg,ReplyList/34/Text,0,-1,You sell illegal goods?,
merch_blk_market,dlg,ReplyList/35/Text,0,-1,I'm not interested in buying anything.,
merch_blk_market,dlg,ReplyList/37/Text,0,-1,Let me see what you have.,
merch_blk_market,dlg,ReplyList/5/Text,0,-1,What do you propose?,
merch_blk_market,dlg,ReplyList/6/Text,0,-1,"Very well, I will aid you.",
merch_gems,dlg,EntryList/1/Text,0,-1,"<StartAction>[Nelgir offers you a sly smile.]</Start> I cannot begin to thank you for helping me get rid of that awful spirit, <lad/lass>...",
merch_gems,dlg,EntryList/10/Text,0,-1,"<StartAction>[Nelgir's expression becomes one of mixed fear and anger.]</Start> And... and just what do you intend to do with that... that body, <lad/lass>?",
merch_gems,dlg,EntryList/11/Text,0,-1,"<StartAction>[Nelgir seems quite displeased by this turn of events, but he nods his head.]</Start> I suppose you do have me in a rather precarious situation, <lad/lass>...",
merch_gems,dlg,EntryList/12/Text,0,-1,<StartAction>[Nelgir's eyes grow even more frightened.]</Start> Please! You must not do that! It... it will be the end of me!,
merch_gems,dlg,EntryList/13/Text,0,-1,"I'll tell you what. I'll give you 300 gold pieces if you'll turn that body over to me, and never speak of this again!",
merch_gems,dlg,EntryList/14/Text,0,-1,"<StartAction>[The Elven merchant hands over a large pouch of gold, and you in turn give him the body of his dead father.]</Start>",
merch_gems,dlg,EntryList/15/Text,0,-1,"<StartAction>[The spirit of Nelgir's father begins to thrash about, its moans growing louder and louder. Ghostly tears leave a puddle about its feet. Slowly, painfully, the old man's form begins to fade.]</Start>",
merch_gems,dlg,EntryList/16/Text,0,-1,"<StartAction>[Nelgir snickers at what remains of the fading spirit.]</Start> You won't stop me, you dead, doddering fool! Even now, I outsmart you at every turn!",
merch_gems,dlg,EntryList/17/Text,0,-1,"No... I've spent far more than I could afford on this situation as it is. You either can take the 300 gold, or leave it, but you'll not see another coin more from me!",
merch_gems,dlg,EntryList/18/Text,0,-1,"<StartAction>[Nelgir snarls at you.]</Start> Then run on to Ganolin, but I'll deny every bit of it! You... You'll see! No one will believe your silly story!",
merch_gems,dlg,EntryList/19/Text,0,-1,"<StartAction>[Nelgir's eyes grow large in surprise, but he quickly tries to hide it.]</Start> I... I have no idea what you are talking about, <man/woman>! What... what lies has that Elven witch told you?!",
merch_gems,dlg,EntryList/2/Text,0,-1,"<StartAction>[The merchant removes a hefty pouch of gold, handing it over to you reluctantly.]</Start> As promised, here is your reward... I suppose it was well spent to rid me of that awful being...",
merch_gems,dlg,EntryList/20/Text,0,-1,"<StartAction>[Nelgir looks at you suspiciously.]</Start> Well, assuming that your guess is right... which I'm not saying it is... what is it you propose to do about it?",
merch_gems,dlg,EntryList/21/Text,0,-1,"<StartAction>[Nelgir groans, but nods his head in resignation.]</Start> Very well, <lad/lass>... Find a way to rid me of the spirit, and I shall double your reward...",
merch_gems,dlg,EntryList/22/Text,0,-1,"Now, I've had all I can take of you for the time being! Away, now, and leave me to my gems!",
merch_gems,dlg,EntryList/23/Text,0,-1,"<StartAction>[Nelgir narrows his eyes towards you, hatred brimming beneath their gaze.]</Start> Even if such were the truth, you have no evidence, <lad/lass>! You can prove nothing!",
merch_gems,dlg,EntryList/24/Text,0,-1,"<StartAction>[Nelgir looks at you long and hard before speaking.]</Start> If you can find a way to rid me of this spirit, I will double the reward I have promised you...",
merch_gems,dlg,EntryList/25/Text,0,-1,"Good... Now, begone from my sight, and do not return until you have sent that spirit back to the Underworld where it belongs!",
merch_gems,dlg,EntryList/26/Text,0,-1,"<StartAction>[Nelgir cocks his head back arrogantly, but you see fear in his eyes.]</Start> You do that, <lad/lass>! See where it gets you! I'll not be swayed by your threats!",
merch_gems,dlg,EntryList/27/Text,0,-1,"I have already agreed to double your reward if you can find a way to rid me of his damned ghost! Now, do not trouble me further until you have done so!",
merch_gems,dlg,EntryList/28/Text,0,-1,"<StartAction>[Nelgir turns in your direction, his face ashen white.]</Start> You there, you saw what... what that thief of a woman did, didn't you?",
merch_gems,dlg,EntryList/29/Text,0,-1,<StartAction>[Nelgir looks at you pleadingly.]</Start> I know you must have seen her summon this... this thing! You have to help me!,
merch_gems,dlg,EntryList/3/Text,0,-1,"And all out of the goodness of your heart... <StartAction>[Nelgir snickers at your foolishness for not requesting a reward.]</Start> Now, you've done your service to me... I must ask that you leave and let me continue my business...",
merch_gems,dlg,EntryList/30/Text,0,-1,"Please! I will pay you if you will aid me! I... I was simply trying to make a bit of extra gold from that woman, not... not bring all of this about!",
merch_gems,dlg,EntryList/31/Text,0,-1,"That woman... she will ruin me! The... the gem is of little importance, but... but no one will come to my merchant stand with this... this... this... thing hanging about! <StartAction>[Nelgir motions towards the spirit standing nearby.]</Start>",
merch_gems,dlg,EntryList/32/Text,0,-1,"<StartAction>[At Nelgir's words, the spirit seems to grow angry, thrashing its arms about widely and moaning strangely.]</Start>",
merch_gems,dlg,EntryList/33/Text,0,-1,"<StartAction>[Nelgir jumps back, his expression terrified.]</Start> Please! Please, you must help me get rid of this beastly spirit!",
merch_gems,dlg,EntryList/34/Text,0,-1,Please! I must find a way to get rid of this spirit! It will ruin my business! I'll... I'll pay you 200 gold pieces if you will aid me! Just... just find a way to send it back from wherever it came!,
merch_gems,dlg,EntryList/35/Text,0,-1,"Oh... oh, thank you, <sir/madam>! You are most gracious to aid me so! ",
merch_gems,dlg,EntryList/36/Text,0,-1,"I'd be more than willing to pay you 200 gold pieces if you can find a way to rid me of this cursed spirit. If this thing continues to haunt my stand for much longer, it will drive me out of business, so it is a small price to pay...",
merch_gems,dlg,EntryList/37/Text,0,-1,"<StartAction>[The merchant seems quite distraught over your refusal to aid him, but nods his head reluctantly.]</Start> Very well, then. But my offer shall stand if you should happen to change your mind...",
merch_gems,dlg,EntryList/38/Text,0,-1,"<StartAction>[Success]</Start> And the people of this district claim I am a crook! <StartAction>[Grumble.]</Start> You drive a hard bargain, my young friend, but so be it. I shall pay you 400 gold if you can rid me of this thing!",
merch_gems,dlg,EntryList/39/Text,0,-1,"<StartCheck>[Failure]</Start> I believe I have offered you more than enough for your aid, <lad/lass>... You can either take it or leave it...",
merch_gems,dlg,EntryList/4/Text,0,-1,"Thank you once more for your assistance... but it would likely be better if we do not see each other again... Wouldn't want anyone getting any ideas, now would we?",
merch_gems,dlg,EntryList/40/Text,0,-1,"<StartAction>[Success]</Start> Hmmm... Your offer has merit, <lad/lass>, and I suppose I could part with a few more gold to be rid of this spirit. You have yourself a deal...",
merch_gems,dlg,EntryList/41/Text,0,-1,"You... you are truly a great <man/woman>, to help a poor merchant such as myself so nobly! You shall have my eternal gratitude if you can help me in this matter.",
merch_gems,dlg,EntryList/42/Text,0,-1,"That woman couldn't have gotten far yet, and she seemed like a stranger to Ghaarak to me... Perhaps she's staying at the Ravenclaw Tavern... Please, please, see if you can get her to banish this awful spirit!",
merch_gems,dlg,EntryList/43/Text,0,-1,"<StartAction>[Nelgir's expression turns to one of shock as he looks upon a ghastly, mutilated spirit which has risen from the ground. His grip on the woman's arm weakens as he stares in wide-eyed wonder...]</Start>",
merch_gems,dlg,EntryList/44/Text,0,-1,"I believe this is my cue to leave... <StartAction>[Taking her stolen gem, the Elven woman quickly makes her escape...]</Start>",
merch_gems,dlg,EntryList/45/Text,0,-1,Hey! Wait a minute! You... you come back! <StartAction>[The gem trader's pleas go unanswered as the Elven woman quickly makes her escape...]</Start>,
merch_gems,dlg,EntryList/46/Text,0,-1,"<StartAction>[As you approach the Elven gem trader, Nelgir, he pays you little heed... His attention is diverted for the moment to the dark haired Elven woman standing across the counter from him.]</Start>",
merch_gems,dlg,EntryList/47/Text,0,-1,"Come now, Nelgir, there is no way that Bloodstone could possibly be worth more than a couple of gold pieces. You wouldn't rob a lady in such a fashion, would you?",
merch_gems,dlg,EntryList/48/Text,0,-1,"<StartAction>[Nelgir snickers.]</Start> Take your charms elsewhere, woman! I'll have none of it! If you want the bloody stone so bad, you'll pay what I ask for!",
merch_gems,dlg,EntryList/49/Text,0,-1,"<StartAction>[The Elven woman leans in nearer to Nelgir, stroking the side of his face softly.]</Start> Now, now, that's no way to speak to a lady... Maybe we can work out another... arrangement...",
merch_gems,dlg,EntryList/5/Text,0,-1,"<StartAction>[As if to reinforce his point, Nelgir turns away from you, pointedly avoiding any further conversation.]</Start>",
merch_gems,dlg,EntryList/50/Text,0,-1,<StartAction>[Nelgir arches his eyebrow high.]</Start> That depends on what you had in mind...,
merch_gems,dlg,EntryList/51/Text,0,-1,"<StartAction>[Suddenly, your attention is drawn to the fact that the Elven woman is deftly pocketing the gem in question as she attempts to seduce Nelgir, right under his very nose...]</Start>",
merch_gems,dlg,EntryList/52/Text,0,-1,"<StartAction>[As the woman places the jewel in her belt pouch, she quickly steps back from Nelgir, abruptly ending her charade.]</Start> Actually, come to think of it, I don't think I need the gem so badly... ",
merch_gems,dlg,EntryList/53/Text,0,-1,"<StartAction>[As you debate whether to speak up or not, Nelgir suddenly realizes the Elven woman's ruse.]</Start> Wait a minute... You... you thief! Give me back my Bloodstone!",
merch_gems,dlg,EntryList/54/Text,0,-1,"<StartAction>[The Elven woman makes to run, but Nelgir grabs her forearm roughly, holding her in place.]</Start> You'll not be going anywhere with my goods, wench! You'll stay here like a good girl, and wait for the guards to arrive!",
merch_gems,dlg,EntryList/55/Text,0,-1,"<StartAction>[The woman curses softly, then turns a steely gaze towards Nelgir.]</Start> You'll come to regret this, worm!",
merch_gems,dlg,EntryList/56/Text,0,-1,"<StartAction>[The woman begins uttering a dark incantation.]</Start> Akhana, Mistress of Death, hear my plea! Send me a servant to break this cur's hold on me!",
merch_gems,dlg,EntryList/57/Text,0,-1,"<StartAction>[The ground begins to shake around the merchant stand, and Nelgir's eyes grow wide...]</Start> Wh... what in the hells?",
merch_gems,dlg,EntryList/58/Text,0,-1,"<< Set owner's journal quest to ""JT_KARA"" >>",
merch_gems,dlg,EntryList/59/Text,0,-1,"<< Activates ""N_TALK_SWITCH"" if ""N_MODULE_STAGE"" is 0. >>",
merch_gems,dlg,EntryList/6/Text,0,-1,"<StartAction>[Nelgir snarls angrily at you.]</Start> I hope you burn in the hells for this, <lad/lass>! I... I had it all planned out, and you had to come along and ruin it all! A curse on all the line of <LastName>!",
merch_gems,dlg,EntryList/60/Text,0,-1,"<< This conversation node does nothing but reset the variable ""N_TALK_SWITCH"" >>",
merch_gems,dlg,EntryList/62/Text,0,-1,"<< This node sets up custom string ""9999"" to be the name of the conversation owner >>",
merch_gems,dlg,EntryList/7/Text,0,-1,"<StartAction>[Nelgir turns to you as you greet him, but you notice he continues glancing nervously at the nearby spirit from the corner of his eye.]</Start> Have... have you discovered a way to disperse this ghastly spirit, <lad/lass>?",
merch_gems,dlg,EntryList/8/Text,0,-1,<StartAction>[The Elven merchant snarls at you viciously.]</Start> Then begone from my stand! I have more than enough to worry about without you tarrying around here all <quarterday>!,
merch_gems,dlg,EntryList/9/Text,0,-1,Please hurry! Every hour that passes with that ghastly thing hovering around here drives away more and more of my business! I can ill afford for this to continue much longer...,
merch_gems,dlg,ReplyList/10/Text,0,-1,How much is it worth to you?,
merch_gems,dlg,ReplyList/12/Text,0,-1,I believe Officer Ganolin will take an interest in it...,
merch_gems,dlg,ReplyList/14/Text,0,-1,"Hand over 300 gold, and the body's yours...",
merch_gems,dlg,ReplyList/18/Text,0,-1,"Make it 500 gold, and you have yourself a deal.",
merch_gems,dlg,ReplyList/19/Text,0,-1,"You won't buy your way out of this one, Nelgir...",
merch_gems,dlg,ReplyList/20/Text,0,-1,Very well... 300 gold and the body's yours.,
merch_gems,dlg,ReplyList/21/Text,0,-1,"We'll see about that, murderer...",
merch_gems,dlg,ReplyList/22/Text,0,-1,"We need to speak about your father, Nelgir...",
merch_gems,dlg,ReplyList/23/Text,0,-1,"Don't worry, your secret's safe with me...",
merch_gems,dlg,ReplyList/24/Text,0,-1,"I will find a way to bring you to justice, murderer...",
merch_gems,dlg,ReplyList/25/Text,0,-1,Double the reward and I can still rid you of his ghost.,
merch_gems,dlg,ReplyList/28/Text,0,-1,"You had your father killed, didn't you...",
merch_gems,dlg,ReplyList/29/Text,0,-1,"I am open to... suggestions, Nelgir...",
merch_gems,dlg,ReplyList/30/Text,0,-1,That sounds fair enough...,
merch_gems,dlg,ReplyList/32/Text,0,-1,"I will find a way to bring you to justice, murderer...",
merch_gems,dlg,ReplyList/35/Text,0,-1,I have no idea what you're talking about...,
merch_gems,dlg,ReplyList/37/Text,0,-1,"Well, perhaps I did, and perhaps I didn't...",
merch_gems,dlg,ReplyList/39/Text,0,-1,"Yes, I saw her take your gem...",
merch_gems,dlg,ReplyList/42/Text,0,-1,I have other affairs to attend to at the moment...,
merch_gems,dlg,ReplyList/44/Text,0,-1,I might be willing to help you... for a price...,
merch_gems,dlg,ReplyList/45/Text,0,-1,Alright... You do seem a bit down on your luck.,
merch_gems,dlg,ReplyList/47/Text,0,-1,I don't want to get involved with this right now...,
merch_gems,dlg,ReplyList/49/Text,0,-1,<StartAction>[Persuade]</Start> I'll help you for 400 gold pieces...,
merch_gems,dlg,ReplyList/5/Text,0,-1,"I have no time for such nonsense, merchant!",
merch_gems,dlg,ReplyList/51/Text,0,-1,<StartAction>[Persuade]</Start> Make it 300 and we have a deal.,
merch_gems,dlg,ReplyList/53/Text,0,-1,"I'll help you, but there's no need for a reward...",
merch_gems,dlg,ReplyList/55/Text,0,-1,200 gold pieces sounds fair.,
merch_gems,dlg,ReplyList/56/Text,0,-1,Very well. I'll return once I have more information.,
merch_gems,dlg,ReplyList/7/Text,0,-1,"I'm working on it, Nelgir. Just give me a bit more time.",
merch_gems,dlg,ReplyList/9/Text,0,-1,I found this body in the sewers... Your dagger's in its back...,
merch_meals,dlg,EntryList/1/Text,0,-1,"Hungry after a long <quarterday> at the market, my good <sir/madam>? If so, you're in luck! I, <CUSTOM9999>, have a reputation for preparing the finest meals in all of Ghaarak! Would you care to take a look at the fine offerings we have today?",
merch_meals,dlg,EntryList/10/Text,0,-1,"<< This node sets up custom string ""9999"" to be the name of the conversation owner >>",
merch_meals,dlg,EntryList/2/Text,0,-1,"<StartAction>[The Gnome looks at you with indignation.]</Start> I am sorry, my good <sir/madam>, but that is a flat lie! <CUSTOM9999>'s Eatery has been praised by even the Imperial elite! ",
merch_meals,dlg,EntryList/3/Text,0,-1,"Now, do you care to take a look at my offerings or not? <StartAction>[<CUSTOM9999> taps his foot impatiently, and you get the impression he is quite insulted by your remark.]</Start>",
merch_meals,dlg,EntryList/4/Text,0,-1,"Hmmph! Very well then. If you do not care to partake in the exquisite offerings on our menu today, I must ask that you move along, and allow those with appreciation for fine taste to step in line...",
merch_meals,dlg,EntryList/5/Text,0,-1,"Most excellent! You'll see that I carry a wide assortment of food goods, and I'm sure you'll find just what you're looking for!",
merch_meals,dlg,EntryList/6/Text,0,-1,"<< Activates ""N_TALK_SWITCH"" if ""N_MODULE_STAGE"" is 0. >>",
merch_meals,dlg,EntryList/7/Text,0,-1,"<< This conversation node does nothing but reset the variable ""N_TALK_SWITCH"" >>",
merch_meals,dlg,EntryList/9/Text,0,-1,"<< Set owner's journal quest to ""JT_PRELUDE"" >>",
merch_meals,dlg,ReplyList/0/Text,0,-1,<StartAction>[Lie.]</Start> I heard several people have grown quite sick eating here... Care to explain that?,
merch_meals,dlg,ReplyList/2/Text,0,-1,I don't think I'm interested in buying anything from you today.,
merch_meals,dlg,ReplyList/4/Text,0,-1,"Sure, let me see what you have.",
merch_potions,dlg,EntryList/1/Text,0,-1,"Good <quarterday> to you, <lad/lass>, and welcome to the herbalist shop of <CUSTOM9999>. Here, you may find a wide assortment of potions and remedies to cure any ailment that may have stricken you, as well as a vast assortment of arcane scrolls.",
merch_potions,dlg,EntryList/10/Text,0,-1,"I have never had much dealings with constructs, but I once knew a wizard of some knowledge that did. If I am not mistaken, I believe I still have one of his journals here on hand. Let me see...",
merch_potions,dlg,EntryList/11/Text,0,-1,"Ah yes, here it is! You should be able to find what you are looking for within this tome. I would be willing to offer it to you for a fair price of 20 gold pieces. Would you be interested?",
merch_potions,dlg,EntryList/12/Text,0,-1,"As you wish, <sir/madam>. Should you change your mind, feel free to return to me at any time.",
merch_potions,dlg,EntryList/13/Text,0,-1,"<StartAction>[<CUSTOM9999> hands you a large tome detailing the animation of constructs.]</Start> I thank you for visiting my shop, <sir/madam>, and please do return if you have further need for potions or scrolls.",
merch_potions,dlg,EntryList/14/Text,0,-1,"<StartAction>[Success]</Start> I suppose I could go a bit lower if needed. Very well then, 10 gold pieces it is.",
merch_potions,dlg,EntryList/15/Text,0,-1,"<StartCheck>[Failure]</Start> I'm sorry, but I'm afraid I cannot go any lower on the price.",
merch_potions,dlg,EntryList/16/Text,0,-1,"<StartAction>[Success]</Start> You have an honest tone about you, and I can respect that. Very well, I suppose you may have the tome. I have little need for it anyway.",
merch_potions,dlg,EntryList/17/Text,0,-1,"<< Activates ""N_TALK_SWITCH"" if ""N_MODULE_STAGE"" is 0. >>",
merch_potions,dlg,EntryList/18/Text,0,-1,"<< This conversation node does nothing but reset the variable ""N_TALK_SWITCH"" >>",
merch_potions,dlg,EntryList/2/Text,0,-1,"Very well. Should you change your decision, feel free to come back by at any time.",
merch_potions,dlg,EntryList/20/Text,0,-1,"<< Set owner's journal quest to ""JT_JANTHOS"" >>",
merch_potions,dlg,EntryList/21/Text,0,-1,"<< This node sets up custom string ""9999"" to be the name of the conversation owner >>",
merch_potions,dlg,EntryList/3/Text,0,-1,"As you wish, <lad/lass>.",
merch_potions,dlg,EntryList/4/Text,0,-1,"Irilium? Well, now, that's a bit of a rare request in these parts. Irilium Crystals are not readily found this far north, but I happen to have a few here that were sold to me several weeks ago. I could sell them to you for 60 gold.",
merch_potions,dlg,EntryList/5/Text,0,-1,"As you wish, <sir/madam>. If you change your mind, you may feel free to return at any time.",
merch_potions,dlg,EntryList/6/Text,0,-1,"<StartAction>[The herbalist removes a set of gleaming crystals from her belongings, handing them over to you in exchange for the gold.]</Start> There you go, <sir/madam>. Be sure to put them to good use.",
merch_potions,dlg,EntryList/7/Text,0,-1,<StartAction>[Success]</Start>,
merch_potions,dlg,EntryList/8/Text,0,-1,"<StartCheck>[Failure]</Start> I'm sorry, but I truly must insist on 60 gold. These crystals are quite hard to come by in this region of the Empire.",
merch_potions,dlg,EntryList/9/Text,0,-1,"<StartAction>[Success]</Start> I suppose that would be a fair trade. You're a hard bargainer, <sir/madam>, but 30 gold it is.",
merch_potions,dlg,ReplyList/0/Text,0,-1,I don't think I'm interested in buying anything from you today.,
merch_potions,dlg,ReplyList/10/Text,0,-1,Very well. <StartAction>[Hand over the gold.]</Start>,
merch_potions,dlg,ReplyList/11/Text,0,-1,<StartAction>[Persuade]</Start> How about 30 gold instead?,
merch_potions,dlg,ReplyList/12/Text,0,-1,Very well. <StartAction>[Hand over the gold.]</Start>,
merch_potions,dlg,ReplyList/13/Text,0,-1,I am in search of information regarding the animation of magical constructs. Do you perhaps have any advice to give on such a subject?,
merch_potions,dlg,ReplyList/15/Text,0,-1,I think I'll have to pass on it.,
merch_potions,dlg,ReplyList/17/Text,0,-1,Very well. <StartAction>[Hand over the gold.]</Start>,
merch_potions,dlg,ReplyList/19/Text,0,-1,<StartAction>[Persuade]</Start> I'll buy it for 10 gold pieces.,
merch_potions,dlg,ReplyList/2/Text,0,-1,I would like to see your wares.,
merch_potions,dlg,ReplyList/20/Text,0,-1,That sounds fair. <StartAction>[Hand over the gold.]</Start>,
merch_potions,dlg,ReplyList/21/Text,0,-1,"<StartAction>[Persuade]</Start> It is extremely important that I obtain this information. Please, is there no way you could give me this book at no charge?",
merch_potions,dlg,ReplyList/4/Text,0,-1,I am in need of Irilium Crystals. Do you happen to know whether I may find any here in the Market District?,
merch_potions,dlg,ReplyList/5/Text,0,-1,I think I'll pass.,
merch_potions,dlg,ReplyList/6/Text,0,-1,Thanks.,
merch_potions,dlg,ReplyList/7/Text,0,-1,Very well. <StartAction>[Hand over the gold.]</Start>,
merch_potions,dlg,ReplyList/8/Text,0,-1,I will. Thanks.,
merch_potions,dlg,ReplyList/9/Text,0,-1,<StartAction>[Persuade]</Start> How about 40 gold instead?,
merch_weapons,dlg,EntryList/1/Text,0,-1,"Hello to ye', young <sir/madam>, and welcome to <CUSTOM9999>'s Grand Armory! Here ye' will find the grandest selection of weapons and armor available anywhere in Ghaarak!",
merch_weapons,dlg,EntryList/2/Text,0,-1,"<StartAction>[The Dwarf appears a bit embarrassed.]</Start> Well, I suppose ye' may be right, but I haven't had time to properly set up a blacksmithy yet. But worry not, <lad/lass>! Ye'll still find a fine selection here!",
merch_weapons,dlg,EntryList/3/Text,0,-1,"<StartAction>[Sigh.]</Start> I'll never have enough gold to open my own armory at this rate... Very well, <sir/madam>. Have yerself a grand <quarterday>, and feel free to come back anytime!",
merch_weapons,dlg,EntryList/4/Text,0,-1,Of course! <CUSTOM9999> is always pleased to serve a customer such as yerself!,
merch_weapons,dlg,EntryList/5/Text,0,-1,"<< Activates ""N_TALK_SWITCH"" if ""N_MODULE_STAGE"" is 0. >>",
merch_weapons,dlg,EntryList/6/Text,0,-1,"<< This conversation node does nothing but reset the variable ""N_TALK_SWITCH"" >>",
merch_weapons,dlg,EntryList/8/Text,0,-1,"<< Set owner's journal quest to ""JT_PRELUDE"" >>",
merch_weapons,dlg,EntryList/9/Text,0,-1,"<< This node sets up custom string ""9999"" to be the name of the conversation owner >>",
merch_weapons,dlg,ReplyList/0/Text,0,-1,It doesn't look so grand to me... This is little more than a merchant stall...,
merch_weapons,dlg,ReplyList/1/Text,0,-1,I don't think I'm interested in buying anything from you today.,
merch_weapons,dlg,ReplyList/3/Text,0,-1,Let me see what you have.,
neut_eter_spirit,dlg,EntryList/1/Text,0,-1,<< TEMPORARY FILLER TIL DEFINITELY DETERMINED >>,
neut_eter_spirit,dlg,EntryList/10/Text,0,-1,"<< Set owner's journal quest to ""JT_PRELUDE"" >>",
neut_eter_spirit,dlg,EntryList/11/Text,0,-1,<StartAction>[You have reached the end of this DEMO version.]</Start>,
neut_eter_spirit,dlg,EntryList/12/Text,0,-1,"<< Set owner's journal quest to ""JT_DEMO"" >>",
neut_eter_spirit,dlg,EntryList/13/Text,0,-1,"<< Activates ""N_TALK_SWITCH"" if ""N_MODULE_STAGE"" is 0 or less. >>",
neut_eter_spirit,dlg,EntryList/14/Text,0,-1,"<< This conversation node does nothing but reset the variable ""N_TALK_SWITCH"" >>",
neut_eter_spirit,dlg,EntryList/2/Text,0,-1,"<< Activates ""N_TALK_SWITCH"" if ""N_MODULE_STAGE"" is 0 or less. >>",
neut_eter_spirit,dlg,EntryList/3/Text,0,-1,"Greetings to you, wandering spirit, and welcome to the Halls of Fate. I am the Eternal Spirit, Keeper of the Flames of Fate, and I welcome you to my realm.",
neut_eter_spirit,dlg,EntryList/4/Text,0,-1,"Soon, you shall depart this realm to enter the world of Abaran, taking the mortal form of a young <Race> <man/woman> named <FullName>. There, you shall begin the shaping of your destiny.",
neut_eter_spirit,dlg,EntryList/5/Text,0,-1,Are you ready to pass through the Veil of Time and enter the world of Abaran?,
neut_eter_spirit,dlg,EntryList/6/Text,0,-1,Very well then. Return to me when you are ready to accept your destiny and enter Abaran.,
neut_eter_spirit,dlg,EntryList/7/Text,0,-1,"Prepare yourself then, young mortal, for you shall now be sent into Abaran to begin the fulfillment of your destiny. <StartAction>[With a great wave of the Eternal Spirit's spectral hand, your vision is covered in darkness...]</Start>",
neut_eter_spirit,dlg,EntryList/8/Text,0,-1,"First, however, I would ask that you advance your skills to match the training you have received in your mortal life. Once you have done so, return to speak with me.",
neut_eter_spirit,dlg,EntryList/9/Text,0,-1,"<StartAction>[NOTE: You will begin this module at Level 3. Please advance your level to match your training, then speak once more to the Eternal Spirit.]</Start>",
neut_eter_spirit,dlg,ReplyList/0/Text,0,-1,<< END MODULE HERE >>,
neut_eter_spirit,dlg,ReplyList/3/Text,0,-1,Not just yet.,
neut_eter_spirit,dlg,ReplyList/5/Text,0,-1,I am ready.,
okaris,dlg,EntryList/1/Text,0,-1,"<< Set owner's journal quest to ""JT_ST_2_MAIN"" >>",
okaris,dlg,EntryList/10/Text,0,-1,"So you have come to despise me so, then? I... I suppose I cannot blame you, for... for I have been a failure as a father, haven't I?",
okaris,dlg,EntryList/11/Text,0,-1,"<StartAction>[An expression of utter hurt comes over your father's face.]</Start> I... I don't know what to say, <FirstName>... I... I had no idea you felt so strongly against me...",
okaris,dlg,EntryList/12/Text,0,-1,"I... I had not meant for things to grow so badly between the two of us, my <CUSTOM6001>... I... I hope it is not too late for us to work out our differences...",
okaris,dlg,EntryList/13/Text,0,-1,"You're... you're right, <FirstName>. I haven't been there for you as I should have been, but... but perhaps it's not too late...",
okaris,dlg,EntryList/14/Text,0,-1,"<StartAction>[An expression of shame crosses your father's face.]</Start> I do apologize for that, <FirstName>... I... I should have been there, for I know how much it meant to you...",
okaris,dlg,EntryList/15/Text,0,-1,"I know you must hate me for it, and with all reason, but matters have grown dangerous here in Ghaarak, and I... I could not take the time to come to the Academy... I know it's no excuse, but... but I hope you can understand...",
okaris,dlg,EntryList/16/Text,0,-1,"<StartAction>[Your father embraces you tightly.]</Start> Don't you ever... EVER... think that, <FirstName>... I... I know that my affairs keep me busy, but I would be devastated if anything were to happen to you...",
okaris,dlg,EntryList/17/Text,0,-1,"<StartAction>[Your father smiles again, and this time it seems more genuine.]</Start> I'm glad you understand, <FirstName>... and I know this has been a trying time for you as well as me...",
okaris,dlg,EntryList/18/Text,0,-1,"Do... do you think we could make more time to spend with one another, <FirstName>? The rift between us has grown far too large... and I would very much like to remedy that...",
okaris,dlg,EntryList/19/Text,0,-1,"<StartAction>[Your father's shoulders slump, but he nods his head solemnly.]</Start> So it has come to this then? I... I don't know what to say, my <CUSTOM6001>, except that I am sorry...",
okaris,dlg,EntryList/2/Text,0,-1,"<< Activates ""N_TALK_SWITCH"" if ""N_MODULE_STAGE"" is 2. >>",
okaris,dlg,EntryList/20/Text,0,-1,"Perhaps it has... perhaps it has... But I will do what I can... and I hope you will try and give your old fool of a father a second chance, <FirstName>... I truly do...",
okaris,dlg,EntryList/21/Text,0,-1,"<StartAction>[Okaris nods and smiles.]</Start> Good... We shall do so, from this day forth... From now on, I promise I will make more time for you and I...",
okaris,dlg,EntryList/22/Text,0,-1,"<StartAction>[Your father straightens his poise, his eyes clearing as they look into yours solemnly.]</Start> <FirstName>, I need you to listen to what I have to say next very closely, for it is of great importance to both you and I...",
okaris,dlg,EntryList/23/Text,0,-1,"Ghaarak may be facing dark days, and I have begun preparations to ensure your safety. The attack on you in the Market District only enforces my worries that you may not be safe within the city for much longer... ",
okaris,dlg,EntryList/24/Text,0,-1,"In the meantime, I want you to exercise great caution, for I would be crushed if something were to happen to you...",
okaris,dlg,EntryList/25/Text,0,-1,<StartAction>[Your father's face grows tired and haggard.]</Start> So you had heard of his appearance? Yes... it seems the Prophet has taken an interest in the city...,
okaris,dlg,EntryList/26/Text,0,-1,"I believe I may know his purpose, and it frightens me... but I have set in motion a plan that may keep us safe from his acts of tyranny...",
okaris,dlg,EntryList/27/Text,0,-1,"<StartAction>[Your father acts as though he will speak further on the matter, then seems to change his mind.]</Start> Do... do not worry yourself over it, <FirstName>. Just... just trust that I shall handle the matter...",
okaris,dlg,EntryList/28/Text,0,-1,"Those... those are old friends of mine, <FirstName>, ones which go back a long way, to days when I first came to serve Rakha's will...",
okaris,dlg,EntryList/29/Text,0,-1,"But do not concern yourself too greatly over this matter, <FirstName>... It is of little importance at the moment. I have far greater matters to attend to first...",
okaris,dlg,EntryList/3/Text,0,-1,"<StartAction>[Your father rises from his seat slowly, his face appearing tired and haggard in the dim light of the chamber. He smiles at you, but you sense that it is a forced smile, and that he is truly quite terrified underneath it.]</Start>",
okaris,dlg,EntryList/30/Text,0,-1,"No, that I do not... Harkon is one of Rakha's High Sorcerers, and thus believes he knows the correct solution to any problem... He and I have often been at odds, and it seems now is no different...",
okaris,dlg,EntryList/31/Text,0,-1,"Vhorkas is a high ranking official within the ranks of Rakha's armies... He is a good man, decent and trustworthy... and one of the few I call a true friend. He will be an ally to us in the dark times ahead...",
okaris,dlg,EntryList/32/Text,0,-1,"<StartAction>[Your father seems uncomfortable with your question.]</Start> Yes... yes, you may be going away with them... should events grow too dangerous here... Do not worry, you can put your trust in Vhorkas...",
okaris,dlg,EntryList/33/Text,0,-1,"<StartAction>[Your father smiles, nodding his head.]</Start> You always were astute, my <lad/lass>... Yes, they have a vested... interest in you, but I am afraid I can tell you little more than that...",
okaris,dlg,EntryList/34/Text,0,-1,"They are here in Ghaarak at my request, attempting to aid me with some of the troubles I have been experiencing... I wish I could tell you more, but... but now is not the time...",
okaris,dlg,EntryList/35/Text,0,-1,"I wish I could tell you more, but... but so much is happening right now, and... and I cannot speak further on this matter without involving you in affairs I do not feel you are yet ready for...",
okaris,dlg,EntryList/36/Text,0,-1,"<StartAction>[Your father's eyes grow large at the mention of the gem, and his voice trembles in fear.]</Start> Be wary of mentioning that... that thing! It... it may be listening to us, <FirstName>...",
okaris,dlg,EntryList/37/Text,0,-1,"<StartAction>[Your father's eyes look at you with a wild intensity, seeming to validify your words.]</Start> Believe what you will, my <CUSTOM6001>, but... but you do not know what this thing is like!",
okaris,dlg,EntryList/38/Text,0,-1,"It is no mere gem, my <CUSTOM6001>... I... I don't claim to know exactly what it is, but it seems to have a will of its own. One which is dark and cruel...",
okaris,dlg,EntryList/39/Text,0,-1,"Oh, but I intend to do just that, <FirstName>... as soon as I determine what fate will serve it best...",
okaris,dlg,EntryList/4/Text,0,-1,"<StartAction>[He places his hands gently upon your shoulders.]</Start> I am glad to see you safe and sound, <FirstName>, for I had received word that you were beset by assassins in the Market District...",
okaris,dlg,EntryList/40/Text,0,-1,"It... it is a dark thing, <FirstName>, that is all I know for sure. It... it sends terrible visions to me in the night, visions of Ghaarak burning in flames, of... of all this being destroyed... and I fear it intends to bring such a fate to us...",
okaris,dlg,EntryList/41/Text,0,-1,I am making... arrangements... which I hope will rid the city of its dark influence once and for all... but... but it is not safe to speak of that here...,
okaris,dlg,EntryList/42/Text,0,-1,"I... I don't know, <FirstName>. I don't have any answers yet, but I mean to get to the bottom of this...",
okaris,dlg,EntryList/43/Text,0,-1,"I have arranged for a... meeting... of sorts, one which I have been promised will shed some light on the nature of this gem we uncovered, and bring peace to Ghaarak...",
okaris,dlg,EntryList/44/Text,0,-1,"If all goes well, we will be able to sleep at ease this evening... If not... well, it is better not to think of that outcome...",
okaris,dlg,EntryList/45/Text,0,-1,"<StartAction>[Your father's eyes mist over a bit, and you see that your words have stung him.]</Start> I... I see that I have come to matter little to you... You do not even care what fate befalls me now, do you?",
okaris,dlg,EntryList/46/Text,0,-1,"<StartAction>[Your father lowers his head.]</Start> I... I suppose you shouldn't... But... but I do want you to know that I do this for you, <FirstName>... to make sure you are safe...",
okaris,dlg,EntryList/47/Text,0,-1,"<StartAction>[Okaris nods.]</Start> Good. It heartens me to know I have your support in this matter, <FirstName>, and goes a long way towards easing my concern... If it will ensure your safety, it is worth doing...",
okaris,dlg,EntryList/48/Text,0,-1,"I must go now, <FirstName>, for my meeting is to begin soon, and I must depart these halls while no prying eyes lie in watch...",
okaris,dlg,EntryList/49/Text,0,-1,"I want you to stay clear of our home at the Imperial Estate for a bit, at least until I send for you, telling you it is safe to return. If my meeting does not go well, it... it would be better if you were not there...",
okaris,dlg,EntryList/5/Text,0,-1,"<StartAction>[Your father frowns at your misrepresentation but seems to let it go.]</Start> I suppose you did prove yourself quite capable of handling the situation, but you cannot blame me for worrying over the fate of my only <CUSTOM6001>...",
okaris,dlg,EntryList/50/Text,0,-1,"So be it... If you will not talk to me, I suppose I cannot force you... and it saddens me that we must part paths on such a note...",
okaris,dlg,EntryList/51/Text,0,-1,"<StartAction>[Your father's eyes flare suddenly in anger.]</Start> <FirstName>, we don't have time for this anymore! Don't you understand that you, and the rest of the city, may be in grave danger?! I must go!",
okaris,dlg,EntryList/52/Text,0,-1,"<StartAction>[Apparently regretting his outburst, your father grows somber.]</Start> I... I am sorry, <FirstName>... There was no need for me to shout at you. I... I am just a bit worried, that is all...",
okaris,dlg,EntryList/53/Text,0,-1,"<StartAction>[Your father steps back, his face full of doubt and sadness.]</Start> I... I must go, <FirstName>. I wish we could speak further, but time is growing short, and there is much to be done.",
okaris,dlg,EntryList/54/Text,0,-1,"Be careful, my <CUSTOM6001>. I will send for you when I am sure it is safe for you to return home, but until that time, I ask that you please avoid the Estate.",
okaris,dlg,EntryList/55/Text,0,-1,"<StartAction>[Just as he turns to leave, your father looks back at you one last time.]</Start> I want you to know how proud I am of you, <FirstName>. Please, remember that...",
okaris,dlg,EntryList/56/Text,0,-1,"<StartAction>[Your father gives you a sad frown.]</Start> I hope one day you can understand, <FirstName>, and perhaps forgive me... I truly do...",
okaris,dlg,EntryList/57/Text,0,-1,"<StartAction>[Your father looks as though he is about to respond, then nods his head in resignation. He looks you deep in your eyes, gives a weak smile, and turns away...]</Start>",
okaris,dlg,EntryList/58/Text,0,-1,"<StartAction>[Your father gives you a heartfelt smile, and you feel at ease around him for the first time in months. It is a nice feeling, and one you hope to hold on to for the rest of your life...]</Start>",
okaris,dlg,EntryList/59/Text,0,-1,"<StartAction>[With that, your father leaves the chamber, heading towards his mysterious meeting... You are left only with your thoughts, and the warnings of your father...]</Start>",
okaris,dlg,EntryList/6/Text,0,-1,"Now don't be that way, <FirstName>! Of course I was worried... worried sick! I promised your mother I would ensure your safety, and I mean to do just that!",
okaris,dlg,EntryList/60/Text,0,-1,"Well, it... it may be dangerous, that is all... I... I do not yet know what the outcome will be, but it... it is worth it if I can sleep easy, knowing the city of Ghaarak, as well as you, my <CUSTOM6001>, are safe from harm...",
okaris,dlg,EntryList/61/Text,0,-1,"<StartAction>[Your father's glance darts nervously around the room, his eyes full of paranoid fear.]</Start> It... it is not safe to speak further of this here, <FirstName>... You must simply trust me on this matter...",
okaris,dlg,EntryList/62/Text,0,-1,"<< Activates ""N_TALK_SWITCH"" if ""N_MODULE_STAGE"" is 0. >>",
okaris,dlg,EntryList/63/Text,0,-1,"<< This conversation node does nothing but reset the variable ""N_TALK_SWITCH"" >>",
okaris,dlg,EntryList/65/Text,0,-1,"<< Set owner's journal quest to ""JT_PRELUDE"" >>",
okaris,dlg,EntryList/7/Text,0,-1,"<StartAction>[Your father pats you comfortingly on the shoulder.]</Start> Well, I am proud that you were so capable of defending yourself, my <CUSTOM6001>... You should be proud as well, for it shows how far your training has come...",
okaris,dlg,EntryList/8/Text,0,-1,"Well, you're safe now, and that's all that matters. Don't worry, we will get to the bottom of this assassination attempt, and take vengeance upon any who would dare strike against my <CUSTOM6001>!",
okaris,dlg,EntryList/9/Text,0,-1,"In any event, I am pleased to see you escape such a danger unscathed. You... you mean so much to me, <FirstName>, even if I do not always show it in the best manner... I... I want you to know that...",
okaris,dlg,ReplyList/1/Text,0,-1,Nothing so melodramatic. Just some simple ruffians.,
okaris,dlg,ReplyList/10/Text,0,-1,<StartAction>[Don't respond.]</Start>,
okaris,dlg,ReplyList/11/Text,0,-1," You haven't been a failure, father. Just too distant...",
okaris,dlg,ReplyList/12/Text,0,-1,Yet you don't even come mark my citizenship?,
okaris,dlg,ReplyList/15/Text,0,-1,I'm sorry. I often feel you don't notice me at all...,
okaris,dlg,ReplyList/16/Text,0,-1,"I... I know, father. I know you do...",
okaris,dlg,ReplyList/18/Text,0,-1,"I believe it's a bit too late for that now, father...",
okaris,dlg,ReplyList/19/Text,0,-1,I don't know father. That's a large rift to bridge...,
okaris,dlg,ReplyList/2/Text,0,-1,I'm surprised you noticed at all...,
okaris,dlg,ReplyList/20/Text,0,-1,"Let's do that, father... I would like that...",
okaris,dlg,ReplyList/24/Text,0,-1,Does this have to do with the Crimson Prophet?,
okaris,dlg,ReplyList/26/Text,0,-1,I hope you're not planning anything foolish...,
okaris,dlg,ReplyList/27/Text,0,-1,And what would that be?,
okaris,dlg,ReplyList/29/Text,0,-1,Very well. I shall leave it to your judgement.,
okaris,dlg,ReplyList/3/Text,0,-1,"It was terrible, Father! I thought I'd die!",
okaris,dlg,ReplyList/30/Text,0,-1,Who were those men you were speaking with?,
okaris,dlg,ReplyList/32/Text,0,-1,You didn't seem to like Harkon very much...,
okaris,dlg,ReplyList/33/Text,0,-1,Who was the one you called Vhorkas?,
okaris,dlg,ReplyList/35/Text,0,-1,I heard you mention me leaving with them...,
okaris,dlg,ReplyList/36/Text,0,-1,But why? Why would I go anywhere with this... Vhorkas?,
okaris,dlg,ReplyList/37/Text,0,-1,"<StartAction>[Wisdom]</Start> They're the ones recruiting me, right?",
okaris,dlg,ReplyList/38/Text,0,-1,"<StartAction>[Intelligence]</Start> They're with the ShadowGuard, aren't they...",
okaris,dlg,ReplyList/39/Text,0,-1,But what are they doing here?,
okaris,dlg,ReplyList/4/Text,0,-1,I'm fine. Just a bit shaken up...,
okaris,dlg,ReplyList/40/Text,0,-1,And what would these other concerns be?,
okaris,dlg,ReplyList/42/Text,0,-1,Does this have to do with that gem you were discussing?,
okaris,dlg,ReplyList/43/Text,0,-1,"You're beginning to sound a bit crazy, father...",
okaris,dlg,ReplyList/44/Text,0,-1,All this over a simple gem? Why?,
okaris,dlg,ReplyList/46/Text,0,-1,Why not rid yourself of this gem?,
okaris,dlg,ReplyList/47/Text,0,-1,Why does this gem worry you so?,
okaris,dlg,ReplyList/50/Text,0,-1,What kind of danger are we in?,
okaris,dlg,ReplyList/53/Text,0,-1,"Yes, yes, do as you like but quit wasting my time!",
okaris,dlg,ReplyList/55/Text,0,-1,Why should I care what you do?,
okaris,dlg,ReplyList/56/Text,0,-1,"Very well, father... I shall trust to your judgement...",
okaris,dlg,ReplyList/59/Text,0,-1,I could use a break from your unending lectures...,
okaris,dlg,ReplyList/6/Text,0,-1,<StartAction>[Sigh.]</Start> Must you prattle on like this?,
okaris,dlg,ReplyList/60/Text,0,-1,You just don't want me around when duty calls!,
okaris,dlg,ReplyList/63/Text,0,-1,"Very well, father. I shall respect your wishes...",
okaris,dlg,ReplyList/65/Text,0,-1,"Yes, yes, yes... Go! I've had enough of you!",
okaris,dlg,ReplyList/66/Text,0,-1,If you say so...,
okaris,dlg,ReplyList/67/Text,0,-1,"I... I know, father... Thank... thank you...",
okaris,dlg,ReplyList/7/Text,0,-1,Save your speeches. They all sound the same.,
okaris,dlg,ReplyList/70/Text,0,-1,You don't sound confident in this meeting...,
okaris,dlg,ReplyList/71/Text,0,-1,A meeting? With whom?,
okaris,dlg,ReplyList/8/Text,0,-1,Of course I despise you! I've always despised you!,
pharos_st_0_comm,dlg,EntryList/1/Text,0,-1,"<< Mod Stage 0, Talk Level 5 >>",
pharos_st_0_comm,dlg,EntryList/10/Text,0,-1,<StartAction>[The guard looks annoyed by your response.]</Start> This is where Malthar is keeping his prized prisoner until the boat arrives. I would think you would know this...,
pharos_st_0_comm,dlg,EntryList/11/Text,0,-1,"Now get on out of here, <lad/lass>! I have no more time for foolish questions!",
pharos_st_0_comm,dlg,EntryList/12/Text,0,-1,<StartAction>[The guard looks at you in suspicion.]</Start> Why was I not informed of this? Besides... I haven't seen you around here before...,
pharos_st_0_comm,dlg,EntryList/13/Text,0,-1,"<StartCheck>[Failure]</Start> I was not informed of your arrival, so I cannot let you pass. You'll need to speak with Malthar to get permission for entering this cell...",
pharos_st_0_comm,dlg,EntryList/14/Text,0,-1,<StartAction>[Success]</Start> I suppose you seem truthful enough. Very well. Be sure not to be too rough with the prisoner. Malthar wants him in good condition when we deliver him to Pharos.,
pharos_st_0_comm,dlg,EntryList/15/Text,0,-1,"<StartAction>[The guard steps aside, motioning for you to enter through the door.]</Start>",
pharos_st_0_comm,dlg,EntryList/16/Text,0,-1,<StartAction>[The guard looks towards you with glazed eyes.]</Start> As you wish... You may pass...,
pharos_st_0_comm,dlg,EntryList/17/Text,0,-1,Who you be? Why you approach? What you want?,
pharos_st_0_comm,dlg,EntryList/18/Text,0,-1,"<StartCheck>[Failure]</Start> Me not believe you! You go now, before you gets hurt!",
pharos_st_0_comm,dlg,EntryList/19/Text,0,-1,"<StartAction>[Success]</Start> Alright... you pass through. <StartAction>[The guard steps out of the way, unlocking the door and allowing you entry.]</Start>",
pharos_st_0_comm,dlg,EntryList/2/Text,0,-1,"<< Mod Stage 0, Talk Level 4 >>",
pharos_st_0_comm,dlg,EntryList/20/Text,0,-1,"Alright... you pass through. <StartAction>[The guard steps out of the way, unlocking the door and allowing you entry.]</Start>",
pharos_st_0_comm,dlg,EntryList/21/Text,0,-1,"<StartAction>[With the door now open, you see a chance to strike at the guard before he can react. Do you wish to do so?]</Start>",
pharos_st_0_comm,dlg,EntryList/22/Text,0,-1,What you waitin' for? Go on through!,
pharos_st_0_comm,dlg,EntryList/23/Text,0,-1,"<StartAction>[With a quick swing of your weapon, the guard falls to the ground in a dead slump...]</Start>",
pharos_st_0_comm,dlg,EntryList/24/Text,0,-1,"This be Nightcrawler business. If you know what's good for you, you'd best go topside...",
pharos_st_0_comm,dlg,EntryList/25/Text,0,-1,"Why not take a seat and join us for a bit, <lad/lass>?",
pharos_st_0_comm,dlg,EntryList/26/Text,0,-1,"We're tryin' to enjoy a drink here, so why don't you find someone else to bother, <lad/lass>...",
pharos_st_0_comm,dlg,EntryList/27/Text,0,-1,"<< Set owner's journal quest to ""JT_PREL_TARI"" >>",
pharos_st_0_comm,dlg,EntryList/28/Text,0,-1,"<< Activates ""N_TALK_SWITCH"" if ""N_MODULE_STAGE"" is 0. >>",
pharos_st_0_comm,dlg,EntryList/29/Text,0,-1,"<< This conversation node does nothing but reset the variable ""N_TALK_SWITCH"" >>",
pharos_st_0_comm,dlg,EntryList/3/Text,0,-1,"<< Mod Stage 0, Talk Level 3 >>",
pharos_st_0_comm,dlg,EntryList/4/Text,0,-1,"You must be one of Halgok's men... Please take the prisoner to Halgok at once, for Malthar is growing quite antsy...",
pharos_st_0_comm,dlg,EntryList/5/Text,0,-1,"<StartAction>[This guard, one of the members of the Nightcrawler gang which abducted Tarin, looks towards you as you approach.]</Start>",
pharos_st_0_comm,dlg,EntryList/6/Text,0,-1,Speak with Malthar if you have business here...,
pharos_st_0_comm,dlg,EntryList/7/Text,0,-1,You must be from Halgok's crew... Malthar has been expecting you. You may pass.,
pharos_st_0_comm,dlg,EntryList/8/Text,0,-1,Halt! What is your business?,
pharos_st_0_comm,dlg,EntryList/9/Text,0,-1,<StartAction>[The guard quickly reaches for his blade.]</Start> Sound the alarm! Intruders! Attack!,
pharos_st_0_comm,dlg,ReplyList/10/Text,0,-1,"Er... yes, well... Oh, forget it! Prepare to die!",
pharos_st_0_comm,dlg,ReplyList/11/Text,0,-1,<StartAction>[Persuade]</Start> I just joined.,
pharos_st_0_comm,dlg,ReplyList/12/Text,0,-1,"Forget it... Prepare to die, scum!",
pharos_st_0_comm,dlg,ReplyList/13/Text,0,-1,Very well. I'll do that.,
pharos_st_0_comm,dlg,ReplyList/16/Text,0,-1,<StartAction>[Charisma]</Start> Step aside and open this door...,
pharos_st_0_comm,dlg,ReplyList/18/Text,0,-1,<StartAction>[Persuade]</Start> I must speak with Malthar at once!,
pharos_st_0_comm,dlg,ReplyList/19/Text,0,-1,<StartAction>[Leave.]</Start>,
pharos_st_0_comm,dlg,ReplyList/20/Text,0,-1,"I have a better idea... Prepare to die, rogue!",
pharos_st_0_comm,dlg,ReplyList/21/Text,0,-1,<StartAction>[Wisdom]</Start> Our mutual friend Halgok sent me.,
pharos_st_0_comm,dlg,ReplyList/22/Text,0,-1,<StartAction>[Intelligence]</Start> Halgok sent me to pick up the prisoner.,
pharos_st_0_comm,dlg,ReplyList/23/Text,0,-1,<StartAction>[Charisma]</Start> You will allow me to pass...,
pharos_st_0_comm,dlg,ReplyList/25/Text,0,-1,<StartAction>[No.]</Start>,
pharos_st_0_comm,dlg,ReplyList/26/Text,0,-1,<StartAction>[Walk through the open door.]</Start>,
pharos_st_0_comm,dlg,ReplyList/27/Text,0,-1,<StartAction>[Yes.]</Start>,
pharos_st_0_comm,dlg,ReplyList/3/Text,0,-1,"I have come to claim your life, rogue!",
pharos_st_0_comm,dlg,ReplyList/5/Text,0,-1,What's behind this cell?,
pharos_st_0_comm,dlg,ReplyList/7/Text,0,-1,<StartAction>[Leave.]</Start>,
pharos_st_0_comm,dlg,ReplyList/8/Text,0,-1,<StartAction>[Wisdom]</Start> Our mutual friend Halgok sent me.,
pharos_st_0_comm,dlg,ReplyList/9/Text,0,-1,<StartAction>[Intelligence]</Start> Halgok sent me to pick up the prisoner.,
pharos_st_0_malt,dlg,EntryList/1/Text,0,-1,"So, I see you have set the Halfling free... You know I will not stand for you to let him leave these chambers, don't you?",
pharos_st_0_malt,dlg,EntryList/10/Text,0,-1,"Malthar, it seems Halgok has arrived with the boat. Shall we arrange for the prisoner to be taken aboard?",
pharos_st_0_malt,dlg,EntryList/11/Text,0,-1,"Just one moment. So tell me, <lad/lass>, do we have a deal?",
pharos_st_0_malt,dlg,EntryList/12/Text,0,-1,Good. Perhaps you Imperials are not as noble as everyone claims after all...,
pharos_st_0_malt,dlg,EntryList/13/Text,0,-1,"<StartAction>[Tarin quickly turns on his heels, preparing to sprint out of the chamber.]</Start> I... I cannot believe you would betray me like this, <FirstName>! I... I must get out of here!",
pharos_st_0_malt,dlg,EntryList/14/Text,0,-1,Men! Grab the Halfling! Do not allow him to escape!,
pharos_st_0_malt,dlg,EntryList/15/Text,0,-1,"<StartAction>[Tarin quickly dodges past the guards, hurrying towards the exit.]</Start> You'll have to do better than that to catch ol' Tarin Lightfingers!",
pharos_st_0_malt,dlg,EntryList/16/Text,0,-1,<StartAction>[Lyen twitches in visible anger.]</Start> You will bleed!,
pharos_st_0_malt,dlg,EntryList/17/Text,0,-1,"<StartAction>[Before Lyen can act, Malthar quickly pulls for a small blowpipe, shooting a poisoned dart into Lyen's neck.]</Start> There, that should quiet the oaf for a while...",
pharos_st_0_malt,dlg,EntryList/18/Text,0,-1,"<StartAction>[A sudden uproar erupts from the Nightcrawler gang members. Malthar looks about, then begins swearing profusely.]</Start> Curse you, Tarin Lightfingers, how do you always do this!?",
pharos_st_0_malt,dlg,EntryList/19/Text,0,-1,"<StartAction>[As Malthar hands you the pouch of gold, one of his guards comes running forward quickly.]</Start> Malthar, it seems we have a problem...",
pharos_st_0_malt,dlg,EntryList/2/Text,0,-1,"So, we meet again, young <sir/madam>... You're quite the persistent one, I must say.",
pharos_st_0_malt,dlg,EntryList/20/Text,0,-1,"And what would that be? Out with it, worm!",
pharos_st_0_malt,dlg,EntryList/21/Text,0,-1,"<StartAction>[The guard shakes nervously, apparently worried over some new turn of events.]</Start> It seems our quarry, Tarin Lightfingers, has managed to escape his cell...",
pharos_st_0_malt,dlg,EntryList/22/Text,0,-1,Curses! Men! Hurry! We must not let the Halfling escape! ,
pharos_st_0_malt,dlg,EntryList/23/Text,0,-1,"<StartAction>[Malthar and his men rush towards the exit, leaving you alone in the chamber, Malthar apparently having forgotten for the moment that he has already given you the gold. Perhaps now would be a good time to leave...]</Start>",
pharos_st_0_malt,dlg,EntryList/24/Text,0,-1,"I hope this is some sort of ruse, <FirstName>...",
pharos_st_0_malt,dlg,EntryList/25/Text,0,-1,"You would betray Tarin?! You will live to regret this, <FirstName>...",
pharos_st_0_malt,dlg,EntryList/26/Text,0,-1,"I'm afraid that's just not possible, <lad/lass>. You see, Tarin Lightfingers will fetch me a far greater amount from Pharos Nightcrawler than any offer you could make.",
pharos_st_0_malt,dlg,EntryList/27/Text,0,-1,"I would offer you a hefty reward in gold to turn you attention away from this matter, and allow us to depart Ghaarak without trouble. I do suggest you take me up on this offer, as my men and I are quite dangerous when provoked...",
pharos_st_0_malt,dlg,EntryList/28/Text,0,-1,"I don't believe so, <lad/lass>. The price of Tarin's bounty far exceeds your meager amount.",
pharos_st_0_malt,dlg,EntryList/29/Text,0,-1,"Now, now, young <lad/lass>, there's no need for threats... Such words spoken here will do little more than get you killed. I assure you we are quite adept at handling far greater challenges than you would pose...",
pharos_st_0_malt,dlg,EntryList/3/Text,0,-1,"<StartAction>[Malthar snarls.]</Start> Come, my men! Let us show this fool what comes of those who cross our path!",
pharos_st_0_malt,dlg,EntryList/30/Text,0,-1,"I do have a proposal that I believe might interest you. If you are willing to forget this matter, and disturb my affairs no longer, I would be willing to give you an ample reward in gold.",
pharos_st_0_malt,dlg,EntryList/31/Text,0,-1,"We will be starting a card game soon, <sir/madam>. Would you care to join us for a few drinks while we wait for everyone to arrive?",
pharos_st_0_malt,dlg,EntryList/32/Text,0,-1,"As you would have it, <sir/madam>. Should you change your mind, we will be here a bit longer, so feel free to come back if you like.",
pharos_st_0_malt,dlg,EntryList/33/Text,0,-1,"Excellent! How about a round of drinks for our new friends, eh fella's? <StartAction>[Malthar gives you and Tarin a wide smile, showing a row of bright white teeth.]</Start>",
pharos_st_0_malt,dlg,EntryList/34/Text,0,-1,"A drink sounds most in order, good chap! My big brutish friend and I will take a nice pint of ale. What about you, <FirstName>? Care for a drink as well?",
pharos_st_0_malt,dlg,EntryList/35/Text,0,-1,"<StartAction>[Malthar's grin fades just a bit.]</Start> As you wish, <lad/lass>. If you consider yourself too good to drink with the likes of us, it'll just save me a few gold pieces...",
pharos_st_0_malt,dlg,EntryList/36/Text,0,-1,"<StartAction>[Malthar's grin grows even larger. He passes you and the others three large, foaming mugs of ale. You join Tarin and Lyen in quickly downing the thick drinks.]</Start>",
pharos_st_0_malt,dlg,EntryList/37/Text,0,-1,"So, when does the card game begin? I'm quite anxious to begin!",
pharos_st_0_malt,dlg,EntryList/38/Text,0,-1,"I bet you are... <StartAction>[Malthar's expression darkens for a moment, but he quickly hides it.]</Start> But all of our companions have not arrived yet. In the meantime, why don't we chat a bit?",
pharos_st_0_malt,dlg,EntryList/39/Text,0,-1,"You claimed your name to be Tarin Lightfingers, if I am not mistaken... Would that be the infamous Tarin Lightfingers of Laceri, known throughout the Northern Reaches for his impeccable luck at the card tables?",
pharos_st_0_malt,dlg,EntryList/4/Text,0,-1,"Well, now, this is a most interesting turn of events. I suppose I could be swayed to part with a bit of gold for you to no longer interfere with my affairs...",
pharos_st_0_malt,dlg,EntryList/40/Text,0,-1,"Well, yes, I suppose that would be me, though I haven't lived in Laceri for quite some time...",
pharos_st_0_malt,dlg,EntryList/41/Text,0,-1,<StartAction>[You notice Malthar and his companions have lost their friendly smiles...]</Start> The same Tarin Lightfingers that fled Laceri in cowardice when he lost a sizeable sum of gold to Pharos Nightcrawler? ,
pharos_st_0_malt,dlg,EntryList/42/Text,0,-1,"<StartAction>[Tarin gulps loudly.]</Start> I'm afraid you must be mistaken, my friend... Did... did I say Tarin Lightfingers? I... I meant Aarin Mightflinger! Er... yes... that's it!",
pharos_st_0_malt,dlg,EntryList/43/Text,0,-1,"<StartAction>[Malthar's eyes narrow dangerously.]</Start> Pharos does not take lightly to Halflings leaving town with unpaid debts... I'm afraid you've gotten quite the bounty on your head, little Halfling...",
pharos_st_0_malt,dlg,EntryList/44/Text,0,-1,"Lyen... it might be time for you and I to get out of here... <StartAction>[Just as the Halfling begins to rise, his eyes start drooping heavily.]</Start> Er... What... what's happening...",
pharos_st_0_malt,dlg,EntryList/45/Text,0,-1,"A Halfling with a price on his head shouldn't take drinks from strangers, little fool! Pharos Nightcrawler will be quite happy to have you returned to him for proper ... punishment...",
pharos_st_0_malt,dlg,EntryList/46/Text,0,-1,"<StartAction>[Lyen tries to stand, but his strength fails him, and he slumps into his chair.]</Start> What treachery... is this?  ...Poison?",
pharos_st_0_malt,dlg,EntryList/47/Text,0,-1,"<StartAction>[Malthar turns his dark eyes upon you.]</Start> You there, <lad/lass>! We want no trouble from you! Just mind your business, and you won't get hurt!",
pharos_st_0_malt,dlg,EntryList/48/Text,0,-1,"Good to hear. I'm going to collect a nice bounty on this Halfling's head, and I'll have nothing stand in my way!",
pharos_st_0_malt,dlg,EntryList/49/Text,0,-1,"Well, that is most unfortunate... Men! Hold off this foolish <boy/girl> while I get the Halfling out of here!",
pharos_st_0_malt,dlg,EntryList/5/Text,0,-1,How does a share of 300 gold sound to you?,
pharos_st_0_malt,dlg,EntryList/50/Text,0,-1,"<StartAction>[Suddenly, the other patrons at the table draw their weapons, and lunge towards you as Tarin and Lyen fall from their seats in a deep sleep...]</Start>",
pharos_st_0_malt,dlg,EntryList/51/Text,0,-1,"<StartAction>[You suddenly feel your own body begin to swoon, and you feel a strong sleepiness creeping into your eyes.]</Start>",
pharos_st_0_malt,dlg,EntryList/52/Text,0,-1,"<StartAction>[Malthar turns his gaze to Tarin and Lyen, who have quietly fallen from their chairs in a deep sleep.]</Start>",
pharos_st_0_malt,dlg,EntryList/53/Text,0,-1,"It appears that sleeping herb has worked out nicely after all... Alright, men! Let's get the Halfling out of here, and get him somewhere safe until we can get the ship ready!",
pharos_st_0_malt,dlg,EntryList/54/Text,0,-1,"Greetings to you, <sir/madam>.",
pharos_st_0_malt,dlg,EntryList/55/Text,0,-1,<< SHOULD NOT APPEAR >>,
pharos_st_0_malt,dlg,EntryList/56/Text,0,-1,"<< Set owner's journal quest to ""JT_PREL_TARI"" >>",
pharos_st_0_malt,dlg,EntryList/57/Text,0,-1,"<< Activates ""N_TALK_SWITCH"" if ""N_MODULE_STAGE"" is 0. >>",
pharos_st_0_malt,dlg,EntryList/58/Text,0,-1,"<< This conversation node does nothing but reset the variable ""N_TALK_SWITCH"" >>",
pharos_st_0_malt,dlg,EntryList/6/Text,0,-1,"<StartAction>[Sigh.]</Start> I had hoped we could come to an agreement that would not involve bloodshed, but it seems such is not to be...",
pharos_st_0_malt,dlg,EntryList/7/Text,0,-1,"<StartCheck>[Failure]</Start> I'm sorry, my friend, but 300 it will have to be. Either take it or leave it.",
pharos_st_0_malt,dlg,EntryList/8/Text,0,-1,"<StartAction>[Success]</Start> You drive a hard bargain, my friend, but I suppose 400 is fair. After all, I will gain a much larger reward when I return this troublesome Halfling to Pharos Nightcrawler.",
pharos_st_0_malt,dlg,EntryList/9/Text,0,-1,<StartAction>[Malthar glances over your shoulder. You hear waves lapping at the hull of an incoming ship and a gruff voice calls to Malthar over the water. Malthar smiles.]</Start>,
pharos_st_0_malt,dlg,ReplyList/0/Text,0,-1,"Prepare to die, cur! To arms!",
pharos_st_0_malt,dlg,ReplyList/12/Text,0,-1,Yes we do.,
pharos_st_0_malt,dlg,ReplyList/2/Text,0,-1,I want a portion of your profit from Tarin's bounty.,
pharos_st_0_malt,dlg,ReplyList/26/Text,0,-1,I'm here to negotiate the the Halfling's release.,
pharos_st_0_malt,dlg,ReplyList/27/Text,0,-1,Release him or die!,
pharos_st_0_malt,dlg,ReplyList/28/Text,0,-1,"Well, what else do you propose then?",
pharos_st_0_malt,dlg,ReplyList/30/Text,0,-1,Forget Pharos. I'll pay 500 gold!,
pharos_st_0_malt,dlg,ReplyList/31/Text,0,-1,Grant Tarin his freedom or die on the spot!,
pharos_st_0_malt,dlg,ReplyList/34/Text,0,-1,No thanks.,
pharos_st_0_malt,dlg,ReplyList/36/Text,0,-1,Sure. <StartAction>[Take a seat at the table.]</Start>,
pharos_st_0_malt,dlg,ReplyList/38/Text,0,-1,No thanks. Drunkards always lose.,
pharos_st_0_malt,dlg,ReplyList/4/Text,0,-1,"No, I won't betray Tarin! Turn him over or die!",
pharos_st_0_malt,dlg,ReplyList/40/Text,0,-1,I'd like an ale.,
pharos_st_0_malt,dlg,ReplyList/52/Text,0,-1,What do I care? The Halfling is yours...,
pharos_st_0_malt,dlg,ReplyList/54/Text,0,-1,I'll not let you harm Tarin Lightfingers!,
pharos_st_0_malt,dlg,ReplyList/6/Text,0,-1,"<StartAction>[Persuade]</Start> Make it 400, and we have a deal.",
pharos_st_0_malt,dlg,ReplyList/9/Text,0,-1,That sounds fair.,
plac_cnt_stn_ped,dlg,EntryList/1/Text,0,-1,"[These pedestals power the Control Stone of Ghaarak. They could be destroyed, but doing so may cause a rather strong magical backlash.]",
plac_cnt_stn_ped,dlg,EntryList/2/Text,0,-1,"<< Activates ""N_TALK_SWITCH"" if ""N_MODULE_STAGE"" is 1. >>",
plac_cnt_stn_ped,dlg,EntryList/3/Text,0,-1,"<< This conversation node does nothing but reset the variable ""N_TALK_SWITCH"" >>",
plac_rprk_lower,dlg,EntryList/0/Text,0,-1,"<StartAction>[You gaze towards the rock ahead, attempting to judge whether you will be able to lasso your rope around it. With a strong toss, you believe it might just be possible...]</Start>",
plac_rprk_lower,dlg,EntryList/1/Text,0,-1,"<StartAction>[Success]</Start> <StartAction>[For a moment, you worry that the rope will not catch, but suddenly it snags on the boulder. You let the rope fall loose, dangling down the side of the hill...]</Start>",
plac_rprk_lower,dlg,ReplyList/0/Text,0,-1,<StartAction>[Put your rope back in your pack and walk away...]</Start>,
plac_rprk_lower,dlg,ReplyList/1/Text,0,-1,<StartAction>[Dexterity]</Start> <StartAction>[Attempt to toss the rope around the boulder.]</Start>,
plac_rprk_rope,dlg,EntryList/0/Text,0,-1,<StartAction>[Do you wish to ascend this rope?]</Start> ,
plac_rprk_rope,dlg,EntryList/1/Text,0,-1,"<StartAction>[Ignoring the rope for now, you turn and walk slowly away.]</Start>",
plac_rprk_rope,dlg,EntryList/2/Text,0,-1,"<StartAction>[Taking the rope into your hands, you quickly pull yourself upwards...]</Start>",
plac_rprk_rope,dlg,ReplyList/0/Text,0,-1,<StartAction>[No.]</Start>,
plac_rprk_rope,dlg,ReplyList/2/Text,0,-1,<StartAction>[Yes.]</Start>,
plac_rprk_upper,dlg,EntryList/0/Text,0,-1,"<StartAction>[As you inspect this boulder a bit closer, you believe it might be possible to tie a rope, should one be handy, around the base of the rock, allowing you to move up and down the slope...]</Start>",
plac_rprk_upper,dlg,EntryList/1/Text,0,-1,"<StartAction>[Quickly securing the rope around the boulder, you let it fall to the ground below...]</Start>",
plac_rprk_upper,dlg,EntryList/2/Text,0,-1,"<StartAction>[You have managed to wrap a rope around this boulder, and may use it to descend the slope, should you so wish. What would you like to do?]</Start>",
plac_rprk_upper,dlg,EntryList/3/Text,0,-1,"<StartAction>[Taking the rope in your hands, you quickly lower yourself down the slope...]</Start>",
plac_rprk_upper,dlg,ReplyList/0/Text,0,-1,<StartAction>[Leave.]</Start>,
plac_rprk_upper,dlg,ReplyList/1/Text,0,-1,<StartAction>[Tie your rope to the boulder.]</Start>,
plac_rprk_upper,dlg,ReplyList/3/Text,0,-1,<StartAction>[Leave.]</Start>,
plac_rprk_upper,dlg,ReplyList/4/Text,0,-1,<StartAction>[Descend the rope.]</Start>,
plac_st_1_rub_nc,dlg,EntryList/1/Text,0,-1,<StartAction>[Do you wish to descend the rope and enter the ruins below the tavern?]</Start>,
plac_st_1_rub_nc,dlg,EntryList/2/Text,0,-1,<StartAction>[A pile of rubble lies strewn about by the ruins of Ravenclaw Tavern...]</Start>,
plac_st_1_rub_nc,dlg,EntryList/3/Text,0,-1,"<StartAction>[After examining the hole for a moment, you believe it might be possible to descend into the hole, if you had a rope to lower into it...]</Start>",
plac_st_1_rub_nc,dlg,EntryList/4/Text,0,-1,"<StartAction>[You tie off the rope, letting it drop slowly into the gaping hole below you...]</Start>",
plac_st_1_rub_nc,dlg,EntryList/5/Text,0,-1,"<< Activates ""N_TALK_SWITCH"" if ""N_MODULE_STAGE"" is 1. >>",
plac_st_1_rub_nc,dlg,EntryList/6/Text,0,-1,"<< This conversation node does nothing but reset the variable ""N_TALK_SWITCH"" >>",
plac_st_1_rub_nc,dlg,ReplyList/0/Text,0,-1,<StartAction>[No.]</Start>,
plac_st_1_rub_nc,dlg,ReplyList/1/Text,0,-1,<StartAction>[Yes.]</Start>,
plac_st_1_rub_nc,dlg,ReplyList/3/Text,0,-1,<StartAction>[Leave.]</Start>,
plac_st_1_rub_nc,dlg,ReplyList/4/Text,0,-1,<StartAction>[Tie off your rope on a bit of the rubble.]</Start>,
plac_stat_of_emp,dlg,EntryList/0/Text,0,-1,"[A small plaque at the base of this statue reads : ""Praise be to Emperor Rakha and the glory of the Sharakhan Empire!""]",
plac_stat_of_emp,dlg,EntryList/1/Text,0,-1,<StartAction>[Nothing else in perticular catches your eye in regards to the stone figure.]</Start>,
plac_stat_of_emp,dlg,EntryList/2/Text,0,-1,"There is something a bit unusual about this statue, <FirstName>... Let's have a look, shall we? ",
plac_stat_of_emp,dlg,EntryList/3/Text,0,-1,"Well, this is most interesting... <StartAction>[Markius points towards the bottom of the statue, where you see a small opening, one which you would never have seen without it being brought to your attention.]</Start>",
plac_stat_of_emp,dlg,EntryList/4/Text,0,-1,"It might be worth investigating this path a little further, <FirstName>, but I shall leave the choice to you.",
plac_stat_of_emp,dlg,EntryList/5/Text,0,-1,"<StartAction>[Spellcraft]</Start> <StartAction>[You notice a strange rune marking on the bust of the statue. Gently running your hand over the rune, you find to your surprise that the statue shifts a bit, revealing a passage below it.]</Start>",
plac_stat_of_emp,dlg,EntryList/6/Text,0,-1,"<StartAction>[Spot]</Start> <StartAction>[As you inspect the statue a bit closer, you feel a cool draft of air brush against your face. You kneel to see a small opening, just underneath the base of the statue...]</Start>",
plac_stat_of_emp,dlg,EntryList/7/Text,0,-1,"<StartAction>[With a little bit of effort, you manage to drop down into the opening, leading to a long, underground passage...]</Start>",
plac_stat_of_emp,dlg,ReplyList/4/Text,0,-1,<StartAction>[Leave the statue.]</Start>,
plac_stat_of_emp,dlg,ReplyList/5/Text,0,-1,<StartAction>[Squeeze your way through the opening.]</Start>,
plac_varh_candle,dlg,EntryList/1/Text,0,-1,"[The candles burn softly by the bed, illuminating the room in a soft glow.]",
plac_varh_candle,dlg,EntryList/2/Text,0,-1,"<< Activates ""N_TALK_SWITCH"" if ""N_MODULE_STAGE"" is 1. >>",
plac_varh_candle,dlg,EntryList/3/Text,0,-1,"[The candles burn softly by the bed, illuminating the room in a soft glow.]",
plac_varh_candle,dlg,EntryList/4/Text,0,-1,"[It strikes you that you could start a fire in the Chancellor's room, perhaps causing him to leave his chambers... doing so would be a rather dangerous and reckless act, however.]</Start>",
plac_varh_candle,dlg,EntryList/5/Text,0,-1,"[The candles burn softly by the bed, illuminating the room in a soft glow.]",
plac_varh_candle,dlg,EntryList/6/Text,0,-1,"<< Activates ""N_TALK_SWITCH"" if ""N_MODULE_STAGE"" is 0. >>",
plac_varh_candle,dlg,EntryList/7/Text,0,-1,"<< This conversation node does nothing but reset the variable ""N_TALK_SWITCH"" >>",
plac_varh_candle,dlg,EntryList/9/Text,0,-1,"<< Set owner's journal quest to ""JT_PREL_MARK"" >>",
plac_varh_candle,dlg,ReplyList/1/Text,0,-1,<StartAction>[Leave the candles be.]</Start>,
plac_varh_candle,dlg,ReplyList/2/Text,0,-1,<StartAction>[Tip over the candles by the bed.]</Start>,
plc_aca_rakstat,dlg,EntryList/0/Text,0,-1,"[A small plaque at the base of this statue reads : ""Praise be to Emperor Rakha and the glory of the Sharakhan Empire!""]",
sc_bh_enter,dlg,EntryList/0/Text,0,-1,"<StartAction>[You wake to the sound of a metal door clanging against cold, damp stone. Somebody's boot nudges you in the ribs, then winds you with a solid kick. A hood covers your face but your hands and feet are free.]</Start>",
sc_bh_enter,dlg,EntryList/1/Text,0,-1,"Which one's slave and which one's master, hehe? <StartAction>[You hear another kick and Markius grunts in pain. Suddenly there are sounds of a scuffle, more grunts and groans, then the sickening sound of a breaking neck.]</Start>",
sc_bh_enter,dlg,EntryList/2/Text,0,-1,"You alright, <FirstName>? <StartAction>[Before you can answer, you hear a chair topple in the outer room and the sound of heavy footsteps coming your way. You reach for your weapon only to find that it's not there. Blinded by your hood, you steel yourself.]</Start>",
sc_bh_lair,dlg,EntryList/0/Text,0,-1,"<StartAction>[You enter the makeshift throneroom, the stench of rot and decay hanging heavily in the air. Sitting nonchantly before you is an Elven man, his thin face twisted in a cruel sneer. His guards shift uncomfortably as he beckons you closer.]</Start>",
sc_bh_lair,dlg,EntryList/1/Text,0,-1,"Well, well, well, I trust you woke pleasantly... Allow me to welcome you to my little lair beneath the city of Ghaarak. Business is slow but profitable and we so seldom receive visitors in this place...",
sc_bh_lair,dlg,EntryList/10/Text,0,-1,"So be it, little <man/woman>...",
sc_bh_lair,dlg,EntryList/11/Text,0,-1,"<StartAction>[Markius's face has turned red with anger, and he gives Jhordak a scathing glare. He does not reply to your question, simply clenching his fists ever tighter.]</Start>",
sc_bh_lair,dlg,EntryList/12/Text,0,-1,"<StartAction>[Jhordak gives a hearty chuckle.]</Start> I see Markius still harbors some resentment against me, but let it not be said that Jhordak or the Bloodhawks are ingracious hosts...",
sc_bh_lair,dlg,EntryList/13/Text,0,-1,"To answer your question, Markius and I know each other quite well... He was the only slave to ever escape my clutches and now I can finally punish him for all of the humiliation I have suffered on his behalf...",
sc_bh_lair,dlg,EntryList/14/Text,0,-1,"<StartAction>[Markius clenches his fists, his jaw set in grim determination.]</Start> You are mistaken, Jhordak... The humiliation has just begun.",
sc_bh_lair,dlg,EntryList/15/Text,0,-1,"<StartAction>[A cruel sneer emerges on Jhordak's face.]</Start> I tire of this witless banter! You and your companion shall die this <quarterday>, slave, mark my words!",
sc_bh_lair,dlg,EntryList/16/Text,0,-1,"I'm afraid the time for talking is over, <lad/lass>...",
sc_bh_lair,dlg,EntryList/17/Text,0,-1,<StartAction>[Jhordak motions to his men.]</Start> Come! Let us show these precocious upstarts what comes of crossing blades with the Bloodhawks!,
sc_bh_lair,dlg,EntryList/18/Text,0,-1,"<StartAction>[Jhordak gives you an amused grin.]</Start> What can I say? We Bloodhawks did not build our reputation on any code of honor... Besides, I dare not risk you informing the authorities of our cozy little location.",
sc_bh_lair,dlg,EntryList/19/Text,0,-1,"And now your companion has brought you right to me! <He/She> has sold you up the river, as it were. How does it feel to be betrayed, once again, into my hands?",
sc_bh_lair,dlg,EntryList/2/Text,0,-1,"<StartAction>[Markius steps forward and places his hand upon your shoulder.]</Start> Wait, <FirstName>, not yet. First, I have business I must attend to with this man. Isn't that right... Jhordak?",
sc_bh_lair,dlg,EntryList/20/Text,0,-1,"<StartAction>[Markius' eyes grow large.]</Start> <FirstName>, is it true? How could you do such a thing?! Have you any idea what you've done?!",
sc_bh_lair,dlg,EntryList/21/Text,0,-1,"<StartAction>[The Bloodhawk leader, Jhordak, cackles in amusement.]</Start> Don't be so hard on your companion, Markius. I would have caught you eventually. <FirstName>, here, has simply saved me the trouble...",
sc_bh_lair,dlg,EntryList/3/Text,0,-1,"<StartAction>[The Elf's eyes take on a dangerous gleam.]</Start> Now, now, <lad/lass>... you should not speak to your host in such a deprecating tone. I am not a man to be trifled with...",
sc_bh_lair,dlg,EntryList/4/Text,0,-1,"<StartAction>[He seems to calm a bit, but still gazes at you darkly.]</Start> Now, before I conduct business, I usually like to get to know who I am dealing with. Please allow me to introduce myself. My name is...",
sc_bh_lair,dlg,EntryList/5/Text,0,-1,"<StartAction>[Markius suddenly comes forward, his eyes burning with intensity.]</Start> I believe I can help with that... This accursed piece of filth is called Jhordak...",
sc_bh_lair,dlg,EntryList/6/Text,0,-1,"<StartAction>[The Elven leader of the Bloodhawks claps his hands in delight.]</Start> It is good to see you again, my old friend Mister Albright. I knew the day would come when our paths would cross once more...",
sc_bh_lair,dlg,EntryList/7/Text,0,-1,"Oh, I'm sure you thought you were terribly clever in  tracking me down to this lair, but I assure you I was quite aware of all your inquiries into my whereabouts, old friend...",
sc_bh_lair,dlg,EntryList/8/Text,0,-1,"You should have stayed in hiding, Markius. There are few who escape my grasp, and those who do would be well advised to stay out of it once and for all. But not you... No, you keep coming back...",
sc_bh_lair,dlg,EntryList/9/Text,0,-1,"You simply had to follow me, had to involve yourself in my affairs, didn't you... That is a mistake I shall make you sorely regret... Yes, very sorely indeed.",
sc_bh_lair,dlg,ReplyList/1/Text,0,-1,I've come to put an end to this slave trade once and for all!,
sc_bh_lair,dlg,ReplyList/11/Text,0,-1,I care little for this nonsense! Let us be done with this!,
sc_bh_lair,dlg,ReplyList/13/Text,0,-1,"What in the name of the gods is he talking about, Markius?",
sc_bh_lair,dlg,ReplyList/16/Text,0,-1,I take it you two know each other?,
sc_bh_lair,dlg,ReplyList/19/Text,0,-1,Can't we talk this over?,
sc_bh_lair,dlg,ReplyList/21/Text,0,-1,"So be it, Bloodhawks... Let's get this battle started!",
sc_bh_lair,dlg,ReplyList/23/Text,0,-1,"But we had a deal! I brought you Markius, and I want my reward!",
sc_bh_lair,dlg,ReplyList/3/Text,0,-1,"To business, then. The sooner I leave this cesspit, the better...",
sc_bh_lair,dlg,ReplyList/6/Text,0,-1,My pleasure but it would be more pleasant if I knew your name.,
sc_st_0_academy,dlg,EntryList/0/Text,0,-1,<< ACTOR 5 >>,
sc_st_0_academy,dlg,EntryList/1/Text,0,-1,"<StartAction>[You rise and stretch, your footsteps soft upon the stone floor of this tiny room. ""I'm getting old,"" you realize. But it wasn't always so, you tell yourself, reaching once again for the pen, dipping it ink.]</Start>",
sc_st_0_academy,dlg,EntryList/10/Text,0,-1,"His duties keeping him as busy as they did, my father barely arrived in time to share a few last words with my mother before she departed this world forever...",
sc_st_0_academy,dlg,EntryList/11/Text,0,-1,"After my mother's funeral, my father and I were left with the awkward decision of what fate would befall me. In many ways, I would have preferred to stay upon our plantation home in the south, and make my own destiny.",
sc_st_0_academy,dlg,EntryList/12/Text,0,-1,"But my father had other ideas. At his bidding, I was brought to live among the Imperial citizens of Ghaarak, to finish my training at the Imperial Academy under my father's care.",
sc_st_0_academy,dlg,EntryList/13/Text,0,-1,"Life upon this wild land proved very different from that of the civilized cities of the south, and I felt quite alone among my new home in Ghaarak...",
sc_st_0_academy,dlg,EntryList/14/Text,0,-1,"Though we now lived within the walls of the same city, I saw my father little more than I had before, for he was always on official business with his duties as the city's Magistrate.",
sc_st_0_academy,dlg,EntryList/15/Text,0,-1,"Still, my time was not completely wasted, and I worked night and day to finish my training at the Imperial Academy, in the hope that I might yet be free to make my way in the world as my own <man/woman>.",
sc_st_0_academy,dlg,EntryList/16/Text,0,-1,"Unbeknownst to me at the time, life was soon to take a turn that would change my fate forever...",
sc_st_0_academy,dlg,EntryList/17/Text,0,-1,"Looking back on it now, I can see that it all began on that fateful day, when I was summoned to the Imperial Academy to perform my graduation ceremony...",
sc_st_0_academy,dlg,EntryList/18/Text,0,-1,"<StartAction>[As the memory of your past takes its grip on you, you let yourself succumb to its will, allowing your mind to travel back to the Imperial Academy of Ghaarak...]</Start>",
sc_st_0_academy,dlg,EntryList/19/Text,0,-1,<< ACTOR 4 >>,
sc_st_0_academy,dlg,EntryList/2/Text,0,-1,"<StartAction>[For the first time in months, you find yourself recalling the events leading to your initiation into the ShadowGuard ranks... thoughts which inevitably lead to your father...]</Start>",
sc_st_0_academy,dlg,EntryList/20/Text,0,-1,<< ACTOR 3 >>,
sc_st_0_academy,dlg,EntryList/21/Text,0,-1,<< ACTOR 2 >>,
sc_st_0_academy,dlg,EntryList/22/Text,0,-1,<< CUTSCENE ACTOR LIST >>,
sc_st_0_academy,dlg,EntryList/24/Text,0,-1,"For a large portion of my young life, I had come to age in the southern cities of the Sharakhan Empire, trained among the advanced academies of the Empire's heartlands, leaving my childhood among those peaceful lands.",
sc_st_0_academy,dlg,EntryList/25/Text,0,-1,"My father's name was Okaris <LastName>, and he was a general of the Sharakhan army who enjoyed the favor of Emperor Rakha. His fame ensured my mother and I had few wishes which went unfulfilled, and we lived a life of luxury and ease.",
sc_st_0_academy,dlg,EntryList/26/Text,0,-1,"I saw very little of my father himself, however. Always campaigning with his men in the north, my father was not one for the simple pleasures of home, and years would pass between his visits to see my mother and me.",
sc_st_0_academy,dlg,EntryList/27/Text,0,-1,"I must confess I had little desire to know my father much further than the visiting stranger he had become, and it always seemed to me that he felt much the same way...",
sc_st_0_academy,dlg,EntryList/28/Text,0,-1,"But destiny often takes strange turns we do not expect, and in the year 1370, my mother took ill to the Red Plague spreading throughout the south. Within three months, she was dead, leaving me alone upon our rich plantation...",
sc_st_0_academy,dlg,EntryList/29/Text,0,-1,"My father had recently taken the position of ruling Magistrate over the city of Ghaarak, an Imperial colony along the outermost fringes of the wild frontier known as the Northern Reaches.",
sc_st_0_academy,dlg,EntryList/3/Text,0,-1,"<StartAction>[Frustrated, you allow the memory of your time in Ghaarak to overtake you. The day of your graduation still haunts you, even now...]</Start>",
sc_st_0_academy,dlg,EntryList/30/Text,0,-1,"His duties keeping him as busy as they did, my father barely arrived in time to share a few last words with my mother before she departed this world forever...",
sc_st_0_academy,dlg,EntryList/31/Text,0,-1,"After my mother's funeral, my father and I were left with the awkward decision of what fate would befall me. In many ways, I would have preferred to stay upon our plantation home in the south, and make my own destiny.",
sc_st_0_academy,dlg,EntryList/32/Text,0,-1,"But my father had other ideas. At his bidding, I was brought to live among the Imperial citizens of Ghaarak, to finish my training at the Imperial Academy under my father's care.",
sc_st_0_academy,dlg,EntryList/33/Text,0,-1,"Life upon this wild land proved very different from that of the civilized cities of the south, and I felt quite alone among my new home in Ghaarak...",
sc_st_0_academy,dlg,EntryList/34/Text,0,-1,"Though we now lived within the walls of the same city, I saw my father little more than I had before, for he was always on official business with his duties as the city's Magistrate.",
sc_st_0_academy,dlg,EntryList/35/Text,0,-1,"Still, my time was not completely wasted, and I worked night and day to finish my training at the Imperial Academy, in the hope that I might yet be free to make my way in the world as my own <man/woman>.",
sc_st_0_academy,dlg,EntryList/36/Text,0,-1,"Unbeknownst to me at the time, life was soon to take a turn that would change my fate forever...",
sc_st_0_academy,dlg,EntryList/37/Text,0,-1,"Looking back on it now, I can see that it all began on that fateful day, when I was summoned to the Imperial Academy to perform my graduation ceremony...",
sc_st_0_academy,dlg,EntryList/38/Text,0,-1,"For a large portion of my young life, I had come to age in the southern cities of the Sharakhan Empire, trained among the advanced academies of the Empire's heartlands, leaving my childhood among those peaceful lands.",
sc_st_0_academy,dlg,EntryList/39/Text,0,-1,"My father's name was Okaris <LastName>, and he was a general of the Sharakhan army who enjoyed the favor of Emperor Rakha. His fame ensured my mother and I had few wishes which went unfulfilled, and we lived a life of luxury and ease.",
sc_st_0_academy,dlg,EntryList/4/Text,0,-1,"For a large portion of my young life, I had come to age in the southern cities of the Sharakhan Empire, trained among the advanced academies of the Empire's heartlands, entering <man/woman>hood among those peaceful lands...",
sc_st_0_academy,dlg,EntryList/40/Text,0,-1,"I saw very little of my father himself, however. Always campaigning with his men in the north, my father was not one for the simple pleasures of home, and years would pass between his visits to see my mother and me.",
sc_st_0_academy,dlg,EntryList/41/Text,0,-1,"I must confess I had little desire to know my father much further than the visiting stranger he had become, and it always seemed to me that he felt much the same way...",
sc_st_0_academy,dlg,EntryList/42/Text,0,-1,"But destiny often takes strange turns we do not expect, and in the year 1370, my mother took ill to the Red Plague spreading throughout the south. Within three months, she was dead, leaving me alone upon our rich plantation...",
sc_st_0_academy,dlg,EntryList/43/Text,0,-1,"My father had recently taken the position of ruling Magistrate over the city of Ghaarak, an Imperial colony along the outermost fringes of the wild frontier known as the Northern Reaches.",
sc_st_0_academy,dlg,EntryList/44/Text,0,-1,"His duties keeping him as busy as they did, my father barely arrived in time to share a few last words with my mother before she departed this world forever...",
sc_st_0_academy,dlg,EntryList/45/Text,0,-1,"After my mother's funeral, my father and I were left with the awkward decision of what fate would befall me. In many ways, I would have preferred to stay upon our plantation home in the south, and make my own destiny.",
sc_st_0_academy,dlg,EntryList/46/Text,0,-1,"But my father had other ideas. At his bidding, I was brought to live among the Imperial citizens of Ghaarak, to finish my training at the Imperial Academy under my father's care.",
sc_st_0_academy,dlg,EntryList/47/Text,0,-1,"Life upon this wild land proved very different from that of the civilized cities of the south, and I felt quite alone among my new home in Ghaarak...",
sc_st_0_academy,dlg,EntryList/48/Text,0,-1,"Though we now lived within the walls of the same city, I saw my father little more than I had before, for he was always on official business with his duties as the city's Magistrate.",
sc_st_0_academy,dlg,EntryList/49/Text,0,-1,"Still, my time was not completely wasted, and I worked night and day to finish my training at the Imperial Academy, in the hope that I might yet be free to make my way in the world as my own <man/woman>.",
sc_st_0_academy,dlg,EntryList/5/Text,0,-1,"My father was Okaris <LastName>, a general of the Sharakhan army who enjoyed the favor of Emperor Rakha. His fame ensured my mother and I had few wishes which went unfulfilled, and we lived a life of luxury and ease.",
sc_st_0_academy,dlg,EntryList/50/Text,0,-1,"Unbeknownst to me at the time, life was soon to take a turn that would change my fate forever...",
sc_st_0_academy,dlg,EntryList/51/Text,0,-1,"Looking back on it now, I can see that it all began on that fateful day, when I was summoned to the Imperial Academy to perform my graduation ceremony...",
sc_st_0_academy,dlg,EntryList/6/Text,0,-1,"I saw very little of my father himself, however. Always campaigning with his men in the north, my father was not one for the simple pleasures of home, and years would pass between his visits to see my mother and me.",
sc_st_0_academy,dlg,EntryList/7/Text,0,-1,"I must confess I had little desire to know my father much further than the visiting stranger he had become, and it always seemed to me that he felt much the same way...",
sc_st_0_academy,dlg,EntryList/8/Text,0,-1,"But destiny often takes strange turns we do not expect, and in the year 1370, my mother took ill to the Red Plague spreading throughout the south. Within three months, she was dead, leaving me alone upon our rich plantation...",
sc_st_0_academy,dlg,EntryList/9/Text,0,-1,"My father had recently taken the position of ruling Magistrate over the city of Ghaarak, an Imperial colony along the outermost fringes of the wild frontier known as the Northern Reaches.",
sc_st_0_academy,dlg,ReplyList/1/Text,0,-1,<StartAction>[Crumple the parchment and throw it to the floor.]</Start>,
sc_st_0_cp,dlg,EntryList/1/Text,0,-1,"<StartAction>[To your surprise, a strange beam of light erupts over the nearby plaza, coalescing into the form of a red robed man, a pair of fiery eyes gleaming beneath his hood...]</Start>",
sc_st_0_cp,dlg,EntryList/10/Text,0,-1,<< Set NPC to talk always >>,
sc_st_0_cp,dlg,EntryList/11/Text,0,-1,"<< This conversation node does nothing but reset the variable ""N_TALK_SWITCH"" >>",
sc_st_0_cp,dlg,EntryList/12/Text,0,-1,"<< Set owner's journal quest to ""JT_PRELUDE"" >>",
sc_st_0_cp,dlg,EntryList/2/Text,0,-1,"<StartAction>[The red robed man begins to speak in a deep, harsh voice.]</Start> Hear me, people of Ghaarak, and listen well! The hour of doom is at hand! All these lands shall be covered in a sea of blood!",
sc_st_0_cp,dlg,EntryList/3/Text,0,-1,"Turn your back on the Sharakhan Empire you have so eagerly embraced, and perhaps you shall be spared! Do not, and you shall most surely perish!",
sc_st_0_cp,dlg,EntryList/4/Text,0,-1,The Crimson Prophet! The gods save us! He... he will bring death to us all!,
sc_st_0_cp,dlg,EntryList/5/Text,0,-1,"<StartAction>[A robed <Race> man stands up amongst the crowd.]</Start> Do not listen to the foul words of this demon, people of Ghaarak! Do not heed his lies!",
sc_st_0_cp,dlg,EntryList/6/Text,0,-1,"<StartAction>[Hefting a staff to his side, the <Race> man rushes forward to face the Crimson Prophet.]</Start> Begone, foul cur! Trouble the people of this city no further!",
sc_st_0_cp,dlg,EntryList/7/Text,0,-1,"<StartAction>[The Crimson Prophet looks upon his adversary with disinterest, effortlessly waving his hand and bringing the <Race> man to a dead halt.]</Start> You are a fool if you think you can stand against my might!",
sc_st_0_cp,dlg,EntryList/8/Text,0,-1,"<StartAction>[The Crimson Prophet turns his gaze back to the crowd once more.]</Start> It appears my welcome has worn thin, so I am afraid I must depart you now. Heed my words, for the time of doom draws near!",
sc_st_0_cp,dlg,EntryList/9/Text,0,-1,"The Prophet here in Ghaarak... I must move quickly if I am to thwart his plans. <StartAction>[The <Race> man turns hurriedly from the scene, his face flushed with anger as he departs...]</Start>",
sc_st_0_grn_hall,dlg,EntryList/0/Text,0,-1,<< ACTOR 3 >>,
sc_st_0_grn_hall,dlg,EntryList/1/Text,0,-1,<< ACTOR 2 >>,
sc_st_0_grn_hall,dlg,EntryList/10/Text,0,-1,"If you want to know the truth, I have begun to consider ridding Ghaarak of that foul gem's presence once and for all... and I have made arrangements which will allow me to do just that...",
sc_st_0_grn_hall,dlg,EntryList/11/Text,0,-1,"That may be very unwise, Okaris. Despite your personal feelings regarding this gem, if it is as corrupting as you claim, it may be quite dangerous if it were to fall in the wrong hands...",
sc_st_0_grn_hall,dlg,EntryList/12/Text,0,-1,"<StartAction>[Your father's eyes grow angry with a surprising quickness.]</Start> Do you think I have not thought of that, Vhorkas?! Of course I have! But... but I feel it would be more dangerous to keep it...",
sc_st_0_grn_hall,dlg,EntryList/13/Text,0,-1,"Please, Vhorkas. In all the long years we have been friends, have you known me to make a decision rashly? You must trust me on this... It... it is for the best...",
sc_st_0_grn_hall,dlg,EntryList/14/Text,0,-1,"<StartAction>[The man known as Vhorkas nods reluctantly.]</Start> Very well, my old friend. I can see that no words of mine will change your mind... so I shall leave it in your hands. Just... just be cautious, Okaris...",
sc_st_0_grn_hall,dlg,EntryList/15/Text,0,-1,"<StartAction>[Vhorkas pauses for a long moment, seemingly lost in thought, before resuming.]</Start> Is everything else alright, Okaris? You seem pale, distraught... very uncharacteristic of you... Tell me, my friend. What troubles you so?",
sc_st_0_grn_hall,dlg,EntryList/16/Text,0,-1,"<StartAction>[Okaris sighs, his shoulders slumping once more.]</Start> It is my <CUSTOM6001>, Vhorkas. I... I worry that I have somehow placed <him/her> in danger... and I don't know what to do about it...",
sc_st_0_grn_hall,dlg,EntryList/17/Text,0,-1,"You trouble yourself too greatly over <FirstName>, Okaris. I am sure a fine young <man/woman> such as <he/she> can take care of <him/her>self.",
sc_st_0_grn_hall,dlg,EntryList/18/Text,0,-1,"I... I am not so sure. I received a report that <FirstName> was attacked by assassins... right here in Ghaarak. It seems someone plans to make a move on me, and <FirstName> may be in grave danger because of it...",
sc_st_0_grn_hall,dlg,EntryList/19/Text,0,-1,"You have always had enemies, Okaris, as do all who carry the burden of the Empire's purpose in the Northern Reaches. You cannot blame yourself...",
sc_st_0_grn_hall,dlg,EntryList/2/Text,0,-1,<< ACTOR 1 >>,
sc_st_0_grn_hall,dlg,EntryList/20/Text,0,-1,"But if you are truly concerned over your <CUSTOM6001>'s safety, you could send <him/her> to join us in Zhantara... You know I would be more than willing to accept <him/her> into our ranks...",
sc_st_0_grn_hall,dlg,EntryList/21/Text,0,-1,"<StartAction>[Your father places his hand under his chin, pondering Vhorkas' words.]</Start> Perhaps you are right... Perhaps the time has come for <FirstName> to leave this city and find <his/her> own destiny...",
sc_st_0_grn_hall,dlg,EntryList/22/Text,0,-1,"It's just... it's just that I am loathe to let <him/her> go... <He/She> is all I have left of my wife, the only thing remaining which we shared together... and the only family I still have among me...",
sc_st_0_grn_hall,dlg,EntryList/23/Text,0,-1,"<StartAction>[That worried look passes over your father's face once more.]</Start> Vhorkas, if... if something happens to me, I want you to promise me you'll take <FirstName> with you... keep <him/her> safe...",
sc_st_0_grn_hall,dlg,EntryList/24/Text,0,-1,"<StartAction>[Vhorkas nods, his eyes narrowing in concern.]</Start> Of course, Okaris. You know that I would... But you worry too much. I'm sure you're going to be just fine, unless there still remains something you aren't telling me...",
sc_st_0_grn_hall,dlg,EntryList/25/Text,0,-1,"<StartAction>[Your father appears uncomfortable at Vhorkas' words, and his eyes roam uneasily around the chamber. He catches sight of you for the first time, and gives you a weak grin.]</Start>",
sc_st_0_grn_hall,dlg,EntryList/26/Text,0,-1,"Well, now... look at this. My <CUSTOM6001> has arrived, safe and out of harm's reach... a good sign indeed.",
sc_st_0_grn_hall,dlg,EntryList/27/Text,0,-1,"I wish we could speak more at the moment, Vhorkas, but I would like to have some time alone with <FirstName>. Perhaps we can speak further on this matter at a later time, but for now, I would like some time to myself...",
sc_st_0_grn_hall,dlg,EntryList/28/Text,0,-1,"<StartAction>[Vhorkas pauses, looking at Okaris for a long moment as though searching for some sort of clue to the Magistrate's elusive answers. Finally, he nods his head and bows.]</Start>",
sc_st_0_grn_hall,dlg,EntryList/29/Text,0,-1,"As you wish, Okaris. Speak with your <CUSTOM6001>, and we shall save these matters for another day... Now, I have other affairs which I must attend to here in the city, so I bid you farewell for the moment...",
sc_st_0_grn_hall,dlg,EntryList/3/Text,0,-1,<< CUTSCENE ACTOR LIST >>,
sc_st_0_grn_hall,dlg,EntryList/30/Text,0,-1,"<StartAction>[Your father and the man known as Vhorkas clasp hands, nodding silently to one another in the fashion of old friends.]</Start> Farewell, Vhorkas. May Rakha keep you safe from harm, and guide your path...",
sc_st_0_grn_hall,dlg,EntryList/31/Text,0,-1,"The same to you, my old friend... the same to you. <StartAction>[With that, Vhorkas departs from the chamber, leaving you alone with your father.]</Start>",
sc_st_0_grn_hall,dlg,EntryList/32/Text,0,-1,"<StartAction>[Your father does not notice your entrance, as he seems quite preoccupied in conversation with the <Race> man standing before him.]</Start> So, Harkon, tell me... Have you and your sorcerers determined the nature of this gem?",
sc_st_0_grn_hall,dlg,EntryList/33/Text,0,-1,"<StartAction>[You notice the man speaking with your father. He's the same fellow you saw in the Market District earlier today, during the strange appearance of that mysterious prophet...]</Start>",
sc_st_0_grn_hall,dlg,EntryList/34/Text,0,-1,"It appears to be some sort of artifact from the lost age of Ghaaris, Magistrate Okaris... I have never seen such a wondrous piece of magical craftsmanship in all my days of service to Sharakha...",
sc_st_0_grn_hall,dlg,EntryList/35/Text,0,-1,"<StartAction>[The other man in the chamber, an aged man who carries himself with the poise of one who has seen many years of battle, begins to speak.]</Start> Okaris, you must tell us where you managed to find this marvel...",
sc_st_0_grn_hall,dlg,EntryList/36/Text,0,-1,"<StartAction>[A troubled expression appears on your father's face, quite uncharacteristic of his usual confident demeanor.]</Start> It was brought to the city just last week, by a group of my men campaigning in the north against rebel forces...",
sc_st_0_grn_hall,dlg,EntryList/37/Text,0,-1,"The reports state that my troops came upon a strange excavation site, flying the colors of the Crimson Prophet... Under orders to engage all enemy forces they encountered, my men naturally stopped to investigate.",
sc_st_0_grn_hall,dlg,EntryList/38/Text,0,-1,"They found the site in disarray, however. It seems some treachery was at work among the miners of the site, and many bodies lay strewn about, apparently slain by their fellow workers...",
sc_st_0_grn_hall,dlg,EntryList/39/Text,0,-1,"Those who yet lived were said to have gone quite mad, speaking little more than scattered gibberish. My men were able to easily secure the site, and set about determining the cause behind this strange occurrence.",
sc_st_0_grn_hall,dlg,EntryList/40/Text,0,-1,"Within the heart of the excavation site, my men found a mine shaft, leading far below the depths of the nearby hills to a decrepit old ruin. They claim it was filled with all manner of strange devices unseen in this day and age.",
sc_st_0_grn_hall,dlg,EntryList/41/Text,0,-1,"The gem was found among the scattered debris of the ruins, shining with an unnatural light. No one knew quite what to make of it, and I was contacted to determine what should be done with their find.",
sc_st_0_grn_hall,dlg,EntryList/42/Text,0,-1,"Knowing that Emperor Rakha has always taken a keen interest in relics from the ancient days, I ordered my men to return the gem here, and so it came to be in my possession...",
sc_st_0_grn_hall,dlg,EntryList/43/Text,0,-1,"<StartAction>[You notice your father's face grow more concerned.]</Start> I have since come to regret bringing it here, however... for this gem seems to be having a rather strange effect on all who come into contact with it.",
sc_st_0_grn_hall,dlg,EntryList/44/Text,0,-1,"<StartAction>[The man named Harkon nods his head knowingly.]</Start> These artifacts from the Golden Age often have strange effects on those who encounter them, for their potent magic is unlike any seen in this age...",
sc_st_0_grn_hall,dlg,EntryList/45/Text,0,-1,"<StartAction>[Your father shakes his head.]</Start> No... no, this is different. I have seen it for myself. The gem seems to put... thoughts... in the heads of those who are near its presence... dark, terrible visions...",
sc_st_0_grn_hall,dlg,EntryList/46/Text,0,-1,"Not long after returning the gem to the city, the patrol which found it was sent back out on duty... They... they complained of dark dreams haunting their sleep, and strange behavior among their fellow men.",
sc_st_0_grn_hall,dlg,EntryList/47/Text,0,-1,"Within a matter of days, we lost all contact with the patrol, and have seen no sign of them since. At the time, I put the incident down to coincidence, but I've since begun to doubt that assumption...",
sc_st_0_grn_hall,dlg,EntryList/48/Text,0,-1,"One of our sorcerers, Khiva, was asked to research the gem in an attempt to discern its power. He had scarcely begun work on it when he was struck with a strange madness...",
sc_st_0_grn_hall,dlg,EntryList/49/Text,0,-1,"I was forced to cast Khiva into our dungeons, for he did not seem himself anymore. After that, I ordered the gem be locked away in the Imperial Treasury, and contacted you to aid me with this matter...",
sc_st_0_grn_hall,dlg,EntryList/5/Text,0,-1,"<StartAction>[As Harkon storms angrily from the chamber, your father lets out a long sigh.]</Start> I have to say I am not too terribly sorry to see him go... I never much cared for that fellow...",
sc_st_0_grn_hall,dlg,EntryList/50/Text,0,-1,"<StartAction>[The aged man pats Okaris on the shoulder fondly.]</Start> And a good decision that was, my old friend. Don't worry, we shall get to the bottom of this matter.",
sc_st_0_grn_hall,dlg,EntryList/51/Text,0,-1,"<StartAction>[Your father nods, but he still seems uncomfortable.]</Start> I imagine if anyone is equipped to handle this situation, it would be you and your men, Vhorkas...",
sc_st_0_grn_hall,dlg,EntryList/52/Text,0,-1,"But I would ask that you be careful in your handling of this relic, for it seems to have a rather disturbing effect on all who come in contact with it. Just... just be on your guard...",
sc_st_0_grn_hall,dlg,EntryList/53/Text,0,-1,"<StartAction>[Harkon seems to have grown bored with your father's warnings.]</Start> Well, Okaris, if you would simply turn the gem over to me, I could take it back to Zhantara, and properly inspect it...",
sc_st_0_grn_hall,dlg,EntryList/54/Text,0,-1,"<StartAction>[Your father seems to consider the <Race> man's offer, but shakes his head slowly.]</Start> No, Harkon, I would not feel comfortable sending this gem to Zhantara... at least not until we know its true purpose...",
sc_st_0_grn_hall,dlg,EntryList/55/Text,0,-1,"<StartAction>[Harkon seems a bit angry at Okaris' refusal.]</Start> I am a High Sorcerer of Rakha, Okaris, and my own counsel. I will take on what we are equipped to handle!",
sc_st_0_grn_hall,dlg,EntryList/56/Text,0,-1,"<StartAction>[Your father's eyes harden.]</Start> And I am still the ruler of this city, Harkon... and you will do well to remember that. I say we keep the gem here until we know more about it...",
sc_st_0_grn_hall,dlg,EntryList/57/Text,0,-1,"<StartAction>[Harkon shakes his hands at the Magistrate.]</Start> You are being a fool, Okaris! Do you know that the Crimson Prophet has been sighted here in Ghaarak recently? I know, for I was there to witness it!",
sc_st_0_grn_hall,dlg,EntryList/58/Text,0,-1,"Yes, I had heard of the sighting... but rest assured. I have made... arrangements... which will keep the city well protected against any danger the Prophet may pose to us.",
sc_st_0_grn_hall,dlg,EntryList/59/Text,0,-1,"You trust too much in the defenses of Ghaarak, Okaris... Now, quit being so stubborn, and allow me to take that gem! Rakha will assuredly be interested in learning its true nature...",
sc_st_0_grn_hall,dlg,EntryList/6/Text,0,-1,"I can certainly understand your sentiment, Okaris, for Harkon has never been the most subtle of personalities... But he is still a High Sorcerer of Rakha, and it is foolish to anger them too greatly...",
sc_st_0_grn_hall,dlg,EntryList/60/Text,0,-1,"<StartAction>[Your father turns a steely gaze towards Harkon.]</Start> I have made my decision on this matter, Harkon, and you may either respect it, or you may leave... The choice is yours...",
sc_st_0_grn_hall,dlg,EntryList/61/Text,0,-1,"<StartAction>[The other man motions for his companions to ease their argument.]</Start> Please, let us not allow this situation to escalate any further. We are all friends here, remember?",
sc_st_0_grn_hall,dlg,EntryList/62/Text,0,-1,"Harkon, why don't you allow Okaris and I a bit of privacy? I would like to speak with the Magistrate alone...",
sc_st_0_grn_hall,dlg,EntryList/63/Text,0,-1,"<StartAction>[Harkon looks back and forth between the other two men, seemingly quite unhappy with the turn of events.]</Start> As you wish, Vhorkas... I believe I have seen enough here today as it is!",
sc_st_0_grn_hall,dlg,EntryList/64/Text,0,-1,"<StartAction>[Apparently still in quite a flurry over your father's decision, Harkon turns without another word and exits the chamber...]</Start>",
sc_st_0_grn_hall,dlg,EntryList/7/Text,0,-1,"And you do not seem quite yourself, either. I have to say I am a bit concerned over your reluctance to hand over this gem to Harkon myself...",
sc_st_0_grn_hall,dlg,EntryList/8/Text,0,-1,"<StartAction>[The aged man turns his eyes worriedly upon your father.]</Start> Is there something you aren't telling me, my old friend?",
sc_st_0_grn_hall,dlg,EntryList/9/Text,0,-1,"<StartAction>[Your father smiles weakly.]</Start> I should have known better than to try and mislead you, Vhorkas... You know my mind only too well...",
sc_st_0_okar_ass,dlg,EntryList/0/Text,0,-1,<< ACTOR 5 >>,
sc_st_0_okar_ass,dlg,EntryList/1/Text,0,-1,<< ACTOR 4 >>,
sc_st_0_okar_ass,dlg,EntryList/10/Text,0,-1,"<Sir/Madam> <FirstName>, will you enter the Estate, and make sure your father is alright? We have been hearing strange noises from within, and fear that all may not be well...",
sc_st_0_okar_ass,dlg,EntryList/11/Text,0,-1,<StartAction>[Your words are brought to a halt as you notice a strange red medallion lying near your feet. You stoop down to pick it up...]</Start> Now what could this be...,
sc_st_0_okar_ass,dlg,EntryList/12/Text,0,-1,"<StartAction>[Suddenly, you see a small puff of smoke rise from the steps of your home, and the feeling of dread grows even stronger...]</Start>",
sc_st_0_okar_ass,dlg,EntryList/13/Text,0,-1,"<StartAction>[You feel a brisk intake of wind surround you, and find yourself knocked to the ground as a great ball of fire erupts from the manor, assuredly killing anyone inside... including your father...]</Start>",
sc_st_0_okar_ass,dlg,EntryList/14/Text,0,-1,"<StartAction>[Just as you feel yourself slipping into unconsciousness, you weakly manage to gaze up towards the ruined doors of your home...]</Start>",
sc_st_0_okar_ass,dlg,EntryList/15/Text,0,-1,"<StartAction>[The last sight to meet your eyes before darkness overcomes you completely is that of the Crimson Prophet emerging from the fiery wreckage, his eyes burning like flaming embers...]</Start> ",
sc_st_0_okar_ass,dlg,EntryList/16/Text,0,-1,"<StartAction>[You attempt to speak, though your efforts are in vain. The Crimson Prophet looks upon you with his soulless gaze, but you no longer see him as you succumb to the darkness which surrounds you...]</Start>",
sc_st_0_okar_ass,dlg,EntryList/2/Text,0,-1,<< ACTOR 3 >>,
sc_st_0_okar_ass,dlg,EntryList/3/Text,0,-1,<< ACTOR 2 >>,
sc_st_0_okar_ass,dlg,EntryList/4/Text,0,-1,<< ACTOR 1 >>,
sc_st_0_okar_ass,dlg,EntryList/5/Text,0,-1,<< CUTSCENE ACTOR LIST >>,
sc_st_0_okar_ass,dlg,EntryList/7/Text,0,-1,"<StartAction>[As you approach the steps to your home, you suddenly have a terrifying premonition that all is not well...]</Start>",
sc_st_0_okar_ass,dlg,EntryList/8/Text,0,-1,"<StartAction>[The guards standing before your home salute as you approach.]</Start> Welcome back, <Sir/Madam> <FirstName>. Your father entered a short while ago, ordering that none were to pass the doors to the Estate, not even you...",
sc_st_0_okar_ass,dlg,EntryList/9/Text,0,-1,"But if truth be told, I do not think the Magistrate has been himself of late, and he had a strange expression on his face... To be honest, I'm a bit worried about him...",
sc_st_0_okar_ass,dlg,ReplyList/3/Text,0,-1,"Yes, yes, I will do just...",
sc_st_0_open_1,dlg,EntryList/0/Text,0,-1,"To counter the Crimson Prophet's evil machinations, Emperor Rakha has gathered from the four corners of the Sharakhan Empire a group of individuals capable of countering the Prophet's plans...",
sc_st_0_open_1,dlg,EntryList/1/Text,0,-1,"<StartAction>[A richly dressed noble lord of the Sharakhan Empire wobbles drunkenly towards the front of his escort caravan, the ox which has been pulling it having fallen to the ground, quite dead...]</Start>",
sc_st_0_open_1,dlg,EntryList/10/Text,0,-1,"<StartAction>[Suddenly, the diminutive Halfling driver of the caravan whirls around, whipping out a sharp short sword.]</Start> Well, well, well, looks like we got ourselves a traitor to the Empire in our midst...",
sc_st_0_open_1,dlg,EntryList/100/Text,0,-1,"You... you monster! You... you've taken all that we own! Our... our daughters, our food! Trouble us no more, and allow us what few years we have left in peace!",
sc_st_0_open_1,dlg,EntryList/101/Text,0,-1,"Fool! I am King Khagrim, and none shall speak to me in such a manner! Guards! Throw these two in the dungeons! Let them rot among the rats, and show the rabble of this land what comes of disobeying my rule!",
sc_st_0_open_1,dlg,EntryList/102/Text,0,-1,"<StartAction>[The guard smirks evilly.]</Start> With pleasure, my lord...",
sc_st_0_open_1,dlg,EntryList/103/Text,0,-1,Wh... what?! No! NO! You can't do this to us!,
sc_st_0_open_1,dlg,EntryList/104/Text,0,-1,Take them! I grow tired of hearing this incessant prattle!,
sc_st_0_open_1,dlg,EntryList/105/Text,0,-1,"All lived in fear, and few saw an end to the tyranny which had overtaken our lands...",
sc_st_0_open_1,dlg,EntryList/106/Text,0,-1,<StartAction>[Instructor Jarvis gave you this book as a graduation present and it appears to be written in his own hand. The tome is heavy and the Table of Contents ornately decorated.]</Start>,
sc_st_0_open_1,dlg,EntryList/11/Text,0,-1,"<StartAction>[Before the treacherous servant of the Crimson Prophet can bring his killing blow upon Lord Nalthan, the Halfling plants his blade deeply into the soft spot of the guard's armor.]</Start>",
sc_st_0_open_1,dlg,EntryList/12/Text,0,-1,"Chosen by Rakha for his skill in subterfuge and infiltration, Tarin Lightfingers is a Halfling master of disguise, well versed in the ways of the Sharakhan Empire and the Northern Reaches...",
sc_st_0_open_1,dlg,EntryList/13/Text,0,-1,"Didn't even have ta' break a sweat on that one... <StartAction>[The Halfling's mouth breaks into a wiry grin, but it quickly fades as he notices another of the escort guards moving towards the wife and child of Lord Hy'lir...]</Start>",
sc_st_0_open_1,dlg,EntryList/14/Text,0,-1,Markius! Behind ya'! Looks like we got ourselves more of the Prophet's cronies in our midst!,
sc_st_0_open_1,dlg,EntryList/15/Text,0,-1,"Stand back, you fools, or I'll slit the woman and the child's throats!",
sc_st_0_open_1,dlg,EntryList/16/Text,0,-1,"<StartAction>[Suddenly, a tall man standing next to Tarin Lightfingers draws for a dagger with unnerving quickness, and sends it flying through the air to land with a sick thud in the treacherous guard's throat.]</Start>",
sc_st_0_open_1,dlg,EntryList/17/Text,0,-1,"<StartAction>[The noblewoman, visibly shaken, turns her frightened eyes to her timely rescuer.]</Start> I... I... th... thank you, sir...",
sc_st_0_open_1,dlg,EntryList/18/Text,0,-1,"<StartAction>[The tall man nods his head.]</Start> Take your daughter to a place of safety, m'lady. My companions and I shall ensure your husband remains safe...",
sc_st_0_open_1,dlg,EntryList/19/Text,0,-1,"Yes... yes, of course... Come... come along, Thella... These... these good men will make sure Daddy's alright... Now... now come along, darling...",
sc_st_0_open_1,dlg,EntryList/2/Text,0,-1,Whatsh the meaning of thish? Whatsh happened here? Why... why that ox ish dead!,
sc_st_0_open_1,dlg,EntryList/20/Text,0,-1,"Markius Albright... a quiet, brooding fellow who serves as Rakha's agent equally well both in the wilderness and the darker alleys of the streets. He is a man of few words, his past a mystery even to those he calls friends...",
sc_st_0_open_1,dlg,EntryList/21/Text,0,-1,"Now, let's see what we can learn from this traitor, shall we? Perhaps he can tell us the Crimson Prophet's plans... <StartAction>[Markius turns towards the prone body of the treacherous guard.]</Start>",
sc_st_0_open_1,dlg,EntryList/22/Text,0,-1,"<StartAction>[Tarin turns his eyes up to Markius.]</Start> Don't think that's gonna' happen, chap... Looks like we already lost 'im... though I suppose Kara might be able to help us out with that particular problem...",
sc_st_0_open_1,dlg,EntryList/23/Text,0,-1,"<StartAction>[As if on cue, a sultry, dark haired Elven maiden, accompanied by a brutish Half-Orc, emerges from the shadowy corner nearby.]</Start> Did I hear mention of needing my aid?",
sc_st_0_open_1,dlg,EntryList/24/Text,0,-1,"Ah, there's our lovely lady now! Kara, perhaps you can... convince... our dead ""friend"" here to return long enough to give us some information, eh?",
sc_st_0_open_1,dlg,EntryList/25/Text,0,-1,"<StartAction>[A pained look crosses over the Elven woman's face, but she nods quietly.]</Start> I... I suppose I can... if it is so needed...",
sc_st_0_open_1,dlg,EntryList/26/Text,0,-1,"<StartAction>[Laying her hands upon the dead body of the treacherous guard, the Elven woman begins murmuring a soft, dark prayer.]</Start>",
sc_st_0_open_1,dlg,EntryList/27/Text,0,-1,"Akhana, Mother of Death, heed my call! Bring forth the soul of this treacherous worm, so that we may yet discover his foul purpose!",
sc_st_0_open_1,dlg,EntryList/28/Text,0,-1,"Kara Dy'nesh, daughter of the Wytch of Rhun, the High Matron of Akhana, Mistress of Death. The blood of the Dy'nesh family runs strong with the divine power of Akhana, but at a high cost, one which Kara fights daily against...",
sc_st_0_open_1,dlg,EntryList/29/Text,0,-1,"Mother of the Darkness, hear me! Let this soul pass back through your realm!",
sc_st_0_open_1,dlg,EntryList/3/Text,0,-1,"<StartAction>[The noble's wife, a richly dressed woman with pursed lips, seems quite livid over the delay.]</Start> Nalthan, what is the matter? We have to get little Thella home to get her rest! Do hurry, you drunken buffoon!",
sc_st_0_open_1,dlg,EntryList/30/Text,0,-1,"<StartAction>[Slowly, the spirit of the traitor rises from the ground, summoned from the afterlife by Kara's divine power...]</Start> Hisss.... Why have you summoned me from the grave, wench?!",
sc_st_0_open_1,dlg,EntryList/31/Text,0,-1,"<StartAction>[The large Half-Orc standing next to Kara, his eyes half-crazed, levels his massive axe towards the unnatural spirit from beyond.]</Start> You not speak to Kara that way, or me bash yer head in!",
sc_st_0_open_1,dlg,EntryList/32/Text,0,-1,"Brukus Bloodhammer, a savage, if a bit slow-witted, Half-Orc, known as much for his rapid changes in behavior as his brutal bloodlust in battle... He owes loyalty to none except his fellow companions.",
sc_st_0_open_1,dlg,EntryList/33/Text,0,-1,"<StartAction>[Kara places her hand gently on the Half-Orc's massive shoulder.]</Start> Be easy, Brukus. Your weapon would be of little use to us against such a being anyway...",
sc_st_0_open_1,dlg,EntryList/34/Text,0,-1,"<StartAction>[Brukus snarls for a moment, but seems to relent, letting his axe fall to his side.]</Start> If you say so...",
sc_st_0_open_1,dlg,EntryList/35/Text,0,-1,"Now, spirit, I command you to tell me what purpose led you to betray Rakha. Hear my bidding, and answer me truthfully!",
sc_st_0_open_1,dlg,EntryList/36/Text,0,-1,"<StartAction>[The spirit seethes angrily at the Elven woman, but seems powerless against her hold over it.]</Start> We were to kill the Hy'lir family for the glory of the Crimson Prophet! He is our true master, not the snake known as Rakha!",
sc_st_0_open_1,dlg,EntryList/37/Text,0,-1,"You may have stopped us here, but it matters not! Lord Hy'lir's death was to be only the beginning! The Crimson Prophet has plans to overthrow all the Northern Reaches!",
sc_st_0_open_1,dlg,EntryList/38/Text,0,-1,"Soon, all Abaran shall be consumed in the flames of the Crimson Prophet! All shall drown in the waves of blood that shall cover this land! You are powerless to stop it!",
sc_st_0_open_1,dlg,EntryList/39/Text,0,-1,"Oh, we shall see about that... <StartAction>[Apparently having grown tired of the spirit's ramblings, Kara waves her hand effortlessly, sending the spirit back to the depths of the Underworld...]</Start>",
sc_st_0_open_1,dlg,EntryList/4/Text,0,-1,"Yesh, yesh, yesh... <StartAction>[The nobleman turns to his guard.]</Start> Now, what ish the meaning of thish? What in Abaran could make an ox jusht fall over like that?!",
sc_st_0_open_1,dlg,EntryList/40/Text,0,-1,"This is troublesome news... If the Crimson Prophet has managed to corrupt even members of the Imperial Guard, matters are far worse than we had expected... We must inform Markius at once.",
sc_st_0_open_1,dlg,EntryList/41/Text,0,-1,"<StartAction>[Striding proudly forward, a young man of knightly stature approaches the companions. Garbed in heavy armor and wielding the blade at his side with the ease of many years' practice, he appears a formidable opponent.]</Start>",
sc_st_0_open_1,dlg,EntryList/42/Text,0,-1,"Markius Albright, leader of Rakha's elite band. A noble, if stern, warrior, Markius serves his Emperor Rakha with utmost loyalty and purpose...",
sc_st_0_open_1,dlg,EntryList/43/Text,0,-1,"There is no need, Markius... I have already received a report from the Emperor that all across the Northern Reaches, the Prophet's agents have begun to move. It appears Sharakha may soon find itself at war...",
sc_st_0_open_1,dlg,EntryList/44/Text,0,-1,"But we may yet be able to foil the Prophet's plans, if we move quickly. Come. I have arranged for <FirstName> to ready the ship. We have work to be done.",
sc_st_0_open_1,dlg,EntryList/45/Text,0,-1,"These are Rakha's most secretive elite agents, His most trusted servants. And I am their newest addition...",
sc_st_0_open_1,dlg,EntryList/46/Text,0,-1,"The ship is ready, Markius. We may depart when you wish.",
sc_st_0_open_1,dlg,EntryList/47/Text,0,-1,"<StartAction>[Markius nods solemnly.]</Start> Good. Bring this Lord Hy'lir, and we will take him to a place of hiding, safe from his attackers. Come, my friends. We have little time to spare.",
sc_st_0_open_1,dlg,EntryList/48/Text,0,-1,"To the outside world, we are dead... No record remains to track our existence, our names are forgotten by our friends and family. We answer only to the call of Emperor Rakha himself, carrying out his will from the dark corners of the world.",
sc_st_0_open_1,dlg,EntryList/49/Text,0,-1,"We live to protect our Empire, to serve our Emperor Rakha... We are known only as the...",
sc_st_0_open_1,dlg,EntryList/5/Text,0,-1,"<StartAction>[One of the escort guards turns swiftly towards the noble.]</Start> A nice dose of poison, that's what... Meant to ensure I have plenty of time to carry out my... duties...",
sc_st_0_open_1,dlg,EntryList/50/Text,0,-1,...ShadowGuard...,
sc_st_0_open_1,dlg,EntryList/51/Text,0,-1,"Our present times are not without strife and trouble. Within the Northern Reaches, the wild frontier along Sharakha's border, a terrible sorcerer of great power, known only as the Crimson Prophet, has begun leading a rebellion against our Emperor Rakha...",
sc_st_0_open_1,dlg,EntryList/52/Text,0,-1,"<StartAction>[From the darkness of the shadows, his presence felt if not seen, the man known only as the Crimson Prophet speaks to his faithful followers...]</Start> ",
sc_st_0_open_1,dlg,EntryList/53/Text,0,-1,"Look upon the lands around you, Followers of the Crimson Path! Look at the sheep you have become!",
sc_st_0_open_1,dlg,EntryList/54/Text,0,-1,"Rakha, the ""Great Savior,"" has made this land weak! Will you stand in Rakha's shadow, doing his bidding as mindless slaves?! Or shall you rise against the ""Almighty One"", take back what is yours!",
sc_st_0_open_1,dlg,EntryList/55/Text,0,-1,"We hear your words, Master! Too long have we followed Rakha blindly! No more! This land is ripe for the taking, and we go to reclaim what is ours!",
sc_st_0_open_1,dlg,EntryList/56/Text,0,-1,"Go forth, Servants of the Crimson Light! Go forth, and strike deeply into the heart of Rakha's realm! ",
sc_st_0_open_1,dlg,EntryList/57/Text,0,-1,"The Crimson Prophet, spouting his words of betrayal and destruction, has turned many of our Empire's loyal men and women against the rule of Rakha... ",
sc_st_0_open_1,dlg,EntryList/58/Text,0,-1,"Such was the birth of the Empire of Sharakha, a land dedicated to bringing peace and hope to our world once more...",
sc_st_0_open_1,dlg,EntryList/59/Text,0,-1,All hail the glory of Emperor Rakha!,
sc_st_0_open_1,dlg,EntryList/6/Text,0,-1,"What in the godsh namesh are you talking about man? Shpeak wordsh that make shome shense, will you?",
sc_st_0_open_1,dlg,EntryList/60/Text,0,-1,Let us give praise to the Great Savior!,
sc_st_0_open_1,dlg,EntryList/61/Text,0,-1,"Deliver us from the evils of this land, Almighty Rakha!",
sc_st_0_open_1,dlg,EntryList/62/Text,0,-1,<StartAction>[Rakha raises his staff high in the air.]</Start> For too long have you lived in the shadow of tyranny! Too long has this world been consumed in darkness and fear!,
sc_st_0_open_1,dlg,EntryList/63/Text,0,-1,"Let your hearts be at ease, for from this day forth, we shall start a new order! One dedicated to peace and prosperity! We are the Empire of Sharakha, the Reborn Land!",
sc_st_0_open_1,dlg,EntryList/64/Text,0,-1,"Let us shed the dark days of the past, and bring the glory of Sharakha to all upon Abaran who live in fear!",
sc_st_0_open_1,dlg,EntryList/65/Text,0,-1,Sharakha! Sharakha! All glory to the Empire!,
sc_st_0_open_1,dlg,EntryList/66/Text,0,-1,For the glory of Sharakha and our savior Rakha! May He always guide us in wisdom and compassion!,
sc_st_0_open_1,dlg,EntryList/67/Text,0,-1,"Under Rakha's leadership, Sharakha has thrived, bringing the Great Savior's hope across all of Abaran.",
sc_st_0_open_1,dlg,EntryList/68/Text,0,-1,"Many hope that Rakha's reign will bring Abaran once more into a Golden Age, and under the rule of our glorious Emperor, it seems the Sharakhan Empire is poised to do just that...",
sc_st_0_open_1,dlg,EntryList/69/Text,0,-1,"In time, Rakha's fame grew. Rumor spread that the gods had heard the countless pleas of their mortal children, and sent a savior to rescue them from the darkness... ",
sc_st_0_open_1,dlg,EntryList/7/Text,0,-1,"<StartAction>[The guard sneers as he brings his halberd down upon the nobleman's head, sending him reeling to the ground...]</Start> Perhaps you'll understand this, fool!",
sc_st_0_open_1,dlg,EntryList/70/Text,0,-1,"Those who had suffered for so long sang out praises in Rakha's name, while the tyrants of the land saw the Great Savior as a threat to their rule...",
sc_st_0_open_1,dlg,EntryList/71/Text,0,-1,Glory be to Rakha! May He deliver us from our troubles and free us from the chains of tyranny!,
sc_st_0_open_1,dlg,EntryList/72/Text,0,-1,Let your hearts be troubled no further... Hope has returned to you in your hour of darkness...,
sc_st_0_open_1,dlg,EntryList/73/Text,0,-1,Out of my way! Begone curs! How dare you stand in the path of King Khagrim the Damned?!,
sc_st_0_open_1,dlg,EntryList/74/Text,0,-1,"Fools! All of them! <StartAction>[The crazed king turns his evil stare upon the sorcerer Rakha.]</Start> And you... you are behind all this trouble, aren't you...",
sc_st_0_open_1,dlg,EntryList/75/Text,0,-1,"<StartAction>[Rakha calmly faces the king, showing no fear before the tyrant's brutish might.]</Start> I simply seek to give them hope, for they have had so little. Can you not see the pain your people are in?",
sc_st_0_open_1,dlg,EntryList/76/Text,0,-1,"<StartAction>[The king snickers in derision.]</Start> All I see is an upstart fool... and one who shall not live to see the sunset! Men, rid me of this nuisance!",
sc_st_0_open_1,dlg,EntryList/77/Text,0,-1,"<StartAction>[As the guards close in upon Rakha, he lowers his head silently, calling upon his sorceries.]</Start> Too long have you troubled this land... No more shall the people of Abaran live in fear of your shadow!",
sc_st_0_open_1,dlg,EntryList/78/Text,0,-1,<StartAction>[King Khagrim looks down in fear as huge boils begin appearing upon his skin.]</Start> Wh... What's this?! Wh... what have you done to me?! I... I...,
sc_st_0_open_1,dlg,EntryList/79/Text,0,-1,So shall this land be cleansed of the taint of evil...,
sc_st_0_open_1,dlg,EntryList/8/Text,0,-1,Daddy!,
sc_st_0_open_1,dlg,EntryList/80/Text,0,-1,"As Rakha overthrew the tyrants of the lands, the people praised him and followed his leadership. Soon, all of the southern lands of Abaran stood behind Rakha.",
sc_st_0_open_1,dlg,EntryList/81/Text,0,-1,"In the 1300th year after the fall of Ghaaris, a mysterious sorcerer arose from the wastelands of Arn, a humble man proclaiming himself Rakha, ""The Great Savior.""",
sc_st_0_open_1,dlg,EntryList/82/Text,0,-1,"<StartAction>[An old man kneels gingerly beside his dying wife, stricken with disease and hunger, her eyes glassed over in pain.]</Start> Oh, my poor dear... I... If only there was more I could do...",
sc_st_0_open_1,dlg,EntryList/83/Text,0,-1,"<StartAction>[The woman looks weakly towards her husband.]</Start> Do not worry... 'Tis my time to go, 'tis all... Per... perhaps its better... better to leave now... before... before it grows any worse...",
sc_st_0_open_1,dlg,EntryList/84/Text,0,-1,"<StartAction>[The elderly man clasps his wife's hand tightly, tears streaming down his face.]</Start> No... no... don't leave me yet...",
sc_st_0_open_1,dlg,EntryList/85/Text,0,-1,"<StartAction>[A tall man, his skin horribly burned and his face covered in a strange mask, slowly approaches. Though he appears to have suffered severe wounds to his body, his eyes shine with kindness behind his mask..]</Start>",
sc_st_0_open_1,dlg,EntryList/86/Text,0,-1,"Disease... death... I sense it near... It... it clouds this woman's soul... but perhaps I may bring an easing to her pain... <StartAction>[The man kneels gently down beside the pain stricken woman, laying his hands upon her...]</Start>",
sc_st_0_open_1,dlg,EntryList/87/Text,0,-1,"You... you don't go bothering my wife now! She... she's in enough pain, and doesn't need any...",
sc_st_0_open_1,dlg,EntryList/88/Text,0,-1,"<StartAction>[The man's words catch in his throat as the sores upon the woman's skin begin to slowly heal, her eyes coming into focus...]</Start> Wh... what's this? I... I'm healed!",
sc_st_0_open_1,dlg,EntryList/89/Text,0,-1,<StartAction>[The stranger pats her gingerly on the shoulder.]</Start> Be at ease. Let the darkness of your pain trouble you no further...,
sc_st_0_open_1,dlg,EntryList/9/Text,0,-1,"For the glory of the Crimson Prophet, I take your life, Lord Nalthan Hy'lir! May your soul rot in the hells along with all who follow the path of Emperor Rakha!",
sc_st_0_open_1,dlg,EntryList/90/Text,0,-1,"Oh... oh, my love... you're... you're alive! I... I don't know how to thank you, sir!",
sc_st_0_open_1,dlg,EntryList/91/Text,0,-1,"There is no need for thanks... That your wife shall live another day is reward enough. Go now, and tell all you see that hope has returned to these lands once more... Rakha has returned to you...",
sc_st_0_open_1,dlg,EntryList/92/Text,0,-1,"I... I... yes, of course! Th... thank you! Oh, thank you!",
sc_st_0_open_1,dlg,EntryList/93/Text,0,-1,"Rakha continued through the war torn lands of Abaran, preaching words of peace and hope. Many hearkened to his words, seeking an end to the long age of destruction and death...",
sc_st_0_open_1,dlg,EntryList/94/Text,0,-1,"Abaran, an ancient world, even by the reckoning of the gods. Abaran, a land of all manner of strange and wondrous beings. Abaran, whose history is as vast and varied as the races who inhabit it...",
sc_st_0_open_1,dlg,EntryList/95/Text,0,-1,"In the Ancient Tongue, Abaran means ""Jewel of the Gods,"" legend claiming its creation having come before all other worlds, a beautiful gem for the gods to look upon with wonder...",
sc_st_0_open_1,dlg,EntryList/96/Text,0,-1,"Perhaps such was once true... but Abaran has fallen upon dark times in past centuries, and many believe the gods have forsaken us upon this troubled world.",
sc_st_0_open_1,dlg,EntryList/97/Text,0,-1,"Historians claim that during the ancient days Abaran stood unified under the benevolent reign of the realm of Ghaaris, a magnificent Golden Realm of peace and prosperity. But as with all things, even Ghaaris saw its end, meeting some unknown demise.",
sc_st_0_open_1,dlg,EntryList/98/Text,0,-1,"Abaran was plunged into a long age of darkness, the ancient wonders lost and forgotten with the onslaught of war. Those who ruled did so with an iron fist, crushing all who would dare to oppose them...",
sc_st_0_open_1,dlg,EntryList/99/Text,0,-1,"Well, well, well... What do we have here, boys? Seems this old man and his woman aren't content with the rule of King Khagrim...",
sc_st_0_open_1,dlg,ReplyList/100/Text,0,-1,<StartAction>[Continue reading...]</Start>,
sc_st_0_open_1,dlg,ReplyList/101/Text,0,-1,<StartAction>[Continue reading...]</Start>,
sc_st_0_open_1,dlg,ReplyList/102/Text,0,-1,<StartAction>[Close the book.]</Start>,
sc_st_0_open_1,dlg,ReplyList/103/Text,0,-1,<StartAction>[Chapter 6: The ShadowGuard]</Start>,
sc_st_0_open_1,dlg,ReplyList/104/Text,0,-1,<StartAction>[Chapter 5: The Crimson Prophet]</Start>,
sc_st_0_open_1,dlg,ReplyList/105/Text,0,-1,<StartAction>[Chapter 4: Imperial Abaran]</Start>,
sc_st_0_open_1,dlg,ReplyList/106/Text,0,-1,<StartAction>[Chapter 3: Rakha Casts Down the Old Regime]</Start>,
sc_st_0_open_1,dlg,ReplyList/107/Text,0,-1,<StartAction>[Chapter 2: The Coming of Rakha]</Start>,
sc_st_0_open_1,dlg,ReplyList/108/Text,0,-1,<StartAction>[Chapter 1: Ancient Abaran]</Start>,
sc_st_0_open_1,dlg,ReplyList/51/Text,0,-1,<StartAction>[Continue reading...]</Start>,
sc_st_0_open_1,dlg,ReplyList/52/Text,0,-1,<StartAction>[Continue reading...]</Start>,
sc_st_0_open_1,dlg,ReplyList/53/Text,0,-1,<StartAction>[Continue reading...]</Start>,
sc_st_0_open_1,dlg,ReplyList/54/Text,0,-1,<StartAction>[Continue reading...]</Start>,
sc_st_0_open_1,dlg,ReplyList/55/Text,0,-1,<StartAction>[Continue reading...]</Start>,
sc_st_0_open_1,dlg,ReplyList/56/Text,0,-1,<StartAction>[Continue reading...]</Start>,
sc_st_0_open_1,dlg,ReplyList/57/Text,0,-1,<StartAction>[Continue reading...]</Start>,
sc_st_0_open_1,dlg,ReplyList/58/Text,0,-1,<StartAction>[Continue reading...]</Start>,
sc_st_0_open_1,dlg,ReplyList/59/Text,0,-1,<StartAction>[Continue reading...]</Start>,
sc_st_0_open_1,dlg,ReplyList/60/Text,0,-1,<StartAction>[Continue reading...]</Start>,
sc_st_0_open_1,dlg,ReplyList/61/Text,0,-1,<StartAction>[Continue reading...]</Start>,
sc_st_0_open_1,dlg,ReplyList/62/Text,0,-1,<StartAction>[Continue reading...]</Start>,
sc_st_0_open_1,dlg,ReplyList/63/Text,0,-1,<StartAction>[Continue reading...]</Start>,
sc_st_0_open_1,dlg,ReplyList/64/Text,0,-1,<StartAction>[Continue reading...]</Start>,
sc_st_0_open_1,dlg,ReplyList/65/Text,0,-1,<StartAction>[Continue reading...]</Start>,
sc_st_0_open_1,dlg,ReplyList/66/Text,0,-1,<StartAction>[Continue reading...]</Start>,
sc_st_0_open_1,dlg,ReplyList/67/Text,0,-1,<StartAction>[Continue reading...]</Start>,
sc_st_0_open_1,dlg,ReplyList/68/Text,0,-1,<StartAction>[Continue reading...]</Start>,
sc_st_0_open_1,dlg,ReplyList/69/Text,0,-1,<StartAction>[Continue reading...]</Start>,
sc_st_0_open_1,dlg,ReplyList/70/Text,0,-1,<StartAction>[Continue reading...]</Start>,
sc_st_0_open_1,dlg,ReplyList/71/Text,0,-1,<StartAction>[Continue reading...]</Start>,
sc_st_0_open_1,dlg,ReplyList/72/Text,0,-1,<StartAction>[Continue reading...]</Start>,
sc_st_0_open_1,dlg,ReplyList/73/Text,0,-1,<StartAction>[Continue reading...]</Start>,
sc_st_0_open_1,dlg,ReplyList/74/Text,0,-1,<StartAction>[Continue reading...]</Start>,
sc_st_0_open_1,dlg,ReplyList/75/Text,0,-1,<StartAction>[Continue reading...]</Start>,
sc_st_0_open_1,dlg,ReplyList/76/Text,0,-1,<StartAction>[Continue reading...]</Start>,
sc_st_0_open_1,dlg,ReplyList/77/Text,0,-1,<StartAction>[Continue reading...]</Start>,
sc_st_0_open_1,dlg,ReplyList/78/Text,0,-1,<StartAction>[Continue reading...]</Start>,
sc_st_0_open_1,dlg,ReplyList/79/Text,0,-1,<StartAction>[Continue reading...]</Start>,
sc_st_0_open_1,dlg,ReplyList/80/Text,0,-1,<StartAction>[Continue reading...]</Start>,
sc_st_0_open_1,dlg,ReplyList/81/Text,0,-1,<StartAction>[Continue reading...]</Start>,
sc_st_0_open_1,dlg,ReplyList/82/Text,0,-1,<StartAction>[Continue reading...]</Start>,
sc_st_0_open_1,dlg,ReplyList/83/Text,0,-1,<StartAction>[Continue reading...]</Start>,
sc_st_0_open_1,dlg,ReplyList/84/Text,0,-1,<StartAction>[Continue reading...]</Start>,
sc_st_0_open_1,dlg,ReplyList/85/Text,0,-1,<StartAction>[Continue reading...]</Start>,
sc_st_0_open_1,dlg,ReplyList/86/Text,0,-1,<StartAction>[Continue reading...]</Start>,
sc_st_0_open_1,dlg,ReplyList/87/Text,0,-1,<StartAction>[Continue reading...]</Start>,
sc_st_0_open_1,dlg,ReplyList/88/Text,0,-1,<StartAction>[Continue reading...]</Start>,
sc_st_0_open_1,dlg,ReplyList/89/Text,0,-1,<StartAction>[Continue reading...]</Start>,
sc_st_0_open_1,dlg,ReplyList/90/Text,0,-1,<StartAction>[Return to the Table of Contents...]</Start>,
sc_st_0_open_1,dlg,ReplyList/91/Text,0,-1,<StartAction>[Continue reading...]</Start>,
sc_st_0_open_1,dlg,ReplyList/92/Text,0,-1,<StartAction>[Continue reading...]</Start>,
sc_st_0_open_1,dlg,ReplyList/93/Text,0,-1,<StartAction>[Continue reading...]</Start>,
sc_st_0_open_1,dlg,ReplyList/94/Text,0,-1,<StartAction>[Continue reading...]</Start>,
sc_st_0_open_1,dlg,ReplyList/95/Text,0,-1,<StartAction>[Continue reading...]</Start>,
sc_st_0_open_1,dlg,ReplyList/96/Text,0,-1,<StartAction>[Continue reading...]</Start>,
sc_st_0_open_1,dlg,ReplyList/97/Text,0,-1,<StartAction>[Continue reading...]</Start>,
sc_st_0_open_1,dlg,ReplyList/98/Text,0,-1,<StartAction>[Continue reading...]</Start>,
sc_st_0_open_1,dlg,ReplyList/99/Text,0,-1,<StartAction>[Continue reading...]</Start>,
sc_st_1_cp_confr,dlg,EntryList/0/Text,0,-1,<< ACTOR 5 >>,
sc_st_1_cp_confr,dlg,EntryList/1/Text,0,-1,<< ACTOR 4 >>,
sc_st_1_cp_confr,dlg,EntryList/10/Text,0,-1,"Did you truly think that I, the Crimson Prophet, would fall to such a pitiful display of power, fool?! No! I'm afraid it is you who shall fall this night!",
sc_st_1_cp_confr,dlg,EntryList/11/Text,0,-1,"<StartAction>[The Crimson Prophet utters a single word, unleashing a powerful magical blast which sends Harkon reeling to the ground...]</Start>",
sc_st_1_cp_confr,dlg,EntryList/12/Text,0,-1,"To me, ShadowGuard! The Crimson Prophet must not be allowed to escape!",
sc_st_1_cp_confr,dlg,EntryList/13/Text,0,-1,"<StartAction>[The Crimson Prophet looks upon his oncoming attackers in disinterest.]</Start> I grow tired of your meddling in my affairs, fools!",
sc_st_1_cp_confr,dlg,EntryList/14/Text,0,-1,"<StartAction>[You see the Crimson Prophet raise his hand in the air, calling forth a vile cloud which covers the docks and sends everyone nearby to the ground, reeling in nausea...]</Start>",
sc_st_1_cp_confr,dlg,EntryList/15/Text,0,-1,"Now, I believe I shall be on my way... but before I do, I shall leave you with some companions to keep you... preoccupied... while I make my escape...",
sc_st_1_cp_confr,dlg,EntryList/16/Text,0,-1,Destroy these fools while I escape to my ship! Let the Sharakhan Empire cower in fear before the might of the Crimson Prophet!,
sc_st_1_cp_confr,dlg,EntryList/2/Text,0,-1,<< ACTOR 3 >>,
sc_st_1_cp_confr,dlg,EntryList/3/Text,0,-1,<< ACTOR 2 >>,
sc_st_1_cp_confr,dlg,EntryList/4/Text,0,-1,<< ACTOR 1 >>,
sc_st_1_cp_confr,dlg,EntryList/5/Text,0,-1,<< CUTSCENE ACTOR LIST >>,
sc_st_1_cp_confr,dlg,EntryList/7/Text,0,-1,"<StartAction>[You come upon Markius Albright and his companions, apparently having cornered the Crimson Prophet here within the Docks...]<StartAction>",
sc_st_1_cp_confr,dlg,EntryList/8/Text,0,-1,"Your days are finished, Prophet! You shall never leave Ghaarak with that jewel! <StartAction>[Harkon begins gesturing his hands in preparation for a spell...</Start>",
sc_st_1_cp_confr,dlg,EntryList/9/Text,0,-1,"<StartAction>[As Harkon releases his sorceries upon the Crimson Prophet, a strange magical sphere arises around the red robed figure, stopping the spell before it can reach him...]</Start>",
sc_st_1_open,dlg,EntryList/0/Text,0,-1,<< ACTOR 5 >>,
sc_st_1_open,dlg,EntryList/1/Text,0,-1,<< ACTOR 4 >>,
sc_st_1_open,dlg,EntryList/10/Text,0,-1,"It matters not. I do not need Okaris' aid for this task... we shall simply have to take matters into our own hands. If Ghaarak must fall in fire and blood, so be it!",
sc_st_1_open,dlg,EntryList/11/Text,0,-1,"The assault on the city has begun, and all shall tremble at the terrible might of the Followers of the Crimson Path! Soon, my faithful, we shall stand victorious!",
sc_st_1_open,dlg,EntryList/12/Text,0,-1,"Now, I have other affairs I must attend to in the city. That which was stolen from us must be recovered at all costs... Rakha was a fool to think He could ever stand against me!",
sc_st_1_open,dlg,EntryList/13/Text,0,-1,And what of the Magistrate's child? What shall we do with <him/her>?,
sc_st_1_open,dlg,EntryList/14/Text,0,-1,<StartAction>[You feel the burning eyes of the Crimson Prophet turn upon you.]</Start> Rid me of this nuisance! Let the entire line of <LastName> perish... as a lesson to all who would stand against us!,
sc_st_1_open,dlg,EntryList/15/Text,0,-1,"As you wish, master. Your word is my command...",
sc_st_1_open,dlg,EntryList/16/Text,0,-1,"Now, be quick about it! You and your men must join the others in razing this city to the ground! Leave none alive! Let all who stand by the Sharakhan Empire be consumed by the flames of war!",
sc_st_1_open,dlg,EntryList/17/Text,0,-1,"<StartAction>[As the Crimson Prophet weaves a spell to carry him away, your eyes open weakly to the sight of one of his fanatical followers standing above you, a massive axe held high over your head...]</Start>",
sc_st_1_open,dlg,EntryList/18/Text,0,-1,"<StartAction>[The fanatical Crimson Follower sneers at you.]</Start> Child of Okaris <LastName>, I take your life for the glory of the Crimson Prophet!",
sc_st_1_open,dlg,EntryList/19/Text,0,-1,"<StartAction>[You steel yourself for the blow of the axe, but it never comes. Just as the Crimson Follower prepares to bring his weapon down upon your neck, a crossbow bolt suddenly bursts through his throat, killing him instantly...]</Start>",
sc_st_1_open,dlg,EntryList/2/Text,0,-1,<< ACTOR 3 >>,
sc_st_1_open,dlg,EntryList/20/Text,0,-1,"<StartAction>[Markius Albright, a man you know well from the Market District, comes rushing forward in full plate, his crossbow still in hand...]</Start>",
sc_st_1_open,dlg,EntryList/21/Text,0,-1,"By Rakha's will, you shall not lay another hand upon that <boy/girl>! <FirstName>, get back! Get to safety! You shall not meet your end at the hands of the Crimson Prophet!",
sc_st_1_open,dlg,EntryList/22/Text,0,-1,"<StartAction>[Dropping his crossbow to his side, the armored man unsheathes his massive greatsword, and turns to the Crimson Followers.]</Start> Come, foul serpents! Come to your deaths!",
sc_st_1_open,dlg,EntryList/23/Text,0,-1,"<StartAction>[One of the Crimson Followers hisses and spits.]</Start> You have made a foolish mistake... one which you will soon regret! Come, Followers of the Crimson Path! To arms!",
sc_st_1_open,dlg,EntryList/3/Text,0,-1,<< ACTOR 2 >>,
sc_st_1_open,dlg,EntryList/4/Text,0,-1,<< ACTOR 1 >>,
sc_st_1_open,dlg,EntryList/5/Text,0,-1,<< CUTSCENE ACTOR LIST >>,
sc_st_1_open,dlg,EntryList/7/Text,0,-1,"<StartAction>[Your mind drifts back to the events following the destruction of your home, as you lay unconcious before the wreckage, oblivious to the danger around you...]</Start>",
sc_st_1_open,dlg,EntryList/8/Text,0,-1,"<StartAction>[Through the fog of darkness, you hear a sinister voice speak.]</Start> I take it your meeting did not go as planned, master?",
sc_st_1_open,dlg,EntryList/9/Text,0,-1,Indeed it did not... and Magistrate Okaris <LastName> has paid the price for it. He was a fool not to heed my warning...,
shar_harkon,dlg,EntryList/1/Text,0,-1,"Vhorkas wishes to speak with you, <boy/girl>... I, on the other hand, do not. Go to the Overlord with your incessant prattling...",
shar_harkon,dlg,EntryList/10/Text,0,-1,"<StartAction>[This man, one of the two men you saw speaking to your father shortly before his death, appears to be trapped within a strange globe of energy, emitted by the Control Stone. His eyes slowly move towards yours...]</Start>",
shar_harkon,dlg,EntryList/11/Text,0,-1,"<StartAction>[The man's eyes grow wide as he turns his gaze to you.]</Start> <FullName>, you're alive! I... I heard what happened to your father, and... and I suppose I assumed you met the same fate.",
shar_harkon,dlg,EntryList/12/Text,0,-1,"I am Harkon, a High Sorcerer of the Sharakhan Empire. I was here in Ghaarak tracking the movements of the foul being known as the Crimson Prophet...",
shar_harkon,dlg,EntryList/13/Text,0,-1,<StartAction>[A smoldering anger seems to light in Harkon's eyes.]</Start> But the Prophet has bested me! He has used the magic of the Control Stone to trap me within this cage.,
shar_harkon,dlg,EntryList/14/Text,0,-1,"He has sealed himself away in the Imperial Treasury. From what I have gathered, your father found an ancient relic, one that may prove extremely dangerous... in the wrong hands.",
shar_harkon,dlg,EntryList/15/Text,0,-1,"I must be freed of this cage, and stop the Prophet's plans! You must help me escape before the Prophet recovers this relic from the Imperial Treasury!",
shar_harkon,dlg,EntryList/16/Text,0,-1,"Your father and I have been... acquaintances... for a long time, <FirstName>. Okaris sent word to me of a gem he had found, but he seemed unwilling to speak of it any great length.",
shar_harkon,dlg,EntryList/17/Text,0,-1,"Your father did not seem himself after recovering this gem, and I began to suspect it may have taken some sort of influence over him. I fear now that my suspicions will prove true...",
shar_harkon,dlg,EntryList/18/Text,0,-1,"Your father was a fool not to come to us sooner... a mistake I imagine he would sorely regret, were he still alive, that is. Now, this gem may fall into the hands of the Crimson Prophet, to be used for all manner of atrocities...",
shar_harkon,dlg,EntryList/19/Text,0,-1,"<StartAction>[Harkon sneers at your mistrust.]</Start> You are proving to be as difficult as your father, <FirstName>... but we have little time! The Prophet may emerge from the Treasury at any time!",
shar_harkon,dlg,EntryList/2/Text,0,-1,"<< Set owner's journal quest to ""JT_ST_2_MAIN"" >>",
shar_harkon,dlg,EntryList/20/Text,0,-1,"You may trust Harkon, <lad/lass>. He may seem a bit rough around the edges, but he and I are close allies, often working together against the Crimson Prophet's dark plans...",
shar_harkon,dlg,EntryList/21/Text,0,-1,"Harkon can be trusted, <FirstName>. He may not always have the kindest tongue, but he is an ally of mine, dedicated to stopping the Crimson Prophet's evil...",
shar_harkon,dlg,EntryList/22/Text,0,-1,"You will need to somehow stop the sorcery of the Control Stone. I could easily master its power if I were free, but my current situation complicates matters. It seems you will have to deal with the stone, <FirstName>.",
shar_harkon,dlg,EntryList/23/Text,0,-1,"From what I know of it, the Control Stone is operated by a rather simple conjuration phrase, which calls its power forth. However, to utilize its magic, you will also need to bypass its runes of protection.",
shar_harkon,dlg,EntryList/24/Text,0,-1,"However, I know neither the conjuration words nor the method of deactivating its defenses. Perhaps you should have a look around the Grand Hall, and see what you can find...",
shar_harkon,dlg,EntryList/25/Text,0,-1,"Or, you could simply try and crush the pedestals operating the stone. Doing so may disrupt the sorceries in place, though, so be wary.",
shar_harkon,dlg,EntryList/26/Text,0,-1,"Be quick about it, <FirstName>! I must be free of the Control Stone's power before the Crimson Prophet emerges from the Treasury!",
shar_harkon,dlg,EntryList/27/Text,0,-1,"<StartAction>[Harkon gives you a dark glance.]</Start> I suggest you stop this foolishness now, for if the Prophet emerges and I am not here to aid you, I believe you may find an end to your life much sooner than you would wish...",
shar_harkon,dlg,EntryList/28/Text,0,-1,"Now get to it, and do not waste any further time wagging your tongue at me!",
shar_harkon,dlg,EntryList/29/Text,0,-1,"I know quite a great deal about you, <FirstName>. My associates and I have been keeping a close eye on the <CUSTOM6001> of Okaris <LastName> for a long while now...",
shar_harkon,dlg,EntryList/3/Text,0,-1,"<< Activates ""N_TALK_SWITCH"" if ""N_MODULE_STAGE"" is 2. >>",
shar_harkon,dlg,EntryList/30/Text,0,-1,"<StartAction>[You see a rather strange expression pass over this man's face, one which almost resembles relief...]</Start> That is sad news, <lad/lass>, but there is no time to grieve for the dead at the moment...",
shar_harkon,dlg,EntryList/31/Text,0,-1,"<StartAction>[Suddenly, the imprisoned man speaks.]</Start> Markius! Thank the gods you are here! What kept you so long?",
shar_harkon,dlg,EntryList/32/Text,0,-1,"I was aiding the Imperial citizens in finding a place of safety. Harkon, the Crimson Prophet's followers are ravaging the city... Magistrate Okaris is dead, but Markius did manage to save <FirstName>... ",
shar_harkon,dlg,EntryList/33/Text,0,-1,"<StartAction>[Suddenly, the imprisoned man speaks.]</Start> Markius? Markius? Is that you? I can scarcely see a thing through this magical shield!",
shar_harkon,dlg,EntryList/34/Text,0,-1,"Yes, Harkon, I am here, along with <FullName>. I managed to save <him/her>... but I fear I was too late to save Okaris...",
shar_harkon,dlg,EntryList/35/Text,0,-1,"<< Set owner's journal quest to ""JT_MAIN"" >>",
shar_harkon,dlg,EntryList/36/Text,0,-1,"<< Activates ""N_TALK_SWITCH"" if ""N_MODULE_STAGE"" is 1. >>",
shar_harkon,dlg,EntryList/37/Text,0,-1,"<StartAction>[This man seems to be quite occupied at the moment, and pays you little heed.]</Start>",
shar_harkon,dlg,EntryList/38/Text,0,-1,"<< Activates ""N_TALK_SWITCH"" if ""N_MODULE_STAGE"" is 0. >>",
shar_harkon,dlg,EntryList/39/Text,0,-1,"<< This conversation node does nothing but reset the variable ""N_TALK_SWITCH"" >>",
shar_harkon,dlg,EntryList/4/Text,0,-1,"Vhorkas wishes to speak with you before we depart, <FirstName>, so do so quickly! We must set out after the Crimson Prophet as quickly as possible!",
shar_harkon,dlg,EntryList/41/Text,0,-1,"<< Set owner's journal quest to ""JT_PRELUDE"" >>",
shar_harkon,dlg,EntryList/5/Text,0,-1,"We have no time for words, <boy/girl>! We must set out to stop the Prophet at once!",
shar_harkon,dlg,EntryList/6/Text,0,-1,I shall have vengeance on the Crimson Prophet! I swear it!,
shar_harkon,dlg,EntryList/8/Text,0,-1,"Speak with Markius, <FullName>. We have little time, and he has an important matter to discuss with you.",
shar_harkon,dlg,EntryList/9/Text,0,-1,"We must stop the Crimson Prophet's plans, <FirstName>! He must not escape Ghaarak with that orb...",
shar_harkon,dlg,ReplyList/1/Text,0,-1,Why are you imprisoned here?,
shar_harkon,dlg,ReplyList/10/Text,0,-1,How do I know I can trust you?,
shar_harkon,dlg,ReplyList/13/Text,0,-1,How can I free you from this prison?,
shar_harkon,dlg,ReplyList/18/Text,0,-1,Hmph! I may just leave you in that cage!,
shar_harkon,dlg,ReplyList/20/Text,0,-1,I'll see what I can do...,
shar_harkon,dlg,ReplyList/22/Text,0,-1,How do you know my name?,
shar_harkon,dlg,ReplyList/23/Text,0,-1,"I'm fine, though my father was not so lucky.",
shar_harkon,dlg,ReplyList/3/Text,0,-1,The Crimson Prophet is here? Where?,
shar_harkon,dlg,ReplyList/5/Text,0,-1,How do you know this?,
shar_harkon,dlg,ReplyList/8/Text,0,-1,"What is this relic, anyway?",
st_0_ac_tst_d_al,dlg,EntryList/1/Text,0,-1,<StartAction>[Resting upon the stone surface of this altar lies a glowing orb that you recognize as an Orb of Judgement. These magical devices are used by the Imperial courts to punish criminals according to the precepts of Rakha's law.]</Start>,
st_0_ac_tst_d_al,dlg,EntryList/10/Text,0,-1,"<StartAction>[The spirit of Yakir the Black howls angrily as your sentence is passed, but the cry is cut short as a great beam of light consumes the foul murderer, returning him to Rakha's spiritual prison...]</Start>",
st_0_ac_tst_d_al,dlg,EntryList/11/Text,0,-1,"<StartAction>[The light of the Orb of Judgement has dimmed. With the sentencing of Yakir's spirit now complete, it appears its purpose is fulfilled.]</Start>",
st_0_ac_tst_d_al,dlg,EntryList/12/Text,0,-1,<StartAction>[The priest beside the altar coughs politely. You should probably speak with him first before touching anything.]</Start>,
st_0_ac_tst_d_al,dlg,EntryList/13/Text,0,-1,<StartAction>[It might be best to speak with your classmates before tampering with this altar...]</Start>,
st_0_ac_tst_d_al,dlg,EntryList/14/Text,0,-1,"<< Set owner's journal quest to ""JT_GRAD_CEREMONY"" >>",
st_0_ac_tst_d_al,dlg,EntryList/15/Text,0,-1,"<< Activates ""N_TALK_SWITCH"" if ""N_MODULE_STAGE"" is 0. >>",
st_0_ac_tst_d_al,dlg,EntryList/2/Text,0,-1,"<StartAction>[The Orb of Judgement shines with a brilliant glow, beckoning you to lay your hands upon its smooth surface...]</Start>",
st_0_ac_tst_d_al,dlg,EntryList/3/Text,0,-1,"<StartAction>[At your touch, the Orb of Judgement glows even brighter. You feel its soothing warmth overcome you and your gaze is drawn to the wispy form of a nearby wraith. A soft voice speaks within your mind...]</Start>",
st_0_ac_tst_d_al,dlg,EntryList/4/Text,0,-1,"Before you stands the spirit of Yakir the Black, a foul murderer whose bloody spree claimed the lives of countless subjects of the Empire, women and children included. It lies in your hands, citizen, to determine his spirit's fate...",
st_0_ac_tst_d_al,dlg,EntryList/5/Text,0,-1,"Almighty Rakha currently holds the spirit here, safe from the punishments of Hell which even the wicked do not deserve. But the Emperor will bend his hand to your will, either holding Yakir here for all eternity or sending him to Hell should you request it.",
st_0_ac_tst_d_al,dlg,EntryList/6/Text,0,-1,"<StartAction>[Yakir utters a low cackle.]</Start> You have done me a great service, mortal. My people are in your debt for it...",
st_0_ac_tst_d_al,dlg,EntryList/7/Text,0,-1,"<StartAction>[The ethereal shackles holding the spirit in place dissolve, and Yakir is quickly pulled into the depths of the Underworld where he rightfully belongs...]</Start>",
st_0_ac_tst_d_al,dlg,EntryList/8/Text,0,-1,"<StartAction>[The spirit turns its eyes towards you, surprised by your decision.]</Start> You would free me from Rakha's chains? Perhaps I underestimated you, Imperial...",
st_0_ac_tst_d_al,dlg,EntryList/9/Text,0,-1,"<StartAction>[As the spirit of Yakir the Black is sucked into the abyss, the ethereal shackles holding him in place dissolve. You can only imagine the torments he has in store and marvel at his folly...]</Start>",
st_0_ac_tst_d_al,dlg,ReplyList/1/Text,0,-1,<StartAction>[Leave.]</Start>,
st_0_ac_tst_d_al,dlg,ReplyList/11/Text,0,-1,Let Rakha hold him for all eternity.,
st_0_ac_tst_d_al,dlg,ReplyList/15/Text,0,-1,<StartAction>[Leave.]</Start>,
st_0_ac_tst_d_al,dlg,ReplyList/16/Text,0,-1,<StartAction>[Use the altar anyway.]</Start>,
st_0_ac_tst_d_al,dlg,ReplyList/2/Text,0,-1,<StartAction>[Begin the Judgement.]</Start>,
st_0_ac_tst_d_al,dlg,ReplyList/5/Text,0,-1,He is not Rakha's to hold. Grant him Hell.,
st_0_ac_tst_d_al,dlg,ReplyList/8/Text,0,-1,He deserves all the suffering Hell has to offer.,
st_0_ac_tst_wrai,dlg,EntryList/0/Text,0,-1,<< ALWAYS COPY FROM HERE!! >>,
st_0_ac_tst_wrai,dlg,EntryList/10/Text,0,-1,"<< Activates ""N_TALK_SWITCH"" if ""N_MODULE_STAGE"" is 0. >>",
st_0_ac_tst_wrai,dlg,EntryList/11/Text,0,-1,"<< This conversation node does nothing but reset the variable ""N_TALK_SWITCH"" >>",
st_0_ac_tst_wrai,dlg,EntryList/2/Text,0,-1,"<StartAction>[The spirit hisses at you, baring its ghostly white teeth in a threatening grimace.]</Start> You would dare to judge me, pawn of Rakha? Might as well have the rabbit judge the snare!",
st_0_ac_tst_wrai,dlg,EntryList/3/Text,0,-1,"My crimes? Is that what they call them? The Empire fills your head with rubbish and calls you wise... It is the Empire that came here to tame the north and crush us under its heel. If you find a stone you cannot crush, do you name it a criminal, too?",
st_0_ac_tst_wrai,dlg,EntryList/4/Text,0,-1,"If the choice is between Hell and Empire, then I choose Hell... I only pity you do not offer yourself the same choice... Now begone and make your precious Judgement. Let the deed be done.",
st_0_ac_tst_wrai,dlg,EntryList/5/Text,0,-1,"It is an older battle than you imagine, Imperial. Ask your precious Rakha how old it is! The one who leads us will crush the Rakha beneath his heel much as the Empire first crushed us. Start counting now, for your days are numbered, child...",
st_0_ac_tst_wrai,dlg,EntryList/6/Text,0,-1,"We were a proud people once, and strong... One does not ask to be conquered, to be assimilated. One simply resists. One fights... You Imperials are far from home but we will send you there, your tail between your legs.",
st_0_ac_tst_wrai,dlg,EntryList/7/Text,0,-1,"We know your strength, Imperial, but did your precious Academy teach you anything of your weaknesses? You swagger like a child with a wooden sword tucked within your belt.",
st_0_ac_tst_wrai,dlg,EntryList/8/Text,0,-1,What of those the Empire killed? For every ounce of blood on my hands there are ten on yours! ...They were mindless fools who would not see the truth! They lived and died in Rakha's name. The death I offered was too good for them.,
st_0_ac_tst_wrai,dlg,EntryList/9/Text,0,-1,You would swat a fly yet leave its maggots there to fester? Your precious Empire has done the same to us. It is the nature of war and I've had little need to question it.,
st_0_ac_tst_wrai,dlg,ReplyList/0/Text,0,-1,Enough. It is time I judged you.,
st_0_ac_tst_wrai,dlg,ReplyList/1/Text,0,-1,Tell me of your crimes.,
st_0_ac_tst_wrai,dlg,ReplyList/2/Text,0,-1,What Judgement do you desire?,
st_0_ac_tst_wrai,dlg,ReplyList/3/Text,0,-1,Tell me about this resistance.,
st_0_ac_tst_wrai,dlg,ReplyList/4/Text,0,-1,Why do you hate the Empire?,
st_0_ac_tst_wrai,dlg,ReplyList/5/Text,0,-1,Do you truly expect to succeed?,
st_0_ac_tst_wrai,dlg,ReplyList/6/Text,0,-1,What of those you killed?,
st_0_ac_tst_wrai,dlg,ReplyList/7/Text,0,-1,What of the women and children?,
st_1_plac_anchor,dlg,EntryList/0/Text,0,-1,"<StartAction>[You see before you an anchoring post for one of the small boats floating just off the nearby banks. Unfortunately, it seems the previous boat owner died before he could make an escape...]</Start>",
st_1_plac_anchor,dlg,EntryList/1/Text,0,-1,<StartAction>[A sturdy rope lies attached to this post. You could try to toss it onto a nearby boat and possibly reel it in...]</Start> ,
st_1_plac_anchor,dlg,EntryList/10/Text,0,-1,"<StartAction>[Markius moves towards the rope, tossing it casually in the direction of the nearby boat...]</Start>",
st_1_plac_anchor,dlg,EntryList/11/Text,0,-1,"<StartAction>[Despite Markius's best effort, the rope becomes entangled in the rocks lying below the water's surface, and it appears there is no effective way to recover it...]</Start>",
st_1_plac_anchor,dlg,EntryList/12/Text,0,-1,"Curses! I suppose this route is now out of the question, <FirstName>... We'll have to find another path to the Docks...",
st_1_plac_anchor,dlg,EntryList/13/Text,0,-1,"<StartAction>[Just as you begin to give up hope that he will be able to reel it in, the rope catches on the end of the boat, and Markius slowly brings it to the bank...]</Start>",
st_1_plac_anchor,dlg,EntryList/14/Text,0,-1,"There we go, <FirstName>! I believe this boat will do quite nicely for getting us to the Docks...",
st_1_plac_anchor,dlg,EntryList/15/Text,0,-1,<StartAction>[Do you wish to board the boat and land it at the Docks?]</Start>,
st_1_plac_anchor,dlg,EntryList/16/Text,0,-1,<StartAction>[You quickly step inside the boat and paddle your way to the nearby docks...]</Start>,
st_1_plac_anchor,dlg,EntryList/17/Text,0,-1,"[The rope to this anchor has been snagged upon the rocks below the water's surface, and you may no longer recover it... You will have to find another path to the docks...]",
st_1_plac_anchor,dlg,EntryList/18/Text,0,-1,<< Set NPC to talk always >>,
st_1_plac_anchor,dlg,EntryList/2/Text,0,-1,"<StartCheck>[Failure]</Start> <StartAction>[Despite your best effort, you end up throwing the rope too far, snagging it on a rock beneath the surface of the water... It seems this escape route is now closed to you...]</Start>",
st_1_plac_anchor,dlg,EntryList/3/Text,0,-1,"<StartAction>[Success] [You manage to catch the edge of the boat with the rope, just well enough to bring it within stepping distance of the bank.]</Start>",
st_1_plac_anchor,dlg,EntryList/4/Text,0,-1,"Well, what do we have here? You know, <FirstName>, I believe I could snag this rope around that floating boat nearby, and perhaps secure us an easy ride to the Docks... Want me to give it a shot?",
st_1_plac_anchor,dlg,EntryList/5/Text,0,-1,<StartAction>[Tarin shrugs his small shoulders.]</Start> Have it your way...,
st_1_plac_anchor,dlg,EntryList/6/Text,0,-1,"<StartAction>[Tarin takes the rope into his hands, squinting his little eyes at the boat before unerringly tossing it easily around the keel. Straining his small arms, Tarin manages to bring the boat to the nearby banks...]</Start>",
st_1_plac_anchor,dlg,EntryList/7/Text,0,-1,"Simple as can be, <FirstName>! I do believe this craft will make for a nice escape device for us!",
st_1_plac_anchor,dlg,EntryList/8/Text,0,-1,"<FirstName>, I believe I could hook this rope around that boat. It might offer us safe passage to the Docks nearby. Shall I give it a try?",
st_1_plac_anchor,dlg,EntryList/9/Text,0,-1,"As you wish, <FirstName>.",
st_1_plac_anchor,dlg,ReplyList/1/Text,0,-1,<StartAction>[Leave the rope as it is.]</Start>,
st_1_plac_anchor,dlg,ReplyList/14/Text,0,-1,<StartAction>[No.]</Start>,
st_1_plac_anchor,dlg,ReplyList/15/Text,0,-1,<StartAction>[Yes.]</Start>,
st_1_plac_anchor,dlg,ReplyList/2/Text,0,-1,<StartAction>[Dexterity] [Attempt to loop the rope onto the end of the boat and reel it in.]</Start>,
st_1_plac_anchor,dlg,ReplyList/5/Text,0,-1,"That's alright, Tarin...",
st_1_plac_anchor,dlg,ReplyList/6/Text,0,-1,"If you think you can manage it, Tarin, go right ahead...",
st_1_plac_anchor,dlg,ReplyList/8/Text,0,-1,"I'd rather you didn't, Markius.",
st_1_plac_anchor,dlg,ReplyList/9/Text,0,-1,"Yes, Markius. Please give it a try.",
waitress,dlg,EntryList/0/Text,0,-1,"Speak wit' ol' Ruknar if you need anythin', <lad/lass>... I'm a bit preoccupied at th' moment...",
