Resource,ResType,FieldPath,LangID,StrRef,TextEng,Text
area001,git,Creature List/0/Description,0,-1,"As quiet as he is loyal, this brooding young ranger bears unknown burdens upon his shoulders. The Emperor's eyes and ears within the shadows, he misses little and divulges less.",
area001,git,Creature List/0/Equip_ItemList/0/DescIdentified,0,-1,"This armor bears the emblem of the Stormcrow family, influential lords of the Northern Reaches.",
area001,git,Creature List/0/Equip_ItemList/0/LocalizedName,0,-1,Stormcrow Studded Leather,
area001,git,Creature List/0/FirstName,0,-1,Lyen,
area001,git,Creature List/0/ItemList/0/LocalizedName,0,-1,Longsword,
area001,git,Creature List/0/ItemList/1/LocalizedName,0,-1,Short Sword,
area001,git,Creature List/0/ItemList/2/LocalizedName,0,-1,Longbow,
area001,git,Creature List/0/ItemList/3/LocalizedName,0,-1,Arrow,
area001,git,Creature List/0/ItemList/4/LocalizedName,0,-1,Arrow,
area001,git,Creature List/0/ItemList/5/LocalizedName,0,-1,Arrow,
area001,git,Creature List/0/ItemList/6/LocalizedName,0,-1,Arrow,
area001,git,Creature List/0/LastName,0,-1,Silverblade,
area001,git,Creature List/1/Description,0,-1,"The last of the Dy'nesh line, this raven-haired elven beauty bears her family's ability to speak with the dead. It is a gift bestowed upon them by the goddess Akhana but jealously reviled by the priesthood. Now she serves the Emperor, finding safety in his shadow.",
area001,git,Creature List/1/Equip_ItemList/0/DescIdentified,0,-1,"This suit of armor has been crafted by the superior armorsmiths of the Sharakhan Empire, being both far more durable in combat, and less cumbersome for its wearer.",
area001,git,Creature List/1/Equip_ItemList/0/LocalizedName,0,-1,Imperial Chain Shirt,
area001,git,Creature List/1/FirstName,0,-1,Kara,
area001,git,Creature List/1/ItemList/0/LocalizedName,0,-1,Arrow,
area001,git,Creature List/1/ItemList/1/LocalizedName,0,-1,Arrow,
area001,git,Creature List/1/ItemList/2/LocalizedName,0,-1,Arrow,
area001,git,Creature List/1/ItemList/3/LocalizedName,0,-1,Arrow,
area001,git,Creature List/1/ItemList/4/LocalizedName,0,-1,Longbow,
area001,git,Creature List/1/ItemList/5/DescIdentified,0,-1,"Masterwork weapons are crafted to be perfectly balanced and weighted, allowing for a far greater control and accuracy in battle.",
area001,git,Creature List/1/ItemList/5/LocalizedName,0,-1,Masterwork Longsword,
area001,git,Creature List/1/ItemList/6/LocalizedName,0,-1,Small Shield,
area001,git,Creature List/1/LastName,0,-1,Dy'nesh,
area001,git,Creature List/2/Description,0,-1,"Stern in countenance and stout of heart, this former slave now serves as the Emperor's secret commander in the field. Part warrior, part ambassador, and part agent of vengeance, he protects the Empire from itself.",
area001,git,Creature List/2/Equip_ItemList/0/DescIdentified,0,-1,"This suit of armor has been crafted by the superior armorsmiths of the Sharakhan Empire, being both far more durable in combat, and less cumbersome for its wearer.",
area001,git,Creature List/2/Equip_ItemList/0/LocalizedName,0,-1,Imperial Full Plate,
area001,git,Creature List/2/FirstName,0,-1,Markius,
area001,git,Creature List/2/ItemList/0/LocalizedName,0,-1,Greatsword,
area001,git,Creature List/2/ItemList/1/LocalizedName,0,-1,Heavy Crossbow,
area001,git,Creature List/2/ItemList/2/LocalizedName,0,-1,Bolt,
area001,git,Creature List/2/ItemList/3/LocalizedName,0,-1,Bolt,
area001,git,Creature List/2/ItemList/4/LocalizedName,0,-1,Bolt,
area001,git,Creature List/2/ItemList/5/LocalizedName,0,-1,Bolt,
area001,git,Creature List/2/LastName,0,-1,Albright,
area001,git,Creature List/3/Description,0,-1,"Stern in countenance and stout of heart, this former slave now serves as the Emperor's secret commander in the field. Part warrior, part ambassador, and part agent of vengeance, he protects the Empire from itself.",
area001,git,Creature List/3/Equip_ItemList/0/DescIdentified,0,-1,"This suit of armor has been crafted by the superior armorsmiths of the Sharakhan Empire, being both far more durable in combat, and less cumbersome for its wearer.",
area001,git,Creature List/3/Equip_ItemList/0/LocalizedName,0,-1,Imperial Full Plate,
area001,git,Creature List/3/FirstName,0,-1,Markius,
area001,git,Creature List/3/ItemList/0/LocalizedName,0,-1,Greatsword,
area001,git,Creature List/3/ItemList/1/LocalizedName,0,-1,Heavy Crossbow,
area001,git,Creature List/3/ItemList/2/LocalizedName,0,-1,Bolt,
area001,git,Creature List/3/ItemList/3/LocalizedName,0,-1,Bolt,
area001,git,Creature List/3/ItemList/4/LocalizedName,0,-1,Bolt,
area001,git,Creature List/3/ItemList/5/LocalizedName,0,-1,Bolt,
area001,git,Creature List/3/LastName,0,-1,Albright,
area001,git,Creature List/4/Description,0,-1,"Leaving behind a string of gambling debts at every port of call, it is a wonder that this compulsive little halfling has time to serve the Emperor at all. But trust is won across a table's winnings and many a secret gleaned. Perhaps he's a better gambler than he lets on.",
area001,git,Creature List/4/Equip_ItemList/0/DescIdentified,0,-1,"This suit of armor has been crafted by the superior armorsmiths of the Sharakhan Empire, being both far more durable in combat, and less cumbersome for its wearer.",
area001,git,Creature List/4/Equip_ItemList/0/LocalizedName,0,-1,Imperial Leather Armor,
area001,git,Creature List/4/FirstName,0,-1,Tarin,
area001,git,Creature List/4/ItemList/0/LocalizedName,0,-1,Arrow,
area001,git,Creature List/4/ItemList/1/LocalizedName,0,-1,Arrow,
area001,git,Creature List/4/ItemList/2/LocalizedName,0,-1,Arrow,
area001,git,Creature List/4/ItemList/3/LocalizedName,0,-1,Arrow,
area001,git,Creature List/4/ItemList/4/LocalizedName,0,-1,Short Sword,
area001,git,Creature List/4/ItemList/5/LocalizedName,0,-1,Shortbow,
area001,git,Creature List/4/LastName,0,-1,Lightfingers,
area001,git,Creature List/5/FirstName,0,-1,Shadow Spirit,
area001,git,StoreList/0/LocName,0,-1,Brukus's Inventory,
area001,git,StoreList/1/LocName,0,-1,Kara's Inventory,
area001,git,StoreList/2/LocName,0,-1,Tarin's Inventory,
area001,git,StoreList/3/LocName,0,-1,Lyen's Inventory,
area001,git,StoreList/4/LocName,0,-1,Markius's Inventory,
area001,git,WaypointList/0/LocalizedName,0,14817,Waypoint,웨이포인트
area_beg_city,git,Creature List/0/Equip_ItemList/0/LocalizedName,0,-1,Standard Imperial Clothing,
area_beg_city,git,Creature List/0/FirstName,0,-1,Imperial Citizen,
area_beg_city,git,Creature List/1/Equip_ItemList/0/LocalizedName,0,-1,Standard Imperial Clothing,
area_beg_city,git,Creature List/1/FirstName,0,-1,Imperial Citizen,
area_beg_city,git,Creature List/10/Equip_ItemList/0/LocalizedName,0,-1,Imperial Uniform,
area_beg_city,git,Creature List/10/FirstName,0,-1,Janthos,
area_beg_city,git,Creature List/10/ItemList/0/DescIdentified,0,-1,"All citizens of the Sharakhan Empire are asked to choose a Crest upon their graduation. The three Crests represent the three paths by which they serve the Emperor: that of the Guardian, that of the Enforcer, and that of the Redeemer.",
area_beg_city,git,Creature List/10/ItemList/0/LocalizedName,0,-1,Crest of the Guardian,
area_beg_city,git,Creature List/10/LastName,0,-1,the Inventor,
area_beg_city,git,Creature List/11/FirstName,0,-1,Construct XVII,
area_beg_city,git,Creature List/11/LastName,0,-1,", Imperial Information Construct",
area_beg_city,git,Creature List/12/FirstName,0,-1,Imperial Construct,
area_beg_city,git,Creature List/13/FirstName,0,-1,Imperial Construct,
area_beg_city,git,Creature List/14/FirstName,0,-1,Imperial Construct,
area_beg_city,git,Creature List/15/FirstName,0,-1,Imperial Construct,
area_beg_city,git,Creature List/16/Equip_ItemList/0/LocalizedName,0,-1,Imperial Helmet,
area_beg_city,git,Creature List/16/Equip_ItemList/1/LocalizedName,0,-1,Imperial Banded Mail,
area_beg_city,git,Creature List/16/Equip_ItemList/2/LocalizedName,0,-1,Halberd,
area_beg_city,git,Creature List/16/FirstName,0,-1,Ghaarak Imperial Guard,
area_beg_city,git,Creature List/17/Equip_ItemList/0/LocalizedName,0,-1,Imperial Helmet,
area_beg_city,git,Creature List/17/Equip_ItemList/1/LocalizedName,0,-1,Imperial Banded Mail,
area_beg_city,git,Creature List/17/Equip_ItemList/2/LocalizedName,0,-1,Halberd,
area_beg_city,git,Creature List/17/FirstName,0,-1,Ghaarak Imperial Guard,
area_beg_city,git,Creature List/18/Equip_ItemList/0/LocalizedName,0,-1,Standard Imperial Clothing,
area_beg_city,git,Creature List/18/FirstName,0,-1,Imperial Citizen,
area_beg_city,git,Creature List/19/Equip_ItemList/0/LocalizedName,0,-1,Standard Imperial Clothing,
area_beg_city,git,Creature List/19/FirstName,0,-1,Imperial Citizen,
area_beg_city,git,Creature List/2/Equip_ItemList/0/LocalizedName,0,-1,Standard Imperial Clothing,
area_beg_city,git,Creature List/2/FirstName,0,-1,Imperial Citizen,
area_beg_city,git,Creature List/20/Equip_ItemList/0/LocalizedName,0,-1,Standard Imperial Clothing,
area_beg_city,git,Creature List/20/FirstName,0,-1,Imperial Citizen,
area_beg_city,git,Creature List/21/Equip_ItemList/0/LocalizedName,0,-1,Standard Imperial Clothing,
area_beg_city,git,Creature List/21/FirstName,0,-1,Imperial Citizen,
area_beg_city,git,Creature List/22/Equip_ItemList/0/LocalizedName,0,-1,Imperial Uniform,
area_beg_city,git,Creature List/22/FirstName,0,-1,Alia,
area_beg_city,git,Creature List/22/ItemList/0/DescIdentified,0,-1,"All citizens of the Sharakhan Empire are asked to choose a Crest upon their graduation. The three Crests represent the three paths by which they serve the Emperor: that of the Guardian, that of the Enforcer, and that of the Redeemer.",
area_beg_city,git,Creature List/22/ItemList/0/LocalizedName,0,-1,Crest of the Redeemer,
area_beg_city,git,Creature List/23/Equip_ItemList/0/LocalizedName,0,-1,Standard Imperial Clothing,
area_beg_city,git,Creature List/23/FirstName,0,-1,Imperial Citizen,
area_beg_city,git,Creature List/24/Equip_ItemList/0/LocalizedName,0,-1,Standard Imperial Clothing,
area_beg_city,git,Creature List/24/FirstName,0,-1,Imperial Citizen,
area_beg_city,git,Creature List/3/Equip_ItemList/0/LocalizedName,0,-1,Standard Imperial Clothing,
area_beg_city,git,Creature List/3/FirstName,0,-1,Imperial Citizen,
area_beg_city,git,Creature List/4/Equip_ItemList/0/LocalizedName,0,-1,Imperial Helmet,
area_beg_city,git,Creature List/4/Equip_ItemList/1/LocalizedName,0,-1,Imperial Banded Mail,
area_beg_city,git,Creature List/4/Equip_ItemList/2/LocalizedName,0,-1,Halberd,
area_beg_city,git,Creature List/4/FirstName,0,-1,Ghaarak Imperial Guard,
area_beg_city,git,Creature List/5/Equip_ItemList/0/LocalizedName,0,-1,Imperial Helmet,
area_beg_city,git,Creature List/5/Equip_ItemList/1/LocalizedName,0,-1,Imperial Banded Mail,
area_beg_city,git,Creature List/5/Equip_ItemList/2/LocalizedName,0,-1,Halberd,
area_beg_city,git,Creature List/5/FirstName,0,-1,Ghaarak Imperial Guard,
area_beg_city,git,Creature List/6/Equip_ItemList/0/LocalizedName,0,-1,Imperial Helmet,
area_beg_city,git,Creature List/6/Equip_ItemList/1/LocalizedName,0,-1,Imperial Banded Mail,
area_beg_city,git,Creature List/6/Equip_ItemList/2/LocalizedName,0,-1,Halberd,
area_beg_city,git,Creature List/6/FirstName,0,-1,Ghaarak Imperial Guard,
area_beg_city,git,Creature List/7/Equip_ItemList/0/LocalizedName,0,-1,Imperial Helmet,
area_beg_city,git,Creature List/7/Equip_ItemList/1/LocalizedName,0,-1,Imperial Banded Mail,
area_beg_city,git,Creature List/7/Equip_ItemList/2/LocalizedName,0,-1,Halberd,
area_beg_city,git,Creature List/7/FirstName,0,-1,Ghaarak Imperial Guard,
area_beg_city,git,Creature List/8/Equip_ItemList/0/LocalizedName,0,-1,Imperial Helmet,
area_beg_city,git,Creature List/8/Equip_ItemList/1/LocalizedName,0,-1,Imperial Banded Mail,
area_beg_city,git,Creature List/8/Equip_ItemList/2/LocalizedName,0,-1,Halberd,
area_beg_city,git,Creature List/8/FirstName,0,-1,Ghaarak Imperial Guard,
area_beg_city,git,Creature List/9/Equip_ItemList/0/LocalizedName,0,-1,Standard Imperial Clothing,
area_beg_city,git,Creature List/9/FirstName,0,-1,Imperial Servant Gilles,
area_beg_city,git,Door List/0/LocName,0,5349,Door,문
area_beg_city,git,Door List/1/LocName,0,5349,Door,문
area_beg_city,git,Door List/2/LocName,0,5349,Door,문
area_beg_city,git,Door List/3/LocName,0,5349,Door,문
area_beg_city,git,Placeable List/10/Description,0,14642,The torch paints its environs in warmer hues. You find yourself grateful for its glow. ,횃불이 주변을 따뜻하게 칠하고 있습니다. 당신은 그 불빛에 감사하는 자신을 발견합니다.
area_beg_city,git,Placeable List/10/LocName,0,14643,Torch Bracket,횃불 걸이
area_beg_city,git,Placeable List/11/Description,0,14642,The torch paints its environs in warmer hues. You find yourself grateful for its glow. ,횃불이 주변을 따뜻하게 칠하고 있습니다. 당신은 그 불빛에 감사하는 자신을 발견합니다.
area_beg_city,git,Placeable List/11/LocName,0,14643,Torch Bracket,횃불 걸이
area_beg_city,git,Placeable List/12/Description,0,14642,The torch paints its environs in warmer hues. You find yourself grateful for its glow. ,횃불이 주변을 따뜻하게 칠하고 있습니다. 당신은 그 불빛에 감사하는 자신을 발견합니다.
area_beg_city,git,Placeable List/12/LocName,0,14643,Torch Bracket,횃불 걸이
area_beg_city,git,Placeable List/13/Description,0,14642,The torch paints its environs in warmer hues. You find yourself grateful for its glow. ,횃불이 주변을 따뜻하게 칠하고 있습니다. 당신은 그 불빛에 감사하는 자신을 발견합니다.
area_beg_city,git,Placeable List/13/LocName,0,14643,Torch Bracket,횃불 걸이
area_beg_city,git,Placeable List/14/Description,0,14642,The torch paints its environs in warmer hues. You find yourself grateful for its glow. ,횃불이 주변을 따뜻하게 칠하고 있습니다. 당신은 그 불빛에 감사하는 자신을 발견합니다.
area_beg_city,git,Placeable List/14/LocName,0,14643,Torch Bracket,횃불 걸이
area_beg_city,git,Placeable List/17/Description,0,14732,Emperor Rakha's stony gaze bears down on you.,
area_beg_city,git,Placeable List/17/LocName,0,14536,Statue of Emperor Rakha,
area_beg_city,git,Placeable List/18/Description,0,14732,Emperor Rakha's stony gaze bears down on you.,
area_beg_city,git,Placeable List/18/LocName,0,14536,Statue of Emperor Rakha,
area_beg_city,git,Placeable List/19/LocName,0,5800,Runaway From,
area_beg_city,git,Placeable List/2/Description,0,14732,Emperor Rakha's stony gaze bears down on you.,
area_beg_city,git,Placeable List/2/LocName,0,14536,Statue of Emperor Rakha,
area_beg_city,git,Placeable List/20/LocName,0,5800,Runaway From,
area_beg_city,git,Placeable List/21/LocName,0,5800,Runaway From,
area_beg_city,git,Placeable List/22/LocName,0,5800,Runaway From,
area_beg_city,git,Placeable List/23/LocName,0,5800,Runaway From,
area_beg_city,git,Placeable List/24/LocName,0,5800,Runaway From,
area_beg_city,git,Placeable List/5/Description,0,14642,The torch paints its environs in warmer hues. You find yourself grateful for its glow. ,횃불이 주변을 따뜻하게 칠하고 있습니다. 당신은 그 불빛에 감사하는 자신을 발견합니다.
area_beg_city,git,Placeable List/5/LocName,0,14643,Torch Bracket,횃불 걸이
area_beg_city,git,Placeable List/6/Description,0,14642,The torch paints its environs in warmer hues. You find yourself grateful for its glow. ,횃불이 주변을 따뜻하게 칠하고 있습니다. 당신은 그 불빛에 감사하는 자신을 발견합니다.
area_beg_city,git,Placeable List/6/LocName,0,14643,Torch Bracket,횃불 걸이
area_beg_city,git,Placeable List/7/Description,0,14642,The torch paints its environs in warmer hues. You find yourself grateful for its glow. ,횃불이 주변을 따뜻하게 칠하고 있습니다. 당신은 그 불빛에 감사하는 자신을 발견합니다.
area_beg_city,git,Placeable List/7/LocName,0,14643,Torch Bracket,횃불 걸이
area_beg_city,git,Placeable List/8/Description,0,14642,The torch paints its environs in warmer hues. You find yourself grateful for its glow. ,횃불이 주변을 따뜻하게 칠하고 있습니다. 당신은 그 불빛에 감사하는 자신을 발견합니다.
area_beg_city,git,Placeable List/8/LocName,0,14643,Torch Bracket,횃불 걸이
area_beg_city,git,Placeable List/9/Description,0,14642,The torch paints its environs in warmer hues. You find yourself grateful for its glow. ,횃불이 주변을 따뜻하게 칠하고 있습니다. 당신은 그 불빛에 감사하는 자신을 발견합니다.
area_beg_city,git,Placeable List/9/LocName,0,14643,Torch Bracket,횃불 걸이
area_beg_city,git,TriggerList/0/LocalizedName,0,14759,New Generic,새 일반
area_beg_city,git,TriggerList/1/LocalizedName,0,14759,New Generic,새 일반
area_beg_city,git,TriggerList/2/LocalizedName,0,14759,New Generic,새 일반
area_beg_city,git,TriggerList/3/LocalizedName,0,14759,New Generic,새 일반
area_beg_city,git,TriggerList/4/LocalizedName,0,14759,New Generic,새 일반
area_beg_city,git,WaypointList/0/LocalizedName,0,14814,Map Note,지도 설명
area_beg_city,git,WaypointList/0/MapNote,0,14815,The Imperial Grand Hall,
area_beg_city,git,WaypointList/1/LocalizedName,0,14814,Map Note,지도 설명
area_beg_city,git,WaypointList/1/MapNote,0,14815,Ghaarak Imperial Academy,
area_beg_city,git,WaypointList/10/LocalizedName,0,14817,Waypoint,웨이포인트
area_beg_city,git,WaypointList/11/LocalizedName,0,14817,Waypoint,웨이포인트
area_beg_city,git,WaypointList/13/LocalizedName,0,14817,Waypoint,웨이포인트
area_beg_city,git,WaypointList/14/LocalizedName,0,14814,Map Note,지도 설명
area_beg_city,git,WaypointList/14/MapNote,0,14815,<Place text here>,<PLace text here>
area_beg_city,git,WaypointList/2/LocalizedName,0,14814,Map Note,지도 설명
area_beg_city,git,WaypointList/2/MapNote,0,14815,To the Imperial Estate,
area_beg_city,git,WaypointList/3/LocalizedName,0,14814,Map Note,지도 설명
area_beg_city,git,WaypointList/3/MapNote,0,14815,To the Market District,
area_beg_city,git,WaypointList/4/LocalizedName,0,14817,Waypoint,웨이포인트
area_beg_city,git,WaypointList/5/LocalizedName,0,14817,Waypoint,웨이포인트
area_beg_city,git,WaypointList/6/LocalizedName,0,14817,Waypoint,웨이포인트
area_beg_city,git,WaypointList/7/LocalizedName,0,14817,Waypoint,웨이포인트
area_beg_city,git,WaypointList/8/LocalizedName,0,14817,Waypoint,웨이포인트
area_beg_city,git,WaypointList/9/LocalizedName,0,14817,Waypoint,웨이포인트
area_beg_city002,git,Creature List/0/Equip_ItemList/0/LocalizedName,0,-1,Imperial Splint Mail,
area_beg_city002,git,Creature List/0/Equip_ItemList/1/LocalizedName,0,-1,Bastard Sword,
area_beg_city002,git,Creature List/0/Equip_ItemList/2/LocalizedName,0,-1,Tower Shield,
area_beg_city002,git,Creature List/0/FirstName,0,-1,Imperial Captain Anagril,
area_beg_city002,git,Creature List/1/Equip_ItemList/0/LocalizedName,0,-1,Imperial Helmet,
area_beg_city002,git,Creature List/1/Equip_ItemList/1/LocalizedName,0,-1,Imperial Banded Mail,
area_beg_city002,git,Creature List/1/Equip_ItemList/2/LocalizedName,0,-1,Halberd,
area_beg_city002,git,Creature List/1/FirstName,0,-1,Imperial Guard,
area_beg_city002,git,Creature List/10/Equip_ItemList/0/LocalizedName,0,-1,Imperial Helmet,
area_beg_city002,git,Creature List/10/Equip_ItemList/1/LocalizedName,0,-1,Imperial Banded Mail,
area_beg_city002,git,Creature List/10/Equip_ItemList/2/LocalizedName,0,-1,Halberd,
area_beg_city002,git,Creature List/10/FirstName,0,-1,Sharakhan Imperial Guard,
area_beg_city002,git,Creature List/11/Equip_ItemList/0/LocalizedName,0,-1,Imperial Helmet,
area_beg_city002,git,Creature List/11/Equip_ItemList/1/LocalizedName,0,-1,Imperial Banded Mail,
area_beg_city002,git,Creature List/11/Equip_ItemList/2/LocalizedName,0,-1,Halberd,
area_beg_city002,git,Creature List/11/FirstName,0,-1,Sharakhan Imperial Guard,
area_beg_city002,git,Creature List/12/Equip_ItemList/0/LocalizedName,0,-1,Standard Imperial Clothing,
area_beg_city002,git,Creature List/12/FirstName,0,-1,Imperial Citizen,
area_beg_city002,git,Creature List/13/Equip_ItemList/0/LocalizedName,0,-1,Imperial Helmet,
area_beg_city002,git,Creature List/13/Equip_ItemList/1/LocalizedName,0,-1,Imperial Banded Mail,
area_beg_city002,git,Creature List/13/Equip_ItemList/2/LocalizedName,0,-1,Halberd,
area_beg_city002,git,Creature List/13/FirstName,0,-1,Sharakhan Imperial Guard,
area_beg_city002,git,Creature List/14/Equip_ItemList/0/LocalizedName,0,-1,Standard Imperial Clothing,
area_beg_city002,git,Creature List/14/FirstName,0,-1,Imperial Citizen,
area_beg_city002,git,Creature List/15/Equip_ItemList/0/LocalizedName,0,-1,Imperial Helmet,
area_beg_city002,git,Creature List/15/Equip_ItemList/1/LocalizedName,0,-1,Imperial Banded Mail,
area_beg_city002,git,Creature List/15/Equip_ItemList/2/LocalizedName,0,-1,Halberd,
area_beg_city002,git,Creature List/15/FirstName,0,-1,Imperial Guard,
area_beg_city002,git,Creature List/16/Equip_ItemList/0/LocalizedName,0,-1,Imperial Helmet,
area_beg_city002,git,Creature List/16/Equip_ItemList/1/LocalizedName,0,-1,Imperial Banded Mail,
area_beg_city002,git,Creature List/16/Equip_ItemList/2/LocalizedName,0,-1,Halberd,
area_beg_city002,git,Creature List/16/FirstName,0,-1,Imperial Guard,
area_beg_city002,git,Creature List/17/FirstName,0,-1,Imperial Construct,
area_beg_city002,git,Creature List/18/FirstName,0,-1,Imperial Construct,
area_beg_city002,git,Creature List/19/FirstName,0,-1,Imperial Construct,
area_beg_city002,git,Creature List/2/Equip_ItemList/0/LocalizedName,0,-1,Imperial Helmet,
area_beg_city002,git,Creature List/2/Equip_ItemList/1/LocalizedName,0,-1,Imperial Banded Mail,
area_beg_city002,git,Creature List/2/Equip_ItemList/2/LocalizedName,0,-1,Halberd,
area_beg_city002,git,Creature List/2/FirstName,0,-1,Imperial Guard,
area_beg_city002,git,Creature List/20/FirstName,0,-1,Imperial Construct,
area_beg_city002,git,Creature List/3/FirstName,0,-1,Imperial Construct,
area_beg_city002,git,Creature List/4/Equip_ItemList/0/LocalizedName,0,-1,Crimson Follower's Tunic,
area_beg_city002,git,Creature List/4/Equip_ItemList/1/DescIdentified,0,-1,"Masterwork weapons are crafted to be perfectly balanced and weighted, allowing for a far greater control and accuracy in battle.",
area_beg_city002,git,Creature List/4/Equip_ItemList/1/LocalizedName,0,-1,Masterwork Handaxe,
area_beg_city002,git,Creature List/4/Equip_ItemList/2/DescIdentified,0,-1,"This shield appears to have been enchanted with some minor sorceries, granting protection to its wearer. ",
area_beg_city002,git,Creature List/4/Equip_ItemList/2/LocalizedName,0,-1,Enchanted Small Shield,
area_beg_city002,git,Creature List/4/FirstName,0,-1,Crimson Follower,
area_beg_city002,git,Creature List/4/ItemList/0/DescIdentified,0,-1,"This weapon is imbued with a minor magical enchantment.  While certainly uncommon, such enchantments are fairly easy to create for a magic user of moderate ability.",
area_beg_city002,git,Creature List/4/ItemList/0/LocalizedName,0,-1,Enchanted Handaxe,
area_beg_city002,git,Creature List/5/Equip_ItemList/0/LocalizedName,0,-1,Crimson Follower's Tunic,
area_beg_city002,git,Creature List/5/Equip_ItemList/1/DescIdentified,0,-1,"Masterwork weapons are crafted to be perfectly balanced and weighted, allowing for a far greater control and accuracy in battle.",
area_beg_city002,git,Creature List/5/Equip_ItemList/1/LocalizedName,0,-1,Masterwork Handaxe,
area_beg_city002,git,Creature List/5/Equip_ItemList/2/DescIdentified,0,-1,"This shield appears to have been enchanted with some minor sorceries, granting protection to its wearer. ",
area_beg_city002,git,Creature List/5/Equip_ItemList/2/LocalizedName,0,-1,Enchanted Small Shield,
area_beg_city002,git,Creature List/5/FirstName,0,-1,Crimson Follower,
area_beg_city002,git,Creature List/5/ItemList/0/DescIdentified,0,-1,"This weapon is imbued with a minor magical enchantment.  While certainly uncommon, such enchantments are fairly easy to create for a magic user of moderate ability.",
area_beg_city002,git,Creature List/5/ItemList/0/LocalizedName,0,-1,Enchanted Handaxe,
area_beg_city002,git,Creature List/6/Equip_ItemList/0/LocalizedName,0,-1,Crimson Follower's Tunic,
area_beg_city002,git,Creature List/6/Equip_ItemList/1/DescIdentified,0,-1,"Masterwork weapons are crafted to be perfectly balanced and weighted, allowing for a far greater control and accuracy in battle.",
area_beg_city002,git,Creature List/6/Equip_ItemList/1/LocalizedName,0,-1,Masterwork Warhammer,
area_beg_city002,git,Creature List/6/Equip_ItemList/2/LocalizedName,0,-1,Large Shield,
area_beg_city002,git,Creature List/6/FirstName,0,-1,Crimson Follower,
area_beg_city002,git,Creature List/7/Equip_ItemList/0/LocalizedName,0,-1,Crimson Follower's Tunic,
area_beg_city002,git,Creature List/7/Equip_ItemList/1/LocalizedName,0,-1,Sickle,
area_beg_city002,git,Creature List/7/FirstName,0,-1,Crimson Follower,
area_beg_city002,git,Creature List/8/Equip_ItemList/0/LocalizedName,0,-1,Standard Imperial Clothing,
area_beg_city002,git,Creature List/8/FirstName,0,-1,Imperial Citizen,
area_beg_city002,git,Creature List/9/Equip_ItemList/0/LocalizedName,0,-1,Standard Imperial Clothing,
area_beg_city002,git,Creature List/9/FirstName,0,-1,Imperial Citizen,
area_beg_city002,git,Door List/0/LocName,0,5349,Door,문
area_beg_city002,git,Door List/1/LocName,0,5349,Door,문
area_beg_city002,git,Door List/2/LocName,0,5349,Door,문
area_beg_city002,git,Door List/3/LocName,0,5349,Door,문
area_beg_city002,git,Encounter List/0/LocalizedName,0,-1,Stage 1 - Crimson Follower (6),
area_beg_city002,git,Encounter List/1/LocalizedName,0,-1,Crimson Group ,
area_beg_city002,git,Encounter List/2/LocalizedName,0,-1,Crimson Group ,
area_beg_city002,git,Placeable List/10/Description,0,14642,The torch paints its environs in warmer hues. You find yourself grateful for its glow. ,횃불이 주변을 따뜻하게 칠하고 있습니다. 당신은 그 불빛에 감사하는 자신을 발견합니다.
area_beg_city002,git,Placeable List/10/LocName,0,14643,Torch Bracket,횃불 걸이
area_beg_city002,git,Placeable List/2/Description,0,14732,Emperor Rakha's stony gaze bears down on you.,
area_beg_city002,git,Placeable List/2/LocName,0,14536,Statue of Emperor Rakha,
area_beg_city002,git,Placeable List/25/Description,0,14732,Emperor Rakha's stony gaze bears down on you.,
area_beg_city002,git,Placeable List/25/LocName,0,14536,Statue of Emperor Rakha,
area_beg_city002,git,Placeable List/26/Description,0,14732,Emperor Rakha's stony gaze bears down on you.,
area_beg_city002,git,Placeable List/26/LocName,0,14536,Statue of Emperor Rakha,
area_beg_city002,git,Placeable List/29/Description,0,14681,"The low pedestal gleams an alabaster white, shadows playing across its fluted column.","낮은 받침대는 설화석고로 하얗게 빛나고 있으며, 홈이 새겨진 기둥을 그림자가 가로지르고 있습니다."
area_beg_city002,git,Placeable List/29/LocName,0,5718,Market Gate Pedestal,
area_beg_city002,git,Placeable List/30/Description,0,14681,"The low pedestal gleams an alabaster white, shadows playing across its fluted column.","낮은 받침대는 설화석고로 하얗게 빛나고 있으며, 홈이 새겨진 기둥을 그림자가 가로지르고 있습니다."
area_beg_city002,git,Placeable List/30/LocName,0,5718,Market Gate Pedestal,
area_beg_city002,git,Placeable List/4/Description,0,14642,The torch paints its environs in warmer hues. You find yourself grateful for its glow. ,횃불이 주변을 따뜻하게 칠하고 있습니다. 당신은 그 불빛에 감사하는 자신을 발견합니다.
area_beg_city002,git,Placeable List/4/LocName,0,14643,Torch Bracket,횃불 걸이
area_beg_city002,git,Placeable List/5/Description,0,14642,The torch paints its environs in warmer hues. You find yourself grateful for its glow. ,횃불이 주변을 따뜻하게 칠하고 있습니다. 당신은 그 불빛에 감사하는 자신을 발견합니다.
area_beg_city002,git,Placeable List/5/LocName,0,14643,Torch Bracket,횃불 걸이
area_beg_city002,git,Placeable List/6/Description,0,14642,The torch paints its environs in warmer hues. You find yourself grateful for its glow. ,횃불이 주변을 따뜻하게 칠하고 있습니다. 당신은 그 불빛에 감사하는 자신을 발견합니다.
area_beg_city002,git,Placeable List/6/LocName,0,14643,Torch Bracket,횃불 걸이
area_beg_city002,git,Placeable List/7/Description,0,14642,The torch paints its environs in warmer hues. You find yourself grateful for its glow. ,횃불이 주변을 따뜻하게 칠하고 있습니다. 당신은 그 불빛에 감사하는 자신을 발견합니다.
area_beg_city002,git,Placeable List/7/LocName,0,14643,Torch Bracket,횃불 걸이
area_beg_city002,git,Placeable List/8/Description,0,14642,The torch paints its environs in warmer hues. You find yourself grateful for its glow. ,횃불이 주변을 따뜻하게 칠하고 있습니다. 당신은 그 불빛에 감사하는 자신을 발견합니다.
area_beg_city002,git,Placeable List/8/LocName,0,14643,Torch Bracket,횃불 걸이
area_beg_city002,git,Placeable List/9/Description,0,14642,The torch paints its environs in warmer hues. You find yourself grateful for its glow. ,횃불이 주변을 따뜻하게 칠하고 있습니다. 당신은 그 불빛에 감사하는 자신을 발견합니다.
area_beg_city002,git,Placeable List/9/LocName,0,14643,Torch Bracket,횃불 걸이
area_beg_city002,git,TriggerList/0/LocalizedName,0,14759,New Generic,새 일반
area_beg_city002,git,TriggerList/1/LocalizedName,0,14759,New Generic,새 일반
area_beg_city002,git,TriggerList/2/LocalizedName,0,14759,New Generic,새 일반
area_beg_city002,git,TriggerList/3/LocalizedName,0,14759,New Generic,새 일반
area_beg_city002,git,WaypointList/0/LocalizedName,0,14814,Map Note,지도 설명
area_beg_city002,git,WaypointList/0/MapNote,0,14815,The Imperial Grand Hall,
area_beg_city002,git,WaypointList/1/LocalizedName,0,14814,Map Note,지도 설명
area_beg_city002,git,WaypointList/1/MapNote,0,14815,Ghaarak Imperial Academy,
area_beg_city002,git,WaypointList/10/LocalizedName,0,14817,Waypoint,웨이포인트
area_beg_city002,git,WaypointList/11/LocalizedName,0,14817,Waypoint,웨이포인트
area_beg_city002,git,WaypointList/12/LocalizedName,0,14817,Waypoint,웨이포인트
area_beg_city002,git,WaypointList/13/LocalizedName,0,14817,Waypoint,웨이포인트
area_beg_city002,git,WaypointList/14/LocalizedName,0,14817,Waypoint,웨이포인트
area_beg_city002,git,WaypointList/15/LocalizedName,0,14817,Waypoint,웨이포인트
area_beg_city002,git,WaypointList/2/LocalizedName,0,14814,Map Note,지도 설명
area_beg_city002,git,WaypointList/2/MapNote,0,14815,To the Imperial Estate,
area_beg_city002,git,WaypointList/3/LocalizedName,0,14814,Map Note,지도 설명
area_beg_city002,git,WaypointList/3/MapNote,0,14815,To the Market District,
area_beg_city002,git,WaypointList/4/LocalizedName,0,14817,Waypoint,웨이포인트
area_beg_city002,git,WaypointList/5/LocalizedName,0,14817,Waypoint,웨이포인트
area_beg_city002,git,WaypointList/6/LocalizedName,0,14817,Waypoint,웨이포인트
area_beg_city002,git,WaypointList/7/LocalizedName,0,14817,Waypoint,웨이포인트
area_beg_city002,git,WaypointList/8/LocalizedName,0,14817,Waypoint,웨이포인트
area_beg_city002,git,WaypointList/9/LocalizedName,0,14817,Waypoint,웨이포인트
area_cave_ghaa_n,git,Creature List/0/Equip_ItemList/0/LocalizedName,0,-1,Nightcrawler Uniform,
area_cave_ghaa_n,git,Creature List/0/Equip_ItemList/1/DescIdentified,0,-1,"Masterwork weapons are crafted to be perfectly balanced and weighted, allowing for a far greater control and accuracy in battle.",
area_cave_ghaa_n,git,Creature List/0/Equip_ItemList/1/LocalizedName,0,-1,Masterwork Short Sword,
area_cave_ghaa_n,git,Creature List/0/FirstName,0,-1,Nightcrawler Doorman,
area_cave_ghaa_n,git,Creature List/0/ItemList/0/DescIdentified,0,-1,This key was found in the Nightcrawler hideout of Ghaarak.,
area_cave_ghaa_n,git,Creature List/0/ItemList/0/LocalizedName,0,-1,Nightcrawler Lair Key,
area_cave_ghaa_n,git,Creature List/1/Equip_ItemList/0/LocalizedName,0,-1,Nightcrawler's Outfit,
area_cave_ghaa_n,git,Creature List/1/Equip_ItemList/1/DescIdentified,0,-1,"Masterwork weapons are crafted to be perfectly balanced and weighted, allowing for a far greater control and accuracy in battle.",
area_cave_ghaa_n,git,Creature List/1/Equip_ItemList/1/LocalizedName,0,-1,Masterwork Dagger,
area_cave_ghaa_n,git,Creature List/1/FirstName,0,-1,Nightcrawler Rogue,
area_cave_ghaa_n,git,Creature List/2/Equip_ItemList/0/LocalizedName,0,-1,Nightcrawler's Outfit,
area_cave_ghaa_n,git,Creature List/2/Equip_ItemList/1/DescIdentified,0,-1,"Masterwork weapons are crafted to be perfectly balanced and weighted, allowing for a far greater control and accuracy in battle.",
area_cave_ghaa_n,git,Creature List/2/Equip_ItemList/1/LocalizedName,0,-1,Masterwork Short Sword,
area_cave_ghaa_n,git,Creature List/2/FirstName,0,-1,Nightcrawler Rogue,
area_cave_ghaa_n,git,Creature List/3/Equip_ItemList/0/LocalizedName,0,-1,Nightcrawler's Outfit,
area_cave_ghaa_n,git,Creature List/3/Equip_ItemList/1/DescIdentified,0,-1,"Sporting a wickedly sharp blade, Ripper is crafted for the sole purpose of shredding far more easily through thin cloth and flesh.  In the hands of a skilled rogue, Ripper can be utilized to devastating effect against an unwary opponent...",
area_cave_ghaa_n,git,Creature List/3/Equip_ItemList/1/LocalizedName,0,-1,Ripper,
area_cave_ghaa_n,git,Creature List/3/Equip_ItemList/2/DescIdentified,0,-1,"Masterwork weapons are crafted to be perfectly balanced and weighted, allowing for a far greater control and accuracy in battle.",
area_cave_ghaa_n,git,Creature List/3/Equip_ItemList/2/LocalizedName,0,-1,Masterwork Short Sword,
area_cave_ghaa_n,git,Creature List/3/FirstName,0,-1,Malthar,
area_cave_ghaa_n,git,Creature List/3/ItemList/0/DescIdentified,0,-1,This key appears to unlock the cell of Tarin Lightfingers within the lair of the Nightcrawler gang which abducted him.,
area_cave_ghaa_n,git,Creature List/3/ItemList/0/LocalizedName,0,-1,Tarin's Cell Key,
area_cave_ghaa_n,git,Creature List/4/Equip_ItemList/0/LocalizedName,0,-1,Nightcrawler's Outfit,
area_cave_ghaa_n,git,Creature List/4/Equip_ItemList/1/DescIdentified,0,-1,"Masterwork weapons are crafted to be perfectly balanced and weighted, allowing for a far greater control and accuracy in battle.",
area_cave_ghaa_n,git,Creature List/4/Equip_ItemList/1/LocalizedName,0,-1,Masterwork Dagger,
area_cave_ghaa_n,git,Creature List/4/FirstName,0,-1,Nightcrawler Doorman,
area_cave_ghaa_n,git,Creature List/5/Equip_ItemList/0/LocalizedName,0,-1,Nightcrawler's Outfit,
area_cave_ghaa_n,git,Creature List/5/Equip_ItemList/1/DescIdentified,0,-1,"Masterwork weapons are crafted to be perfectly balanced and weighted, allowing for a far greater control and accuracy in battle.",
area_cave_ghaa_n,git,Creature List/5/Equip_ItemList/1/LocalizedName,0,-1,Masterwork Dagger,
area_cave_ghaa_n,git,Creature List/5/FirstName,0,-1,Nightcrawler Rogue,
area_cave_ghaa_n,git,Creature List/6/Equip_ItemList/0/LocalizedName,0,-1,Nightcrawler's Outfit,
area_cave_ghaa_n,git,Creature List/6/Equip_ItemList/1/DescIdentified,0,-1,"Masterwork weapons are crafted to be perfectly balanced and weighted, allowing for a far greater control and accuracy in battle.",
area_cave_ghaa_n,git,Creature List/6/Equip_ItemList/1/LocalizedName,0,-1,Masterwork Short Sword,
area_cave_ghaa_n,git,Creature List/6/FirstName,0,-1,Nightcrawler Guard,
area_cave_ghaa_n,git,Creature List/7/Equip_ItemList/0/LocalizedName,0,-1,Nightcrawler's Outfit,
area_cave_ghaa_n,git,Creature List/7/Equip_ItemList/1/DescIdentified,0,-1,"Masterwork weapons are crafted to be perfectly balanced and weighted, allowing for a far greater control and accuracy in battle.",
area_cave_ghaa_n,git,Creature List/7/Equip_ItemList/1/LocalizedName,0,-1,Masterwork Dagger,
area_cave_ghaa_n,git,Creature List/7/FirstName,0,-1,Nightcrawler Rogue,
area_cave_ghaa_n,git,Creature List/8/Equip_ItemList/0/LocalizedName,0,-1,Nightcrawler's Outfit,
area_cave_ghaa_n,git,Creature List/8/Equip_ItemList/1/DescIdentified,0,-1,"Masterwork weapons are crafted to be perfectly balanced and weighted, allowing for a far greater control and accuracy in battle.",
area_cave_ghaa_n,git,Creature List/8/Equip_ItemList/1/LocalizedName,0,-1,Masterwork Dagger,
area_cave_ghaa_n,git,Creature List/8/FirstName,0,-1,Nightcrawler Rogue,
area_cave_ghaa_n,git,Door List/0/LocName,0,5349,Door,문
area_cave_ghaa_n,git,Door List/1/LocName,0,5349,Door,문
area_cave_ghaa_n,git,Door List/2/LocName,0,5349,Door,문
area_cave_ghaa_n,git,Placeable List/0/Description,0,14705,The chain disappears into some unseen recess above you where it presumably activates some hidden mechanism.,사슬은 아마도 어떤 숨겨진 기계장치를 작동시키며 당신 위의 보이지 않는 틈으로 사라집니다.
area_cave_ghaa_n,git,Placeable List/0/LocName,0,14706,Rope,
area_cave_ghaa_n,git,TriggerList/0/LocalizedName,0,14759,New Generic,새 일반
area_cave_ghaa_n,git,TriggerList/1/LocalizedName,0,14759,New Generic,새 일반
area_cave_ghaa_n,git,TriggerList/2/LocalizedName,0,14759,New Generic,새 일반
area_cave_ghaa_n,git,TriggerList/3/LocalizedName,0,14759,New Generic,새 일반
area_cave_ghaa_n,git,TriggerList/4/LocalizedName,0,14759,New Generic,새 일반
area_cave_ghaa_n,git,TriggerList/5/LocalizedName,0,14759,New Generic,새 일반
area_cave_ghaa_n,git,WaypointList/0/LocalizedName,0,14817,Waypoint,웨이포인트
area_cave_ghaa_n,git,WaypointList/1/LocalizedName,0,14817,Waypoint,웨이포인트
area_cave_ghaa_n,git,WaypointList/1/MapNote,0,-1,Tarin's Cell,
area_cave_ghaa_n,git,WaypointList/2/LocalizedName,0,14817,Waypoint,웨이포인트
area_cave_ghaa_n,git,WaypointList/3/LocalizedName,0,14817,Waypoint,웨이포인트
area_cave_ghaa_n,git,WaypointList/4/LocalizedName,0,14814,Map Note,지도 설명
area_cave_ghaa_n,git,WaypointList/4/MapNote,0,14815,Underground Dock,
area_cave_ghaa_n,git,WaypointList/5/LocalizedName,0,14817,Waypoint,웨이포인트
area_cave_ghaa_n,git,WaypointList/6/LocalizedName,0,14817,Waypoint,웨이포인트
area_cave_ghaa_n,git,WaypointList/7/LocalizedName,0,14817,Waypoint,웨이포인트
area_city_gha001,git,Door List/0/LocName,0,5349,Door,문
area_city_gha001,git,Door List/2/LocName,0,5349,Door,문
area_city_gha001,git,Placeable List/0/Description,0,14705,The chain disappears into some unseen recess above you where it presumably activates some hidden mechanism.,사슬은 아마도 어떤 숨겨진 기계장치를 작동시키며 당신 위의 보이지 않는 틈으로 사라집니다.
area_city_gha001,git,Placeable List/0/LocName,0,14706,Rope,
area_city_gha001,git,Placeable List/1/Description,0,14705,The chain disappears into some unseen recess above you where it presumably activates some hidden mechanism.,사슬은 아마도 어떤 숨겨진 기계장치를 작동시키며 당신 위의 보이지 않는 틈으로 사라집니다.
area_city_gha001,git,Placeable List/1/LocName,0,14706,Rope,
area_city_gha001,git,Placeable List/2/Description,0,14696,A button protrudes from the wooden pillar.,나무 기둥에 버튼 하나가 튀어나와 있습니다.
area_city_gha001,git,Placeable List/2/LocName,0,14684,Pillar of Passage,
area_city_gha001,git,WaypointList/0/LocalizedName,0,14817,Waypoint,웨이포인트
area_city_gha001,git,WaypointList/1/LocalizedName,0,14817,Waypoint,웨이포인트
area_city_gha002,git,Creature List/0/Equip_ItemList/0/DescIdentified,0,-1,"This armor appears to have been enchanted with some minor sorceries, granting protection to its wearer. ",
area_city_gha002,git,Creature List/0/Equip_ItemList/0/LocalizedName,0,-1,Enchanted Padded Armor,
area_city_gha002,git,Creature List/0/Equip_ItemList/1/LocalizedName,0,-1,Short Sword,
area_city_gha002,git,Creature List/0/Equip_ItemList/2/LocalizedName,0,-1,Dagger,
area_city_gha002,git,Creature List/0/FirstName,0,-1,Mikel,
area_city_gha002,git,Creature List/0/ItemList/0/DescIdentified,0,-1,[This key was found in the possession of Mikel Ravenclaw.],
area_city_gha002,git,Creature List/0/ItemList/0/LocalizedName,0,-1,Mikel Ravenclaw's Key,
area_city_gha002,git,Creature List/0/LastName,0,-1,Ravenclaw,
area_city_gha002,git,Creature List/1/Equip_ItemList/0/LocalizedName,0,-1,Hide Armor,
area_city_gha002,git,Creature List/1/Equip_ItemList/1/LocalizedName,0,-1,Battleaxe,
area_city_gha002,git,Creature List/1/FirstName,0,-1,Ravenclaw Guard,
area_city_gha002,git,Creature List/2/Equip_ItemList/0/LocalizedName,0,-1,Hide Armor,
area_city_gha002,git,Creature List/2/Equip_ItemList/1/LocalizedName,0,-1,Battleaxe,
area_city_gha002,git,Creature List/2/FirstName,0,-1,Ravenclaw Guard,
area_city_gha002,git,Creature List/3/Equip_ItemList/0/LocalizedName,0,-1,Hide Armor,
area_city_gha002,git,Creature List/3/Equip_ItemList/1/LocalizedName,0,-1,Battleaxe,
area_city_gha002,git,Creature List/3/FirstName,0,-1,Ravenclaw Guard,
area_city_gha002,git,Door List/1/LocName,0,5349,Door,문
area_city_gha002,git,Placeable List/0/Description,0,67631,A trap door set in the floor.,복도에 설치된 함정 문
area_city_gha002,git,Placeable List/0/LocName,0,52996,Trap Door,다락방 문
area_city_gha002,git,Placeable List/19/Description,0,14705,The chain disappears into some unseen recess above you where it presumably activates some hidden mechanism.,사슬은 아마도 어떤 숨겨진 기계장치를 작동시키며 당신 위의 보이지 않는 틈으로 사라집니다.
area_city_gha002,git,Placeable List/19/LocName,0,14706,Rope,
area_city_gha002,git,TriggerList/0/LocalizedName,0,14759,New Generic,새 일반
area_city_gha002,git,WaypointList/0/LocalizedName,0,14817,Waypoint,웨이포인트
area_city_gha003,git,Creature List/0/Equip_ItemList/0/LocalizedName,0,-1,Slaver's Studded Leather,
area_city_gha003,git,Creature List/0/Equip_ItemList/1/DescIdentified,0,-1,"Perfectly balanced and weighted, Vak'ka was designed to be the ideal weapon for both attack and defense during a duel of blades.  Its light weight and double blades allow its weilder to easily counter most slashing attacks as well as deliver devastating damage against opponents.",
area_city_gha003,git,Creature List/0/Equip_ItemList/1/LocalizedName,0,-1,Vak'ka,
area_city_gha003,git,Creature List/0/FirstName,0,-1,Jhordak,
area_city_gha003,git,Creature List/0/ItemList/0/DescIdentified,0,-1,"This key was found in the possession of Jhordak, leader of the Bloodhawk slaver orgainization in Ghaarak.",
area_city_gha003,git,Creature List/0/ItemList/0/LocalizedName,0,-1,Bloodhawk Key,
area_city_gha003,git,Creature List/1/Equip_ItemList/0/LocalizedName,0,-1,Slaver's Outfit,
area_city_gha003,git,Creature List/1/Equip_ItemList/1/LocalizedName,0,-1,Short Sword,
area_city_gha003,git,Creature List/1/FirstName,0,-1,Bloodhawk,
area_city_gha003,git,Creature List/10/Equip_ItemList/0/LocalizedName,0,-1,Slaver's Outfit,
area_city_gha003,git,Creature List/10/Equip_ItemList/1/LocalizedName,0,-1,Short Sword,
area_city_gha003,git,Creature List/10/FirstName,0,-1,Bloodhawk,
area_city_gha003,git,Creature List/11/Equip_ItemList/0/LocalizedName,0,-1,Slaver's Outfit,
area_city_gha003,git,Creature List/11/Equip_ItemList/1/LocalizedName,0,-1,Short Sword,
area_city_gha003,git,Creature List/11/FirstName,0,-1,Bloodhawk,
area_city_gha003,git,Creature List/12/Equip_ItemList/0/LocalizedName,0,-1,Slaver's Outfit,
area_city_gha003,git,Creature List/12/FirstName,0,-1,Bloodhawk,
area_city_gha003,git,Creature List/12/ItemList/0/LocalizedName,0,-1,Short Sword,
area_city_gha003,git,Creature List/13/Equip_ItemList/0/LocalizedName,0,-1,Slaver's Outfit,
area_city_gha003,git,Creature List/13/Equip_ItemList/1/LocalizedName,0,-1,Short Sword,
area_city_gha003,git,Creature List/13/FirstName,0,-1,Bloodhawk,
area_city_gha003,git,Creature List/14/Equip_ItemList/0/LocalizedName,0,-1,Slaver's Outfit,
area_city_gha003,git,Creature List/14/FirstName,0,-1,Bloodhawk,
area_city_gha003,git,Creature List/14/ItemList/0/LocalizedName,0,-1,Short Sword,
area_city_gha003,git,Creature List/15/Equip_ItemList/0/LocalizedName,0,-1,Slaver's Outfit,
area_city_gha003,git,Creature List/15/FirstName,0,-1,Bloodhawk,
area_city_gha003,git,Creature List/15/ItemList/0/LocalizedName,0,-1,Short Sword,
area_city_gha003,git,Creature List/16/Equip_ItemList/0/LocalizedName,0,-1,Slaver's Outfit,
area_city_gha003,git,Creature List/16/Equip_ItemList/1/LocalizedName,0,-1,Short Sword,
area_city_gha003,git,Creature List/16/FirstName,0,-1,Bloodhawk,
area_city_gha003,git,Creature List/17/Equip_ItemList/0/LocalizedName,0,-1,Slaver's Outfit,
area_city_gha003,git,Creature List/17/Equip_ItemList/1/LocalizedName,0,-1,Short Sword,
area_city_gha003,git,Creature List/17/FirstName,0,-1,Bloodhawk,
area_city_gha003,git,Creature List/18/Equip_ItemList/0/LocalizedName,0,-1,Slaver's Outfit,
area_city_gha003,git,Creature List/18/FirstName,0,-1,Bloodhawk,
area_city_gha003,git,Creature List/18/ItemList/0/LocalizedName,0,-1,Short Sword,
area_city_gha003,git,Creature List/19/Equip_ItemList/0/LocalizedName,0,-1,Slaver's Outfit,
area_city_gha003,git,Creature List/19/Equip_ItemList/1/LocalizedName,0,-1,Short Sword,
area_city_gha003,git,Creature List/19/FirstName,0,-1,Bloodhawk,
area_city_gha003,git,Creature List/2/Equip_ItemList/0/LocalizedName,0,-1,Slaver's Outfit,
area_city_gha003,git,Creature List/2/Equip_ItemList/1/LocalizedName,0,-1,Short Sword,
area_city_gha003,git,Creature List/2/FirstName,0,-1,Bloodhawk,
area_city_gha003,git,Creature List/3/Equip_ItemList/0/LocalizedName,0,-1,Slaver's Outfit,
area_city_gha003,git,Creature List/3/Equip_ItemList/1/LocalizedName,0,-1,Short Sword,
area_city_gha003,git,Creature List/3/FirstName,0,-1,Bloodhawk,
area_city_gha003,git,Creature List/4/Equip_ItemList/0/LocalizedName,0,-1,Slaver's Outfit,
area_city_gha003,git,Creature List/4/Equip_ItemList/1/LocalizedName,0,-1,Short Sword,
area_city_gha003,git,Creature List/4/FirstName,0,-1,Bloodhawk,
area_city_gha003,git,Creature List/5/Equip_ItemList/0/LocalizedName,0,-1,Slaver's Outfit,
area_city_gha003,git,Creature List/5/Equip_ItemList/1/LocalizedName,0,-1,Short Sword,
area_city_gha003,git,Creature List/5/FirstName,0,-1,Bloodhawk,
area_city_gha003,git,Creature List/6/Equip_ItemList/0/LocalizedName,0,-1,Slaver's Outfit,
area_city_gha003,git,Creature List/6/FirstName,0,-1,Bloodhawk,
area_city_gha003,git,Creature List/6/ItemList/0/LocalizedName,0,-1,Short Sword,
area_city_gha003,git,Creature List/7/Equip_ItemList/0/LocalizedName,0,-1,Slaver's Outfit,
area_city_gha003,git,Creature List/7/FirstName,0,-1,Bloodhawk,
area_city_gha003,git,Creature List/7/ItemList/0/LocalizedName,0,-1,Short Sword,
area_city_gha003,git,Creature List/8/Equip_ItemList/0/LocalizedName,0,-1,Slaver's Outfit,
area_city_gha003,git,Creature List/8/Equip_ItemList/1/LocalizedName,0,-1,Short Sword,
area_city_gha003,git,Creature List/8/FirstName,0,-1,Bloodhawk,
area_city_gha003,git,Creature List/9/Equip_ItemList/0/LocalizedName,0,-1,Slaver's Outfit,
area_city_gha003,git,Creature List/9/Equip_ItemList/1/LocalizedName,0,-1,Short Sword,
area_city_gha003,git,Creature List/9/FirstName,0,-1,Bloodhawk,
area_city_gha003,git,Door List/3/Description,0,9071,Rust pocks the once-smooth surface of this metal-plated door.,금속으로 도금된 문의 매끄러웠었던 표면은 녹슬어 구멍나고 있습니다.
area_city_gha003,git,Door List/3/LocName,0,5349,Door,문
area_city_gha003,git,Door List/6/LocName,0,5349,Door,문
area_city_gha003,git,Placeable List/12/ItemList/0/DescIdentified,0,-1,"Grahmin, a strange herd beast found in the rural areas of the Northern Reaches, carry all manner of edible parts on their body.  

Their tongues are widely known for making a delicious meal. 

This item can be used as a ration. You will need to have some form of ration in your inventory to gain any benefit from resting.",
area_city_gha003,git,Placeable List/12/ItemList/0/LocalizedName,0,-1,Grahmin Tongue,
area_city_gha003,git,Placeable List/12/ItemList/1/DescIdentified,0,-1,"Grahmin, a strange herd beast found in the rural areas of the Northern Reaches, carry all manner of edible parts on their body.  

Their tongues are widely known for making a delicious meal. 

This item can be used as a ration. You will need to have some form of ration in your inventory to gain any benefit from resting.",
area_city_gha003,git,Placeable List/12/ItemList/1/LocalizedName,0,-1,Grahmin Tongue,
area_city_gha003,git,Placeable List/12/ItemList/2/DescIdentified,0,-1,"Grahmin, a strange herd beast found in the rural areas of the Northern Reaches, carry all manner of edible parts on their body.  

Their tongues are widely known for making a delicious meal. 

This item can be used as a ration. You will need to have some form of ration in your inventory to gain any benefit from resting.",
area_city_gha003,git,Placeable List/12/ItemList/2/LocalizedName,0,-1,Grahmin Tongue,
area_city_gha003,git,Placeable List/12/ItemList/3/DescIdentified,0,-1,"Grahmin, a strange herd beast found in the rural areas of the Northern Reaches, carry all manner of edible parts on their body.  

Their tongues are widely known for making a delicious meal. 

This item can be used as a ration. You will need to have some form of ration in your inventory to gain any benefit from resting.",
area_city_gha003,git,Placeable List/12/ItemList/3/LocalizedName,0,-1,Grahmin Tongue,
area_city_gha003,git,Placeable List/12/LocName,0,5700,Stew Pot,
area_city_gha003,git,Placeable List/2/Description,0,14595,Mildew and rot stains this hide-covered strongbox.,
area_city_gha003,git,Placeable List/2/ItemList/0/DescIdentified,0,-1,This is the key to the Bloodhawk slave pens.,
area_city_gha003,git,Placeable List/2/ItemList/0/LocalizedName,0,-1,Slave Pen Key,
area_city_gha003,git,Placeable List/2/ItemList/1/LocalizedName,0,-1,Gold Piece,
area_city_gha003,git,Placeable List/25/ItemList/0/LocalizedName,0,-1,Gold Piece,
area_city_gha003,git,Placeable List/3/Description,0,14740,"The high-backed throne looms out of the shadows, drawing your attention. Something in the design of it fills your heart with dread.",등이 높은 옥좌가 그림자 밖으로 모습을 드러내며 당신의 관심을 끕니다. 설계 상의 무엇인가가 당신의 심장을 두려움으로 채우고 있습니다.
area_city_gha003,git,Placeable List/3/LocName,0,14741,Throne,옥좌
area_city_gha003,git,Placeable List/4/Description,0,14705,The chain disappears into some unseen recess above you where it presumably activates some hidden mechanism.,사슬은 아마도 어떤 숨겨진 기계장치를 작동시키며 당신 위의 보이지 않는 틈으로 사라집니다.
area_city_gha003,git,Placeable List/4/LocName,0,14706,Rope,
area_city_gha003,git,WaypointList/0/LocalizedName,0,14814,Map Note,지도 설명
area_city_gha003,git,WaypointList/0/MapNote,0,14815,Jhordak,
area_city_gha003,git,WaypointList/1/LocalizedName,0,14814,Map Note,지도 설명
area_city_gha003,git,WaypointList/1/MapNote,0,14815,Rope to Upper Sewer Level,
area_city_gha003,git,WaypointList/2/LocalizedName,0,14817,Waypoint,웨이포인트
area_city_ghaa_d,git,Creature List/0/Equip_ItemList/0/LocalizedName,0,-1,Imperial Helmet,
area_city_ghaa_d,git,Creature List/0/Equip_ItemList/1/LocalizedName,0,-1,Imperial Banded Mail,
area_city_ghaa_d,git,Creature List/0/Equip_ItemList/2/LocalizedName,0,-1,Halberd,
area_city_ghaa_d,git,Creature List/0/FirstName,0,-1,Imperial Guard,
area_city_ghaa_d,git,Creature List/1/Equip_ItemList/0/LocalizedName,0,-1,Imperial Helmet,
area_city_ghaa_d,git,Creature List/1/Equip_ItemList/1/LocalizedName,0,-1,Imperial Banded Mail,
area_city_ghaa_d,git,Creature List/1/Equip_ItemList/2/LocalizedName,0,-1,Halberd,
area_city_ghaa_d,git,Creature List/1/FirstName,0,-1,Imperial Guard,
area_city_ghaa_d,git,Creature List/10/Equip_ItemList/0/LocalizedName,0,-1,Imperial Helmet,
area_city_ghaa_d,git,Creature List/10/Equip_ItemList/1/LocalizedName,0,-1,Imperial Banded Mail,
area_city_ghaa_d,git,Creature List/10/Equip_ItemList/2/LocalizedName,0,-1,Halberd,
area_city_ghaa_d,git,Creature List/10/FirstName,0,-1,Imperial Guard,
area_city_ghaa_d,git,Creature List/2/Equip_ItemList/0/LocalizedName,0,-1,Imperial Helmet,
area_city_ghaa_d,git,Creature List/2/Equip_ItemList/1/LocalizedName,0,-1,Imperial Banded Mail,
area_city_ghaa_d,git,Creature List/2/Equip_ItemList/2/LocalizedName,0,-1,Halberd,
area_city_ghaa_d,git,Creature List/2/FirstName,0,-1,Imperial Guard,
area_city_ghaa_d,git,Creature List/3/Equip_ItemList/0/LocalizedName,0,-1,Imperial Helmet,
area_city_ghaa_d,git,Creature List/3/Equip_ItemList/1/LocalizedName,0,-1,Imperial Banded Mail,
area_city_ghaa_d,git,Creature List/3/Equip_ItemList/2/LocalizedName,0,-1,Halberd,
area_city_ghaa_d,git,Creature List/3/FirstName,0,-1,Imperial Guard,
area_city_ghaa_d,git,Creature List/4/Equip_ItemList/0/LocalizedName,0,-1,Imperial Helmet,
area_city_ghaa_d,git,Creature List/4/Equip_ItemList/1/LocalizedName,0,-1,Imperial Banded Mail,
area_city_ghaa_d,git,Creature List/4/Equip_ItemList/2/LocalizedName,0,-1,Halberd,
area_city_ghaa_d,git,Creature List/4/FirstName,0,-1,Imperial Guard,
area_city_ghaa_d,git,Creature List/5/Equip_ItemList/0/LocalizedName,0,-1,Imperial Helmet,
area_city_ghaa_d,git,Creature List/5/Equip_ItemList/1/LocalizedName,0,-1,Imperial Banded Mail,
area_city_ghaa_d,git,Creature List/5/Equip_ItemList/2/LocalizedName,0,-1,Halberd,
area_city_ghaa_d,git,Creature List/5/FirstName,0,-1,Imperial Guard,
area_city_ghaa_d,git,Creature List/6/Equip_ItemList/0/LocalizedName,0,-1,Imperial Helmet,
area_city_ghaa_d,git,Creature List/6/Equip_ItemList/1/LocalizedName,0,-1,Imperial Banded Mail,
area_city_ghaa_d,git,Creature List/6/Equip_ItemList/2/LocalizedName,0,-1,Halberd,
area_city_ghaa_d,git,Creature List/6/FirstName,0,-1,Imperial Guard,
area_city_ghaa_d,git,Creature List/7/Equip_ItemList/0/LocalizedName,0,-1,Imperial Helmet,
area_city_ghaa_d,git,Creature List/7/Equip_ItemList/1/LocalizedName,0,-1,Imperial Banded Mail,
area_city_ghaa_d,git,Creature List/7/Equip_ItemList/2/LocalizedName,0,-1,Halberd,
area_city_ghaa_d,git,Creature List/7/FirstName,0,-1,Imperial Guard,
area_city_ghaa_d,git,Creature List/8/Equip_ItemList/0/LocalizedName,0,-1,Imperial Helmet,
area_city_ghaa_d,git,Creature List/8/Equip_ItemList/1/LocalizedName,0,-1,Imperial Banded Mail,
area_city_ghaa_d,git,Creature List/8/Equip_ItemList/2/LocalizedName,0,-1,Halberd,
area_city_ghaa_d,git,Creature List/8/FirstName,0,-1,Imperial Guard,
area_city_ghaa_d,git,Creature List/9/Equip_ItemList/0/LocalizedName,0,-1,Imperial Helmet,
area_city_ghaa_d,git,Creature List/9/Equip_ItemList/1/LocalizedName,0,-1,Imperial Banded Mail,
area_city_ghaa_d,git,Creature List/9/Equip_ItemList/2/LocalizedName,0,-1,Halberd,
area_city_ghaa_d,git,Creature List/9/FirstName,0,-1,Imperial Guard,
area_city_ghaa_d,git,Door List/0/LocName,0,5349,Door,문
area_city_ghaa_d,git,Door List/1/LocName,0,5349,Door,문
area_city_ghaa_d,git,Door List/2/LocName,0,5349,Door,문
area_city_ghaa_d,git,Placeable List/0/Description,0,67631,A trap door set in the floor.,복도에 설치된 함정 문
area_city_ghaa_d,git,Placeable List/0/LocName,0,52996,Trap Door,다락방 문
area_city_ghaa_d,git,TriggerList/0/LocalizedName,0,14759,New Generic,새 일반
area_city_ghaa_d,git,TriggerList/1/LocalizedName,0,14759,New Generic,새 일반
area_city_ghaa_d,git,TriggerList/2/LocalizedName,0,14759,New Generic,새 일반
area_city_ghaa_d,git,TriggerList/3/LocalizedName,0,14759,New Generic,새 일반
area_city_ghaa_d,git,TriggerList/4/LocalizedName,0,14759,Trigger Create NPC Once,
area_city_ghaa_d,git,TriggerList/5/LocalizedName,0,14759,Harkon Create Trigger,
area_city_ghaa_d,git,TriggerList/6/LocalizedName,0,-1,Cutscene Trigger,
area_city_ghaa_d,git,WaypointList/0/LocalizedName,0,14814,Map Note,지도 설명
area_city_ghaa_d,git,WaypointList/0/MapNote,0,14815,The Voyager,
area_city_ghaa_d,git,WaypointList/1/LocalizedName,0,14814,Map Note,지도 설명
area_city_ghaa_d,git,WaypointList/1/MapNote,0,14815,To the Market District,
area_city_ghaa_d,git,WaypointList/10/LocalizedName,0,14817,Waypoint,웨이포인트
area_city_ghaa_d,git,WaypointList/11/LocalizedName,0,14814,Map Note,지도 설명
area_city_ghaa_d,git,WaypointList/11/MapNote,0,14815,Mikel Ravenclaw's Boat,
area_city_ghaa_d,git,WaypointList/12/LocalizedName,0,14817,Waypoint,웨이포인트
area_city_ghaa_d,git,WaypointList/13/LocalizedName,0,14817,Waypoint,웨이포인트
area_city_ghaa_d,git,WaypointList/14/LocalizedName,0,14817,Waypoint,웨이포인트
area_city_ghaa_d,git,WaypointList/15/LocalizedName,0,14817,Waypoint,웨이포인트
area_city_ghaa_d,git,WaypointList/16/LocalizedName,0,14817,Waypoint,웨이포인트
area_city_ghaa_d,git,WaypointList/17/LocalizedName,0,14817,Waypoint,웨이포인트
area_city_ghaa_d,git,WaypointList/18/LocalizedName,0,14817,Waypoint,웨이포인트
area_city_ghaa_d,git,WaypointList/19/LocalizedName,0,14817,Waypoint,웨이포인트
area_city_ghaa_d,git,WaypointList/20/LocalizedName,0,14817,Waypoint,웨이포인트
area_city_ghaa_d,git,WaypointList/21/LocalizedName,0,14817,Waypoint,웨이포인트
area_city_ghaa_d,git,WaypointList/22/LocalizedName,0,14817,Waypoint,웨이포인트
area_city_ghaa_d,git,WaypointList/23/LocalizedName,0,14817,Waypoint,웨이포인트
area_city_ghaa_d,git,WaypointList/24/LocalizedName,0,14817,Waypoint,웨이포인트
area_city_ghaa_d,git,WaypointList/25/LocalizedName,0,14817,Waypoint,웨이포인트
area_city_ghaa_d,git,WaypointList/26/LocalizedName,0,14817,Waypoint,웨이포인트
area_city_ghaa_d,git,WaypointList/27/LocalizedName,0,14817,Waypoint,웨이포인트
area_city_ghaa_d,git,WaypointList/28/LocalizedName,0,14817,Waypoint,웨이포인트
area_city_ghaa_d,git,WaypointList/29/LocalizedName,0,14817,Waypoint,웨이포인트
area_city_ghaa_d,git,WaypointList/3/LocalizedName,0,14817,Waypoint,웨이포인트
area_city_ghaa_d,git,WaypointList/30/LocalizedName,0,14817,Waypoint,웨이포인트
area_city_ghaa_d,git,WaypointList/31/LocalizedName,0,14817,Waypoint,웨이포인트
area_city_ghaa_d,git,WaypointList/32/LocalizedName,0,14817,Waypoint,웨이포인트
area_city_ghaa_d,git,WaypointList/33/LocalizedName,0,14817,Waypoint,웨이포인트
area_city_ghaa_d,git,WaypointList/4/LocalizedName,0,-1,Harkon Spawn Point,
area_city_ghaa_d,git,WaypointList/5/LocalizedName,0,14817,Waypoint,웨이포인트
area_city_ghaa_d,git,WaypointList/6/LocalizedName,0,14817,Waypoint,웨이포인트
area_city_ghaa_d,git,WaypointList/7/LocalizedName,0,14817,Waypoint,웨이포인트
area_city_ghaa_d,git,WaypointList/8/LocalizedName,0,14817,Waypoint,웨이포인트
area_city_ghaa_d,git,WaypointList/9/LocalizedName,0,14817,Waypoint,웨이포인트
area_city_ghaa_r,git,Creature List/0/Equip_ItemList/0/DescIdentified,0,-1,"This armor appears to have been enchanted with some minor sorceries, granting protection to its wearer. ",
area_city_ghaa_r,git,Creature List/0/Equip_ItemList/0/LocalizedName,0,-1,Enchanted Padded Armor,
area_city_ghaa_r,git,Creature List/0/Equip_ItemList/1/LocalizedName,0,-1,Short Sword,
area_city_ghaa_r,git,Creature List/0/Equip_ItemList/2/LocalizedName,0,-1,Dagger,
area_city_ghaa_r,git,Creature List/0/FirstName,0,-1,Mikel,
area_city_ghaa_r,git,Creature List/0/ItemList/0/DescIdentified,0,-1,"[This letter, found in Mikel Ravenclaw's possession, reads:

""Mikel, I know that you and I have not had much to do with one another in the past, but I would like to remedy that situation.  You see, I am in the position of needing some... less desirable... aid, and I do believe you can assist me in the matter.  I wish to bring an end to the troublesome Magistrate Okaris and his bratty child, for they alone stand in my path of ruling Ghaarak.  If you can arrange for the Magistrate's child to be assassinated, I am willing to pay you a hefty amount of gold, more than you could ever dream of.  In addition, once I come to rule the city, you and I can speak further regarding more profitable opportunities.

In the meantime, I intend to take care of Magistrate Okaris.  I have an especially gruesome fate in store for him... a fitting end to his reign of self righteousness.  

I do not believe I have to tell you the importance of keeping this matter secret.  When the deed is done, I will contact you further.""

The letter is unsigned, but you notice the handwriting to be that of Chancellor Varhun, your father's aide in city affairs...]",
area_city_ghaa_r,git,Creature List/0/ItemList/0/LocalizedName,0,-1,Letter to Mikel Ravenclaw,
area_city_ghaa_r,git,Creature List/0/ItemList/1/DescIdentified,0,-1,[This key was found in the possession of Mikel Ravenclaw.],
area_city_ghaa_r,git,Creature List/0/ItemList/1/LocalizedName,0,-1,Mikel Ravenclaw's Key,
area_city_ghaa_r,git,Creature List/0/LastName,0,-1,Ravenclaw,
area_city_ghaa_r,git,Creature List/1/Equip_ItemList/0/LocalizedName,0,-1,Hide Armor,
area_city_ghaa_r,git,Creature List/1/Equip_ItemList/1/LocalizedName,0,-1,Battleaxe,
area_city_ghaa_r,git,Creature List/1/FirstName,0,-1,Ravenclaw Guard,
area_city_ghaa_r,git,Creature List/2/Equip_ItemList/0/LocalizedName,0,-1,Hide Armor,
area_city_ghaa_r,git,Creature List/2/Equip_ItemList/1/LocalizedName,0,-1,Battleaxe,
area_city_ghaa_r,git,Creature List/2/FirstName,0,-1,Ravenclaw Guard,
area_city_ghaa_r,git,Creature List/3/Equip_ItemList/0/LocalizedName,0,-1,Hide Armor,
area_city_ghaa_r,git,Creature List/3/Equip_ItemList/1/LocalizedName,0,-1,Battleaxe,
area_city_ghaa_r,git,Creature List/3/FirstName,0,-1,Ravenclaw Guard,
area_city_ghaa_r,git,Creature List/4/Equip_ItemList/0/LocalizedName,0,-1,Hide Armor,
area_city_ghaa_r,git,Creature List/4/Equip_ItemList/1/LocalizedName,0,-1,Battleaxe,
area_city_ghaa_r,git,Creature List/4/FirstName,0,-1,Ravenclaw Guard,
area_city_ghaa_r,git,Door List/0/LocName,0,5349,Strong Door,
area_city_ghaa_r,git,Door List/2/LocName,0,5349,Door,문
area_city_ghaa_r,git,Placeable List/0/Description,0,14594,"Bound in iron and with a heavy lock, this heavy chest was obviously meant to protect something of value.",철로 감싸졌고 자물쇠가 채워진 이 무거운 궤짝은 분명히 가치 있는 무언가를 보호하기 위한 것입니다.
area_city_ghaa_r,git,Placeable List/0/ItemList/0/LocalizedName,0,-1,Gold Piece,
area_city_ghaa_r,git,Placeable List/0/LocName,0,5348,Chest,궤짝
area_city_ghaa_r,git,Placeable List/1/Description,0,14575,"A dizzying array of written works, each catalogued according to some fashion you cannot fathom. A number of them appear to be written in foreign tongues altogether.",아찔하게 많은 저작물 각각이 당신이 헤아릴 수없는 방식으로 분류되어 있습니다. 이 중 다수는 전체를 외국어로 작성한 것으로 보입니다.
area_city_ghaa_r,git,Placeable List/1/LocName,0,14576,Bookshelf,책장
area_city_ghaa_r,git,Placeable List/2/Description,0,14575,"A dizzying array of written works, each catalogued according to some fashion you cannot fathom. A number of them appear to be written in foreign tongues altogether.",아찔하게 많은 저작물 각각이 당신이 헤아릴 수없는 방식으로 분류되어 있습니다. 이 중 다수는 전체를 외국어로 작성한 것으로 보입니다.
area_city_ghaa_r,git,Placeable List/2/LocName,0,14576,Bookshelf,책장
area_city_ghaa_r,git,Placeable List/3/Description,0,14594,"Bound in iron and with a heavy lock, this heavy chest was obviously meant to protect something of value.",철로 감싸졌고 자물쇠가 채워진 이 무거운 궤짝은 분명히 가치 있는 무언가를 보호하기 위한 것입니다.
area_city_ghaa_r,git,Placeable List/3/ItemList/0/DescIdentified,0,-1,"Worn by many roguish thieves in the Northern Reaches, these rings grant their shady masters great ability in the arts of breaking and entering.",
area_city_ghaa_r,git,Placeable List/3/ItemList/0/LocalizedName,0,-1,Rogue's Ring,
area_city_ghaa_r,git,Placeable List/3/ItemList/1/LocalizedName,0,-1,Gold Piece,
area_city_ghaa_r,git,Placeable List/3/ItemList/2/DescIdentified,0,-1,"Juju nuts, taken from the Jujira plant, are often sought after by wilderness travellers.  Though not particularly filling, these nuts can make a good substitute for one's diet while away from civilized areas, being easy to carry while maintaining their freshness indefinitely.


This item can be used as a ration. You will need to have some form of ration in your inventory to gain any benefit from resting.",
area_city_ghaa_r,git,Placeable List/3/ItemList/2/LocalizedName,0,-1,Juju Nuts,
area_city_ghaa_r,git,Placeable List/3/ItemList/3/DescIdentified,0,-1,"Juju nuts, taken from the Jujira plant, are often sought after by wilderness travellers.  Though not particularly filling, these nuts can make a good substitute for one's diet while away from civilized areas, being easy to carry while maintaining their freshness indefinitely.


This item can be used as a ration. You will need to have some form of ration in your inventory to gain any benefit from resting.",
area_city_ghaa_r,git,Placeable List/3/ItemList/3/LocalizedName,0,-1,Juju Nuts,
area_city_ghaa_r,git,Placeable List/3/ItemList/4/DescIdentified,0,-1,"Grahmin, a strange herd beast found in the rural areas of the Northern Reaches, carry all manner of edible parts on their body.  

Their tongues are widely known for making a delicious meal. 

This item can be used as a ration. You will need to have some form of ration in your inventory to gain any benefit from resting.",
area_city_ghaa_r,git,Placeable List/3/ItemList/4/LocalizedName,0,-1,Grahmin Tongue,
area_city_ghaa_r,git,Placeable List/3/LocName,0,5348,Chest,궤짝
area_city_ghaa_r,git,TriggerList/0/LocalizedName,0,14759,New Generic,새 일반
area_city_ghaa_r,git,WaypointList/0/LocalizedName,0,14814,Map Note,지도 설명
area_city_ghaa_r,git,WaypointList/0/MapNote,0,14815,Up to the Tavern,
area_city_ghaa_r,git,WaypointList/1/LocalizedName,0,14814,Map Note,지도 설명
area_city_ghaa_r,git,WaypointList/1/MapNote,0,14815,<Place text here>,<PLace text here>
area_city_ghaa_r,git,WaypointList/2/LocalizedName,0,14814,Map Note,지도 설명
area_city_ghaa_r,git,WaypointList/2/MapNote,0,14815,<Place text here>,<PLace text here>
area_city_ghaa_r,git,WaypointList/3/LocalizedName,0,14817,Waypoint,웨이포인트
area_city_ghaa_r,git,WaypointList/4/LocalizedName,0,14817,Waypoint,웨이포인트
area_city_ghaa_r,git,WaypointList/5/LocalizedName,0,14814,Map Note,지도 설명
area_city_ghaa_r,git,WaypointList/5/MapNote,0,14815,<Place text here>,<PLace text here>
area_city_ghaa_r,git,WaypointList/6/LocalizedName,0,14814,Map Note,지도 설명
area_city_ghaa_r,git,WaypointList/6/MapNote,0,14815,<Place text here>,<PLace text here>
area_city_ghaa_r,git,WaypointList/7/LocalizedName,0,14814,Map Note,지도 설명
area_city_ghaa_r,git,WaypointList/7/MapNote,0,14815,<Place text here>,<PLace text here>
area_city_ghaa_r,git,WaypointList/8/LocalizedName,0,14814,Map Note,지도 설명
area_city_ghaa_r,git,WaypointList/8/MapNote,0,14815,<Place text here>,<PLace text here>
area_city_ghaa_r,git,WaypointList/9/LocalizedName,0,14817,Waypoint,웨이포인트
area_city_ghaa_s,git,Creature List/0/Equip_ItemList/0/LocalizedName,0,-1,Commoner's Outfit,
area_city_ghaa_s,git,Creature List/0/Equip_ItemList/1/LocalizedName,0,-1,Light Hammer,
area_city_ghaa_s,git,Creature List/0/FirstName,0,-1,Sewer Flood Crew Member,
area_city_ghaa_s,git,Creature List/1/Equip_ItemList/0/LocalizedName,0,-1,Commoner's Outfit,
area_city_ghaa_s,git,Creature List/1/Equip_ItemList/1/LocalizedName,0,-1,Light Hammer,
area_city_ghaa_s,git,Creature List/1/FirstName,0,-1,Sewer Flood Crew Member,
area_city_ghaa_s,git,Creature List/2/Equip_ItemList/0/LocalizedName,0,-1,Commoner's Outfit,
area_city_ghaa_s,git,Creature List/2/Equip_ItemList/1/LocalizedName,0,-1,Light Hammer,
area_city_ghaa_s,git,Creature List/2/FirstName,0,-1,Sewer Flood Crew Member,
area_city_ghaa_s,git,Creature List/3/Equip_ItemList/0/LocalizedName,0,-1,Commoner's Outfit,
area_city_ghaa_s,git,Creature List/3/Equip_ItemList/1/LocalizedName,0,-1,Light Hammer,
area_city_ghaa_s,git,Creature List/3/FirstName,0,-1,Sewer Flood Crew Member,
area_city_ghaa_s,git,Creature List/4/Equip_ItemList/0/LocalizedName,0,-1,Commoner's Tunic,
area_city_ghaa_s,git,Creature List/4/Equip_ItemList/1/LocalizedName,0,-1,Light Hammer,
area_city_ghaa_s,git,Creature List/4/FirstName,0,-1,Egbar,
area_city_ghaa_s,git,Door List/1/LocName,0,5349,Door,문
area_city_ghaa_s,git,Placeable List/3/Description,0,67631,A trap door set in the floor.,복도에 설치된 함정 문
area_city_ghaa_s,git,Placeable List/3/LocName,0,52996,Trap Door,다락방 문
area_city_ghaa_s,git,Placeable List/4/LocName,0,5800,Hammer Target,
area_city_ghaa_s,git,Placeable List/5/LocName,0,5800,Hammer Target,
area_city_ghaa_s,git,Placeable List/6/LocName,0,5800,Hammer Target,
area_city_ghaa_s,git,Placeable List/7/LocName,0,5800,Hammer Target,
area_city_ghaa_s,git,TriggerList/0/LocalizedName,0,14759,New Generic,새 일반
area_city_ghaa_s,git,TriggerList/1/LocalizedName,0,14759,New Generic,새 일반
area_city_ghaa_s,git,WaypointList/0/LocalizedName,0,14814,Map Note,지도 설명
area_city_ghaa_s,git,WaypointList/0/MapNote,0,14815,To the Market District,
area_city_ghaa_s,git,WaypointList/1/LocalizedName,0,14817,Waypoint,웨이포인트
area_city_ghaa_s,git,WaypointList/1/MapNote,0,-1,Bloodhawk Lair Trap Door,
area_city_ghaa_s,git,WaypointList/2/LocalizedName,0,14814,Map Note,지도 설명
area_city_ghaa_s,git,WaypointList/2/MapNote,0,14815,Flooded Area,
area_city_ghaa_s,git,WaypointList/3/LocalizedName,0,14817,Waypoint,웨이포인트
area_cuts_2,git,Door List/2/LocName,0,5349,Door,문
area_cuts_2,git,WaypointList/0/LocalizedName,0,14817,Waypoint,웨이포인트
area_cuts_2,git,WaypointList/1/LocalizedName,0,14817,Waypoint,웨이포인트
area_cuts_2,git,WaypointList/10/LocalizedName,0,14817,Waypoint,웨이포인트
area_cuts_2,git,WaypointList/11/LocalizedName,0,14817,Waypoint,웨이포인트
area_cuts_2,git,WaypointList/12/LocalizedName,0,14817,Cutscene Spawnpoint,
area_cuts_2,git,WaypointList/13/LocalizedName,0,14817,Cutscene Spawnpoint,
area_cuts_2,git,WaypointList/14/LocalizedName,0,14817,Cutscene Spawnpoint,
area_cuts_2,git,WaypointList/15/LocalizedName,0,14817,Cutscene Spawnpoint,
area_cuts_2,git,WaypointList/16/LocalizedName,0,14817,Cutscene Spawnpoint,
area_cuts_2,git,WaypointList/17/LocalizedName,0,14817,Cutscene Spawnpoint,
area_cuts_2,git,WaypointList/18/LocalizedName,0,14817,Cutscene Spawnpoint,
area_cuts_2,git,WaypointList/19/LocalizedName,0,14817,Cutscene Spawnpoint,
area_cuts_2,git,WaypointList/2/LocalizedName,0,14817,Waypoint,웨이포인트
area_cuts_2,git,WaypointList/20/LocalizedName,0,14817,Cutscene Spawnpoint,
area_cuts_2,git,WaypointList/21/LocalizedName,0,14817,Cutscene Spawnpoint,
area_cuts_2,git,WaypointList/22/LocalizedName,0,14817,Cutscene Spawnpoint,
area_cuts_2,git,WaypointList/23/LocalizedName,0,14817,Cutscene Spawnpoint,
area_cuts_2,git,WaypointList/24/LocalizedName,0,14817,Cutscene Spawnpoint,
area_cuts_2,git,WaypointList/25/LocalizedName,0,14817,Cutscene Spawnpoint,
area_cuts_2,git,WaypointList/26/LocalizedName,0,14817,Cutscene Spawnpoint,
area_cuts_2,git,WaypointList/27/LocalizedName,0,14817,Cutscene Spawnpoint,
area_cuts_2,git,WaypointList/28/LocalizedName,0,14817,Cutscene Spawnpoint,
area_cuts_2,git,WaypointList/29/LocalizedName,0,14817,Cutscene Spawnpoint,
area_cuts_2,git,WaypointList/3/LocalizedName,0,14817,Waypoint,웨이포인트
area_cuts_2,git,WaypointList/30/LocalizedName,0,14817,Cutscene Spawnpoint,
area_cuts_2,git,WaypointList/31/LocalizedName,0,14817,Cutscene Spawnpoint,
area_cuts_2,git,WaypointList/32/LocalizedName,0,14817,Cutscene Spawnpoint,
area_cuts_2,git,WaypointList/33/LocalizedName,0,14817,Cutscene Spawnpoint,
area_cuts_2,git,WaypointList/34/LocalizedName,0,14817,Cutscene Spawnpoint,
area_cuts_2,git,WaypointList/35/LocalizedName,0,14817,Cutscene Spawnpoint,
area_cuts_2,git,WaypointList/36/LocalizedName,0,14817,Cutscene Spawnpoint,
area_cuts_2,git,WaypointList/37/LocalizedName,0,14817,Cutscene Spawnpoint,
area_cuts_2,git,WaypointList/38/LocalizedName,0,14817,Cutscene Spawnpoint,
area_cuts_2,git,WaypointList/39/LocalizedName,0,14817,Cutscene Spawnpoint,
area_cuts_2,git,WaypointList/4/LocalizedName,0,14817,Waypoint,웨이포인트
area_cuts_2,git,WaypointList/40/LocalizedName,0,14817,Cutscene Spawnpoint,
area_cuts_2,git,WaypointList/41/LocalizedName,0,14817,Cutscene Spawnpoint,
area_cuts_2,git,WaypointList/42/LocalizedName,0,14817,Cutscene Spawnpoint,
area_cuts_2,git,WaypointList/43/LocalizedName,0,14817,Cutscene Spawnpoint,
area_cuts_2,git,WaypointList/44/LocalizedName,0,14817,Cutscene Spawnpoint,
area_cuts_2,git,WaypointList/45/LocalizedName,0,14817,Cutscene Spawnpoint,
area_cuts_2,git,WaypointList/46/LocalizedName,0,14817,Cutscene Spawnpoint,
area_cuts_2,git,WaypointList/47/LocalizedName,0,14817,Cutscene Spawnpoint,
area_cuts_2,git,WaypointList/48/LocalizedName,0,14817,Cutscene Spawnpoint,
area_cuts_2,git,WaypointList/49/LocalizedName,0,14817,Cutscene Spawnpoint,
area_cuts_2,git,WaypointList/5/LocalizedName,0,14817,Cutscene Start Point,
area_cuts_2,git,WaypointList/50/LocalizedName,0,14817,Cutscene Spawnpoint,
area_cuts_2,git,WaypointList/51/LocalizedName,0,14817,Cutscene Spawnpoint,
area_cuts_2,git,WaypointList/52/LocalizedName,0,14817,Cutscene Spawnpoint,
area_cuts_2,git,WaypointList/53/LocalizedName,0,14817,Cutscene Spawnpoint,
area_cuts_2,git,WaypointList/54/LocalizedName,0,14817,Cutscene Spawnpoint,
area_cuts_2,git,WaypointList/6/LocalizedName,0,14817,Waypoint,웨이포인트
area_cuts_2,git,WaypointList/7/LocalizedName,0,14817,Waypoint,웨이포인트
area_cuts_2,git,WaypointList/8/LocalizedName,0,14817,Waypoint,웨이포인트
area_cuts_2,git,WaypointList/9/LocalizedName,0,14817,Waypoint,웨이포인트
area_ghaa_dis001,git,Creature List/0/Equip_ItemList/0/LocalizedName,0,-1,Lazarus's Custom Armor,
area_ghaa_dis001,git,Creature List/0/Equip_ItemList/1/LocalizedName,0,-1,Custom Sorceror's Staff,
area_ghaa_dis001,git,Creature List/0/FirstName,0,-1,The Crimson Prophet,
area_ghaa_dis001,git,Creature List/1/Equip_ItemList/0/LocalizedName,0,-1,Crimson Follower's Tunic,
area_ghaa_dis001,git,Creature List/1/Equip_ItemList/1/DescIdentified,0,-1,"This weapon is imbued with a minor magical enchantment.  While certainly uncommon, such enchantments are fairly easy to create for a magic user of moderate ability.",
area_ghaa_dis001,git,Creature List/1/Equip_ItemList/1/LocalizedName,0,-1,Enchanted Greataxe,
area_ghaa_dis001,git,Creature List/1/FirstName,0,-1,Crimson Follower,
area_ghaa_dis001,git,Creature List/2/Equip_ItemList/0/LocalizedName,0,-1,Crimson Follower's Tunic,
area_ghaa_dis001,git,Creature List/2/Equip_ItemList/1/DescIdentified,0,-1,"Masterwork weapons are crafted to be perfectly balanced and weighted, allowing for a far greater control and accuracy in battle.",
area_ghaa_dis001,git,Creature List/2/Equip_ItemList/1/LocalizedName,0,-1,Masterwork Handaxe,
area_ghaa_dis001,git,Creature List/2/Equip_ItemList/2/DescIdentified,0,-1,"This weapon is imbued with a minor magical enchantment.  While certainly uncommon, such enchantments are fairly easy to create for a magic user of moderate ability.",
area_ghaa_dis001,git,Creature List/2/Equip_ItemList/2/LocalizedName,0,-1,Enchanted Handaxe,
area_ghaa_dis001,git,Creature List/2/FirstName,0,-1,Crimson Follower,
area_ghaa_dis001,git,Creature List/3/Equip_ItemList/0/LocalizedName,0,-1,Crimson Follower's Tunic,
area_ghaa_dis001,git,Creature List/3/Equip_ItemList/1/DescIdentified,0,-1,"Masterwork weapons are crafted to be perfectly balanced and weighted, allowing for a far greater control and accuracy in battle.",
area_ghaa_dis001,git,Creature List/3/Equip_ItemList/1/LocalizedName,0,-1,Masterwork Morningstar,
area_ghaa_dis001,git,Creature List/3/Equip_ItemList/2/DescIdentified,0,-1,"This shield appears to have been enchanted with some minor sorceries, granting protection to its wearer. ",
area_ghaa_dis001,git,Creature List/3/Equip_ItemList/2/LocalizedName,0,-1,Enchanted Small Shield,
area_ghaa_dis001,git,Creature List/3/FirstName,0,-1,Crimson Follower,
area_ghaa_dis001,git,Creature List/4/Equip_ItemList/0/LocalizedName,0,-1,Crimson Follower's Tunic,
area_ghaa_dis001,git,Creature List/4/Equip_ItemList/1/DescIdentified,0,-1,"This weapon is imbued with a minor magical enchantment.  While certainly uncommon, such enchantments are fairly easy to create for a magic user of moderate ability.",
area_ghaa_dis001,git,Creature List/4/Equip_ItemList/1/LocalizedName,0,-1,Enchanted Short Sword,
area_ghaa_dis001,git,Creature List/4/Equip_ItemList/2/DescIdentified,0,-1,"This shield appears to have been enchanted with some minor sorceries, granting protection to its wearer. ",
area_ghaa_dis001,git,Creature List/4/Equip_ItemList/2/LocalizedName,0,-1,Enchanted Small Shield,
area_ghaa_dis001,git,Creature List/4/FirstName,0,-1,Crimson Follower,
area_ghaa_dis001,git,Creature List/5/Equip_ItemList/0/LocalizedName,0,-1,Crimson Follower's Tunic,
area_ghaa_dis001,git,Creature List/5/Equip_ItemList/1/DescIdentified,0,-1,"Masterwork weapons are crafted to be perfectly balanced and weighted, allowing for a far greater control and accuracy in battle.",
area_ghaa_dis001,git,Creature List/5/Equip_ItemList/1/LocalizedName,0,-1,Masterwork Handaxe,
area_ghaa_dis001,git,Creature List/5/Equip_ItemList/2/DescIdentified,0,-1,"This shield appears to have been enchanted with some minor sorceries, granting protection to its wearer. ",
area_ghaa_dis001,git,Creature List/5/Equip_ItemList/2/LocalizedName,0,-1,Enchanted Small Shield,
area_ghaa_dis001,git,Creature List/5/FirstName,0,-1,Crimson Follower,
area_ghaa_dis001,git,Creature List/5/ItemList/0/DescIdentified,0,-1,"This weapon is imbued with a minor magical enchantment.  While certainly uncommon, such enchantments are fairly easy to create for a magic user of moderate ability.",
area_ghaa_dis001,git,Creature List/5/ItemList/0/LocalizedName,0,-1,Enchanted Handaxe,
area_ghaa_dis001,git,Door List/0/LocName,0,5349,Door,문
area_ghaa_dis001,git,Placeable List/0/Description,0,14642,The torch paints its environs in warmer hues. You find yourself grateful for its glow. ,횃불이 주변을 따뜻하게 칠하고 있습니다. 당신은 그 불빛에 감사하는 자신을 발견합니다.
area_ghaa_dis001,git,Placeable List/0/LocName,0,14643,Torch Bracket,횃불 걸이
area_ghaa_dis001,git,Placeable List/1/Description,0,14642,The torch paints its environs in warmer hues. You find yourself grateful for its glow. ,횃불이 주변을 따뜻하게 칠하고 있습니다. 당신은 그 불빛에 감사하는 자신을 발견합니다.
area_ghaa_dis001,git,Placeable List/1/LocName,0,14643,Torch Bracket,횃불 걸이
area_ghaa_dis001,git,TriggerList/0/LocalizedName,0,14759,New Generic,새 일반
area_ghaa_dis001,git,WaypointList/0/LocalizedName,0,14814,Map Note,지도 설명
area_ghaa_dis001,git,WaypointList/0/MapNote,0,14815,Ruins of Your Home,
area_ghaa_dis001,git,WaypointList/1/LocalizedName,0,14814,Map Note,지도 설명
area_ghaa_dis001,git,WaypointList/1/MapNote,0,14815,To the Imperial District,
area_ghaa_dis001,git,WaypointList/2/LocalizedName,0,14817,WP_EXIT,
area_ghaa_dis001,git,WaypointList/3/LocalizedName,0,14817,Waypoint,웨이포인트
area_ghaa_dis001,git,WaypointList/4/LocalizedName,0,14817,Waypoint,웨이포인트
area_ghaa_dist_e,git,Creature List/0/Equip_ItemList/0/LocalizedName,0,-1,Imperial Helmet,
area_ghaa_dist_e,git,Creature List/0/Equip_ItemList/1/LocalizedName,0,-1,Imperial Banded Mail,
area_ghaa_dist_e,git,Creature List/0/Equip_ItemList/2/LocalizedName,0,-1,Halberd,
area_ghaa_dist_e,git,Creature List/0/FirstName,0,-1,Ghaarak Imperial Guard,
area_ghaa_dist_e,git,Creature List/1/Equip_ItemList/0/LocalizedName,0,-1,Imperial Helmet,
area_ghaa_dist_e,git,Creature List/1/Equip_ItemList/1/LocalizedName,0,-1,Imperial Banded Mail,
area_ghaa_dist_e,git,Creature List/1/Equip_ItemList/2/LocalizedName,0,-1,Halberd,
area_ghaa_dist_e,git,Creature List/1/FirstName,0,-1,Ghaarak Imperial Guard,
area_ghaa_dist_e,git,Door List/0/LocName,0,5349,Door,문
area_ghaa_dist_e,git,Door List/1/LocName,0,5349,Door,문
area_ghaa_dist_e,git,Placeable List/0/Description,0,14642,The torch paints its environs in warmer hues. You find yourself grateful for its glow. ,횃불이 주변을 따뜻하게 칠하고 있습니다. 당신은 그 불빛에 감사하는 자신을 발견합니다.
area_ghaa_dist_e,git,Placeable List/0/LocName,0,14643,Torch Bracket,횃불 걸이
area_ghaa_dist_e,git,Placeable List/1/Description,0,14642,The torch paints its environs in warmer hues. You find yourself grateful for its glow. ,횃불이 주변을 따뜻하게 칠하고 있습니다. 당신은 그 불빛에 감사하는 자신을 발견합니다.
area_ghaa_dist_e,git,Placeable List/1/LocName,0,14643,Torch Bracket,횃불 걸이
area_ghaa_dist_e,git,Placeable List/2/Description,0,14642,The torch paints its environs in warmer hues. You find yourself grateful for its glow. ,횃불이 주변을 따뜻하게 칠하고 있습니다. 당신은 그 불빛에 감사하는 자신을 발견합니다.
area_ghaa_dist_e,git,Placeable List/2/LocName,0,14643,Torch Bracket,횃불 걸이
area_ghaa_dist_e,git,Placeable List/3/Description,0,14642,The torch paints its environs in warmer hues. You find yourself grateful for its glow. ,횃불이 주변을 따뜻하게 칠하고 있습니다. 당신은 그 불빛에 감사하는 자신을 발견합니다.
area_ghaa_dist_e,git,Placeable List/3/LocName,0,14643,Torch Bracket,횃불 걸이
area_ghaa_dist_e,git,SoundList/0/LocName,0,-1,Window Breaking,
area_ghaa_dist_e,git,SoundList/1/LocName,0,-1,Window Breaking,
area_ghaa_dist_e,git,SoundList/2/LocName,0,-1,Window Breaking,
area_ghaa_dist_e,git,SoundList/3/LocName,0,-1,Window Breaking,
area_ghaa_dist_e,git,SoundList/4/LocName,0,-1,Window Breaking,
area_ghaa_dist_e,git,SoundList/5/LocName,0,-1,Window Breaking,
area_ghaa_dist_e,git,SoundList/6/LocName,0,-1,Window Breaking,
area_ghaa_dist_e,git,SoundList/7/LocName,0,-1,Window Breaking,
area_ghaa_dist_e,git,SoundList/8/LocName,0,-1,Window Breaking,
area_ghaa_dist_e,git,SoundList/9/LocName,0,-1,Window Breaking,
area_ghaa_dist_e,git,TriggerList/0/LocalizedName,0,14759,New Generic,새 일반
area_ghaa_dist_e,git,WaypointList/0/LocalizedName,0,14814,Map Note,지도 설명
area_ghaa_dist_e,git,WaypointList/0/MapNote,0,14815,The Imperial Estate (Your Home),
area_ghaa_dist_e,git,WaypointList/1/LocalizedName,0,14814,Map Note,지도 설명
area_ghaa_dist_e,git,WaypointList/1/MapNote,0,14815,To the Imperial District,
area_ghaa_dist_e,git,WaypointList/10/LocalizedName,0,14817,Waypoint,웨이포인트
area_ghaa_dist_e,git,WaypointList/11/LocalizedName,0,14817,Waypoint,웨이포인트
area_ghaa_dist_e,git,WaypointList/12/LocalizedName,0,14817,Waypoint,웨이포인트
area_ghaa_dist_e,git,WaypointList/13/LocalizedName,0,14817,Waypoint,웨이포인트
area_ghaa_dist_e,git,WaypointList/14/LocalizedName,0,-1,Cutscene Move To,
area_ghaa_dist_e,git,WaypointList/2/LocalizedName,0,14817,Waypoint,웨이포인트
area_ghaa_dist_e,git,WaypointList/3/LocalizedName,0,14817,Waypoint,웨이포인트
area_ghaa_dist_e,git,WaypointList/4/LocalizedName,0,14817,Waypoint,웨이포인트
area_ghaa_dist_e,git,WaypointList/5/LocalizedName,0,14817,Waypoint,웨이포인트
area_ghaa_dist_e,git,WaypointList/6/LocalizedName,0,14817,Waypoint,웨이포인트
area_ghaa_dist_e,git,WaypointList/7/LocalizedName,0,14817,Waypoint,웨이포인트
area_ghaa_dist_e,git,WaypointList/8/LocalizedName,0,14817,Waypoint,웨이포인트
area_ghaa_dist_e,git,WaypointList/9/LocalizedName,0,14817,Waypoint,웨이포인트
area_ghaa_gra001,git,Creature List/0/Equip_ItemList/0/LocalizedName,0,-1,Imperial Robing,
area_ghaa_gra001,git,Creature List/0/FirstName,0,-1,Zhiram,
area_ghaa_gra001,git,Creature List/0/ItemList/0/DescIdentified,0,-1,"[This ledger, written in fine strokes by a precise hand, has a marker set towards the back of its pages.  You turn to the page, where an entry reads:

""I have found myself thinking a great deal of my mother in the last few days.  I believe that little homeless girl I saw in the Market District the other day brought this particular case of nostalgia upon me.  She was sitting beside one of the merchant stands, reciting an old poem mother used to tease my sister with...

The boy to my right has nine cakes,
The one on my left has only one,
I'm so hungry I've got the shakes,
But boys don't share, and I have none...

A silly little thing, really, but it used to make me smile when I was a lad.  Come to think of it, this little poem gives me an idea for arranging the warding runes on the Control Stone.  Maybe now I won't forget the combination so often...

I believe I'll do that right now.  Captain Anagril is escorting those visiting sorcerers from the south in as I write, so I'll need to be quick about it...""

This is the last entry in the ledger, for it seems Zhiram never had an opportunity to write more.]",
area_ghaa_gra001,git,Creature List/0/ItemList/0/LocalizedName,0,-1,Zhiram's Ledger,
area_ghaa_gra001,git,Creature List/0/LastName,0,-1,", High Sorcerer of Ghaarak",
area_ghaa_gra001,git,Creature List/1/Equip_ItemList/0/LocalizedName,0,-1,Crimson Follower's Tunic,
area_ghaa_gra001,git,Creature List/1/Equip_ItemList/1/DescIdentified,0,-1,"Masterwork weapons are crafted to be perfectly balanced and weighted, allowing for a far greater control and accuracy in battle.",
area_ghaa_gra001,git,Creature List/1/Equip_ItemList/1/LocalizedName,0,-1,Masterwork Handaxe,
area_ghaa_gra001,git,Creature List/1/Equip_ItemList/2/DescIdentified,0,-1,"This shield appears to have been enchanted with some minor sorceries, granting protection to its wearer. ",
area_ghaa_gra001,git,Creature List/1/Equip_ItemList/2/LocalizedName,0,-1,Enchanted Small Shield,
area_ghaa_gra001,git,Creature List/1/FirstName,0,-1,Crimson Follower,
area_ghaa_gra001,git,Creature List/1/ItemList/0/DescIdentified,0,-1,"This weapon is imbued with a minor magical enchantment.  While certainly uncommon, such enchantments are fairly easy to create for a magic user of moderate ability.",
area_ghaa_gra001,git,Creature List/1/ItemList/0/LocalizedName,0,-1,Enchanted Handaxe,
area_ghaa_gra001,git,Creature List/10/Equip_ItemList/0/LocalizedName,0,-1,Crimson Follower's Tunic,
area_ghaa_gra001,git,Creature List/10/Equip_ItemList/1/DescIdentified,0,-1,"Masterwork weapons are crafted to be perfectly balanced and weighted, allowing for a far greater control and accuracy in battle.",
area_ghaa_gra001,git,Creature List/10/Equip_ItemList/1/LocalizedName,0,-1,Masterwork Handaxe,
area_ghaa_gra001,git,Creature List/10/Equip_ItemList/2/DescIdentified,0,-1,"This shield appears to have been enchanted with some minor sorceries, granting protection to its wearer. ",
area_ghaa_gra001,git,Creature List/10/Equip_ItemList/2/LocalizedName,0,-1,Enchanted Small Shield,
area_ghaa_gra001,git,Creature List/10/FirstName,0,-1,Crimson Follower,
area_ghaa_gra001,git,Creature List/10/ItemList/0/DescIdentified,0,-1,"This weapon is imbued with a minor magical enchantment.  While certainly uncommon, such enchantments are fairly easy to create for a magic user of moderate ability.",
area_ghaa_gra001,git,Creature List/10/ItemList/0/LocalizedName,0,-1,Enchanted Handaxe,
area_ghaa_gra001,git,Creature List/11/Equip_ItemList/0/LocalizedName,0,-1,Crimson Follower's Tunic,
area_ghaa_gra001,git,Creature List/11/Equip_ItemList/1/DescIdentified,0,-1,"Masterwork weapons are crafted to be perfectly balanced and weighted, allowing for a far greater control and accuracy in battle.",
area_ghaa_gra001,git,Creature List/11/Equip_ItemList/1/LocalizedName,0,-1,Masterwork Handaxe,
area_ghaa_gra001,git,Creature List/11/Equip_ItemList/2/DescIdentified,0,-1,"This shield appears to have been enchanted with some minor sorceries, granting protection to its wearer. ",
area_ghaa_gra001,git,Creature List/11/Equip_ItemList/2/LocalizedName,0,-1,Enchanted Small Shield,
area_ghaa_gra001,git,Creature List/11/FirstName,0,-1,Crimson Follower,
area_ghaa_gra001,git,Creature List/11/ItemList/0/DescIdentified,0,-1,"This weapon is imbued with a minor magical enchantment.  While certainly uncommon, such enchantments are fairly easy to create for a magic user of moderate ability.",
area_ghaa_gra001,git,Creature List/11/ItemList/0/LocalizedName,0,-1,Enchanted Handaxe,
area_ghaa_gra001,git,Creature List/12/Equip_ItemList/0/LocalizedName,0,-1,Crimson Follower's Tunic,
area_ghaa_gra001,git,Creature List/12/Equip_ItemList/1/DescIdentified,0,-1,"Masterwork weapons are crafted to be perfectly balanced and weighted, allowing for a far greater control and accuracy in battle.",
area_ghaa_gra001,git,Creature List/12/Equip_ItemList/1/LocalizedName,0,-1,Masterwork Handaxe,
area_ghaa_gra001,git,Creature List/12/Equip_ItemList/2/DescIdentified,0,-1,"This shield appears to have been enchanted with some minor sorceries, granting protection to its wearer. ",
area_ghaa_gra001,git,Creature List/12/Equip_ItemList/2/LocalizedName,0,-1,Enchanted Small Shield,
area_ghaa_gra001,git,Creature List/12/FirstName,0,-1,Crimson Follower,
area_ghaa_gra001,git,Creature List/12/ItemList/0/DescIdentified,0,-1,"This weapon is imbued with a minor magical enchantment.  While certainly uncommon, such enchantments are fairly easy to create for a magic user of moderate ability.",
area_ghaa_gra001,git,Creature List/12/ItemList/0/LocalizedName,0,-1,Enchanted Handaxe,
area_ghaa_gra001,git,Creature List/13/Equip_ItemList/0/LocalizedName,0,-1,Crimson Follower's Tunic,
area_ghaa_gra001,git,Creature List/13/Equip_ItemList/1/DescIdentified,0,-1,"Masterwork weapons are crafted to be perfectly balanced and weighted, allowing for a far greater control and accuracy in battle.",
area_ghaa_gra001,git,Creature List/13/Equip_ItemList/1/LocalizedName,0,-1,Masterwork Handaxe,
area_ghaa_gra001,git,Creature List/13/Equip_ItemList/2/DescIdentified,0,-1,"This shield appears to have been enchanted with some minor sorceries, granting protection to its wearer. ",
area_ghaa_gra001,git,Creature List/13/Equip_ItemList/2/LocalizedName,0,-1,Enchanted Small Shield,
area_ghaa_gra001,git,Creature List/13/FirstName,0,-1,Crimson Follower,
area_ghaa_gra001,git,Creature List/13/ItemList/0/DescIdentified,0,-1,"This weapon is imbued with a minor magical enchantment.  While certainly uncommon, such enchantments are fairly easy to create for a magic user of moderate ability.",
area_ghaa_gra001,git,Creature List/13/ItemList/0/LocalizedName,0,-1,Enchanted Handaxe,
area_ghaa_gra001,git,Creature List/14/Equip_ItemList/0/LocalizedName,0,-1,Crimson Follower's Tunic,
area_ghaa_gra001,git,Creature List/14/Equip_ItemList/1/DescIdentified,0,-1,"Masterwork weapons are crafted to be perfectly balanced and weighted, allowing for a far greater control and accuracy in battle.",
area_ghaa_gra001,git,Creature List/14/Equip_ItemList/1/LocalizedName,0,-1,Masterwork Handaxe,
area_ghaa_gra001,git,Creature List/14/Equip_ItemList/2/DescIdentified,0,-1,"This shield appears to have been enchanted with some minor sorceries, granting protection to its wearer. ",
area_ghaa_gra001,git,Creature List/14/Equip_ItemList/2/LocalizedName,0,-1,Enchanted Small Shield,
area_ghaa_gra001,git,Creature List/14/FirstName,0,-1,Crimson Follower,
area_ghaa_gra001,git,Creature List/14/ItemList/0/DescIdentified,0,-1,"This weapon is imbued with a minor magical enchantment.  While certainly uncommon, such enchantments are fairly easy to create for a magic user of moderate ability.",
area_ghaa_gra001,git,Creature List/14/ItemList/0/LocalizedName,0,-1,Enchanted Handaxe,
area_ghaa_gra001,git,Creature List/15/Equip_ItemList/0/LocalizedName,0,-1,Crimson Follower's Tunic,
area_ghaa_gra001,git,Creature List/15/Equip_ItemList/1/DescIdentified,0,-1,"Masterwork weapons are crafted to be perfectly balanced and weighted, allowing for a far greater control and accuracy in battle.",
area_ghaa_gra001,git,Creature List/15/Equip_ItemList/1/LocalizedName,0,-1,Masterwork Handaxe,
area_ghaa_gra001,git,Creature List/15/Equip_ItemList/2/DescIdentified,0,-1,"This shield appears to have been enchanted with some minor sorceries, granting protection to its wearer. ",
area_ghaa_gra001,git,Creature List/15/Equip_ItemList/2/LocalizedName,0,-1,Enchanted Small Shield,
area_ghaa_gra001,git,Creature List/15/FirstName,0,-1,Crimson Follower,
area_ghaa_gra001,git,Creature List/15/ItemList/0/DescIdentified,0,-1,"This weapon is imbued with a minor magical enchantment.  While certainly uncommon, such enchantments are fairly easy to create for a magic user of moderate ability.",
area_ghaa_gra001,git,Creature List/15/ItemList/0/LocalizedName,0,-1,Enchanted Handaxe,
area_ghaa_gra001,git,Creature List/16/Equip_ItemList/0/LocalizedName,0,-1,Crimson Follower's Tunic,
area_ghaa_gra001,git,Creature List/16/Equip_ItemList/1/DescIdentified,0,-1,"Masterwork weapons are crafted to be perfectly balanced and weighted, allowing for a far greater control and accuracy in battle.",
area_ghaa_gra001,git,Creature List/16/Equip_ItemList/1/LocalizedName,0,-1,Masterwork Handaxe,
area_ghaa_gra001,git,Creature List/16/Equip_ItemList/2/DescIdentified,0,-1,"This shield appears to have been enchanted with some minor sorceries, granting protection to its wearer. ",
area_ghaa_gra001,git,Creature List/16/Equip_ItemList/2/LocalizedName,0,-1,Enchanted Small Shield,
area_ghaa_gra001,git,Creature List/16/FirstName,0,-1,Crimson Follower,
area_ghaa_gra001,git,Creature List/16/ItemList/0/DescIdentified,0,-1,"This weapon is imbued with a minor magical enchantment.  While certainly uncommon, such enchantments are fairly easy to create for a magic user of moderate ability.",
area_ghaa_gra001,git,Creature List/16/ItemList/0/LocalizedName,0,-1,Enchanted Handaxe,
area_ghaa_gra001,git,Creature List/2/Equip_ItemList/0/LocalizedName,0,-1,Crimson Follower's Tunic,
area_ghaa_gra001,git,Creature List/2/Equip_ItemList/1/DescIdentified,0,-1,"Masterwork weapons are crafted to be perfectly balanced and weighted, allowing for a far greater control and accuracy in battle.",
area_ghaa_gra001,git,Creature List/2/Equip_ItemList/1/LocalizedName,0,-1,Masterwork Handaxe,
area_ghaa_gra001,git,Creature List/2/Equip_ItemList/2/DescIdentified,0,-1,"This shield appears to have been enchanted with some minor sorceries, granting protection to its wearer. ",
area_ghaa_gra001,git,Creature List/2/Equip_ItemList/2/LocalizedName,0,-1,Enchanted Small Shield,
area_ghaa_gra001,git,Creature List/2/FirstName,0,-1,Crimson Follower,
area_ghaa_gra001,git,Creature List/2/ItemList/0/DescIdentified,0,-1,"This weapon is imbued with a minor magical enchantment.  While certainly uncommon, such enchantments are fairly easy to create for a magic user of moderate ability.",
area_ghaa_gra001,git,Creature List/2/ItemList/0/LocalizedName,0,-1,Enchanted Handaxe,
area_ghaa_gra001,git,Creature List/3/Equip_ItemList/0/LocalizedName,0,-1,Crimson Follower's Tunic,
area_ghaa_gra001,git,Creature List/3/Equip_ItemList/1/DescIdentified,0,-1,"Masterwork weapons are crafted to be perfectly balanced and weighted, allowing for a far greater control and accuracy in battle.",
area_ghaa_gra001,git,Creature List/3/Equip_ItemList/1/LocalizedName,0,-1,Masterwork Handaxe,
area_ghaa_gra001,git,Creature List/3/Equip_ItemList/2/DescIdentified,0,-1,"This shield appears to have been enchanted with some minor sorceries, granting protection to its wearer. ",
area_ghaa_gra001,git,Creature List/3/Equip_ItemList/2/LocalizedName,0,-1,Enchanted Small Shield,
area_ghaa_gra001,git,Creature List/3/FirstName,0,-1,Crimson Follower,
area_ghaa_gra001,git,Creature List/3/ItemList/0/DescIdentified,0,-1,"This weapon is imbued with a minor magical enchantment.  While certainly uncommon, such enchantments are fairly easy to create for a magic user of moderate ability.",
area_ghaa_gra001,git,Creature List/3/ItemList/0/LocalizedName,0,-1,Enchanted Handaxe,
area_ghaa_gra001,git,Creature List/4/Equip_ItemList/0/LocalizedName,0,-1,Crimson Follower's Tunic,
area_ghaa_gra001,git,Creature List/4/Equip_ItemList/1/DescIdentified,0,-1,"Masterwork weapons are crafted to be perfectly balanced and weighted, allowing for a far greater control and accuracy in battle.",
area_ghaa_gra001,git,Creature List/4/Equip_ItemList/1/LocalizedName,0,-1,Masterwork Handaxe,
area_ghaa_gra001,git,Creature List/4/Equip_ItemList/2/DescIdentified,0,-1,"This shield appears to have been enchanted with some minor sorceries, granting protection to its wearer. ",
area_ghaa_gra001,git,Creature List/4/Equip_ItemList/2/LocalizedName,0,-1,Enchanted Small Shield,
area_ghaa_gra001,git,Creature List/4/FirstName,0,-1,Crimson Follower,
area_ghaa_gra001,git,Creature List/4/ItemList/0/DescIdentified,0,-1,"This weapon is imbued with a minor magical enchantment.  While certainly uncommon, such enchantments are fairly easy to create for a magic user of moderate ability.",
area_ghaa_gra001,git,Creature List/4/ItemList/0/LocalizedName,0,-1,Enchanted Handaxe,
area_ghaa_gra001,git,Creature List/5/Equip_ItemList/0/LocalizedName,0,-1,Crimson Follower's Tunic,
area_ghaa_gra001,git,Creature List/5/Equip_ItemList/1/DescIdentified,0,-1,"Masterwork weapons are crafted to be perfectly balanced and weighted, allowing for a far greater control and accuracy in battle.",
area_ghaa_gra001,git,Creature List/5/Equip_ItemList/1/LocalizedName,0,-1,Masterwork Handaxe,
area_ghaa_gra001,git,Creature List/5/Equip_ItemList/2/DescIdentified,0,-1,"This shield appears to have been enchanted with some minor sorceries, granting protection to its wearer. ",
area_ghaa_gra001,git,Creature List/5/Equip_ItemList/2/LocalizedName,0,-1,Enchanted Small Shield,
area_ghaa_gra001,git,Creature List/5/FirstName,0,-1,Crimson Follower,
area_ghaa_gra001,git,Creature List/5/ItemList/0/DescIdentified,0,-1,"This weapon is imbued with a minor magical enchantment.  While certainly uncommon, such enchantments are fairly easy to create for a magic user of moderate ability.",
area_ghaa_gra001,git,Creature List/5/ItemList/0/LocalizedName,0,-1,Enchanted Handaxe,
area_ghaa_gra001,git,Creature List/6/Equip_ItemList/0/LocalizedName,0,-1,Crimson Follower's Tunic,
area_ghaa_gra001,git,Creature List/6/Equip_ItemList/1/DescIdentified,0,-1,"Masterwork weapons are crafted to be perfectly balanced and weighted, allowing for a far greater control and accuracy in battle.",
area_ghaa_gra001,git,Creature List/6/Equip_ItemList/1/LocalizedName,0,-1,Masterwork Handaxe,
area_ghaa_gra001,git,Creature List/6/Equip_ItemList/2/DescIdentified,0,-1,"This shield appears to have been enchanted with some minor sorceries, granting protection to its wearer. ",
area_ghaa_gra001,git,Creature List/6/Equip_ItemList/2/LocalizedName,0,-1,Enchanted Small Shield,
area_ghaa_gra001,git,Creature List/6/FirstName,0,-1,Crimson Follower,
area_ghaa_gra001,git,Creature List/6/ItemList/0/DescIdentified,0,-1,"This weapon is imbued with a minor magical enchantment.  While certainly uncommon, such enchantments are fairly easy to create for a magic user of moderate ability.",
area_ghaa_gra001,git,Creature List/6/ItemList/0/LocalizedName,0,-1,Enchanted Handaxe,
area_ghaa_gra001,git,Creature List/7/Equip_ItemList/0/LocalizedName,0,-1,Crimson Follower's Tunic,
area_ghaa_gra001,git,Creature List/7/Equip_ItemList/1/DescIdentified,0,-1,"Masterwork weapons are crafted to be perfectly balanced and weighted, allowing for a far greater control and accuracy in battle.",
area_ghaa_gra001,git,Creature List/7/Equip_ItemList/1/LocalizedName,0,-1,Masterwork Handaxe,
area_ghaa_gra001,git,Creature List/7/Equip_ItemList/2/DescIdentified,0,-1,"This shield appears to have been enchanted with some minor sorceries, granting protection to its wearer. ",
area_ghaa_gra001,git,Creature List/7/Equip_ItemList/2/LocalizedName,0,-1,Enchanted Small Shield,
area_ghaa_gra001,git,Creature List/7/FirstName,0,-1,Crimson Follower,
area_ghaa_gra001,git,Creature List/7/ItemList/0/DescIdentified,0,-1,"This weapon is imbued with a minor magical enchantment.  While certainly uncommon, such enchantments are fairly easy to create for a magic user of moderate ability.",
area_ghaa_gra001,git,Creature List/7/ItemList/0/LocalizedName,0,-1,Enchanted Handaxe,
area_ghaa_gra001,git,Creature List/8/Equip_ItemList/0/LocalizedName,0,-1,Lazarus's Custom Armor,
area_ghaa_gra001,git,Creature List/8/FirstName,0,-1,The Crimson Prophet,
area_ghaa_gra001,git,Creature List/8/ItemList/0/LocalizedName,0,-1,Custom Sorceror's Staff,
area_ghaa_gra001,git,Creature List/9/Equip_ItemList/0/LocalizedName,0,-1,Crimson Follower's Tunic,
area_ghaa_gra001,git,Creature List/9/Equip_ItemList/1/DescIdentified,0,-1,"Masterwork weapons are crafted to be perfectly balanced and weighted, allowing for a far greater control and accuracy in battle.",
area_ghaa_gra001,git,Creature List/9/Equip_ItemList/1/LocalizedName,0,-1,Masterwork Handaxe,
area_ghaa_gra001,git,Creature List/9/Equip_ItemList/2/DescIdentified,0,-1,"This shield appears to have been enchanted with some minor sorceries, granting protection to its wearer. ",
area_ghaa_gra001,git,Creature List/9/Equip_ItemList/2/LocalizedName,0,-1,Enchanted Small Shield,
area_ghaa_gra001,git,Creature List/9/FirstName,0,-1,Crimson Follower,
area_ghaa_gra001,git,Creature List/9/ItemList/0/DescIdentified,0,-1,"This weapon is imbued with a minor magical enchantment.  While certainly uncommon, such enchantments are fairly easy to create for a magic user of moderate ability.",
area_ghaa_gra001,git,Creature List/9/ItemList/0/LocalizedName,0,-1,Enchanted Handaxe,
area_ghaa_gra001,git,Door List/0/LocName,0,5349,Door,문
area_ghaa_gra001,git,Door List/1/LocName,0,5349,Door,문
area_ghaa_gra001,git,Door List/10/LocName,0,5349,Door,문
area_ghaa_gra001,git,Door List/11/LocName,0,5349,Door,문
area_ghaa_gra001,git,Door List/2/LocName,0,5349,Door,문
area_ghaa_gra001,git,Door List/3/LocName,0,5349,Door,문
area_ghaa_gra001,git,Door List/4/LocName,0,5349,Door,문
area_ghaa_gra001,git,Door List/5/LocName,0,5349,Door,문
area_ghaa_gra001,git,Door List/6/LocName,0,5349,Door,문
area_ghaa_gra001,git,Door List/7/LocName,0,5349,Door,문
area_ghaa_gra001,git,Door List/8/LocName,0,5349,Door,문
area_ghaa_gra001,git,Door List/9/LocName,0,5349,Door,문
area_ghaa_gra001,git,Encounter List/0/LocalizedName,0,-1,Crimson Sorcerer,
area_ghaa_gra001,git,Encounter List/1/LocalizedName,0,-1,Crimson Sorcerer,
area_ghaa_gra001,git,Placeable List/0/Description,0,14543,"Sitting atop this altar is the Control Stone of Ghaarak, a powerful orb of magical energies crafted by the Imperial sorcerers of the city.  This stone is used to activate and deactivate the magical wards guarding the Imperial District gates, in times of emergency, and is also used to control the constructs which aid in day to day Imperial labor.",
area_ghaa_gra001,git,Placeable List/0/LocName,0,14541,The Control Stone,
area_ghaa_gra001,git,Placeable List/1/Description,0,14727,A searing shaft of golden light descends from some unseen place above.,황금 빛의 불태우는 줄기가 보이지도 않는 위에서 내려옵니다.
area_ghaa_gra001,git,Placeable List/1/LocName,0,14719,Shaft of Light,빛줄기
area_ghaa_gra001,git,Placeable List/10/Description,0,14732,Emperor Rakha's stony gaze bears down on you.,
area_ghaa_gra001,git,Placeable List/10/LocName,0,14536,Statue of Emperor Rakha,
area_ghaa_gra001,git,Placeable List/11/Description,0,14607,A small drawer extends beneath the gleaming tabletop. It probably doubles as a desk when there's the need.,윤이 나는 탁자의 상판 아래로 작은 서랍이 열립니다. 필요할 때는 책상을 두 배 크기로 쓸 수 있어 보입니다.
area_ghaa_gra001,git,Placeable List/11/ItemList/0/DescIdentified,0,-1,"Magistrate Okaris,

It has come to my attention that your child will soon participate in the final tests to graduate the Imperial Academy.  I know you must be quite proud to see your offspring reach such a prestigious achievement, and we of Zhantara extend our blessings to your family.

I would like to take this chance to ask what future you foresee for your child.  I know you and I have often discussed the possibility of further training amongst the ranks of the ShadowGuard, and I was curious as to whether you have given this proposal any further thought.

I have consulted Emperor Rakha regarding this matter, and He feels such a path would be most beneficial to all involved.  The decision lies with you, of course, but please do give this matter some thought.  

On other matters, I will be visiting your city of Ghaarak soon, and I am quite interested in investigating this gem your men recently uncovered.  Your recent letters have suggested that you are frightened of its power, and rightfully so.  If this thing is truly a relic of the Golden Age, its might is surely greater than we mortals of this age could fathom.  

As you know, Emperor Rakha has taken a great interest in any ancient relics of late, and He wishes to discover more of your finding.  Please prepare a full report for my coming, and we will discuss this matter further in person.

Your friend,

Overlord Vhorkas, High Commander of Zhantara",
area_ghaa_gra001,git,Placeable List/11/ItemList/0/LocalizedName,0,-1,Letter to Your Father,
area_ghaa_gra001,git,Placeable List/11/LocName,0,5655,Desk,책상
area_ghaa_gra001,git,Placeable List/12/Description,0,14742,"Whether by magic or the weight of history, the gold-seated throne exudes confidence and authority. Wise are the rulers who have called this seat their own.",마법이든 역사의 무게이든 이 황금 옥좌는 자신감과 권위를 자아냅니다. 현명한 통치자들은 이 자리를 자신의 자리라 불렀습니다.
area_ghaa_gra001,git,Placeable List/12/LocName,0,14741,Throne,옥좌
area_ghaa_gra001,git,Placeable List/15/Description,0,14575,"A dizzying array of written works, each catalogued according to some fashion you cannot fathom. A number of them appear to be written in foreign tongues altogether.",아찔하게 많은 저작물 각각이 당신이 헤아릴 수없는 방식으로 분류되어 있습니다. 이 중 다수는 전체를 외국어로 작성한 것으로 보입니다.
area_ghaa_gra001,git,Placeable List/15/LocName,0,14576,Bookshelf,책장
area_ghaa_gra001,git,Placeable List/16/Description,0,14575,"A dizzying array of written works, each catalogued according to some fashion you cannot fathom. A number of them appear to be written in foreign tongues altogether.",아찔하게 많은 저작물 각각이 당신이 헤아릴 수없는 방식으로 분류되어 있습니다. 이 중 다수는 전체를 외국어로 작성한 것으로 보입니다.
area_ghaa_gra001,git,Placeable List/16/LocName,0,14576,Bookshelf,책장
area_ghaa_gra001,git,Placeable List/17/Description,0,14574,"The books lay piled atop each other with little in the way of rhyme or reason, as if someone was interrupted while in the process of returning them to their place.","누군가 책을 제자리에 돌려놓는 과정에서 방해라도 받은 듯이, 책들은 음절이나 이유와 관계없이 쌓여 있습니다."
area_ghaa_gra001,git,Placeable List/17/LocName,0,5698,Book Piles,책 더미
area_ghaa_gra001,git,Placeable List/18/Description,0,14574,"The books lay piled atop each other with little in the way of rhyme or reason, as if someone was interrupted while in the process of returning them to their place.","누군가 책을 제자리에 돌려놓는 과정에서 방해라도 받은 듯이, 책들은 음절이나 이유와 관계없이 쌓여 있습니다."
area_ghaa_gra001,git,Placeable List/18/LocName,0,5698,Book Piles,책 더미
area_ghaa_gra001,git,Placeable List/19/Description,0,14574,"The books lay piled atop each other with little in the way of rhyme or reason, as if someone was interrupted while in the process of returning them to their place.","누군가 책을 제자리에 돌려놓는 과정에서 방해라도 받은 듯이, 책들은 음절이나 이유와 관계없이 쌓여 있습니다."
area_ghaa_gra001,git,Placeable List/19/LocName,0,5698,Book Piles,책 더미
area_ghaa_gra001,git,Placeable List/22/Description,0,14681,"The low pedestal gleams an alabaster white, shadows playing across its fluted column.","낮은 받침대는 설화석고로 하얗게 빛나고 있으며, 홈이 새겨진 기둥을 그림자가 가로지르고 있습니다."
area_ghaa_gra001,git,Placeable List/22/LocName,0,5718,Pedestal,받침대
area_ghaa_gra001,git,Placeable List/23/Description,0,14681,"The low pedestal gleams an alabaster white, shadows playing across its fluted column.","낮은 받침대는 설화석고로 하얗게 빛나고 있으며, 홈이 새겨진 기둥을 그림자가 가로지르고 있습니다."
area_ghaa_gra001,git,Placeable List/23/LocName,0,5718,Control Room Pedestal,
area_ghaa_gra001,git,Placeable List/24/Description,0,14681,"The low pedestal gleams an alabaster white, shadows playing across its fluted column.","낮은 받침대는 설화석고로 하얗게 빛나고 있으며, 홈이 새겨진 기둥을 그림자가 가로지르고 있습니다."
area_ghaa_gra001,git,Placeable List/24/LocName,0,5718,Control Room Pedestal,
area_ghaa_gra001,git,Placeable List/25/Description,0,14681,"The low pedestal gleams an alabaster white, shadows playing across its fluted column.","낮은 받침대는 설화석고로 하얗게 빛나고 있으며, 홈이 새겨진 기둥을 그림자가 가로지르고 있습니다."
area_ghaa_gra001,git,Placeable List/25/LocName,0,5718,Control Room Pedestal,
area_ghaa_gra001,git,Placeable List/26/Description,0,14681,"The low pedestal gleams an alabaster white, shadows playing across its fluted column.","낮은 받침대는 설화석고로 하얗게 빛나고 있으며, 홈이 새겨진 기둥을 그림자가 가로지르고 있습니다."
area_ghaa_gra001,git,Placeable List/26/LocName,0,5718,Control Room Pedestal,
area_ghaa_gra001,git,Placeable List/27/Description,0,14681,"The low pedestal gleams an alabaster white, shadows playing across its fluted column.","낮은 받침대는 설화석고로 하얗게 빛나고 있으며, 홈이 새겨진 기둥을 그림자가 가로지르고 있습니다."
area_ghaa_gra001,git,Placeable List/27/LocName,0,5718,Control Room Pedestal,
area_ghaa_gra001,git,Placeable List/28/Description,0,14681,"The low pedestal gleams an alabaster white, shadows playing across its fluted column.","낮은 받침대는 설화석고로 하얗게 빛나고 있으며, 홈이 새겨진 기둥을 그림자가 가로지르고 있습니다."
area_ghaa_gra001,git,Placeable List/28/LocName,0,5718,Control Room Pedestal,
area_ghaa_gra001,git,Placeable List/29/Description,0,14681,"The low pedestal gleams an alabaster white, shadows playing across its fluted column.","낮은 받침대는 설화석고로 하얗게 빛나고 있으며, 홈이 새겨진 기둥을 그림자가 가로지르고 있습니다."
area_ghaa_gra001,git,Placeable List/29/LocName,0,5718,Control Room Pedestal,
area_ghaa_gra001,git,Placeable List/30/Description,0,14681,"The low pedestal gleams an alabaster white, shadows playing across its fluted column.","낮은 받침대는 설화석고로 하얗게 빛나고 있으며, 홈이 새겨진 기둥을 그림자가 가로지르고 있습니다."
area_ghaa_gra001,git,Placeable List/30/LocName,0,5718,Control Room Pedestal,
area_ghaa_gra001,git,Placeable List/31/Description,0,14681,"The low pedestal gleams an alabaster white, shadows playing across its fluted column.","낮은 받침대는 설화석고로 하얗게 빛나고 있으며, 홈이 새겨진 기둥을 그림자가 가로지르고 있습니다."
area_ghaa_gra001,git,Placeable List/31/LocName,0,5718,Control Room Pedestal,
area_ghaa_gra001,git,Placeable List/32/Description,0,14681,"The low pedestal gleams an alabaster white, shadows playing across its fluted column.","낮은 받침대는 설화석고로 하얗게 빛나고 있으며, 홈이 새겨진 기둥을 그림자가 가로지르고 있습니다."
area_ghaa_gra001,git,Placeable List/32/LocName,0,5718,Control Room Pedestal,
area_ghaa_gra001,git,Placeable List/33/Description,0,14681,"The low pedestal gleams an alabaster white, shadows playing across its fluted column.","낮은 받침대는 설화석고로 하얗게 빛나고 있으며, 홈이 새겨진 기둥을 그림자가 가로지르고 있습니다."
area_ghaa_gra001,git,Placeable List/33/LocName,0,5718,Control Room Pedestal,
area_ghaa_gra001,git,Placeable List/34/Description,0,14681,"The low pedestal gleams an alabaster white, shadows playing across its fluted column.","낮은 받침대는 설화석고로 하얗게 빛나고 있으며, 홈이 새겨진 기둥을 그림자가 가로지르고 있습니다."
area_ghaa_gra001,git,Placeable List/34/LocName,0,5718,Control Room Pedestal,
area_ghaa_gra001,git,Placeable List/35/Description,0,14575,"A dizzying array of written works, each catalogued according to some fashion you cannot fathom. A number of them appear to be written in foreign tongues altogether.",아찔하게 많은 저작물 각각이 당신이 헤아릴 수없는 방식으로 분류되어 있습니다. 이 중 다수는 전체를 외국어로 작성한 것으로 보입니다.
area_ghaa_gra001,git,Placeable List/35/LocName,0,14576,Bookshelf,책장
area_ghaa_gra001,git,Placeable List/36/Description,0,14575,"A dizzying array of written works, each catalogued according to some fashion you cannot fathom. A number of them appear to be written in foreign tongues altogether.",아찔하게 많은 저작물 각각이 당신이 헤아릴 수없는 방식으로 분류되어 있습니다. 이 중 다수는 전체를 외국어로 작성한 것으로 보입니다.
area_ghaa_gra001,git,Placeable List/36/LocName,0,14576,Bookshelf,책장
area_ghaa_gra001,git,Placeable List/37/Description,0,14574,"The books lay piled atop each other with little in the way of rhyme or reason, as if someone was interrupted while in the process of returning them to their place.","누군가 책을 제자리에 돌려놓는 과정에서 방해라도 받은 듯이, 책들은 음절이나 이유와 관계없이 쌓여 있습니다."
area_ghaa_gra001,git,Placeable List/37/LocName,0,5698,Book Piles,책 더미
area_ghaa_gra001,git,Placeable List/38/Description,0,14589,"Thick tallow candles burn low upon their iron stand. Small mounds have formed on the floor below, where the fallen tallow has accumulated.",동물 기름으로 만든 두툼한 초가 철제 받침대 위에서 낮게 타오릅니다. 떨어진 촛농이 쌓여 아래쪽에는 작은 언덕을 형성하고 있습니다.
area_ghaa_gra001,git,Placeable List/38/LocName,0,5703,Candelabra,가지달린 촛대
area_ghaa_gra001,git,Placeable List/39/Description,0,14589,"Thick tallow candles burn low upon their iron stand. Small mounds have formed on the floor below, where the fallen tallow has accumulated.",동물 기름으로 만든 두툼한 초가 철제 받침대 위에서 낮게 타오릅니다. 떨어진 촛농이 쌓여 아래쪽에는 작은 언덕을 형성하고 있습니다.
area_ghaa_gra001,git,Placeable List/39/LocName,0,5703,Candelabra,가지달린 촛대
area_ghaa_gra001,git,Placeable List/40/Description,0,14575,"A dizzying array of written works, each catalogued according to some fashion you cannot fathom. A number of them appear to be written in foreign tongues altogether.",아찔하게 많은 저작물 각각이 당신이 헤아릴 수없는 방식으로 분류되어 있습니다. 이 중 다수는 전체를 외국어로 작성한 것으로 보입니다.
area_ghaa_gra001,git,Placeable List/40/ItemList/0/DescIdentified,0,-1,"[This letter, found amidst the belongings of Chancellor Varhun of Ghaarak, reads:

""Chancellor, I write in response to your plea for aid with your current... dilemma...  It seems both you and I have a great desire to see an end to the rule of Magistrate Okaris, a thorn in both our sides.  I have devised a plan in which we may rid ourselves of the Magistrate once and for all, one which we will discuss in further detail upon my arrival.  Should you hear of an appearance by a prophet, garbed in red, be prepared to take matters into your own hands immediately.

Beyond that, you may choose how else to serve your own advancement in the Imperial ranks.  Just be certain to use discretion, as it would not do for our plans to be revealed prematurely.

Remember, should the prophet in red appear, it is imperative that Okaris does not live to see the next dawn.  If you serve us well, we may be able to find other purposes to which we can apply your skills...""

The letter is unsigned.]",
area_ghaa_gra001,git,Placeable List/40/ItemList/0/LocalizedName,0,-1,Chancellor Varhun's Letter,
area_ghaa_gra001,git,Placeable List/40/LocName,0,14576,Bookshelf,책장
area_ghaa_gra001,git,Placeable List/41/Description,0,14594,"Bound in iron and with a heavy lock, this heavy chest was obviously meant to protect something of value.",철로 감싸졌고 자물쇠가 채워진 이 무거운 궤짝은 분명히 가치 있는 무언가를 보호하기 위한 것입니다.
area_ghaa_gra001,git,Placeable List/41/ItemList/0/DescIdentified,0,-1,"The Control Stone is a device unlike any other ever created here in Ghaarak. Its tremendous power has been utilized for many extraordinary purposes. The grandest of these achievements is certainly the impervious shield we can summon over the district gates in the unlikely event we ever come under attack. In addition, the stone has been used extensively for the purpose of animating magical constructs to aid in menial tasks of labor, allowing our Imperial citizens ample time to pursue more fitting pursuits.

Activation of the Control Stone is quite simple. The simple arcane phrase, ""Milak Navok"", is all that is needed to summon forth the stone's power, though of course we have placed runes of warding to prevent any improper use. High Sorcerer Zhiram has been placed in charge of the Control Stone's usage, so should you need to utilize its abilities, please speak with him. Only he can give you the proper rune combination to pass through its protections, and command the power of the stone.

Be wary of tampering with the stone in any unlawful fashion. The sorceries at work within are quite potent, and if unleashed, could prove quite destructive and dangerous.",
area_ghaa_gra001,git,Placeable List/41/ItemList/0/LocalizedName,0,-1,Ledger #13 : The Control Stone,
area_ghaa_gra001,git,Placeable List/41/LocName,0,5348,Chest,궤짝
area_ghaa_gra001,git,Placeable List/42/Description,0,14595,"Strange runes and pictographs, likely arcane in nature, have been scorched into the sides of this hide-covered strongbox.",자연의 비전 마법과도 같은 이상한 룬과 그림문자가 이 생가죽으로 덮인 금고의 옆면에 그을려 있습니다.
area_ghaa_gra001,git,Placeable List/42/ItemList/0/DescIdentified,0,-1,"This armor appears to have been enchanted with some minor sorceries, granting protection to its wearer. ",
area_ghaa_gra001,git,Placeable List/42/ItemList/0/LocalizedName,0,-1,Enchanted Studded Leather Armor,
area_ghaa_gra001,git,Placeable List/42/ItemList/1/DescIdentified,0,-1,"Sharpened to razor perfection, this magical dagger can pierce through the toughest of armors with ease...",
area_ghaa_gra001,git,Placeable List/42/ItemList/1/LocalizedName,0,-1,Slasher,
area_ghaa_gra001,git,Placeable List/42/ItemList/2/DescIdentified,0,-1,"This weapon is imbued with a minor magical enchantment.  While certainly uncommon, such enchantments are fairly easy to create for a magic user of moderate ability.",
area_ghaa_gra001,git,Placeable List/42/ItemList/2/LocalizedName,0,-1,Enchanted Longsword,
area_ghaa_gra001,git,Placeable List/42/ItemList/3/LocalizedName,0,-1,Gold Piece,
area_ghaa_gra001,git,Placeable List/42/ItemList/4/LocalizedName,0,-1,Enchanted Mage Robes,
area_ghaa_gra001,git,Placeable List/42/LocName,0,5348,Chest,궤짝
area_ghaa_gra001,git,Placeable List/43/Description,0,14594,"Bound in iron and with a heavy lock, this heavy chest was obviously meant to protect something of value.",철로 감싸졌고 자물쇠가 채워진 이 무거운 궤짝은 분명히 가치 있는 무언가를 보호하기 위한 것입니다.
area_ghaa_gra001,git,Placeable List/43/ItemList/0/DescIdentified,0,-1,"This weapon is imbued with a minor magical enchantment.  While certainly uncommon, such enchantments are fairly easy to create for a magic user of moderate ability.",
area_ghaa_gra001,git,Placeable List/43/ItemList/0/LocalizedName,0,-1,Enchanted Greataxe,
area_ghaa_gra001,git,Placeable List/43/ItemList/1/LocalizedName,0,-1,Gold Piece,
area_ghaa_gra001,git,Placeable List/43/LocName,0,5348,Chest,궤짝
area_ghaa_gra001,git,Placeable List/44/Description,0,14594,"Bound in iron and with a heavy lock, this heavy chest was obviously meant to protect something of value.",철로 감싸졌고 자물쇠가 채워진 이 무거운 궤짝은 분명히 가치 있는 무언가를 보호하기 위한 것입니다.
area_ghaa_gra001,git,Placeable List/44/ItemList/0/LocalizedName,0,-1,Gold Piece,
area_ghaa_gra001,git,Placeable List/44/ItemList/1/DescIdentified,0,-1,"Covered in a dizzying array of runes and ensorcellments, this crossbow has been enchanted to fire magical bolts, thus eliminating the need to carry one's own ammunition.",
area_ghaa_gra001,git,Placeable List/44/ItemList/1/LocalizedName,0,-1,Enruned Crossbow,
area_ghaa_gra001,git,Placeable List/44/LocName,0,5348,Chest,궤짝
area_ghaa_gra001,git,Placeable List/49/Description,0,14550,Two arrows pierce the dead man's back.,두 개의 화살이 죽은 사람의 등을 관통했습니다.
area_ghaa_gra001,git,Placeable List/50/Description,0,14640,This poor and simple servant of the Imperial Hall seems to have been clubbed about the head and body repeatedly. ,
area_ghaa_gra001,git,Placeable List/50/LocName,0,14641,Servant's Corpse,
area_ghaa_gra001,git,Placeable List/52/Description,0,14695,This corpse pile seems to be comprised of the guards and servants of the Imperial Hall. It looks as though the Crimson followers have not yet removed the valuables from the bodies.,
area_ghaa_gra001,git,Placeable List/52/LocName,0,5763,Corpse Pile,
area_ghaa_gra001,git,Placeable List/6/Description,0,14732,Emperor Rakha's stony gaze bears down on you.,
area_ghaa_gra001,git,Placeable List/6/LocName,0,14536,Statue of Emperor Rakha,
area_ghaa_gra001,git,Placeable List/65/Description,0,84585,"This globe depicts the world of Abaran. You spy the empire's northern province as it spins past, the city of Ghaarak flagged within it.",
area_ghaa_gra001,git,Placeable List/65/LocName,0,84569,Globe of Abaran,
area_ghaa_gra001,git,Placeable List/7/Description,0,14732,Emperor Rakha's stony gaze bears down on you.,
area_ghaa_gra001,git,Placeable List/7/LocName,0,14536,Statue of Emperor Rakha,
area_ghaa_gra001,git,SoundList/0/LocName,0,-1,Jacobs Ladder,
area_ghaa_gra001,git,TriggerList/0/LocalizedName,0,14759,New Generic,새 일반
area_ghaa_gra001,git,TriggerList/1/LocalizedName,0,14759,New Generic,새 일반
area_ghaa_gra001,git,WaypointList/0/LocalizedName,0,14814,Map Note,지도 설명
area_ghaa_gra001,git,WaypointList/0/MapNote,0,14815,To the Imperial District,
area_ghaa_gra001,git,WaypointList/1/LocalizedName,0,14814,Map Note,지도 설명
area_ghaa_gra001,git,WaypointList/1/MapNote,0,14815,Council Chamber,
area_ghaa_gra001,git,WaypointList/10/LocalizedName,0,14817,Waypoint,웨이포인트
area_ghaa_gra001,git,WaypointList/11/LocalizedName,0,14817,Waypoint,웨이포인트
area_ghaa_gra001,git,WaypointList/12/LocalizedName,0,14817,Waypoint,웨이포인트
area_ghaa_gra001,git,WaypointList/13/LocalizedName,0,14817,Waypoint,웨이포인트
area_ghaa_gra001,git,WaypointList/14/LocalizedName,0,14817,Waypoint,웨이포인트
area_ghaa_gra001,git,WaypointList/15/LocalizedName,0,14817,Waypoint,웨이포인트
area_ghaa_gra001,git,WaypointList/16/LocalizedName,0,14817,Waypoint,웨이포인트
area_ghaa_gra001,git,WaypointList/17/LocalizedName,0,14817,Waypoint,웨이포인트
area_ghaa_gra001,git,WaypointList/18/LocalizedName,0,14817,Waypoint,웨이포인트
area_ghaa_gra001,git,WaypointList/19/LocalizedName,0,14817,Waypoint,웨이포인트
area_ghaa_gra001,git,WaypointList/2/LocalizedName,0,14814,Map Note,지도 설명
area_ghaa_gra001,git,WaypointList/2/MapNote,0,14815,Library,
area_ghaa_gra001,git,WaypointList/20/LocalizedName,0,14817,Waypoint,웨이포인트
area_ghaa_gra001,git,WaypointList/21/LocalizedName,0,14817,Waypoint,웨이포인트
area_ghaa_gra001,git,WaypointList/3/LocalizedName,0,14814,Map Note,지도 설명
area_ghaa_gra001,git,WaypointList/3/MapNote,0,14815,Chamber of the Control Stone,
area_ghaa_gra001,git,WaypointList/4/LocalizedName,0,14814,Map Note,지도 설명
area_ghaa_gra001,git,WaypointList/4/MapNote,0,14815,Chamber of Chancellor Varhun,
area_ghaa_gra001,git,WaypointList/5/LocalizedName,0,14814,Map Note,지도 설명
area_ghaa_gra001,git,WaypointList/5/MapNote,0,14815,The Imperial Treasury,
area_ghaa_gra001,git,WaypointList/6/LocalizedName,0,14817,Waypoint,웨이포인트
area_ghaa_gra001,git,WaypointList/7/LocalizedName,0,14814,Map Note,지도 설명
area_ghaa_gra001,git,WaypointList/7/MapNote,0,14815,Chancellor Varhun's Quarters,
area_ghaa_gra001,git,WaypointList/8/LocalizedName,0,14817,Waypoint,웨이포인트
area_ghaa_gra001,git,WaypointList/8/MapNote,0,-1,Trap Door to Secret Passage,
area_ghaa_gra001,git,WaypointList/9/LocalizedName,0,-1,Spawn Point - Harkon,
area_ghaa_grand_,git,Creature List/0/Equip_ItemList/0/LocalizedName,0,-1,Imperial Helmet,
area_ghaa_grand_,git,Creature List/0/Equip_ItemList/1/LocalizedName,0,-1,Imperial Banded Mail,
area_ghaa_grand_,git,Creature List/0/Equip_ItemList/2/LocalizedName,0,-1,Halberd,
area_ghaa_grand_,git,Creature List/0/FirstName,0,-1,Ghaarak Imperial Guard,
area_ghaa_grand_,git,Creature List/1/Equip_ItemList/0/LocalizedName,0,-1,Imperial Helmet,
area_ghaa_grand_,git,Creature List/1/Equip_ItemList/1/LocalizedName,0,-1,Imperial Banded Mail,
area_ghaa_grand_,git,Creature List/1/Equip_ItemList/2/LocalizedName,0,-1,Halberd,
area_ghaa_grand_,git,Creature List/1/FirstName,0,-1,Ghaarak Imperial Guard,
area_ghaa_grand_,git,Creature List/2/Equip_ItemList/0/LocalizedName,0,-1,Imperial Helmet,
area_ghaa_grand_,git,Creature List/2/Equip_ItemList/1/LocalizedName,0,-1,Imperial Banded Mail,
area_ghaa_grand_,git,Creature List/2/Equip_ItemList/2/LocalizedName,0,-1,Halberd,
area_ghaa_grand_,git,Creature List/2/FirstName,0,-1,Ghaarak Imperial Guard,
area_ghaa_grand_,git,Creature List/3/Equip_ItemList/0/LocalizedName,0,-1,Imperial Helmet,
area_ghaa_grand_,git,Creature List/3/Equip_ItemList/1/LocalizedName,0,-1,Imperial Banded Mail,
area_ghaa_grand_,git,Creature List/3/Equip_ItemList/2/LocalizedName,0,-1,Halberd,
area_ghaa_grand_,git,Creature List/3/FirstName,0,-1,Ghaarak Imperial Guard,
area_ghaa_grand_,git,Creature List/4/Equip_ItemList/0/LocalizedName,0,-1,Imperial Helmet,
area_ghaa_grand_,git,Creature List/4/Equip_ItemList/1/LocalizedName,0,-1,Imperial Banded Mail,
area_ghaa_grand_,git,Creature List/4/Equip_ItemList/2/LocalizedName,0,-1,Halberd,
area_ghaa_grand_,git,Creature List/4/FirstName,0,-1,Ghaarak Imperial Guard,
area_ghaa_grand_,git,Creature List/5/Equip_ItemList/0/LocalizedName,0,-1,Imperial Uniform,
area_ghaa_grand_,git,Creature List/5/Equip_ItemList/1/DescIdentified,0,-1,"Imbued with runes of protection and warding, the Amulet of the Veil provides its wearer with minor protection from both mundane weapons and spells.",
area_ghaa_grand_,git,Creature List/5/Equip_ItemList/1/LocalizedName,0,-1,Amulet of the Veil,
area_ghaa_grand_,git,Creature List/5/FirstName,0,-1,Chancellor Varhun,
area_ghaa_grand_,git,Creature List/5/ItemList/0/DescIdentified,0,-1,This key was found in Chancellor Varhun's possession.,
area_ghaa_grand_,git,Creature List/5/ItemList/0/LocalizedName,0,-1,Varhun's Key,
area_ghaa_grand_,git,Creature List/5/ItemList/1/DescIdentified,0,-1,"This strange stone, covered in runes for summoning small impish creatures, was ruined during your fight with Varhun.  It does not appear to have been made from any standard Imperial material...",
area_ghaa_grand_,git,Creature List/5/ItemList/1/Description,0,-1,"This stone, recovered from Chancellor Varhun of Ghaarak, is covered in strange runes.  However, you lack the knowledge of such stones to make an accurate identification.",
area_ghaa_grand_,git,Creature List/5/ItemList/1/LocalizedName,0,-1,Varhun's Stone (Ruined),
area_ghaa_grand_,git,Creature List/5/ItemList/2/DescIdentified,0,-1,"Given to magic users when they reach the rank of adept, these staves greatly increase the efficiency of a spellcaster's power.",
area_ghaa_grand_,git,Creature List/5/ItemList/2/LocalizedName,0,-1,Adept's Staff,
area_ghaa_grand_,git,Creature List/6/Equip_ItemList/0/LocalizedName,0,-1,Imperial Helmet,
area_ghaa_grand_,git,Creature List/6/Equip_ItemList/1/LocalizedName,0,-1,Imperial Banded Mail,
area_ghaa_grand_,git,Creature List/6/Equip_ItemList/2/LocalizedName,0,-1,Halberd,
area_ghaa_grand_,git,Creature List/6/FirstName,0,-1,Ghaarak Imperial Guard,
area_ghaa_grand_,git,Creature List/7/Equip_ItemList/0/LocalizedName,0,-1,Imperial Splint Mail,
area_ghaa_grand_,git,Creature List/7/Equip_ItemList/1/LocalizedName,0,-1,Bastard Sword,
area_ghaa_grand_,git,Creature List/7/Equip_ItemList/2/LocalizedName,0,-1,Tower Shield,
area_ghaa_grand_,git,Creature List/7/FirstName,0,-1,Imperial Captain Anagril,
area_ghaa_grand_,git,Creature List/8/Equip_ItemList/0/LocalizedName,0,-1,Imperial Robing,
area_ghaa_grand_,git,Creature List/8/FirstName,0,-1,Zhiram,
area_ghaa_grand_,git,Creature List/8/LastName,0,-1,", High Sorcerer of Ghaarak",
area_ghaa_grand_,git,Creature List/9/Equip_ItemList/0/DescIdentified,0,-1,"This armor has been engraved with runes of protection, granting substantial magical defense to its wearer.",
area_ghaa_grand_,git,Creature List/9/Equip_ItemList/0/LocalizedName,0,-1,Runed Full Plate,
area_ghaa_grand_,git,Creature List/9/FirstName,0,-1,Overlord Vhorkas,
area_ghaa_grand_,git,Creature List/9/ItemList/0/DescIdentified,0,-1,"This weapon is imbued with a minor magical enchantment.  While certainly uncommon, such enchantments are fairly easy to create for a magic user of moderate ability.",
area_ghaa_grand_,git,Creature List/9/ItemList/0/LocalizedName,0,-1,Enchanted Bastard Sword,
area_ghaa_grand_,git,Creature List/9/ItemList/1/DescIdentified,0,-1,"This shield appears to have been enchanted with some minor sorceries, granting protection to its wearer. ",
area_ghaa_grand_,git,Creature List/9/ItemList/1/LocalizedName,0,-1,Enchanted Tower Shield,
area_ghaa_grand_,git,Door List/0/LocName,0,5349,Door,문
area_ghaa_grand_,git,Door List/1/LocName,0,5349,Door,문
area_ghaa_grand_,git,Door List/10/LocName,0,5349,Door,문
area_ghaa_grand_,git,Door List/11/LocName,0,5349,Door,문
area_ghaa_grand_,git,Door List/2/LocName,0,5349,Door,문
area_ghaa_grand_,git,Door List/3/LocName,0,5349,Door,문
area_ghaa_grand_,git,Door List/4/LocName,0,5349,Door,문
area_ghaa_grand_,git,Door List/5/LocName,0,5349,Door,문
area_ghaa_grand_,git,Door List/6/LocName,0,5349,Door,문
area_ghaa_grand_,git,Door List/7/LocName,0,5349,Door,문
area_ghaa_grand_,git,Door List/8/LocName,0,5349,Door,문
area_ghaa_grand_,git,Door List/9/LocName,0,5349,Door,문
area_ghaa_grand_,git,Placeable List/0/Description,0,14543,"Sitting atop this altar is the Control Stone of Ghaarak, a powerful orb of magical energies crafted by the Imperial sorcerers of the city.  This stone is used to activate and deactivate the magical wards guarding the Imperial District gates, in times of emergency, and is also used to control the constructs which aid in day to day Imperial labor.",
area_ghaa_grand_,git,Placeable List/0/LocName,0,14541,The Control Stone,
area_ghaa_grand_,git,Placeable List/1/Description,0,14727,A searing shaft of golden light descends from some unseen place above.,황금 빛의 불태우는 줄기가 보이지도 않는 위에서 내려옵니다.
area_ghaa_grand_,git,Placeable List/1/LocName,0,14719,Shaft of Light,빛줄기
area_ghaa_grand_,git,Placeable List/10/Description,0,14732,Emperor Rakha's stony gaze bears down on you.,
area_ghaa_grand_,git,Placeable List/10/LocName,0,14536,Statue of Emperor Rakha,
area_ghaa_grand_,git,Placeable List/11/Description,0,14607,A small drawer extends beneath the gleaming tabletop. It probably doubles as a desk when there's the need.,윤이 나는 탁자의 상판 아래로 작은 서랍이 열립니다. 필요할 때는 책상을 두 배 크기로 쓸 수 있어 보입니다.
area_ghaa_grand_,git,Placeable List/11/ItemList/0/DescIdentified,0,-1,This key unlocks the Chamber of the Control Stone in the Imperial Grand Hall of Ghaarak.,
area_ghaa_grand_,git,Placeable List/11/ItemList/0/LocalizedName,0,-1,Key to the Control Stone Chamber,
area_ghaa_grand_,git,Placeable List/11/LocName,0,5655,Desk,책상
area_ghaa_grand_,git,Placeable List/12/Description,0,14742,"Whether by magic or the weight of history, the gold-seated throne exudes confidence and authority. Wise are the rulers who have called this seat their own.",마법이든 역사의 무게이든 이 황금 옥좌는 자신감과 권위를 자아냅니다. 현명한 통치자들은 이 자리를 자신의 자리라 불렀습니다.
area_ghaa_grand_,git,Placeable List/12/LocName,0,14741,Throne,옥좌
area_ghaa_grand_,git,Placeable List/15/Description,0,14575,"A dizzying array of written works, each catalogued according to some fashion you cannot fathom. A number of them appear to be written in foreign tongues altogether.",아찔하게 많은 저작물 각각이 당신이 헤아릴 수없는 방식으로 분류되어 있습니다. 이 중 다수는 전체를 외국어로 작성한 것으로 보입니다.
area_ghaa_grand_,git,Placeable List/15/LocName,0,14576,Bookshelf,책장
area_ghaa_grand_,git,Placeable List/16/Description,0,14575,"A dizzying array of written works, each catalogued according to some fashion you cannot fathom. A number of them appear to be written in foreign tongues altogether.",아찔하게 많은 저작물 각각이 당신이 헤아릴 수없는 방식으로 분류되어 있습니다. 이 중 다수는 전체를 외국어로 작성한 것으로 보입니다.
area_ghaa_grand_,git,Placeable List/16/LocName,0,14576,Bookshelf,책장
area_ghaa_grand_,git,Placeable List/17/Description,0,14574,"The books lay piled atop each other with little in the way of rhyme or reason, as if someone was interrupted while in the process of returning them to their place.","누군가 책을 제자리에 돌려놓는 과정에서 방해라도 받은 듯이, 책들은 음절이나 이유와 관계없이 쌓여 있습니다."
area_ghaa_grand_,git,Placeable List/17/LocName,0,5698,Book Piles,책 더미
area_ghaa_grand_,git,Placeable List/18/Description,0,14574,"The books lay piled atop each other with little in the way of rhyme or reason, as if someone was interrupted while in the process of returning them to their place.","누군가 책을 제자리에 돌려놓는 과정에서 방해라도 받은 듯이, 책들은 음절이나 이유와 관계없이 쌓여 있습니다."
area_ghaa_grand_,git,Placeable List/18/LocName,0,5698,Book Piles,책 더미
area_ghaa_grand_,git,Placeable List/19/Description,0,14574,"The books lay piled atop each other with little in the way of rhyme or reason, as if someone was interrupted while in the process of returning them to their place.","누군가 책을 제자리에 돌려놓는 과정에서 방해라도 받은 듯이, 책들은 음절이나 이유와 관계없이 쌓여 있습니다."
area_ghaa_grand_,git,Placeable List/19/LocName,0,5698,Book Piles,책 더미
area_ghaa_grand_,git,Placeable List/22/Description,0,14607,A small drawer extends beneath the gleaming tabletop. It probably doubles as a desk when there's the need.,윤이 나는 탁자의 상판 아래로 작은 서랍이 열립니다. 필요할 때는 책상을 두 배 크기로 쓸 수 있어 보입니다.
area_ghaa_grand_,git,Placeable List/22/ItemList/0/LocalizedName,0,-1,Gold Piece,
area_ghaa_grand_,git,Placeable List/22/ItemList/1/DescIdentified,0,-1,"[This letter, found amidst the belongings of Chancellor Varhun of Ghaarak, reads:

""Chancellor, I write in response to your plea for aid with your current... dilemma...  It seems both you and I have a great desire to see an end to the rule of Magistrate Okaris, a thorn in both our sides.  I have devised a plan in which we may rid ourselves of the Magistrate once and for all, one which we will discuss in further detail upon my arrival.  Should you hear of an appearance by a prophet, garbed in red, be prepared to take matters into your own hands immediately.

Beyond that, you may choose how else to serve your own advancement in the Imperial ranks.  Just be certain to use discretion, as it would not do for our plans to be revealed prematurely.

Remember, should the prophet in red appear, it is imperative that Okaris does not live to see the next dawn.  If you serve us well, we may be able to find other purposes to which we can apply your skills...""

The letter is unsigned.]",
area_ghaa_grand_,git,Placeable List/22/ItemList/1/LocalizedName,0,-1,Chancellor Varhun's Letter,
area_ghaa_grand_,git,Placeable List/22/LocName,0,5655,Desk,책상
area_ghaa_grand_,git,Placeable List/23/Description,0,14593,It is a simple chair but the grace of its lines speaks to the quality of its craftmanship.,"이 의자는 단순한 듯 보이지만, 그 우아한 곡선은 이 의자가 장인정신이 깃든 작품임을 말해 주고 있습니다."
area_ghaa_grand_,git,Placeable List/23/LocName,0,5822,NPC Chair (Plot),
area_ghaa_grand_,git,Placeable List/26/Description,0,14681,"The low pedestal gleams an alabaster white, shadows playing across its fluted column.","낮은 받침대는 설화석고로 하얗게 빛나고 있으며, 홈이 새겨진 기둥을 그림자가 가로지르고 있습니다."
area_ghaa_grand_,git,Placeable List/26/LocName,0,5718,Control Room Pedestal,
area_ghaa_grand_,git,Placeable List/27/Description,0,14681,"The low pedestal gleams an alabaster white, shadows playing across its fluted column.","낮은 받침대는 설화석고로 하얗게 빛나고 있으며, 홈이 새겨진 기둥을 그림자가 가로지르고 있습니다."
area_ghaa_grand_,git,Placeable List/27/LocName,0,5718,Control Room Pedestal,
area_ghaa_grand_,git,Placeable List/28/Description,0,14681,"The low pedestal gleams an alabaster white, shadows playing across its fluted column.","낮은 받침대는 설화석고로 하얗게 빛나고 있으며, 홈이 새겨진 기둥을 그림자가 가로지르고 있습니다."
area_ghaa_grand_,git,Placeable List/28/LocName,0,5718,Control Room Pedestal,
area_ghaa_grand_,git,Placeable List/29/Description,0,14681,"The low pedestal gleams an alabaster white, shadows playing across its fluted column.","낮은 받침대는 설화석고로 하얗게 빛나고 있으며, 홈이 새겨진 기둥을 그림자가 가로지르고 있습니다."
area_ghaa_grand_,git,Placeable List/29/LocName,0,5718,Control Room Pedestal,
area_ghaa_grand_,git,Placeable List/30/Description,0,14681,"The low pedestal gleams an alabaster white, shadows playing across its fluted column.","낮은 받침대는 설화석고로 하얗게 빛나고 있으며, 홈이 새겨진 기둥을 그림자가 가로지르고 있습니다."
area_ghaa_grand_,git,Placeable List/30/LocName,0,5718,Control Room Pedestal,
area_ghaa_grand_,git,Placeable List/31/Description,0,14681,"The low pedestal gleams an alabaster white, shadows playing across its fluted column.","낮은 받침대는 설화석고로 하얗게 빛나고 있으며, 홈이 새겨진 기둥을 그림자가 가로지르고 있습니다."
area_ghaa_grand_,git,Placeable List/31/LocName,0,5718,Control Room Pedestal,
area_ghaa_grand_,git,Placeable List/32/Description,0,14681,"The low pedestal gleams an alabaster white, shadows playing across its fluted column.","낮은 받침대는 설화석고로 하얗게 빛나고 있으며, 홈이 새겨진 기둥을 그림자가 가로지르고 있습니다."
area_ghaa_grand_,git,Placeable List/32/LocName,0,5718,Control Room Pedestal,
area_ghaa_grand_,git,Placeable List/33/Description,0,14681,"The low pedestal gleams an alabaster white, shadows playing across its fluted column.","낮은 받침대는 설화석고로 하얗게 빛나고 있으며, 홈이 새겨진 기둥을 그림자가 가로지르고 있습니다."
area_ghaa_grand_,git,Placeable List/33/LocName,0,5718,Control Room Pedestal,
area_ghaa_grand_,git,Placeable List/34/Description,0,14681,"The low pedestal gleams an alabaster white, shadows playing across its fluted column.","낮은 받침대는 설화석고로 하얗게 빛나고 있으며, 홈이 새겨진 기둥을 그림자가 가로지르고 있습니다."
area_ghaa_grand_,git,Placeable List/34/LocName,0,5718,Control Room Pedestal,
area_ghaa_grand_,git,Placeable List/35/Description,0,14681,"The low pedestal gleams an alabaster white, shadows playing across its fluted column.","낮은 받침대는 설화석고로 하얗게 빛나고 있으며, 홈이 새겨진 기둥을 그림자가 가로지르고 있습니다."
area_ghaa_grand_,git,Placeable List/35/LocName,0,5718,Control Room Pedestal,
area_ghaa_grand_,git,Placeable List/36/Description,0,14681,"The low pedestal gleams an alabaster white, shadows playing across its fluted column.","낮은 받침대는 설화석고로 하얗게 빛나고 있으며, 홈이 새겨진 기둥을 그림자가 가로지르고 있습니다."
area_ghaa_grand_,git,Placeable List/36/LocName,0,5718,Control Room Pedestal,
area_ghaa_grand_,git,Placeable List/37/Description,0,14681,"The low pedestal gleams an alabaster white, shadows playing across its fluted column.","낮은 받침대는 설화석고로 하얗게 빛나고 있으며, 홈이 새겨진 기둥을 그림자가 가로지르고 있습니다."
area_ghaa_grand_,git,Placeable List/37/LocName,0,5718,Control Room Pedestal,
area_ghaa_grand_,git,Placeable List/38/Description,0,14575,"A dizzying array of written works, each catalogued according to some fashion you cannot fathom. A number of them appear to be written in foreign tongues altogether.",아찔하게 많은 저작물 각각이 당신이 헤아릴 수없는 방식으로 분류되어 있습니다. 이 중 다수는 전체를 외국어로 작성한 것으로 보입니다.
area_ghaa_grand_,git,Placeable List/38/LocName,0,14576,Bookshelf,책장
area_ghaa_grand_,git,Placeable List/39/Description,0,14575,"A dizzying array of written works, each catalogued according to some fashion you cannot fathom. A number of them appear to be written in foreign tongues altogether.",아찔하게 많은 저작물 각각이 당신이 헤아릴 수없는 방식으로 분류되어 있습니다. 이 중 다수는 전체를 외국어로 작성한 것으로 보입니다.
area_ghaa_grand_,git,Placeable List/39/LocName,0,14576,Bookshelf,책장
area_ghaa_grand_,git,Placeable List/40/Description,0,14574,"The books lay piled atop each other with little in the way of rhyme or reason, as if someone was interrupted while in the process of returning them to their place.","누군가 책을 제자리에 돌려놓는 과정에서 방해라도 받은 듯이, 책들은 음절이나 이유와 관계없이 쌓여 있습니다."
area_ghaa_grand_,git,Placeable List/40/LocName,0,5698,Book Piles,책 더미
area_ghaa_grand_,git,Placeable List/41/Description,0,14589,"Thick tallow candles burn low upon their iron stand. Small mounds have formed on the floor below, where the fallen tallow has accumulated.",동물 기름으로 만든 두툼한 초가 철제 받침대 위에서 낮게 타오릅니다. 떨어진 촛농이 쌓여 아래쪽에는 작은 언덕을 형성하고 있습니다.
area_ghaa_grand_,git,Placeable List/41/LocName,0,5703,Candelabra,가지달린 촛대
area_ghaa_grand_,git,Placeable List/42/Description,0,14589,"Thick tallow candles burn low upon their iron stand. Small mounds have formed on the floor below, where the fallen tallow has accumulated.",동물 기름으로 만든 두툼한 초가 철제 받침대 위에서 낮게 타오릅니다. 떨어진 촛농이 쌓여 아래쪽에는 작은 언덕을 형성하고 있습니다.
area_ghaa_grand_,git,Placeable List/42/LocName,0,5703,Candelabra,가지달린 촛대
area_ghaa_grand_,git,Placeable List/43/Description,0,14575,"A dizzying array of written works, each catalogued according to some fashion you cannot fathom. A number of them appear to be written in foreign tongues altogether.",아찔하게 많은 저작물 각각이 당신이 헤아릴 수없는 방식으로 분류되어 있습니다. 이 중 다수는 전체를 외국어로 작성한 것으로 보입니다.
area_ghaa_grand_,git,Placeable List/43/LocName,0,14576,Bookshelf,책장
area_ghaa_grand_,git,Placeable List/44/Description,0,14594,"Bound in iron and with a heavy lock, this heavy chest was obviously meant to protect something of value.",철로 감싸졌고 자물쇠가 채워진 이 무거운 궤짝은 분명히 가치 있는 무언가를 보호하기 위한 것입니다.
area_ghaa_grand_,git,Placeable List/44/ItemList/0/DescIdentified,0,-1,"The Control Stone is a device unlike any other ever created here in Ghaarak. Its tremendous power has been utilized for many extraordinary purposes. The grandest of these achievements is certainly the impervious shield we can summon over the district gates in the unlikely event we ever come under attack. In addition, the stone has been used extensively for the purpose of animating magical constructs to aid in menial tasks of labor, allowing our Imperial citizens ample time to pursue more fitting pursuits.

Activation of the Control Stone is quite simple. The simple arcane phrase, ""Milak Navok"", is all that is needed to summon forth the stone's power, though of course we have placed runes of warding to prevent any improper use. High Sorcerer Zhiram has been placed in charge of the Control Stone's usage, so should you need to utilize its abilities, please speak with him. Only he can give you the proper rune combination to pass through its protections, and command the power of the stone.

Be wary of tampering with the stone in any unlawful fashion. The sorceries at work within are quite potent, and if unleashed, could prove quite destructive and dangerous.",
area_ghaa_grand_,git,Placeable List/44/ItemList/0/LocalizedName,0,-1,Ledger #13 : The Control Stone,
area_ghaa_grand_,git,Placeable List/44/LocName,0,5348,Chest,궤짝
area_ghaa_grand_,git,Placeable List/53/ItemList/0/DescIdentified,0,-1,"This pack contains enough food and water for a single day of adventuring. Most nobles and merchants use this sort of food pack while traveling out in the wilds of the empire. Though there are many other substitutes for traditional packed rations, this is the most popular choice of those that can afford it.

This item can be used as a ration. You will need to have some form of ration in your inventory to gain any benefit from resting.",
area_ghaa_grand_,git,Placeable List/53/ItemList/0/LocalizedName,0,-1,Packed Rations,
area_ghaa_grand_,git,Placeable List/53/ItemList/1/DescIdentified,0,-1,"This pack contains enough food and water for a single day of adventuring. Most nobles and merchants use this sort of food pack while traveling out in the wilds of the empire. Though there are many other substitutes for traditional packed rations, this is the most popular choice of those that can afford it.

This item can be used as a ration. You will need to have some form of ration in your inventory to gain any benefit from resting.",
area_ghaa_grand_,git,Placeable List/53/ItemList/1/LocalizedName,0,-1,Packed Rations,
area_ghaa_grand_,git,Placeable List/53/LocName,0,5656,Bag,
area_ghaa_grand_,git,Placeable List/6/Description,0,14732,The unblinking eyes of this stature blankly return your gaze. There is no marker identifying who this figure might have been.,이 조각상의 깜박이지 않는 눈은 멍하니 당신의 시선을 돌려놓습니다. 이 인물이 누구였는지 나타내는 표시가 없습니다.
area_ghaa_grand_,git,Placeable List/6/LocName,0,14536,Statue of Emperor Rakha,
area_ghaa_grand_,git,Placeable List/62/Description,0,84585,"This globe depicts the world of Abaran. You spy the empire's northern province as it spins past, the city of Ghaarak flagged within it.",
area_ghaa_grand_,git,Placeable List/62/LocName,0,84569,Globe of Abaran,
area_ghaa_grand_,git,Placeable List/7/Description,0,14732,Emperor Rakha's stony gaze bears down on you.,
area_ghaa_grand_,git,Placeable List/7/LocName,0,14536,Statue of Emperor Rakha,
area_ghaa_grand_,git,SoundList/0/LocName,0,-1,Jacobs Ladder,
area_ghaa_grand_,git,TriggerList/0/LocalizedName,0,14759,Okaris Create Trigger,
area_ghaa_grand_,git,TriggerList/1/LocalizedName,0,14759,New Generic,새 일반
area_ghaa_grand_,git,TriggerList/2/LocalizedName,0,14759,New Generic,새 일반
area_ghaa_grand_,git,TriggerList/3/LocalizedName,0,14759,New Generic,새 일반
area_ghaa_grand_,git,TriggerList/4/LocalizedName,0,14759,Create Trigger - Harkon,
area_ghaa_grand_,git,TriggerList/5/LocalizedName,0,-1,Cutscene Trigger,
area_ghaa_grand_,git,WaypointList/0/LocalizedName,0,14814,Map Note,지도 설명
area_ghaa_grand_,git,WaypointList/0/MapNote,0,14815,To the Imperial District,
area_ghaa_grand_,git,WaypointList/1/LocalizedName,0,-1,WP_CT_UNIQ_NT_OK_0,
area_ghaa_grand_,git,WaypointList/10/LocalizedName,0,14817,Waypoint,웨이포인트
area_ghaa_grand_,git,WaypointList/11/LocalizedName,0,14817,Waypoint,웨이포인트
area_ghaa_grand_,git,WaypointList/12/LocalizedName,0,14817,Waypoint,웨이포인트
area_ghaa_grand_,git,WaypointList/13/LocalizedName,0,14817,Cutscene Waypoint,
area_ghaa_grand_,git,WaypointList/14/LocalizedName,0,-1,Harkon Spawn Point,
area_ghaa_grand_,git,WaypointList/15/LocalizedName,0,14814,Map Note,지도 설명
area_ghaa_grand_,git,WaypointList/15/MapNote,0,14815,Storage Room,
area_ghaa_grand_,git,WaypointList/2/LocalizedName,0,14814,Map Note,지도 설명
area_ghaa_grand_,git,WaypointList/2/MapNote,0,14815,Council Chamber,
area_ghaa_grand_,git,WaypointList/3/LocalizedName,0,14814,Map Note,지도 설명
area_ghaa_grand_,git,WaypointList/3/MapNote,0,14815,Library,
area_ghaa_grand_,git,WaypointList/4/LocalizedName,0,14814,Map Note,지도 설명
area_ghaa_grand_,git,WaypointList/4/MapNote,0,14815,Chamber of the Control Stone,
area_ghaa_grand_,git,WaypointList/5/LocalizedName,0,14817,Waypoint,웨이포인트
area_ghaa_grand_,git,WaypointList/6/LocalizedName,0,14814,Map Note,지도 설명
area_ghaa_grand_,git,WaypointList/6/MapNote,0,14815,Chamber of Chancellor Varhun,
area_ghaa_grand_,git,WaypointList/7/LocalizedName,0,14814,Map Note,지도 설명
area_ghaa_grand_,git,WaypointList/7/MapNote,0,14815,Chancellor Varhun's Quarters,
area_ghaa_grand_,git,WaypointList/8/LocalizedName,0,14814,Map Note,지도 설명
area_ghaa_grand_,git,WaypointList/8/MapNote,0,14815,The Imperial Treasury,
area_ghaa_grand_,git,WaypointList/9/LocalizedName,0,14817,Waypoint,웨이포인트
area_misc_specia,git,WaypointList/0/LocalizedName,0,14817,Waypoint,웨이포인트
area_misc_specia,git,WaypointList/1/LocalizedName,0,14817,Waypoint,웨이포인트
area_void_eter_c,git,Creature List/0/FirstName,0,-1,The Eternal Spirit,
area_void_eter_c,git,Placeable List/0/Description,0,14624,"The fire crackles and burns, consuming everything within its scorching heat.",불이 맹렬한 열기로 모든 것을 먹어 치우며 탁탁 소리와 함께 타오릅니다.
area_void_eter_c,git,Placeable List/0/LocName,0,14625,Flame,불꽃
area_void_eter_c,git,WaypointList/0/LocalizedName,0,14817,Waypoint,웨이포인트
factionarea,git,Placeable List/0/LocName,0,-1,Faction Object - NEUTRAL,
factionarea,git,Placeable List/1/LocName,0,-1,Faction Object - HOSTILE,
ghaarakimperi001,git,Creature List/0/Equip_ItemList/0/LocalizedName,0,-1,Imperial Instructor Clothing,
ghaarakimperi001,git,Creature List/0/FirstName,0,-1,Imperial Instructor Jarvis,
ghaarakimperi001,git,Creature List/1/Equip_ItemList/0/LocalizedName,0,-1,Imperial Uniform,
ghaarakimperi001,git,Creature List/1/FirstName,0,-1,Janthos,
ghaarakimperi001,git,Creature List/1/LastName,0,-1,the Inventor,
ghaarakimperi001,git,Creature List/2/Equip_ItemList/0/LocalizedName,0,-1,Imperial Helmet,
ghaarakimperi001,git,Creature List/2/Equip_ItemList/1/LocalizedName,0,-1,Imperial Banded Mail,
ghaarakimperi001,git,Creature List/2/Equip_ItemList/2/LocalizedName,0,-1,Halberd,
ghaarakimperi001,git,Creature List/2/FirstName,0,-1,Imperial Guard,
ghaarakimperi001,git,Creature List/3/Equip_ItemList/0/LocalizedName,0,-1,Imperial Helmet,
ghaarakimperi001,git,Creature List/3/Equip_ItemList/1/LocalizedName,0,-1,Imperial Banded Mail,
ghaarakimperi001,git,Creature List/3/Equip_ItemList/2/LocalizedName,0,-1,Halberd,
ghaarakimperi001,git,Creature List/3/FirstName,0,-1,Imperial Guard,
ghaarakimperi001,git,Creature List/4/Equip_ItemList/0/LocalizedName,0,-1,Standard Imperial Clothing,
ghaarakimperi001,git,Creature List/4/FirstName,0,-1,Imperial Citizen,
ghaarakimperi001,git,Creature List/5/Equip_ItemList/0/LocalizedName,0,-1,Standard Imperial Clothing,
ghaarakimperi001,git,Creature List/5/FirstName,0,-1,Imperial Citizen,
ghaarakimperi001,git,Creature List/6/Equip_ItemList/0/LocalizedName,0,-1,Standard Imperial Clothing,
ghaarakimperi001,git,Creature List/6/FirstName,0,-1,Imperial Citizen,
ghaarakimperi001,git,Creature List/7/Equip_ItemList/0/LocalizedName,0,-1,Standard Imperial Clothing,
ghaarakimperi001,git,Creature List/7/FirstName,0,-1,Imperial Citizen,
ghaarakimperi001,git,Door List/0/LocName,0,5349,Door,문
ghaarakimperi001,git,Placeable List/2/Description,0,14577,"Loosely nailed, this wooden crate appears intended for temporary storage.",느슨하게 못을 박은 이 나무 궤짝은 임시 보관용으로 보입니다.
ghaarakimperi001,git,Placeable List/2/ItemList/0/DescIdentified,0,13410,"Used as often in the peasant's home as the dungeon's dark, these simple concoctions are common throughout Abaran.",던전의 어둠 만큼이나 농부의 집에서도 자주 사용하는 이런 간단한 혼합물은 페이룬 전역에서 흔히 볼 수 있습니다.
ghaarakimperi001,git,Placeable List/2/ItemList/0/LocalizedName,0,13411,Potion of Cure Light Wounds,가벼운 상처 치료의 물약
ghaarakimperi001,git,Placeable List/2/ItemList/1/DescIdentified,0,13448,"These curative potions are too expensive for most civilians, and are used almost exclusively by soldiers and adventurers.","이 치료 물약은 대부분의 시민들에게 너무 비싸기 때문에, 대부분은 군인과 모험가들만이 사용하고 있습니다."
ghaarakimperi001,git,Placeable List/2/ItemList/1/LocalizedName,0,13449,Potion of Cure Moderate Wounds,일반 상처 치료의 물약
ghaarakimperi001,git,Placeable List/2/ItemList/2/DescIdentified,0,13412,"With the power to staunch the flow of blood or knit a broken bone, these potions are in common use among the dangerous professions.",출혈을 멈추거나 부러진 뼈를 접합하는 힘을 가진 이런 물약은 일반적으로 위험한 일을 하는 이들이 사용합니다.
ghaarakimperi001,git,Placeable List/2/ItemList/2/LocalizedName,0,13413,Potion of Cure Serious Wounds,심각한 상처 치료의 물약
ghaarakimperi001,git,Placeable List/2/LocName,0,14578,Crate,궤짝
ghaarakimperi001,git,Placeable List/3/Description,0,14577,"Loosely nailed, this wooden crate appears intended for temporary storage.",느슨하게 못을 박은 이 나무 궤짝은 임시 보관용으로 보입니다.
ghaarakimperi001,git,Placeable List/3/ItemList/0/DescIdentified,0,-1,"This pack contains enough food and water for a single day of adventuring. Most nobles and merchants use this sort of food pack while traveling out in the wilds of the empire. Though there are many other substitutes for traditional packed rations, this is the most popular choice of those that can afford it.

This item can be used as a ration. You will need to have some form of ration in your inventory to gain any benefit from resting.",
ghaarakimperi001,git,Placeable List/3/ItemList/0/LocalizedName,0,-1,Packed Rations,
ghaarakimperi001,git,Placeable List/3/ItemList/1/DescIdentified,0,-1,"This pack contains enough food and water for a single day of adventuring. Most nobles and merchants use this sort of food pack while traveling out in the wilds of the empire. Though there are many other substitutes for traditional packed rations, this is the most popular choice of those that can afford it.

This item can be used as a ration. You will need to have some form of ration in your inventory to gain any benefit from resting.",
ghaarakimperi001,git,Placeable List/3/ItemList/1/LocalizedName,0,-1,Packed Rations,
ghaarakimperi001,git,Placeable List/3/ItemList/2/DescIdentified,0,-1,"This pack contains enough food and water for a single day of adventuring. Most nobles and merchants use this sort of food pack while traveling out in the wilds of the empire. Though there are many other substitutes for traditional packed rations, this is the most popular choice of those that can afford it.

This item can be used as a ration. You will need to have some form of ration in your inventory to gain any benefit from resting.",
ghaarakimperi001,git,Placeable List/3/ItemList/2/LocalizedName,0,-1,Packed Rations,
ghaarakimperi001,git,Placeable List/3/ItemList/3/DescIdentified,0,-1,"This pack contains enough food and water for a single day of adventuring. Most nobles and merchants use this sort of food pack while traveling out in the wilds of the empire. Though there are many other substitutes for traditional packed rations, this is the most popular choice of those that can afford it.

This item can be used as a ration. You will need to have some form of ration in your inventory to gain any benefit from resting.",
ghaarakimperi001,git,Placeable List/3/ItemList/3/LocalizedName,0,-1,Packed Rations,
ghaarakimperi001,git,Placeable List/3/LocName,0,14578,Crate,궤짝
ghaarakimperi001,git,Placeable List/4/Description,0,14577,"Loosely nailed, this wooden crate appears intended for temporary storage.",느슨하게 못을 박은 이 나무 궤짝은 임시 보관용으로 보입니다.
ghaarakimperi001,git,Placeable List/4/ItemList/0/LocalizedName,0,-1,Arrow,
ghaarakimperi001,git,Placeable List/4/ItemList/1/LocalizedName,0,-1,Bolt,
ghaarakimperi001,git,Placeable List/4/ItemList/2/LocalizedName,0,-1,Bullet,
ghaarakimperi001,git,Placeable List/4/ItemList/3/LocalizedName,0,-1,Light Crossbow,
ghaarakimperi001,git,Placeable List/4/ItemList/4/LocalizedName,0,-1,Shortbow,
ghaarakimperi001,git,Placeable List/4/ItemList/5/LocalizedName,0,-1,Sling,
ghaarakimperi001,git,Placeable List/4/ItemList/6/LocalizedName,0,-1,Dart,
ghaarakimperi001,git,Placeable List/4/ItemList/7/LocalizedName,0,-1,Throwing Axe,
ghaarakimperi001,git,Placeable List/4/ItemList/8/LocalizedName,0,-1,Leather Armor,
ghaarakimperi001,git,Placeable List/4/ItemList/9/LocalizedName,0,-1,Small Shield,
ghaarakimperi001,git,Placeable List/4/LocName,0,14578,Crate,궤짝
ghaarakimperi001,git,TriggerList/0/LocalizedName,0,14759,New Generic,새 일반
ghaarakimperi001,git,WaypointList/0/LocalizedName,0,14817,WP_EXIT,
ghaarakimperi001,git,WaypointList/0/MapNote,0,-1,To the Imperial District,
ghaarakimperi001,git,WaypointList/1/LocalizedName,0,14817,Waypoint,웨이포인트
ghaarakimperi001,git,WaypointList/2/LocalizedName,0,14817,Waypoint,웨이포인트
ghaarakimperiala,git,Creature List/0/Equip_ItemList/0/LocalizedName,0,-1,Imperial Instructor Clothing,
ghaarakimperiala,git,Creature List/0/FirstName,0,-1,Imperial Instructor Jarvis,
ghaarakimperiala,git,Creature List/1/Equip_ItemList/0/LocalizedName,0,-1,Standard Imperial Clothing,
ghaarakimperiala,git,Creature List/1/FirstName,0,-1,Imperial Servant Gilles,
ghaarakimperiala,git,Creature List/2/Equip_ItemList/0/LocalizedName,0,-1,Imperial Uniform,
ghaarakimperiala,git,Creature List/2/FirstName,0,-1,Janthos,
ghaarakimperiala,git,Creature List/2/LastName,0,-1,the Inventor,
ghaarakimperiala,git,Creature List/3/Equip_ItemList/0/LocalizedName,0,-1,Imperial Uniform,
ghaarakimperiala,git,Creature List/3/FirstName,0,-1,Alia,
ghaarakimperiala,git,Creature List/4/Equip_ItemList/0/LocalizedName,0,-1,Clothing 2,
ghaarakimperiala,git,Creature List/4/FirstName,0,-1,Male Commoner,
ghaarakimperiala,git,Creature List/5/Equip_ItemList/0/LocalizedName,0,-1,Clothing 3,
ghaarakimperiala,git,Creature List/5/FirstName,0,-1,Female Commoner,
ghaarakimperiala,git,Door List/0/LocName,0,5349,Door,문
ghaarakimperiala,git,Placeable List/26/Description,0,41775,Emperor Rakha's stony gaze bears down on you.,
ghaarakimperiala,git,Placeable List/26/LocName,0,84559,Statue of Emperor Rahka,
ghaarakimperiala,git,Placeable List/4/Description,0,14543,"A small altar rests before you. The heavy stone seems stoic and firmly rooted, leaving you wondering how long it has been there.","작은 제단이 당신 앞에 놓여 있습니다. 무거운 돌이 견고하고 단단하게 고정되어 있는 것 같은데, 얼마나 오래 있었는지는 궁금증으로 남아 있습니다."
ghaarakimperiala,git,Placeable List/4/LocName,0,14541,The Altar of Judgement,
ghaarakimperiala,git,Placeable List/7/Description,0,14579,"The brazier gives off a hot glow. As you reach toward it, you can feel beads of sweat forming on the palm of your hand.",화로가 뜨겁게 타고 있습니다. 손을 뻗으면 손바닥에 땀방울이 맺히는 것을 느낄 수 있습니다.
ghaarakimperiala,git,Placeable List/7/LocName,0,5699,Brazier,화로
ghaarakimperiala,git,Placeable List/8/Description,0,14579,"The brazier gives off a hot glow. As you reach toward it, you can feel beads of sweat forming on the palm of your hand.",화로가 뜨겁게 타고 있습니다. 손을 뻗으면 손바닥에 땀방울이 맺히는 것을 느낄 수 있습니다.
ghaarakimperiala,git,Placeable List/8/LocName,0,5699,Brazier,화로
ghaarakimperiala,git,TriggerList/0/LocalizedName,0,-1,Generic Trigger,
ghaarakimperiala,git,WaypointList/0/LocalizedName,0,14817,WP_EXIT,
ghaarakimperiala,git,WaypointList/0/MapNote,0,-1,To the Imperial District,
ghaarakimperiala,git,WaypointList/1/LocalizedName,0,14817,Waypoint,웨이포인트
ghaarakimperiala,git,WaypointList/2/LocalizedName,0,14814,Map Note,지도 설명
ghaarakimperiala,git,WaypointList/2/MapNote,0,14815,The Altar of the Spirit,
ghaarakimperiala,git,WaypointList/3/LocalizedName,0,14814,Map Note,지도 설명
ghaarakimperiala,git,WaypointList/3/MapNote,0,14815,Statue of Rakha,
ghaarakmarket001,git,Creature List/0/Equip_ItemList/0/LocalizedName,0,-1,Hide Armor,
ghaarakmarket001,git,Creature List/0/Equip_ItemList/1/LocalizedName,0,-1,Battleaxe,
ghaarakmarket001,git,Creature List/0/FirstName,0,-1,Ravenclaw Guard,
ghaarakmarket001,git,Creature List/0/ItemList/0/DescIdentified,0,-1,This key is used to unlock the door to Mikel Ravenclaw's chambers.,
ghaarakmarket001,git,Creature List/0/ItemList/0/LocalizedName,0,-1,Key to Mikel Ravenclaw's Chamber,
ghaarakmarket001,git,Creature List/1/FirstName,0,-1,Ghan,
ghaarakmarket001,git,Creature List/1/ItemList/0/LocalizedName,0,-1,Masterwork Greataxe,
ghaarakmarket001,git,Creature List/1/LastName,0,-1,the Minotaur,
ghaarakmarket001,git,Creature List/2/Equip_ItemList/0/LocalizedName,0,-1,Nightcrawler Uniform,
ghaarakmarket001,git,Creature List/2/FirstName,0,-1,Tavern Patron,
ghaarakmarket001,git,Creature List/2/ItemList/0/DescIdentified,0,-1,"Masterwork weapons are crafted to be perfectly balanced and weighted, allowing for a far greater control and accuracy in battle.",
ghaarakmarket001,git,Creature List/2/ItemList/0/LocalizedName,0,-1,Masterwork Dagger,
ghaarakmarket001,git,Creature List/2/ItemList/1/LocalizedName,0,-1,Nightcrawler Uniform,
ghaarakmarket001,git,Creature List/3/Equip_ItemList/0/LocalizedName,0,-1,Nightcrawler Uniform,
ghaarakmarket001,git,Creature List/3/FirstName,0,-1,Tavern Patron,
ghaarakmarket001,git,Creature List/3/ItemList/0/DescIdentified,0,-1,"Masterwork weapons are crafted to be perfectly balanced and weighted, allowing for a far greater control and accuracy in battle.",
ghaarakmarket001,git,Creature List/3/ItemList/0/LocalizedName,0,-1,Masterwork Dagger,
ghaarakmarket001,git,Creature List/3/ItemList/1/LocalizedName,0,-1,Nightcrawler Uniform,
ghaarakmarket001,git,Creature List/4/Equip_ItemList/0/DescIdentified,0,-1,This suit has been finely woven to suit the tastes of upper nobility.,
ghaarakmarket001,git,Creature List/4/Equip_ItemList/0/LocalizedName,0,-1,Noble's Tunic,
ghaarakmarket001,git,Creature List/4/FirstName,0,-1,Ruknar,
ghaarakmarket001,git,Creature List/4/LastName,0,-1,the Tavern Keeper,
ghaarakmarket001,git,Creature List/5/Equip_ItemList/0/LocalizedName,0,-1,Waitress Clothing 1,
ghaarakmarket001,git,Creature List/5/FirstName,0,-1,Waitress,
ghaarakmarket001,git,Creature List/6/Equip_ItemList/0/LocalizedName,0,-1,Waitress Clothing 1,
ghaarakmarket001,git,Creature List/6/FirstName,0,-1,Waitress,
ghaarakmarket001,git,Creature List/7/Equip_ItemList/0/DescIdentified,0,-1,This armor is emblazoned with the symbols of the Bloodhawk slaver organization.,
ghaarakmarket001,git,Creature List/7/Equip_ItemList/0/LocalizedName,0,-1,Bloodhawk Studded Leather,
ghaarakmarket001,git,Creature List/7/Equip_ItemList/1/DescIdentified,0,-1,"This weapon is imbued with a minor magical enchantment.  While certainly uncommon, such enchantments are fairly easy to create for a magic user of moderate ability.",
ghaarakmarket001,git,Creature List/7/Equip_ItemList/1/LocalizedName,0,-1,Enchanted Short Sword,
ghaarakmarket001,git,Creature List/7/FirstName,0,-1,Bloodhawk,
ghaarakmarket001,git,Creature List/8/Equip_ItemList/0/DescIdentified,0,-1,This outfit is emblazoned with the symbols of the Bloodhawk slaver organization.,
ghaarakmarket001,git,Creature List/8/Equip_ItemList/0/LocalizedName,0,-1,Bloodhawk Outfit,
ghaarakmarket001,git,Creature List/8/Equip_ItemList/1/DescIdentified,0,-1,"This weapon is imbued with a minor magical enchantment.  While certainly uncommon, such enchantments are fairly easy to create for a magic user of moderate ability.",
ghaarakmarket001,git,Creature List/8/Equip_ItemList/1/LocalizedName,0,-1,Enchanted Short Sword,
ghaarakmarket001,git,Creature List/8/FirstName,0,-1,Bloodhawk,
ghaarakmarket001,git,Door List/0/LocName,0,5349,Normal Door,
ghaarakmarket001,git,Door List/1/LocName,0,5349,Normal Door,
ghaarakmarket001,git,Door List/2/LocName,0,5349,Strong Door,
ghaarakmarket001,git,Door List/4/LocName,0,5349,Door,문
ghaarakmarket001,git,Door List/5/LocName,0,5349,Door,문
ghaarakmarket001,git,Placeable List/10/Description,0,14642,The torch paints its environs in warmer hues. You find yourself grateful for its glow. ,횃불이 주변을 따뜻하게 칠하고 있습니다. 당신은 그 불빛에 감사하는 자신을 발견합니다.
ghaarakmarket001,git,Placeable List/10/LocName,0,14643,Torch Bracket,횃불 걸이
ghaarakmarket001,git,Placeable List/11/Description,0,14593,It is a simple chair but the grace of its lines speaks to the quality of its craftmanship.,"이 의자는 단순한 듯 보이지만, 그 우아한 곡선은 이 의자가 장인정신이 깃든 작품임을 말해 주고 있습니다."
ghaarakmarket001,git,Placeable List/11/LocName,0,5822,Chair,의자
ghaarakmarket001,git,Placeable List/12/Description,0,14593,It is a simple chair but the grace of its lines speaks to the quality of its craftmanship.,"이 의자는 단순한 듯 보이지만, 그 우아한 곡선은 이 의자가 장인정신이 깃든 작품임을 말해 주고 있습니다."
ghaarakmarket001,git,Placeable List/12/LocName,0,5822,NPC Chair (Plot),
ghaarakmarket001,git,Placeable List/14/Description,0,14593,It is a simple chair but the grace of its lines speaks to the quality of its craftmanship.,"이 의자는 단순한 듯 보이지만, 그 우아한 곡선은 이 의자가 장인정신이 깃든 작품임을 말해 주고 있습니다."
ghaarakmarket001,git,Placeable List/14/LocName,0,5822,NPC Chair (Plot),
ghaarakmarket001,git,Placeable List/15/Description,0,14593,It is a simple chair but the grace of its lines speaks to the quality of its craftmanship.,"이 의자는 단순한 듯 보이지만, 그 우아한 곡선은 이 의자가 장인정신이 깃든 작품임을 말해 주고 있습니다."
ghaarakmarket001,git,Placeable List/15/LocName,0,5822,NPC Chair (Plot),
ghaarakmarket001,git,Placeable List/16/Description,0,14593,It is a simple chair but the grace of its lines speaks to the quality of its craftmanship.,"이 의자는 단순한 듯 보이지만, 그 우아한 곡선은 이 의자가 장인정신이 깃든 작품임을 말해 주고 있습니다."
ghaarakmarket001,git,Placeable List/16/LocName,0,5822,NPC Chair (Plot),
ghaarakmarket001,git,Placeable List/17/Description,0,14593,It is a simple chair but the grace of its lines speaks to the quality of its craftmanship.,"이 의자는 단순한 듯 보이지만, 그 우아한 곡선은 이 의자가 장인정신이 깃든 작품임을 말해 주고 있습니다."
ghaarakmarket001,git,Placeable List/17/LocName,0,5822,NPC Chair (Plot),
ghaarakmarket001,git,Placeable List/18/Description,0,14593,It is a simple chair but the grace of its lines speaks to the quality of its craftmanship.,"이 의자는 단순한 듯 보이지만, 그 우아한 곡선은 이 의자가 장인정신이 깃든 작품임을 말해 주고 있습니다."
ghaarakmarket001,git,Placeable List/18/LocName,0,5822,Chair,의자
ghaarakmarket001,git,Placeable List/19/Description,0,14593,It is a simple chair but the grace of its lines speaks to the quality of its craftmanship.,"이 의자는 단순한 듯 보이지만, 그 우아한 곡선은 이 의자가 장인정신이 깃든 작품임을 말해 주고 있습니다."
ghaarakmarket001,git,Placeable List/19/LocName,0,5822,NPC Chair (Plot),
ghaarakmarket001,git,Placeable List/20/Description,0,14594,"Bound in iron and with a heavy lock, this heavy chest was obviously meant to protect something of value.",철로 감싸졌고 자물쇠가 채워진 이 무거운 궤짝은 분명히 가치 있는 무언가를 보호하기 위한 것입니다.
ghaarakmarket001,git,Placeable List/20/ItemList/0/LocalizedName,0,-1,Gold Piece,
ghaarakmarket001,git,Placeable List/20/ItemList/1/LocalizedName,0,-1,Chainmail Mask,
ghaarakmarket001,git,Placeable List/20/ItemList/2/DescIdentified,0,-1,"This shield appears to have been enchanted with some minor sorceries, granting protection to its wearer. ",
ghaarakmarket001,git,Placeable List/20/ItemList/2/LocalizedName,0,-1,Enchanted Small Shield,
ghaarakmarket001,git,Placeable List/20/LocName,0,5348,Chest,궤짝
ghaarakmarket001,git,Placeable List/7/Description,0,14739,"The rustic table is filled with knife marks, faded charcoal etchings, and the stains of spilt food.",이 시골 탁자에는 칼자국과 바랜 숯불의 흔적 그리고 흘린 음식 얼룩이 가득합니다.
ghaarakmarket001,git,Placeable List/7/LocName,0,5740,Table,탁자
ghaarakmarket001,git,Placeable List/8/Description,0,14593,It is a simple chair but the grace of its lines speaks to the quality of its craftmanship.,"이 의자는 단순한 듯 보이지만, 그 우아한 곡선은 이 의자가 장인정신이 깃든 작품임을 말해 주고 있습니다."
ghaarakmarket001,git,Placeable List/8/LocName,0,5822,NPC Chair (Plot),
ghaarakmarket001,git,Placeable List/9/Description,0,14593,It is a simple chair but the grace of its lines speaks to the quality of its craftmanship.,"이 의자는 단순한 듯 보이지만, 그 우아한 곡선은 이 의자가 장인정신이 깃든 작품임을 말해 주고 있습니다."
ghaarakmarket001,git,Placeable List/9/LocName,0,5822,NPC Chair (Plot),
ghaarakmarket001,git,StoreList/0/LocName,0,-1,STANDARD MEAL STORE,
ghaarakmarket001,git,StoreList/0/StoreList/4/ItemList/0/DescIdentified,0,-1,"This pack contains enough food and water for a single day of adventuring. Most nobles and merchants use this sort of food pack while traveling out in the wilds of the empire. Though there are many other substitutes for traditional packed rations, this is the most popular choice of those that can afford it.

This item can be used as a ration. You will need to have some form of ration in your inventory to gain any benefit from resting.",
ghaarakmarket001,git,StoreList/0/StoreList/4/ItemList/0/LocalizedName,0,-1,Packed Rations,
ghaarakmarket001,git,StoreList/0/StoreList/4/ItemList/1/DescIdentified,0,-1,"Chakara berries are well known throughout the Sharakhan Empire for being far more nourishing than their size would suggest.  A handful of these berries is more than enough food to fill the belly of a grown man, and provides nourishment for a full day's worth of food. 

This item can be used as a ration. You will need to have some form of ration in your inventory to gain any benefit from resting.",
ghaarakmarket001,git,StoreList/0/StoreList/4/ItemList/1/LocalizedName,0,-1,Chakara Berries,
ghaarakmarket001,git,StoreList/0/StoreList/4/ItemList/2/DescIdentified,0,-1,"Grahmin, a strange herd beast found in the rural areas of the Northern Reaches, carry all manner of edible parts on their body.  

Their tongues are widely known for making a delicious meal. 

This item can be used as a ration. You will need to have some form of ration in your inventory to gain any benefit from resting.",
ghaarakmarket001,git,StoreList/0/StoreList/4/ItemList/2/LocalizedName,0,-1,Grahmin Tongue,
ghaarakmarket001,git,StoreList/0/StoreList/4/ItemList/3/DescIdentified,0,-1,"Juju nuts, taken from the Jujira plant, are often sought after by wilderness travellers.  Though not particularly filling, these nuts can make a good substitute for one's diet while away from civilized areas, being easy to carry while maintaining their freshness indefinitely.


This item can be used as a ration. You will need to have some form of ration in your inventory to gain any benefit from resting.",
ghaarakmarket001,git,StoreList/0/StoreList/4/ItemList/3/LocalizedName,0,-1,Juju Nuts,
ghaarakmarket001,git,StoreList/0/StoreList/4/ItemList/4/DescIdentified,0,-1,"Fish have become a part of most diets along the coastline of the Northern Reaches.  This package of meat is enough to feed the hunger of a grown adult for one day.

This item can be used as a ration. You will need to have some form of ration in your inventory to gain any benefit from resting.",
ghaarakmarket001,git,StoreList/0/StoreList/4/ItemList/4/LocalizedName,0,-1,Fish Meat,
ghaarakmarket001,git,TriggerList/0/LocalizedName,0,14759,New Generic,새 일반
ghaarakmarket001,git,TriggerList/1/LocalizedName,0,14759,New Generic,새 일반
ghaarakmarket001,git,WaypointList/0/LocalizedName,0,14814,Map Note,지도 설명
ghaarakmarket001,git,WaypointList/0/MapNote,0,14815,To the Market District,
ghaarakmarket001,git,WaypointList/1/LocalizedName,0,14814,Map Note,지도 설명
ghaarakmarket001,git,WaypointList/1/MapNote,0,14815,To the Market District,
ghaarakmarket001,git,WaypointList/10/LocalizedName,0,14814,Map Note,지도 설명
ghaarakmarket001,git,WaypointList/10/MapNote,0,14815,Kara's Room,
ghaarakmarket001,git,WaypointList/11/LocalizedName,0,14817,Waypoint,웨이포인트
ghaarakmarket001,git,WaypointList/12/LocalizedName,0,14817,Waypoint,웨이포인트
ghaarakmarket001,git,WaypointList/13/LocalizedName,0,14817,Waypoint,웨이포인트
ghaarakmarket001,git,WaypointList/14/LocalizedName,0,14817,Waypoint,웨이포인트
ghaarakmarket001,git,WaypointList/15/LocalizedName,0,14817,Waypoint,웨이포인트
ghaarakmarket001,git,WaypointList/16/LocalizedName,0,14814,Map Note,지도 설명
ghaarakmarket001,git,WaypointList/16/MapNote,0,14815,Bloodhawk Room,
ghaarakmarket001,git,WaypointList/2/LocalizedName,0,14814,Map Note,지도 설명
ghaarakmarket001,git,WaypointList/2/MapNote,0,14815,To Mikel Ravenclaw's Chamber,
ghaarakmarket001,git,WaypointList/23/LocalizedName,0,14817,Waypoint,웨이포인트
ghaarakmarket001,git,WaypointList/3/LocalizedName,0,14817,Waypoint,웨이포인트
ghaarakmarket001,git,WaypointList/4/LocalizedName,0,14817,Waypoint,웨이포인트
ghaarakmarket001,git,WaypointList/5/LocalizedName,0,14817,Waypoint,웨이포인트
ghaarakmarket001,git,WaypointList/6/LocalizedName,0,14817,Waypoint,웨이포인트
ghaarakmarket001,git,WaypointList/7/LocalizedName,0,14817,Waypoint,웨이포인트
ghaarakmarket001,git,WaypointList/8/LocalizedName,0,14817,Waypoint,웨이포인트
ghaarakmarket001,git,WaypointList/9/LocalizedName,0,14817,Waypoint,웨이포인트
ghaarakmarket002,git,Creature List/0/Equip_ItemList/0/DescIdentified,0,-1,This suit has been finely woven to suit the tastes of upper nobility.,
ghaarakmarket002,git,Creature List/0/Equip_ItemList/0/LocalizedName,0,-1,Noble's Tunic,
ghaarakmarket002,git,Creature List/0/FirstName,0,-1,Ghaarak Commoner,
ghaarakmarket002,git,Creature List/1/FirstName,0,-1,Ghaarak Commoner,
ghaarakmarket002,git,Creature List/10/Equip_ItemList/0/LocalizedName,0,-1,Imperial Helmet,
ghaarakmarket002,git,Creature List/10/Equip_ItemList/1/LocalizedName,0,-1,Imperial Banded Mail,
ghaarakmarket002,git,Creature List/10/Equip_ItemList/2/LocalizedName,0,-1,Halberd,
ghaarakmarket002,git,Creature List/10/FirstName,0,-1,Imperial Guard,
ghaarakmarket002,git,Creature List/11/Equip_ItemList/0/LocalizedName,0,-1,Imperial Helmet,
ghaarakmarket002,git,Creature List/11/Equip_ItemList/1/LocalizedName,0,-1,Imperial Banded Mail,
ghaarakmarket002,git,Creature List/11/Equip_ItemList/2/LocalizedName,0,-1,Halberd,
ghaarakmarket002,git,Creature List/11/FirstName,0,-1,Imperial Guard,
ghaarakmarket002,git,Creature List/12/Equip_ItemList/0/DescIdentified,0,-1,"This suit of armor has been crafted by the superior armorsmiths of the Sharakhan Empire, being both far more durable in combat, and less cumbersome for its wearer.",
ghaarakmarket002,git,Creature List/12/Equip_ItemList/0/LocalizedName,0,-1,Imperial Breastplate,
ghaarakmarket002,git,Creature List/12/Equip_ItemList/1/DescIdentified,0,-1,"Masterwork weapons are crafted to be perfectly balanced and weighted, allowing for a far greater control and accuracy in battle.",
ghaarakmarket002,git,Creature List/12/Equip_ItemList/1/LocalizedName,0,-1,Masterwork Light Flail,
ghaarakmarket002,git,Creature List/12/Equip_ItemList/2/LocalizedName,0,-1,Tower Shield,
ghaarakmarket002,git,Creature List/12/FirstName,0,-1,Imperial Officer Ganolin,
ghaarakmarket002,git,Creature List/13/Equip_ItemList/0/LocalizedName,0,-1,Imperial Helmet,
ghaarakmarket002,git,Creature List/13/Equip_ItemList/1/LocalizedName,0,-1,Imperial Banded Mail,
ghaarakmarket002,git,Creature List/13/Equip_ItemList/2/LocalizedName,0,-1,Halberd,
ghaarakmarket002,git,Creature List/13/FirstName,0,-1,Imperial Guard,
ghaarakmarket002,git,Creature List/14/Equip_ItemList/0/LocalizedName,0,-1,Imperial Helmet,
ghaarakmarket002,git,Creature List/14/Equip_ItemList/1/LocalizedName,0,-1,Imperial Banded Mail,
ghaarakmarket002,git,Creature List/14/Equip_ItemList/2/LocalizedName,0,-1,Halberd,
ghaarakmarket002,git,Creature List/14/FirstName,0,-1,Imperial Guard,
ghaarakmarket002,git,Creature List/2/Equip_ItemList/0/LocalizedName,0,-1,Clothing 4,
ghaarakmarket002,git,Creature List/2/FirstName,0,-1,Ghaarak Commoner,
ghaarakmarket002,git,Creature List/3/Equip_ItemList/0/DescIdentified,0,-1,This suit has been finely woven to suit the tastes of upper nobility.,
ghaarakmarket002,git,Creature List/3/Equip_ItemList/0/LocalizedName,0,-1,Noble's Tunic,
ghaarakmarket002,git,Creature List/3/FirstName,0,-1,Ghaarak Commoner,
ghaarakmarket002,git,Creature List/4/Equip_ItemList/0/DescIdentified,0,-1,This suit has been finely woven to suit the tastes of upper nobility.,
ghaarakmarket002,git,Creature List/4/Equip_ItemList/0/LocalizedName,0,-1,Noble's Tunic,
ghaarakmarket002,git,Creature List/4/FirstName,0,-1,Ghaarak Commoner,
ghaarakmarket002,git,Creature List/5/Equip_ItemList/0/LocalizedName,0,-1,Imperial Helmet,
ghaarakmarket002,git,Creature List/5/Equip_ItemList/1/LocalizedName,0,-1,Imperial Banded Mail,
ghaarakmarket002,git,Creature List/5/Equip_ItemList/2/LocalizedName,0,-1,Halberd,
ghaarakmarket002,git,Creature List/5/FirstName,0,-1,Imperial Guard,
ghaarakmarket002,git,Creature List/6/Equip_ItemList/0/LocalizedName,0,-1,Imperial Helmet,
ghaarakmarket002,git,Creature List/6/Equip_ItemList/1/LocalizedName,0,-1,Imperial Banded Mail,
ghaarakmarket002,git,Creature List/6/Equip_ItemList/2/LocalizedName,0,-1,Halberd,
ghaarakmarket002,git,Creature List/6/FirstName,0,-1,Imperial Guard,
ghaarakmarket002,git,Creature List/7/Equip_ItemList/0/LocalizedName,0,-1,Imperial Helmet,
ghaarakmarket002,git,Creature List/7/Equip_ItemList/1/LocalizedName,0,-1,Imperial Banded Mail,
ghaarakmarket002,git,Creature List/7/Equip_ItemList/2/LocalizedName,0,-1,Halberd,
ghaarakmarket002,git,Creature List/7/FirstName,0,-1,Imperial Guard,
ghaarakmarket002,git,Creature List/8/Equip_ItemList/0/LocalizedName,0,-1,Imperial Helmet,
ghaarakmarket002,git,Creature List/8/Equip_ItemList/1/LocalizedName,0,-1,Imperial Banded Mail,
ghaarakmarket002,git,Creature List/8/Equip_ItemList/2/LocalizedName,0,-1,Halberd,
ghaarakmarket002,git,Creature List/8/FirstName,0,-1,Imperial Guard,
ghaarakmarket002,git,Creature List/9/Equip_ItemList/0/LocalizedName,0,-1,Clothing 3,
ghaarakmarket002,git,Creature List/9/FirstName,0,-1,Ghaarak Commoner,
ghaarakmarket002,git,Door List/0/LocName,0,5349,Door,문
ghaarakmarket002,git,Door List/1/LocName,0,5349,Door,문
ghaarakmarket002,git,Encounter List/0/LocalizedName,0,-1,Stage 1 Dock Gates Encounter,
ghaarakmarket002,git,Encounter List/1/LocalizedName,0,-1,Stage 1 CF Spawns,
ghaarakmarket002,git,Encounter List/2/LocalizedName,0,-1,Stage 1 CF Spawns,
ghaarakmarket002,git,Encounter List/3/LocalizedName,0,-1,Stage 1 CF Spawns,
ghaarakmarket002,git,Encounter List/4/LocalizedName,0,-1,Stage 1 CF Spawns,
ghaarakmarket002,git,Encounter List/5/LocalizedName,0,-1,Stage 1 CF Spawns,
ghaarakmarket002,git,Encounter List/6/LocalizedName,0,-1,Stage 1 CF Spawns,
ghaarakmarket002,git,Placeable List/1/Description,0,14642,The torch paints its environs in warmer hues. You find yourself grateful for its glow. ,횃불이 주변을 따뜻하게 칠하고 있습니다. 당신은 그 불빛에 감사하는 자신을 발견합니다.
ghaarakmarket002,git,Placeable List/1/LocName,0,14643,Torch Bracket,횃불 걸이
ghaarakmarket002,git,Placeable List/13/Description,0,14577,"Loosely nailed, this wooden crate appears intended for temporary storage.",느슨하게 못을 박은 이 나무 궤짝은 임시 보관용으로 보입니다.
ghaarakmarket002,git,Placeable List/13/LocName,0,14578,Crate,궤짝
ghaarakmarket002,git,Placeable List/14/Description,0,14577,"Loosely nailed, this wooden crate appears intended for temporary storage.",느슨하게 못을 박은 이 나무 궤짝은 임시 보관용으로 보입니다.
ghaarakmarket002,git,Placeable List/14/LocName,0,14578,Crate,궤짝
ghaarakmarket002,git,Placeable List/15/Description,0,14577,"Loosely nailed, this wooden crate appears intended for temporary storage.",느슨하게 못을 박은 이 나무 궤짝은 임시 보관용으로 보입니다.
ghaarakmarket002,git,Placeable List/15/LocName,0,14578,Crate,궤짝
ghaarakmarket002,git,Placeable List/16/Description,0,14577,"Loosely nailed, this wooden crate appears intended for temporary storage.",느슨하게 못을 박은 이 나무 궤짝은 임시 보관용으로 보입니다.
ghaarakmarket002,git,Placeable List/16/LocName,0,14578,Crate,궤짝
ghaarakmarket002,git,Placeable List/2/Description,0,14642,The torch paints its environs in warmer hues. You find yourself grateful for its glow. ,횃불이 주변을 따뜻하게 칠하고 있습니다. 당신은 그 불빛에 감사하는 자신을 발견합니다.
ghaarakmarket002,git,Placeable List/2/LocName,0,14643,Torch Bracket,횃불 걸이
ghaarakmarket002,git,Placeable List/26/Description,0,14707,A small pile of rubble lays strewn about the ground.,작은 돌무더기가 땅 위에 흩어져 있습니다.
ghaarakmarket002,git,Placeable List/26/LocName,0,14528,Debris,잔해
ghaarakmarket002,git,Placeable List/27/Description,0,14707,A small pile of rubble lays strewn about the ground.,작은 돌무더기가 땅 위에 흩어져 있습니다.
ghaarakmarket002,git,Placeable List/27/LocName,0,5727,Rubble,자갈
ghaarakmarket002,git,Placeable List/28/Description,0,14707,A small pile of rubble lays strewn about the ground.,작은 돌무더기가 땅 위에 흩어져 있습니다.
ghaarakmarket002,git,Placeable List/28/LocName,0,14528,Debris,잔해
ghaarakmarket002,git,Placeable List/29/Description,0,14707,A small pile of rubble lays strewn about the ground.,작은 돌무더기가 땅 위에 흩어져 있습니다.
ghaarakmarket002,git,Placeable List/29/LocName,0,5727,Rubble,자갈
ghaarakmarket002,git,Placeable List/3/Description,0,14752,"The weapons lean into the wooden rack, waiting for release.",무기가 나무 거치대에 기대어 해방되기를 기다리고 있습니다.
ghaarakmarket002,git,Placeable List/3/ItemList/0/LocalizedName,0,-1,Longsword,
ghaarakmarket002,git,Placeable List/3/ItemList/1/DescIdentified,0,-1,"Masterwork weapons are crafted to be perfectly balanced and weighted, allowing for a far greater control and accuracy in battle.",
ghaarakmarket002,git,Placeable List/3/ItemList/1/LocalizedName,0,-1,Masterwork Dagger,
ghaarakmarket002,git,Placeable List/3/ItemList/2/LocalizedName,0,-1,Short Sword,
ghaarakmarket002,git,Placeable List/3/ItemList/3/DescIdentified,0,-1,"Weighted weapons are crafted to be perfectly balanced, allowing for a far greater efficiency in battle.",
ghaarakmarket002,git,Placeable List/3/ItemList/3/LocalizedName,0,-1,Weighted Club,
ghaarakmarket002,git,Placeable List/3/ItemList/4/LocalizedName,0,-1,Mace,
ghaarakmarket002,git,Placeable List/3/ItemList/5/LocalizedName,0,-1,Morningstar,
ghaarakmarket002,git,Placeable List/3/ItemList/6/LocalizedName,0,-1,Scimitar,
ghaarakmarket002,git,Placeable List/3/LocName,0,5748,Weapon Rack,무기 거치대
ghaarakmarket002,git,Placeable List/30/Description,0,14707,A small pile of rubble lays strewn about the ground.,작은 돌무더기가 땅 위에 흩어져 있습니다.
ghaarakmarket002,git,Placeable List/30/LocName,0,14528,Debris,잔해
ghaarakmarket002,git,Placeable List/31/Description,0,14707,A small pile of rubble lays strewn about the ground.,작은 돌무더기가 땅 위에 흩어져 있습니다.
ghaarakmarket002,git,Placeable List/31/LocName,0,5727,Rubble,자갈
ghaarakmarket002,git,Placeable List/32/Description,0,14707,A small pile of rubble lays strewn about the ground.,작은 돌무더기가 땅 위에 흩어져 있습니다.
ghaarakmarket002,git,Placeable List/32/LocName,0,5727,Rubble,자갈
ghaarakmarket002,git,Placeable List/33/Description,0,14707,A small pile of rubble lays strewn about the ground.,작은 돌무더기가 땅 위에 흩어져 있습니다.
ghaarakmarket002,git,Placeable List/33/LocName,0,14528,Debris,잔해
ghaarakmarket002,git,Placeable List/34/Description,0,14707,A small pile of rubble lays strewn about the ground.,작은 돌무더기가 땅 위에 흩어져 있습니다.
ghaarakmarket002,git,Placeable List/34/LocName,0,5727,Rubble,자갈
ghaarakmarket002,git,Placeable List/35/Description,0,14707,A small pile of rubble lays strewn about the ground.,작은 돌무더기가 땅 위에 흩어져 있습니다.
ghaarakmarket002,git,Placeable List/35/LocName,0,5727,Rubble,자갈
ghaarakmarket002,git,Placeable List/36/Description,0,14707,A small pile of rubble lays strewn about the ground.,작은 돌무더기가 땅 위에 흩어져 있습니다.
ghaarakmarket002,git,Placeable List/36/LocName,0,14528,Debris,잔해
ghaarakmarket002,git,Placeable List/37/Description,0,14707,A small pile of rubble lays strewn about the ground.,작은 돌무더기가 땅 위에 흩어져 있습니다.
ghaarakmarket002,git,Placeable List/37/LocName,0,5727,Rubble,자갈
ghaarakmarket002,git,Placeable List/38/Description,0,14707,A small pile of rubble lays strewn about the ground.,작은 돌무더기가 땅 위에 흩어져 있습니다.
ghaarakmarket002,git,Placeable List/38/LocName,0,5727,Rubble,자갈
ghaarakmarket002,git,Placeable List/39/Description,0,14707,A small pile of rubble lays strewn about the ground.,작은 돌무더기가 땅 위에 흩어져 있습니다.
ghaarakmarket002,git,Placeable List/39/LocName,0,14528,Debris,잔해
ghaarakmarket002,git,Placeable List/4/Description,0,14752,"The weapons lean into the wooden rack, waiting for release.",무기가 나무 거치대에 기대어 해방되기를 기다리고 있습니다.
ghaarakmarket002,git,Placeable List/4/ItemList/0/LocalizedName,0,-1,Breastplate,
ghaarakmarket002,git,Placeable List/4/ItemList/1/LocalizedName,0,-1,Chain Shirt,
ghaarakmarket002,git,Placeable List/4/ItemList/2/LocalizedName,0,-1,Studded Leather Armor,
ghaarakmarket002,git,Placeable List/4/ItemList/3/LocalizedName,0,-1,Large Shield,
ghaarakmarket002,git,Placeable List/4/ItemList/4/LocalizedName,0,-1,Chainmail Mask,
ghaarakmarket002,git,Placeable List/4/LocName,0,5748,Weapon Rack,무기 거치대
ghaarakmarket002,git,Placeable List/40/Description,0,14707,A small pile of rubble lays strewn about the ground.,작은 돌무더기가 땅 위에 흩어져 있습니다.
ghaarakmarket002,git,Placeable List/40/LocName,0,5727,Rubble,자갈
ghaarakmarket002,git,Placeable List/41/Description,0,14707,A small pile of rubble lays strewn about the ground.,작은 돌무더기가 땅 위에 흩어져 있습니다.
ghaarakmarket002,git,Placeable List/41/LocName,0,14528,Debris,잔해
ghaarakmarket002,git,Placeable List/42/Description,0,14681,"The low pedestal gleams an alabaster white, shadows playing across its fluted column.","낮은 받침대는 설화석고로 하얗게 빛나고 있으며, 홈이 새겨진 기둥을 그림자가 가로지르고 있습니다."
ghaarakmarket002,git,Placeable List/42/LocName,0,5718,Anchoring Post,
ghaarakmarket002,git,Placeable List/47/Description,0,14707,A small pile of rubble lays strewn about the ground.,작은 돌무더기가 땅 위에 흩어져 있습니다.
ghaarakmarket002,git,Placeable List/47/LocName,0,5727,Rubble,자갈
ghaarakmarket002,git,Placeable List/5/Description,0,14642,The torch paints its environs in warmer hues. You find yourself grateful for its glow. ,횃불이 주변을 따뜻하게 칠하고 있습니다. 당신은 그 불빛에 감사하는 자신을 발견합니다.
ghaarakmarket002,git,Placeable List/5/LocName,0,14643,Torch Bracket,횃불 걸이
ghaarakmarket002,git,Placeable List/50/Description,0,14594,"Bound in iron and with a heavy lock, this heavy chest was obviously meant to protect something of value.",철로 감싸졌고 자물쇠가 채워진 이 무거운 궤짝은 분명히 가치 있는 무언가를 보호하기 위한 것입니다.
ghaarakmarket002,git,Placeable List/50/ItemList/0/DescIdentified,0,-1,"[This is a 15 foot length of rope, a grappling hook attached to its end.  You may be able to find some use for it during your travels...]",
ghaarakmarket002,git,Placeable List/50/ItemList/0/LocalizedName,0,-1,Rope with Grappling Hook,
ghaarakmarket002,git,Placeable List/50/LocName,0,5348,Chest,궤짝
ghaarakmarket002,git,Placeable List/6/Description,0,14642,The torch paints its environs in warmer hues. You find yourself grateful for its glow. ,횃불이 주변을 따뜻하게 칠하고 있습니다. 당신은 그 불빛에 감사하는 자신을 발견합니다.
ghaarakmarket002,git,Placeable List/6/LocName,0,14643,Torch Bracket,횃불 걸이
ghaarakmarket002,git,Placeable List/7/Description,0,14642,The torch paints its environs in warmer hues. You find yourself grateful for its glow. ,횃불이 주변을 따뜻하게 칠하고 있습니다. 당신은 그 불빛에 감사하는 자신을 발견합니다.
ghaarakmarket002,git,Placeable List/7/LocName,0,14643,Torch Bracket,횃불 걸이
ghaarakmarket002,git,Placeable List/8/Description,0,14642,The torch paints its environs in warmer hues. You find yourself grateful for its glow. ,횃불이 주변을 따뜻하게 칠하고 있습니다. 당신은 그 불빛에 감사하는 자신을 발견합니다.
ghaarakmarket002,git,Placeable List/8/LocName,0,14643,Torch Bracket,횃불 걸이
ghaarakmarket002,git,Placeable List/9/Description,0,14642,The torch paints its environs in warmer hues. You find yourself grateful for its glow. ,횃불이 주변을 따뜻하게 칠하고 있습니다. 당신은 그 불빛에 감사하는 자신을 발견합니다.
ghaarakmarket002,git,Placeable List/9/LocName,0,14643,Torch Bracket,횃불 걸이
ghaarakmarket002,git,StoreList/0/LocName,0,-1,STANDARD WEAPON & ARMOR STORE,
ghaarakmarket002,git,StoreList/0/StoreList/0/ItemList/0/LocalizedName,0,-1,Hide Armor,
ghaarakmarket002,git,StoreList/0/StoreList/0/ItemList/1/LocalizedName,0,-1,Leather Armor,
ghaarakmarket002,git,StoreList/0/StoreList/0/ItemList/10/LocalizedName,0,-1,Chain Shirt,
ghaarakmarket002,git,StoreList/0/StoreList/0/ItemList/11/LocalizedName,0,-1,Chainmail,
ghaarakmarket002,git,StoreList/0/StoreList/0/ItemList/12/LocalizedName,0,-1,Scale Mail,
ghaarakmarket002,git,StoreList/0/StoreList/0/ItemList/13/LocalizedName,0,-1,Large Shield,
ghaarakmarket002,git,StoreList/0/StoreList/0/ItemList/14/LocalizedName,0,-1,Small Shield,
ghaarakmarket002,git,StoreList/0/StoreList/0/ItemList/15/LocalizedName,0,-1,Tower Shield,
ghaarakmarket002,git,StoreList/0/StoreList/0/ItemList/2/LocalizedName,0,-1,Padded Armor,
ghaarakmarket002,git,StoreList/0/StoreList/0/ItemList/3/LocalizedName,0,-1,Studded Leather Armor,
ghaarakmarket002,git,StoreList/0/StoreList/0/ItemList/4/LocalizedName,0,-1,Banded Mail,
ghaarakmarket002,git,StoreList/0/StoreList/0/ItemList/5/LocalizedName,0,-1,Full Plate,
ghaarakmarket002,git,StoreList/0/StoreList/0/ItemList/6/LocalizedName,0,-1,Half Plate,
ghaarakmarket002,git,StoreList/0/StoreList/0/ItemList/7/LocalizedName,0,-1,Splint Mail,
ghaarakmarket002,git,StoreList/0/StoreList/0/ItemList/8/LocalizedName,0,-1,Iron Helmet,
ghaarakmarket002,git,StoreList/0/StoreList/0/ItemList/9/LocalizedName,0,-1,Breastplate,
ghaarakmarket002,git,StoreList/0/StoreList/1/ItemList/0/LocalizedName,0,-1,Arrow,
ghaarakmarket002,git,StoreList/0/StoreList/1/ItemList/1/LocalizedName,0,-1,Bolt,
ghaarakmarket002,git,StoreList/0/StoreList/1/ItemList/10/LocalizedName,0,-1,Short Sword,
ghaarakmarket002,git,StoreList/0/StoreList/1/ItemList/11/LocalizedName,0,-1,Club,
ghaarakmarket002,git,StoreList/0/StoreList/1/ItemList/12/LocalizedName,0,-1,Heavy Flail,
ghaarakmarket002,git,StoreList/0/StoreList/1/ItemList/13/LocalizedName,0,-1,Light Flail,
ghaarakmarket002,git,StoreList/0/StoreList/1/ItemList/14/LocalizedName,0,-1,Light Hammer,
ghaarakmarket002,git,StoreList/0/StoreList/1/ItemList/15/LocalizedName,0,-1,Warhammer,
ghaarakmarket002,git,StoreList/0/StoreList/1/ItemList/16/LocalizedName,0,-1,Mace,
ghaarakmarket002,git,StoreList/0/StoreList/1/ItemList/17/LocalizedName,0,-1,Morningstar,
ghaarakmarket002,git,StoreList/0/StoreList/1/ItemList/18/LocalizedName,0,-1,Quarterstaff,
ghaarakmarket002,git,StoreList/0/StoreList/1/ItemList/19/LocalizedName,0,-1,Sickle,
ghaarakmarket002,git,StoreList/0/StoreList/1/ItemList/2/LocalizedName,0,-1,Bullet,
ghaarakmarket002,git,StoreList/0/StoreList/1/ItemList/20/LocalizedName,0,-1,Halberd,
ghaarakmarket002,git,StoreList/0/StoreList/1/ItemList/21/LocalizedName,0,-1,Spear,
ghaarakmarket002,git,StoreList/0/StoreList/1/ItemList/22/LocalizedName,0,-1,Scythe,
ghaarakmarket002,git,StoreList/0/StoreList/1/ItemList/23/LocalizedName,0,-1,Heavy Crossbow,
ghaarakmarket002,git,StoreList/0/StoreList/1/ItemList/24/LocalizedName,0,-1,Light Crossbow,
ghaarakmarket002,git,StoreList/0/StoreList/1/ItemList/25/LocalizedName,0,-1,Longbow,
ghaarakmarket002,git,StoreList/0/StoreList/1/ItemList/26/LocalizedName,0,-1,Shortbow,
ghaarakmarket002,git,StoreList/0/StoreList/1/ItemList/27/LocalizedName,0,-1,Sling,
ghaarakmarket002,git,StoreList/0/StoreList/1/ItemList/28/LocalizedName,0,-1,Dart,
ghaarakmarket002,git,StoreList/0/StoreList/1/ItemList/29/LocalizedName,0,-1,Shuriken,
ghaarakmarket002,git,StoreList/0/StoreList/1/ItemList/3/LocalizedName,0,-1,Greataxe,
ghaarakmarket002,git,StoreList/0/StoreList/1/ItemList/30/LocalizedName,0,-1,Throwing Axe,
ghaarakmarket002,git,StoreList/0/StoreList/1/ItemList/4/LocalizedName,0,-1,Handaxe,
ghaarakmarket002,git,StoreList/0/StoreList/1/ItemList/5/LocalizedName,0,-1,Battleaxe,
ghaarakmarket002,git,StoreList/0/StoreList/1/ItemList/6/LocalizedName,0,-1,Dagger,
ghaarakmarket002,git,StoreList/0/StoreList/1/ItemList/7/LocalizedName,0,-1,Greatsword,
ghaarakmarket002,git,StoreList/0/StoreList/1/ItemList/8/LocalizedName,0,-1,Longsword,
ghaarakmarket002,git,StoreList/0/StoreList/1/ItemList/9/LocalizedName,0,-1,Scimitar,
ghaarakmarket002,git,StoreList/1/LocName,0,-1,STANDARD POTION STORE,
ghaarakmarket002,git,StoreList/1/StoreList/2/ItemList/0/DescIdentified,0,13440,"Used in times of trouble, these priestly waters comfort the sorrowful and make great men of lowly cowards.","역경의 시대에 사용되었던 이 사제의 물은 슬픔에 잠긴 이들을 위로하며, 하찮은 겁쟁이도 위인이 되도록 합니다."
ghaarakmarket002,git,StoreList/1/StoreList/2/ItemList/0/LocalizedName,0,13441,Potion of Aid,지원의 물약
ghaarakmarket002,git,StoreList/1/StoreList/2/ItemList/1/DescIdentified,0,13420,"This tonic is sovereign against venoms, mineral toxins, diseases, and poisons of all sorts.",이 강장제는 독기나 광물의 독소와 질병 그리고 모든 종류의 독을 막아줍니다.
ghaarakmarket002,git,StoreList/1/StoreList/2/ItemList/1/LocalizedName,0,13421,Potion of Antidote,해독의 물약
ghaarakmarket002,git,StoreList/1/StoreList/2/ItemList/10/DescIdentified,0,13412,"With the power to staunch the flow of blood or knit a broken bone, these potions are in common use among the dangerous professions.",출혈을 멈추거나 부러진 뼈를 접합하는 힘을 가진 이런 물약은 일반적으로 위험한 일을 하는 이들이 사용합니다.
ghaarakmarket002,git,StoreList/1/StoreList/2/ItemList/10/LocalizedName,0,13413,Potion of Cure Serious Wounds,심각한 상처 치료의 물약
ghaarakmarket002,git,StoreList/1/StoreList/2/ItemList/11/DescIdentified,0,13428,"With their ability to smooth the complexion, gloss the hair, and brighten the eyes, these potions find regular use among the nobility. But it shall make anyone more comely.","안색은 부드럽게 만들고, 머리칼은 윤기나게 만들며, 눈을 반짝이게 만드는 능력으로 인해, 이 물약은 귀족들이 자주 사용합니다. 하지만 누구라도 더 아름답게 만들 겁니다."
ghaarakmarket002,git,StoreList/1/StoreList/2/ItemList/11/LocalizedName,0,13429,Potion of Eagle's Splendor,독수리의 위엄 물약
ghaarakmarket002,git,StoreList/1/StoreList/2/ItemList/12/DescIdentified,0,13434,"A potion of endurance combines various magical components to increase stamina and overall health, though it does not heal damage.","지구력의 물약은 비록 피해를 치유하지는 않지만, 체력과 전반적인 건강을 증진시키기 위한 다양한 마법적 요소들을 갖추고 있습니다."
ghaarakmarket002,git,StoreList/1/StoreList/2/ItemList/12/LocalizedName,0,13435,Potion of Endurance,지구력의 물약
ghaarakmarket002,git,StoreList/1/StoreList/2/ItemList/13/DescIdentified,0,13442,"These potions are eagerly sought by sages, scholars, and adventuring wizards alike. When imbibed, they grant a bonus to the drinker's Intelligence score.",현자와 학자 그리고 모험하는 마법사와 같은 모두가 이 물약을 간절히 원합니다. 마시고 나면 마신 이의 지능 점수에 이점을 제공합니다.
ghaarakmarket002,git,StoreList/1/StoreList/2/ItemList/13/LocalizedName,0,13443,Potion of Fox's Cunning,여우의 교활함 물약
ghaarakmarket002,git,StoreList/1/StoreList/2/ItemList/14/DescIdentified,0,13446,"These potions are in equal demand by adventurers and scholars, allowing for the imbiber to clear their thoughts in the pursuit of remembering vague legends and tales of old.","이 물약은 모험가와 학자들 모두가 원하고 있으며, 페이룬의 던전에서 많이 쓰이는걸 볼 수 있습니다."
ghaarakmarket002,git,StoreList/1/StoreList/2/ItemList/14/LocalizedName,0,13447,Potion of Lore,전승지식의 물약
ghaarakmarket002,git,StoreList/1/StoreList/2/ItemList/15/DescIdentified,0,13444,"This milky red potion seems to open the drinker's perception of his environment, making him at once more observant and more resistant to effects that target the mind.","이 우유가 들어간 붉은 물약은 술꾼의 마신 이의 환경에 대한 통찰력을 열어주는 것으로 보이며, 마시게 되면 즉시 더 높은 관찰력과 정신에 영향을 미치는 효과에 대한 더 높은 저항력을 얻습니다."
ghaarakmarket002,git,StoreList/1/StoreList/2/ItemList/15/LocalizedName,0,13445,Potion of Owl's Wisdom,올빼미의 지혜 물약
ghaarakmarket002,git,StoreList/1/StoreList/2/ItemList/2/DescIdentified,0,13418,"This thick concoction smells dark and musty, like a forest after heavy rains.",이 걸쭉한 혼합물은 마치 폭우가 내린 숲처럼 짙은 퀴퀴한 냄새가 납니다.
ghaarakmarket002,git,StoreList/1/StoreList/2/ItemList/2/LocalizedName,0,13419,Potion of Barkskin,나무껍질 피부의 물약
ghaarakmarket002,git,StoreList/1/StoreList/2/ItemList/3/DescIdentified,0,13426,"Called ""portable priests"" by more cynical adventurers, these holy infusions are of great use to the average adventurer.","냉소적인 모험가들이 \""휴대용 사제\""라고 부르는, 이 신성한 차는 평범한 모험가들에게 매우 유용합니다."
ghaarakmarket002,git,StoreList/1/StoreList/2/ItemList/3/LocalizedName,0,13427,Potion of Bless,축복의 물약
ghaarakmarket002,git,StoreList/1/StoreList/2/ItemList/4/DescIdentified,0,13438,"These blood-red infusions, made from the horns and heart of young bulls, grant the drinker great physical strength.",어린 황소의 뿔과 심장으로 만든 이 핏빛 달임차는 마신 이에게 큰 물리적 힘을 제공합니다.
ghaarakmarket002,git,StoreList/1/StoreList/2/ItemList/4/LocalizedName,0,13439,Potion of Bull's Strength,황소의 근력 물약
ghaarakmarket002,git,StoreList/1/StoreList/2/ItemList/5/DescIdentified,0,13436,This sparkling potion greatly increases the drinker's Dexterity.,이 탄산이 든 물약을 마시면 민첩이 크게 올라갑니다.
ghaarakmarket002,git,StoreList/1/StoreList/2/ItemList/5/LocalizedName,0,13437,Potion of Cat's Grace,고양이의 우아함 물약
ghaarakmarket002,git,StoreList/1/StoreList/2/ItemList/6/DescIdentified,0,13422,"Made of hot liquid poured over scorched and pungent beans, this strong-smelling brew did not get its name from its appearance. It helps clear and fortify the mind against spells that affect the mind.",톡 쏘는 콩을 그을려 위에 뜨거운 액체를 부어 우려낸 이 강한 향이 나는 차는 겉모습으로 이름을 얻은게 아닙니다. 이것은 정신에 영향을 미치는 주문에 대항하여 정신을 맑게 유지하고 강화 하는데 도움을 줍니다.
ghaarakmarket002,git,StoreList/1/StoreList/2/ItemList/6/LocalizedName,0,13423,Potion of Clarity,맑은 정신의 물약
ghaarakmarket002,git,StoreList/1/StoreList/2/ItemList/7/DescIdentified,0,13414,"With the power to return people from the very brink of death, these potions do not come cheaply.",죽음의 문턱에 있는 사람들을 되돌릴 힘이 있는 이 물약은 값싸게 나오지 않습니다.
ghaarakmarket002,git,StoreList/1/StoreList/2/ItemList/7/LocalizedName,0,13415,Potion of Cure Critical Wounds,치명적인 상처 치료의 물약
ghaarakmarket002,git,StoreList/1/StoreList/2/ItemList/8/DescIdentified,0,13410,"Used as often in the peasant's home as the dungeon's dark, these simple concoctions are common throughout Abaran.",던전의 어둠 만큼이나 농부의 집에서도 자주 사용하는 이런 간단한 혼합물은 페이룬 전역에서 흔히 볼 수 있습니다.
ghaarakmarket002,git,StoreList/1/StoreList/2/ItemList/8/LocalizedName,0,13411,Potion of Cure Light Wounds,가벼운 상처 치료의 물약
ghaarakmarket002,git,StoreList/1/StoreList/2/ItemList/9/DescIdentified,0,13448,"These curative potions are too expensive for most civilians, and are used almost exclusively by soldiers and adventurers.","이 치료 물약은 대부분의 시민들에게 너무 비싸기 때문에, 대부분은 군인과 모험가들만이 사용하고 있습니다."
ghaarakmarket002,git,StoreList/1/StoreList/2/ItemList/9/LocalizedName,0,13449,Potion of Cure Moderate Wounds,일반 상처 치료의 물약
ghaarakmarket002,git,StoreList/2/LocName,0,-1,STANDARD BLACK MARKET STORE,
ghaarakmarket002,git,StoreList/2/StoreList/0/ItemList/0/LocalizedName,0,-1,Leather Armor,
ghaarakmarket002,git,StoreList/2/StoreList/0/ItemList/1/LocalizedName,0,-1,Padded Armor,
ghaarakmarket002,git,StoreList/2/StoreList/0/ItemList/2/LocalizedName,0,-1,Studded Leather Armor,
ghaarakmarket002,git,StoreList/2/StoreList/0/ItemList/3/DescIdentified,0,-1,This suit has been finely woven to suit the tastes of upper nobility.,
ghaarakmarket002,git,StoreList/2/StoreList/0/ItemList/3/LocalizedName,0,-1,Noble's Tunic,
ghaarakmarket002,git,StoreList/2/StoreList/1/ItemList/0/LocalizedName,0,-1,Kama,
ghaarakmarket002,git,StoreList/2/StoreList/1/ItemList/1/LocalizedName,0,-1,Kukri,
ghaarakmarket002,git,StoreList/2/StoreList/1/ItemList/2/LocalizedName,0,-1,Sickle,
ghaarakmarket002,git,StoreList/2/StoreList/1/ItemList/3/LocalizedName,0,-1,Bastard Sword,
ghaarakmarket002,git,StoreList/2/StoreList/1/ItemList/4/LocalizedName,0,-1,Katana,
ghaarakmarket002,git,StoreList/2/StoreList/1/ItemList/5/LocalizedName,0,-1,Rapier,
ghaarakmarket002,git,StoreList/2/StoreList/1/ItemList/6/LocalizedName,0,-1,Dire Mace,
ghaarakmarket002,git,StoreList/2/StoreList/1/ItemList/7/LocalizedName,0,-1,Double Axe,
ghaarakmarket002,git,StoreList/2/StoreList/1/ItemList/8/LocalizedName,0,-1,Two-Bladed Sword,
ghaarakmarket002,git,StoreList/2/StoreList/4/ItemList/0/LocalizedName,0,13523,Thieves' Tools +1,도둑의 도구 +1
ghaarakmarket002,git,StoreList/2/StoreList/4/ItemList/1/LocalizedName,0,13524,Thieves' Tools +3,도둑의 도구 +3
ghaarakmarket002,git,StoreList/3/LocName,0,-1,STANDARD MEAL STORE,
ghaarakmarket002,git,StoreList/3/StoreList/4/ItemList/0/DescIdentified,0,-1,"This pack contains enough food and water for a single day of adventuring. Most nobles and merchants use this sort of food pack while traveling out in the wilds of the empire. Though there are many other substitutes for traditional packed rations, this is the most popular choice of those that can afford it.

This item can be used as a ration. You will need to have some form of ration in your inventory to gain any benefit from resting.",
ghaarakmarket002,git,StoreList/3/StoreList/4/ItemList/0/LocalizedName,0,-1,Packed Rations,
ghaarakmarket002,git,TriggerList/0/LocalizedName,0,14760,New Area Transition,뉴 에이리어 트랜지션
ghaarakmarket002,git,TriggerList/1/LocalizedName,0,14759,New Generic,새 일반
ghaarakmarket002,git,TriggerList/2/LocalizedName,0,14759,New Generic,새 일반
ghaarakmarket002,git,TriggerList/3/LocalizedName,0,14759,AutoSave Trigger,
ghaarakmarket002,git,TriggerList/4/LocalizedName,0,14759,New Generic,새 일반
ghaarakmarket002,git,WaypointList/0/LocalizedName,0,14814,Map Note,지도 설명
ghaarakmarket002,git,WaypointList/0/MapNote,0,14815,To the Imperial District,
ghaarakmarket002,git,WaypointList/1/LocalizedName,0,14814,Map Note,지도 설명
ghaarakmarket002,git,WaypointList/1/MapNote,0,14815,Ravenclaw Tavern,
ghaarakmarket002,git,WaypointList/10/LocalizedName,0,14817,Waypoint,웨이포인트
ghaarakmarket002,git,WaypointList/11/LocalizedName,0,14817,Waypoint,웨이포인트
ghaarakmarket002,git,WaypointList/2/LocalizedName,0,14814,Map Note,지도 설명
ghaarakmarket002,git,WaypointList/2/MapNote,0,14815,To the Docks,
ghaarakmarket002,git,WaypointList/4/LocalizedName,0,-1,Harkon Spawn Point,
ghaarakmarket002,git,WaypointList/5/LocalizedName,0,14817,Waypoint,웨이포인트
ghaarakmarket002,git,WaypointList/6/LocalizedName,0,14817,Waypoint,웨이포인트
ghaarakmarket002,git,WaypointList/7/LocalizedName,0,14817,Waypoint,웨이포인트
ghaarakmarket002,git,WaypointList/8/LocalizedName,0,14817,Waypoint,웨이포인트
ghaarakmarket002,git,WaypointList/9/LocalizedName,0,14817,Waypoint,웨이포인트
ghaarakmarketdis,git,Creature List/0/Equip_ItemList/0/DescIdentified,0,-1,This suit has been finely woven to suit the tastes of upper nobility.,
ghaarakmarketdis,git,Creature List/0/Equip_ItemList/0/LocalizedName,0,-1,Noble's Tunic,
ghaarakmarketdis,git,Creature List/0/FirstName,0,-1,Ghaarak Commoner,
ghaarakmarketdis,git,Creature List/1/Equip_ItemList/0/DescIdentified,0,-1,This suit has been finely woven to suit the tastes of upper nobility.,
ghaarakmarketdis,git,Creature List/1/Equip_ItemList/0/LocalizedName,0,-1,Noble's Tunic,
ghaarakmarketdis,git,Creature List/1/FirstName,0,-1,Ghaarak Commoner,
ghaarakmarketdis,git,Creature List/10/Equip_ItemList/0/LocalizedName,0,-1,Commoner's Outfit,
ghaarakmarketdis,git,Creature List/10/FirstName,0,-1,Ghaarak Commoner,
ghaarakmarketdis,git,Creature List/11/Equip_ItemList/0/LocalizedName,0,-1,Commoner's Outfit,
ghaarakmarketdis,git,Creature List/11/FirstName,0,-1,Ghaarak Commoner,
ghaarakmarketdis,git,Creature List/12/Equip_ItemList/0/LocalizedName,0,-1,Commoner's Tunic,
ghaarakmarketdis,git,Creature List/12/FirstName,0,-1,Ghaarak Commoner,
ghaarakmarketdis,git,Creature List/13/Equip_ItemList/0/LocalizedName,0,-1,Slaver's Outfit,
ghaarakmarketdis,git,Creature List/13/FirstName,0,-1,Shrak,
ghaarakmarketdis,git,Creature List/13/ItemList/0/DescIdentified,0,-1,"This key was found on Shrak, a merchant reputedly connected to the Bloodhawk slaver organization.",
ghaarakmarketdis,git,Creature List/13/ItemList/0/LocalizedName,0,-1,Shrak's Key,
ghaarakmarketdis,git,Creature List/13/ItemList/1/LocalizedName,0,-1,Short Sword,
ghaarakmarketdis,git,Creature List/13/ItemList/2/LocalizedName,0,-1,Gold Piece,
ghaarakmarketdis,git,Creature List/14/Equip_ItemList/0/LocalizedName,0,-1,Imperial Helmet,
ghaarakmarketdis,git,Creature List/14/Equip_ItemList/1/LocalizedName,0,-1,Imperial Banded Mail,
ghaarakmarketdis,git,Creature List/14/Equip_ItemList/2/LocalizedName,0,-1,Halberd,
ghaarakmarketdis,git,Creature List/14/FirstName,0,-1,Ghaarak Imperial Guard,
ghaarakmarketdis,git,Creature List/15/Equip_ItemList/0/LocalizedName,0,-1,Imperial Helmet,
ghaarakmarketdis,git,Creature List/15/Equip_ItemList/1/LocalizedName,0,-1,Imperial Banded Mail,
ghaarakmarketdis,git,Creature List/15/Equip_ItemList/2/LocalizedName,0,-1,Halberd,
ghaarakmarketdis,git,Creature List/15/FirstName,0,-1,Ghaarak Imperial Guard,
ghaarakmarketdis,git,Creature List/16/Equip_ItemList/0/LocalizedName,0,-1,Cook's Clothing,
ghaarakmarketdis,git,Creature List/16/FirstName,0,-1,Rago,
ghaarakmarketdis,git,Creature List/17/Equip_ItemList/0/LocalizedName,0,-1,Studded Leather Armor,
ghaarakmarketdis,git,Creature List/17/FirstName,0,-1,Mylok,
ghaarakmarketdis,git,Creature List/17/ItemList/0/LocalizedName,0,-1,Short Sword,
ghaarakmarketdis,git,Creature List/17/ItemList/1/LocalizedName,0,-1,Short Sword,
ghaarakmarketdis,git,Creature List/17/ItemList/2/DescIdentified,0,56640,"Crafted by the Minotaurs of Charach, these brooches signify a life bond between two Minotaurs who have pledged their love for one another.  It is extremely rare for one of these to be found anywhere other than a Minotaur's possession, but rumors hold that great magic is sealed within the strange stone of the brooch...",
ghaarakmarketdis,git,Creature List/17/ItemList/2/LocalizedName,0,56643,Soul Brooch,
ghaarakmarketdis,git,Creature List/18/Equip_ItemList/0/LocalizedName,0,-1,Imperial Breastplate,
ghaarakmarketdis,git,Creature List/18/Equip_ItemList/1/DescIdentified,0,-1,"Masterwork weapons are crafted to be perfectly balanced and weighted, allowing for a far greater control and accuracy in battle.",
ghaarakmarketdis,git,Creature List/18/Equip_ItemList/1/LocalizedName,0,-1,Masterwork Light Flail,
ghaarakmarketdis,git,Creature List/18/Equip_ItemList/2/LocalizedName,0,-1,Tower Shield,
ghaarakmarketdis,git,Creature List/18/FirstName,0,-1,Imperial Officer Ganolin,
ghaarakmarketdis,git,Creature List/19/Equip_ItemList/0/DescIdentified,0,-1,This suit has been finely woven to suit the tastes of upper nobility.,
ghaarakmarketdis,git,Creature List/19/Equip_ItemList/0/LocalizedName,0,-1,Noble's Tunic,
ghaarakmarketdis,git,Creature List/19/FirstName,0,-1,Ghaarak Commoner,
ghaarakmarketdis,git,Creature List/2/Equip_ItemList/0/LocalizedName,0,-1,Imperial Helmet,
ghaarakmarketdis,git,Creature List/2/Equip_ItemList/1/LocalizedName,0,-1,Imperial Banded Mail,
ghaarakmarketdis,git,Creature List/2/Equip_ItemList/2/LocalizedName,0,-1,Halberd,
ghaarakmarketdis,git,Creature List/2/FirstName,0,-1,Ghaarak Imperial Guard,
ghaarakmarketdis,git,Creature List/20/Equip_ItemList/0/LocalizedName,0,-1,Commoner's Tunic,
ghaarakmarketdis,git,Creature List/20/FirstName,0,-1,Ghaarak Commoner,
ghaarakmarketdis,git,Creature List/21/Equip_ItemList/0/LocalizedName,0,-1,Clothing 3,
ghaarakmarketdis,git,Creature List/21/FirstName,0,-1,Nelgir,
ghaarakmarketdis,git,Creature List/3/Equip_ItemList/0/LocalizedName,0,-1,Commoner's Tunic,
ghaarakmarketdis,git,Creature List/3/FirstName,0,-1,Tagnar Forgehammer,
ghaarakmarketdis,git,Creature List/4/Equip_ItemList/0/DescIdentified,0,-1,This suit has been finely woven to suit the tastes of upper nobility.,
ghaarakmarketdis,git,Creature List/4/Equip_ItemList/0/LocalizedName,0,-1,Noble's Tunic,
ghaarakmarketdis,git,Creature List/4/FirstName,0,-1,Sevanna,
ghaarakmarketdis,git,Creature List/5/Equip_ItemList/0/LocalizedName,0,-1,Clothing 4,
ghaarakmarketdis,git,Creature List/5/FirstName,0,-1,Ghaarak Commoner,
ghaarakmarketdis,git,Creature List/5/ItemList/0/LocalizedName,0,-1,Gold Piece,
ghaarakmarketdis,git,Creature List/6/Equip_ItemList/0/DescIdentified,0,-1,This suit has been finely woven to suit the tastes of upper nobility.,
ghaarakmarketdis,git,Creature List/6/Equip_ItemList/0/LocalizedName,0,-1,Noble's Tunic,
ghaarakmarketdis,git,Creature List/6/FirstName,0,-1,Ghaarak Commoner,
ghaarakmarketdis,git,Creature List/7/Equip_ItemList/0/LocalizedName,0,-1,Clothing 2,
ghaarakmarketdis,git,Creature List/7/FirstName,0,-1,Ghaarak Commoner,
ghaarakmarketdis,git,Creature List/8/Equip_ItemList/0/DescIdentified,0,-1,This suit has been finely woven to suit the tastes of upper nobility.,
ghaarakmarketdis,git,Creature List/8/Equip_ItemList/0/LocalizedName,0,-1,Noble's Tunic,
ghaarakmarketdis,git,Creature List/8/FirstName,0,-1,Ghaarak Commoner,
ghaarakmarketdis,git,Creature List/9/Equip_ItemList/0/LocalizedName,0,-1,Commoner's Tunic,
ghaarakmarketdis,git,Creature List/9/FirstName,0,-1,Ghaarak Commoner,
ghaarakmarketdis,git,Creature List/9/ItemList/0/LocalizedName,0,-1,Gold Piece,
ghaarakmarketdis,git,Door List/0/LocName,0,5349,Door,문
ghaarakmarketdis,git,Door List/1/LocName,0,5349,Door,문
ghaarakmarketdis,git,Door List/2/LocName,0,5349,Door,문
ghaarakmarketdis,git,Door List/3/LocName,0,5349,Normal Door,
ghaarakmarketdis,git,Door List/4/LocName,0,5349,Normal Door,
ghaarakmarketdis,git,Placeable List/1/Description,0,14642,The torch paints its environs in warmer hues. You find yourself grateful for its glow. ,횃불이 주변을 따뜻하게 칠하고 있습니다. 당신은 그 불빛에 감사하는 자신을 발견합니다.
ghaarakmarketdis,git,Placeable List/1/LocName,0,14643,Torch Bracket,횃불 걸이
ghaarakmarketdis,git,Placeable List/10/Description,0,14642,The torch paints its environs in warmer hues. You find yourself grateful for its glow. ,횃불이 주변을 따뜻하게 칠하고 있습니다. 당신은 그 불빛에 감사하는 자신을 발견합니다.
ghaarakmarketdis,git,Placeable List/10/LocName,0,14643,Torch Bracket,횃불 걸이
ghaarakmarketdis,git,Placeable List/11/Description,0,14642,The torch paints its environs in warmer hues. You find yourself grateful for its glow. ,횃불이 주변을 따뜻하게 칠하고 있습니다. 당신은 그 불빛에 감사하는 자신을 발견합니다.
ghaarakmarketdis,git,Placeable List/11/LocName,0,14643,Torch Bracket,횃불 걸이
ghaarakmarketdis,git,Placeable List/12/Description,0,14642,The torch paints its environs in warmer hues. You find yourself grateful for its glow. ,횃불이 주변을 따뜻하게 칠하고 있습니다. 당신은 그 불빛에 감사하는 자신을 발견합니다.
ghaarakmarketdis,git,Placeable List/12/LocName,0,14643,Torch Bracket,횃불 걸이
ghaarakmarketdis,git,Placeable List/13/Description,0,14642,The torch paints its environs in warmer hues. You find yourself grateful for its glow. ,횃불이 주변을 따뜻하게 칠하고 있습니다. 당신은 그 불빛에 감사하는 자신을 발견합니다.
ghaarakmarketdis,git,Placeable List/13/LocName,0,14643,Torch Bracket,횃불 걸이
ghaarakmarketdis,git,Placeable List/14/Description,0,14642,The torch paints its environs in warmer hues. You find yourself grateful for its glow. ,횃불이 주변을 따뜻하게 칠하고 있습니다. 당신은 그 불빛에 감사하는 자신을 발견합니다.
ghaarakmarketdis,git,Placeable List/14/LocName,0,14643,Torch Bracket,횃불 걸이
ghaarakmarketdis,git,Placeable List/15/Description,0,14642,The torch paints its environs in warmer hues. You find yourself grateful for its glow. ,횃불이 주변을 따뜻하게 칠하고 있습니다. 당신은 그 불빛에 감사하는 자신을 발견합니다.
ghaarakmarketdis,git,Placeable List/15/LocName,0,14643,Torch Bracket,횃불 걸이
ghaarakmarketdis,git,Placeable List/16/Description,0,14642,The torch paints its environs in warmer hues. You find yourself grateful for its glow. ,횃불이 주변을 따뜻하게 칠하고 있습니다. 당신은 그 불빛에 감사하는 자신을 발견합니다.
ghaarakmarketdis,git,Placeable List/16/LocName,0,14643,Torch Bracket,횃불 걸이
ghaarakmarketdis,git,Placeable List/2/Description,0,14642,The torch paints its environs in warmer hues. You find yourself grateful for its glow. ,횃불이 주변을 따뜻하게 칠하고 있습니다. 당신은 그 불빛에 감사하는 자신을 발견합니다.
ghaarakmarketdis,git,Placeable List/2/LocName,0,14643,Torch Bracket,횃불 걸이
ghaarakmarketdis,git,Placeable List/20/Description,0,14577,"Loosely nailed, this wooden crate appears intended for temporary storage.",느슨하게 못을 박은 이 나무 궤짝은 임시 보관용으로 보입니다.
ghaarakmarketdis,git,Placeable List/20/LocName,0,14578,Crate,궤짝
ghaarakmarketdis,git,Placeable List/21/Description,0,14577,"Loosely nailed, this wooden crate appears intended for temporary storage.",느슨하게 못을 박은 이 나무 궤짝은 임시 보관용으로 보입니다.
ghaarakmarketdis,git,Placeable List/21/LocName,0,14578,Crate,궤짝
ghaarakmarketdis,git,Placeable List/22/Description,0,14577,"Loosely nailed, this wooden crate appears intended for temporary storage.",느슨하게 못을 박은 이 나무 궤짝은 임시 보관용으로 보입니다.
ghaarakmarketdis,git,Placeable List/22/LocName,0,14578,Crate,궤짝
ghaarakmarketdis,git,Placeable List/23/Description,0,14577,"Loosely nailed, this wooden crate appears intended for temporary storage.",느슨하게 못을 박은 이 나무 궤짝은 임시 보관용으로 보입니다.
ghaarakmarketdis,git,Placeable List/23/LocName,0,14578,Crate,궤짝
ghaarakmarketdis,git,Placeable List/24/Description,0,14594,"Bound in iron and with a heavy lock, this heavy chest was obviously meant to protect something of value.",철로 감싸졌고 자물쇠가 채워진 이 무거운 궤짝은 분명히 가치 있는 무언가를 보호하기 위한 것입니다.
ghaarakmarketdis,git,Placeable List/24/ItemList/0/DescIdentified,0,-1,"Shrak,

With the Imperial guard increasing its watch over the Market District, we of the Bloodhawks have had to increase our vigilance against their prying eyes.  We have relocated our base to a hidden sector of the city, and will no longer be able to directly contact you for new additions to our... stock.

For the time being, I have stationed two of my men at the Ravenclaw Tavern.  You may feel free to go to them should you have need to contact us, and they will take care of any business you may need to conduct with our organization.

I have instructed my men to use all caution when dealing with strangers, so be wary to follow my next instructions.  Upon need to contact us, go to the inn rooms at the Ravenclaw Tavern.  My men are residing in one of these rooms.  You must knock on the door three times, upon which one of the men will ask your business.  Tell him the phrase: ""The hawk's blood flows freely..."", and my men will know you to be an ally.  Do not forget this, for they shall not have any dealings with you otherwise!

I apologize for any troubles this may cause you, but we feel it necessary to take all precautions to avoid being discovered. 

- Jhordak",
ghaarakmarketdis,git,Placeable List/24/ItemList/0/LocalizedName,0,-1,Bloodhawk Letter,
ghaarakmarketdis,git,Placeable List/24/ItemList/1/LocalizedName,0,-1,Gold Piece,
ghaarakmarketdis,git,Placeable List/24/ItemList/2/DescIdentified,0,13436,This sparkling potion greatly increases the drinker's Dexterity.,이 탄산이 든 물약을 마시면 민첩이 크게 올라갑니다.
ghaarakmarketdis,git,Placeable List/24/ItemList/2/LocalizedName,0,13437,Potion of Cat's Grace,고양이의 우아함 물약
ghaarakmarketdis,git,Placeable List/24/LocName,0,5348,Chest,궤짝
ghaarakmarketdis,git,Placeable List/25/Description,0,14594,"Bound in iron and with a heavy lock, this heavy chest was obviously meant to protect something of value.",철로 감싸졌고 자물쇠가 채워진 이 무거운 궤짝은 분명히 가치 있는 무언가를 보호하기 위한 것입니다.
ghaarakmarketdis,git,Placeable List/25/ItemList/0/DescIdentified,0,-1,Irilium Crystals are strong and stable sources of magical power. It is common for these gems to be used as magical ingredients in a variety of spells and rituals.,
ghaarakmarketdis,git,Placeable List/25/ItemList/0/LocalizedName,0,-1,Irilium Crystals,
ghaarakmarketdis,git,Placeable List/25/ItemList/4/DescIdentified,0,-1,"Animating a construct is not a task to be taken lightly by those inexperienced in the arts of magic, but to those well versed in the arcane arts, constructs can prove to be great and devoted servants.  Properly created, constructs can aid in a variety of tasks at their master's command, from simple labor to fearsome allies in combat.

Once the initial construct is built, a task both expensive and complicated, it is necessary to find a power source to animate the construct.  For a stable source, it is strongly recommended that one use Irilium Crystals, often found in the southern lands of the Sharakhan Empire.  While a bit hard to come by in these northern frontier lands, Irilium is the only dependable source for animation of constructs, and other substitutes are discouraged.",
ghaarakmarketdis,git,Placeable List/25/ItemList/4/LocalizedName,0,-1,Guide to Animating Constructs,
ghaarakmarketdis,git,Placeable List/25/LocName,0,5348,Chest,궤짝
ghaarakmarketdis,git,Placeable List/26/Description,0,67631,A trap door set in the floor.,복도에 설치된 함정 문
ghaarakmarketdis,git,Placeable List/26/LocName,0,52996,Trap Door,다락방 문
ghaarakmarketdis,git,Placeable List/3/Description,0,14642,The torch paints its environs in warmer hues. You find yourself grateful for its glow. ,횃불이 주변을 따뜻하게 칠하고 있습니다. 당신은 그 불빛에 감사하는 자신을 발견합니다.
ghaarakmarketdis,git,Placeable List/3/LocName,0,14643,Torch Bracket,횃불 걸이
ghaarakmarketdis,git,Placeable List/4/Description,0,14642,The torch paints its environs in warmer hues. You find yourself grateful for its glow. ,횃불이 주변을 따뜻하게 칠하고 있습니다. 당신은 그 불빛에 감사하는 자신을 발견합니다.
ghaarakmarketdis,git,Placeable List/4/LocName,0,14643,Torch Bracket,횃불 걸이
ghaarakmarketdis,git,Placeable List/5/Description,0,14642,The torch paints its environs in warmer hues. You find yourself grateful for its glow. ,횃불이 주변을 따뜻하게 칠하고 있습니다. 당신은 그 불빛에 감사하는 자신을 발견합니다.
ghaarakmarketdis,git,Placeable List/5/LocName,0,14643,Torch Bracket,횃불 걸이
ghaarakmarketdis,git,Placeable List/7/Description,0,14752,"The weapons lean into the wooden rack, waiting for release.",무기가 나무 거치대에 기대어 해방되기를 기다리고 있습니다.
ghaarakmarketdis,git,Placeable List/7/LocName,0,5748,Weapon Rack,무기 거치대
ghaarakmarketdis,git,Placeable List/8/Description,0,14752,"The weapons lean into the wooden rack, waiting for release.",무기가 나무 거치대에 기대어 해방되기를 기다리고 있습니다.
ghaarakmarketdis,git,Placeable List/8/LocName,0,5748,Weapon Rack,무기 거치대
ghaarakmarketdis,git,Placeable List/9/Description,0,14642,The torch paints its environs in warmer hues. You find yourself grateful for its glow. ,횃불이 주변을 따뜻하게 칠하고 있습니다. 당신은 그 불빛에 감사하는 자신을 발견합니다.
ghaarakmarketdis,git,Placeable List/9/LocName,0,14643,Torch Bracket,횃불 걸이
ghaarakmarketdis,git,StoreList/0/LocName,0,-1,STANDARD WEAPON & ARMOR STORE,
ghaarakmarketdis,git,StoreList/0/StoreList/0/ItemList/0/LocalizedName,0,-1,Hide Armor,
ghaarakmarketdis,git,StoreList/0/StoreList/0/ItemList/1/LocalizedName,0,-1,Leather Armor,
ghaarakmarketdis,git,StoreList/0/StoreList/0/ItemList/10/LocalizedName,0,-1,Chainmail,
ghaarakmarketdis,git,StoreList/0/StoreList/0/ItemList/11/LocalizedName,0,-1,Scale Mail,
ghaarakmarketdis,git,StoreList/0/StoreList/0/ItemList/12/LocalizedName,0,-1,Large Shield,
ghaarakmarketdis,git,StoreList/0/StoreList/0/ItemList/13/LocalizedName,0,-1,Small Shield,
ghaarakmarketdis,git,StoreList/0/StoreList/0/ItemList/14/LocalizedName,0,-1,Tower Shield,
ghaarakmarketdis,git,StoreList/0/StoreList/0/ItemList/15/LocalizedName,0,-1,Iron Helmet,
ghaarakmarketdis,git,StoreList/0/StoreList/0/ItemList/16/LocalizedName,0,-1,Steel Helmet,
ghaarakmarketdis,git,StoreList/0/StoreList/0/ItemList/17/LocalizedName,0,-1,Chainmail Mask,
ghaarakmarketdis,git,StoreList/0/StoreList/0/ItemList/18/LocalizedName,0,-1,Iron Visor,
ghaarakmarketdis,git,StoreList/0/StoreList/0/ItemList/2/LocalizedName,0,-1,Padded Armor,
ghaarakmarketdis,git,StoreList/0/StoreList/0/ItemList/3/LocalizedName,0,-1,Studded Leather Armor,
ghaarakmarketdis,git,StoreList/0/StoreList/0/ItemList/4/LocalizedName,0,-1,Banded Mail,
ghaarakmarketdis,git,StoreList/0/StoreList/0/ItemList/5/LocalizedName,0,-1,Full Plate,
ghaarakmarketdis,git,StoreList/0/StoreList/0/ItemList/6/LocalizedName,0,-1,Half Plate,
ghaarakmarketdis,git,StoreList/0/StoreList/0/ItemList/7/LocalizedName,0,-1,Splint Mail,
ghaarakmarketdis,git,StoreList/0/StoreList/0/ItemList/8/LocalizedName,0,-1,Breastplate,
ghaarakmarketdis,git,StoreList/0/StoreList/0/ItemList/9/LocalizedName,0,-1,Chain Shirt,
ghaarakmarketdis,git,StoreList/0/StoreList/1/ItemList/0/LocalizedName,0,-1,Arrow,
ghaarakmarketdis,git,StoreList/0/StoreList/1/ItemList/1/LocalizedName,0,-1,Bolt,
ghaarakmarketdis,git,StoreList/0/StoreList/1/ItemList/10/LocalizedName,0,-1,Short Sword,
ghaarakmarketdis,git,StoreList/0/StoreList/1/ItemList/11/LocalizedName,0,-1,Club,
ghaarakmarketdis,git,StoreList/0/StoreList/1/ItemList/12/LocalizedName,0,-1,Heavy Flail,
ghaarakmarketdis,git,StoreList/0/StoreList/1/ItemList/13/LocalizedName,0,-1,Light Flail,
ghaarakmarketdis,git,StoreList/0/StoreList/1/ItemList/14/LocalizedName,0,-1,Light Hammer,
ghaarakmarketdis,git,StoreList/0/StoreList/1/ItemList/15/LocalizedName,0,-1,Warhammer,
ghaarakmarketdis,git,StoreList/0/StoreList/1/ItemList/16/LocalizedName,0,-1,Mace,
ghaarakmarketdis,git,StoreList/0/StoreList/1/ItemList/17/LocalizedName,0,-1,Morningstar,
ghaarakmarketdis,git,StoreList/0/StoreList/1/ItemList/18/LocalizedName,0,-1,Quarterstaff,
ghaarakmarketdis,git,StoreList/0/StoreList/1/ItemList/19/LocalizedName,0,-1,Sickle,
ghaarakmarketdis,git,StoreList/0/StoreList/1/ItemList/2/LocalizedName,0,-1,Bullet,
ghaarakmarketdis,git,StoreList/0/StoreList/1/ItemList/20/LocalizedName,0,-1,Halberd,
ghaarakmarketdis,git,StoreList/0/StoreList/1/ItemList/21/LocalizedName,0,-1,Spear,
ghaarakmarketdis,git,StoreList/0/StoreList/1/ItemList/22/LocalizedName,0,-1,Scythe,
ghaarakmarketdis,git,StoreList/0/StoreList/1/ItemList/23/LocalizedName,0,-1,Heavy Crossbow,
ghaarakmarketdis,git,StoreList/0/StoreList/1/ItemList/24/LocalizedName,0,-1,Light Crossbow,
ghaarakmarketdis,git,StoreList/0/StoreList/1/ItemList/25/LocalizedName,0,-1,Longbow,
ghaarakmarketdis,git,StoreList/0/StoreList/1/ItemList/26/LocalizedName,0,-1,Shortbow,
ghaarakmarketdis,git,StoreList/0/StoreList/1/ItemList/27/LocalizedName,0,-1,Sling,
ghaarakmarketdis,git,StoreList/0/StoreList/1/ItemList/28/LocalizedName,0,-1,Dart,
ghaarakmarketdis,git,StoreList/0/StoreList/1/ItemList/29/LocalizedName,0,-1,Shuriken,
ghaarakmarketdis,git,StoreList/0/StoreList/1/ItemList/3/LocalizedName,0,-1,Greataxe,
ghaarakmarketdis,git,StoreList/0/StoreList/1/ItemList/30/LocalizedName,0,-1,Throwing Axe,
ghaarakmarketdis,git,StoreList/0/StoreList/1/ItemList/31/LocalizedName,0,-1,Masterwork Greataxe,
ghaarakmarketdis,git,StoreList/0/StoreList/1/ItemList/32/DescIdentified,0,-1,"Masterwork weapons are crafted to be perfectly balanced and weighted, allowing for a far greater control and accuracy in battle.",
ghaarakmarketdis,git,StoreList/0/StoreList/1/ItemList/32/LocalizedName,0,-1,Masterwork Handaxe,
ghaarakmarketdis,git,StoreList/0/StoreList/1/ItemList/33/DescIdentified,0,-1,"Masterwork weapons are crafted to be perfectly balanced and weighted, allowing for a far greater control and accuracy in battle.",
ghaarakmarketdis,git,StoreList/0/StoreList/1/ItemList/33/LocalizedName,0,-1,Masterwork Battleaxe,
ghaarakmarketdis,git,StoreList/0/StoreList/1/ItemList/34/DescIdentified,0,-1,"Masterwork weapons are crafted to be perfectly balanced and weighted, allowing for a far greater control and accuracy in battle.",
ghaarakmarketdis,git,StoreList/0/StoreList/1/ItemList/34/LocalizedName,0,-1,Masterwork Bastard Sword,
ghaarakmarketdis,git,StoreList/0/StoreList/1/ItemList/35/DescIdentified,0,-1,"Masterwork weapons are crafted to be perfectly balanced and weighted, allowing for a far greater control and accuracy in battle.",
ghaarakmarketdis,git,StoreList/0/StoreList/1/ItemList/35/LocalizedName,0,-1,Masterwork Dagger,
ghaarakmarketdis,git,StoreList/0/StoreList/1/ItemList/36/DescIdentified,0,-1,"Masterwork weapons are crafted to be perfectly balanced and weighted, allowing for a far greater control and accuracy in battle.",
ghaarakmarketdis,git,StoreList/0/StoreList/1/ItemList/36/LocalizedName,0,-1,Masterwork Greatsword,
ghaarakmarketdis,git,StoreList/0/StoreList/1/ItemList/37/DescIdentified,0,-1,"Masterwork weapons are crafted to be perfectly balanced and weighted, allowing for a far greater control and accuracy in battle.",
ghaarakmarketdis,git,StoreList/0/StoreList/1/ItemList/37/LocalizedName,0,-1,Masterwork Longsword,
ghaarakmarketdis,git,StoreList/0/StoreList/1/ItemList/38/DescIdentified,0,-1,"Masterwork weapons are crafted to be perfectly balanced and weighted, allowing for a far greater control and accuracy in battle.",
ghaarakmarketdis,git,StoreList/0/StoreList/1/ItemList/38/LocalizedName,0,-1,Masterwork Scimitar,
ghaarakmarketdis,git,StoreList/0/StoreList/1/ItemList/39/LocalizedName,0,-1,Rapier,
ghaarakmarketdis,git,StoreList/0/StoreList/1/ItemList/4/LocalizedName,0,-1,Handaxe,
ghaarakmarketdis,git,StoreList/0/StoreList/1/ItemList/40/DescIdentified,0,-1,"Masterwork weapons are crafted to be perfectly balanced and weighted, allowing for a far greater control and accuracy in battle.",
ghaarakmarketdis,git,StoreList/0/StoreList/1/ItemList/40/LocalizedName,0,-1,Masterwork Rapier,
ghaarakmarketdis,git,StoreList/0/StoreList/1/ItemList/41/DescIdentified,0,-1,"Masterwork weapons are crafted to be perfectly balanced and weighted, allowing for a far greater control and accuracy in battle.",
ghaarakmarketdis,git,StoreList/0/StoreList/1/ItemList/41/LocalizedName,0,-1,Masterwork Short Sword,
ghaarakmarketdis,git,StoreList/0/StoreList/1/ItemList/42/DescIdentified,0,-1,"Weighted weapons are crafted to be perfectly balanced, allowing for a far greater efficiency in battle.",
ghaarakmarketdis,git,StoreList/0/StoreList/1/ItemList/42/LocalizedName,0,-1,Weighted Club,
ghaarakmarketdis,git,StoreList/0/StoreList/1/ItemList/43/DescIdentified,0,-1,"Masterwork weapons are crafted to be perfectly balanced and weighted, allowing for a far greater control and accuracy in battle.",
ghaarakmarketdis,git,StoreList/0/StoreList/1/ItemList/43/LocalizedName,0,-1,Masterwork Light Flail,
ghaarakmarketdis,git,StoreList/0/StoreList/1/ItemList/44/DescIdentified,0,-1,"Masterwork weapons are crafted to be perfectly balanced and weighted, allowing for a far greater control and accuracy in battle.",
ghaarakmarketdis,git,StoreList/0/StoreList/1/ItemList/44/LocalizedName,0,-1,Masterwork Heavy Flail,
ghaarakmarketdis,git,StoreList/0/StoreList/1/ItemList/45/DescIdentified,0,-1,"Masterwork weapons are crafted to be perfectly balanced and weighted, allowing for a far greater control and accuracy in battle.",
ghaarakmarketdis,git,StoreList/0/StoreList/1/ItemList/45/LocalizedName,0,-1,Masterwork Light Hammer,
ghaarakmarketdis,git,StoreList/0/StoreList/1/ItemList/46/DescIdentified,0,-1,"Masterwork weapons are crafted to be perfectly balanced and weighted, allowing for a far greater control and accuracy in battle.",
ghaarakmarketdis,git,StoreList/0/StoreList/1/ItemList/46/LocalizedName,0,-1,Masterwork Warhammer,
ghaarakmarketdis,git,StoreList/0/StoreList/1/ItemList/47/DescIdentified,0,-1,"Masterwork weapons are crafted to be perfectly balanced and weighted, allowing for a far greater control and accuracy in battle.",
ghaarakmarketdis,git,StoreList/0/StoreList/1/ItemList/47/LocalizedName,0,-1,Masterwork Mace,
ghaarakmarketdis,git,StoreList/0/StoreList/1/ItemList/48/DescIdentified,0,-1,"Masterwork weapons are crafted to be perfectly balanced and weighted, allowing for a far greater control and accuracy in battle.",
ghaarakmarketdis,git,StoreList/0/StoreList/1/ItemList/48/LocalizedName,0,-1,Masterwork Morningstar,
ghaarakmarketdis,git,StoreList/0/StoreList/1/ItemList/49/DescIdentified,0,-1,"Masterwork weapons are crafted to be perfectly balanced and weighted, allowing for a far greater control and accuracy in battle.",
ghaarakmarketdis,git,StoreList/0/StoreList/1/ItemList/49/LocalizedName,0,-1,Masterwork Halberd,
ghaarakmarketdis,git,StoreList/0/StoreList/1/ItemList/5/LocalizedName,0,-1,Battleaxe,
ghaarakmarketdis,git,StoreList/0/StoreList/1/ItemList/50/DescIdentified,0,-1,"Masterwork weapons are crafted to be perfectly balanced and weighted, allowing for a far greater control and accuracy in battle.",
ghaarakmarketdis,git,StoreList/0/StoreList/1/ItemList/50/LocalizedName,0,-1,Masterwork Scythe,
ghaarakmarketdis,git,StoreList/0/StoreList/1/ItemList/51/DescIdentified,0,-1,"Masterwork weapons are crafted to be perfectly balanced and weighted, allowing for a far greater control and accuracy in battle.",
ghaarakmarketdis,git,StoreList/0/StoreList/1/ItemList/51/LocalizedName,0,-1,Masterwork Spear,
ghaarakmarketdis,git,StoreList/0/StoreList/1/ItemList/6/LocalizedName,0,-1,Dagger,
ghaarakmarketdis,git,StoreList/0/StoreList/1/ItemList/7/LocalizedName,0,-1,Greatsword,
ghaarakmarketdis,git,StoreList/0/StoreList/1/ItemList/8/LocalizedName,0,-1,Longsword,
ghaarakmarketdis,git,StoreList/0/StoreList/1/ItemList/9/LocalizedName,0,-1,Scimitar,
ghaarakmarketdis,git,StoreList/1/LocName,0,-1,STANDARD POTION STORE,
ghaarakmarketdis,git,StoreList/1/StoreList/2/ItemList/0/DescIdentified,0,13440,"Used in times of trouble, these priestly waters comfort the sorrowful and make great men of lowly cowards.","역경의 시대에 사용되었던 이 사제의 물은 슬픔에 잠긴 이들을 위로하며, 하찮은 겁쟁이도 위인이 되도록 합니다."
ghaarakmarketdis,git,StoreList/1/StoreList/2/ItemList/0/LocalizedName,0,13441,Potion of Aid,지원의 물약
ghaarakmarketdis,git,StoreList/1/StoreList/2/ItemList/1/DescIdentified,0,13420,"This tonic is sovereign against venoms, mineral toxins, diseases, and poisons of all sorts.",이 강장제는 독기나 광물의 독소와 질병 그리고 모든 종류의 독을 막아줍니다.
ghaarakmarketdis,git,StoreList/1/StoreList/2/ItemList/1/LocalizedName,0,13421,Potion of Antidote,해독의 물약
ghaarakmarketdis,git,StoreList/1/StoreList/2/ItemList/10/DescIdentified,0,13412,"With the power to staunch the flow of blood or knit a broken bone, these potions are in common use among the dangerous professions.",출혈을 멈추거나 부러진 뼈를 접합하는 힘을 가진 이런 물약은 일반적으로 위험한 일을 하는 이들이 사용합니다.
ghaarakmarketdis,git,StoreList/1/StoreList/2/ItemList/10/LocalizedName,0,13413,Potion of Cure Serious Wounds,심각한 상처 치료의 물약
ghaarakmarketdis,git,StoreList/1/StoreList/2/ItemList/11/DescIdentified,0,13428,"With their ability to smooth the complexion, gloss the hair, and brighten the eyes, these potions find regular use among the nobility. But it shall make anyone more comely.","안색은 부드럽게 만들고, 머리칼은 윤기나게 만들며, 눈을 반짝이게 만드는 능력으로 인해, 이 물약은 귀족들이 자주 사용합니다. 하지만 누구라도 더 아름답게 만들 겁니다."
ghaarakmarketdis,git,StoreList/1/StoreList/2/ItemList/11/LocalizedName,0,13429,Potion of Eagle's Splendor,독수리의 위엄 물약
ghaarakmarketdis,git,StoreList/1/StoreList/2/ItemList/12/DescIdentified,0,13434,"A potion of endurance combines various magical components to increase stamina and overall health, though it does not heal damage.","지구력의 물약은 비록 피해를 치유하지는 않지만, 체력과 전반적인 건강을 증진시키기 위한 다양한 마법적 요소들을 갖추고 있습니다."
ghaarakmarketdis,git,StoreList/1/StoreList/2/ItemList/12/LocalizedName,0,13435,Potion of Endurance,지구력의 물약
ghaarakmarketdis,git,StoreList/1/StoreList/2/ItemList/13/DescIdentified,0,13442,"These potions are eagerly sought by sages, scholars, and adventuring wizards alike. When imbibed, they grant a bonus to the drinker's Intelligence score.",현자와 학자 그리고 모험하는 마법사와 같은 모두가 이 물약을 간절히 원합니다. 마시고 나면 마신 이의 지능 점수에 이점을 제공합니다.
ghaarakmarketdis,git,StoreList/1/StoreList/2/ItemList/13/LocalizedName,0,13443,Potion of Fox's Cunning,여우의 교활함 물약
ghaarakmarketdis,git,StoreList/1/StoreList/2/ItemList/14/DescIdentified,0,13446,"These potions are in equal demand by adventurers and scholars, allowing for the imbiber to clear their thoughts in the pursuit of remembering vague legends and tales of old.","이 물약은 모험가와 학자들 모두가 원하고 있으며, 페이룬의 던전에서 많이 쓰이는걸 볼 수 있습니다."
ghaarakmarketdis,git,StoreList/1/StoreList/2/ItemList/14/LocalizedName,0,13447,Potion of Lore,전승지식의 물약
ghaarakmarketdis,git,StoreList/1/StoreList/2/ItemList/15/DescIdentified,0,13444,"This milky red potion seems to open the drinker's perception of his environment, making him at once more observant and more resistant to effects that target the mind.","이 우유가 들어간 붉은 물약은 술꾼의 마신 이의 환경에 대한 통찰력을 열어주는 것으로 보이며, 마시게 되면 즉시 더 높은 관찰력과 정신에 영향을 미치는 효과에 대한 더 높은 저항력을 얻습니다."
ghaarakmarketdis,git,StoreList/1/StoreList/2/ItemList/15/LocalizedName,0,13445,Potion of Owl's Wisdom,올빼미의 지혜 물약
ghaarakmarketdis,git,StoreList/1/StoreList/2/ItemList/2/DescIdentified,0,13418,"This thick concoction smells dark and musty, like a forest after heavy rains.",이 걸쭉한 혼합물은 마치 폭우가 내린 숲처럼 짙은 퀴퀴한 냄새가 납니다.
ghaarakmarketdis,git,StoreList/1/StoreList/2/ItemList/2/LocalizedName,0,13419,Potion of Barkskin,나무껍질 피부의 물약
ghaarakmarketdis,git,StoreList/1/StoreList/2/ItemList/3/DescIdentified,0,13426,"Called ""portable priests"" by more cynical adventurers, these holy infusions are of great use to the average adventurer.","냉소적인 모험가들이 \""휴대용 사제\""라고 부르는, 이 신성한 차는 평범한 모험가들에게 매우 유용합니다."
ghaarakmarketdis,git,StoreList/1/StoreList/2/ItemList/3/LocalizedName,0,13427,Potion of Bless,축복의 물약
ghaarakmarketdis,git,StoreList/1/StoreList/2/ItemList/4/DescIdentified,0,13438,"These blood-red infusions, made from the horns and heart of young bulls, grant the drinker great physical strength.",어린 황소의 뿔과 심장으로 만든 이 핏빛 달임차는 마신 이에게 큰 물리적 힘을 제공합니다.
ghaarakmarketdis,git,StoreList/1/StoreList/2/ItemList/4/LocalizedName,0,13439,Potion of Bull's Strength,황소의 근력 물약
ghaarakmarketdis,git,StoreList/1/StoreList/2/ItemList/5/DescIdentified,0,13436,This sparkling potion greatly increases the drinker's Dexterity.,이 탄산이 든 물약을 마시면 민첩이 크게 올라갑니다.
ghaarakmarketdis,git,StoreList/1/StoreList/2/ItemList/5/LocalizedName,0,13437,Potion of Cat's Grace,고양이의 우아함 물약
ghaarakmarketdis,git,StoreList/1/StoreList/2/ItemList/6/DescIdentified,0,13422,"Made of hot liquid poured over scorched and pungent beans, this strong-smelling brew did not get its name from its appearance. It helps clear and fortify the mind against spells that affect the mind.",톡 쏘는 콩을 그을려 위에 뜨거운 액체를 부어 우려낸 이 강한 향이 나는 차는 겉모습으로 이름을 얻은게 아닙니다. 이것은 정신에 영향을 미치는 주문에 대항하여 정신을 맑게 유지하고 강화 하는데 도움을 줍니다.
ghaarakmarketdis,git,StoreList/1/StoreList/2/ItemList/6/LocalizedName,0,13423,Potion of Clarity,맑은 정신의 물약
ghaarakmarketdis,git,StoreList/1/StoreList/2/ItemList/7/DescIdentified,0,13414,"With the power to return people from the very brink of death, these potions do not come cheaply.",죽음의 문턱에 있는 사람들을 되돌릴 힘이 있는 이 물약은 값싸게 나오지 않습니다.
ghaarakmarketdis,git,StoreList/1/StoreList/2/ItemList/7/LocalizedName,0,13415,Potion of Cure Critical Wounds,치명적인 상처 치료의 물약
ghaarakmarketdis,git,StoreList/1/StoreList/2/ItemList/8/DescIdentified,0,13410,"Used as often in the peasant's home as the dungeon's dark, these simple concoctions are common throughout Abaran.",던전의 어둠 만큼이나 농부의 집에서도 자주 사용하는 이런 간단한 혼합물은 페이룬 전역에서 흔히 볼 수 있습니다.
ghaarakmarketdis,git,StoreList/1/StoreList/2/ItemList/8/LocalizedName,0,13411,Potion of Cure Light Wounds,가벼운 상처 치료의 물약
ghaarakmarketdis,git,StoreList/1/StoreList/2/ItemList/9/DescIdentified,0,13448,"These curative potions are too expensive for most civilians, and are used almost exclusively by soldiers and adventurers.","이 치료 물약은 대부분의 시민들에게 너무 비싸기 때문에, 대부분은 군인과 모험가들만이 사용하고 있습니다."
ghaarakmarketdis,git,StoreList/1/StoreList/2/ItemList/9/LocalizedName,0,13449,Potion of Cure Moderate Wounds,일반 상처 치료의 물약
ghaarakmarketdis,git,StoreList/2/LocName,0,-1,STANDARD BLACK MARKET STORE,
ghaarakmarketdis,git,StoreList/2/StoreList/0/ItemList/0/LocalizedName,0,-1,Leather Armor,
ghaarakmarketdis,git,StoreList/2/StoreList/0/ItemList/1/LocalizedName,0,-1,Padded Armor,
ghaarakmarketdis,git,StoreList/2/StoreList/0/ItemList/2/LocalizedName,0,-1,Studded Leather Armor,
ghaarakmarketdis,git,StoreList/2/StoreList/0/ItemList/3/DescIdentified,0,-1,This suit has been finely woven to suit the tastes of upper nobility.,
ghaarakmarketdis,git,StoreList/2/StoreList/0/ItemList/3/LocalizedName,0,-1,Noble's Tunic,
ghaarakmarketdis,git,StoreList/2/StoreList/1/ItemList/0/LocalizedName,0,-1,Kama,
ghaarakmarketdis,git,StoreList/2/StoreList/1/ItemList/1/LocalizedName,0,-1,Kukri,
ghaarakmarketdis,git,StoreList/2/StoreList/1/ItemList/2/LocalizedName,0,-1,Sickle,
ghaarakmarketdis,git,StoreList/2/StoreList/1/ItemList/3/LocalizedName,0,-1,Bastard Sword,
ghaarakmarketdis,git,StoreList/2/StoreList/1/ItemList/4/LocalizedName,0,-1,Katana,
ghaarakmarketdis,git,StoreList/2/StoreList/1/ItemList/5/LocalizedName,0,-1,Rapier,
ghaarakmarketdis,git,StoreList/2/StoreList/1/ItemList/6/LocalizedName,0,-1,Dire Mace,
ghaarakmarketdis,git,StoreList/2/StoreList/1/ItemList/7/LocalizedName,0,-1,Double Axe,
ghaarakmarketdis,git,StoreList/2/StoreList/1/ItemList/8/LocalizedName,0,-1,Two-Bladed Sword,
ghaarakmarketdis,git,StoreList/2/StoreList/4/ItemList/0/LocalizedName,0,13523,Thieves' Tools +1,도둑의 도구 +1
ghaarakmarketdis,git,StoreList/2/StoreList/4/ItemList/1/LocalizedName,0,13524,Thieves' Tools +3,도둑의 도구 +3
ghaarakmarketdis,git,StoreList/3/LocName,0,-1,STANDARD MEAL STORE,
ghaarakmarketdis,git,StoreList/3/StoreList/4/ItemList/0/DescIdentified,0,-1,"This pack contains enough food and water for a single day of adventuring. Most nobles and merchants use this sort of food pack while traveling out in the wilds of the empire. Though there are many other substitutes for traditional packed rations, this is the most popular choice of those that can afford it.

This item can be used as a ration. You will need to have some form of ration in your inventory to gain any benefit from resting.",
ghaarakmarketdis,git,StoreList/3/StoreList/4/ItemList/0/LocalizedName,0,-1,Packed Rations,
ghaarakmarketdis,git,StoreList/3/StoreList/4/ItemList/1/DescIdentified,0,-1,"Chakara berries are well known throughout the Sharakhan Empire for being far more nourishing than their size would suggest.  A handful of these berries is more than enough food to fill the belly of a grown man, and provides nourishment for a full day's worth of food. 

This item can be used as a ration. You will need to have some form of ration in your inventory to gain any benefit from resting.",
ghaarakmarketdis,git,StoreList/3/StoreList/4/ItemList/1/LocalizedName,0,-1,Chakara Berries,
ghaarakmarketdis,git,StoreList/3/StoreList/4/ItemList/2/DescIdentified,0,-1,"Grahmin, a strange herd beast found in the rural areas of the Northern Reaches, carry all manner of edible parts on their body.  

Their tongues are widely known for making a delicious meal. 

This item can be used as a ration. You will need to have some form of ration in your inventory to gain any benefit from resting.",
ghaarakmarketdis,git,StoreList/3/StoreList/4/ItemList/2/LocalizedName,0,-1,Grahmin Tongue,
ghaarakmarketdis,git,StoreList/3/StoreList/4/ItemList/3/DescIdentified,0,-1,"Juju nuts, taken from the Jujira plant, are often sought after by wilderness travellers.  Though not particularly filling, these nuts can make a good substitute for one's diet while away from civilized areas, being easy to carry while maintaining their freshness indefinitely.


This item can be used as a ration. You will need to have some form of ration in your inventory to gain any benefit from resting.",
ghaarakmarketdis,git,StoreList/3/StoreList/4/ItemList/3/LocalizedName,0,-1,Juju Nuts,
ghaarakmarketdis,git,StoreList/3/StoreList/4/ItemList/4/DescIdentified,0,-1,"Fish have become a part of most diets along the coastline of the Northern Reaches.  This package of meat is enough to feed the hunger of a grown adult for one day.

This item can be used as a ration. You will need to have some form of ration in your inventory to gain any benefit from resting.",
ghaarakmarketdis,git,StoreList/3/StoreList/4/ItemList/4/LocalizedName,0,-1,Fish Meat,
ghaarakmarketdis,git,TriggerList/0/LocalizedName,0,14759,New Generic,새 일반
ghaarakmarketdis,git,TriggerList/1/LocalizedName,0,14759,Weapon Merchant Speak Trigger,
ghaarakmarketdis,git,TriggerList/10/LocalizedName,0,14759,Black Market Merchant Speak Trigger,
ghaarakmarketdis,git,TriggerList/11/LocalizedName,0,14759,New Generic,새 일반
ghaarakmarketdis,git,TriggerList/12/LocalizedName,0,14759,New Generic,새 일반
ghaarakmarketdis,git,TriggerList/2/LocalizedName,0,14759,Meal Market Merchant Speak Trigger,
ghaarakmarketdis,git,TriggerList/3/LocalizedName,0,14759,Potions Merchant Speak Trigger,
ghaarakmarketdis,git,TriggerList/4/LocalizedName,0,14759,New Generic,새 일반
ghaarakmarketdis,git,TriggerList/5/LocalizedName,0,14759,Harkon Create Trigger,
ghaarakmarketdis,git,TriggerList/6/LocalizedName,0,14759,FADE,
ghaarakmarketdis,git,TriggerList/7/LocalizedName,0,14759,New Generic,새 일반
ghaarakmarketdis,git,TriggerList/8/LocalizedName,0,14759,New Generic,새 일반
ghaarakmarketdis,git,TriggerList/9/LocalizedName,0,14759,New Generic,새 일반
ghaarakmarketdis,git,WaypointList/0/LocalizedName,0,14814,Map Note,지도 설명
ghaarakmarketdis,git,WaypointList/0/MapNote,0,14815,To the Imperial District,
ghaarakmarketdis,git,WaypointList/1/LocalizedName,0,14814,Map Note,지도 설명
ghaarakmarketdis,git,WaypointList/1/MapNote,0,14815,To the Docks,
ghaarakmarketdis,git,WaypointList/10/LocalizedName,0,14817,Waypoint,웨이포인트
ghaarakmarketdis,git,WaypointList/11/LocalizedName,0,14817,Waypoint,웨이포인트
ghaarakmarketdis,git,WaypointList/12/LocalizedName,0,14817,Waypoint,웨이포인트
ghaarakmarketdis,git,WaypointList/13/LocalizedName,0,14817,Waypoint,웨이포인트
ghaarakmarketdis,git,WaypointList/14/LocalizedName,0,14814,Map Note,지도 설명
ghaarakmarketdis,git,WaypointList/14/MapNote,0,14815,Sewer Entrance,
ghaarakmarketdis,git,WaypointList/15/LocalizedName,0,14814,Map Note,지도 설명
ghaarakmarketdis,git,WaypointList/15/MapNote,0,14815,Ravenclaw Tavern,
ghaarakmarketdis,git,WaypointList/16/LocalizedName,0,14817,Waypoint,웨이포인트
ghaarakmarketdis,git,WaypointList/16/MapNote,0,-1,Boat House,
ghaarakmarketdis,git,WaypointList/17/LocalizedName,0,14817,Waypoint,웨이포인트
ghaarakmarketdis,git,WaypointList/18/LocalizedName,0,14817,Waypoint,웨이포인트
ghaarakmarketdis,git,WaypointList/19/LocalizedName,0,14817,Waypoint,웨이포인트
ghaarakmarketdis,git,WaypointList/2/LocalizedName,0,14817,Waypoint,웨이포인트
ghaarakmarketdis,git,WaypointList/2/MapNote,0,-1,Main Plaza,
ghaarakmarketdis,git,WaypointList/20/LocalizedName,0,-1,Spawn Point - Harkon,
ghaarakmarketdis,git,WaypointList/21/LocalizedName,0,14817,Waypoint,웨이포인트
ghaarakmarketdis,git,WaypointList/22/LocalizedName,0,14817,Waypoint,웨이포인트
ghaarakmarketdis,git,WaypointList/23/LocalizedName,0,14817,Cutscene Waypoint,
ghaarakmarketdis,git,WaypointList/24/LocalizedName,0,14814,Map Note,지도 설명
ghaarakmarketdis,git,WaypointList/24/MapNote,0,14815,Nelgir's Gem Shop,
ghaarakmarketdis,git,WaypointList/25/LocalizedName,0,14817,Waypoint,웨이포인트
ghaarakmarketdis,git,WaypointList/26/LocalizedName,0,14817,Waypoint,웨이포인트
ghaarakmarketdis,git,WaypointList/27/LocalizedName,0,14817,Waypoint,웨이포인트
ghaarakmarketdis,git,WaypointList/28/LocalizedName,0,14817,Waypoint,웨이포인트
ghaarakmarketdis,git,WaypointList/29/LocalizedName,0,14817,Waypoint,웨이포인트
ghaarakmarketdis,git,WaypointList/3/LocalizedName,0,14817,Waypoint,웨이포인트
ghaarakmarketdis,git,WaypointList/30/LocalizedName,0,14817,Waypoint,웨이포인트
ghaarakmarketdis,git,WaypointList/31/LocalizedName,0,14817,Waypoint,웨이포인트
ghaarakmarketdis,git,WaypointList/32/LocalizedName,0,14817,Waypoint,웨이포인트
ghaarakmarketdis,git,WaypointList/33/LocalizedName,0,14817,Waypoint,웨이포인트
ghaarakmarketdis,git,WaypointList/34/LocalizedName,0,14817,Waypoint,웨이포인트
ghaarakmarketdis,git,WaypointList/38/LocalizedName,0,-1,Crimson Prophet Cutscene Commoner,
ghaarakmarketdis,git,WaypointList/39/LocalizedName,0,14817,Waypoint,웨이포인트
ghaarakmarketdis,git,WaypointList/4/LocalizedName,0,14814,Map Note,지도 설명
ghaarakmarketdis,git,WaypointList/4/MapNote,0,14815,Sevanna's Herbalist and Arcane Shop,
ghaarakmarketdis,git,WaypointList/40/LocalizedName,0,14817,Waypoint,웨이포인트
ghaarakmarketdis,git,WaypointList/41/LocalizedName,0,14817,Waypoint,웨이포인트
ghaarakmarketdis,git,WaypointList/42/LocalizedName,0,14817,Waypoint,웨이포인트
ghaarakmarketdis,git,WaypointList/43/LocalizedName,0,14817,Waypoint,웨이포인트
ghaarakmarketdis,git,WaypointList/5/LocalizedName,0,14814,Map Note,지도 설명
ghaarakmarketdis,git,WaypointList/5/MapNote,0,14815,Forgehammer's Weapons and Armor,
ghaarakmarketdis,git,WaypointList/6/LocalizedName,0,14814,Map Note,지도 설명
ghaarakmarketdis,git,WaypointList/6/MapNote,0,14815,Shrak's Specialty Goods,
ghaarakmarketdis,git,WaypointList/7/LocalizedName,0,14814,Map Note,지도 설명
ghaarakmarketdis,git,WaypointList/7/MapNote,0,14815,Rago's Eatery,
ghaarakmarketdis,git,WaypointList/8/LocalizedName,0,14817,Waypoint,웨이포인트
ghaarakmarketdis,git,WaypointList/9/LocalizedName,0,14817,Waypoint,웨이포인트
testcombatarea,git,Encounter List/0/LocalizedName,0,-1,Stage 1 - Crimson Follower (3),
