Resource,ResType,FieldPath,LangID,StrRef,TextEng,Text
crestofthedefend,uti,DescIdentified,0,-1,"All citizens of the Sharakhan Empire are asked to choose a Crest upon their graduation. The three Crests represent the three paths by which they serve the Emperor: that of the Guardian, that of the Enforcer, and that of the Redeemer.",
crestofthedefend,uti,LocalizedName,0,-1,Crest of the Guardian,
crestoftheenforc,uti,DescIdentified,0,-1,"All citizens of the Sharakhan Empire are asked to choose a Crest upon their graduation. The three Crests represent the three paths by which they serve the Emperor: that of the Guardian, that of the Enforcer, and that of the Redeemer.",
crestoftheenforc,uti,LocalizedName,0,-1,Crest of the Enforcer,
crestoftheredeem,uti,DescIdentified,0,-1,"All citizens of the Sharakhan Empire are asked to choose a Crest upon their graduation. The three Crests represent the three paths by which they serve the Emperor: that of the Guardian, that of the Enforcer, and that of the Redeemer.",
crestoftheredeem,uti,LocalizedName,0,-1,Crest of the Redeemer,
it_arm_cloth_000,uti,LocalizedName,0,-1,IT_ARM_CLOTH_000,
it_arm_cloth_001,uti,LocalizedName,0,-1,Commoner's Outfit,
it_arm_cloth_002,uti,LocalizedName,0,-1,Clothing 2,
it_arm_cloth_003,uti,LocalizedName,0,-1,Clothing 3,
it_arm_cloth_004,uti,LocalizedName,0,-1,Clothing 4,
it_arm_cloth_005,uti,LocalizedName,0,-1,Clothing 5,
it_arm_cloth_006,uti,LocalizedName,0,-1,Commoner's Tunic,
it_arm_cloth_008,uti,LocalizedName,0,-1,Imperial Uniform,
it_arm_cloth_009,uti,LocalizedName,0,-1,Standard Imperial Clothing,
it_arm_cloth_010,uti,LocalizedName,0,-1,IT_ARM_CLOTH_010,
it_arm_cloth_011,uti,DescIdentified,0,-1,This suit has been finely woven to suit the tastes of upper nobility.,
it_arm_cloth_011,uti,LocalizedName,0,-1,Noble's Tunic,
it_arm_cloth_012,uti,DescIdentified,0,-1,This suit has been finely woven to suit the tastes of upper nobility.,
it_arm_cloth_012,uti,LocalizedName,0,-1,Noble's Tunic,
it_arm_cloth_013,uti,DescIdentified,0,-1,This suit has been finely woven to suit the tastes of upper nobility.,
it_arm_cloth_013,uti,LocalizedName,0,-1,Noble's Tunic,
it_arm_cloth_014,uti,DescIdentified,0,-1,This suit has been finely woven to suit the tastes of upper nobility.,
it_arm_cloth_014,uti,LocalizedName,0,-1,Noble's Tunic,
it_arm_cloth_015,uti,LocalizedName,0,-1,Imperial Robing,
it_arm_cloth_016,uti,LocalizedName,0,-1,Standard Imperial Clothing,
it_arm_cloth_017,uti,LocalizedName,0,-1,Standard Imperial Clothing,
it_arm_cloth_018,uti,LocalizedName,0,-1,Standard Imperial Clothing,
it_arm_cloth_019,uti,LocalizedName,0,-1,Standard Imperial Clothing,
it_arm_cloth_020,uti,LocalizedName,0,-1,IT_ARM_CLOTH_020,
it_arm_cloth_030,uti,LocalizedName,0,-1,IT_ARM_CLOTH_030,
it_arm_cloth_040,uti,LocalizedName,0,-1,IT_ARM_CLOTH_040,
it_arm_cloth_801,uti,LocalizedName,0,-1,Nightcrawler Uniform,
it_arm_cloth_802,uti,DescIdentified,0,-1,This outfit is emblazoned with the symbols of the Bloodhawk slaver organization.,
it_arm_cloth_802,uti,LocalizedName,0,-1,Bloodhawk Outfit,
it_arm_cloth_803,uti,DescIdentified,0,-1,"This uniform bears the emblem of the Stormcrow family, influential lords of the Northern Reaches.",
it_arm_cloth_803,uti,LocalizedName,0,-1,Stormcrow Uniform,
it_arm_cloth_901,uti,LocalizedName,0,-1,Slaver's Outfit,
it_arm_heavy_000,uti,LocalizedName,0,-1,IT_ARM_HEAVY_000,
it_arm_heavy_001,uti,LocalizedName,0,-1,Splint Mail,
it_arm_heavy_002,uti,LocalizedName,0,-1,Banded Mail,
it_arm_heavy_003,uti,LocalizedName,0,-1,Half Plate,
it_arm_heavy_004,uti,LocalizedName,0,-1,Full Plate,
it_arm_heavy_005,uti,DescIdentified,0,-1,"This suit of armor has been crafted by the superior armorsmiths of the Sharakhan Empire, being both far more durable in combat, and less cumbersome for its wearer.",
it_arm_heavy_005,uti,LocalizedName,0,-1,Imperial Banded Mail,
it_arm_heavy_006,uti,DescIdentified,0,-1,"This suit of armor has been crafted by the superior armorsmiths of the Sharakhan Empire, being both far more durable in combat, and less cumbersome for its wearer.",
it_arm_heavy_006,uti,LocalizedName,0,-1,Imperial Splint Mail,
it_arm_heavy_007,uti,DescIdentified,0,-1,"This suit of armor has been crafted by the superior armorsmiths of the Sharakhan Empire, being both far more durable in combat, and less cumbersome for its wearer.",
it_arm_heavy_007,uti,LocalizedName,0,-1,Imperial Half Plate,
it_arm_heavy_008,uti,DescIdentified,0,-1,"This suit of armor has been crafted by the superior armorsmiths of the Sharakhan Empire, being both far more durable in combat, and less cumbersome for its wearer.",
it_arm_heavy_008,uti,LocalizedName,0,-1,Imperial Full Plate,
it_arm_heavy_010,uti,LocalizedName,0,-1,IT_ARM_HEAVY_010,
it_arm_heavy_011,uti,DescIdentified,0,-1,"This armor appears to have been enchanted with some minor sorceries, granting protection to its wearer. ",
it_arm_heavy_011,uti,LocalizedName,0,-1,Enchanted Splint Mail,
it_arm_heavy_012,uti,DescIdentified,0,-1,"This armor appears to have been enchanted with some minor sorceries, granting protection to its wearer. ",
it_arm_heavy_012,uti,LocalizedName,0,-1,Enchanted Banded Mail,
it_arm_heavy_013,uti,DescIdentified,0,-1,"This armor appears to have been enchanted with some minor sorceries, granting protection to its wearer. ",
it_arm_heavy_013,uti,LocalizedName,0,-1,Enchanted Half Plate,
it_arm_heavy_014,uti,DescIdentified,0,-1,"This armor appears to have been enchanted with some minor sorceries, granting protection to its wearer. ",
it_arm_heavy_014,uti,LocalizedName,0,-1,Enchanted Full Plate,
it_arm_heavy_015,uti,DescIdentified,0,-1,"This suit of armor has been crafted by the superior armorsmiths of the Sharakhan Empire, being both far more durable in combat, and less cumbersome for its wearer.",
it_arm_heavy_015,uti,LocalizedName,0,-1,Imperial Banded Mail,
it_arm_heavy_016,uti,DescIdentified,0,-1,"This suit of armor has been crafted by the superior armorsmiths of the Sharakhan Empire, being both far more durable in combat, and less cumbersome for its wearer.",
it_arm_heavy_016,uti,LocalizedName,0,-1,Imperial Banded Mail,
it_arm_heavy_017,uti,DescIdentified,0,-1,"This suit of armor has been crafted by the superior armorsmiths of the Sharakhan Empire, being both far more durable in combat, and less cumbersome for its wearer.",
it_arm_heavy_017,uti,LocalizedName,0,-1,Imperial Banded Mail,
it_arm_heavy_018,uti,DescIdentified,0,-1,"This suit of armor has been crafted by the superior armorsmiths of the Sharakhan Empire, being both far more durable in combat, and less cumbersome for its wearer.",
it_arm_heavy_018,uti,LocalizedName,0,-1,Imperial Full Plate,
it_arm_heavy_019,uti,DescIdentified,0,-1,"This suit of armor has been crafted by the superior armorsmiths of the Sharakhan Empire, being both far more durable in combat, and less cumbersome for its wearer.",
it_arm_heavy_019,uti,LocalizedName,0,-1,Imperial Banded Mail,
it_arm_heavy_020,uti,LocalizedName,0,-1,IT_ARM_HEAVY_020,
it_arm_heavy_021,uti,DescIdentified,0,-1,"This suit of armor has been crafted by the superior armorsmiths of the Sharakhan Empire, being both far more durable in combat, and less cumbersome for its wearer.",
it_arm_heavy_021,uti,LocalizedName,0,-1,Imperial Banded Mail,
it_arm_heavy_022,uti,DescIdentified,0,-1,"This suit of armor has been crafted by the superior armorsmiths of the Sharakhan Empire, being both far more durable in combat, and less cumbersome for its wearer.",
it_arm_heavy_022,uti,LocalizedName,0,-1,Imperial Banded Mail,
it_arm_heavy_023,uti,DescIdentified,0,-1,"This suit of armor has been crafted by the superior armorsmiths of the Sharakhan Empire, being both far more durable in combat, and less cumbersome for its wearer.",
it_arm_heavy_023,uti,LocalizedName,0,-1,Imperial Banded Mail,
it_arm_heavy_024,uti,DescIdentified,0,-1,"This suit of armor has been crafted by the superior armorsmiths of the Sharakhan Empire, being both far more durable in combat, and less cumbersome for its wearer.",
it_arm_heavy_024,uti,LocalizedName,0,-1,Imperial Full Plate,
it_arm_heavy_030,uti,LocalizedName,0,-1,IT_ARM_HEAVY_030,
it_arm_heavy_040,uti,LocalizedName,0,-1,IT_ARM_HEAVY_040,
it_arm_heavy_051,uti,DescIdentified,0,-1,"This armor has been engraved with runes of protection, granting substantial magical defense to its wearer.",
it_arm_heavy_051,uti,LocalizedName,0,-1,Runed Full Plate,
it_arm_heavy_901,uti,LocalizedName,0,-1,Imperial Elite Full Plate,
it_arm_heavy_902,uti,DescIdentified,0,-1,"This suit of armor has been crafted by the superior armorsmiths of the Sharakhan Empire, being both far more durable in combat, and less cumbersome for its wearer.",
it_arm_heavy_902,uti,LocalizedName,0,-1,Undead Banded Mail 1,
it_arm_heavy_903,uti,DescIdentified,0,-1,"This suit of armor has been crafted by the superior armorsmiths of the Sharakhan Empire, being both far more durable in combat, and less cumbersome for its wearer.",
it_arm_heavy_903,uti,LocalizedName,0,-1,Undead Banded Mail 2,
it_arm_heavy_904,uti,DescIdentified,0,-1,"This suit of armor has been crafted by the superior armorsmiths of the Sharakhan Empire, being both far more durable in combat, and less cumbersome for its wearer.",
it_arm_heavy_904,uti,LocalizedName,0,-1,Undead Banded Mail 3,
it_arm_helm_000,uti,LocalizedName,0,-1,IT_ARM_HELM_000,
it_arm_helm_001,uti,LocalizedName,0,-1,Iron Helmet,
it_arm_helm_002,uti,LocalizedName,0,-1,Imperial Helmet,
it_arm_helm_003,uti,LocalizedName,0,-1,Chainmail Mask,
it_arm_helm_004,uti,LocalizedName,0,-1,Steel Helmet,
it_arm_helm_005,uti,LocalizedName,0,-1,Iron Visor,
it_arm_helm_007,uti,LocalizedName,0,-1,Imperial Helmet,
it_arm_helm_008,uti,LocalizedName,0,-1,Imperial Helmet,
it_arm_helm_009,uti,LocalizedName,0,-1,Imperial Helmet,
it_arm_helm_010,uti,LocalizedName,0,-1,IT_ARM_HELM_010,
it_arm_helm_011,uti,LocalizedName,0,-1,Imperial Helmet,
it_arm_helm_012,uti,LocalizedName,0,-1,Sharahka's Helm,
it_arm_helm_013,uti,LocalizedName,0,-1,NPC Horned Helmet,
it_arm_helm_014,uti,LocalizedName,0,-1,NPC Horned Helmet,
it_arm_helm_015,uti,LocalizedName,0,-1,Sharahka's Helm,
it_arm_helm_016,uti,LocalizedName,0,-1,Sharahka's Helm,
it_arm_helm_017,uti,LocalizedName,0,-1,Imperial Helmet,
it_arm_helm_018,uti,LocalizedName,0,-1,Imperial Helmet,
it_arm_helm_019,uti,LocalizedName,0,-1,Imperial Helmet,
it_arm_helm_020,uti,LocalizedName,0,-1,IT_ARM_HELM_020,
it_arm_helm_030,uti,LocalizedName,0,-1,IT_ARM_HELM_030,
it_arm_helm_040,uti,LocalizedName,0,-1,IT_ARM_HELM_040,
it_arm_helm_801,uti,DescIdentified,0,-1,"These helmets are the typical headgear for infantry in the employ of the Stormcrow family, influential nobles of the Northern Reaches.",
it_arm_helm_801,uti,LocalizedName,0,-1,Stormcrow Helmet,
it_arm_helm_900,uti,LocalizedName,0,-1,IT_ARM_HELM_900,
it_arm_helm_901,uti,LocalizedName,0,-1,Akhana Helmet,
it_arm_helm_902,uti,LocalizedName,0,-1,Sharahka's Helm,
it_arm_helm_903,uti,LocalizedName,0,-1,NPC Horned Helmet,
it_arm_light_000,uti,LocalizedName,0,-1,IT_ARM_LIGHT_000,
it_arm_light_001,uti,LocalizedName,0,-1,Padded Armor,
it_arm_light_002,uti,LocalizedName,0,-1,Leather Armor,
it_arm_light_003,uti,LocalizedName,0,-1,Studded Leather Armor,
it_arm_light_004,uti,LocalizedName,0,-1,Hide Armor,
it_arm_light_005,uti,DescIdentified,0,-1,"This suit of armor has been crafted by the superior armorsmiths of the Sharakhan Empire, being both far more durable in combat, and less cumbersome for its wearer.",
it_arm_light_005,uti,LocalizedName,0,-1,Imperial Hide Armor,
it_arm_light_006,uti,DescIdentified,0,-1,"This suit of armor has been crafted by the superior armorsmiths of the Sharakhan Empire, being both far more durable in combat, and less cumbersome for its wearer.",
it_arm_light_006,uti,LocalizedName,0,-1,Imperial Leather Armor,
it_arm_light_007,uti,DescIdentified,0,-1,"This suit of armor has been crafted by the superior armorsmiths of the Sharakhan Empire, being both far more durable in combat, and less cumbersome for its wearer.",
it_arm_light_007,uti,LocalizedName,0,-1,Imperial Studded Leather Armor,
it_arm_light_008,uti,DescIdentified,0,-1,"This suit of armor has been crafted by the superior armorsmiths of the Sharakhan Empire, being both far more durable in combat, and less cumbersome for its wearer.",
it_arm_light_008,uti,LocalizedName,0,-1,Imperial Padded Armor,
it_arm_light_010,uti,LocalizedName,0,-1,IT_ARM_LIGHT_010,
it_arm_light_011,uti,DescIdentified,0,-1,"This armor appears to have been enchanted with some minor sorceries, granting protection to its wearer. ",
it_arm_light_011,uti,LocalizedName,0,-1,Enchanted Padded Armor,
it_arm_light_012,uti,DescIdentified,0,-1,"This armor appears to have been enchanted with some minor sorceries, granting protection to its wearer. ",
it_arm_light_012,uti,LocalizedName,0,-1,Enchanted Leather Armor,
it_arm_light_013,uti,DescIdentified,0,-1,"This armor appears to have been enchanted with some minor sorceries, granting protection to its wearer. ",
it_arm_light_013,uti,LocalizedName,0,-1,Enchanted Studded Leather Armor,
it_arm_light_014,uti,DescIdentified,0,-1,"This armor appears to have been enchanted with some minor sorceries, granting protection to its wearer. ",
it_arm_light_014,uti,LocalizedName,0,-1,Enchanted Hide Armor,
it_arm_light_015,uti,DescIdentified,0,-1,"This suit of armor has been crafted by the superior armorsmiths of the Sharakhan Empire, being both far more durable in combat, and less cumbersome for its wearer.",
it_arm_light_015,uti,LocalizedName,0,-1,Imperial Studded Leather Armor,
it_arm_light_016,uti,DescIdentified,0,-1,"This suit of armor has been crafted by the superior armorsmiths of the Sharakhan Empire, being both far more durable in combat, and less cumbersome for its wearer.",
it_arm_light_016,uti,LocalizedName,0,-1,Imperial Leather Armor,
it_arm_light_017,uti,DescIdentified,0,-1,"This suit of armor has been crafted by the superior armorsmiths of the Sharakhan Empire, being both far more durable in combat, and less cumbersome for its wearer.",
it_arm_light_017,uti,LocalizedName,0,-1,Imperial Studded Leather Armor,
it_arm_light_018,uti,DescIdentified,0,-1,"This suit of armor has been crafted by the superior armorsmiths of the Sharakhan Empire, being both far more durable in combat, and less cumbersome for its wearer.",
it_arm_light_018,uti,LocalizedName,0,-1,Imperial Leather Armor,
it_arm_light_020,uti,LocalizedName,0,-1,IT_ARM_LIGHT_020,
it_arm_light_030,uti,LocalizedName,0,-1,IT_ARM_LIGHT_030,
it_arm_light_040,uti,LocalizedName,0,-1,IT_ARM_LIGHT_040,
it_arm_light_801,uti,DescIdentified,0,-1,This armor is emblazoned with the symbols of the Bloodhawk slaver organization.,
it_arm_light_801,uti,LocalizedName,0,-1,Bloodhawk Studded Leather,
it_arm_light_802,uti,DescIdentified,0,-1,"This armor bears the emblem of the Stormcrow family, influential lords of the Northern Reaches.",
it_arm_light_802,uti,LocalizedName,0,-1,Stormcrow Studded Leather,
it_arm_light_901,uti,DescIdentified,0,-1,This robe was worn by Headmistress Verona of the Imperial Blackguard Academy on the Isle of Zhantara.,
it_arm_light_901,uti,LocalizedName,0,-1,Headmistress Verona's Robe,
it_arm_light_902,uti,LocalizedName,0,-1,Imperial Leather Armor,
it_arm_light_903,uti,LocalizedName,0,-1,Imperial Instructor Clothing,
it_arm_light_904,uti,LocalizedName,0,-1,Slaver's Studded Leather,
it_arm_light_905,uti,LocalizedName,0,-1,Nightcrawler Outfit,
it_arm_lsh_000,uti,LocalizedName,0,-1,IT_ARM_LSH_000,
it_arm_lsh_001,uti,LocalizedName,0,-1,Large Shield,
it_arm_lsh_003,uti,DescIdentified,0,-1,"This shield appears to have been enchanted with some minor sorceries, granting protection to its wearer. ",
it_arm_lsh_003,uti,LocalizedName,0,-1,Enchanted Large Shield,
it_arm_lsh_004,uti,DescIdentified,0,-1,"This shield appears to have been enchanted with some minor sorceries, granting protection to its wearer. ",
it_arm_lsh_004,uti,LocalizedName,0,-1,Enchanted Large Shield,
it_arm_lsh_010,uti,LocalizedName,0,-1,IT_ARM_LSH_010,
it_arm_lsh_011,uti,DescIdentified,0,-1,"This shield appears to have been enchanted with some minor sorceries, granting protection to its wearer. ",
it_arm_lsh_011,uti,LocalizedName,0,-1,Enchanted Large Shield,
it_arm_lsh_020,uti,LocalizedName,0,-1,IT_ARM_LSH_020,
it_arm_lsh_030,uti,LocalizedName,0,-1,IT_ARM_LSH_030,
it_arm_lsh_040,uti,LocalizedName,0,-1,IT_ARM_LSH_040,
it_arm_med_000,uti,LocalizedName,0,-1,IT_ARM_MED_000,
it_arm_med_001,uti,LocalizedName,0,-1,Chain Shirt,
it_arm_med_002,uti,LocalizedName,0,-1,Scale Mail,
it_arm_med_003,uti,LocalizedName,0,-1,Chainmail,
it_arm_med_004,uti,LocalizedName,0,-1,Breastplate,
it_arm_med_005,uti,DescIdentified,0,-1,"This suit of armor has been crafted by the superior armorsmiths of the Sharakhan Empire, being both far more durable in combat, and less cumbersome for its wearer.",
it_arm_med_005,uti,LocalizedName,0,-1,Imperial Chainmail,
it_arm_med_006,uti,DescIdentified,0,-1,"This suit of armor has been crafted by the superior armorsmiths of the Sharakhan Empire, being both far more durable in combat, and less cumbersome for its wearer.",
it_arm_med_006,uti,LocalizedName,0,-1,Imperial Chain Shirt,
it_arm_med_007,uti,DescIdentified,0,-1,"This suit of armor has been crafted by the superior armorsmiths of the Sharakhan Empire, being both far more durable in combat, and less cumbersome for its wearer.",
it_arm_med_007,uti,LocalizedName,0,-1,Imperial Breastplate,
it_arm_med_008,uti,DescIdentified,0,-1,"This suit of armor has been crafted by the superior armorsmiths of the Sharakhan Empire, being both far more durable in combat, and less cumbersome for its wearer.",
it_arm_med_008,uti,LocalizedName,0,-1,Imperial Scale Mail,
it_arm_med_010,uti,LocalizedName,0,-1,IT_ARM_MED_010,
it_arm_med_011,uti,DescIdentified,0,-1,"This armor appears to have been enchanted with some minor sorceries, granting protection to its wearer. ",
it_arm_med_011,uti,LocalizedName,0,-1,Enchanted Chain Shirt,
it_arm_med_012,uti,DescIdentified,0,-1,"This armor appears to have been enchanted with some minor sorceries, granting protection to its wearer. ",
it_arm_med_012,uti,LocalizedName,0,-1,Enchanted Scale Mail,
it_arm_med_013,uti,DescIdentified,0,-1,"This armor appears to have been enchanted with some minor sorceries, granting protection to its wearer. ",
it_arm_med_013,uti,LocalizedName,0,-1,Enchanted Chainmail,
it_arm_med_014,uti,DescIdentified,0,-1,"This armor appears to have been enchanted with some minor sorceries, granting protection to its wearer. ",
it_arm_med_014,uti,LocalizedName,0,-1,Enchanted Breastplate,
it_arm_med_015,uti,DescIdentified,0,-1,"This suit of armor has been crafted by the superior armorsmiths of the Sharakhan Empire, being both far more durable in combat, and less cumbersome for its wearer.",
it_arm_med_015,uti,LocalizedName,0,-1,Imperial Scale Mail,
it_arm_med_016,uti,DescIdentified,0,-1,"This suit of armor has been crafted by the superior armorsmiths of the Sharakhan Empire, being both far more durable in combat, and less cumbersome for its wearer.",
it_arm_med_016,uti,LocalizedName,0,-1,Imperial Chain Shirt,
it_arm_med_017,uti,DescIdentified,0,-1,"This suit of armor has been crafted by the superior armorsmiths of the Sharakhan Empire, being both far more durable in combat, and less cumbersome for its wearer.",
it_arm_med_017,uti,LocalizedName,0,-1,Imperial Scale Mail,
it_arm_med_018,uti,DescIdentified,0,-1,"This suit of armor has been crafted by the superior armorsmiths of the Sharakhan Empire, being both far more durable in combat, and less cumbersome for its wearer.",
it_arm_med_018,uti,LocalizedName,0,-1,Imperial Chain Shirt,
it_arm_med_020,uti,LocalizedName,0,-1,IT_ARM_MED_020,
it_arm_med_030,uti,LocalizedName,0,-1,IT_ARM_MED_030,
it_arm_med_040,uti,LocalizedName,0,-1,IT_ARM_MED_040,
it_arm_med_801,uti,DescIdentified,0,-1,"This armor bears the emblem of the Stormcrow family, influential lords of the Northern Reaches.",
it_arm_med_801,uti,LocalizedName,0,-1,Stormcrow Breastplate,
it_arm_med_901,uti,LocalizedName,0,-1,Sharakin Armor,
it_arm_med_902,uti,LocalizedName,0,-1,Sharakin Rogue Armor,
it_arm_med_903,uti,LocalizedName,0,-1,Sharakin Priest Armor,
it_arm_npc_000,uti,LocalizedName,0,-1,IT_ARM_NPC_000,
it_arm_npc_001,uti,LocalizedName,0,-1,Cook's Clothing,
it_arm_npc_010,uti,LocalizedName,0,-1,IT_ARM_NPC_010,
it_arm_npc_011,uti,LocalizedName,0,-1,Akhana Robing,
it_arm_npc_012,uti,LocalizedName,0,-1,Ghasaran Armor,
it_arm_npc_014,uti,LocalizedName,0,-1,Crimson Follower's Tunic,
it_arm_npc_015,uti,LocalizedName,0,-1,Khagril's Armor,
it_arm_npc_016,uti,LocalizedName,0,-1,Khagril's Armor,
it_arm_npc_020,uti,LocalizedName,0,-1,IT_ARM_NPC_020,
it_arm_npc_030,uti,LocalizedName,0,-1,IT_ARM_NPC_030,
it_arm_npc_040,uti,LocalizedName,0,-1,IT_ARM_NPC_040,
it_arm_npc_092,uti,LocalizedName,0,-1,Crimson Follower's Tunic,
it_arm_npc_093,uti,LocalizedName,0,-1,Lazarus's Custom Armor,
it_arm_npc_094,uti,LocalizedName,0,-1,Sharahka's Robe,
it_arm_npc_095,uti,LocalizedName,0,-1,Khagril's Armor,
it_arm_npc_096,uti,LocalizedName,0,-1,Khagril's Armor,
it_arm_npc_097,uti,LocalizedName,0,-1,Khagril's Armor,
it_arm_npc_098,uti,LocalizedName,0,-1,Khagril's Armor,
it_arm_npc_099,uti,LocalizedName,0,-1,Sharahka's Robe,
it_arm_npc_100,uti,LocalizedName,0,-1,Sharahka's Robe,
it_arm_npc_101,uti,LocalizedName,0,-1,Crimson Follower's Tunic,
it_arm_npc_102,uti,LocalizedName,0,-1,Crimson Follower's Tunic,
it_arm_npc_103,uti,LocalizedName,0,-1,Crimson Follower's Tunic,
it_arm_npc_104,uti,LocalizedName,0,-1,Crimson Follower's Tunic,
it_arm_npc_106,uti,LocalizedName,0,-1,Khagril's Armor,
it_arm_npc_107,uti,LocalizedName,0,-1,Khagril's Armor,
it_arm_npc_108,uti,LocalizedName,0,-1,Khagril's Armor,
it_arm_npc_109,uti,LocalizedName,0,-1,Khagril's Armor,
it_arm_npc_900,uti,LocalizedName,0,-1,IT_ARM_NPC_900,
it_arm_npc_901,uti,LocalizedName,0,-1,Crimson Follower's Tunic,
it_arm_npc_902,uti,LocalizedName,0,-1,Amildor's Clothing,
it_arm_npc_903,uti,LocalizedName,0,-1,Waitress Clothing 1,
it_arm_npc_904,uti,LocalizedName,0,-1,Lazarus's Custom Armor,
it_arm_npc_905,uti,LocalizedName,0,-1,Tarin's Custom Armor,
it_arm_npc_906,uti,LocalizedName,0,-1,Samuel's Custom Full Plate,
it_arm_npc_907,uti,LocalizedName,0,-1,Crimson Follower's Tunic (No Left Arm),
it_arm_npc_908,uti,LocalizedName,0,-1,Willard's Custom Clothing,
it_arm_npc_910,uti,LocalizedName,0,-1,Imperial Seer's Robe,
it_arm_npc_911,uti,LocalizedName,0,-1,Sharahka's Robe,
it_arm_npc_912,uti,LocalizedName,0,-1,Zimhallen's Custom Robing,
it_arm_npc_914,uti,LocalizedName,0,-1,Kestarin's Studded Armor,
it_arm_npc_915,uti,LocalizedName,0,12926,Verona's Custom Clothing,
it_arm_npc_916,uti,LocalizedName,0,-1,Khagril's Armor,
it_arm_ssh_000,uti,LocalizedName,0,-1,IT_ARM_SSH_000,
it_arm_ssh_001,uti,LocalizedName,0,-1,Small Shield,
it_arm_ssh_003,uti,DescIdentified,0,-1,"This shield appears to have been enchanted with some minor sorceries, granting protection to its wearer. ",
it_arm_ssh_003,uti,LocalizedName,0,-1,Enchanted Small Shield,
it_arm_ssh_004,uti,LocalizedName,0,-1,Small Shield,
it_arm_ssh_005,uti,DescIdentified,0,-1,"This shield appears to have been enchanted with some minor sorceries, granting protection to its wearer. ",
it_arm_ssh_005,uti,LocalizedName,0,-1,Enchanted Small Shield,
it_arm_ssh_006,uti,DescIdentified,0,-1,"This shield appears to have been enchanted with some minor sorceries, granting protection to its wearer. ",
it_arm_ssh_006,uti,LocalizedName,0,-1,Enchanted Small Shield,
it_arm_ssh_007,uti,DescIdentified,0,-1,"This shield appears to have been enchanted with some minor sorceries, granting protection to its wearer. ",
it_arm_ssh_007,uti,LocalizedName,0,-1,Enchanted Small Shield,
it_arm_ssh_008,uti,LocalizedName,0,-1,Small Shield,
it_arm_ssh_010,uti,LocalizedName,0,-1,IT_ARM_SSH_010,
it_arm_ssh_011,uti,DescIdentified,0,-1,"This shield appears to have been enchanted with some minor sorceries, granting protection to its wearer. ",
it_arm_ssh_011,uti,LocalizedName,0,-1,Enchanted Small Shield,
it_arm_ssh_017,uti,DescIdentified,0,-1,"This shield appears to have been enchanted with some minor sorceries, granting protection to its wearer. ",
it_arm_ssh_017,uti,LocalizedName,0,-1,Enchanted Small Shield,
it_arm_ssh_018,uti,DescIdentified,0,-1,"This shield appears to have been enchanted with some minor sorceries, granting protection to its wearer. ",
it_arm_ssh_018,uti,LocalizedName,0,-1,Enchanted Small Shield,
it_arm_ssh_020,uti,LocalizedName,0,-1,IT_ARM_SSH_020,
it_arm_ssh_030,uti,LocalizedName,0,-1,IT_ARM_SSH_030,
it_arm_ssh_040,uti,LocalizedName,0,-1,IT_ARM_SSH_040,
it_arm_tsh_000,uti,LocalizedName,0,-1,IT_ARM_TSH_000,
it_arm_tsh_001,uti,LocalizedName,0,-1,Tower Shield,
it_arm_tsh_010,uti,LocalizedName,0,-1,IT_ARM_TSH_010,
it_arm_tsh_011,uti,DescIdentified,0,-1,"This shield appears to have been enchanted with some minor sorceries, granting protection to its wearer. ",
it_arm_tsh_011,uti,LocalizedName,0,-1,Enchanted Tower Shield,
it_arm_tsh_020,uti,LocalizedName,0,-1,IT_ARM_TSH_020,
it_arm_tsh_030,uti,LocalizedName,0,-1,IT_ARM_TSH_030,
it_arm_tsh_040,uti,LocalizedName,0,-1,IT_ARM_TSH_040,
it_arm_tsh_092,uti,DescIdentified,0,-1,Rakha's Shield.,
it_arm_tsh_092,uti,LocalizedName,0,-1,Shield of Rakha,
it_arm_tsh_093,uti,DescIdentified,0,-1,Rakha's Shield.,
it_arm_tsh_093,uti,LocalizedName,0,-1,Shield of Rakha,
it_arm_tsh_094,uti,DescIdentified,0,-1,Rakha's Shield.,
it_arm_tsh_094,uti,LocalizedName,0,-1,Shield of Rakha,
it_arm_tsh_901,uti,DescIdentified,0,-1,Rakha's Shield.,
it_arm_tsh_901,uti,LocalizedName,0,-1,Shield of Rakha,
it_carm_001,uti,LocalizedName,0,-1,Glowstone Hide,
it_crea_hung_001,uti,DescIdentified,0,-1,[These are the effects suffered from hunger.],
it_crea_hung_001,uti,LocalizedName,0,-1,Hunger Pangs (1),
it_crea_hung_002,uti,DescIdentified,0,-1,[These are the effects suffered from hunger.],
it_crea_hung_002,uti,LocalizedName,0,-1,Hunger Pangs (2),
it_crea_hung_003,uti,DescIdentified,0,-1,[These are the effects suffered from hunger.],
it_crea_hung_003,uti,LocalizedName,0,-1,Hunger Pangs (3),
it_crea_hung_004,uti,DescIdentified,0,-1,[These are the effects suffered from hunger.],
it_crea_hung_004,uti,LocalizedName,0,-1,Hunger Pangs (4),
it_crea_hung_005,uti,DescIdentified,0,-1,[These are the effects suffered from hunger.],
it_crea_hung_005,uti,LocalizedName,0,-1,Hunger Pangs (5),
it_crea_hung_006,uti,DescIdentified,0,-1,[These are the effects suffered from hunger.],
it_crea_hung_006,uti,LocalizedName,0,-1,Hunger Pangs (6),
it_crea_hung_007,uti,DescIdentified,0,-1,[These are the effects suffered from hunger.],
it_crea_hung_007,uti,LocalizedName,0,-1,Hunger Pangs (7),
it_crea_hung_008,uti,DescIdentified,0,-1,[These are the effects suffered from hunger.],
it_crea_hung_008,uti,LocalizedName,0,-1,Hunger Pangs (8),
it_crea_hung_009,uti,DescIdentified,0,-1,[These are the effects suffered from hunger.],
it_crea_hung_009,uti,LocalizedName,0,-1,Hunger Pangs (9),
it_crea_hung_010,uti,DescIdentified,0,-1,[These are the effects suffered from hunger.],
it_crea_hung_010,uti,LocalizedName,0,-1,Hunger Pangs (10),
it_crea_kh_003,uti,LocalizedName,0,13195,Kara's Shadow Creature Properties (Level 3),
it_crea_kh_006,uti,LocalizedName,0,13195,Kara's Shadow Creature Properties (Level 6),
it_crea_kh_009,uti,LocalizedName,0,13195,Kara's Shadow Creature Properties (Level 9),
it_crea_kh_012,uti,LocalizedName,0,13195,Kara's Shadow Creature Properties (Level 12),
it_crea_kh_015,uti,LocalizedName,0,13195,Kara's Shadow Creature Properties (Level 15),
it_creitemcon001,uti,LocalizedName,0,13156,Fallen Ones Hide,
it_misc_amul_000,uti,LocalizedName,0,-1,IT_MISC_AMUL_000,
it_misc_amul_001,uti,DescIdentified,0,-1,"Worn by many citizens of the Sharakhan Empire, this amulet is adorned with the markings of Rakha, the Great Savior.  It is said the Almighty Rakha Himself grants protection to the wearers of this amulet...",
it_misc_amul_001,uti,LocalizedName,0,-1,The Seal of Rakha,
it_misc_amul_010,uti,LocalizedName,0,-1,IT_MISC_AMUL_010,
it_misc_amul_020,uti,LocalizedName,0,-1,IT_MISC_AMUL_020,
it_misc_amul_030,uti,LocalizedName,0,-1,IT_MISC_AMUL_030,
it_misc_amul_031,uti,DescIdentified,0,-1,"Imbued with runes of protection and warding, the Amulet of the Veil provides its wearer with minor protection from both mundane weapons and spells.",
it_misc_amul_031,uti,LocalizedName,0,-1,Amulet of the Veil,
it_misc_amul_032,uti,LocalizedName,0,-1,IT_MISC_AMUL_030,
it_misc_amul_040,uti,LocalizedName,0,-1,IT_MISC_AMUL_040,
it_misc_amul_041,uti,DescIdentified,0,-1,"Laced with the markings of each of Abaran's gods, these necklaces are commonplace throughout the Sharakhan Empire.  The strange magic at work within the amulet allows its wearer to attune themselves to the power of the gods, granting those who have a bond with the deities to channel their masters' might with greater ease.",
it_misc_amul_041,uti,LocalizedName,0,-1,Amulet of Divinity,
it_misc_belt_000,uti,LocalizedName,0,-1,IT_MISC_BELT_000,
it_misc_belt_010,uti,LocalizedName,0,-1,IT_MISC_BELT_010,
it_misc_belt_020,uti,LocalizedName,0,-1,IT_MISC_BELT_020,
it_misc_belt_030,uti,LocalizedName,0,-1,IT_MISC_BELT_030,
it_misc_belt_040,uti,LocalizedName,0,-1,IT_MISC_BELT_040,
it_misc_book_000,uti,LocalizedName,0,-1,IT_MISC_BOOK_000,
it_misc_book_001,uti,DescIdentified,0,-1,"The History of Abaran :
An Account of the World's History

Enscribed by Melbeth, High Sage of the Empire of Sharakha

Vol. I - The Creation of the World

In the beginning, there was only the Void, an eternal expanse of nothingness stretching throughout the entirety of the universe, and Eon, Father of the Fates, the Great Creator.  For untold ages, Eon existed in isolation within the Void, lying in endless sleep throughout the passage of time.  We mortals cannot begin to comprehend the nature of the Void, for it is a realm of nothingness, but here Eon dwelt until a strange occurrence awoke Him from His slumber...

As He slept, a dream came to Eon of others besides Himself within the emptiness of the Void.  So great are even the thoughts of Eon that a great darkness took shape within the Void, coalescing into the form of a horrible being, whom we on Abaran know as Vhakaris, Master of the Night.  The blackness of Vhakaris stretched out throughout the Void, filling it with the darkness of the night, and Eon, fearful of the change covering his realm, wished for a light to guide his path.  A massive ball of flame erupted at His thought, pushing back the taint of Vhakaris wherever its light touched.  Such was the birth of Makhal, King of the Sun.

Vhakaris looked upon his new rival with hate and scorn.  He attempted to quell the light of Makhal, but his efforts were in vain, for Makhal stood steadfast against the onslaught of the Master of the Night.  From that time forth, Vhakaris swore to extinguish the flaring brilliance of Makhal, and the two have been locked in their struggle ever since.  Their cycle is endless, for Vhakaris will often wrestle down the might of Makhal, but his victory is short-lived, for with the dawn, Makhal unerringly rises once more, his magnificent radiance filling the Void with its light once more.  And so were born the day and the night.

Eon watched His creations in wonder, amazed at the change they had wrought throughout the Void.  But Vhakaris and Makhal paid little heed to Eon, and in time, He wished to have a companion with whom He could share the endless passage of time.  Once more, Eon's thought took form, this time in the form of a woman, who later mortals would name Avarial, Mother of Nature.  For her, Eon crafted a great orb which He named Abaran, Gift of the Gods.  Avarial, awakening into existence, looked first upon Abaran, instantly becoming enamored to it.  This dismayed Eon, for His new companion paid little heed to Him, instead gazing endlessly upon Eon's gift.  For an age, Eon sought to gain Avarial's favor, but her thought remained bent upon Abaran.  Finally, in desparation, Eon descended upon Abaran's surface, populating it with all manner of seas, mountains, and rock.  Avarial, overjoyed at the thought of being able to craft Abaran to her desire, came to truly look upon Eon for the first time, and forever afterwards, they have remained together, shaping our world as they see fit.

Vhakaris and Makhal, jealous of Avarial's beauty, came to Eon, telling Him that they too wished to have companions to join them in the Void.  Eon, knowing the loneliness of the Void and seeking an end to the eternal conflict between Vhakaris and Makhal, complied, creating a mistress for each of his fellow gods.  To Vhakaris he gave Akhana, known to us as the Mistress of Death, and to Makhal he gave Elhora, who would later be called the Queen of the Stars.

Eon's plan succeeded for a time, for Vhakaris turned his attention away from Makhal, and an age of peace ensued.  But had Eon known the consequences of His creations, He may have acted differently, for soon, Abaran would be wracked with the conflicts of the gods, a war that would change the world forever...  ",
it_misc_book_001,uti,LocalizedName,0,-1,"The History of Abaran, Vol. I - The Creation of the World",
it_misc_book_002,uti,DescIdentified,0,-1,"The History of Abaran :
An Account of the World's History

Enscribed by Melbeth, High Sage of the Empire of Sharakha

Vol. II - The Ancient Days

As the ages passed, Avarial, Mother of Nature, grew lonely upon her trips to Abaran's surface, and desired to create living things in the image of the gods.  She came to her companion, Eon, Father of the Fates, and begged that He comply with her wishes.  Eon, never one to refuse His mistress, sought to bring life to the surface of Abaran, but with little avail, for as soon as He would breathe life into his creations, they would quickly freeze and die.  Eon came to Makhal, King of the Sun, and pleaded him to warm the surface of Abaran with his radiance, to which Makhal complied.  Returning once more to the world, Eon brought all manner of creatures into being, but his grandest achievement was the race of Elves, to whom Avarial has always held closest to her heart.

But Akhana, mistress of Vhakaris, Master of the Night, grew jealous when she gazed down upon Abaran, desiring such a gift for her own.  Vhakaris, though, has always been capable only of darkness and destruction, and could not give his mistress a world of her own.  In spite, Akhana cursed Vhakaris, calling him a weakling and a fool, fueling resentment and hatred within him.  Akhana knew her master's nature, and as she continued to feed his anger, Vhakaris grew enormous in size, the darkness of his being covering all of Abaran, eclipsing the light of Makhal, and covering the world in an eternal night.  Under the cover of his shadow, Akhana came to Abaran, destroying all that stood before her wake.

The Elves cried out to the gods in horror at the death and darkness stretching over Abaran.  Elhora sought to ease their suffering, sparkling the night sky with thousands of stars to guide their path in the dark.  Makhal placed two large orbs in the sky, which, while paling to the radiance of his sun, brought some relief to the endlessness of the night.

When Avarial caught word of the destruction, she begged Eon to intervene.  Coming among the gods whom He had created, Eon called a great council among the gods, bringing a halt to Akhana's wave of death upon Abaran.  But the gods could little agree upon a solution to their quarrels, for each had their own desires.  It appeared that the war would begin anew at any moment, and it surely would have, had Eon not once more intervened.

Seeking a compromise among the various gods, Eon proposed a solution.  Each of the gods would be given a portion of the world to rule as they saw fit, but only in their realm would they hold dominance.  To Makhal was given the realm of the sky and the heavens.  For half of each day, he would rule supreme over Abaran, to watch and keep safe.  The other half of each day belonged to Vhakaris, who would cover the world with his darkness.  But even then, Elhora would light the skies with her stars, to guide the creatures of the land and ensure that the gods could keep watch over the world below.  Akhana, who had sought dominion over Abaran, was instead given rule of the underworld, so that as life passed out of Abaran, it would come to populate her realm.  Avarial took claim over the wildlands of the world, and her touch can be seen in all things that live and grow even today.  Finally, Eon refused dominance over any realm, instead opting to watch over the fate of the world, guiding it as He saw fit from the Void.

So did the world come to be as it is today.  The gods continued to populate the lands with many creatures both large and small, and the ages saw the rise of many new races: Dwarves and Gnomes, Halflings and Humans, Goblins and Orcs, and countless others.  The gods contented themselves to work through their creations, watching in amazement as the world grew and flourished.  But the gods seem never to be fully at peace with one another, and soon, war would be on the horizon once more...",
it_misc_book_002,uti,LocalizedName,0,-1,"The History of Abaran, Vol. II - The Ancient Days",
it_misc_book_003,uti,DescIdentified,0,-1,"The History of Abaran :
An Account of the World's History

Enscribed by Melbeth, High Sage of the Empire of Sharakha

Vol. III - The War of Attrition

Akhana, Mistress of Death, ruled over the underworld for many ages in contentment with her new realm.  As time went by, though, her desire for power grew stronger, and as peace began to reign once more upon Abaran, Akhana's realm slowed in its growth.

There was little Akhana could do to sow war and dissent upon Abaran, however, for the gods watched her closely, and she was not allowed to pass the boundaries of the underworld.  But, in a age now long lost to history, a plan came to Akhana, and she conceived a way to work her will upon the world above.

Calling upon her master, Vhakaris, Lord of the Night, Akhana sought to create an offspring of her loins, in a similar fashion to the living creatures upon Abaran's surface.  To her surprise, her plan worked, and Akhana brought forth a great multitude of eggs encasing her foul children.

Vhakaris took the eggs with him, hurling them down upon Abaran in the darkest hours of the night.  There, the eggs laid in wait for many years, unseen by the watchful eyes of their fellow gods.

As the eggs began to hatch, a horde of demonic spawn emerged, fighting amongst one another for supremacy.  By far the greatest among these evil siblings would later be known as Kauzgauroth, Lord of Destruction, and his power rivaled even the gods.  Uniting his fellow siblings under his strength, Kauzgauroth led his army through Abaran, destroying all who would oppose him.  None could stand before Kauzgauroth and his army, and the races of Abaran hid in fear of the terror unleashed upon their world.

Eon, Father of the Fates, looked upon Abaran in dismay, for He had deemed that the gods must remain free of the fate of Abaran, yet Kauzgauroth appeared poised to destroy all that the gods had worked so hard to create.  He went to Makhal, King of the Sun, and Elhora, Queen of the Stars, and sought their counsel.  Elhora, also distraught over the carnage occurring on Abaran, agreed to concieve a child of her own, one capable of standing against Kauzgauroth's might. 

Elhora found a woman fitting of her child, and implanted the seed of her offspring within the woman.  So was Vallana, Lady of Light, born unto the mortals of Abaran.  Though she carried a Human form, Vallana possessed the divine strength of her parentage, and as she grew in age, she slowly united the oppressed people of Abaran under her leadership.

By the time Vallana reached maturity, much of Abaran lay in ruins, and it seemed Kauzgauroth would soon hold sway over the entirety of the world.  Vallana, seeing that time was short, led those who would follow her from hiding to battle against Kauzgauroth and his demons.  So did the War of Attrition begin, and tales hold that all corners of the world were stained red with blood during the ensuing battles.

But Vallana and her followers pushed back the hordes of Kauzgauroth, and upon the Sacred Mountain, Vallana stood in single combat with Kauzgauroth himself.  In the end, Kauzgauroth was defeated, but Vallana could find no way to destroy him completely.  

Eon, watching from the Void, realized that only with His aid would Kauzgauroth's evil be ended for good.  Eon brought into being a child of His own, Justicar, Lord of the Balance, and He sent his newly created offspring to the Sacred Mountain.  There, Justicar wrought a great prison, capable of containing Kauzgauroth's might for all eternity, but it required Vallana sacrifice herself as well to ensure Kauzgauroth could never emerge once more.  Vallana grew saddened by this news, for she had come to love the world she had saved, and had little desire to leave it yet.  But as she gazed upon the ruin and destruction wrought upon the lands, she knew that all would be lost if Kauzgauroth were ever to be released again.  Justicar sealed the Lord of Destruction within his prison, and Vallana placed her blade to her heart.  Plunging the sword deep into her breast, Vallana's blood poured over the seals wrought by Justicar, Kauzgauroth was bound to his prison for all eternity.  With her last breaths, Vallana bid the world of Abaran farewell, and her body was buried upon the Sacred Mountain, a monument to the sacrifice which saved us all from certain destruction.

As for Justicar, his fate remains unknown.  Some claim that he returned to his father in the Void, while others believe he stands as the eternal guardian over Kauzgauroth's prison.  The truth may never be known, for the Keeper of the Balance has passed now out of all tales and legends...",
it_misc_book_003,uti,LocalizedName,0,-1,"The History of Abaran, Vol. III - The War of Attrition",
it_misc_book_004,uti,DescIdentified,0,-1,"The History of Abaran :
An Account of the World's History

Enscribed by Melbeth, High Sage of the Empire of Sharakha

Vol. IV - The Golden Age

There are few accounts of the age which followed the War of Attrition, for it was a time of chaos as the world attempted to recover from the destruction wrought by Kauzgauroth, Lord of Destruction.  We do know that this time saw the first rise of empires and kingdoms, slowly giving birth to civilization as we know it.  These early realms vied with one another constantly for dominion, and war was commonplace as each attempted to secure its dominion.

In time, one realm gained mastery over much of Abaran, uniting its people through peace and knowledge, rather than the strength of the blade.  This mighty realm was called Ghaaris, the Golden Realm, and it became reknowned for great advancements in lore, sorcery, and technology.  It is difficult to discern which tales of Ghaaris hold merit, but legend claims its people found a way to escape death, becoming immortals of great power.  The city of Mehlora, from which the Golden Emperors ruled Ghaaris, is said to have been raised from its foundations to rest among the clouds, a jewel in the sky for all to marvel upon.  For a thousand years, Ghaaris maintained peace across Abaran, a grand Golden Age from which emerged the greatest wonders ever to be seen upon this world.  

In time, though, legend holds that the glory of Ghaaris waned, and the powerful sorceries wrought during the Golden Age began to fail.  A great calamity struck in the sky city of Mehlora, and it was sent hurling down upon the lands below, destroying much of the splendor of the Golden Realm.  The cause for this disaster is unknown to us, for any records that may have been kept were surely destroyed in the ensuing destruction, and Ghaaris' fate has forever since remained a mystery...

And so the days of the Golden Age came to an end, heralding the beginning of a long era of darkness and war...",
it_misc_book_004,uti,LocalizedName,0,-1,"The History of Abaran, Vol. IV - The Golden Age",
it_misc_book_005,uti,DescIdentified,0,-1,"The History of Abaran :
An Account of the World's History

Enscribed by Melbeth, High Sage of the Empire of Sharakha

Vol. V - An Age of Darkness

When the Golden Realm of Ghaaris fell, the people of Abaran found themselves lost and forlorn.  For a millenia, Ghaaris had maintained peace and order upon this world, and war had become all but unknown.  War would soon begin anew, though, as many sought to subject the chaotic lands to their rule.  

These were dark times for Abaran, for many tyrants arose to power, constantly warring amongst themselves for dominance.  The wonders of the Golden Age were largely lost, and deadly plagues ravaged the weary lands even further.  The Elves and Dwarves, once steadfast allies of Humans, grew distant and hid their realms in secluded regions of Abaran.  It seemed there was little hope to be had, and many looked on in despair...

The worst was yet to come.  Throughout the southern lands of Abaran, a ruthless barbarian began waging war upon all who stood in his path.  This man would become known as King Khagrim the Damned, and for many years he held the lands under his rule within an iron grip.  Countless are the atrocities commited in the name of King Khagrim, and while he was reviled by all within his lands, his power continued to grow.  None could stand against the hordes of evil men in Khagrim's army, and his realm soon stood mightier than any other.

All upon Abaran lived in fear, for it seemed only a matter of time before all would fall under the dark shadow of King Khagrim the Damned...",
it_misc_book_005,uti,LocalizedName,0,-1,"The History of Abaran, Vol. V - An Age of Darkness",
it_misc_book_006,uti,DescIdentified,0,-1,"The History of Abaran :
An Account of the World's History

Enscribed by Melbeth, High Sage of the Empire of Sharakha

Vol. VI - The Coming of Rakha

In the 1300th year after the fall of Ghaaris, the realm of King Khagrim the Damned dominated much of Abaran.  Fear reigned under his iron grip, and all lived in despair, having long ago forsaken hope.  It seemed none could stand against the wave of tyranny which had spread across the world...

So it may have continued, but for the coming of the Great Savior, the Almighty Rakha.  Appearing first in the wastelands of Arn, Rakha came into the world of Abaran as a shining beacon of hope amongst the darkness.  Journeying from town to town on the outskirts of that deserted land, Rakha went among the downtrodden people, healing sickness where He found it, preaching words of compassion to all who would listen.  Rakha spoke of times of peace, claiming that none should live in the shadow of fear and tyranny.  Soon, many had hearkened to His words, for He had inspired hope into those that had none...

It was not long before King Khagrim the Damned received word of this wandering pilgrim, and he was not pleased by the news.  Khagrim began mercilessly persecuting any who followed Rakha's path, subjugating all who heeded the Almighty Savior's words to terrible punishment and death.  But Khagrim underestimated the fires that Rakha had fueled into the hearts of men, and soon civil war erupted against the rule of the tyrannical king.

Rakha Himself came before King Khagrim the Damned, alone and unaided.  Speaking words of peace and compassion, Rakha plead with King Khagrim to release his people from tyranny, to merely rule with a just and righteous hand.  In reply, Khagrim mocked the Almighty Savior, and sought to slay Him for daring to stand against the king.  Rakha saw that there would be no reasoning with the evil king, and upon the gates of Khagrim's castle, the Great Savior struck him dead.  

With Khagrim's passing, the shadow which had held southern Abaran in its grip for so long was lifted, dispersed into the winds by Rakha's shining light.  Hope had finally returned, and Rakha's name was sung in praise by the people who had lived in fear for so long...",
it_misc_book_006,uti,LocalizedName,0,-1,"The History of Abaran, Vol. VI - The Coming of Rakha",
it_misc_book_007,uti,DescIdentified,0,-1,"The History of Abaran :
An Account of the World's History

Enscribed by Melbeth, High Sage of the Empire of Sharakha

Vol. VII - The Empire of Sharakha

The fall of King Khagrim the Damned saw hope return to Abaran once more.  The Almighty Rakha, the Great Savior of Abaran, guided those who had lived under Khagrim's shadow in creating a realm of peace and prosperity.  Such was the birth of our Empire of Sharakha, and Rakha was named its Emperor.  All were welcomed to join the folds of Sharakha, though in His great wisdom, Rakha did not attempt to subject anyone to His rule.  Many lands gladly accepted His offer, however, and Sharakha quickly grew to encompass much of southern Abaran.  

Peace reigned for nearly fifty years, and Sharakha achieved great advancements not seen since the days of the Golden Age.  Rakha guided His people with justice and compassion, and He was loved by all under His rule.  But in the wild lands of the Northern Reaches, where the people had always been quick to wage war, jealousy and resentment grew against the glory of Sharakha.  

A dark and evil sorceror, known only as the Crimson Prophet, spoke foul lies into the ears of those who would listen amongst the Northern Reaches.  The Prophet bade them make war upon Sharakha, undoubtedly seeking to overthrow our grand realm and take it for his own.  So was the peace which Rakha had strived to achieve for so long was shattered as battles began to break out all across the northern frontier.

It has been with a heavy heart that the Empire of Sharakha has been forced into war, forced to take up arms against our northern neighbors.  But with Rakha's wisdom guiding our path, we will drive back the evil forces of the Crimson Prophet, and spread the word of the Almighty Savior across Abaran.  Only then shall peace reign, and the darkness of war pass from this land forever...",
it_misc_book_007,uti,LocalizedName,0,-1,"The History of Abaran, Vol. VII - The Empire of Sharakha",
it_misc_book_008,uti,DescIdentified,0,-1,"The Gods of Abaran

Enscribed by Zhora, Imperial High Priestess of Sharakha

Vol. I - The Immortal Realm

",
it_misc_book_008,uti,LocalizedName,0,-1,"The Gods of Abaran, Vol. I - The Immortal Realm",
it_misc_book_009,uti,DescIdentified,0,-1,"The Gods of Abaran

Enscribed by Zhora, Imperial High Priestess of Sharakha

Vol. II - Eon, Father of the Fates

",
it_misc_book_009,uti,LocalizedName,0,-1,"The Gods of Abaran, Vol. II - Eon, Father of the Fates",
it_misc_book_010,uti,DescIdentified,0,-1,"The Gods of Abaran

Enscribed by Zhora, Imperial High Priestess of Sharakha

Vol. III - Makhal, King of the Sun

",
it_misc_book_010,uti,LocalizedName,0,-1,"The Gods of Abaran, Vol. III - Makhal, King of the Sun",
it_misc_book_011,uti,DescIdentified,0,-1,"The Gods of Abaran

Enscribed by Zhora, Imperial High Priestess of Sharakha

Vol. IV - Vhakaris, Master of Darkness

",
it_misc_book_011,uti,LocalizedName,0,-1,"The Gods of Abaran, Vol. IV - Vhakaris, Master of Darkness",
it_misc_book_012,uti,DescIdentified,0,-1,"The Gods of Abaran

Enscribed by Zhora, Imperial High Priestess of Sharakha

Vol. V - Avarial, Mother of Nature

",
it_misc_book_012,uti,LocalizedName,0,-1,"The Gods of Abaran, Vol. V - Avarial, Mother of Nature",
it_misc_book_013,uti,DescIdentified,0,-1,"The Gods of Abaran

Enscribed by Zhora, Imperial High Priestess of Sharakha

Vol. VI - Elhora, Queen of the Stars

",
it_misc_book_013,uti,LocalizedName,0,-1,"The Gods of Abaran, Vol. VI - Elhora, Queen of the Stars",
it_misc_book_014,uti,DescIdentified,0,-1,"The Gods of Abaran

Enscribed by Zhora, Imperial High Priestess of Sharakha

Vol. VII - Akhana, Mistress of Death

",
it_misc_book_014,uti,LocalizedName,0,-1,"The Gods of Abaran, Vol. VII - Akhana, Mistress of Death",
it_misc_book_015,uti,DescIdentified,0,-1,"The Gods of Abaran

Enscribed by Zhora, Imperial High Priestess of Sharakha

Vol. VIII - Justicar, Keeper of the Balance

",
it_misc_book_015,uti,LocalizedName,0,-1,"The Gods of Abaran, Vol. VIII - Justicar, Keeper of the Balance",
it_misc_book_016,uti,DescIdentified,0,-1,"The Gods of Abaran

Enscribed by Zhora, Imperial High Priestess of Sharakha

Vol. IX - Vallana, Lady of Light

",
it_misc_book_016,uti,LocalizedName,0,-1,"The Gods of Abaran, Vol. IX - Vallana, Lady of Light",
it_misc_book_017,uti,DescIdentified,0,-1,"The Gods of Abaran

Enscribed by Zhora, Imperial High Priestess of Sharakha

Vol. X - Kauzgauroth, Lord of Destruction

",
it_misc_book_017,uti,LocalizedName,0,-1,"The Gods of Abaran, Vol. X - Kauzgauroth, Lord of Destruction",
it_misc_book_018,uti,DescIdentified,0,-1,"The Northern Reaches:
A Collection of Guides

Compiled by Jerek, Traveller of the Sharakhan Empire

Vol. I - The Untamed Frontier",
it_misc_book_018,uti,LocalizedName,0,-1,"The Northern Reaches, Vol. I - The Untamed Frontier",
it_misc_book_019,uti,DescIdentified,0,-1,"The Northern Reaches:
A Collection of Guides

Compiled by Jerek, Traveller of the Sharakhan Empire

Vol. II - Laceri, the Holy City",
it_misc_book_019,uti,LocalizedName,0,-1,"The Northern Reaches, Vol. II - Laceri, the Holy City",
it_misc_book_020,uti,DescIdentified,0,-1,"The Northern Reaches:
A Collection of Guides

Compiled by Jerek, Traveller of the Sharakhan Empire

Vol. III - Rhun, City of the Wytch",
it_misc_book_020,uti,LocalizedName,0,-1,"The Northern Reaches, Vol. III - Rhun, City of the Wytch",
it_misc_book_021,uti,DescIdentified,0,-1,"The Northern Reaches:
A Collection of Guides

Compiled by Jerek, Traveller of the Sharakhan Empire

Vol. IV - Ghaarak, the Imperial City",
it_misc_book_021,uti,LocalizedName,0,-1,"The Northern Reaches, Vol. IV - Ghaarak, the Imperial City",
it_misc_book_022,uti,DescIdentified,0,-1,"The Northern Reaches:
A Collection of Guides

Compiled by Jerek, Traveller of the Sharakhan Empire

Vol. V - Bhaksra, the Port City",
it_misc_book_022,uti,LocalizedName,0,-1,"The Northern Reaches, Vol. V - Bhaksra, the Port City",
it_misc_book_023,uti,DescIdentified,0,-1,"The Northern Reaches:
A Collection of Guides

Compiled by Jerek, Traveller of the Sharakhan Empire

Vol. VI -",
it_misc_book_023,uti,LocalizedName,0,-1,"The Northern Reaches, Vol. VI - ",
it_misc_book_024,uti,DescIdentified,0,-1,"The Northern Reaches:
A Collection of Guides

Compiled by Jerek, Traveller of the Sharakhan Empire

Vol. VII -",
it_misc_book_024,uti,LocalizedName,0,-1,"The Northern Reaches, Vol. VII - ",
it_misc_book_025,uti,DescIdentified,0,-1,"The Northern Reaches:
A Collection of Guides

Compiled by Jerek, Traveller of the Sharakhan Empire

Vol. VIII -",
it_misc_book_025,uti,LocalizedName,0,-1,"The Northern Reaches, Vol. VIII - ",
it_misc_book_900,uti,LocalizedName,0,-1,IT_MISC_BOOK_900,
it_misc_boot_000,uti,LocalizedName,0,-1,IT_MISC_BOOT_000,
it_misc_boot_010,uti,LocalizedName,0,-1,IT_MISC_BOOT_010,
it_misc_boot_020,uti,LocalizedName,0,-1,IT_MISC_BOOT_020,
it_misc_boot_030,uti,LocalizedName,0,-1,IT_MISC_BOOT_030,
it_misc_boot_040,uti,LocalizedName,0,-1,IT_MISC_BOOT_040,
it_misc_boot_901,uti,LocalizedName,0,-1,Boots of Haste,
it_misc_brac_000,uti,LocalizedName,0,-1,IT_MISC_BRAC_000,
it_misc_brac_010,uti,LocalizedName,0,-1,IT_MISC_BRAC_010,
it_misc_brac_020,uti,LocalizedName,0,-1,IT_MISC_BRAC_020,
it_misc_brac_030,uti,LocalizedName,0,-1,IT_MISC_BRAC_030,
it_misc_brac_040,uti,LocalizedName,0,-1,IT_MISC_BRAC_040,
it_misc_cloa_000,uti,LocalizedName,0,-1,IT_MISC_CLOA_000,
it_misc_cloa_010,uti,LocalizedName,0,-1,IT_MISC_CLOA_010,
it_misc_cloa_020,uti,LocalizedName,0,-1,IT_MISC_CLOA_020,
it_misc_cloa_030,uti,LocalizedName,0,-1,IT_MISC_CLOA_030,
it_misc_cloa_040,uti,LocalizedName,0,-1,IT_MISC_CLOA_040,
it_misc_cnt_000,uti,LocalizedName,0,-1,IT_MISC_CNT_000,
it_misc_cnt_001,uti,DescIdentified,0,-1,This pack has been designed to aid an Imperial soldier in carrying gear upon an assignment.  The two straps upon the pack allow for easy use of carrying the pack upon one's back.,
it_misc_cnt_001,uti,LocalizedName,0,-1,Imperial Issue Backpack,
it_misc_cnt_010,uti,LocalizedName,0,-1,IT_MISC_CNT_010,
it_misc_cnt_020,uti,LocalizedName,0,-1,IT_MISC_CNT_020,
it_misc_cnt_030,uti,LocalizedName,0,-1,IT_MISC_CNT_030,
it_misc_cnt_040,uti,LocalizedName,0,-1,IT_MISC_CNT_040,
it_misc_gaun_000,uti,LocalizedName,0,-1,IT_MISC_GAUN_000,
it_misc_gaun_010,uti,LocalizedName,0,-1,IT_MISC_GAUN_010,
it_misc_gaun_020,uti,LocalizedName,0,-1,IT_MISC_GAUN_020,
it_misc_gaun_030,uti,LocalizedName,0,-1,IT_MISC_GAUN_030,
it_misc_gaun_040,uti,LocalizedName,0,-1,IT_MISC_GAUN_040,
it_misc_gem_010,uti,LocalizedName,0,-1,IT_MISC_GEM_010,
it_misc_gold_000,uti,LocalizedName,0,-1,Gold Piece,
it_misc_gold_001,uti,LocalizedName,0,-1,Gold Piece,
it_misc_gold_002,uti,LocalizedName,0,-1,Gold Piece,
it_misc_gold_003,uti,LocalizedName,0,-1,Gold Piece,
it_misc_gold_100,uti,LocalizedName,0,-1,Gold Piece,
it_misc_gold_132,uti,LocalizedName,0,-1,Gold Piece,
it_misc_gold_200,uti,LocalizedName,0,-1,Gold Piece,
it_misc_key_000,uti,LocalizedName,0,-1,IT_MISC_KEY_000,
it_misc_key_001,uti,DescIdentified,0,-1,[This key was found in the possession of Mikel Ravenclaw.],
it_misc_key_001,uti,LocalizedName,0,-1,Mikel Ravenclaw's Key,
it_misc_lrg_000,uti,LocalizedName,0,-1,IT_MISC_LRG_000,
it_misc_meal_001,uti,DescIdentified,0,-1,"This pack contains enough food and water for a single day of adventuring. Most nobles and merchants use this sort of food pack while traveling out in the wilds of the empire. Though there are many other substitutes for traditional packed rations, this is the most popular choice of those that can afford it.

This item can be used as a ration. You will need to have some form of ration in your inventory to gain any benefit from resting.",
it_misc_meal_001,uti,LocalizedName,0,-1,Packed Rations,
it_misc_meal_002,uti,DescIdentified,0,-1,"Chakara berries are well known throughout the Sharakhan Empire for being far more nourishing than their size would suggest.  A handful of these berries is more than enough food to fill the belly of a grown man, and provides nourishment for a full day's worth of food. 

This item can be used as a ration. You will need to have some form of ration in your inventory to gain any benefit from resting.",
it_misc_meal_002,uti,LocalizedName,0,-1,Chakara Berries,
it_misc_meal_003,uti,DescIdentified,0,-1,"Grahmin, a strange herd beast found in the rural areas of the Northern Reaches, carry all manner of edible parts on their body.  

Their tongues are widely known for making a delicious meal. 

This item can be used as a ration. You will need to have some form of ration in your inventory to gain any benefit from resting.",
it_misc_meal_003,uti,LocalizedName,0,-1,Grahmin Tongue,
it_misc_meal_004,uti,DescIdentified,0,-1,"Juju nuts, taken from the Jujira plant, are often sought after by wilderness travellers.  Though not particularly filling, these nuts can make a good substitute for one's diet while away from civilized areas, being easy to carry while maintaining their freshness indefinitely.


This item can be used as a ration. You will need to have some form of ration in your inventory to gain any benefit from resting.",
it_misc_meal_004,uti,LocalizedName,0,-1,Juju Nuts,
it_misc_meal_005,uti,DescIdentified,0,-1,"Fish have become a part of most diets along the coastline of the Northern Reaches.  This package of meat is enough to feed the hunger of a grown adult for one day.

This item can be used as a ration. You will need to have some form of ration in your inventory to gain any benefit from resting.",
it_misc_meal_005,uti,LocalizedName,0,-1,Fish Meat,
it_misc_med_000,uti,LocalizedName,0,-1,IT_MISC_MED_000,
it_misc_med_001,uti,DescIdentified,0,-1,"This note was given to you by your mother ust before her death to the Dark Plague, and your coming to Ghaarak.  It reads:

My dearest child,

Though death shall soon take me from this mortal realm, know that I go with no regrets.  When I look upon you, I know that my life has not been in vain, for I am proud of the adult you have become.  Whatever fate may find me in the afterlife, know that I shall do what I may to continue watching over you, protecting you from harm.

Your father shall watch over you when I am gone.  Do try to mend the differences that have grown between you, for he is a good man.  I know his duty to our Empire has often kept him away from us, but do not mistake his behavior for disinterest.  Okaris simply has a hard time with showing his feelings.  He does care for you greatly, and I can assure you your father will watch over you carefully.

Your fate shall be your own, my child, and I am sure it will be a grand one.  I wish that I could live to see a bit more of it, but fate has deemed otherwise, and who are we mortals to argue with destiny?  Know that I shall always love you.

Your mother,
Loralia",
it_misc_med_001,uti,LocalizedName,0,-1,A Tattered Note,
it_misc_med_002,uti,DescIdentified,0,-1,"These stones are used throughout the Sharakhan Empire to give off heavy electrical charges.  Though a bit unpredictable, the stones can be effectively used as weapons, giving off a rather strong electrical explosion when activated.  It is wise to be wary when using them, and to quickly move out of the path of the explosion once the device is set...",
it_misc_med_002,uti,LocalizedName,0,-1,Electrical Charge Grenade,
it_misc_poti_000,uti,LocalizedName,0,-1,IT_MISC_POTI_000,
it_misc_poti_001,uti,DescIdentified,0,13440,"Used in times of trouble, these priestly waters comfort the sorrowful and make great men of lowly cowards.",
it_misc_poti_001,uti,LocalizedName,0,13441,Potion of Aid,
it_misc_poti_002,uti,DescIdentified,0,-1,"A weak, watered down fluid flows sluggishly in this flask.",
it_misc_poti_002,uti,LocalizedName,0,-1,Ale,
it_misc_poti_003,uti,DescIdentified,0,13420,"This tonic is sovereign against venoms, mineral toxins, diseases, and poisons of all sorts.",
it_misc_poti_003,uti,LocalizedName,0,13421,Potion of Antidote,
it_misc_poti_004,uti,DescIdentified,0,13426,"Called ""portable priests"" by more cynical adventurers, these holy infusions are of great use to the average adventurer.",
it_misc_poti_004,uti,LocalizedName,0,13427,Potion of Bless,
it_misc_poti_005,uti,DescIdentified,0,13438,"These blood-red infusions, made from the horns and heart of young bulls, grant the drinker great physical strength.",
it_misc_poti_005,uti,LocalizedName,0,13439,Potion of Bull's Strength,
it_misc_poti_006,uti,DescIdentified,0,13436,This sparkling potion greatly increases the drinker's Dexterity.,
it_misc_poti_006,uti,LocalizedName,0,13437,Potion of Cat's Grace,
it_misc_poti_007,uti,DescIdentified,0,13422,"Made of hot liquid poured over scorched and pungent beans, this strong-smelling brew did not get its name from its appearance. It helps clear and fortify the mind against spells that affect the mind.",
it_misc_poti_007,uti,LocalizedName,0,13423,Potion of Clarity,
it_misc_poti_008,uti,DescIdentified,0,13428,"With their ability to smooth the complexion, gloss the hair, and brighten the eyes, these potions find regular use among the nobility. But it shall make anyone more comely.",
it_misc_poti_008,uti,LocalizedName,0,13429,Potion of Eagle's Splendor,
it_misc_poti_009,uti,DescIdentified,0,13442,"These potions are eagerly sought by sages, scholars, and adventuring wizards alike. When imbibed, they grant a bonus to the drinker's Intelligence score.",
it_misc_poti_009,uti,LocalizedName,0,13443,Potion of Fox's Cunning,
it_misc_poti_010,uti,DescIdentified,0,13446,"These potions are in equal demand by adventurers and scholars, allowing for the imbiber to clear their thoughts in the pursuit of remembering vague legends and tales of old.",
it_misc_poti_010,uti,LocalizedName,0,13447,Potion of Lore,
it_misc_poti_011,uti,DescIdentified,0,13444,"This milky red potion seems to open the drinker's perception of his environment, making him at once more observant and more resistant to effects that target the mind.",
it_misc_poti_011,uti,LocalizedName,0,13445,Potion of Owl's Wisdom,
it_misc_poti_012,uti,DescIdentified,0,13410,"Used as often in the peasant's home as the dungeon's dark, these simple concoctions are common throughout Abaran.",
it_misc_poti_012,uti,LocalizedName,0,13411,Potion of Cure Light Wounds,
it_misc_poti_013,uti,DescIdentified,0,13448,"These curative potions are too expensive for most civilians, and are used almost exclusively by soldiers and adventurers.",
it_misc_poti_013,uti,LocalizedName,0,13449,Potion of Cure Moderate Wounds,
it_misc_poti_014,uti,DescIdentified,0,13412,"With the power to staunch the flow of blood or knit a broken bone, these potions are in common use among the dangerous professions.",
it_misc_poti_014,uti,LocalizedName,0,13413,Potion of Cure Serious Wounds,
it_misc_poti_015,uti,DescIdentified,0,13434,"A potion of endurance combines various magical components to increase stamina and overall health, though it does not heal damage.",
it_misc_poti_015,uti,LocalizedName,0,13435,Potion of Endurance,
it_misc_poti_016,uti,DescIdentified,0,13418,"This thick concoction smells dark and musty, like a forest after heavy rains.",
it_misc_poti_016,uti,LocalizedName,0,13419,Potion of Barkskin,
it_misc_poti_017,uti,DescIdentified,0,13414,"With the power to return people from the very brink of death, these potions do not come cheaply.",
it_misc_poti_017,uti,LocalizedName,0,13415,Potion of Cure Critical Wounds,
it_misc_ring_000,uti,LocalizedName,0,-1,IT_MISC_RING_000,
it_misc_ring_010,uti,LocalizedName,0,-1,IT_MISC_RING_010,
it_misc_ring_011,uti,DescIdentified,0,13454,"Imbued with minor magical protections, this ring grants its wearer some extra defense in combat.",
it_misc_ring_011,uti,LocalizedName,0,13453,Ring of Protection +1,
it_misc_ring_012,uti,DescIdentified,0,56645,"Engraved with runes of stamina and strength, this ring allows its wearer to endure far greater physical stress upon their body.",
it_misc_ring_012,uti,LocalizedName,0,56644,Ring of Fortitude +1,
it_misc_ring_013,uti,DescIdentified,0,56645,"Engraved with runes of quickness and lightness of foot, this ring enhances its wearers reflexes against danger.",
it_misc_ring_013,uti,LocalizedName,0,56644,Ring of Agility +1,
it_misc_ring_014,uti,DescIdentified,0,56645,"Engraved with runes of mental protection, this ring gifts its master with added defense against mental and psychic assaults.",
it_misc_ring_014,uti,LocalizedName,0,56644,Ring of Iron Will +1,
it_misc_ring_020,uti,LocalizedName,0,-1,IT_MISC_RING_020,
it_misc_ring_030,uti,LocalizedName,0,-1,IT_MISC_RING_030,
it_misc_ring_031,uti,DescIdentified,0,-1,"Worn by many roguish thieves in the Northern Reaches, these rings grant their shady masters great ability in the arts of breaking and entering.",
it_misc_ring_031,uti,LocalizedName,0,-1,Rogue's Ring,
it_misc_ring_040,uti,LocalizedName,0,-1,IT_MISC_RING_040,
it_misc_scro_000,uti,LocalizedName,0,-1,IT_MISC_SCRO_000,
it_misc_scro_010,uti,LocalizedName,0,-1,IT_MISC_SCRO_010,
it_misc_scro_020,uti,LocalizedName,0,-1,IT_MISC_SCRO_020,
it_misc_scro_030,uti,LocalizedName,0,-1,IT_MISC_SCRO_030,
it_misc_scro_040,uti,LocalizedName,0,-1,IT_MISC_SCRO_040,
it_misc_sml_000,uti,LocalizedName,0,-1,IT_MISC_SML_000,
it_misc_thn_000,uti,LocalizedName,0,-1,IT_MISC_THN_000,
it_misc_thn_001,uti,DescIdentified,0,-1,"[This is a 15 foot length of rope, a grappling hook attached to its end.  You may be able to find some use for it during your travels...]",
it_misc_thn_001,uti,LocalizedName,0,-1,Rope with Grappling Hook,
it_misc_torc_000,uti,LocalizedName,0,-1,Torch,
it_misc_torc_002,uti,LocalizedName,0,-1,Torch,
it_misc_torc_003,uti,LocalizedName,0,-1,Torch,
it_misc_torc_004,uti,LocalizedName,0,-1,Torch,
it_misc_torc_005,uti,LocalizedName,0,-1,Torch,
it_misc_trap_000,uti,LocalizedName,0,-1,IT_MISC_TRAP_000,
it_misc_ttl_001,uti,LocalizedName,0,13523,Thieves' Tools +1,
it_misc_ttl_002,uti,LocalizedName,0,13524,Thieves' Tools +3,
it_plot_000,uti,LocalizedName,0,-1,IT_PLOT_000,
it_plot_001,uti,DescIdentified,0,-1,"[This summons has been personally addressed to you, requesting that you come to the Isle of Zhantara, where Overlord Vhorkas, a high ranking official of the Sharakhan Empire, wishes to discuss a matter of ""great importance"".]

The text of the summons reads:

- Faithful servant of Almighty Emperor Rakha and the magnificence of the Empire of Sharakha,

I, Vhorkas, Overlord of the Imperial Fortress of Zhantara, issue this summons for you to join me on the Isle of Zhantara.  The Sharakhan Empire has taken note of both you and your abilities, and we wish to speak with you further regarding a proposition which will benefit both yourself and the Imperial cause.

It is your duty as a faithful charge of the Sharakhan Empire to answer this summons in a timely fashion.  We have made arrangements for you to take board one of our ships, the Voyager, at the port of Bhaksra.  

Upon your arrival, we shall speak further.  I look forward to meeting you in person quite soon, and shall be awaiting your prompt arrival.

- Vhorkas
  Overlord of Zhantara",
it_plot_001,uti,LocalizedName,0,-1,Imperial Summons,
it_plot_002,uti,DescIdentified,0,-1,[This pass has been signed and authorized by Dockmaster Khalim to allow you entry into the Imperial compound of Zhantara.  You should show it at the gates of Zhantara to gain entry.],
it_plot_002,uti,LocalizedName,0,-1,Zhantara Pass of Entry,
it_plot_003,uti,DescIdentified,0,56640,"Crafted by the Minotaurs of Charach, these brooches signify a life bond between two Minotaurs who have pledged their love for one another.  It is extremely rare for one of these to be found anywhere other than a Minotaur's possession, but rumors hold that great magic is sealed within the strange stone of the brooch...",
it_plot_003,uti,LocalizedName,0,56643,Soul Brooch,
it_plot_004,uti,DescIdentified,0,-1,Irilium Crystals are strong and stable sources of magical power. It is common for these gems to be used as magical ingredients in a variety of spells and rituals.,
it_plot_004,uti,LocalizedName,0,-1,Irilium Crystals,
it_plot_005,uti,DescIdentified,0,-1,This key unlocks the Chamber of the Control Stone in the Imperial Grand Hall of Ghaarak.,
it_plot_005,uti,LocalizedName,0,-1,Key to the Control Stone Chamber,
it_plot_006,uti,DescIdentified,0,-1,"April 1, 1372

I have begun to wonder why I ever took the position of Magistrate, for my duties seem to keep me occupied at all times.  Even now, on the day of my only child's graduation, I cannot have a moment's peace...  Still, I cannot shirk my responsibilities to Ghaarak, and the letter I received from Lord Amildor Greyhawke has increased my concern over this city's safety.  

We should never have taken that stone from the crypt.  Even as I write, I hear its voice, speaking in my mind, and that thought terrifies me.  I have come to believe that this Crimson Prophet, of whom the Empire now seems quite in fear of, is the same man we saw in the depths of those strange ruins.  He seems to be on our trail, already having killed the other leaders of our ill fated expedition.  I believe it is the stone he wants, and should he come for it, I do not know that I will refuse his wishes.  Better to be rid of the damnable thing, and perhaps regain my peace of mind.

It seems Lord Greyhawke has arrived, and is on his way here.  I eagerly await the chance to speak with him in person, for we have much to discuss.  If his words are true, then maybe I can put a stop to this before it is too late...

[The diary ends here, for it seems your father never got a chance to complete any further entries...]",
it_plot_006,uti,LocalizedName,0,-1,"Diary of Okaris, Magistrate of Ghaarak",
it_plot_007,uti,DescIdentified,0,-1,"The Control Stone is a device unlike any other ever created here in Ghaarak. Its tremendous power has been utilized for many extraordinary purposes. The grandest of these achievements is certainly the impervious shield we can summon over the district gates in the unlikely event we ever come under attack. In addition, the stone has been used extensively for the purpose of animating magical constructs to aid in menial tasks of labor, allowing our Imperial citizens ample time to pursue more fitting pursuits.

Activation of the Control Stone is quite simple. The simple arcane phrase, ""Milak Navok"", is all that is needed to summon forth the stone's power, though of course we have placed runes of warding to prevent any improper use. High Sorcerer Zhiram has been placed in charge of the Control Stone's usage, so should you need to utilize its abilities, please speak with him. Only he can give you the proper rune combination to pass through its protections, and command the power of the stone.

Be wary of tampering with the stone in any unlawful fashion. The sorceries at work within are quite potent, and if unleashed, could prove quite destructive and dangerous.",
it_plot_007,uti,LocalizedName,0,-1,Ledger #13 : The Control Stone,
it_plot_008,uti,DescIdentified,0,-1,"Animating a construct is not a task to be taken lightly by those inexperienced in the arts of magic, but to those well versed in the arcane arts, constructs can prove to be great and devoted servants.  Properly created, constructs can aid in a variety of tasks at their master's command, from simple labor to fearsome allies in combat.

Once the initial construct is built, a task both expensive and complicated, it is necessary to find a power source to animate the construct.  For a stable source, it is strongly recommended that one use Irilium Crystals, often found in the southern lands of the Sharakhan Empire.  While a bit hard to come by in these northern frontier lands, Irilium is the only dependable source for animation of constructs, and other substitutes are discouraged.",
it_plot_008,uti,LocalizedName,0,-1,Guide to Animating Constructs,
it_plot_009,uti,DescIdentified,0,-1,"This key was found on Shrak, a merchant reputedly connected to the Bloodhawk slaver organization.",
it_plot_009,uti,LocalizedName,0,-1,Shrak's Key,
it_plot_010,uti,DescIdentified,0,-1,"Shrak,

With the Imperial guard increasing its watch over the Market District, we of the Bloodhawks have had to increase our vigilance against their prying eyes.  We have relocated our base to a hidden sector of the city, and will no longer be able to directly contact you for new additions to our... stock.

For the time being, I have stationed two of my men at the Ravenclaw Tavern.  You may feel free to go to them should you have need to contact us, and they will take care of any business you may need to conduct with our organization.

I have instructed my men to use all caution when dealing with strangers, so be wary to follow my next instructions.  Upon need to contact us, go to the inn rooms at the Ravenclaw Tavern.  My men are residing in one of these rooms.  You must knock on the door three times, upon which one of the men will ask your business.  Tell him the phrase: ""The hawk's blood flows freely..."", and my men will know you to be an ally.  Do not forget this, for they shall not have any dealings with you otherwise!

I apologize for any troubles this may cause you, but we feel it necessary to take all precautions to avoid being discovered. 

- Jhordak",
it_plot_010,uti,LocalizedName,0,-1,Bloodhawk Letter,
it_plot_011,uti,DescIdentified,0,-1,"[This letter, found amidst the belongings of Chancellor Varhun of Ghaarak, reads:

""Chancellor, I write in response to your plea for aid with your current... dilemma...  It seems both you and I have a great desire to see an end to the rule of Magistrate Okaris, a thorn in both our sides.  I have devised a plan in which we may rid ourselves of the Magistrate once and for all, one which we will discuss in further detail upon my arrival.  Should you hear of an appearance by a prophet, garbed in red, be prepared to take matters into your own hands immediately.

Beyond that, you may choose how else to serve your own advancement in the Imperial ranks.  Just be certain to use discretion, as it would not do for our plans to be revealed prematurely.

Remember, should the prophet in red appear, it is imperative that Okaris does not live to see the next dawn.  If you serve us well, we may be able to find other purposes to which we can apply your skills...""

The letter is unsigned.]",
it_plot_011,uti,LocalizedName,0,-1,Chancellor Varhun's Letter,
it_plot_012,uti,DescIdentified,0,-1,This key was found in Chancellor Varhun's possession.,
it_plot_012,uti,LocalizedName,0,-1,Varhun's Key,
it_plot_013,uti,DescIdentified,0,-1,"Xanthar, 

The time of our benefactor's plans draws near.  You are to keep an eye out for the arrival of a strange prophet, garbed all in red.  His appearance will signal the beginning of our plans against Magistrate Okaris.  Your orders are to slay the Magistrate's child, out in the open where all can see.  Such a blow will surely shake the faith of Ghaarak's people, and perhaps cause them to reconsider their loyalty to Okaris.  Return to me when the deed is done, and I shall reward you handsomely.

- M.",
it_plot_013,uti,LocalizedName,0,-1,Xanthar's Letter,
it_plot_014,uti,DescIdentified,0,-1,This key unlocks the trapdoor leading to the Bloodhawks' lair under the city of Ghaarak.,
it_plot_014,uti,LocalizedName,0,-1,Key to the Bloodhawks' Lair,
it_plot_015,uti,DescIdentified,0,-1,This key unlocks the slave pen doors in the sewers below Ghaarak.,
it_plot_015,uti,LocalizedName,0,-1,Key to Bloodhawk Slave Pens,
it_plot_016,uti,DescIdentified,0,-1,This key is used to unlock the door to Mikel Ravenclaw's chambers.,
it_plot_016,uti,LocalizedName,0,-1,Key to Mikel Ravenclaw's Chamber,
it_plot_017,uti,DescIdentified,0,-1,"[This letter, found in Mikel Ravenclaw's possession, reads:

""Mikel, I know that you and I have not had much to do with one another in the past, but I would like to remedy that situation.  You see, I am in the position of needing some... less desirable... aid, and I do believe you can assist me in the matter.  I wish to bring an end to the troublesome Magistrate Okaris and his bratty child, for they alone stand in my path of ruling Ghaarak.  If you can arrange for the Magistrate's child to be assassinated, I am willing to pay you a hefty amount of gold, more than you could ever dream of.  In addition, once I come to rule the city, you and I can speak further regarding more profitable opportunities.

In the meantime, I intend to take care of Magistrate Okaris.  I have an especially gruesome fate in store for him... a fitting end to his reign of self righteousness.  

I do not believe I have to tell you the importance of keeping this matter secret.  When the deed is done, I will contact you further.""

The letter is unsigned, but you notice the handwriting to be that of Chancellor Varhun, your father's aide in city affairs...]",
it_plot_017,uti,LocalizedName,0,-1,Letter to Mikel Ravenclaw,
it_plot_018,uti,DescIdentified,0,-1,"[This letter, found in the desk of Chancellor Varhun of Ghaarak, has been charred to a crisp.  It appears Varhun incinerated it in quite a hurry, and the writing upon it is no longer legible...]",
it_plot_018,uti,LocalizedName,0,-1,Charred Letter,
it_plot_019,uti,DescIdentified,0,-1,"This strange stone, covered in runes for summoning small impish creatures, appears to have been ruined.  It does not appear to have been made from any standard Imperial material...",
it_plot_019,uti,Description,0,-1,"This stone, recovered from Chancellor Varhun of Ghaarak, is covered in strange runes.  However, you lack the knowledge of such stones to make an accurate identification.",
it_plot_019,uti,LocalizedName,0,-1,Varhun's Stone (Ruined),
it_plot_020,uti,DescIdentified,0,-1,"These Irilium Crystals have been enchanted by Janthos the Inventor to override the Control Stone's influence over the Imperial Constructs.

[NOTE: Upon defeating an Imperial Construct in battle, you can use this stone to revive it as an ally.  There are enough crystals for 3 uses.]
",
it_plot_020,uti,LocalizedName,0,-1,Enchanted Irilium Crystals,
it_plot_021,uti,DescIdentified,0,-1,"[This ledger, written in fine strokes by a precise hand, has a marker set towards the back of its pages.  You turn to the page, where an entry reads:

""I have found myself thinking a great deal of my mother in the last few days.  I believe that little homeless girl I saw in the Market District the other day brought this particular case of nostalgia upon me.  She was sitting beside one of the merchant stands, reciting an old poem mother used to tease my sister with...

The boy to my right has nine cakes,
The one on my left has only one,
I'm so hungry I've got the shakes,
But boys don't share, and I have none...

A silly little thing, really, but it used to make me smile when I was a lad.  Come to think of it, this little poem gives me an idea for arranging the warding runes on the Control Stone.  Maybe now I won't forget the combination so often...

I believe I'll do that right now.  Captain Anagril is escorting those visiting sorcerers from the south in as I write, so I'll need to be quick about it...""

This is the last entry in the ledger, for it seems Zhiram never had an opportunity to write more.]",
it_plot_021,uti,LocalizedName,0,-1,Zhiram's Ledger,
it_plot_022,uti,DescIdentified,0,-1,"Magistrate Okaris,

It has come to my attention that your child will soon participate in the final tests to graduate the Imperial Academy.  I know you must be quite proud to see your offspring reach such a prestigious achievement, and we of Zhantara extend our blessings to your family.

I would like to take this chance to ask what future you foresee for your child.  I know you and I have often discussed the possibility of further training amongst the ranks of the ShadowGuard, and I was curious as to whether you have given this proposal any further thought.

I have consulted Emperor Rakha regarding this matter, and He feels such a path would be most beneficial to all involved.  The decision lies with you, of course, but please do give this matter some thought.  

On other matters, I will be visiting your city of Ghaarak soon, and I am quite interested in investigating this gem your men recently uncovered.  Your recent letters have suggested that you are frightened of its power, and rightfully so.  If this thing is truly a relic of the Golden Age, its might is surely greater than we mortals of this age could fathom.  

As you know, Emperor Rakha has taken a great interest in any ancient relics of late, and He wishes to discover more of your finding.  Please prepare a full report for my coming, and we will discuss this matter further in person.

Your friend,

Overlord Vhorkas, High Commander of Zhantara",
it_plot_022,uti,LocalizedName,0,-1,Letter to Your Father,
it_plot_023,uti,DescIdentified,0,-1,This key was found in the Nightcrawler hideout of Ghaarak.,
it_plot_023,uti,LocalizedName,0,-1,Nightcrawler Lair Key,
it_plot_024,uti,DescIdentified,0,-1,This key appears to unlock the cell of Tarin Lightfingers within the lair of the Nightcrawler gang which abducted him.,
it_plot_024,uti,LocalizedName,0,-1,Tarin's Cell Key,
it_plot_025,uti,DescIdentified,0,-1,[This blade hums with a faint magical energy.  You can sense that it wishes to be returned to the hand of its master...],
it_plot_025,uti,LocalizedName,0,-1,The Sword of Truth,
it_plot_026,uti,DescIdentified,0,-1,[This shield seems to beckon you to return it to the hands of its master...],
it_plot_026,uti,LocalizedName,0,-1,The Shield of Valor,
it_plot_027,uti,DescIdentified,0,-1,[This key was obtained from the Riddler's possession in the Shadowguard Training Chambers.],
it_plot_027,uti,LocalizedName,0,-1,The Riddler's Key,
it_plot_028,uti,DescIdentified,0,-1,[This key was obtained from King Khagrim's possession in the Shadowguard Training Chambers.],
it_plot_028,uti,LocalizedName,0,-1,King Khagrim's Key,
it_plot_029,uti,DescIdentified,0,-1,This seems to be some sort of room key for use in the Inn of the Red Flagon.,
it_plot_029,uti,LocalizedName,0,-1,Red Flagon Key,
it_plot_030,uti,DescIdentified,0,-1,This is the key to open the main gates to the outpost of Jhakaril.,
it_plot_030,uti,LocalizedName,0,-1,Key to Outpost of Jhakaril,
it_plot_031,uti,DescIdentified,0,-1,This key opens the doors of Jhakaril's gate guard tower.,
it_plot_031,uti,LocalizedName,0,-1,Key to Jhakaril Guard Tower,
it_plot_032,uti,DescIdentified,0,-1,This key opens the doors to the Inner Chamber of the outpost of Jhakaril.,
it_plot_032,uti,LocalizedName,0,-1,Key to Jhakaril Inner Chamber,
it_plot_033,uti,DescIdentified,0,-1,"This is the body of Gina Thakaros, the abandoned daughter of Altan Thakaros...",
it_plot_033,uti,LocalizedName,0,-1,Gina Thakaros' Corpse,
it_plot_034,uti,DescIdentified,0,-1,"This is Gina Thakaros, the abandoned daughter of Altan Thakaros.  You have taken her along with you from the ruins of Thakaros Estate to help find Altan.",
it_plot_034,uti,LocalizedName,0,-1,Gina Thakaros,
it_plot_035,uti,DescIdentified,0,-1,"Carved out of a strange stone and illuminated with a holy aura, this is the Heart of Rakha, a symbol of the Great Savior's compassion and devotion to the people of Sharakha.
",
it_plot_035,uti,LocalizedName,0,-1,The Heart of Rakha,
it_plot_036,uti,DescIdentified,0,-1,"A small dancing flame which miraculously does not burn upon touch, this is one of the Flames of Faith, a symbol of the eternal bond between Rakha, the Great Savior, and His compassion for all those who walk upon Abaran.

This flame may be used to light one of the braziers resting near the statue of Rakha during the Ritual of Rakha of the Imperial Academy.",
it_plot_036,uti,LocalizedName,0,-1,Flame of Faith,
it_plot_037,uti,DescIdentified,0,-1,This strange red jewel gleams with a dark crimson color...,
it_plot_037,uti,LocalizedName,0,-1,Bloodstone,
it_plot_038,uti,DescIdentified,0,-1,"This appears to be the body of Malgor, Nelgir's father...  Lying squarely in the middle of the corpse's back is a long dagger, with Nelgir's inscription engraved upon the handle...",
it_plot_038,uti,LocalizedName,0,-1,Malgor's Corpse,
it_plot_039,uti,DescIdentified,0,-1,This key is marked with a # 1.  It appears to be one of the keys to the guest rooms at the Ravenclaw Tavern.,
it_plot_039,uti,LocalizedName,0,-1,Ravenclaw Tavern Room Key # 1,
it_plot_040,uti,DescIdentified,0,-1,"This key was found in the possession of Jhordak, leader of the Bloodhawk slaver orgainization in Ghaarak.",
it_plot_040,uti,LocalizedName,0,-1,Bloodhawk Key,
it_plot_041,uti,DescIdentified,0,-1,"This key, found on the body of the Golden Warrior in the Chambers of Rakha, shines with a golden hue...",
it_plot_041,uti,LocalizedName,0,-1,The Golden Key,
it_plot_042,uti,DescIdentified,0,-1,"In your hands lies the broken body of the Holy Idol, a relic crafted to celebrate the glory of the Almighty Rakha.  

The idol has been shattered, and you cannot help feeling a bit of sorrow while looking upon it...  From deep within, you feel a strong desire to collect the broken pieces of the relic, and restore it to its natural glory...",
it_plot_042,uti,LocalizedName,0,-1,Body of the Holy Idol,
it_plot_043,uti,DescIdentified,0,-1,"In your hands lies the broken sceptre of the Holy Idol, a relic crafted to celebrate the glory of the Almighty Rakha.  

The idol has been shattered, and you cannot help feeling a bit of sorrow while looking upon it...  From deep within, you feel a strong desire to collect the broken pieces of the relic, and restore it to its natural glory...",
it_plot_043,uti,LocalizedName,0,-1,Sceptre of the Holy Idol,
it_plot_044,uti,DescIdentified,0,-1,"In your hands lies the broken base of the Holy Idol, a relic crafted to celebrate the glory of the Almighty Rakha.  

The idol has been shattered, and you cannot help feeling a bit of sorrow while looking upon it...  From deep within, you feel a strong desire to collect the broken pieces of the relic, and restore it to its natural glory...",
it_plot_044,uti,LocalizedName,0,-1,Base of the Holy Idol,
it_plot_045,uti,DescIdentified,0,-1,"In your hands lies the Holy Idol, miraculously mended from its formerly shattered pieces.  Gazing upon its magnificent glory, you cannot help but be amazed by this great treasure, for it fills you with a great sense of peace and well being...",
it_plot_045,uti,LocalizedName,0,-1,The Holy Idol,
it_plot_046,uti,DescIdentified,0,-1,"This key was found in the possession of Sakara, the mad sorceress of the Chambers of Rakha.  Perhaps it will lead to uncovering a portion of the Holy Idol...",
it_plot_046,uti,LocalizedName,0,-1,Sakara's Key,
it_plot_047,uti,DescIdentified,0,-1,"To better aid us in hiding our movements from the Imperial garrison within the city, the two of you are to remain at the Ravenclaw Tavern until further notice.  Our contact in the Market District, that despicable little maggot Shrak, will keep an eye out for any potential buyers that may cross his path.  He will then send them to you, and you can arrange for a slave's delivery through our base of operations.

Should you find a buyer, bring them to see me at our lair.  I wish to speak with anyone prying into our affairs before we have dealings.  Tell any potential customers to meet you in the sewers, and only then reveal the location of the base.  If we find our new buyers to be untrustworthy, we can easily deal with them on our own turf...

Should you have any troubles finding the trapdoor, which we have gone to great pains to keep hidden, speak with Egbar the Dwarf.  He can be found in the sewers of the city, on cleaning detail with his crew.  Egbar has been paid handsomely to keep our affairs quiet, and can be counted on to be an ally.

We are likely safe, lying in hiding beneath the city as we are... but it is best not to take any chances...

This shall only be a temporary situation, as our business here in Ghaarak draws to an end soon, and we may leave to sell our prizes upon other shores within several days.  Until then, do as I have commanded...

- Jhordak",
it_plot_047,uti,LocalizedName,0,-1,Bloodhawk Missive,
it_plot_049,uti,DescIdentified,0,-1,[This key was obtained from King Khagrim's possession in the Shadowguard Training Chambers.],
it_plot_049,uti,LocalizedName,0,-1,King Khagrim's Key,
it_plot_050,uti,DescIdentified,0,-1,[This key was obtained from King Khagrim's possession in the Shadowguard Training Chambers.],
it_plot_050,uti,LocalizedName,0,-1,King Khagrim's Key,
it_plot_051,uti,DescIdentified,0,-1,[This key was obtained from King Khagrim's possession in the Shadowguard Training Chambers.],
it_plot_051,uti,LocalizedName,0,-1,King Khagrim's Key,
it_plot_052,uti,DescIdentified,0,-1,[This key was obtained from King Khagrim's possession in the Shadowguard Training Chambers.],
it_plot_052,uti,LocalizedName,0,-1,King Khagrim's Key,
it_plot_053,uti,DescIdentified,0,-1,[This key was obtained from King Khagrim's possession in the Shadowguard Training Chambers.],
it_plot_053,uti,LocalizedName,0,-1,King Khagrim's Key,
it_plot_054,uti,DescIdentified,0,-1,[This key was obtained from King Khagrim's possession in the Shadowguard Training Chambers.],
it_plot_054,uti,LocalizedName,0,-1,King Khagrim's Key,
it_plot_055,uti,DescIdentified,0,-1,[This key was obtained from King Khagrim's possession in the Shadowguard Training Chambers.],
it_plot_055,uti,LocalizedName,0,-1,King Khagrim's Key,
it_plot_056,uti,DescIdentified,0,-1,[This key was obtained from King Khagrim's possession in the Shadowguard Training Chambers.],
it_plot_056,uti,LocalizedName,0,-1,King Khagrim's Key,
it_plot_057,uti,DescIdentified,0,-1,[This key was obtained from King Khagrim's possession in the Shadowguard Training Chambers.],
it_plot_057,uti,LocalizedName,0,-1,King Khagrim's Key,
it_plot_058,uti,DescIdentified,0,-1,[This key was obtained from King Khagrim's possession in the Shadowguard Training Chambers.],
it_plot_058,uti,LocalizedName,0,-1,King Khagrim's Key,
it_plot_1000,uti,DescIdentified,0,-1,For telling time.,
it_plot_1000,uti,LocalizedName,0,-1,Tester Watch,
it_plot_901,uti,DescIdentified,0,56640,"This strange medallion, a blood red stone encased upon its chain, bears a small inscription upon its surface which reads:

Long is the road we tread,
Dark as the blackest night,
Through a sea of blood so red,
Its end hidden from sight.

May the Prophet guide our path...",
it_plot_901,uti,LocalizedName,0,56643,Crimson Medallion,
it_plot_999,uti,DescIdentified,0,-1,"[This summons has been personally addressed to you, requesting that you come to the Isle of Zhantara, where Overlord Vhorkas, a high ranking official of the Sharakhan Empire, wishes to discuss a matter of ""great importance"".]

The text of the summons reads:

- Faithful servant of Almighty Emperor Rakha and the magnificence of the Empire of Sharakha,

I, Vhorkas, Overlord of the Imperial Fortress of Zhantara, issue this summons for you to join me on the Isle of Zhantara.  The Sharakhan Empire has taken note of both you and your abilities, and we wish to speak with you further regarding a proposition which will benefit both yourself and the Imperial cause.

It is your duty as a faithful charge of the Sharakhan Empire to answer this summons in a timely fashion.  We have made arrangements for you to take board one of our ships, the Voyager, at the port of Bhaksra.  

Upon your arrival, we shall speak further.  I look forward to meeting you in person quite soon, and shall be awaiting your prompt arrival.

- Vhorkas
  Overlord of Zhantara",
it_plot_999,uti,LocalizedName,0,-1,Tester Item,
it_spec_df_arm,uti,LocalizedName,0,-1,Defender Armor,
it_spec_df_hlm,uti,LocalizedName,0,-1,Defender Helmet,
it_spec_gw_arm,uti,LocalizedName,0,-1,Golden Warrior Armor,
it_spec_gw_hlm,uti,LocalizedName,0,-1,Golden Warrior Helmet,
it_spec_gw_swo,uti,LocalizedName,0,-1,Golden Warrior Sword,
it_spec_hl_arm,uti,LocalizedName,0,-1,Healer Armor,
it_spec_hl_hlm,uti,LocalizedName,0,-1,Healer Helmet,
it_spec_sv_arm,uti,LocalizedName,0,-1,Savage Armor,
it_spec_sv_hlm,uti,LocalizedName,0,-1,Savage Helmet,
it_st_hench_bruk,uti,DescIdentified,0,-1,"[This statuette is carved in the likeness of an Imperial agent.  A small inscription at its base reads:

A slave I was, forced to kill,
My city freed by armies of good,
Still I serve, but not by force,
Loyalty drives my thirst for blood...

It is impossible to tell from the statuette's features who it is meant to represent...]",
it_st_hench_bruk,uti,LocalizedName,0,-1,Shadowguard Statuette,
it_st_hench_kara,uti,DescIdentified,0,-1,"[This statuette is carved in the likeness of an Imperial agent.  A small inscription at its base reads:

My mother would bend me to her will,
But I have escaped, my will my own,
Haunted always by the Dark Touch,
In my blood Death's embrace was sown...

It is impossible to tell from the statuette's features who it is meant to represent...]",
it_st_hench_kara,uti,LocalizedName,0,-1,Shadowguard Statuette,
it_st_hench_lyen,uti,DescIdentified,0,-1,"[This statuette is carved in the likeness of an Imperial agent.  A small inscription at its base reads:

My life was stolen,
To serve my slaver's will,
Escape I found in the dark of night,
But my sister I search for still...

It is impossible to tell from the statuette's features who it is meant to represent...]",
it_st_hench_lyen,uti,LocalizedName,0,-1,Shadowguard Statuette,
it_st_hench_mark,uti,DescIdentified,0,-1,"[This statuette is carved in the likeness of an Imperial agent.  A small inscription at its base reads:

My duty is my soul,
For Rakha I shall fight,
Until the day the Prophet falls,
For slaying my family in the night.

It is impossible to tell from the statuette's features who it is meant to represent...]",
it_st_hench_mark,uti,LocalizedName,0,-1,Shadowguard Statuette,
it_st_hench_tari,uti,DescIdentified,0,-1,"[This statuette is carved in the likeness of an Imperial agent.  A small inscription at its base reads:

A life lived by luck of the draw,
Misfortune sent me on the run,
Still I live by gambler's fortune,
For what is work if one can't have fun?

It is impossible to tell from the statuette's features who it is meant to represent...]",
it_st_hench_tari,uti,LocalizedName,0,-1,Shadowguard Statuette,
it_su_cr_pr,uti,DescIdentified,0,-1,For telling time.,
it_su_cr_pr,uti,LocalizedName,0,-1,Tester Summon Crimson Prophet,
it_su_hench_bruk,uti,DescIdentified,0,-1,For telling time.,
it_su_hench_bruk,uti,LocalizedName,0,-1,Tester Henchman Summon (BRUKUS),
it_su_hench_kara,uti,DescIdentified,0,-1,For telling time.,
it_su_hench_kara,uti,LocalizedName,0,-1,Tester Henchman Summon (KARA),
it_su_hench_lyen,uti,DescIdentified,0,-1,For telling time.,
it_su_hench_lyen,uti,LocalizedName,0,-1,Tester Henchman Summon (LYEN),
it_su_hench_mark,uti,DescIdentified,0,-1,For telling time.,
it_su_hench_mark,uti,LocalizedName,0,-1,Tester Henchman Summon (MARKIUS),
it_su_hench_tari,uti,DescIdentified,0,-1,For telling time.,
it_su_hench_tari,uti,LocalizedName,0,-1,Tester Henchman Summon (TARIN),
it_weap_arro_000,uti,LocalizedName,0,-1,IT_WEAP_ARRO_000,
it_weap_arro_001,uti,LocalizedName,0,-1,Arrow,
it_weap_arro_003,uti,LocalizedName,0,-1,Arrow,
it_weap_arro_004,uti,LocalizedName,0,-1,Arrow,
it_weap_arro_005,uti,LocalizedName,0,-1,Arrow,
it_weap_arro_006,uti,LocalizedName,0,-1,Arrow,
it_weap_arro_007,uti,LocalizedName,0,-1,Arrow,
it_weap_arro_008,uti,LocalizedName,0,-1,Arrow,
it_weap_arro_009,uti,LocalizedName,0,-1,Arrow,
it_weap_arro_010,uti,LocalizedName,0,-1,IT_WEAP_ARRO_010,
it_weap_arro_011,uti,LocalizedName,0,-1,Arrow,
it_weap_arro_012,uti,LocalizedName,0,-1,Arrow,
it_weap_arro_013,uti,LocalizedName,0,-1,Arrow,
it_weap_arro_014,uti,LocalizedName,0,-1,Arrow,
it_weap_arro_015,uti,LocalizedName,0,-1,Arrow,
it_weap_arro_016,uti,LocalizedName,0,-1,Arrow,
it_weap_arro_017,uti,LocalizedName,0,-1,Arrow,
it_weap_arro_018,uti,LocalizedName,0,-1,Arrow,
it_weap_arro_019,uti,LocalizedName,0,-1,Arrow,
it_weap_arro_020,uti,LocalizedName,0,-1,IT_WEAP_ARRO_020,
it_weap_arro_030,uti,LocalizedName,0,-1,IT_WEAP_ARRO_030,
it_weap_arro_040,uti,LocalizedName,0,-1,IT_WEAP_ARRO_040,
it_weap_baxe_000,uti,LocalizedName,0,-1,IT_WEAP_BAXE_000,
it_weap_baxe_001,uti,LocalizedName,0,-1,Battleaxe,
it_weap_baxe_010,uti,LocalizedName,0,-1,IT_WEAP_BAXE_010,
it_weap_baxe_011,uti,DescIdentified,0,-1,"Masterwork weapons are crafted to be perfectly balanced and weighted, allowing for a far greater control and accuracy in battle.",
it_weap_baxe_011,uti,LocalizedName,0,-1,Masterwork Battleaxe,
it_weap_baxe_020,uti,LocalizedName,0,-1,IT_WEAP_BAXE_020,
it_weap_baxe_030,uti,LocalizedName,0,-1,IT_WEAP_BAXE_030,
it_weap_baxe_031,uti,DescIdentified,0,-1,"This weapon is imbued with a minor magical enchantment.  While certainly uncommon, such enchantments are fairly easy to create for a magic user of moderate ability.",
it_weap_baxe_031,uti,LocalizedName,0,-1,Enchanted Battleaxe,
it_weap_baxe_040,uti,LocalizedName,0,-1,IT_WEAP_BAXE_040,
it_weap_bolt_000,uti,LocalizedName,0,-1,IT_WEAP_BOLT_000,
it_weap_bolt_001,uti,LocalizedName,0,-1,Bolt,
it_weap_bolt_003,uti,LocalizedName,0,-1,Bolt,
it_weap_bolt_004,uti,LocalizedName,0,-1,Bolt,
it_weap_bolt_005,uti,LocalizedName,0,-1,Bolt,
it_weap_bolt_006,uti,LocalizedName,0,-1,Bolt,
it_weap_bolt_007,uti,LocalizedName,0,-1,Bolt,
it_weap_bolt_008,uti,LocalizedName,0,-1,Bolt,
it_weap_bolt_009,uti,LocalizedName,0,-1,Bolt,
it_weap_bolt_010,uti,LocalizedName,0,-1,IT_WEAP_BOLT_010,
it_weap_bolt_011,uti,LocalizedName,0,-1,Bolt,
it_weap_bolt_012,uti,LocalizedName,0,-1,Bolt,
it_weap_bolt_013,uti,LocalizedName,0,-1,Bolt,
it_weap_bolt_014,uti,LocalizedName,0,-1,Bolt,
it_weap_bolt_015,uti,LocalizedName,0,-1,Bolt,
it_weap_bolt_016,uti,LocalizedName,0,-1,Bolt,
it_weap_bolt_017,uti,LocalizedName,0,-1,Bolt,
it_weap_bolt_018,uti,LocalizedName,0,-1,Bolt,
it_weap_bolt_019,uti,LocalizedName,0,-1,Bolt,
it_weap_bolt_020,uti,LocalizedName,0,-1,IT_WEAP_BOLT_020,
it_weap_bolt_021,uti,LocalizedName,0,-1,Bolt,
it_weap_bolt_022,uti,LocalizedName,0,-1,Bolt,
it_weap_bolt_030,uti,LocalizedName,0,-1,IT_WEAP_BOLT_030,
it_weap_bolt_040,uti,LocalizedName,0,-1,IT_WEAP_BOLT_040,
it_weap_bswo_000,uti,LocalizedName,0,-1,IT_WEAP_BSWO_000,
it_weap_bswo_001,uti,LocalizedName,0,-1,Bastard Sword,
it_weap_bswo_010,uti,LocalizedName,0,-1,IT_WEAP_BSWO_010,
it_weap_bswo_011,uti,DescIdentified,0,-1,"Masterwork weapons are crafted to be perfectly balanced and weighted, allowing for a far greater control and accuracy in battle.",
it_weap_bswo_011,uti,LocalizedName,0,-1,Masterwork Bastard Sword,
it_weap_bswo_020,uti,LocalizedName,0,-1,IT_WEAP_BSWO_020,
it_weap_bswo_030,uti,LocalizedName,0,-1,IT_WEAP_BSWO_030,
it_weap_bswo_031,uti,DescIdentified,0,-1,"This weapon is imbued with a minor magical enchantment.  While certainly uncommon, such enchantments are fairly easy to create for a magic user of moderate ability.",
it_weap_bswo_031,uti,LocalizedName,0,-1,Enchanted Bastard Sword,
it_weap_bswo_040,uti,LocalizedName,0,-1,IT_WEAP_BSWO_040,
it_weap_bswo_901,uti,DescIdentified,0,-1,Blade of Rakha.,
it_weap_bswo_901,uti,LocalizedName,0,-1,Blade of Rakha,
it_weap_bull_000,uti,LocalizedName,0,-1,IT_WEAP_BULL_000,
it_weap_bull_001,uti,LocalizedName,0,-1,Bullet,
it_weap_bull_010,uti,LocalizedName,0,-1,IT_WEAP_BULL_010,
it_weap_bull_020,uti,LocalizedName,0,-1,IT_WEAP_BULL_020,
it_weap_bull_030,uti,LocalizedName,0,-1,IT_WEAP_BULL_030,
it_weap_bull_040,uti,LocalizedName,0,-1,IT_WEAP_BULL_040,
it_weap_club_000,uti,LocalizedName,0,-1,IT_WEAP_CLUB_000,
it_weap_club_001,uti,LocalizedName,0,-1,Club,
it_weap_club_010,uti,LocalizedName,0,-1,IT_WEAP_CLUB_010,
it_weap_club_011,uti,DescIdentified,0,-1,"Weighted weapons are crafted to be perfectly balanced, allowing for a far greater efficiency in battle.",
it_weap_club_011,uti,LocalizedName,0,-1,Weighted Club,
it_weap_club_020,uti,LocalizedName,0,-1,IT_WEAP_CLUB_020,
it_weap_club_030,uti,LocalizedName,0,-1,IT_WEAP_CLUB_030,
it_weap_club_031,uti,DescIdentified,0,-1,"This weapon is imbued with a minor magical enchantment.  While certainly uncommon, such enchantments are fairly easy to create for a magic user of moderate ability.",
it_weap_club_031,uti,LocalizedName,0,-1,Enchanted Club,
it_weap_club_040,uti,LocalizedName,0,-1,IT_WEAP_CLUB_040,
it_weap_dagg_000,uti,LocalizedName,0,-1,IT_WEAP_DAGG_000,
it_weap_dagg_001,uti,LocalizedName,0,-1,Dagger,
it_weap_dagg_010,uti,LocalizedName,0,-1,IT_WEAP_DAGG_010,
it_weap_dagg_011,uti,DescIdentified,0,-1,"Masterwork weapons are crafted to be perfectly balanced and weighted, allowing for a far greater control and accuracy in battle.",
it_weap_dagg_011,uti,LocalizedName,0,-1,Masterwork Dagger,
it_weap_dagg_020,uti,LocalizedName,0,-1,IT_WEAP_DAGG_020,
it_weap_dagg_030,uti,LocalizedName,0,-1,IT_WEAP_DAGG_030,
it_weap_dagg_031,uti,DescIdentified,0,-1,"This weapon is imbued with a minor magical enchantment.  While certainly uncommon, such enchantments are fairly easy to create for a magic user of moderate ability.",
it_weap_dagg_031,uti,LocalizedName,0,-1,Enchanted Dagger,
it_weap_dagg_040,uti,LocalizedName,0,-1,IT_WEAP_DAGG_040,
it_weap_dagg_061,uti,DescIdentified,0,-1,"Sharpened to razor perfection, this magical dagger can pierce through the toughest of armors with ease...",
it_weap_dagg_061,uti,LocalizedName,0,-1,Slasher,
it_weap_dart_000,uti,LocalizedName,0,-1,IT_WEAP_DART_000,
it_weap_dart_001,uti,LocalizedName,0,-1,Dart,
it_weap_dart_003,uti,DescIdentified,0,-1,"This weapon is imbued with a minor magical enchantment.  While certainly uncommon, such enchantments are fairly easy to create for a magic user of moderate ability.",
it_weap_dart_003,uti,LocalizedName,0,-1,Enchanted Dart,
it_weap_dart_004,uti,DescIdentified,0,-1,"This weapon is imbued with a minor magical enchantment.  While certainly uncommon, such enchantments are fairly easy to create for a magic user of moderate ability.",
it_weap_dart_004,uti,LocalizedName,0,-1,Enchanted Dart,
it_weap_dart_010,uti,LocalizedName,0,-1,IT_WEAP_DART_010,
it_weap_dart_020,uti,LocalizedName,0,-1,IT_WEAP_DART_020,
it_weap_dart_030,uti,LocalizedName,0,-1,IT_WEAP_DART_030,
it_weap_dart_031,uti,DescIdentified,0,-1,"This weapon is imbued with a minor magical enchantment.  While certainly uncommon, such enchantments are fairly easy to create for a magic user of moderate ability.",
it_weap_dart_031,uti,LocalizedName,0,-1,Enchanted Dart,
it_weap_dart_040,uti,LocalizedName,0,-1,IT_WEAP_DART_040,
it_weap_daxe_000,uti,LocalizedName,0,-1,IT_WEAP_DAXE_000,
it_weap_daxe_001,uti,LocalizedName,0,-1,Double Axe,
it_weap_daxe_010,uti,LocalizedName,0,-1,IT_WEAP_DAXE_010,
it_weap_daxe_020,uti,LocalizedName,0,-1,IT_WEAP_DAXE_020,
it_weap_daxe_030,uti,LocalizedName,0,-1,IT_WEAP_DAXE_030,
it_weap_daxe_031,uti,DescIdentified,0,-1,"This weapon is imbued with a minor magical enchantment.  While certainly uncommon, such enchantments are fairly easy to create for a magic user of moderate ability.",
it_weap_daxe_031,uti,LocalizedName,0,-1,Enchanted Double Axe,
it_weap_daxe_040,uti,LocalizedName,0,-1,IT_WEAP_DAXE_040,
it_weap_dmac_000,uti,LocalizedName,0,-1,IT_WEAP_DMAC_000,
it_weap_dmac_001,uti,LocalizedName,0,-1,Dire Mace,
it_weap_dmac_010,uti,LocalizedName,0,-1,IT_WEAP_DMAC_010,
it_weap_dmac_020,uti,LocalizedName,0,-1,IT_WEAP_DMAC_020,
it_weap_dmac_030,uti,LocalizedName,0,-1,IT_WEAP_DMAC_030,
it_weap_dmac_031,uti,DescIdentified,0,-1,"This weapon is imbued with a minor magical enchantment.  While certainly uncommon, such enchantments are fairly easy to create for a magic user of moderate ability.",
it_weap_dmac_031,uti,LocalizedName,0,-1,Enchanted Dire Mace,
it_weap_dmac_040,uti,LocalizedName,0,-1,IT_WEAP_DMAC_040,
it_weap_gaxe_000,uti,LocalizedName,0,-1,IT_WEAP_GAXE_000,
it_weap_gaxe_001,uti,LocalizedName,0,-1,Greataxe,
it_weap_gaxe_003,uti,LocalizedName,0,-1,Masterwork Greataxe,
it_weap_gaxe_004,uti,DescIdentified,0,-1,"This weapon is imbued with a minor magical enchantment.  While certainly uncommon, such enchantments are fairly easy to create for a magic user of moderate ability.",
it_weap_gaxe_004,uti,LocalizedName,0,-1,Enchanted Greataxe,
it_weap_gaxe_005,uti,DescIdentified,0,-1,"This weapon is imbued with a minor magical enchantment.  While certainly uncommon, such enchantments are fairly easy to create for a magic user of moderate ability.",
it_weap_gaxe_005,uti,LocalizedName,0,-1,Enchanted Greataxe,
it_weap_gaxe_006,uti,LocalizedName,0,-1,Masterwork Greataxe,
it_weap_gaxe_010,uti,LocalizedName,0,-1,IT_WEAP_GAXE_010,
it_weap_gaxe_011,uti,LocalizedName,0,-1,Masterwork Greataxe,
it_weap_gaxe_020,uti,LocalizedName,0,-1,IT_WEAP_GAXE_020,
it_weap_gaxe_030,uti,LocalizedName,0,-1,IT_WEAP_GAXE_030,
it_weap_gaxe_031,uti,DescIdentified,0,-1,"This weapon is imbued with a minor magical enchantment.  While certainly uncommon, such enchantments are fairly easy to create for a magic user of moderate ability.",
it_weap_gaxe_031,uti,LocalizedName,0,-1,Enchanted Greataxe,
it_weap_gaxe_040,uti,LocalizedName,0,-1,IT_WEAP_GAXE_040,
it_weap_gswo_000,uti,LocalizedName,0,-1,IT_WEAP_GSWO_000,
it_weap_gswo_001,uti,LocalizedName,0,-1,Greatsword,
it_weap_gswo_003,uti,LocalizedName,0,-1,Greatsword,
it_weap_gswo_004,uti,LocalizedName,0,-1,Greatsword,
it_weap_gswo_005,uti,LocalizedName,0,-1,Greatsword,
it_weap_gswo_010,uti,LocalizedName,0,-1,IT_WEAP_GSWO_010,
it_weap_gswo_011,uti,DescIdentified,0,-1,"Masterwork weapons are crafted to be perfectly balanced and weighted, allowing for a far greater control and accuracy in battle.",
it_weap_gswo_011,uti,LocalizedName,0,-1,Masterwork Greatsword,
it_weap_gswo_020,uti,LocalizedName,0,-1,IT_WEAP_GSWO_020,
it_weap_gswo_030,uti,LocalizedName,0,-1,IT_WEAP_GSWO_030,
it_weap_gswo_031,uti,DescIdentified,0,-1,"This weapon is imbued with a minor magical enchantment.  While certainly uncommon, such enchantments are fairly easy to create for a magic user of moderate ability.",
it_weap_gswo_031,uti,LocalizedName,0,-1,Enchanted Greatsword,
it_weap_gswo_040,uti,LocalizedName,0,-1,IT_WEAP_GSWO_040,
it_weap_halb_000,uti,LocalizedName,0,-1,IT_WEAP_HALB_000,
it_weap_halb_001,uti,LocalizedName,0,-1,Halberd,
it_weap_halb_003,uti,LocalizedName,0,-1,Halberd,
it_weap_halb_004,uti,LocalizedName,0,-1,Halberd,
it_weap_halb_005,uti,LocalizedName,0,-1,Halberd,
it_weap_halb_006,uti,LocalizedName,0,-1,Halberd,
it_weap_halb_007,uti,LocalizedName,0,-1,Halberd,
it_weap_halb_008,uti,LocalizedName,0,-1,Halberd,
it_weap_halb_009,uti,LocalizedName,0,-1,Halberd,
it_weap_halb_010,uti,LocalizedName,0,-1,IT_WEAP_HALB_010,
it_weap_halb_011,uti,DescIdentified,0,-1,"Masterwork weapons are crafted to be perfectly balanced and weighted, allowing for a far greater control and accuracy in battle.",
it_weap_halb_011,uti,LocalizedName,0,-1,Masterwork Halberd,
it_weap_halb_020,uti,LocalizedName,0,-1,IT_WEAP_HALB_020,
it_weap_halb_030,uti,LocalizedName,0,-1,IT_WEAP_HALB_030,
it_weap_halb_031,uti,DescIdentified,0,-1,"This weapon is imbued with a minor magical enchantment.  While certainly uncommon, such enchantments are fairly easy to create for a magic user of moderate ability.",
it_weap_halb_031,uti,LocalizedName,0,-1,Enchanted Halberd,
it_weap_halb_040,uti,LocalizedName,0,-1,IT_WEAP_HALB_040,
it_weap_haxe_000,uti,LocalizedName,0,-1,IT_WEAP_HAXE_000,
it_weap_haxe_001,uti,LocalizedName,0,-1,Handaxe,
it_weap_haxe_003,uti,DescIdentified,0,-1,"Masterwork weapons are crafted to be perfectly balanced and weighted, allowing for a far greater control and accuracy in battle.",
it_weap_haxe_003,uti,LocalizedName,0,-1,Masterwork Handaxe,
it_weap_haxe_004,uti,DescIdentified,0,-1,"This weapon is imbued with a minor magical enchantment.  While certainly uncommon, such enchantments are fairly easy to create for a magic user of moderate ability.",
it_weap_haxe_004,uti,LocalizedName,0,-1,Enchanted Handaxe,
it_weap_haxe_005,uti,DescIdentified,0,-1,"Masterwork weapons are crafted to be perfectly balanced and weighted, allowing for a far greater control and accuracy in battle.",
it_weap_haxe_005,uti,LocalizedName,0,-1,Masterwork Handaxe,
it_weap_haxe_006,uti,DescIdentified,0,-1,"This weapon is imbued with a minor magical enchantment.  While certainly uncommon, such enchantments are fairly easy to create for a magic user of moderate ability.",
it_weap_haxe_006,uti,LocalizedName,0,-1,Enchanted Handaxe,
it_weap_haxe_007,uti,DescIdentified,0,-1,"Masterwork weapons are crafted to be perfectly balanced and weighted, allowing for a far greater control and accuracy in battle.",
it_weap_haxe_007,uti,LocalizedName,0,-1,Masterwork Handaxe,
it_weap_haxe_008,uti,DescIdentified,0,-1,"This weapon is imbued with a minor magical enchantment.  While certainly uncommon, such enchantments are fairly easy to create for a magic user of moderate ability.",
it_weap_haxe_008,uti,LocalizedName,0,-1,Enchanted Handaxe,
it_weap_haxe_009,uti,DescIdentified,0,-1,"Masterwork weapons are crafted to be perfectly balanced and weighted, allowing for a far greater control and accuracy in battle.",
it_weap_haxe_009,uti,LocalizedName,0,-1,Masterwork Handaxe,
it_weap_haxe_010,uti,LocalizedName,0,-1,IT_WEAP_HAXE_010,
it_weap_haxe_011,uti,DescIdentified,0,-1,"Masterwork weapons are crafted to be perfectly balanced and weighted, allowing for a far greater control and accuracy in battle.",
it_weap_haxe_011,uti,LocalizedName,0,-1,Masterwork Handaxe,
it_weap_haxe_012,uti,DescIdentified,0,-1,"This weapon is imbued with a minor magical enchantment.  While certainly uncommon, such enchantments are fairly easy to create for a magic user of moderate ability.",
it_weap_haxe_012,uti,LocalizedName,0,-1,Enchanted Handaxe,
it_weap_haxe_013,uti,DescIdentified,0,-1,"Masterwork weapons are crafted to be perfectly balanced and weighted, allowing for a far greater control and accuracy in battle.",
it_weap_haxe_013,uti,LocalizedName,0,-1,Masterwork Handaxe,
it_weap_haxe_014,uti,DescIdentified,0,-1,"This weapon is imbued with a minor magical enchantment.  While certainly uncommon, such enchantments are fairly easy to create for a magic user of moderate ability.",
it_weap_haxe_014,uti,LocalizedName,0,-1,Enchanted Handaxe,
it_weap_haxe_015,uti,DescIdentified,0,-1,"Masterwork weapons are crafted to be perfectly balanced and weighted, allowing for a far greater control and accuracy in battle.",
it_weap_haxe_015,uti,LocalizedName,0,-1,Masterwork Handaxe,
it_weap_haxe_016,uti,DescIdentified,0,-1,"This weapon is imbued with a minor magical enchantment.  While certainly uncommon, such enchantments are fairly easy to create for a magic user of moderate ability.",
it_weap_haxe_016,uti,LocalizedName,0,-1,Enchanted Handaxe,
it_weap_haxe_020,uti,LocalizedName,0,-1,IT_WEAP_HAXE_020,
it_weap_haxe_030,uti,LocalizedName,0,-1,IT_WEAP_HAXE_030,
it_weap_haxe_031,uti,DescIdentified,0,-1,"This weapon is imbued with a minor magical enchantment.  While certainly uncommon, such enchantments are fairly easy to create for a magic user of moderate ability.",
it_weap_haxe_031,uti,LocalizedName,0,-1,Enchanted Handaxe,
it_weap_haxe_040,uti,LocalizedName,0,-1,IT_WEAP_HAXE_040,
it_weap_hcro_000,uti,LocalizedName,0,-1,IT_WEAP_HCRO_000,
it_weap_hcro_001,uti,LocalizedName,0,-1,Heavy Crossbow,
it_weap_hcro_003,uti,LocalizedName,0,-1,Heavy Crossbow,
it_weap_hcro_004,uti,LocalizedName,0,-1,Heavy Crossbow,
it_weap_hcro_010,uti,LocalizedName,0,-1,IT_WEAP_HCRO_010,
it_weap_hcro_020,uti,LocalizedName,0,-1,IT_WEAP_HCRO_020,
it_weap_hcro_030,uti,LocalizedName,0,-1,IT_WEAP_HCRO_030,
it_weap_hcro_040,uti,LocalizedName,0,-1,IT_WEAP_HCRO_040,
it_weap_hfla_000,uti,LocalizedName,0,-1,IT_WEAP_HFLA_000,
it_weap_hfla_001,uti,LocalizedName,0,-1,Heavy Flail,
it_weap_hfla_003,uti,LocalizedName,0,-1,Heavy Flail,
it_weap_hfla_010,uti,LocalizedName,0,-1,IT_WEAP_HFLA_010,
it_weap_hfla_011,uti,DescIdentified,0,-1,"Masterwork weapons are crafted to be perfectly balanced and weighted, allowing for a far greater control and accuracy in battle.",
it_weap_hfla_011,uti,LocalizedName,0,-1,Masterwork Heavy Flail,
it_weap_hfla_020,uti,LocalizedName,0,-1,IT_WEAP_HFLA_020,
it_weap_hfla_030,uti,LocalizedName,0,-1,IT_WEAP_HFLA_030,
it_weap_hfla_031,uti,DescIdentified,0,-1,"This weapon is imbued with a minor magical enchantment.  While certainly uncommon, such enchantments are fairly easy to create for a magic user of moderate ability.",
it_weap_hfla_031,uti,LocalizedName,0,-1,Enchanted Heavy Flail,
it_weap_hfla_040,uti,LocalizedName,0,-1,IT_WEAP_HFLA_040,
it_weap_kama_000,uti,LocalizedName,0,-1,IT_WEAP_KAMA_000,
it_weap_kama_001,uti,LocalizedName,0,-1,Kama,
it_weap_kama_010,uti,LocalizedName,0,-1,IT_WEAP_KAMA_010,
it_weap_kama_020,uti,LocalizedName,0,-1,IT_WEAP_KAMA_020,
it_weap_kama_030,uti,LocalizedName,0,-1,IT_WEAP_KAMA_030,
it_weap_kama_031,uti,DescIdentified,0,-1,"This weapon is imbued with a minor magical enchantment.  While certainly uncommon, such enchantments are fairly easy to create for a magic user of moderate ability.",
it_weap_kama_031,uti,LocalizedName,0,-1,Enchanted Kama,
it_weap_kama_040,uti,LocalizedName,0,-1,IT_WEAP_KAMA_040,
it_weap_kata_000,uti,LocalizedName,0,-1,IT_WEAP_KATA_000,
it_weap_kata_001,uti,LocalizedName,0,-1,Katana,
it_weap_kata_010,uti,LocalizedName,0,-1,IT_WEAP_KATA_010,
it_weap_kata_011,uti,DescIdentified,0,-1,"Masterwork weapons are crafted to be perfectly balanced and weighted, allowing for a far greater control and accuracy in battle.",
it_weap_kata_011,uti,LocalizedName,0,-1,Masterwork Katana,
it_weap_kata_020,uti,LocalizedName,0,-1,IT_WEAP_KATA_020,
it_weap_kata_030,uti,LocalizedName,0,-1,IT_WEAP_KATA_030,
it_weap_kata_031,uti,DescIdentified,0,-1,"This weapon is imbued with a minor magical enchantment.  While certainly uncommon, such enchantments are fairly easy to create for a magic user of moderate ability.",
it_weap_kata_031,uti,LocalizedName,0,-1,Enchanted Katana,
it_weap_kata_040,uti,LocalizedName,0,-1,IT_WEAP_KATA_040,
it_weap_kukr_000,uti,LocalizedName,0,-1,IT_WEAP_KUKR_000,
it_weap_kukr_001,uti,LocalizedName,0,-1,Kukri,
it_weap_kukr_010,uti,LocalizedName,0,-1,IT_WEAP_KUKR_010,
it_weap_kukr_020,uti,LocalizedName,0,-1,IT_WEAP_KUKR_020,
it_weap_kukr_030,uti,LocalizedName,0,-1,IT_WEAP_KUKR_030,
it_weap_kukr_031,uti,DescIdentified,0,-1,"This weapon is imbued with a minor magical enchantment.  While certainly uncommon, such enchantments are fairly easy to create for a magic user of moderate ability.",
it_weap_kukr_031,uti,LocalizedName,0,-1,Enchanted Kukri,
it_weap_kukr_040,uti,LocalizedName,0,-1,IT_WEAP_KUKR_040,
it_weap_lbow_000,uti,LocalizedName,0,-1,IT_WEAP_LBOW_000,
it_weap_lbow_001,uti,LocalizedName,0,-1,Longbow,
it_weap_lbow_003,uti,LocalizedName,0,-1,Longbow,
it_weap_lbow_004,uti,LocalizedName,0,-1,Longbow,
it_weap_lbow_010,uti,LocalizedName,0,-1,IT_WEAP_LBOW_010,
it_weap_lbow_020,uti,LocalizedName,0,-1,IT_WEAP_LBOW_020,
it_weap_lbow_030,uti,LocalizedName,0,-1,IT_WEAP_LBOW_030,
it_weap_lbow_040,uti,LocalizedName,0,-1,IT_WEAP_LBOW_040,
it_weap_lcro_000,uti,LocalizedName,0,-1,IT_WEAP_LCRO_000,
it_weap_lcro_001,uti,LocalizedName,0,-1,Light Crossbow,
it_weap_lcro_003,uti,LocalizedName,0,-1,Light Crossbow,
it_weap_lcro_004,uti,LocalizedName,0,-1,Light Crossbow,
it_weap_lcro_010,uti,LocalizedName,0,-1,IT_WEAP_LCRO_010,
it_weap_lcro_020,uti,LocalizedName,0,-1,IT_WEAP_LCRO_020,
it_weap_lcro_030,uti,LocalizedName,0,-1,IT_WEAP_LCRO_030,
it_weap_lcro_040,uti,LocalizedName,0,-1,IT_WEAP_LCRO_040,
it_weap_lcro_071,uti,DescIdentified,0,-1,"Covered in a dizzying array of runes and ensorcellments, this crossbow has been enchanted to fire magical bolts, thus eliminating the need to carry one's own ammunition.",
it_weap_lcro_071,uti,LocalizedName,0,-1,Enruned Crossbow,
it_weap_lfla_000,uti,LocalizedName,0,-1,IT_WEAP_LFLA_000,
it_weap_lfla_001,uti,LocalizedName,0,-1,Light Flail,
it_weap_lfla_010,uti,LocalizedName,0,-1,IT_WEAP_LFLA_010,
it_weap_lfla_011,uti,DescIdentified,0,-1,"Masterwork weapons are crafted to be perfectly balanced and weighted, allowing for a far greater control and accuracy in battle.",
it_weap_lfla_011,uti,LocalizedName,0,-1,Masterwork Light Flail,
it_weap_lfla_020,uti,LocalizedName,0,-1,IT_WEAP_LFLA_020,
it_weap_lfla_030,uti,LocalizedName,0,-1,IT_WEAP_LFLA_030,
it_weap_lfla_031,uti,DescIdentified,0,-1,"This weapon is imbued with a minor magical enchantment.  While certainly uncommon, such enchantments are fairly easy to create for a magic user of moderate ability.",
it_weap_lfla_031,uti,LocalizedName,0,-1,Enchanted Light Flail,
it_weap_lfla_032,uti,DescIdentified,0,-1,"Forged by the dark priests of Akhana, Mistress of Death, Doombringer harnesses the terrible wrath of the Mother of Darkness within its steel frame.  Any unfortunate enough to fall under its path rarely live to regret it...",
it_weap_lfla_032,uti,LocalizedName,0,-1,Doombringer,
it_weap_lfla_040,uti,LocalizedName,0,-1,IT_WEAP_LFLA_040,
it_weap_lham_000,uti,LocalizedName,0,-1,IT_WEAP_LHAM_000,
it_weap_lham_001,uti,LocalizedName,0,-1,Light Hammer,
it_weap_lham_010,uti,LocalizedName,0,-1,IT_WEAP_LHAM_010,
it_weap_lham_011,uti,DescIdentified,0,-1,"Masterwork weapons are crafted to be perfectly balanced and weighted, allowing for a far greater control and accuracy in battle.",
it_weap_lham_011,uti,LocalizedName,0,-1,Masterwork Light Hammer,
it_weap_lham_020,uti,LocalizedName,0,-1,IT_WEAP_LHAM_020,
it_weap_lham_030,uti,LocalizedName,0,-1,IT_WEAP_LHAM_030,
it_weap_lham_031,uti,DescIdentified,0,-1,"This weapon is imbued with a minor magical enchantment.  While certainly uncommon, such enchantments are fairly easy to create for a magic user of moderate ability.",
it_weap_lham_031,uti,LocalizedName,0,-1,Enchanted Light Hammer,
it_weap_lham_040,uti,LocalizedName,0,-1,IT_WEAP_LHAM_040,
it_weap_lswo_000,uti,LocalizedName,0,-1,IT_WEAP_LSWO_000,
it_weap_lswo_001,uti,LocalizedName,0,-1,Longsword,
it_weap_lswo_003,uti,DescIdentified,0,-1,"Masterwork weapons are crafted to be perfectly balanced and weighted, allowing for a far greater control and accuracy in battle.",
it_weap_lswo_003,uti,LocalizedName,0,-1,Masterwork Longsword,
it_weap_lswo_004,uti,DescIdentified,0,-1,"Masterwork weapons are crafted to be perfectly balanced and weighted, allowing for a far greater control and accuracy in battle.",
it_weap_lswo_004,uti,LocalizedName,0,-1,Masterwork Longsword,
it_weap_lswo_010,uti,LocalizedName,0,-1,IT_WEAP_LSWO_010,
it_weap_lswo_011,uti,DescIdentified,0,-1,"Masterwork weapons are crafted to be perfectly balanced and weighted, allowing for a far greater control and accuracy in battle.",
it_weap_lswo_011,uti,LocalizedName,0,-1,Masterwork Longsword,
it_weap_lswo_020,uti,LocalizedName,0,-1,IT_WEAP_LSWO_020,
it_weap_lswo_030,uti,LocalizedName,0,-1,IT_WEAP_LSWO_030,
it_weap_lswo_031,uti,DescIdentified,0,-1,"This weapon is imbued with a minor magical enchantment.  While certainly uncommon, such enchantments are fairly easy to create for a magic user of moderate ability.",
it_weap_lswo_031,uti,LocalizedName,0,-1,Enchanted Longsword,
it_weap_lswo_040,uti,LocalizedName,0,-1,IT_WEAP_LSWO_040,
it_weap_mace_000,uti,LocalizedName,0,-1,IT_WEAP_MACE_000,
it_weap_mace_001,uti,LocalizedName,0,-1,Mace,
it_weap_mace_010,uti,LocalizedName,0,-1,IT_WEAP_MACE_010,
it_weap_mace_011,uti,DescIdentified,0,-1,"Masterwork weapons are crafted to be perfectly balanced and weighted, allowing for a far greater control and accuracy in battle.",
it_weap_mace_011,uti,LocalizedName,0,-1,Masterwork Mace,
it_weap_mace_020,uti,LocalizedName,0,-1,IT_WEAP_MACE_020,
it_weap_mace_030,uti,LocalizedName,0,-1,IT_WEAP_MACE_030,
it_weap_mace_031,uti,DescIdentified,0,-1,"This weapon is imbued with a minor magical enchantment.  While certainly uncommon, such enchantments are fairly easy to create for a magic user of moderate ability.",
it_weap_mace_031,uti,LocalizedName,0,-1,Enchanted Mace,
it_weap_mace_040,uti,LocalizedName,0,-1,IT_WEAP_MACE_040,
it_weap_morn_000,uti,LocalizedName,0,-1,IT_WEAP_MORN_000,
it_weap_morn_001,uti,LocalizedName,0,-1,Morningstar,
it_weap_morn_003,uti,DescIdentified,0,-1,"Masterwork weapons are crafted to be perfectly balanced and weighted, allowing for a far greater control and accuracy in battle.",
it_weap_morn_003,uti,LocalizedName,0,-1,Masterwork Morningstar,
it_weap_morn_004,uti,DescIdentified,0,-1,"Masterwork weapons are crafted to be perfectly balanced and weighted, allowing for a far greater control and accuracy in battle.",
it_weap_morn_004,uti,LocalizedName,0,-1,Masterwork Morningstar,
it_weap_morn_010,uti,LocalizedName,0,-1,IT_WEAP_MORN_010,
it_weap_morn_011,uti,DescIdentified,0,-1,"Masterwork weapons are crafted to be perfectly balanced and weighted, allowing for a far greater control and accuracy in battle.",
it_weap_morn_011,uti,LocalizedName,0,-1,Masterwork Morningstar,
it_weap_morn_020,uti,LocalizedName,0,-1,IT_WEAP_MORN_020,
it_weap_morn_030,uti,LocalizedName,0,-1,IT_WEAP_MORN_030,
it_weap_morn_031,uti,DescIdentified,0,-1,"This weapon is imbued with a minor magical enchantment.  While certainly uncommon, such enchantments are fairly easy to create for a magic user of moderate ability.",
it_weap_morn_031,uti,LocalizedName,0,-1,Enchanted Morningstar,
it_weap_morn_040,uti,LocalizedName,0,-1,IT_WEAP_MORN_040,
it_weap_mrod_000,uti,LocalizedName,0,-1,IT_WEAP_MROD_000,
it_weap_mrod_010,uti,LocalizedName,0,-1,IT_WEAP_MROD_010,
it_weap_mrod_020,uti,LocalizedName,0,-1,IT_WEAP_MROD_020,
it_weap_mrod_030,uti,LocalizedName,0,-1,IT_WEAP_MROD_030,
it_weap_mrod_040,uti,LocalizedName,0,-1,IT_WEAP_MROD_040,
it_weap_msta_000,uti,LocalizedName,0,-1,IT_WEAP_MSTA_000,
it_weap_msta_001,uti,DescIdentified,0,-1,"Typically crafted for apprentices early in their training, these staves allow a young magic user to protect themselves from danger.",
it_weap_msta_001,uti,LocalizedName,0,-1,Apprentice's Staff,
it_weap_msta_003,uti,LocalizedName,0,-1,Rahka's Staff,
it_weap_msta_004,uti,LocalizedName,0,-1,Rahka's Staff,
it_weap_msta_005,uti,LocalizedName,0,-1,Rahka's Staff,
it_weap_msta_006,uti,LocalizedName,0,-1,Custom Sorceror's Staff,
it_weap_msta_010,uti,LocalizedName,0,-1,IT_WEAP_MSTA_010,
it_weap_msta_020,uti,LocalizedName,0,-1,IT_WEAP_MSTA_020,
it_weap_msta_030,uti,LocalizedName,0,-1,IT_WEAP_MSTA_030,
it_weap_msta_040,uti,LocalizedName,0,-1,IT_WEAP_MSTA_040,
it_weap_msta_041,uti,DescIdentified,0,-1,"Imbued with capable runes of protection, this staff grants its master a greater defense in battle.",
it_weap_msta_041,uti,LocalizedName,0,-1,Staff of Defense,
it_weap_msta_042,uti,DescIdentified,0,-1,"Given to magic users when they reach the rank of adept, these staves greatly increase the efficiency of a spellcaster's power.",
it_weap_msta_042,uti,LocalizedName,0,-1,Adept's Staff,
it_weap_msta_301,uti,DescIdentified,0,-1,"Upon completion of training as an initiate into the magical arts, these staves are often given to promising students as reward for their increasing mastery over the arcane.",
it_weap_msta_301,uti,LocalizedName,0,-1,Initiate's Staff,
it_weap_msta_900,uti,LocalizedName,0,-1,IT_WEAP_MSTA_900,
it_weap_msta_901,uti,LocalizedName,0,-1,Custom Sorceror's Staff,
it_weap_msta_902,uti,LocalizedName,0,-1,Rahka's Staff,
it_weap_mwan_000,uti,LocalizedName,0,-1,IT_WEAP_MWAN_000,
it_weap_mwan_010,uti,LocalizedName,0,-1,IT_WEAP_MWAN_010,
it_weap_mwan_020,uti,LocalizedName,0,-1,IT_WEAP_MWAN_020,
it_weap_mwan_030,uti,LocalizedName,0,-1,IT_WEAP_MWAN_030,
it_weap_mwan_040,uti,LocalizedName,0,-1,IT_WEAP_MWAN_040,
it_weap_quar_000,uti,LocalizedName,0,-1,IT_WEAP_QUAR_000,
it_weap_quar_001,uti,LocalizedName,0,-1,Quarterstaff,
it_weap_quar_010,uti,LocalizedName,0,-1,IT_WEAP_QUAR_010,
it_weap_quar_020,uti,LocalizedName,0,-1,IT_WEAP_QUAR_020,
it_weap_quar_030,uti,LocalizedName,0,-1,IT_WEAP_QUAR_030,
it_weap_quar_031,uti,DescIdentified,0,-1,"This weapon is imbued with a minor magical enchantment.  While certainly uncommon, such enchantments are fairly easy to create for a magic user of moderate ability.",
it_weap_quar_031,uti,LocalizedName,0,-1,Enchanted Quarterstaff,
it_weap_quar_040,uti,LocalizedName,0,-1,IT_WEAP_QUAR_040,
it_weap_rapi_000,uti,LocalizedName,0,-1,IT_WEAP_RAPI_000,
it_weap_rapi_001,uti,LocalizedName,0,-1,Rapier,
it_weap_rapi_010,uti,LocalizedName,0,-1,IT_WEAP_RAPI_010,
it_weap_rapi_011,uti,DescIdentified,0,-1,"Masterwork weapons are crafted to be perfectly balanced and weighted, allowing for a far greater control and accuracy in battle.",
it_weap_rapi_011,uti,LocalizedName,0,-1,Masterwork Rapier,
it_weap_rapi_020,uti,LocalizedName,0,-1,IT_WEAP_RAPI_020,
it_weap_rapi_030,uti,LocalizedName,0,-1,IT_WEAP_RAPI_030,
it_weap_rapi_031,uti,DescIdentified,0,-1,"This weapon is imbued with a minor magical enchantment.  While certainly uncommon, such enchantments are fairly easy to create for a magic user of moderate ability.",
it_weap_rapi_031,uti,LocalizedName,0,-1,Enchanted Rapier,
it_weap_rapi_040,uti,LocalizedName,0,-1,IT_WEAP_RAPI_040,
it_weap_sbow_000,uti,LocalizedName,0,-1,IT_WEAP_SBOW_000,
it_weap_sbow_001,uti,LocalizedName,0,-1,Shortbow,
it_weap_sbow_003,uti,LocalizedName,0,-1,Shortbow,
it_weap_sbow_004,uti,LocalizedName,0,-1,Shortbow,
it_weap_sbow_010,uti,LocalizedName,0,-1,IT_WEAP_SBOW_010,
it_weap_sbow_020,uti,LocalizedName,0,-1,IT_WEAP_SBOW_020,
it_weap_sbow_030,uti,LocalizedName,0,-1,IT_WEAP_SBOW_030,
it_weap_sbow_040,uti,LocalizedName,0,-1,IT_WEAP_SBOW_040,
it_weap_scim_000,uti,LocalizedName,0,-1,IT_WEAP_SCIM_000,
it_weap_scim_001,uti,LocalizedName,0,-1,Scimitar,
it_weap_scim_003,uti,LocalizedName,0,-1,Scimitar,
it_weap_scim_004,uti,LocalizedName,0,-1,Scimitar,
it_weap_scim_005,uti,LocalizedName,0,-1,Scimitar,
it_weap_scim_006,uti,LocalizedName,0,-1,Scimitar,
it_weap_scim_010,uti,LocalizedName,0,-1,IT_WEAP_SCIM_010,
it_weap_scim_011,uti,DescIdentified,0,-1,"Masterwork weapons are crafted to be perfectly balanced and weighted, allowing for a far greater control and accuracy in battle.",
it_weap_scim_011,uti,LocalizedName,0,-1,Masterwork Scimitar,
it_weap_scim_020,uti,LocalizedName,0,-1,IT_WEAP_SCIM_020,
it_weap_scim_030,uti,LocalizedName,0,-1,IT_WEAP_SCIM_030,
it_weap_scim_031,uti,DescIdentified,0,-1,"This weapon is imbued with a minor magical enchantment.  While certainly uncommon, such enchantments are fairly easy to create for a magic user of moderate ability.",
it_weap_scim_031,uti,LocalizedName,0,-1,Enchanted Scimitar,
it_weap_scim_040,uti,LocalizedName,0,-1,IT_WEAP_SCIM_040,
it_weap_scyt_000,uti,LocalizedName,0,-1,IT_WEAP_SCYT_000,
it_weap_scyt_001,uti,LocalizedName,0,-1,Scythe,
it_weap_scyt_010,uti,LocalizedName,0,-1,IT_WEAP_SCYT_010,
it_weap_scyt_011,uti,DescIdentified,0,-1,"Masterwork weapons are crafted to be perfectly balanced and weighted, allowing for a far greater control and accuracy in battle.",
it_weap_scyt_011,uti,LocalizedName,0,-1,Masterwork Scythe,
it_weap_scyt_020,uti,LocalizedName,0,-1,IT_WEAP_SCYT_020,
it_weap_scyt_030,uti,LocalizedName,0,-1,IT_WEAP_SCYT_030,
it_weap_scyt_031,uti,DescIdentified,0,-1,"This weapon is imbued with a minor magical enchantment.  While certainly uncommon, such enchantments are fairly easy to create for a magic user of moderate ability.",
it_weap_scyt_031,uti,LocalizedName,0,-1,Enchanted Scythe,
it_weap_scyt_040,uti,LocalizedName,0,-1,IT_WEAP_SCYT_040,
it_weap_shur_000,uti,LocalizedName,0,-1,IT_WEAP_SHUR_000,
it_weap_shur_001,uti,LocalizedName,0,-1,Shuriken,
it_weap_shur_010,uti,LocalizedName,0,-1,IT_WEAP_SHUR_010,
it_weap_shur_020,uti,LocalizedName,0,-1,IT_WEAP_SHUR_020,
it_weap_shur_030,uti,LocalizedName,0,-1,IT_WEAP_SHUR_030,
it_weap_shur_031,uti,DescIdentified,0,-1,"This weapon is imbued with a minor magical enchantment.  While certainly uncommon, such enchantments are fairly easy to create for a magic user of moderate ability.",
it_weap_shur_031,uti,LocalizedName,0,-1,Enchanted Shuriken,
it_weap_shur_040,uti,LocalizedName,0,-1,IT_WEAP_SHUR_040,
it_weap_sick_000,uti,LocalizedName,0,-1,IT_WEAP_SICK_000,
it_weap_sick_001,uti,LocalizedName,0,-1,Sickle,
it_weap_sick_010,uti,LocalizedName,0,-1,IT_WEAP_SICK_010,
it_weap_sick_020,uti,LocalizedName,0,-1,IT_WEAP_SICK_020,
it_weap_sick_030,uti,LocalizedName,0,-1,IT_WEAP_SICK_030,
it_weap_sick_031,uti,DescIdentified,0,-1,"This weapon is imbued with a minor magical enchantment.  While certainly uncommon, such enchantments are fairly easy to create for a magic user of moderate ability.",
it_weap_sick_031,uti,LocalizedName,0,-1,Enchanted Sickle,
it_weap_sick_040,uti,LocalizedName,0,-1,IT_WEAP_SICK_040,
it_weap_slin_000,uti,LocalizedName,0,-1,IT_WEAP_SLIN_000,
it_weap_slin_001,uti,LocalizedName,0,-1,Sling,
it_weap_slin_010,uti,LocalizedName,0,-1,IT_WEAP_SLIN_010,
it_weap_slin_020,uti,LocalizedName,0,-1,IT_WEAP_SLIN_020,
it_weap_slin_030,uti,LocalizedName,0,-1,IT_WEAP_SLIN_030,
it_weap_slin_040,uti,LocalizedName,0,-1,IT_WEAP_SLIN_040,
it_weap_spea_000,uti,LocalizedName,0,-1,IT_WEAP_SPEA_000,
it_weap_spea_001,uti,LocalizedName,0,-1,Spear,
it_weap_spea_010,uti,LocalizedName,0,-1,IT_WEAP_SPEA_010,
it_weap_spea_011,uti,DescIdentified,0,-1,"Masterwork weapons are crafted to be perfectly balanced and weighted, allowing for a far greater control and accuracy in battle.",
it_weap_spea_011,uti,LocalizedName,0,-1,Masterwork Spear,
it_weap_spea_020,uti,LocalizedName,0,-1,IT_WEAP_SPEA_020,
it_weap_spea_030,uti,LocalizedName,0,-1,IT_WEAP_SPEA_030,
it_weap_spea_031,uti,DescIdentified,0,-1,"This weapon is imbued with a minor magical enchantment.  While certainly uncommon, such enchantments are fairly easy to create for a magic user of moderate ability.",
it_weap_spea_031,uti,LocalizedName,0,-1,Enchanted Spear,
it_weap_spea_040,uti,LocalizedName,0,-1,IT_WEAP_SPEA_040,
it_weap_sswo_000,uti,LocalizedName,0,-1,IT_WEAP_SSWO_000,
it_weap_sswo_001,uti,LocalizedName,0,-1,Short Sword,
it_weap_sswo_003,uti,LocalizedName,0,-1,Short Sword,
it_weap_sswo_004,uti,LocalizedName,0,-1,Short Sword,
it_weap_sswo_010,uti,LocalizedName,0,-1,IT_WEAP_SSWO_010,
it_weap_sswo_011,uti,DescIdentified,0,-1,"Masterwork weapons are crafted to be perfectly balanced and weighted, allowing for a far greater control and accuracy in battle.",
it_weap_sswo_011,uti,LocalizedName,0,-1,Masterwork Short Sword,
it_weap_sswo_020,uti,LocalizedName,0,-1,IT_WEAP_SSWO_020,
it_weap_sswo_030,uti,LocalizedName,0,-1,IT_WEAP_SSWO_030,
it_weap_sswo_031,uti,DescIdentified,0,-1,"This weapon is imbued with a minor magical enchantment.  While certainly uncommon, such enchantments are fairly easy to create for a magic user of moderate ability.",
it_weap_sswo_031,uti,LocalizedName,0,-1,Enchanted Short Sword,
it_weap_sswo_040,uti,LocalizedName,0,-1,IT_WEAP_SSWO_040,
it_weap_sswo_041,uti,DescIdentified,0,-1,"Sporting a wickedly sharp blade, Ripper is crafted for the sole purpose of shredding far more easily through thin cloth and flesh.  In the hands of a skilled rogue, Ripper can be utilized to devastating effect against an unwary opponent...",
it_weap_sswo_041,uti,LocalizedName,0,-1,Ripper,
it_weap_taxe_000,uti,LocalizedName,0,-1,IT_WEAP_TAXE_000,
it_weap_taxe_001,uti,LocalizedName,0,-1,Throwing Axe,
it_weap_taxe_010,uti,LocalizedName,0,-1,IT_WEAP_TAXE_010,
it_weap_taxe_020,uti,LocalizedName,0,-1,IT_WEAP_TAXE_020,
it_weap_taxe_030,uti,LocalizedName,0,-1,IT_WEAP_TAXE_030,
it_weap_taxe_031,uti,DescIdentified,0,-1,"This weapon is imbued with a minor magical enchantment.  While certainly uncommon, such enchantments are fairly easy to create for a magic user of moderate ability.",
it_weap_taxe_031,uti,LocalizedName,0,-1,Enchanted Throwing Axe,
it_weap_taxe_040,uti,LocalizedName,0,-1,IT_WEAP_TAXE_040,
it_weap_tbsw_000,uti,LocalizedName,0,-1,IT_WEAP_TBSW_000,
it_weap_tbsw_001,uti,LocalizedName,0,-1,Two-Bladed Sword,
it_weap_tbsw_010,uti,LocalizedName,0,-1,IT_WEAP_TBSW_010,
it_weap_tbsw_020,uti,LocalizedName,0,-1,IT_WEAP_TBSW_020,
it_weap_tbsw_030,uti,LocalizedName,0,-1,IT_WEAP_TBSW_030,
it_weap_tbsw_031,uti,DescIdentified,0,-1,"This weapon is imbued with a minor magical enchantment.  While certainly uncommon, such enchantments are fairly easy to create for a magic user of moderate ability.",
it_weap_tbsw_031,uti,LocalizedName,0,-1,Enchanted Two-Bladed Sword,
it_weap_tbsw_040,uti,LocalizedName,0,-1,IT_WEAP_TBSW_040,
it_weap_tbsw_041,uti,DescIdentified,0,-1,"Perfectly balanced and weighted, Vak'ka was designed to be the ideal weapon for both attack and defense during a duel of blades.  Its light weight and double blades allow its weilder to easily counter most slashing attacks as well as deliver devastating damage against opponents.",
it_weap_tbsw_041,uti,LocalizedName,0,-1,Vak'ka,
it_weap_wham_000,uti,LocalizedName,0,-1,IT_WEAP_WHAM_000,
it_weap_wham_001,uti,LocalizedName,0,-1,Warhammer,
it_weap_wham_010,uti,LocalizedName,0,-1,IT_WEAP_WHAM_010,
it_weap_wham_011,uti,DescIdentified,0,-1,"Masterwork weapons are crafted to be perfectly balanced and weighted, allowing for a far greater control and accuracy in battle.",
it_weap_wham_011,uti,LocalizedName,0,-1,Masterwork Warhammer,
it_weap_wham_020,uti,LocalizedName,0,-1,IT_WEAP_WHAM_020,
it_weap_wham_030,uti,LocalizedName,0,-1,IT_WEAP_WHAM_030,
it_weap_wham_031,uti,DescIdentified,0,-1,"This weapon is imbued with a minor magical enchantment.  While certainly uncommon, such enchantments are fairly easy to create for a magic user of moderate ability.",
it_weap_wham_031,uti,LocalizedName,0,-1,Enchanted Warhammer,
it_weap_wham_040,uti,LocalizedName,0,-1,IT_WEAP_WHAM_040,
magerobes,uti,LocalizedName,0,-1,Enchanted Mage Robes,
sg_chronicles,uti,DescIdentified,0,-1,Instructor Jarvis gave you this book as a graduation present. It chronicles the history of the world of Abaran and the rise of the Sharakhan Empire to which you are subject.,
sg_chronicles,uti,LocalizedName,0,-1,The Chronicles of Abaran,
slave_pen_key,uti,DescIdentified,0,-1,This is the key to the Bloodhawk slave pens.,
slave_pen_key,uti,LocalizedName,0,-1,Slave Pen Key,
testhelmet,uti,LocalizedName,0,-1,Test Helmet,
