Resource,ResType,FieldPath,LangID,StrRef,TextEng,Text
aguidetozhentilk,uti,DescIdentified,0,-1,"The following is a partial list of terms and phrases commonly used by Zhents of all walks of life in the post-Razing era. 

Artists: Wizards. 

The Charmer: Since Mystra's name is still a forbidden word, the citizens use this term instead. 

Converts: Zhentilar deserters who decided not to fight for Cyric during the Razing. 

The Eclipse: Derisive term for Cyric, the Dark Sun. Adopted when he failed to save the city during the Razing. 

The Flow: Casual name for the Tesh River.

Good News: Slang term for a supply caravan that has entered the city; used especially during the Horse Stew Days. 

Himself or Hisself: Lord Orgauth, former ruler of the Keep. Mostly used by the lower classes. Now more commonly used to refer to Fzoul.

Horse Stew Days: Called this because the citizens began stealing horses and eating them when food became scarce. See the Lean Months.
 
Innocents: Anyone who comes to Zhentil Keep unaware that it has been razed. 

To Kiss: To seduce information out of someone. 

The Lean Months: The three months following the siege, where supplies became extremely scarce. 

Mask: A scam. 

The Pile: The dump, located outside the city. 

The Razing: The destruction of most of Zhentil Keep by white dragons, frost giants, and humanoid armies. Also applies to the months of the siege that followed. 

The Rookery: Street nickname for the Citadel of the Raven. 

Sodchuckers: Dalesfolk. 

Take Out the Garbage: Kill someone and deposit the body in the dump. 

Zhentish Desserts: Gruesome nickname given to the frozen corpses that washed up during the siege after battles with the white dragons. 

Zhentish Handshake: Walking up to someone, whacking them upside the head with a club, and taking their goods.

To Zik: To stab.",
aguidetozhentilk,uti,LocalizedName,0,-1,A Guide to Zhentil Keep Slang,
amarilsrobe,uti,LocalizedName,0,12904,Amaril's Robe,
amuletofaumvor,uti,DescIdentified,0,-1,"Dragoth the Bone Mage's master was Aumvor the Undying, an ancient Netherese lich, infamous since Netheril's Age of Discovery for his unmatched mastery over necromancy. He was named 'the Undying' because, instead of seeking lichdom, he lived for centuries by leeching the living energy of his 'living zombie' servitors, many of them members of his own family. He eventually transformed to a lich following the Fall of Netheril.

Created by following one of Aumvor's rituals in Dragoth Keep, this amulet grants various necromantic powers to its wearer.",
amuletofaumvor,uti,LocalizedName,0,-1,Amulet of Aumvor,
amuletofthefores,uti,DescIdentified,0,-1,"Shadoweirs are as a type of religious knighthood of the woods who serve the goddess Mielikki. Its members are willing to go on the offensive on behalf of their sacred forests. They seek to advance the regrowth of ancient woodlands and halt the endless assault of civilization on their homelands.

The doppleganger Devalle presumably claimed this amulet from the hapless Shadoweir ranger whose form she took.",
amuletofthefores,uti,LocalizedName,0,-1,Shadoweir Amulet,
animalfigure1,uti,DescIdentified,0,-1,"Carved in the shape of a wolf, this figure is magical, and rubbing it will summon a faithful dire wolf companion who can be summoned once per day to fight at your side. The wolf's name, ""Cassius"" is enscribed on the side of the figure.",
animalfigure1,uti,Description,0,-1,"This wooden figure is carved to resemble a dog or wolf. On the figure is inscribed the word ""Cassius.""",
animalfigure1,uti,LocalizedName,0,-1,Figurine of Wondrous Power,
astarsplate,uti,DescIdentified,0,13776,Astar's armor is superbly crafted and enchanted to ward off the strongest blows.,
astarsplate,uti,LocalizedName,0,62501,Astar's Half Plate,
bandedeadclaw,uti,LocalizedName,0,13266,Banedead Claw,
banedeadprop,uti,LocalizedName,0,13205,Banedead Properties,
baneguardprop,uti,LocalizedName,0,13204,Baneguard Properties,
banelichprops,uti,LocalizedName,0,12937,Banelich Properties,
beirmourapropert,uti,LocalizedName,0,13156,Beirmoura Properties,
bennartwaters,uti,DescIdentified,0,-1,Lashan's father is exceptionally light and clings to you with all of his meager strength. The smell is overpowering.,
bennartwaters,uti,LocalizedName,0,-1,Bennart Waters,
blessingofgruums,uti,LocalizedName,0,-1,Blessing of Gruumsh Properties,
blizzardsrobe,uti,LocalizedName,0,13852,Blizzard's Robe,
bonemask,uti,DescIdentified,0,-1,"Bone masks are fashioned of bone from any source. Greatly prized among the Zhentarim and other evil organizations that deal frequently with the undead, they both offer protection from and mastery over the dead.",
bonemask,uti,LocalizedName,0,-1,Bone Mask,
bracersofshieldi,uti,DescIdentified,0,-1,"When these sturdy bracers are knocked together in front of your chest, a magical shield quickly forms around you.",
bracersofshieldi,uti,LocalizedName,0,-1,Bracers of Shielding,
branonsrobe,uti,LocalizedName,0,12902,Branon's Robe,
breakwaterinnkey,uti,DescIdentified,0,-1,A key to the upper floor of the Breakwater Inn in Melvaunt.,
breakwaterinnkey,uti,LocalizedName,0,-1,Breakwater Inn Key,
bronsjournal,uti,DescIdentified,0,-1,"This large book seems to be a journal of sorts. The final few pages are heavily scribbled with notes from the Bron's last meeting. Most of the notes are largely irrelevant, but a few catch your eye:

""... I need to replace that drunken lout Grimswold. Were he not mildly useful as a scapegoat should the need arise, I'd fire him immediately.""

""... The Order attack on Teshwave has disrupted our food supplies. Voonlar can't afford to spare even a cup of grain. Things are going to get ugly before long.""

""... Where's the damned backup Zhentil Keep was supposed to send? There are strange noises coming from beyond the town walls, and I'm starting to get nervous. I'm going to order the gates locked until reinforcements arrive.""",
bronsjournal,uti,LocalizedName,0,-1,Bron's Journal,
bronsscalemail,uti,DescIdentified,0,13776,Bron's scale mail.,
bronsscalemail,uti,LocalizedName,0,13825,Bron's Scale Mail,
bulletofcrushing,uti,DescIdentified,0,-1,"These otherwise normal-looking bullets are enchanted to instantly expand in size upon striking a target, crushing them with the weight of a small boulder.",
bulletofcrushing,uti,LocalizedName,0,-1,Bullet of Crushing,
burnbonesprop,uti,LocalizedName,0,12937,Burnbones Properties,
cheeseslicer,uti,DescIdentified,0,-1,"Originally a humble cheese knife, this blade has been repurposed into a thin, light dagger.",
cheeseslicer,uti,LocalizedName,0,-1,Cheese Slicer,
cheswicksdagger,uti,DescIdentified,0,-1,"Cheswick's dagger is relatively plain except for the inscription on the blade itself, which reads: ""Hidden but Never Unseen."" What that means is anybody's guess.

Despite its unremarkable appearance, the dagger bears a strong enchantment. It grants its wielder the ability to polymorph for a short period of time. In addition, once per day, the wielder can see invisible creatures and objects as though they were in plain sight.",
cheswicksdagger,uti,LocalizedName,0,-1,Cheswick's Dagger,
cheswicksgarb,uti,LocalizedName,0,12920,Cheswick's Garb,
cheswickswifesdr,uti,LocalizedName,0,12904,Cheswick's Wife's Dress,
cloth004,uti,LocalizedName,0,12904,Djinni Outfit,
cloth008,uti,LocalizedName,0,12908,Priestess of Selune Robe,
cloth022,uti,LocalizedName,0,12922,Ulbyn's Clothes,
cloth028,uti,DescIdentified,0,-1,Madoc's outfit.,
cloth028,uti,LocalizedName,0,12928,Madoc's Outfit,
cloth029,uti,LocalizedName,0,12929,Announcer's Robe,
cluboftesting,uti,LocalizedName,0,-1,Club of Testing,
contract,uti,DescIdentified,0,-1,"This rolled sheet of parchment is stamped with the official mark of the city of Hillsfar: a large, stylized ""M"" set in front of a pair of crossed blades.

The contract is only a few days old and makes for chilling reading. Zain, Raest and Thorn appear to have been hired by Maalthir, wizard ruler of Hillsfar, to spy on Voonlar and report back with news of any noteworthy events.

Most disturbingly, the contract also mentions a reward for the head of one Sharalyn Lockleaf, whom the contract calls a known Harper and an enemy of the city of Hillsfar.

You should let Sharalyn know of this failed attempt on her life.",
contract,uti,LocalizedName,0,-1,Contract,
crastersoutfit,uti,LocalizedName,0,12902,Craster's Outfit,
crimsontidesofte,uti,DescIdentified,0,-1,"The events of the recent conflict in Tethyr, during which the ogre mage warlord Sythillis marched an army of humanoids south into human lands, are still being picked over by sages and scholars from Candlekeep to Shadowdale. What triggered Sythillis to embark on a war with the powerful southern nation is still up for debate. What is known, however, is that many soldiers lost their lives in the brief conflict, which concluded in the elven city of Suldanessellar and an epic confrontation between the ogre warlord an unnamed hero. 

Though details are vague at this time, it appears that treachery was somehow afoot in the leadership of the Crimson Guard - the famed mercenary company hired by Queen Zaranda Star Rhindaun to defend Tethyr. One scholar speculates that the Crimson Guard intentionally instigated the conflict in order to win power in the kingdom. Another argues that a foul being known as a malaugrym was secretly behind the war, manipulating events for its own ends.

Regardless of the cause of the conflict, thousands died during an autumn that is already being referred to as the Bloody Fall. It is said the hero who eventually defeated Sythillis overcame slave traders, an imprisoned titan, and a horde of kobolds, ogres and worse during the desperate final battle for Suldanessellar. What became of him or her is unknown, and with events still so fresh, the veracity of the above will only be fully known in time - or to those fortunate enough to have witnessed them first-hand...",
crimsontidesofte,uti,LocalizedName,0,-1,Crimson Tides of Tethyr,
crypticnote,uti,DescIdentified,0,-1,"A cryptic message is written on this yellowed paper: 'To see, free a...'",
crypticnote,uti,LocalizedName,0,-1,Cryptic Note,
dalgarproperties,uti,LocalizedName,0,-1,Dalgar Properties,
darknessoverdagg,uti,DescIdentified,0,-1,"The recent trouble in Daggerford, as with so many of the ills plaguing Faerûn, can be traced back to the Zhentarim. The suspicious death of Duke Pwyll Greatshout began a story of intrigue that ultimately resulted in a powerful devil named Gorgomorz being unleashed upon the Realms. Once again, in their quest to amass powerful and influence at any cost, the Black Network placed the lives of countless innocents in danger.

Fortunately, as is so often the case, a brave hero - or perhaps group of heroes, for the Dukes of Daggerford delight in recounting tales of their valor to any who will listen - came to the rescue. During the course of their adventures, our heroes are said to have resolved all manner problems experienced by the folk of the region, travelling from the Crab's Claw Coast to Trollbark Forest and even venturing down into the ancient ruins of Illefarn.

In the end, Gorgomorz himself was defeated inside Daggerford's very walls. The Zhentarim plot was exposed, and Greatshout himself was discovered alive and well. As with every story of such scope, however, there is much that must be left out in this brief telling. This humble author recommends that those seeking the thrills of high adventure get their hands upon a more comprehensive retelling of the period in which darkness lay over Daggerford...
",
darknessoverdagg,uti,LocalizedName,0,-1,Darkness over Daggerford,
dartofpinning,uti,DescIdentified,0,-1,"Although it looks more like a large needle than an instrument of war, this dart has the deadly ability to hold a foe motionless. Targets struck by one of these darts risk being paralyzed as though by carrion crawler brain juice.",
dartofpinning,uti,LocalizedName,0,-1,Dart of Pinning,
deathmask,uti,LocalizedName,0,-1,Death Mask,
deputychainmail,uti,DescIdentified,0,13776,"This enchanted chain mail armor is standard uniform for the Bron's deputies. When worn together with the helmet, it is doubtful a casual observer would be able to tell who is behind the armor. Unfortunately, the armor is only sized for a human or elf.",
deputychainmail,uti,LocalizedName,0,13818,Deputy Chainmail,
deputyhelm,uti,DescIdentified,0,-1,This helmet is part of the uniform that the Bron expects his deputies to wear at all times.,
deputyhelm,uti,LocalizedName,0,-1,Deputy Helm,
direguardprop,uti,LocalizedName,0,13204,Direguard Properties,
dominion,uti,DescIdentified,0,-1,"Forged by a Netherese Archwizard over two thousand years ago, this huge greatsword is one of the mightiest weapons of its type in Faerûn. 

Enchanted beyond the limits of what modern-day wizardry is able to achieve, Dominion's power can enslave the minds of humanoids and monsters alike. At the same time, the blade grants the wielder complete immunity to mind-affecting and death magic.

While Dominion is of little use in combat to those not accustomed to fighting with such weapons, its powers can be tapped by any being strong enough to command it.",
dominion,uti,LocalizedName,0,-1,Dominion,
dragathil,uti,DescIdentified,0,-1,"One of the fabled Baneblades of Demron, Dragathil, like its sister blades, was forged in ancient Myth Drannor over the course of 300 years. Though the archmage Demron is credited with their creation, they were cooperative efforts among all the races that lived in Myth Drannor. As far as weapon collections go, they are unmatched in history of the Realms, with one exception - the Blades of Netheril.

Despite its fearsome power, Dragathil was designed to subdue opponents peacefully. Each of the Baneblades is keyed to a particular type of wielder: Dragathil can only be wielded by one of medium stature.
",
dragathil,uti,LocalizedName,0,-1,Dragathil,
dragonegg,uti,DescIdentified,0,-1,"This large egg was given to you by Huntmaster Baerdeth Malagar of the Lodge of the Great Hunt in Zhentil Keep. You have no idea how he came to possess it.
",
dragonegg,uti,LocalizedName,0,-1,Dragon Egg,
duelingring,uti,DescIdentified,0,-1,"Disputes between nobles are often resolved through duels which take place according to strict rules. Sometimes, however, a noble finds a way to cheat.",
duelingring,uti,LocalizedName,0,-1,Dueling Ring,
dwarventhrower,uti,DescIdentified,0,-1,"In the hands of a dwarf, this warhammer becomes a mighty weapon indeed. When hurled by a dwarf, the hammer inflicts 1d8 additional damage, or 2d8 additional damage against giants.

[Use Unique Power to hurl the hammer at the nearest enemy. It will instantly return.]",
dwarventhrower,uti,LocalizedName,0,-1,Dwarven Thrower,
eastgatekey,uti,DescIdentified,0,-1,This large key opens to the gate leading east out of Voonlar.,
eastgatekey,uti,LocalizedName,0,-1,East Gate Key,
ebonlash,uti,DescIdentified,0,-1,"Created by and for the Red Wizards and their agents, these black whips can daze a victim on a successful hit and bend them to the wielder's will.",
ebonlash,uti,LocalizedName,0,-1,Ebon Lash,
eldergargoylepro,uti,LocalizedName,0,13078,Elder Gargoyle Properties,
elmwood,uti,DescIdentified,0,-1,"Few places in the Moonsea can be considered peaceful and serene, but the ancient village of Elmwood is one of them. Elmwood is a farming community that supplements its income with a little fishing and woodcarving. Its location near the Dales and the former Elven Court has resulted in quite a bit of Dales blood and moon elf blood in the villagers, who have fond relationships with both of those communities. The old Moonsea saying ""like an Elmwood watch"" means a task so simple that it practically performs itself. This bit of lore bears testament to the reality that very little happens here.  

The village of Elmwood was established in the Year of the Screeching Vole, 163 DR, as a small waystation for ship traffic to and from the River Lis. Even back then it was a place of tranquility, where humans and elves could meet and interact on even terms. Elmwood managed to miss its share of dragon attacks and sacking armies, but it never grew into a town or city. The main reason for this was its lack of the natural resources most cities were founded to exploit: iron, gold, marble, granite, silver, and copper. Today, Elmwood does much of what it has always done: farming, fishing, and ferrying. Gods die, cities rise and fall, and Elmwood remains an oasis of calm in the midst of turmoil.",
elmwood,uti,LocalizedName,0,-1,Elmwood,
elmwoodrope,uti,Description,0,-1,A coil of rope.,
elmwoodrope,uti,LocalizedName,0,-1,Rope,
elventree,uti,DescIdentified,0,-1,"Elventree is a sylvan community established in 702 DR, the Year of the Dawn Rose, six years after the fall of Myth Drannor. This ancient settlement, a traditional meeting place for humans and elves, soon became a haven for half-elves, rangers, artists, and druids. It should come as no surprise to anyone that the community also soon became a Harper outpost. 

Elventree is not a typical Moonsea community. It is built in the traditional elven style of working in concert with nature. There are no cleared common grounds (other than natural clearings) or any large buildings. All structures in Elventree are located in either natural caverns or hollowed-out trees. There are no roads to speak of, only shady forest paths and almost-invisible trails that wind through the town. Elventree blends into the surrounding forest, and this has kept it safe for centuries.

A community of 200 elves, including women and children, calls Elventree home. These elves, mostly of wood elf stock, maintain close contact with others of their kind throughout Faerûn, and are looked upon as representatives of the Elven Court. The elves are friendly, but though they are active in the daily life of the town, they keep to themselves otherwise. Many are content to sing the old songs, tell the old tales, and carve things of beauty. On warm summer nights the air is filled with their clear voices, singing of the splendor of ancient Myth Drannor.",
elventree,uti,LocalizedName,0,-1,Elventree,
entrerileather,uti,LocalizedName,0,62374,Entreri's Studded Leather +4,
eremuthprop,uti,LocalizedName,0,-1,Eremuth Properties,
eremuthsrobe,uti,DescIdentified,0,-1,"Eremuth's robe is of the finest quality, embodying the height of Waterdhavian fashion - around fifty years ago. Still, the strong enchantments weaved into the cloth more than compensates for its slightly outdated style. It's a miracle Eremuth hasn't been killed for having the audacity to wear such an outfit in the Moonsea...",
eremuthsrobe,uti,LocalizedName,0,12906,Eremuth's Robe,
fakedominion,uti,DescIdentified,0,-1,"This greatsword is identical in appearance to the real Dominion. A powerful item in its right, the mind-controlling magic bestowed by this sword is nonetheless a pale imitation of the original's. Still, the sword's magic was sufficient to fool Maganus, at least for a while.",
fakedominion,uti,LocalizedName,0,-1,Fake Dominion,
ffighterinnkey,uti,DescIdentified,0,-1,A key to the upper floor of the Floating Fighter Inn in Melvaunt.,
ffighterinnkey,uti,LocalizedName,0,-1,Floating Fighter Inn Key,
flawlesssapphire,uti,DescIdentified,0,-1,"The blue sapphire is twin to the more precious ruby in all respects but color. In most stones, the sparkling blue color must be brought out by exposure to great heat. Once ""cooked,"" the color change is permanent and does not otherwise affect the much-treasured durability of the gem.

The particular specimen is of huge size and likely worth a considerable amount of gold.",
flawlesssapphire,uti,LocalizedName,0,-1,Flawless Sapphire,
fzoulproperties,uti,LocalizedName,0,-1,Fzoul Properties,
gloomfangprops,uti,LocalizedName,0,90576,Gloomfang Properties,
godsbane,uti,DescIdentified,0,-1,"This blood-red sword seems to hum with evil energy, hungering after victims to feed upon. Whenever you stare at it for any length of time, the image of a narrow-faced, grinning man seems to force itself into your brain. There is something very wrong with this weapon, and its presence in an unremarkable smith seems eerily like divine providence...",
godsbane,uti,LocalizedName,0,-1,Godsbane,
gormfullplate,uti,DescIdentified,0,13776,"This magic armor grants additional protection to its wearer, but it doesn't bear the hallmarks of any specific maker.","이 마법 갑옷은 착용자에게 추가적인 보호를 제공하지만, 특정 제작자의 품질 보증 인장은 없습니다."
gormfullplate,uti,LocalizedName,0,13820,Banite Full Plate +2,
greaterdoppelgan,uti,LocalizedName,0,-1,Greater Doppelganger Properties,
hammerofvorbyx,uti,DescIdentified,0,-1,"The Hammer of Vorbyx is named after its last owner, an ogre king who ruled Thar. However, Vorbyx allegedly plundered the weapon from an ancient unmarked barrow, so its true origins are lost in time. More than a mere scepter, it served as a symbol of Vorbyx's authority over the unruly ogre and orc tribes of Thar, and when he died without a worthy successor, his most loyal followers buried the weapon with him, believing that he would need it to wage wars in the afterlife.",
hammerofvorbyx,uti,LocalizedName,0,-1,Hammer of Vorbyx,
handwrittennote,uti,DescIdentified,0,-1,"Seek out a man named Jeffers in the Zhents' Quarter in Mulmaster. I understand he knows more of this ""Maganus"" you seek.

Needless to say, if you approach me with this note, I will deny all knowledge of it.

- K.",
handwrittennote,uti,LocalizedName,0,-1,Handwritten Note,
harperpin,uti,DescIdentified,0,-1,"Harper pins are silver brooches given to new members of the Harpers. They protect the wearer from various spells designed to read a person's thoughts.

Undercover Harper agents often use these pins to identify each other when operating in places their presence would not be tolerated.

You should hold on to this item in case it is needed to persuade certain characters to talk.",
harperpin,uti,LocalizedName,0,-1,Harper Pin,
heavenlybow,uti,DescIdentified,0,-1,"This bow radiates a strong glow. It seems so perfect as to be impossible to achieve with mortal materials in the hands of a mortal bowyer. It is therefore likely the bow originated in the Upper Planes, and was perhaps the favored weapon of a powerful angel or the exarch of some benevolent deity.",
heavenlybow,uti,LocalizedName,0,-1,Heavenly Bow,
hellforgedsword,uti,DescIdentified,0,-1,"These swords are forged from an ore found only on the deepest layers of the Abyss, and are possessed only by the most powerful and influential demons, such as great balor generals.

The sword retains its connection to the place from which it originated. Even after thousands of years and through multiple planes of existence, the sword's ties to the Outer Plane remain strong.",
hellforgedsword,uti,LocalizedName,0,56599,Abyssal Blade,
helmofbalduran,uti,DescIdentified,0,-1,"The fabled helm of Balduran, legendary founder of Baldur's Gate, has long been rumored to wield powerful protective magic. The exact nature of this magic, however, has not yet been determined. ",
helmofbalduran,uti,LocalizedName,0,-1,Helm of Balduran,
hezrouproperties,uti,LocalizedName,0,-1,Hezrou Properties,
hilradsrobe,uti,LocalizedName,0,13850,Hilrad's White Robe of the Archmagi,
hugeemerald,uti,DescIdentified,0,-1,"Prized for their vibrant green color, emeralds are fragile and need to be protected from the impacts and extreme temperature changes common to adventuring life. It is a highly prized gem by the wealthy and royalty alike.

This particular specimen is of huge size and likely terrific value.",
hugeemerald,uti,LocalizedName,0,-1,Huge Emerald,
hugeruby,uti,DescIdentified,0,-1,"Bright and beautiful, the ruby is famous for its clear and bloody hue. To some it is the gem of love, to others the gem of revenge. To all it is unquestionably precious, and the largest, most flawless specimens are more highly prized than diamonds. The goddess Sune is said to sometimes wear rubies in her wild hair.

This particular specimen is of huge size and surely of great value.",
hugeruby,uti,LocalizedName,0,-1,Huge Ruby,
hugesapphire,uti,DescIdentified,0,-1,"The blue sapphire is twin to the more precious ruby in all respects but color. In most stones, the sparkling blue color must be brought out by exposure to great heat. Once ""cooked,"" the color change is permanent and does not otherwise affect the much-treasured durability of the gem.

The particular specimen is of huge size and likely worth a considerable amount of gold.",
hugesapphire,uti,LocalizedName,0,-1,Huge Sapphire,
hugetopaz,uti,DescIdentified,0,-1,"Best known in its pale, orange-yellow form, topaz is an attractive gem that appears in well-formed, multifaceted crystals. These crystals can reach an incredible size, and specimens weighing several hundred pounds are not unknown. The largest stones are customarily reserved for gifts on state occasions, and only the greatest master gemcutters are allowed to work them.

This particular specimen is of huge size and would likely fetch a decent sum of gold.",
hugetopaz,uti,LocalizedName,0,-1,Huge Topaz,
immortalflagprop,uti,LocalizedName,0,-1,Immortal Flag Properties,
ir_fancycane,uti,LocalizedName,0,-1,Ornate Staff,
it_creitemdr006,uti,LocalizedName,0,13160,Great Wyrm Black Dragon Properties,
it_crewps021,uti,LocalizedName,0,13252,Nightshade Bite,
it_crewpsp006,uti,LocalizedName,0,90703,Claw2d10,
it_goodberry,uti,DescIdentified,0,-1,"Enchanted by old Elven magic, these small red berries have a very minor restorative power.",
it_goodberry,uti,Description,0,-1,These small round red berries are unusually firm.,
it_goodberry,uti,LocalizedName,0,-1,Goodberry,
it_po_arsenic,uti,DescIdentified,0,-1,Arsenic Poison. Initial Save DC: 13 Initial Effect: Lowers CON by 1. Secondary Effect: Lowers CON by 2D8.,
it_po_arsenic,uti,LocalizedName,0,-1,Poison: Arsenic,
it_po_blacklotus,uti,DescIdentified,0,-1,Black Lotus Extract Poison. Initial Save DC: 20 Initial Effect: Lowers CON by 3D6. Secondary Effect: Lowers CON by 3D6.,
it_po_blacklotus,uti,LocalizedName,0,-1,Poison: Black Lotus Extract,
it_po_bloodroot,uti,DescIdentified,0,-1,Bloodroot Poison. Initial Save DC: 12 Initial Effect: Lowers WIS by 1D3. Secondary Effect: Lowers CON by 1D4.,
it_po_bloodroot,uti,LocalizedName,0,-1,Poison: Bloodroot,
it_po_greenblood,uti,DescIdentified,0,-1,Greenblood Oil Poison. Initial Save DC: 13 Initial Effect: Lowers CON by 1. Secondary Effect: Lowers CON by 1D2.,
it_po_greenblood,uti,LocalizedName,0,-1,Poison: Greenblood Oil,
it_po_idmoss,uti,DescIdentified,0,-1,Id Moss Poison. Initial Save DC: 14 Initial Effect: Lowers INT by 1D4. Secondary Effect: Lowers INT by 2D6.,
it_po_idmoss,uti,LocalizedName,0,-1,Poison: Id Moss,
it_po_malyssroot,uti,DescIdentified,0,-1,Malyss Root Paste Poison. Initial Save DC: 16 Initial Effect: Lowers DEX by 1. Secondary Effect: Lowers DEX by 2D4.,
it_po_malyssroot,uti,LocalizedName,0,-1,Poison: Malyss Root Paste,
it_po_nitharit,uti,DescIdentified,0,-1,Nitharit Poison. Initial Save DC: 13 Initial Effect: Nothing. Secondary Effect: Lowers CON by 3D6.,
it_po_nitharit,uti,LocalizedName,0,-1,Poison: Nitharit,
it_po_sassone,uti,DescIdentified,0,-1,Sassone Leaf Residue Poison. Initial Save DC: 16 Initial Effect: 2D12 Acid damage. Secondary Effect: Lowers CON by 1D6.,
it_po_sassone,uti,LocalizedName,0,-1,Poison: Sassone Leaf Residue,
it_po_taggit,uti,DescIdentified,0,-1,Oil of Taggit Poison. Initial Save DC: 15 Initial Effect: Nothing. Secondary Effect: Puts target to sleep for 10 rounds.,
it_po_taggit,uti,LocalizedName,0,-1,Poison: Oil of Taggit,
it_po_terinav,uti,DescIdentified,0,-1,Terinav Root Poison. Initial Save DC: 16 Initial Effect: Lowers DEX by 1D6. Secondary Effect: Lowers DEX by 2D6.,
it_po_terinav,uti,LocalizedName,0,-1,Poison: Terinav Root,
it_po_toadstool,uti,DescIdentified,0,-1,Striped Toadstool Poison. Initial Save DC: 11 Initial Effect: Lowers WIS by 1. Secondary Effect: Lowers WIS by 2D6.,
it_po_toadstool,uti,LocalizedName,0,-1,Poison: Striped Toadstool,
it_ring_lita,uti,DescIdentified,0,-1,"The word ""Lita"" is engraved on the side of this shiny silver ring.",
it_ring_lita,uti,LocalizedName,0,-1,Silver Ring,
it_tm_astar_ring,uti,DescIdentified,0,56588,"This wedding band is enchanted with powerful magic to keep the wearer safe from fear and mind-affecting spells, as well as poison. It is therefore a ring perfectly suited to those who move in circles where skullduggery is a fact of life.

Engraved on the inside of the band is ""Astar.""",
it_tm_astar_ring,uti,LocalizedName,0,12948,Astar's Ring,
item,uti,LocalizedName,0,-1,+4 Vampiric Defending Dagger,
item001,uti,LocalizedName,0,-1,+3 Longsword of Wounding,
item002,uti,DescIdentified,0,-1,This is the key Sharalyn gave you. It unlocks the door leading to the upper floor of the Swords' Meet Inn.,
item002,uti,LocalizedName,0,-1,Swords' Meet Key,
item003,uti,DescIdentified,0,-1,"This axe once belonged to the dwarven hero, Dorgan Orcsmasher. The Orcsmasher clan was famed for its hatred of orcs and goblinkind, and for many centuries was the bane of the evil humanoids living in the Cloud Peak Mountains.

One dark morning an alliance of orcs and goblins swept down out of the mountains and invaded the Orcsmasher clan home. Following several days of terrible fighting, only Dorgan and his wife and children remained from the original century of dwarves that once made up clan Orcsmasher. 

Urging his family to flee, Dorgan stood alone against the advancing horde, like an immovable oak. Time and time again he threw back the humanoids, deflecting countless attacks with his mighty axe and shrugging off wounds that would have killed many a dwarf outright. 

Dorgan's family managed to escape thanks to his heroics. Upon returning to the clan home a year later, they found the fallen dwarf propped up against a mountain of orcs and goblins. On the floor, they found his axe. Dorgan's name is celebrated amongst his kind as an example of the tenacity and endurance possessed by the dwarven race.",
item003,uti,LocalizedName,0,-1,Dorgan's Defender,
item004,uti,DescIdentified,0,-1,"So named for the small ruby resembling an eye at its center, this buckler's magic grants greater protection than its appearance would suggest. The shield's true power manifests when its user is struck in combat, channeling their pain and deflecting it back upon their attacker. While this causes no physical damage, the target is overcome with an overwhelming fear of death. This heightened sense of mortality can often prove detrimental to the attacker.",
item004,uti,LocalizedName,0,-1,Death's Eye,
item005,uti,DescIdentified,0,-1,"""Grimswold,

Due to your habit of getting drunk at the Meet and forgetting to lock your door, I've decided to take away your key. It wouldn't do to have some nosy adventurer stumble across it and attempt to infiltrate the Locktower.

Be grateful that I haven't thrown you in the cells for gross negligence, and know that I only retain your services because your unique brand of incompetence makes us all look good by comparison.

And, for Bane's sake man, remember to don your armor before returning to the Locktower! We won't let you in otherwise. We can't take unnecessary risks in these dark times. There are spies and agents everywhere.

- the Bron""
",
item005,uti,LocalizedName,0,-1,Note to Grimswold,
item006,uti,DescIdentified,0,-1,"This black, leather-bound journal appears to have once belonged to Voonlar's high priest of Bane, Gormstadd, before his death. The journal recounts the priest's efforts to raise an undead army from the buried remains entombed within the catacombs beneath Voonlar.

=======================
Entry 1
=======================

Word has just arrived from Zhentil Keep - from Lord Fzoul himself, no less. He has instructed me to raise an undead army for deployment against the Order of the Crippled Fang. Alas, I fear Fzoul overestimates the power of the clergy here in Voonlar. Only Merkul and Charon possess sufficient experience to assist me in the ancient rituals for raising the dead.

=======================
Entry 2
=======================

Those Chaunteans continue to frustrate me! I dearly wish to see Shrae beheaded and the Earthmother's temple razed to the ground. However, despite my best efforts, I still do not have sufficient justification to move against them. I am unwilling to draw the wrath of Shadowdale or the Harpers by acting precipitously.
 
But enough about those do-gooding fools. Something unexpected occurred today. Charon claims to have received telepathic contact from a mysterious being whilst exploring the darkest reaches of the catacombs. Upon further investigation, we found a sealed door besides an ancient stone pillar etched with scenes glorifying the Black Lord Bane. No more communication was forthcoming, so I will try again on the morrow.

=======================
Entry 3
=======================

The mysterious entity today revealed itself to me. His name is Shrazgul, and he claims to have once been a powerful priest of Bane before he was eventually rewarded with eternal life. I have heard of such beings -- baneliches they are called, the result of the Black Lord's greatest blessing.

I believe I have discovered a powerful ally, although Shrazgul's intentions are still unclear. He has asked me to recover four missing pieces of Bane's symbol, which will enable the magically sealed door to open. I will do as he requested. I do not fear Shrazgul, for we serve the same lord, do we not?

=======================
Entry 4
=======================

I managed to recover the pieces of the missing symbol, which were scattered around the furthest reaches of the catacombs, and gain access to Shrazgul's resting place. He is magnificent to behold, a festering visage of dread and terror made real. Someone must have imprisoned the banelich beneath Voonlar, although it makes no sense for such a revered servant of the Black Lord to be imprisoned directly beneath one of his temples.

I searched the ancient texts and journals in the temple for clues, but all mentions of Shrazgul seem to have been erased. The banelich would not answer my questions regarding his imprisonment, but he did lend his assistance raising corpses in the catacombs to do my bidding. This is a boon indeed!

=======================
Entry 5
=======================

I am beginning to realize that something is terribly amiss with my new ally. Shrazgul seeks more control over the undead that I am happy to permit, and I am helpless to deny his power. He is possessed of unimaginable arrogance, bordering on blasphemy. Is it possible Shrazgul was bound there by the priesthood of the Black Lord as penance for past sins?

=======================
Entry 6
=======================

I have been betrayed! The undead horde I spent these last few months amassing has turned against me! Shrazgul was behind it all. I fear he is no longer a servant of Bane's will. No, the banelich has its own agenda. To make matters worse, Merkul and Charon were slain by the very dead they helped animate. I saw them torn apart by jagged claw and broken fang. At least their deaths warned me of Shrazgul's betrayal before I suffered the same fate.

I managed to steal the fourth piece of the symbol before fleeing the catacombs, sealing the banelich in his chamber once again. The remaining three pieces are still down there. No doubt Shrazgul will send his minions to recover the last quadrant. They are slow and cumbersome, but eventually they will discover the entrance to the surface.

The Zhentarim representatives in the town have assured me that reinforcements are on their way from Zhentil Keep. Until then, Voonlar is woefully unprepared in the event of an Order attack.

This is the final entry in the journal. The ink still looks fresh.",
item006,uti,LocalizedName,0,-1,Gormstadd's Journal,
item007,uti,DescIdentified,0,-1,"This ancient and terrible weapon was presumed lost to the Realms when the banelich Shrazgul disappeared in 1135 DR.

Shrazgul was infamous for wielding this weapon with abandon, even employing it against fellow worshippers of Bane when he judged them guilty of some supposed slight against him.

The wicked head of the flail can smash through bone with ease. Shrazgul named the weapon ""The Black Lord's Caress"" in a supposed act of piety towards his deity. Alas, that wasn't enough to stop Bane from imprisoning his wayward priest when he became too difficult to control.",
item007,uti,LocalizedName,0,-1,The Black Lord's Caress,
item008,uti,DescIdentified,0,-1,"This large key was found on the body of the frost giant jarl, Bashnagg.",
item008,uti,LocalizedName,0,-1,Jarl's Key,
item009,uti,DescIdentified,0,-1,"This spear was used by the frost giant Agatha to almost instantly heat the huge cauldron she used to feed her clan. In Agatha's giant fists, it was less a spear and more an implement supreme culinary efficiency.",
item009,uti,LocalizedName,0,-1,Agatha's Spear of Stirring,
item010,uti,DescIdentified,0,-1,"This great axe was until recently the famed weapon of the fearsome Red Minotaur, champion of Hillsfar's arena. It seems someone claimed it from the fallen minotaur and sold it on to a merchant.",
item010,uti,LocalizedName,0,-1,Red Ruin,
item011,uti,LocalizedName,0,-1,Elf's Longsword,
item012,uti,LocalizedName,0,-1,Sentinel's Mask,
item013,uti,DescIdentified,0,-1,"This appears to be Eremuth's journal, dating back months before he met you at the Swords' Meet Inn. You flick through and note the most interesting entries.

=======================
Entry 1
=======================

I grow tired of Waterdeep. My mother forbids me from devouring the mages and nobles of the city and I grow weary of feeding on beggars and unsuspecting adventurers. Fortunately, she is soon to reveal the ""great scheme"" the Unseen has been plotting. For her sake, I hope it piques my interest. I acknowledge my mother's usefulness in birthing me, but I find my mind wandering often to how it would feel to murder her when she least suspects it...

=======================
Entry 2
=======================

Finally, the Unseen have contacted me! Hlaavin himself told me of the organization's plans to seize power in Melvaunt. First, I am to establish a base in Elmwood, where the simpletons of the backwater town will never suspect a thing.

Hlaavin spoke of another matter, one I find of more interest than the doppelganger's dull political ambitions. A human archmage of note recently dug up one of the legendary Blades of Netheril. The ragtag cult he formed is hiding out somewhere in the Moonsea region.

=======================
Entry 3
=======================

That fool Hlaavin saw the merit in my plan to retrieve the Netherese artifact. I shall need help, for even with my vast powers, I am but one. My worthless sister refused her help in this matter, so I will need to find some gullible fools to help me get my hands on the blade. I will head west to Voonlar. The Zhentarim are incompetent fools, but heroes often travel north from Shadowdale, the home of our most hated enemy, and would make a good target for my manipulations. One day I will stick Elminster's head on a spike, damn him...

My lair in Elmwood is most agreeable. An ancient and vast colony of spiders has dwelled within the darkness of these tunnels for centuries. I see them scuttling high above, but they leave me well alone, for my true form is as alien to them as they are to most human fools. I am certain my wretched sister would be pleased to learn of their presence. Spiders always did fascinate her.

=======================
Entry 4
=======================

This is my first entry in a while. It is difficult to find the focus to write when one is constantly keeping tabs on braindead adventurers and their band of misfit henchmen. As it happens, the dupe I chose at least proved competent and was able to overcome the cult. Dominion will soon be mine! I merely need wait for the opportune moment...

=======================
Entry 5
=======================

Success! Dominion is mine! I killed the human Astar during my grand betrayal, an act that pleased me greatly. He was so very boring. 

Alas, the hunger I had suppressed since Voonlar grew too much, and I succumbed to temptation upon returning to my lair here in Elmwood. The druid and the girl were both delicious. I may kill once more before I depart to report my success to my sister and our Unseen contact in Hillsfar. We are to meet at a place called Laris's Curios, before joining the rest of the cell in Melvaunt.

Who to eat before I depart? The lovely priestess at the temple or the human male who runs the inn? Devalle has her eye on him - if she devours his brain before I can suck out his insides, I shall be most distraught. 

=======================
Entry 6
=======================

The ""hero"" I tricked into helping me retrieve Dominion has followed me here! Damn them. I will send word to Sorin and Devalle and then make plans to put an end to their meddling once and for all. I only hope the archmage Maganus does not discover my whereabouts, for he will be a more difficult obstacle to deal with.",
item013,uti,LocalizedName,0,-1,Eremuth's Journal,
item014,uti,DescIdentified,0,-1,"This letter is addressed to a woman named Lana. The faded ink reveals the letter to have been written some time ago.

""Where do I begin? I should have sent this letter after I left Mulmaster. A tenday turned into a month, and then a month turned into a year, and then a decade. There is no excuse, except to say that I feared hurting you. The real truth, however, is that I am a coward.

I was given no choice but to flee Mulmaster. I did not even have time to stop and warn you, for your own life was in danger every second I remained in the city. I could not follow through with Selfaril's orders to assassinate the young noblewoman: this much you knew. 

What you did not know, however, was that she and I were having an affair.

I swear to you, Lana - the brief relationship we had, though a cruel betrayal of our own vows, did not influence my decision to refuse Selfaril's orders. I am a coward and unfaithful, but I am no murderer of innocents. Even as you read this, even despite the hatred you must surely feel for me, I trust you know this much to be true.

I am so sorry, Lana. Even had I the time to warn you, I would not have had you abandon your life in Mulmaster. You deserved better than to throw away everything we had worked so hard for. You deserved better than to abandon a life of hard-won luxury for an uncertain future with a man who could not be true to you. I pray that you have found happiness in the years since. I pray that you found a good man; an honest man. One whose skills extend beyond his sword-arm. 

I loved you, Lana. For all of my failings, I want you to know this. The years we spent together were the best of my life. How I wish things had turned out differently.

Astar.""",
item014,uti,LocalizedName,0,-1,Astar's Letter,
item015,uti,DescIdentified,0,-1,"""That which should not be alive shall die"" is the philosophy behind this powerful club. Against such unnatural foes, the club inflicts tremendous damage.",
item015,uti,LocalizedName,0,-1,Nature's Wrath,
item016,uti,DescIdentified,0,-1,"These powerful flails are often employed by clerics of Tempus and other war-focused gods, who love nothing more than to wade into battle crying their deity's name and fighting enemy warriors head-on. Often the fight is over before it has even begun, as the unsuspecting warriors find themselves scrabbling desperately in the mud for their weapons while the cleric in possession of one these fails readies the killing blow.",
item016,uti,LocalizedName,0,-1,Disarming Flail +4,
item017,uti,DescIdentified,0,-1,"Hlessen Muragh of the Purple Portals in Melvaunt is one of the foremost artificers in the Realms. As a self-proclaimed golem aficionado, he often finds it necessary to deconstruct his creations as quickly and painlessly as possible. This hammer was created for just such a purpose.",
item017,uti,LocalizedName,0,-1,Hlessen's Dismantler,
item018,uti,DescIdentified,0,-1,"This simple-looking axe was apparently named after a warrior who called himself the Wolf. Despite its basic appearance, the axe bestows complete immunity to death fear and mind-affecting spells upon the wielder, making them a grim and unshakeable force of single-minded fury.",
item018,uti,LocalizedName,0,-1,The Wolf's Axe,
item019,uti,DescIdentified,0,-1,"This deadly scythe carries a little of the essence of the dead God of the Dead, Myrkul. The one wielding the scythe allows this essence inside them and becomes a walking dealer of death, at the cost of ignoring their own well-being. ",
item019,uti,LocalizedName,0,-1,Myrkul's Wrath,
item020,uti,DescIdentified,0,-1,"This the journal of Dragoth the Bone Mage. It chronicles much of his life: from his childhood, to his years apprenticed to an ancient wizard known as the Undying, and then the decades he spent in Suzail, capital of Cormyr, where he secretly experimented on the dead. Lyressa features prominently, for it transpires she and Dragoth were lovers. Lyressa was one of the city's most infamous thieves when she met Dragoth, but under his influence she soon began to learn the darker arts of murder, in order to procure Dragoth new bodies upon which to experiment.

The journal entries become increasingly melancholy as Dragoth writes of Lyressa's desire for a child, and the toxins he secretly slipped into her drink to ensure this would not come to pass. Their relationship soured, until one night they argued, and he mortally wounded her. Thinking to save her, he performed a ritual his master the Undying had taught him. It backfired and instead of becoming a living zombie, as Dragoth had intended, Lyressa became a true zombie. She remained inert for years, trapped in a stasis spell Dragoth placed upon her to stop her body decaying. Until one day she awoke, remembering nothing, and fled Suzail.

Dragoth appears to have lived a lonely and wretched existence since that time, shunning the company of the undead for the living. It would appear he moved to Thentia earnestly seeking the company of his peers in Firefingers, and the other retired archmages of the city. He kept Lyressa's sword and shield, evil weapons that without her assassin training, she would not be able to utilize. It appears his motivations were simply to have something to remember her by.",
item020,uti,LocalizedName,0,-1,Dragoth's Journal,
item021,uti,DescIdentified,0,-1,"This journal belongs to the young nobleman Bale Khodolos. It recounts his search for the legendary Bright Sword of Thentia. Reading the journal, you learn that Bale discovered the blade, which he refers to as ""Beirmoura,"" several tendays past. At first, he was delighted - with the sentient weapon guiding his arm, he was able to vanquish his rival, Gideon, in a duel that won him the admiration of many young noblewomen. 

Beirmoura's irritation at this development was the first sign of what would follow.

The Bright Sword's ego proved too much for Bale to handle. In addition to being bloodthirsty and impulsive, Bale claims that Beirmoura is slowly taking control of his thoughts and deeds. In particular, the sentient weapon has become obsessed with slaying the Netherese search party that is excavating the nearby ruins.

Bale fears that if he cannot rid himself of the sword soon, he will inadvertently lead himself and his comrades to an unfortunate end. Try as he might, however, he cannot part with the weapon. He is now a slave to Beirmoura's will, a fact of which none of his fellow nobles are aware.",
item021,uti,LocalizedName,0,-1,Bale Khodolis' Journal,
item022,uti,DescIdentified,0,-1,"This extraordinarily ugly head until recently belonged to the half-orc pirate, Burak the Mongrel.",
item022,uti,LocalizedName,0,-1,Burak's Head,
item023,uti,DescIdentified,0,-1,"The head of the pirate Veris, captain of the Purple Star.",
item023,uti,LocalizedName,0,-1,Veris' Head,
item024,uti,DescIdentified,0,-1,"The severed head of Ilandra Wavemistress, captain of the Mingledblood.",
item024,uti,LocalizedName,0,-1,Ilandra's Head,
item025,uti,DescIdentified,0,-1,The signet ring of the pirate captain Ilandra Wavemistress.,
item025,uti,LocalizedName,0,-1,Ilandra's Signet Ring,
item026,uti,DescIdentified,0,-1,"The signet ring that belonged to the pirate captain Veris, of the Purple Star.",
item026,uti,LocalizedName,0,-1,Veris' Signet Ring,
item027,uti,DescIdentified,0,-1,This is the key to unlock the cell holding Jannatha and Baerimel.,
item027,uti,LocalizedName,0,-1,Orc Jailer's Key,
item028,uti,DescIdentified,0,-1,"This minor artifact of Loviatar is a truly terrifying weapon, channeling the sadistic depravity of the goddess directly into the one who wields it. It is said that a powerful worshipper of Loviatar once reduced a room full of willing victims to sobbing, lacerated messes within seconds. After hurrying from the room, slipping and sliding on their own blood, the former Loviatans immediately denounced their faith and joined the church of Ilmater.",
item028,uti,LocalizedName,0,-1,The Maiden's Fury,
item029,uti,DescIdentified,0,-1,These deadly arrows are enchanted to kill a particular racial group upon impact.,
item029,uti,LocalizedName,0,-1,Arrow of Slaying (Humans),
item030,uti,DescIdentified,0,-1,These deadly arrows are enchanted to kill a particular racial group upon impact.,
item030,uti,LocalizedName,0,-1,Arrow of Slaying (Outsiders),
item031,uti,DescIdentified,0,-1,These deadly arrows are enchanted to kill a particular racial group upon impact.,
item031,uti,LocalizedName,0,-1,Arrow of Slaying (Giants),
item032,uti,DescIdentified,0,-1,These deadly arrows are enchanted to kill a particular racial group upon impact.,
item032,uti,LocalizedName,0,-1,Arrow of Slaying (Goblinoids),
item033,uti,DescIdentified,0,-1,These deadly arrows are enchanted to kill a particular racial group upon impact.,
item033,uti,LocalizedName,0,-1,Arrow of Slaying (Constructs),
item034,uti,DescIdentified,0,-1,"Also known as a ""Mage-Killer,"" these shields are typically used by the most skilled mercenaries and assassins when tasked with hunting down a particularly troublesome mage. Even good wizards such as Elminster of Shadowdale and Khelben of Waterdeep possess a healthy dislike of these items, though common folk can often be heard saying, usually quietly, that they merely level the field.",
item034,uti,LocalizedName,0,-1,Anti-Magic Shield,
item035,uti,DescIdentified,0,-1,"Created deep within the experimental laboratories of Darkhold, the Render is without doubt one of the most savage creatures to ever walk the face of Faerûn. 

The creation of the Render was a terrible accident. The beast is an unholy combination of a summoned tanar'ri and a human prisoner of the Zhentarim. While nefariously allowing the tanar'ri to kill a prisoner for pleasure, a Zhentarim wizard miscast an unknown spell from a scroll. The spell killed the wizard and joined together the tanar'ri and the dying human. The resulting creature killed hundreds of Zhents in Darkhold before escaping into the Far Hills to the south of the citadel, where it has hunted ever since. The render has no memory of its former lives. As far as it is concerned, its existence began in the dungeons of Darkhold. 

The creature is in constant pain from its unholy union. The only way it knows to temporarily relieve this pain is to kill and consume prey - thus the render is a constantly active eating machine. Since the creature fears nothing, it is truly deadly. The render's greatest advantage is its ability to regenerate in a manner similar to a troll. Only electrical damage can permanently kill the render. 

The Zhentarim are desperate to capture the render, but all attempts to do so thus far by Zhentarim wizards and Zhentilar troops have caused twoscore casualties and met with no success.",
item035,uti,LocalizedName,0,-1,"""The Render"" of Darkhold",
item036,uti,DescIdentified,0,-1,"The infinitely deep Abyss is the realm of both chaos and evil - the primary demesne of demons. Each of its infinite layers holds a different sort of inhospitable environment - swamps of fire, mountains of ice, crushing caverns, and empty voids. 
Individual demons have, over the course of millennia, risen from the hordes of their brethren. They gained great power and authority, then established themselves as demon lords. A few demon lords have even risen above the other demon lords, calling themselves demon princes.

These are all self-proclaimed titles. There are no actual qualifications; the Abyss is far too chaotic to develop rigid standards. It is this chaos and lack of organization and hierarchy that separates the demon lords from the archdevils, who have a rigid pecking order, each paying fealty to those in more powerful positions.

Almost every demon lord controls at least one layer of the Abyss. The lords command palaces and fortresses full of lesser demons and monsters, often decorated with tortured prisoners or tormented, damned souls. The demon lords relish pain and suffering as much as they lust for power. They savor corruption and destruction, waging eternal wars with each other to gain dominance. For many years, Demogorgon has been the most powerful demon lord, calling himself Prince of Demons. Both Orcus and Graz'zt contest this title, however. 

Many demon lords, and all demon princes, have a scattering of mortal worshipers gathered in secret cults. These demon cultists may one day, through their sacrifices and devotion, elevate the lords to true godhood, a title that many of the lords, particularly Orcus, have claimed at one time or another.",
item036,uti,LocalizedName,0,-1,Fiendish Codex: The Demon Lords,
item037,uti,DescIdentified,0,-1,"Iyrauroth, also called ""the Wyrm of the Peaks,"" is a male great wyrm black dragon that has laired in the steppes of Thar and in Mount Grimmerfang in the Vast.

In fear of his older sister, Embrurshaile, Iyrauroth spent centuries of his life hiding on other continents. During this time, he sired sixteen sons and daughters. Embrurshaile's death caused a magical backlash in the Weave that likely notified her brother of her demise. He immediately set off with his children to conquer her territory in the Galena Mountains and Thar, joining the Dark Alliance in the process and helping to lay waste to Northkeep in the Year of the Blue Shield, 400 DR. He later went on to destroy Tharniir, shattering the power of the ogres of Thar.

In the Year of Writhing Darkness, 572 DR, Iyrauroth killed with claw and fang the orc Ologh, the Overking of Vastar, plunging the orcish kingdom into civil war.

Iyrauroth later fell into a deep slumber under the steppes of Thar that lasted for centuries.

A Cult of the Dragon cell, namely the Wyrmsmoke cell, awoke Iyrauroth by 1369 DR. They attempted to persuade him to undergo the transformation into a dracolich, and gave him offerings. Iyrauroth only found their efforts amusing.

Stirred from his rest now, Iyrauroth acted as he pleased, and took to raiding caravans crossing Thar between Glister, Melvaunt, and Phlan, including those run by the Cult. When a whole caravan to Glister disappeared and agents reported on the previously unknown black dragon's raids, the Zhentarim feared that the Cult of the Dragon was responsible. To preserve trade, they marched Zhentilar troops into Thar, to which the Cult reacted by rallying local tribes to their cause, until a war loomed.

Iyrauroth's current whereabouts and activities are unknown. What is certain, however, is that the Wyrm of the Peaks remains one of the most dangerous black dragons to have plagued the northern Realms.",
item037,uti,LocalizedName,0,-1,Iyrauroth: The Wyrm of the Peaks,
item038,uti,DescIdentified,0,-1,"This large, leather-bound journal appears to have belonged to Maganus. Somewhat surprisingly, the book is not magically warded - though it is unlikely the archmage would ever have conceived of someone penetrating his inner sanctum. The journal details the major events of his life over the last few years, beginning with his recovery of the Netherese artifact Dominion from the Great Glacier.

Throughout the journal, Maganus's regret at his actions is obvious. It is clear that he is a man who knows the evil of what it is he does but is nonetheless committed to his course of action. From first contacting the Crippled Fang, to his alliance with the ogre mages of Kur-Tharsu, the archmage writes of how, in another life and another time, he might have been the one to stand in their way.

There is another noticeable theme besides his guilt at his actions, which is that Maganus is afraid. He makes frequent reference to a bargain he made with a demon prince on the morning he was supposed to hang on the walls of Zhentil Keep. He lost an eye that day - but his life was saved by the intervention of a force greater even than the Zhentarim. In return for saving Maganus so that he might finish his crusade against the Black Network, this demon prince was promised the archmage's everlasting soul. The final line of the journal is telling:

""I do not fear death,"" Maganus writes. ""I fear what comes after.""",
item038,uti,LocalizedName,0,-1,Maganus's Journal,
item039,uti,DescIdentified,0,-1,"In all the history of the civilized races, no nation forwarded the advancement of magic so much, or fell so quickly, as the human nation of Netheril. Ruled by Archwizards whose power was so great they created flying cities in the clouds, Netheril remains the ultimate testament both to human ambition and human hubris. 

It is said that the mightiest Archwizards of Netheril could challenge the very gods, and in the end, this proved to be their undoing. The Archwizard Karsus, desperately seeking a way to fight back against the magic-draining race known as the phaerimm which were threatening the existence of Netheril, cast a mighty spell that stole the divinity of the goddess of magic. Unable to cope with his sudden ascent to godhood, Karsus was destroyed by the divine energy tearing him apart. In an instant, magic failed across the Realms. The floating enclaves of Netheril fell and crashed to earth, killing all within.

Even now, almost two thousand years after the Fall of Netheril, remnants of that great civilization remain to remind us of an age when magic was at its zenith. Among the most powerful artifacts of ancient Netheril were the Blades, each one forged by one of the greatest Archwizards of the period. It is said that with such a weapon, one of ambition could raise or destroy armies, for they each hold a portion of their creator's power. Fortunately, all such weapons have been lost. For the sake of continued peace in the Realms, it might be best for all  if they rest undiscovered until the end of time.",
item039,uti,LocalizedName,0,-1,Netheril: The Pride of the Archwizards,
item040,uti,DescIdentified,0,-1,"Also known as the Great Gray Land, Thar is a windswept, broken moor with a harsh climate. The local ogres and orcs speak of a time when their people built a great kingdom here, but nothing is left of it now except warring tribes. Legends also speak of Vorbyx's Hammer, a great weapon carried by the first king of Thar, which is presumably hidden somewhere waiting for a new king to wield it. Manticores, giant lizards, bulettes, and flying monstrosities such as yrthaks roam the land. The region is used as a caravan route through the northern Moonsea, with the trademeet site of Glister being the sole human settlement in the area.

The many humanoid tribes of Thar often carry out attacks on caravans heading to or from Glister, the camps in the Galenas foothills, or villages in the Stojanow Vale. In an attempt to keep them in check and bring stability to the area, lords and merchants have been known to enter into agreements with the tribes to encourage them not to attack, but these agreements break down easily. Scouts, hired adventuring companies, and the barbarians of the Ride also venture into Thar to hunt these tribes and destroy any creatures they encounter.",
item040,uti,LocalizedName,0,-1,Thar: Land of the Beast-Men,
item041,uti,DescIdentified,0,-1,"Of old, the lands north of the Moonsea coast were what human chroniclers call ""the Land of the Beast-Men,"" or ""the great gray land of Thar.""

Thar is a land of gray stone, tumbled boulders, and loose scree heaped and scattered everywhere across open wilderland. Rolling hills are split here and there by sharp, sinuous stony ridges ""like the tails of gigantic dragons frozen forever in stone,"" as the human sage Gharoanrus of Tsurlagol put it.

In the days before the rise of Zhentil Keep, this region was ""a-crawl with orcs,"" being the northernmost reach of the orc realm of Vastar, but before that it was a kingdom of the beast-men, or ogres and before that, a realm of giants.

A succession of Tharkuls ruled the ogre kingdom of Thar, and they wielded a great hammer that only a large and strong ogre could hope to swing. No ogre could be Tharkul without the hammer, but no ogre could hold the Tharkul-seat for long without the respect of the ogre elders and many would-be usurpers always lurked, for the Tortured Lands were near at hand. That difficult terrain of stone needles, upthrust from the rock like the bristles of a thistle, offered hiding for hundreds of hardy creatures. Caves riddled the area, with ice in the deep and shadowed places. Here, cold-tolerating creatures served as ready food, from small birds to large stalking and slithering monsters.

Many Tharkuls fell in battle or died of the wounds they took when defeating a challenge from another ogre seeking to be Tharkul. A few succumbed to disease or the ravages of advanced age and died as sitting Tharkuls.

Unknown to most, the true power behind the Tharkuls lay in the Kur-Tharsu, or ""Overlords of Thar."" These ogres - commonly called oni in western Faerûn, though in truth they are but the weakest form of the formidable oni that originated in Kara-Tur - built a great stronghold from which they ruled over their kingdom and manipulated the current Tharkul. It is said the great gate of the Kur-Tharsu stronghold is impenetrable, and that it is large enough to house an army capable of overrunning a human city.",
item041,uti,LocalizedName,0,-1,"The Kur-Tharsu, ""Overlords of Thar""",
item042,uti,DescIdentified,0,-1,"The foul malaugrym were until recently thought to be the corrupt and tainted offspring of the wizard Malaug, reputedly the first human to explore the Plane of Shadow, preceding even the Netherese. However, that theory may have been incorrect, for the vile clan of shapeshifting creatures may have originated in a place even more alien than the Plane of Shadow.

Able to duplicate any creature that it has ever seen with near perfection, each malaugrym nevertheless has one favorite form that it reverts to when seriously threatened. Normally, however, the malaugrym blend into the population of Faerûn, masquerading as humanoids and settling for periods of time in great urban centers where their favorite food - humans - is plentiful.

The malaugrym eventually plan to invade Faerûn but are hindered by several weaknesses, including an inability to master planar magic and a pathological need to amuse themselves with acts of cruelty. The leader of the race is known as the Shadowmaster, and the creatures are collectively known as the shadowmasters. Until recently, five of these creatures were known to inhabit Faerûn. The last couple of years, however, has seen a near doubling of that number. Should the malaugrym ever make a concerted effort to work together, rather than pursuing their own individual agendas, the Realms could quickly face a threat of epic proportions.
",
item042,uti,LocalizedName,0,-1,Volo's Bestiaries: The Malaugrym,
item043,uti,DescIdentified,0,-1,"Found on a corpse in a shallow grave outside of Elmwood, this sturdy chain armor has a mildly unpleasant smell.",
item043,uti,LocalizedName,0,-1,Grave Touched Mail,
item044,uti,LocalizedName,0,-1,Charon's Claw,
item045,uti,DescIdentified,0,-1,"This vile weapon was wielded by Quah-Nomag, the infamous priest of Orcus.",
item045,uti,LocalizedName,0,-1,The Skull-King's Flail,
item046,uti,DescIdentified,0,-1,This key opens the prison in the slaver complex in Zhentil Keep.,
item046,uti,LocalizedName,0,-1,Slaver Leader's Key,
item047,uti,DescIdentified,0,-1,"Kaela,

Things are moving ahead as planned. Continue to work on Iyrauroth - the mighty Wyrm of the Peaks must be convinced of the merits of the gift we offer. Shashurra proved to be a grave disappointment; we shall need other Sacred Ones if the First-Speaker's vision is to be brought to glorious fruition!

- POE",
item047,uti,LocalizedName,0,-1,"Note from ""Poe""",
item048,uti,DescIdentified,0,-1,"This magic weapon has an enhancement bonus to attack and damage, but it doesn't bear the hallmarks of any specific maker.",
item048,uti,LocalizedName,0,-1,Drow Longsword +5,
item049,uti,DescIdentified,0,-1,"This magic weapon has an enhancement bonus to attack and damage, but it doesn't bear the hallmarks of any specific maker.",
item049,uti,LocalizedName,0,-1,Drow Longsword +4,
item050,uti,DescIdentified,0,-1,"This magic weapon has an enhancement bonus to attack and damage, but it doesn't bear the hallmarks of any specific maker.",
item050,uti,LocalizedName,0,-1,Drow Mace +5,
item051,uti,DescIdentified,0,-1,This key should unlock the door to Ikathilo's room in the Purple Porrtals.,
item051,uti,LocalizedName,0,-1,Key to Ikathilo's Room,
item052,uti,DescIdentified,0,-1,"Harper pins are silver brooches given to new members of the Harpers. They protect the wearer from various spells designed to read a person's thoughts.

Undercover Harper agents often use these pins to identify each other when operating in places their presence would not be tolerated.

Sharalyn's Harper pin is of the greater variety, granting her additional protection.",
item052,uti,LocalizedName,0,-1,Sharalyn's Harper Pin,
item053,uti,LocalizedName,0,-1,Tri-Flower Frond Properties,
kt_beaconinn_roo,uti,DescIdentified,0,-1,A key to the upper floor of the Beacon Inn in Thentia.,
kt_beaconinn_roo,uti,LocalizedName,0,-1,Beacon Inn Key,
kt_cloak_rooms,uti,DescIdentified,0,-1,A key to the upper floor of the Traveler's Cloak Inn in Mulmaster.,
kt_cloak_rooms,uti,LocalizedName,0,-1,Traveler's Cloak Key,
kt_inletinn_room,uti,DescIdentified,0,-1,A key to the upper floor of the Inlet Inn in Thentia.,
kt_inletinn_room,uti,LocalizedName,0,-1,Inlet Inn Key,
kt_pride_rooms,uti,DescIdentified,0,-1,A key to the upper floor of the Pride of Zhentil Keep.,
kt_pride_rooms,uti,LocalizedName,0,-1,Pride of Zhentil Keep Key,
ktstrongholdkey,uti,DescIdentified,0,-1,"A key to the Kur-Tharsu stronghold, plundered from the ogre chieftain Kragdar.",
ktstrongholdkey,uti,LocalizedName,0,-1,Kur-Tharsu Stronghold Key,
kurtharsugateski,uti,LocalizedName,0,-1,Kur-Tharsu Gate Properties,
larissgarb,uti,LocalizedName,0,12929,Laris's Garb,
legacyoftheoni,uti,DescIdentified,0,-1,"What the typical Faerûnian scholar understands to be an oni - an ogre mage - is but a weaker variety of the oni that inhabit the eastern lands of Kara-Tur. Violent creatures of great strength and even greater magical abilities, the mightiest oni rival the greatest demons and genies in power. This katana was created by one such being, perhaps with ideas of conquering the western lands in mind.",
legacyoftheoni,uti,LocalizedName,0,-1,Legacy of the Oni,
lesserdominion,uti,DescIdentified,0,-1,"There is something odd about this weapon - its powers are nowhere near as strong as you remember. It is as though someone drained Dominion of much of its power, or else created a convincing duplicate of the real weapon. What reason anyone would have to do that, however, you have no idea.",
lesserdominion,uti,LocalizedName,0,-1,Dominion,
locktowergatekey,uti,DescIdentified,0,-1,This is the key to main Locktower gates.,
locktowergatekey,uti,LocalizedName,0,-1,Locktower Gate Key,
lyressapropertie,uti,LocalizedName,0,13205,Lyressa Properties,
lyressastunic,uti,DescIdentified,0,-1,"Lyressa's tunic is a dark, midnight blue and black, ideal for blending into the shadows during the early hours of the morning. It smells faintly of herbs, which Lyressa employs to keep herself smelling ""fresh"".",
lyressastunic,uti,LocalizedName,0,12905,Lyressa's Tunic,
maarcl028,uti,DescIdentified,0,13760,"Armor made from the scales of evil chromatic dragons are uncommon, but this armor was made from the scales of a dead gold dragon - a paragon of good. Given its presence among Iyrauroth's hoard, it is reasonable to assume the Wyrm of the Peaks had a hand, or rather a claw, in its creation. However it came to be, the armor is incredibly light and strong, able to turn away the mightiest of blows.",
maarcl028,uti,LocalizedName,0,13759,Gold Dragon Armor,
maarcl038,uti,LocalizedName,0,13779,Thalia's Chainmail,
maceofdarkness,uti,DescIdentified,0,-1,"These weapons are used by many evil priests and warriors across the Realms. These metal maces are fearsomely spiked and allow the wielder to create darkness at will. Only evil beings may use these weapons: if they touch the flesh of a good-aligned creature, they immediately deal a powerful electrical shock.",
maceofdarkness,uti,LocalizedName,0,-1,Mace of Darkness,
maceofthemoon,uti,DescIdentified,0,-1,"Blessed under the light of the full moon by a high-ranking priest of Selûne, these maces are particularly effective against the undead who wither from the divine moonlight stored within the mace's sharp flanges. This lunar power also imparts the wielder with restorative abilities in order to heal the afflicted.",
maceofthemoon,uti,LocalizedName,0,-1,Mace of the Moon,
maganuspropertie,uti,LocalizedName,0,-1,Maganus Properties,
magicgolemproper,uti,LocalizedName,0,13156,Magic Golem Properties,
masterworkbastar,uti,Description,0,-1,"Masterwork items are extraordinarily well-made items. They are more expensive, but they benefit the user with improved quality. They are not magical in any way, although only masterwork items may be enchanted to become magical.",
masterworkbastar,uti,LocalizedName,0,-1,Masterwork Bastard Sword,
masterworkbattle,uti,Description,0,-1,"Masterwork items are extraordinarily well-made items. They are more expensive, but they benefit the user with improved quality. They are not magical in any way, although only masterwork items may be enchanted to become magical.",
masterworkbattle,uti,LocalizedName,0,-1,Masterwork Battleaxe,
masterworkclub,uti,Description,0,-1,"Masterwork items are extraordinarily well-made items. They are more expensive, but they benefit the user with improved quality. They are not magical in any way, although only masterwork items may be enchanted to become magical.",
masterworkclub,uti,LocalizedName,0,-1,Masterwork Club,
masterworkdagger,uti,Description,0,-1,"Masterwork items are extraordinarily well-made items. They are more expensive, but they benefit the user with improved quality. They are not magical in any way, although only masterwork items may be enchanted to become magical.",
masterworkdagger,uti,LocalizedName,0,-1,Masterwork Dagger,
masterworkdart,uti,Description,0,-1,"Masterwork items are extraordinarily well-made items. They are more expensive, but they benefit the user with improved quality. They are not magical in any way, although only masterwork items may be enchanted to become magical.",
masterworkdart,uti,LocalizedName,0,-1,Masterwork Dart,
masterworkdirema,uti,Description,0,-1,"Masterwork items are extraordinarily well-made items. They are more expensive, but they benefit the user with improved quality. They are not magical in any way, although only masterwork items may be enchanted to become magical.",
masterworkdirema,uti,LocalizedName,0,-1,Masterwork Dire Mace,
masterworkdouble,uti,Description,0,-1,"Masterwork items are extraordinarily well-made items. They are more expensive, but they benefit the user with improved quality. They are not magical in any way, although only masterwork items may be enchanted to become magical.",
masterworkdouble,uti,LocalizedName,0,-1,Masterwork Double Axe,
masterworkgreata,uti,Description,0,-1,"Masterwork items are extraordinarily well-made items. They are more expensive, but they benefit the user with improved quality. They are not magical in any way, although only masterwork items may be enchanted to become magical.",
masterworkgreata,uti,LocalizedName,0,-1,Masterwork Greataxe,
masterworkgreats,uti,Description,0,-1,"Masterwork items are extraordinarily well-made items. They are more expensive, but they benefit the user with improved quality. They are not magical in any way, although only masterwork items may be enchanted to become magical.",
masterworkgreats,uti,LocalizedName,0,-1,Masterwork Greatsword,
masterworkhalber,uti,Description,0,-1,"Masterwork items are extraordinarily well-made items. They are more expensive, but they benefit the user with improved quality. They are not magical in any way, although only masterwork items may be enchanted to become magical.",
masterworkhalber,uti,LocalizedName,0,-1,Masterwork Halberd,
masterworkhandax,uti,Description,0,-1,"Masterwork items are extraordinarily well-made items. They are more expensive, but they benefit the user with improved quality. They are not magical in any way, although only masterwork items may be enchanted to become magical.",
masterworkhandax,uti,LocalizedName,0,-1,Masterwork Handaxe,
masterworkheavyc,uti,Description,0,-1,"Masterwork items are extraordinarily well-made items. They are more expensive, but they benefit the user with improved quality. They are not magical in any way, although only masterwork items may be enchanted to become magical.",
masterworkheavyc,uti,LocalizedName,0,-1,Masterwork Heavy Crossbow,
masterworkheavyf,uti,Description,0,-1,"Masterwork items are extraordinarily well-made items. They are more expensive, but they benefit the user with improved quality. They are not magical in any way, although only masterwork items may be enchanted to become magical.",
masterworkheavyf,uti,LocalizedName,0,-1,Masterwork Heavy Flail,
masterworkkama,uti,Description,0,-1,"Masterwork items are extraordinarily well-made items. They are more expensive, but they benefit the user with improved quality. They are not magical in any way, although only masterwork items may be enchanted to become magical.",
masterworkkama,uti,LocalizedName,0,-1,Masterwork Kama,
masterworkkatana,uti,Description,0,-1,"Masterwork items are extraordinarily well-made items. They are more expensive, but they benefit the user with improved quality. They are not magical in any way, although only masterwork items may be enchanted to become magical.",
masterworkkatana,uti,LocalizedName,0,-1,Masterwork Katana,
masterworkkukri,uti,Description,0,-1,"Masterwork items are extraordinarily well-made items. They are more expensive, but they benefit the user with improved quality. They are not magical in any way, although only masterwork items may be enchanted to become magical.",
masterworkkukri,uti,LocalizedName,0,-1,Masterwork Kukri,
masterworklightc,uti,Description,0,-1,"Masterwork items are extraordinarily well-made items. They are more expensive, but they benefit the user with improved quality. They are not magical in any way, although only masterwork items may be enchanted to become magical.",
masterworklightc,uti,LocalizedName,0,-1,Masterwork Light Crossbow,
masterworklightf,uti,Description,0,-1,"Masterwork items are extraordinarily well-made items. They are more expensive, but they benefit the user with improved quality. They are not magical in any way, although only masterwork items may be enchanted to become magical.",
masterworklightf,uti,LocalizedName,0,-1,Masterwork Light Flail,
masterworklighth,uti,Description,0,-1,"Masterwork items are extraordinarily well-made items. They are more expensive, but they benefit the user with improved quality. They are not magical in any way, although only masterwork items may be enchanted to become magical.",
masterworklighth,uti,LocalizedName,0,-1,Masterwork Light Hammer,
masterworklongbo,uti,Description,0,-1,"Masterwork items are extraordinarily well-made items. They are more expensive, but they benefit the user with improved quality. They are not magical in any way, although only masterwork items may be enchanted to become magical.",
masterworklongbo,uti,LocalizedName,0,-1,Masterwork Longbow,
masterworklongsw,uti,Description,0,-1,"Masterwork items are extraordinarily well-made items. They are more expensive, but they benefit the user with improved quality. They are not magical in any way, although only masterwork items may be enchanted to become magical.",
masterworklongsw,uti,LocalizedName,0,-1,Masterwork Longsword,
masterworkmace,uti,Description,0,-1,"Masterwork items are extraordinarily well-made items. They are more expensive, but they benefit the user with improved quality. They are not magical in any way, although only masterwork items may be enchanted to become magical.",
masterworkmace,uti,LocalizedName,0,-1,Masterwork Mace,
masterworkmornin,uti,Description,0,-1,"Masterwork items are extraordinarily well-made items. They are more expensive, but they benefit the user with improved quality. They are not magical in any way, although only masterwork items may be enchanted to become magical.",
masterworkmornin,uti,LocalizedName,0,-1,Masterwork Morningstar,
masterworkquarte,uti,Description,0,-1,"Masterwork items are extraordinarily well-made items. They are more expensive, but they benefit the user with improved quality. They are not magical in any way, although only masterwork items may be enchanted to become magical.",
masterworkquarte,uti,LocalizedName,0,-1,Masterwork Quarterstaff,
masterworkrapier,uti,Description,0,-1,"Masterwork items are extraordinarily well-made items. They are more expensive, but they benefit the user with improved quality. They are not magical in any way, although only masterwork items may be enchanted to become magical.",
masterworkrapier,uti,LocalizedName,0,-1,Masterwork Rapier,
masterworkscimit,uti,Description,0,-1,"Masterwork items are extraordinarily well-made items. They are more expensive, but they benefit the user with improved quality. They are not magical in any way, although only masterwork items may be enchanted to become magical.",
masterworkscimit,uti,LocalizedName,0,-1,Masterwork Scimitar,
masterworkscythe,uti,Description,0,-1,"Masterwork items are extraordinarily well-made items. They are more expensive, but they benefit the user with improved quality. They are not magical in any way, although only masterwork items may be enchanted to become magical.",
masterworkscythe,uti,LocalizedName,0,-1,Masterwork Scythe,
masterworksho001,uti,Description,0,-1,"Masterwork items are extraordinarily well-made items. They are more expensive, but they benefit the user with improved quality. They are not magical in any way, although only masterwork items may be enchanted to become magical.",
masterworksho001,uti,LocalizedName,0,-1,Shortbow +1,
masterworkshortb,uti,Description,0,-1,"Masterwork items are extraordinarily well-made items. They are more expensive, but they benefit the user with improved quality. They are not magical in any way, although only masterwork items may be enchanted to become magical.",
masterworkshortb,uti,LocalizedName,0,-1,Masterwork Shortbow,
masterworkshorts,uti,Description,0,-1,"Masterwork items are extraordinarily well-made items. They are more expensive, but they benefit the user with improved quality. They are not magical in any way, although only masterwork items may be enchanted to become magical.",
masterworkshorts,uti,LocalizedName,0,-1,Masterwork Short Sword,
masterworkshurik,uti,Description,0,-1,"Masterwork items are extraordinarily well-made items. They are more expensive, but they benefit the user with improved quality. They are not magical in any way, although only masterwork items may be enchanted to become magical.",
masterworkshurik,uti,LocalizedName,0,-1,Masterwork Shuriken,
masterworksickle,uti,Description,0,-1,"Masterwork items are extraordinarily well-made items. They are more expensive, but they benefit the user with improved quality. They are not magical in any way, although only masterwork items may be enchanted to become magical.",
masterworksickle,uti,LocalizedName,0,-1,Masterwork Sickle,
masterworksling,uti,Description,0,-1,"Masterwork items are extraordinarily well-made items. They are more expensive, but they benefit the user with improved quality. They are not magical in any way, although only masterwork items may be enchanted to become magical.",
masterworksling,uti,LocalizedName,0,-1,Masterwork Sling,
masterworkspear,uti,Description,0,-1,"Masterwork items are extraordinarily well-made items. They are more expensive, but they benefit the user with improved quality. They are not magical in any way, although only masterwork items may be enchanted to become magical.",
masterworkspear,uti,LocalizedName,0,-1,Masterwork Spear,
masterworkthrowi,uti,Description,0,-1,"Masterwork items are extraordinarily well-made items. They are more expensive, but they benefit the user with improved quality. They are not magical in any way, although only masterwork items may be enchanted to become magical.",
masterworkthrowi,uti,LocalizedName,0,-1,Masterwork Throwing Axe,
masterworkwarham,uti,Description,0,-1,"Masterwork items are extraordinarily well-made items. They are more expensive, but they benefit the user with improved quality. They are not magical in any way, although only masterwork items may be enchanted to become magical.",
masterworkwarham,uti,LocalizedName,0,-1,Masterwork Warhammer,
masterworkwhip,uti,Description,0,-1,"Masterwork items are extraordinarily well-made items. They are more expensive, but they benefit the user with improved quality. They are not magical in any way, although only masterwork items may be enchanted to become magical.",
masterworkwhip,uti,LocalizedName,0,-1,Masterwork Whip,
mcloth002,uti,LocalizedName,0,40075,Melyrk's Outift,
mcloth005,uti,LocalizedName,0,13854,Maalthiir's Black Robe of the Archmagi,
mcloth006,uti,LocalizedName,0,13854,Nightshade Robe,
minionofdarkness,uti,LocalizedName,0,-1,Minion of Darkness Properties,
minionoftyrannyp,uti,LocalizedName,0,-1,Minion of Tyranny Properties,
minorofhatredpro,uti,LocalizedName,0,-1,Minion of Hatred Properties,
moondust,uti,DescIdentified,0,57999,"Some priests of Selûne are able to conjure a moon blade, whose strike drains vitality without inflicting any visible wounds. Undead are particularly affected, their dead matter boiling away on contact.

Occasionally, moondust can be harvested from the residue left from an undead creature destroyed by a moon blade. This dust can be blessed in a temple of Selûne to activate its powers.

Sprinkling the blessed dust into the air creates a number of moon motes: dancing lights which will heal wounds and remove debilitating effects afflicting the creator's party.",
moondust,uti,Description,0,57984,This dust sparkles with a pale silver light.,
moondust,uti,LocalizedName,0,57983,Moondust,
moonsilvershard,uti,DescIdentified,0,-1,This silvery dart turns into a small bolt of magical force when thrown and unerringly strikes its target.,
moonsilvershard,uti,LocalizedName,0,-1,Moonsilver Shard,
mourningsword,uti,DescIdentified,0,-1,"This longsword evidently has a lengthy history judging from numerous notches and nicks in the exceptionally sharp, dark steel blade. The hilt is made from a white polished substance resembling ivory. The weapon emits a low humming sound when drawn from its scabbard.",
mourningsword,uti,LocalizedName,0,-1,Mourning Sword,
mulmasternavy,uti,LocalizedName,0,12835,Mulmaster Naval Attire,
mulmasternavy001,uti,LocalizedName,0,12835,Mulmaster Admiral Attire,
mysteriousmagega,uti,Description,0,91088,The fabric of this robe bristles with magical energy as you run your hand across it.,이 로브의 천은 손으로 쓸면 마법 에너지로 쭈뼛합니다.
mysteriousmagega,uti,LocalizedName,0,91092,Mysterious Mage Garments,
necklaceofstorms,uti,DescIdentified,0,-1,"This holy relic was stolen from The Jagged Rocks, a temple devoted to The Queen of the Depths, Umberlee.",
necklaceofstorms,uti,LocalizedName,0,-1,Amulet of Storms,
nightwalkerprope,uti,LocalizedName,0,-1,Nightwalker Properties,
notefromkaela,uti,DescIdentified,0,-1,"Oh, mighty Wyrm of the Peaks, whose name we are not worthy to utter, we hope this message reaches your magnificent, maleficent self, and that the messenger who delivered it proved to be a satisfying meal for your voracious appetite.

How we long to see you soaring above us, your wings darkening the sky, as you breathe your acidic elixir upon those who do not bow before your undoubted might.

We have established a base in Thentia, and even from this distance we can detect the unmistakable power of your aura, which we bask in with humble gratitude every moment of the day.

Our servitude is eternal and unquestionable, and we remain willing to provide our humble assistance if you choose to accept our offer of conducting the transformation process. 

Already we have commenced procuring the artefacts necessary to complete the ceremony, and we tremble with anticipation at the thought of the most powerful dragon in the Realms becoming a dracolich!

Your power is indisputable and unrivaled, yet this metamorphosis would ensure deserved immortality for the greatest dragon there ever has been, or will be!

Your servant, 

Kaela",
notefromkaela,uti,LocalizedName,0,-1,Note from Kaela,
notefromwak,uti,DescIdentified,0,-1,"""Better luck next time.

                                      -- Wak""",
notefromwak,uti,LocalizedName,0,-1,Note from Wak,
notetosorin,uti,DescIdentified,0,-1,"""I have set up a temporary hideout beneath the old well. With my superior shapechanging abilities, only I can access it, for it is otherwise boarded up and inaccessible to anything larger than a mouse. The simpletons of this village will suspect nothing.

You are to rendezvous with Devalle at the Still Waters Inn, and then meet me in the forest at the agreed spot. I will be wearing the form of the bald druid. He truly was delicious.""",
notetosorin,uti,LocalizedName,0,-1,Note to Sorin,
notewritteninblo,uti,DescIdentified,0,-1,"The time is almost upon us, my brethren. Soon you will be called upon to fulfill the purpose for which you were created. Until then, feed lightly upon the people of this city. You must not arouse suspicion. Fail me, and my master's wrath will deliver agonies of which you could never conceive.

- Kauvra",
notewritteninblo,uti,LocalizedName,0,-1,Note Written in Blood,
oddnote,uti,DescIdentified,0,-1,"We meet here at midnight and depart before the accursed sun rises in the east. Kill any unfortunate enough to witness our passing. Let their blood soak the earth here to honor Lloth.

- M.",
oddnote,uti,LocalizedName,0,-1,Odd Note,
onehandsarmor,uti,LocalizedName,0,63841,Onehand's Armor,
orboftesting,uti,LocalizedName,0,-1,Orb of Testing,
orboftesting,uti,LocalizedName,0,-1,Orb of Testing,
orcusproperties,uti,LocalizedName,0,-1,Orcus Properties,
ordermagerobe,uti,LocalizedName,0,12927,Order Mage Robe,
orderpriestrobe,uti,LocalizedName,0,13799,Order Priest Robe,
orderwarriorrobe,uti,LocalizedName,0,13798,Order Warrior Robe,
pigsticker,uti,DescIdentified,0,-1,"The true name of this terrible spear has been lost through time, but those souls lucky enough to have survived an encounter with the Dark Druids of the Archwood have taken to referring to it simply as ""Pigsticker."" Unlike most druids, the Dark Druids of the Archwood make effort to accommodate the needs of civilization. Woodcutters and hunters who are foolish enough to enter the forest run the risk of an encounter with these evil druids, who deal slay without mercy.",
pigsticker,uti,LocalizedName,0,-1,Pigsticker,
pirateclothes1,uti,LocalizedName,0,12930,Pirate Clothes,
pirateclothes2,uti,LocalizedName,0,12930,Pirate Clothes,
pirateclothes3,uti,LocalizedName,0,12930,Pirate Clothes,
pixielance,uti,DescIdentified,0,-1,"Necromancers have very little tolerance for jokes at their expense, so the reaction of Lord Agorn Deathknell to a precariously perched bucket of chum above his laboratory door was entirely predictable, as was the death of the pixie responsible. The surprising part, especially to Argon, was the retaliation of dozens of outraged fey folk, who never suffer a poor sport. A number of their blades were recovered from Agorn's carcass.",
pixielance,uti,LocalizedName,0,-1,Pixie Lance +3,
potionofheroism,uti,DescIdentified,0,-1,These powerful potions imbue the drinker with great strength and fortitude.,
potionofheroism,uti,LocalizedName,0,-1,Potion of Heroism,
priestessofch001,uti,LocalizedName,0,-1,Priestess of Tymora Robe,
priestessofchaun,uti,LocalizedName,0,-1,Priestess of Chauntea Robe,
priestessofmiel,uti,LocalizedName,0,-1,Priestess of Mielikki Robe,
prisonkey,uti,DescIdentified,0,-1,This rusty old key unlocks the gate leading down to the prison beneath the Locktower.,
prisonkey,uti,LocalizedName,0,-1,Prison Key,
razzak,uti,DescIdentified,0,-1,"This short sword is likely of drow origin. Scholars have translated the name to mean ""Eater of Souls,"" and that seems appropriate: the sword feasts on the life of those it wounds, transferring some of this energy back to its wielder. Lyressa will not elaborate on how she originally came by the weapon, but its power is eminently suited to her undead state and new-found assassination skills.",
razzak,uti,LocalizedName,0,-1,R'azzak Kahan,
redkey,uti,DescIdentified,0,-1,This key was created from some reddish metal and is curiously warm to the touch.,
redkey,uti,LocalizedName,0,-1,Red Key,
redplumebanded,uti,LocalizedName,0,13816,Red Plume Banded Mail +2,
redplumehelm,uti,LocalizedName,0,-1,Red Plume Helm,
religionsofthemo,uti,DescIdentified,0,-1,"The common faiths of the Moonsea reflect its dangerous nature; most of the gods worshiped here are of the ""worship me or bad things will happen to you"" variety, and the rest fall into the ""worship me or I will do bad things to you"" category. Whether overt or subtle, these faiths influence how the local people think. Visitors who worship bright and noble gods are likely to be scoffed at behind their backs, while those who worship ""frivolous"" deities such as Eldath, Lliira, Milil, Sharess, and Sune are often derided to their face. Adventurers who proselytize ""foreign"" religions quickly draw the attention of Banite loyalists and others who openly serve the evil deities favored here. Most Moonsea folk pay lip service to these deities just to keep potential threats away, not necessarily fully embracing the dark philosophies of these deities.",
religionsofthemo,uti,LocalizedName,0,-1,Religions of the Moonsea,
renderproperties,uti,LocalizedName,0,-1,Render Properties,
repeatingcrossbo,uti,DescIdentified,0,-1,"This light crossbow has been specially enchanted so that it can fire and reload much faster than a regular crossbow. As a side effect, it also greatly increases the movement speed of the wielder.",
repeatingcrossbo,uti,LocalizedName,0,-1,Repeating Crossbow,
ringofantivenom,uti,DescIdentified,0,-1,"These powerful rings can neutralize any known poison. They are highly prized among members of the Black Network, who are no strangers to using underhanded methods like poisoning their rivals to get ahead.",
ringofantivenom,uti,LocalizedName,0,-1,Ring of Antivenom,
rustykey,uti,DescIdentified,0,-1,"This key is worn and rusty with age, but still appears to be functional.",
rustykey,uti,LocalizedName,0,-1,Rusty Key,
scepterofthetyra,uti,LocalizedName,0,-1,Scepter of the Tyrant's Eye,
scribblednote,uti,DescIdentified,0,-1,"That's it, we're done here. This damned warehouse is haunted.

- Baz",
scribblednote,uti,LocalizedName,0,-1,Scribbled Note,
scrolloffreedom,uti,DescIdentified,0,-1,"Caster Level(s): Wizard / Sorcerer 9
School: Abjuration
Descriptor(s):
Component(s): Verbal, Somatic
Range: Short
Area of Effect / Target: Point
Duration: Instant
Additional Counter Spells:
Save: None
Spell Resistance: Yes

To free someone from the Imprisonment spell, you must cast this spell at the spot where he or she was entombed.",
scrolloffreedom,uti,LocalizedName,0,-1,Scroll of Freedom,
scrollofilusion,uti,DescIdentified,0,-1,"This scroll, given to you by Sharalyn Lockleaf, casts a spell of illusion upon you, allowing you to pass as human while in Hillsfar. The effects are only temporary, and the scroll has but a single use. You should wait until you are within sight of Hillsfar's walls before using it.",
scrollofilusion,uti,LocalizedName,0,-1,Scroll of Illusion,
sevenstarsofhala,uti,DescIdentified,0,-1,"The legendary Tharkul, Halangarog the Four-Armed, is infamous for being the only Tharkul to walk away from Thar. Unlike every other Tharkul, he was never vanquished in battle or died of age old: he simply decided he had had enough. 

The Seven Stars were gifts from Halangarog's seven oni advisors before he relinquished the throne, for they were impressed with Tharkul's mastery of the eastern weapons. Each of the ogre mages imparted a little of their life force into their star, hoping to see them one day used in battle. Alas, Halangarog abdicated before it ever came to pass.",
sevenstarsofhala,uti,LocalizedName,0,-1,Seven Stars of Halangarog,
shadelevel20p001,uti,LocalizedName,0,-1,Shade Level 15 Properties,
shadelevel20p002,uti,LocalizedName,0,-1,Shade Level 10 Properties,
shadelevel20prop,uti,LocalizedName,0,-1,Shade Level 20 Properties,
shadovararmor,uti,LocalizedName,0,-1,Shadovar Armor,
sharalynsoutfit,uti,LocalizedName,0,12902,Sharalyn's Outfit,
shard,uti,DescIdentified,0,-1,"This shard of glass was taken from the shattered remains of a magical mirror found in the Dreadspire in Hillsfar. Roughly dagger-shaped, the glass is seemingly as hard as steel, making it a weapon of some potency. Additionally, the life-draining magic of the mirror seems to have been retained in the shard itself.",
shard,uti,LocalizedName,0,-1,Shard,
siegebreaker,uti,DescIdentified,0,-1,"This massive crossbow's name is apt. The amount of force it generates can send a bolt through a brick wall, never mind flesh and bone.",
siegebreaker,uti,LocalizedName,0,-1,Siegebreaker,
silversickleofso,uti,DescIdentified,0,-1,"The silver sickles of Soranth are the legendary weapons of a fallen hierophant of Mielikki. Each silver sickle is forged in the shape of a crescent moon. Four pictographs (one on each side of each blade) depict one of the elements killing a wolflike beast. One shows the canine drowning, one shows the canine burning, one shows the canine being crushed under a rock, and one shows the canine gasping for air. The handles are made of duskwood and wrapped in the blackened leather of a werewolf pelt.",
silversickleofso,uti,LocalizedName,0,-1,Silver Sickle of Soranth,
solarproperties,uti,LocalizedName,0,-1,Solar Properties,
solarrobes,uti,LocalizedName,0,-1,Solar Robes,
solarsword,uti,LocalizedName,0,-1,Solar Sword,
staffoftempusbla,uti,DescIdentified,0,-1,"Tempus Blackthorne was a powerful wizard and a high-ranking member of the Zhentarim who acted as the personal assistant to the god Bane when he was banished to Faerûn during the Time of Troubles. Despite his evil nature, Blackthorne proved a truly loyal servant of the Black Lord, eventually dying due to a miscast spell while attempting to carry out his master's orders. This staff is all that remains of the vaporized archmage.",
staffoftempusbla,uti,LocalizedName,0,-1,Staff of Tempus Blackthorne,
staffoftheelders,uti,DescIdentified,0,-1,"These staves are employed primarily by wizards belonging to nefarious organizations such as the Zhentarim, although on occasion a less evil wizard will make use of one when confronted with a particularly unruly student. The staff emits a soft blue glow, and upon striking the target, can cause the simultaneous loss of both sight and hearing for a short time. ",
staffoftheelders,uti,LocalizedName,0,-1,Staff of the Tutor,
stillwaterskey,uti,DescIdentified,0,-1,This key allows access to the upper floor of the Still Waters Inn.,
stillwaterskey,uti,LocalizedName,0,-1,Still Waters Inn Key,
striker,uti,DescIdentified,0,-1,These powerful staves were originally crafted by a cult of wizard-priests that worshipped Talos. The blackened shafts were taken from mighty oaks toppled during the Storm Lord's frequent rages. The cult then fortified the wood with powerful enchantments and blessed the staff so that the lingering essence of Talos's anger was forever held within.,
striker,uti,LocalizedName,0,-1,Striker,
swordsofthesolar,uti,DescIdentified,0,-1,"This awesome weapon once belonged to a solar, the mightiest of the angels that rule the Celestial Planes. It shines a light equivalent to the brightest torch and can slay most enemies in a single blow.",
swordsofthesolar,uti,LocalizedName,0,-1,Sword of the Solars,
symbolfragmen3,uti,DescIdentified,0,-1,"This stone fragment is one quarter of a stone circle forming the symbol of the god Bane: a black, gauntleted fist squeezing four green rays.",
symbolfragmen3,uti,LocalizedName,0,-1,Symbol of Bane - Lower Left Quadrant,
symbolfragment1,uti,DescIdentified,0,-1,"This stone fragment is one quarter of a stone circle forming the symbol of the god Bane: a black, gauntleted fist squeezing four green rays.",
symbolfragment1,uti,LocalizedName,0,-1,Symbol of Bane - Upper Left Quadrant,
symbolfragment2,uti,DescIdentified,0,-1,"This stone fragment is one quarter of a stone circle forming the symbol of the god Bane: a black, gauntleted fist squeezing four green rays.",
symbolfragment2,uti,LocalizedName,0,-1,Symbol of Bane - Upper Right Quadrant,
symbolfragment4,uti,DescIdentified,0,-1,"This stone fragment is one quarter of a stone circle forming the symbol of the god Bane: a black, gauntleted fist squeezing four green rays.",
symbolfragment4,uti,LocalizedName,0,-1,Symbol of Bane - Lower Right Quadrant,
tag_tm_hlaavinm0,uti,DescIdentified,0,-1,"""Nightshade, you are to meet your brother and my greater doppelganger contact in Laris's Curios in Hillsfar, and then proceed to join the rest of the cell in the warehouse in Melvaunt. The pass phrase is ""the druuth shall always win.""

Keep an eye on Eremuth - I do not trust him.

- Hlaavin""",
tag_tm_hlaavinm0,uti,LocalizedName,0,-1,Missive from Hlaavin,
tanarukkproperti,uti,LocalizedName,0,13148,Tanarukk Properties,
templedistrictga,uti,DescIdentified,0,-1,This key opens the gate to Hillsfar's Temple District.,
templedistrictga,uti,LocalizedName,0,-1,Temple District Gate Key,
tempusplate,uti,LocalizedName,0,181,Priest of Tempus Full Plate,
theartofgolemcra,uti,Description,0,-1,"""The Art of Golem Crafting"" is Ikathilo's lost manuscript.",
theartofgolemcra,uti,LocalizedName,0,-1,The Art of Golem Crafting,
thebrightsword,uti,DescIdentified,0,-1,"Beirmoura is the famed Bright Sword of Thentia, a sentient weapon created over a thousand years ago to combat the wizards of Netheril. She will occasionally allow herself to be wielded by a master whom she respects, and among her abilities is a sizeable arsenal of magic spells that she will unleash upon command. 

To have Beirmoura act on her own free will and join you as a companion, use her Unique Power and speak with her.",
thebrightsword,uti,LocalizedName,0,-1,The Bright Sword,
thecityofhillsfa,uti,DescIdentified,0,-1,"Some say that Zhentil Keep is the most evil city on the Moonsea. They're fools to even think that. Hillsfar is worse - they force elves and other nonhumans to fight to the death in an arena. Their mage-ruler Maalthiir tolerates anything in the city that doesn't interfere with trade, and he tortures people in his dungeons for sport. Maalthiir's private army will protect you if you pay the right bribes, and rob and murder you if you don't. At least the Zhents admit to their evil - the folk of Hillsfar ignore the evil around them so they can make a profit. They are the worst of human nature."" - Dyrlar Graywinter, elf scout of Cormanthor

""Zhentil Keep? Hillsfar? Who can tell which is the lesser of two evils?"" - Moonsea saying

Perched on a rocky bluff overlooking the sea, Hillsfar is a powerful trade city on the Southern Moonsea, importing raw materials and exporting finished goods. Its First Lord, a wholly evil wizard named Maalthiir, keeps the city in a constant state of martial law, enforcing his oppressive edicts with the Red Plumes - a mercenary company that has grown to the size of a private army, loyal only to itself and its wizard leader. The Red Plumes take care of civilian unrest, and Maalthiir keeps the city's wealthy merchants in line. 

""Do not interfere with trade in the city"" is the paramount law of Hillsfar, and even Red Plumes (known to harass and extort locals and visitors alike) are careful not to push too far in their own quest for loot.

Only fifteen years ago, Hillsfar was ruled by a moderate council of humans, half-elves, and representatives of the Elven Court. Then, through blackmail and threats of violence, Maalthiir overthrew the council and installed himself as its First Lord, a position that holds absolute power within the city and its environ.",
thecityofhillsfa,uti,LocalizedName,0,-1,The City of Hillsfar,
thecityofmelvaun,uti,DescIdentified,0,-1,"Melvaunt squats on the Moonsea's northern coast, lit by a thousand forges. It is a city of metalsmiths and merchants, where slaves are traded on the open market but laws are made behind closed doors. Smoke from the workshops hangs like a black curtain over the city, warning away would-be conquerors from Zhentil Keep as well as the savage inhabitants of Thar. 

Those who live in Melvaunt either ally themselves with one of the three ruling families or keep their heads low as they go about their daily business. Much of that business revolves around industries that service the craftsmen and sailors that make Melvaunt their home. The city does a bustling trade in a wide variety of goods, most coming in by ship from Mulmaster or other towns across the Moonsea. 

Melvaunt is cold and clammy, with a persistent mist that defines the city in the eyes of many foreigners. This moisture mixes with the smoke and ash to kill most traces of vegetation, and it leaves an oily residue on buildings, ships, and people.

A Council of Lords nominally rules the city of Melvaunt, although most of the current lords pay more attention to their mercantile interests than to the city's administration. Because trade rules all activity in the city, every member of the council must be a merchant of some repute (although it is often half-joked that such reputation need not be good or honorable).

Three mercantile families hold the majority of power on the council - the Nanthers, the Leiyraghons, and the Bruils, in descending order of influence. Together they hold thirteen of the twenty-one seats currently existing on the council, through blood or alliance. Seven of the other seats are all held by individual merchants who sell their allegiance to the houses on a case-by-case basis. There is currently one vacant seat-that of Lord Envoy, ruler of the council.

The recent death of Dundeld Nanther, patriarch of the family and former Lord Envoy of the council, has weakened the Nanthers' tenuous grasp on power; Dundeld's experience and title legitimized the family's claim to rightful rulership of the city. Now, the power vacuum after his death has mobilized the family's ambitious enemies, and an all-out political war surrounds the choice of the next Lord Envoy.",
thecityofmelvaun,uti,LocalizedName,0,-1,The City of Melvaunt,
thecityofmulmast,uti,DescIdentified,0,-1,"Mulmaster is a bustling center for trade, commerce, and intrigue. While most other cities in Faerûn are surrounded by vegetation, Mulmaster is nestled among the completely barren rocky hills that lead to the Earthspur Mountains. Mulmaster relies upon fish pulled out of the Moonsea and other imported foodstuffs to feed its people. The entire city bears the odor of steelworking and raw fish, something that most visitors find nauseating at first and difficult to adapt to. The city's climate is uncomfortably cold, windy, and wet due to its proximity to the sea. Mulmaster controls no land, but its power stems from its strategic position and the commerce that flows through the city.

A governing council known as the Blades rules the city in name only. The true leader of the city is a warrior known as Selfaril Uoumdolphin, who carries the title High Blade. Ruthless and feared, Selfaril demands absolute loyalty from the other Blades. The nobles are coerced into supporting him. Those who oppose him publicly or move against him in the shadows are either intimidated into submission or assassinated and replaced by those more willing to see things his way. Such fear and reverence have been instilled in his subjects that the High Blade is almost never questioned.

Selfaril married the Tharchion Dmitra Flass of Eltabbar, a Red Wizard, in 1368 DR. Thay has maintained a noticeable presence in the city ever since. As a result, Szass Tam and the remainder of the leadership in Thay have taken considerable interest in Mulmaster, viewing it as an eventual gateway to expansion into the heartlands of Faerûn.

Historically, Mulmaster has been an enemy of the Zhentarim, but in recent years the city has established an alliance with Fzoul Chembryl. Using the resources provided by the Zhentarim and the Red Wizards, Selfaril is easily able to uncover and eliminate any plots against him before they become a real danger. While both groups are loyal to him (as long as it suits them), it has become a balancing act to keep the two groups from working against each other within the city while maintaining good relations with both.
",
thecityofmulmast,uti,LocalizedName,0,-1,The City of Mulmaster,
thecityofthentia,uti,DescIdentified,0,-1,"Southeast of Melvaunt lies the slightly smaller city of Thentia. It is the most militarily weak - yet the most fiercely independent and open city - on the Moonsea. Its liberal governmental policies and extreme social tolerance make it a stronger trade center than its larger neighbor.

Thentia is ruled by a Watchlord, who is elected by the local nobles. The current watchlord is Gelduth Blackturret. The Watchlord's duties include overseeing the city guards and serving as municipal judge. The position of Watchlord is largely symbolic, and the power wielded by Gelduth is minimal and discreet. The Watchlord's term is one year, and re-elections are a common occurrence.

The true power in Thentia is in the hands of the old families. In addition to the ancient clans of the Swifthands, Khodolis, and Birnier, there are the Mamarrathen and the Casplardann. These families are the nobility of Thentia, wielding considerable economic influence - a handy thing in a city devoted to trade.

Thentia is not a strong city, but it does have some effective defenses. The only military force worth mentioning is the Riders of Thentia. This group, a force of 60 soldiers, ride rothé as their mounts of choice. Rothé are mid-sized musk oxen that are very sure-footed on the rocky slopes surrounding the city. The Warders, or city watchmen, comprise eight men in leather armor with clubs and short swords. They are the only police in town. What really keeps the town safe is the large number of mages who have made their homes in the area. Many came here from different parts of the Moonsea to find peace and to distance themselves from organizations such as the Cloaks of Mulmaster and the War Wizards of Cormyr. Their powerful presence instills fear in any would-be conquerors and keeps Thentia at peace with its neighbors.",
thecityofthentia,uti,LocalizedName,0,-1,The City of Thentia,
thecityofzhentil,uti,DescIdentified,0,-1,"Sitting astride the River Tesh where it empties into the frigid waters of the Moonsea, Zhentil Keep has long dominated the region through trade and war. Sometimes also called the Thargate City, Zhentil Keep has historically served as the home of the Zhentarim, also known as the Black Network, a secretive trade organization bent on financial, political, and military domination of the entire region. The city benefits from the vast wealth of natural resources mined from the mountains surrounding the Moonsea. But it, like all the communities of the Moonsea region, also struggles to resist the humanoids and other fell creatures that sweep out of the harsh wilds in the hope of destroying the civilizations encroaching on their homelands.

Zhentil Keep has long been under the thumb of the shadowy Zhentarim, though up to the recent past, that group operated from behind the scenes while merchant lords served as the face of government. In the last half-decade, however, with the ruination and subsequent reconstruction of the northern half of the city, the leadership of the Black Network has come to the forefront. Fzoul Chembryl, possessing the titles of High Priest of the Temple of Bane and High Lord of the Zhentarim, now rules the city openly and absolutely. Scyllua Darkhope, Fzoul's right hand within the city, is both the Castellan of Zhentil Keep and High Captain of its armies. Thus, the Zhentarim is no longer just a powerful organization working behind the scenes; it now controls the city in every way.

The hierarchy of the leadership is extremely linear and rigid. Fzoul rules over both the Black Altar (the newly rebuilt temple of Bane) and the city, and subordinate leaders answer to him and carry out his wishes by commanding others below them. Those who try to curry favor (or betray their immediate superiors) by bypassing the established chain of command find themselves in disfavor. 

Citizens (both willing and unwilling) of the city must bow absolutely to the will of the government. Fzoul administers the city as an armory and haven for his forces, and the laws he enacts are geared toward furthering those needs. In essence, he maintains a constant state of martial law, limiting where and when people can move about. The city watch, under the command of Scyllua Darkhope, has the authority to stop and question anyone at any time. For the most part, the patrols do not abuse this privilege or use it as an excuse to eliminate adversaries, though such acts are not unheard of.",
thecityofzhentil,uti,LocalizedName,0,-1,The City of Zhentil Keep,
thecultofthebrig,uti,DescIdentified,0,-1,"Thentia was once home to a strange cult that venerated a magic sword. While the history of the Cult of the Bright Sword is all but forgotten, there are still followers who believe. This bright sword is said to fly through the underpassages of the city at night, attacking those who have somehow offended it. The weapon, it is said, particularly attacks those who carry magical items of great value and/or power. The believers further swear that the sword has spies who are always on the lookout for new items brought in by strangers and adventurers. 

The Bright Sword is real. It is called Beirmoura and was forged long ago by a wizard who sought to defeat the rising kingdom of Netheril by creating a series of wizard-slaying swords.

Elminster of Shadow is not sure if the sword harbors an evil entity - such as an Outer Planes creature or the soul of a wizard - or if there is some darker power behind it. Either way, the Bright Sword flies through the underbelly of Thentia, and its few but loyal followers revere its powers.",
thecultofthebrig,uti,LocalizedName,0,-1,The Cult of the Bright Sword,
thecultofthedrag,uti,DescIdentified,0,-1,"The secret society known as the Cult of the Dragon has existed in the Realms for over 400 years. The primarily human membership seeks to elevate evil dragonkind to rule all of Toril as its dominion. When possible, the Cult transforms powerful, willing evil dragons into dracoliches. 

The Cult's main activities include serving as an intelligence-gathering and communications network for the evil dragons of Faerûn and the Cult's dracoliches. Cult members regularly visit the lairs of evil dragons, praising them effusively and telling them of the destiny Sammaster First-Speaker proclaimed for them: rulership over all. Cult members contribute large amounts of treasure to these dragons' hoards, offer any assistance at their disposal (healing potions and spells or an exchange of spells and other magical knowledge), enlarge or otherwise expand the dragons' lairs, add mechanical or magical traps to the lairs, and generally work to persuade these dragons to actively cooperate with the Cult. Cult members also make all necessary preparations for those dragons that do consent to become a dracolich.",
thecultofthedrag,uti,LocalizedName,0,-1,The Cult of the Dragon,
thelordofthe133r,uti,DescIdentified,0,-1,"Of the innumerable demon lords of the Abyss, dread and vile Orcus, Prince of the Undead, might be the one most often worshiped as a god.

The massive, bloated demon stands 15 feet tall, his immense frame a hideous combination of muscle and bloated flesh. His head is that of a ram with a great maw filled with tusks, and his thick-furred legs end in cloven hooves. Leathery wings and a barb-tipped tail complete the picture of the archetypal demon.

After becoming complacent in his eternal war with Demogorgon and Graz'zt, Orcus was recently murdered and deposed. But then, Orcus rose from the dead - an undead demon - and took the name Tenebrous for a time, hiding in the shadows of the multiverse and waiting to take his revenge. Now he has reinstated himself to his former position and reclaimed his realm Thanatos, and once again finds himself in a struggle for dominance with many other demon lords. 

Orcus is no longer content to grow fat and decadent in his castle. He focuses his anger and hate on the absolute destruction of his enemies and the spread of woe and havoc among mortals. He covets Graz'zt and Demogorgon's realms above all others, and commands a host of undead and demons that ravage entire layers of the Abyss at his whim.

Yet while Orcus himself might not be as powerful as Demogorgon, and his realm might be dwarfed by the size of Graz'zt's holdings, Orcus's cult on the Material Plane is in truth his greatest resource. In particular, orcs, half-orcs, ogres, and giants revere Orcus, as do a large number of corrupt and despicable humans. His temples are usually hidden, and his worshipers form secret societies that commit atrocities and wage wars in his name. He demands living sacrifice from his cultists, and blood and skulls are important parts of the imagery used in his worship. Intelligent undead rarely serve him willingly, although many vampires, liches, and other undead creatures are forced into his service by dark pacts or compelling magic. Among his most powerful servants are Quah-Nomag the Skull-King, the vampire Kauvra, and the lich Harthoon.",
thelordofthe133r,uti,LocalizedName,0,-1,The Lord of the 133rd Layer,
themoonsea,uti,DescIdentified,0,-1,"""The Moonsea is rich, indeed... gold and jewels, valuable pelts, and old ruins ripe for plundering. But it is a hard place to live-cold, brutal, and dangerous, and it makes the men who live there into something much the same, tempering the soft iron of their spirits into cold, sharp steel. The people of the Moonsea are hard and unforgiving because if they weren't, they'd be dead at the hands of monsters, tyrants, or the cruel turns of nature herself."" - Khelben ""Blackstaff"" Arunsun

""Dare-and beware!"" - Moonsea battle cry

The Moonsea, also known as the Sea of Dragons, lies nestled between Thar to the north and the Dalelands and Sembia to the south. These natural barriers prevent casual contact between the two opposing regions. The Moonsea is a cold, clear, deep lake the color of dark amethyst, with frequent storms and turbulent weather that mirrors its turbulent past and present. It is a place where unwary adventurers can either make a name for themselves or be buried under the dark, hungry waves. 

The Moonsea's shores harbor a list of cities whose fame (or notoriety) is well known throughout the Realms: Zhentil Keep, Hillsfar, Phlan, Melvaunt, and Mulmaster. Each city along the Moonsea's shores brings with it its own unique contributions, helping to shape the overall character of the area. 

If that is truly the case, then the cities have little good to offer. Since the Moonsea is a harsh place, the people themselves have become harsh in order to survive. Suspicion, greed, brutality, and political treachery have become the meat and drink of the region's inhabitants.

But for every one city that still exists on the Moonsea's coast there are three that were not so fortunate. The Moonsea is dotted with the ruins of cities and the tombs of the unfortunate men and women who built them and sought to dwell in them. 

In addition to the dead cities, there are the ruined castles and towers of petty would-be rulers and mages who sought solitude in order to better work on their spells of power and conquest. 

If things are thus, then why go to the Moonsea at all? The answer is simple: It is where legends and reputations are created and undone. If one wishes to make a name for oneself, one must take chances and face hardships. The Moonsea has risks and hardships to spare.",
themoonsea,uti,LocalizedName,0,-1,The Moonsea,
thepiratewhowoul,uti,DescIdentified,0,-1,"The legend of Avagard the Black is still told in inns and taverns throughout the Moonsea. A minor noble of Zhentil Keep, Avagard was said to be so disgusted by the inequality he saw on the streets of the city that he set upon a course of action to balance the great divide between the haves and the have-nots: he took to piracy.

With his dashing good looks and great charisma, Avagard quickly amassed a crew who would die for him. Soon, his infamy spread. Rather than view him as a threat, the other pirates were impressed by his vision of a fairer society where the wealth was divided equally, slavery was outlawed, and rulership was dictated by the will of the people rather than by the strongarm of the biggest tyrant.

Those who plied their illicit trade on the Moonsea began to view Avagard as a king. For decades he robbed merchant vessels from Zhentil Keep, Mulmaster, and Melvaunt without reprisal, for it is said his ship could appear and disappear like a wraith, and that no helmsman could steer a ship like Avagard himself.

Eventually, the Zhentarim decided to take matters into their own hands. Led by Manxam, the Tyrant of the Teshwave, a group of beholders sponsored by the Black Network tracked down Avagard aboard his vessel. There, they surrounded him and unleashed the full force of their eye rays upon him. When they were done, nothing was left of Avagard but dust, drifting in the breeze.

Some say the Pirate King escaped somehow, and that he went into hiding, plotting the day he would take revenge. Others view Avagard's apparent end as a sad parable for what happens to those who defy the will of the Zhentarim.",
thepiratewhowoul,uti,LocalizedName,0,-1,The Pirate Who Would be King,
theplaneofshadow,uti,DescIdentified,0,-1,"It is the toxic plane of darkness and power. It is the hidden place that hates the light. It is the frontier of worlds unknown. The Plane of Shadow is a darkly lighted dimension that is both coterminous to and coexistent with the Material Plane. It overlaps the Material Plane much as the Ethereal Plane does, so a planar traveler can use the Plane of Shadow to cover great distances quickly. The Plane of Shadow is also coterminous to other planes. With the right spell, you can use the Plane of Shadow to visit other realities. The Plane of Shadow is a world of black and white; color itself has been bleached from the environment. It otherwise appears similar (but not exactly identical) to the Material Plane. 

The sky above, for example, is always a black vault with neither sun nor stars. Landmarks from the Material Plane are recognizable on the Plane of Shadow, but they are twisted, warped things-diminished reflections of what can be found on the Material Plane. Despite the lack of light sources, various plants, animals, and humanoids call the Plane of Shadow home.

The best known denizen of the plane is the shadow, an undead creature that sucks the strength from adventurers on either the Material Plane or the Plane of Shadow. Perhaps the most insidious denizen of the Plane of Shadow is the malaugrym, an evil shapeshifting creature that can take the form of any object. Less powerful individually but far more numerous are the Shadovar, escapees from the fall of Netheril ages past. ",
theplaneofshadow,uti,LocalizedName,0,-1,The Plane of Shadow,
thepruningshears,uti,DescIdentified,0,-1,"This weapon seems to have originated somewhere in Calimshan. The blade is extremely sharp, capable of scything through almost any material with ease. A tiny maker's mark is visible on the shaft. It reads: ""Nigel Perrywinkle, 1370 DR""",
thepruningshears,uti,LocalizedName,0,-1,The Pruning Shears,
thewall,uti,DescIdentified,0,-1,"This holy relic of Helm is perhaps one of the most powerful shields in the Realms. With it, the great hero Karius of Luskan is said to have repelled a small army of orcs single-handedly, standing unmoving in a breach in the northern gates while dozens of the savage humanoids attempted to strike him down. Yet other legends tell of great heroes facing down the mightiest dragons, the Wall held before them granting them protection from fang and claw and fiery death.",
thewall,uti,LocalizedName,0,-1,The Wall,
thewreckerslam,uti,LocalizedName,0,67764,The Wrecker Slam,
thezhentarim,uti,DescIdentified,0,-1,"The Zhentarim, also known as the Black Network, is an evil organization intent on dominating the land from the Moonsea to the Sword Coast North. Originally a secret society, for years the Zhents have operated openly around the Moonsea area, particularly around their greatest base of operations, Zhentil Keep. People who live near Zhentarim strongholds grow used to caravans with its symbol but live in fear that someday they will see armies marching under that banner.

The Black Network was founded almost one hundred years ago by a dark and powerful lord of Zhentil Keep, the wizard Manshoon. Through guile, murder, intrigue, and his ever-increasing magical might, Manshoon created a cabal of like-minded wizards, beholders, wealthy Moonsea merchants, and servants of evil temples whose purposes did not cross his - most notably, the temple of Bane.

While Zhentil Keep was nominally under the rule of a council of lords, the real power in the city was Manshoon, absolute master of the Zhentarim. Through a small number of handpicked lieutenants (chief among them Sememmon, his second) he ran an empire of thousands of merchants, mercenaries, spies, and agents. In the years preceding the Time of Troubles, Manshoon cemented an alliance with Fzoul Chembryl, an ambitious cleric of Bane, to strengthen the Zhentarim even further.

In the last twenty years, the reach of Zhentarim has extended to every corner of Faerûn, forging what amounts to a non-so-secret empire over much of the Moonsea and the North. But the Zhents have also suffered many setbacks, most notably the fall of Bane, internecine strife between Banite faithful and those who turned to Cyric, the destruction of Zhentil Keep in a holy purge, and vicious feuds between Manshoon's Black Cloaks and Fzoul's clerics. The winner in all this turned out to be Fzoul Chembryl, bolstered by the return of Bane.

At this time of writing, Fzoul Chembryl is the master of the Black Network, Lord of Zhentil Keep, and Chosen Tyrant of Bane.",
thezhentarim,uti,LocalizedName,0,-1,The Zhentarim,
titanfell,uti,DescIdentified,0,-1,"This sling is well-named, for with it a powerful individual might well throw a rock hard enough to topple a titan. Whether that has actually come to pass is a matter of conjecture, but the sling has certainly felled its share of giants.",
titanfell,uti,LocalizedName,0,-1,Titanfell,
tityssgarb,uti,LocalizedName,0,12904,Titys's Garb,
tm_cr_marel_arm0,uti,LocalizedName,0,13775,Marel Armor,
tm_cr_marel_arm1,uti,LocalizedName,0,13775,Marel Robes,
tm_it_amarune_sk,uti,LocalizedName,0,13071,Amarune Properties,
tm_it_antiemp_sk,uti,LocalizedName,0,13071,Anti-Empathy Properties,
tm_it_baerde_arm,uti,LocalizedName,0,12839,Huntermaster Baerdeth's Garb,
tm_it_baerde_key,uti,DescIdentified,0,-1,This key opens the treasure chests in the Lodge of the Great Hunt.,
tm_it_baerde_key,uti,LocalizedName,0,-1,Huntmaster Baerdeth's Key,
tm_it_bearpelt0,uti,DescIdentified,0,90544,The pelt of a large bear.,
tm_it_bearpelt0,uti,LocalizedName,0,83543,Large Bear Pelt,
tm_it_ceremonyp0,uti,DescIdentified,0,-1,"This invitation allows the bearer to attend the anniversary celebrations of High Blade Selfaril and his wife, Tharchion Dmitra Flass, at the Thayan Enclave in Mulmaster.",
tm_it_ceremonyp0,uti,Description,0,-1,"This invitation allows the bearer to attend the anniversary celebrations of High Blade Selfaril and his wife, Tharchion Dmitra Flass, at the Thayan Enclave in Mulmaster.",
tm_it_ceremonyp0,uti,LocalizedName,0,-1,Thayan Invitation,
tm_it_chessl_arm,uti,LocalizedName,0,12839,Chesslyn's Armor,
tm_it_creel_armo,uti,LocalizedName,0,12839,Creel's Clothes,
tm_it_dmitra_arm,uti,LocalizedName,0,12904,Dmitra's Robe,
tm_it_hermuk_arm,uti,LocalizedName,0,12839,Hermuk's Clothes,
tm_it_hlessen_ar,uti,LocalizedName,0,12839,Hlessens's Garb,
tm_it_karim_armo,uti,LocalizedName,0,12839,Karim Ninetree's Armor,
tm_it_karimpelt0,uti,DescIdentified,0,-1,This bloodied pelt was taken from the corpse of the werebear Karim Ninetrees.,
tm_it_karimpelt0,uti,LocalizedName,0,-1,Karim's Pelt,
tm_it_karimpelt1,uti,DescIdentified,0,-1,"This pelt was taken from the corpse of a large bear and then smeared with Karim Ninetrees' blood and scent. Hopefully, that should be sufficient to trick Huntmaster Baerdeth at the Lodge of the Great Hunt.",
tm_it_karimpelt1,uti,LocalizedName,0,-1,Karim's Pelt (Fake),
tm_it_lana_armor,uti,LocalizedName,0,12839,Lana Graysteel's Dress,
tm_it_marel_spr0,uti,DescIdentified,0,14242,"These wicked spears carry only a mild enchantment but are coated in a wicked, water-resistant poison that gradually immobilises their victim.
",
tm_it_marel_spr0,uti,LocalizedName,0,14243,Marel Spear,
tm_it_mel_armor0,uti,LocalizedName,0,12839,Melvaunt Half Plate,
tm_it_mistdrg_sk,uti,LocalizedName,0,13165,Mist Dragon Properties,
tm_it_oldjeff_ar,uti,LocalizedName,0,12839,Old Jeffer's Clothes,
tm_it_renderhea,uti,DescIdentified,0,-1,"The huge, grotesque head of the abomination known only as the Render. Its reign of terror is finally at an end.",
tm_it_renderhea,uti,LocalizedName,0,-1,The Render's Head,
tm_it_reyvan_arm,uti,LocalizedName,0,12904,Ambassador Reyvan's Robe,
tm_it_rikard_arm,uti,LocalizedName,0,12839,Rikard Graysteel's Clothes,
tm_it_selfaril_a,uti,DescIdentified,0,13776,Bron's scale mail.,
tm_it_selfaril_a,uti,LocalizedName,0,13825,Selfaril Full Plate +4,
tm_it_selfaril_s,uti,DescIdentified,0,13213,High Blade Selfaril's +4 defending bastard sword of speed,
tm_it_selfaril_s,uti,Description,0,-1,High Blade Selfaril's bastard sword,
tm_it_selfaril_s,uti,LocalizedName,0,66637,Selfaril's Bastard Sword +4,
tm_it_suzi_armor,uti,LocalizedName,0,12839,Suzildaras Armor,
tm_it_sylar_armo,uti,LocalizedName,0,12839,Sylar the Trustworthy's Garb,
tm_it_thayarmor0,uti,LocalizedName,0,12839,Thayan Breastplate +2,
tm_it_thayarmor1,uti,LocalizedName,0,12839,Thayan Chainshirt +1,
tm_it_thayarmor2,uti,LocalizedName,0,12839,Thayan Robes,
tm_it_vaptongue0,uti,DescIdentified,0,-1,"The tongue of the mist dragon Vaporandir, acquired at the cost of her life.",
tm_it_vaptongue0,uti,LocalizedName,0,-1,Vaporandir's Tongue,
tm_it_vaptongue1,uti,DescIdentified,0,-1,"The tongue of a young green dragon found dead in the Cormanthor forest. With any luck, it should fool Huntmaster Baerdeth into believing you've slain the mist dragon Vaporandir.",
tm_it_vaptongue1,uti,LocalizedName,0,-1,Vaporandir's Tongue (Fake),
tmi_candletorch1,uti,LocalizedName,0,180,Brass Candleholder,
tomeofunderstand,uti,DescIdentified,0,-1,"A typical Tome of Understanding contains a sober, if dry analysis of legal battles, historic events, government policies, philosophical treatises and theories of magic and metaphysics. While rarely interesting to anyone outside of their already well-educated niche market, it is said that some such tomes have even added a single point to the Wisdom of certain half-ogres. Such marvels, however are the product of a potent magic placed upon the tome as it is being written. Unfortunately, the same magic causes the tome to disappear after a single use.",
tomeofunderstand,uti,LocalizedName,0,-1,Tome of Understanding,
unholygreataxe,uti,DescIdentified,0,-1,This evil weapon is blessed by Orcus and cannot be used by those of a pure soul.,
unholygreataxe,uti,LocalizedName,0,-1,Unholy Greataxe +2,
unseendagger,uti,DescIdentified,0,-1,"An inscription on the blade reads: ""Hidden but Never Unseen."" 

Despite its unremarkable appearance, the dagger bears a strong enchantment. It grants its wielder the ability to polymorph for a short period of time. In addition, once per day, the wielder can see invisible creatures and objects as though they were in plain sight.",
unseendagger,uti,LocalizedName,0,-1,Unseen Dagger,
vialofdust,uti,DescIdentified,0,57999,This dust occasionally emits a sparkle of pale silver light.,
vialofdust,uti,LocalizedName,0,57983,Vial of Dust,
vialofelvenblood,uti,DescIdentified,0,-1,A vial purportedly to be elven blood. Most unpleasant.,
vialofelvenblood,uti,LocalizedName,0,-1,Vial of Elven Blood,
viperfang,uti,DescIdentified,0,-1,"At first glance, this dagger doesn't appear to be anything out of the ordinary. However, closer inspection reveals that the edges are slightly slick, forever moist with an extremely potent poison.

Upon striking a creature, this poison enters the victim's bloodstream and causes a debilitating, weakening effect. With just a few shallow cuts, even the mightiest warrior can be brought down by this dagger's evil toxins.",
viperfang,uti,LocalizedName,0,-1,Viper Fang,
voonlar,uti,DescIdentified,0,-1,"Located northeast of Shadowdale at the junction of the roads from Shadowdale, Yûlash, and Teshwave is the small town of Voonlar. It is only slightly larger than Shadowdale and is considered the latter's chief rival in the area. 

Officially Voonlar is an independent town, but it is in fact a Zhentish puppet. Although there are no Zhentilar in Voonlar, the leader of the town is a direct agent of Zhentil Keep. Occasionally, the Zhents make a few useful suggestions about how to run things, and naturally, those suggestions are obeyed without question.

Voonlar is mainly a farming community, though the town proper is rather urban. Many farms - some quite prosperous - are to be found in the outlying areas of town. 

The town is six centuries old, a fact that Voonlarians are quite proud of. It sprang up with the help of ambitious merchants and pioneers who saw the crossroads as a prime location to settle. This location has benefitted the town far more than its original founders could have imagined: Its southerly, landlocked location has made Voonlar a very unattractive strategic base. Because it is usually ignored by marauding bands, it has managed to remain more or less intact - something that few Moonsea cities can claim.",
voonlar,uti,LocalizedName,0,-1,Voonlar,
voonlarchainmail,uti,DescIdentified,0,-1,Standard chain worn by Voonlar Guard.,
voonlarchainmail,uti,LocalizedName,0,184,Voonlar Chainmail,
voonlarguardhelm,uti,LocalizedName,0,-1,Voonlar Guard Helm,
waksbrobe,uti,LocalizedName,0,12910,Wak's Robe,
wandoforcus,uti,LocalizedName,0,-1,Wand of Orcus,
wandofstoneskin,uti,DescIdentified,0,-1,"These powerful wands are a godsend for mages prone to getting involved in combat situations, as they can turn the wielder's flesh as hard as stone, protecting them from the hostile intentions of those more skilled in melee.",
wandofstoneskin,uti,LocalizedName,0,-1,Wand of Stoneskin,
whitestagpropert,uti,LocalizedName,0,-1,White Stag Properties,
wrathoftalos,uti,DescIdentified,0,-1,"This shortbow is considered sacred to the church of Talos. It grants its wielder great protection from electrical damage and can fire an endless stream of lightning at a target, as though Talos himself was raining down lightning from the sky above. It is said that the most devout worshippers of Talos will wander the land during a raging storm and fire upon those seeking shelter from the Storm Lord's fury.",
wrathoftalos,uti,LocalizedName,0,-1,Wrath of Talos,
wswmbs010,uti,LocalizedName,0,14301,Keen Lawful Bastard Sword +2,
wswmsc006,uti,LocalizedName,0,14381,Scimitar of Speed +4,
zeltoonsrobe,uti,LocalizedName,0,12906,Zeltoon's Robe,
zhentarimhelm,uti,DescIdentified,0,-1,Standard helm worn by Zhentarim fighters.,
zhentarimhelm,uti,LocalizedName,0,-1,Zhentarim Helm,
zhentarimlargesh,uti,DescIdentified,0,-1,The typical shield of the Zhentarim fighter.,
zhentarimlargesh,uti,LocalizedName,0,-1,Zhentarim Large Shield +1,
zhentarimrobes,uti,DescIdentified,0,-1,The typical robes of the Zhentarim mage.,
zhentarimrobes,uti,LocalizedName,0,12906,Zhentarim Robes,
zhentarimspiritp,uti,LocalizedName,0,13195,Zhentarim Spirit Properties,
zhentarimspiritt,uti,LocalizedName,0,-1,Zhentarim Spirit Touch,
zhentarimtowersh,uti,LocalizedName,0,-1,Zhentarim Tower Shield,
zhentfullplat001,uti,DescIdentified,0,13776,"This magic armor grants additional protection to its wearer, but it doesn't bear the hallmarks of any specific maker.","이 마법 갑옷은 착용자에게 추가적인 보호를 제공하지만, 특정 제작자의 품질 보증 인장은 없습니다."
zhentfullplat001,uti,LocalizedName,0,13820,Fzoul Outfit,
zhentfullplate2,uti,DescIdentified,0,13776,"This magic armor grants additional protection to its wearer, but it doesn't bear the hallmarks of any specific maker.","이 마법 갑옷은 착용자에게 추가적인 보호를 제공하지만, 특정 제작자의 품질 보증 인장은 없습니다."
zhentfullplate2,uti,LocalizedName,0,13820,Zhentarim Full Plate +2,
