Resource,ResType,FieldPath,LangID,StrRef,TextEng,Text
afterdeath,dlg,EntryList/0/Text,0,-1,"<FirstName>? Oh good, you're alive. I'm not sure this place is safe though, but it was the best I could find.",
afterdeath2,dlg,EntryList/0/Text,0,-1,For a moment I thought you wouldn't recover. I hope you're strong enough to continue?,
announcements,dlg,EntryList/0/Text,0,-1,Sir Gilbert Hawklin is pleased to announce a tourney will take place in Thunderstone to seek the greatest knights in the land. The tourney will be held in the fields on the east side of town.,
announcements,dlg,EntryList/1/Text,0,-1,"Lord Marvin Huntcrown has publicly announced that he is to give up hunting, and is looking to sell his hounds to the highest bidder. Anyone interested in the finest pedigree boar or deerhounds, should request an appointment with Lord Marvin via his butler.",
announcements,dlg,EntryList/2/Text,0,-1,All citizens of Thunderstone are asked to be especially courteous to Sembian visitors. Repeated allegations of spying have generated an official complaint from the Sembian Envoy in Wheloon. Unfounded allegations are also a waste of the Crown's time.,
announcements,dlg,EntryList/3/Text,0,-1,The Crown is pleased to announce the recent knighting of <CUSTOM1021> <FullName>. The application for the knighthood of Alanis Broadhouse was rejected due to the recent brawl in the Furniture's Fate.,
announcements,dlg,EntryList/4/Text,0,-1,Alanis Broadhouse and <FullName> have recently been recommended as new knights to the Princess Regent in Suzail. Objections should be raised through the normal official channels if any believe these two are not worthy of knighthood.,
announcements,dlg,EntryList/5/Text,0,-1,"Jenny Drabb has requested that should anyone see her cat, please report it to the Crown Office. Additionally, Sir Gilbert Hawklin is pleased to announce he has taken on a new squire, <FullName>.",
announcements,dlg,EntryList/6/Text,0,-1,Sir Gilbert Hawklin is pleased to announce a tourney will take place in Thunderstone to seek the greatest knights in the land. The tourney will be held in the fields on the east side of town.,
archer,dlg,EntryList/0/Text,0,-1,I'm up next. Don't distract me!,
archer,dlg,EntryList/1/Text,0,-1,They'll be time for talk once I've won the archery competition.,
archer,dlg,EntryList/2/Text,0,-1,"Hush now, I'm watching the competition!",
archery_ref,dlg,EntryList/0/Text,0,-1,Hello there. Are ya interested in entering the archery competition? Any man or woman with bow or crossbow may enter.,
archery_ref,dlg,EntryList/1/Text,0,-1,Well come back when you are then. We'll be waitin'.,
archery_ref,dlg,EntryList/10/Text,0,-1,"I don't see enough arrows in your quiver there mate. 18 ya need, unless ya plan to go out of the competition before the end!",
archery_ref,dlg,EntryList/11/Text,0,-1,Well get ya bow or crossbow out then. Ya can't enter without one!,
archery_ref,dlg,EntryList/12/Text,0,-1,"Welcome! Welcome! <CUSTOM1021> <FullName> <CUSTOM1053> it is, isn't it? Are ya lookin' to enter the competition?",
archery_ref,dlg,EntryList/13/Text,0,-1,"I'm sorry mate, we only allow each competitor to enter the competition three times, else you rich folks'd keep entering and that wouldn't be fair on the others!",
archery_ref,dlg,EntryList/14/Text,0,-1,"Nice try <FullName>.  Ya should try again, see if ya can get a prize!",
archery_ref,dlg,EntryList/15/Text,0,-1,"Well <Mister/Missus>, you're a fine shot ain't ya? Ya certainly deserve a prize ...",
archery_ref,dlg,EntryList/16/Text,0,-1,"Here ya go then. We reward our best archers with something they'll find useful. Enjoy them, but don't waste 'em on a straw target, will ya!",
archery_ref,dlg,EntryList/2/Text,0,-1,"Simply put, ya beat three opponents, and you'll be rewarded with some magic bolts or arrows. It costs just 10 golden lions to enter, but your last opponent will be a master, as he is chosen especially to stop us giving out too many prizes today. Interested, or ya want more detail?",
archery_ref,dlg,EntryList/3/Text,0,-1,"Really? If ya don't know how to score in a competition, I can't see ya getting very far, but here goes ... Each round ya get six arrows. Ya score more than your opponent, then ya get through to the next round. Simple enough eh?",
archery_ref,dlg,EntryList/4/Text,0,-1,"Ya keep ya score for the next round, so ya may be ahead or behind ya next opponent. Anyway, we use standard scoring: 1 point for white, 3 for black, 5 for blue, 7 for red, and of course a full 9 for gold. How does that sound? Are you in?",
archery_ref,dlg,EntryList/5/Text,0,-1,"Well, Thunderstone rules is that the challenger wins in the event of a tie. Can't say fairer than that, can ya? Anyway, do I count you in?",
archery_ref,dlg,EntryList/6/Text,0,-1,Excellent! Let me just call over your opponent ...,
archery_ref,dlg,EntryList/7/Text,0,-1,A bit short of cash there are ya? Well I'm sure ya just left it somewhere right? Best if ya go find it. 10 golden lions is the entry fee.,
archery_ref,dlg,EntryList/8/Text,0,-1,Your kidding me aren't ya mate? Ya can't enter on horseback!,
archery_ref,dlg,EntryList/9/Text,0,-1,"I don't see enough quarrels in your quiver there mate. 18 ya need, unless ya plan to go out of the competition before the end!",
archery_ref,dlg,ReplyList/0/Text,0,-1,Not right now.,
archery_ref,dlg,ReplyList/13/Text,0,-1,You're not wrong.,
archery_ref,dlg,ReplyList/14/Text,0,-1,Thanks.,
archery_ref,dlg,ReplyList/2/Text,0,-1,What are the rules of the competition?,
archery_ref,dlg,ReplyList/3/Text,0,-1,I need to know how scoring is handled.,
archery_ref,dlg,ReplyList/5/Text,0,-1,"Well, what if there is a tie?",
archery_ref,dlg,ReplyList/6/Text,0,-1,"Yes, I am interested.",
archery_ref,dlg,ReplyList/7/Text,0,-1,[End Conversation],
badknight,dlg,EntryList/0/Text,0,-1,I am a bit busy right now. Is it important?,
badknight,dlg,EntryList/1/Text,0,-1,I hear you.,
badknight,dlg,EntryList/10/Text,0,-1,"I'm sure you understand that I'm a bit busy right now, and you'll be keen to order the new grave, so I'll leave you to it, eh?",
badknight,dlg,EntryList/11/Text,0,-1,"Well I offered to help out and the offer is still open. I'm not saying it was me that did it, but isn't the important thing to replace the grave, not trouble the Law?",
badknight,dlg,EntryList/12/Text,0,-1,"Well, I must be going. Good luck finding the culprit.",
badknight,dlg,EntryList/13/Text,0,-1,"I agree, and the Crown Office is the right place to report this.",
badknight,dlg,EntryList/14/Text,0,-1,"Well, I am sure that I can cover the cost of a new grave as a gesture of goodwill, though of course I maintain it was nothing to do with me.",
badknight,dlg,EntryList/15/Text,0,-1,Then what do you want?,
badknight,dlg,EntryList/16/Text,0,-1,"Alright then, I'll do so, if that is what is necessary. As a knight such behavior is not above me, so I am sure I can manage this to help your father know peace...",
badknight,dlg,EntryList/17/Text,0,-1,"An excellent punishment. Perhaps you will learn something from it, <CUSTOM1022>.",
badknight,dlg,EntryList/18/Text,0,-1,Fifty is the best I can do...,
badknight,dlg,EntryList/19/Text,0,-1,"<StartAction>[Success]</Start> Oh very well then, if that is what it takes to end this...",
badknight,dlg,EntryList/2/Text,0,-1,Again?,
badknight,dlg,EntryList/20/Text,0,-1,"Look, I can manage fifty, alright?",
badknight,dlg,EntryList/21/Text,0,-1,"<StartAction>[Success]</Start> Oh very well then, if that is what it takes to end this...",
badknight,dlg,EntryList/22/Text,0,-1,Are we fine now?,
badknight,dlg,EntryList/23/Text,0,-1,"Well, that's good. I'm just glad to help out, that's all. Here's ten golden lions to cover the cost.",
badknight,dlg,EntryList/24/Text,0,-1,"I'm sure you understand that I'm a bit busy right now, and you'll be keen to order the new grave, so I'll leave you to it, eh?",
badknight,dlg,EntryList/25/Text,0,-1,"B-b-but, I...I  never did!",
badknight,dlg,EntryList/26/Text,0,-1,Your family must be disgusted with the shame you are bringing on them.,
badknight,dlg,EntryList/27/Text,0,-1,That was disgraceful behavior. You should be ashamed.,
badknight,dlg,EntryList/28/Text,0,-1,That was disgraceful behavior. You should be ashamed.,
badknight,dlg,EntryList/29/Text,0,-1,"Not now, please!",
badknight,dlg,EntryList/3/Text,0,-1,Why would I want to talk about graves?,
badknight,dlg,EntryList/30/Text,0,-1,Greetings.,
badknight,dlg,EntryList/4/Text,0,-1,"Well...er, what's that got to do with me?",
badknight,dlg,EntryList/5/Text,0,-1,What? What's this rubbish? Whoever told you that is a liar!,
badknight,dlg,EntryList/6/Text,0,-1,Why would you believe someone else's word over mine?,
badknight,dlg,EntryList/7/Text,0,-1,"Well...perhaps...there's no need to be hasty! I didn't do it, you understand, but as one aspiring knight to another, I am sure there is something I can do to help out?",
badknight,dlg,EntryList/8/Text,0,-1,"Well, I am sure that I can cover the cost of a new grave as gesture of goodwill!",
badknight,dlg,EntryList/9/Text,0,-1,"Well, that's good. I'm just glad to help out, that's all. Here's ten golden lions to cover the cost.",
badknight,dlg,ReplyList/0/Text,0,-1,"No, we're done.",
badknight,dlg,ReplyList/1/Text,0,-1,Just remember I'm watching you.,
badknight,dlg,ReplyList/10/Text,0,-1,I believe them.,
badknight,dlg,ReplyList/11/Text,0,-1,Maybe they lied...It was probably someone else. I'll leave you in peace then.,
badknight,dlg,ReplyList/12/Text,0,-1,Perhaps I'll report this to the Crown Office and let them handle it.,
badknight,dlg,ReplyList/13/Text,0,-1,Like what?,
badknight,dlg,ReplyList/14/Text,0,-1,Fair enough. I accept your offer.,
badknight,dlg,ReplyList/17/Text,0,-1,"This is a matter for the Crown Office to resolve. If you're guilty, you'll pay for it.",
badknight,dlg,ReplyList/18/Text,0,-1,Perhaps. Tell me your offer.,
badknight,dlg,ReplyList/19/Text,0,-1,"No, I want the culprit punished.",
badknight,dlg,ReplyList/21/Text,0,-1,Let's go.,
badknight,dlg,ReplyList/22/Text,0,-1,I'm going to report this and see what happens.,
badknight,dlg,ReplyList/23/Text,0,-1,"You did it, and it's time to pay for it.",
badknight,dlg,ReplyList/24/Text,0,-1,That's not good enough.,
badknight,dlg,ReplyList/25/Text,0,-1,Go and say a penance every day over my father's grave.,
badknight,dlg,ReplyList/27/Text,0,-1,"<StartCheck>[Intimidate]</Start> I want a hundred golden lions, or I'll force it out of you!",
badknight,dlg,ReplyList/28/Text,0,-1,<StartCheck>[Persuade]</Start> I want a hundred golden lions for the insult to my family.,
badknight,dlg,ReplyList/29/Text,0,-1,That'll do.,
badknight,dlg,ReplyList/3/Text,0,-1,I want to talk to you about my father's grave.,
badknight,dlg,ReplyList/30/Text,0,-1,Good.,
badknight,dlg,ReplyList/31/Text,0,-1,We are done.,
badknight,dlg,ReplyList/32/Text,0,-1,Fair enough. I accept your offer.,
badknight,dlg,ReplyList/35/Text,0,-1,You were seen defacing it.,
badknight,dlg,ReplyList/4/Text,0,-1,"No, nevermind.",
badknight,dlg,ReplyList/5/Text,0,-1,Never mind.,
badknight,dlg,ReplyList/6/Text,0,-1,Someone defaced my father's grave.,
badknight,dlg,ReplyList/7/Text,0,-1,Because it was you.,
badknight,dlg,ReplyList/8/Text,0,-1,Because you defaced my father's.,
badknight,dlg,ReplyList/9/Text,0,-1,"Oh, then I shall leave you in peace.",
battleleader,dlg,EntryList/0/Text,0,-1,Anything else <CUSTOM1021> <FirstName>??,
battleleader,dlg,EntryList/1/Text,0,-1,Yes <CUSTOM1021> <FirstName>?,
battleleader,dlg,EntryList/2/Text,0,-1,Where shall I move to?,
battleleader,dlg,EntryList/3/Text,0,-1,I'll do that now.,
battleleader,dlg,ReplyList/0/Text,0,-1,I'm done.,
battleleader,dlg,ReplyList/1/Text,0,-1,Move to your post.,
battleleader,dlg,ReplyList/2/Text,0,-1,I want to change your squad's position.,
battleleader,dlg,ReplyList/3/Text,0,-1,The reserves.,
battleleader,dlg,ReplyList/4/Text,0,-1,The right flank,
battleleader,dlg,ReplyList/5/Text,0,-1,The center,
battleleader,dlg,ReplyList/6/Text,0,-1,The left flank,
battleleader,dlg,ReplyList/7/Text,0,-1,To the ridge on the left.,
battleleader,dlg,ReplyList/9/Text,0,-1,I have something to help you in the fight.,
battleleader2,dlg,EntryList/0/Text,0,-1,Anything else <CUSTOM1021> <FirstName>??,
battleleader2,dlg,EntryList/1/Text,0,-1,Yes <CUSTOM1021> <FirstName>?,
battleleader2,dlg,ReplyList/0/Text,0,-1,I'm done.,
battleleader2,dlg,ReplyList/1/Text,0,-1,I have something to help you in the fight.,
battlesquadie,dlg,EntryList/0/Text,0,-1,Yes <Sir/Madam>?,
battlesquadie,dlg,ReplyList/0/Text,0,-1,Never mind.,
battlesquadie,dlg,ReplyList/1/Text,0,-1,Move to your post!,
bodies,dlg,EntryList/0/Text,0,-1,These look like the bodies of merchantmen and sailors.,
boy,dlg,EntryList/0/Text,0,-1,My mum won't give me any cake. Do you have any?,
boy,dlg,EntryList/1/Text,0,-1,"If I had a cake, do you know what I'd do? I'd eat it.",
boy,dlg,EntryList/2/Text,0,-1,Do you like cakes?,
bridgeboulder,dlg,EntryList/0/Text,0,-1,<StartAction>[It looks like this boulder might move.]</Start>,
bridgeboulder,dlg,EntryList/1/Text,0,-1,<StartAction>[Success]</Start> The stone rumbles to the side.,
bridgeboulder,dlg,EntryList/10/Text,0,-1,<StartAction>[Success]</Start> The stone rumbles to the side.,
bridgeboulder,dlg,EntryList/2/Text,0,-1,With a rope we could all pull on it together.,
bridgeboulder,dlg,EntryList/3/Text,0,-1,Maybe with a horse and a rope together we could shift this.,
bridgeboulder,dlg,EntryList/4/Text,0,-1,We need a rope to loop around the boulder so that we can get a better purchase. We could tie the rope to either ourselves or a horse and try and pull the stone away.,
bridgeboulder,dlg,EntryList/5/Text,0,-1,Obviously the stone can be dragged aside. Either that means we need more people or maybe a beast of burden could do it. Either way we need rope.,
bridgeboulder,dlg,EntryList/6/Text,0,-1,<StartAction>[The stone will not budge.]</Start>,
bridgeboulder,dlg,EntryList/7/Text,0,-1,<StartAction>[Only one of you can get next to the stone. You will need a rope for this.]</Start>,
bridgeboulder,dlg,EntryList/8/Text,0,-1,<StartAction>[What would you like to try?]</Start>,
bridgeboulder,dlg,EntryList/9/Text,0,-1,"<StartAction>[Only one of you can get next to the stone. However you take the rope from your pack, loop it over the boulder, and all pull together...]</Start>",
bridgeboulder,dlg,ReplyList/0/Text,0,-1,<StartAction>[Tie your horse to the boulder and drag it clear.]</Start>,
bridgeboulder,dlg,ReplyList/1/Text,0,-1,<StartAction>[DONE]</Start>,
bridgeboulder,dlg,ReplyList/2/Text,0,-1,<StartAction>[Ask a companion for ideas.]</Start>,
bridgeboulder,dlg,ReplyList/3/Text,0,-1,<StartAction>[Try and shift the stone.]</Start>,
bridgeboulder,dlg,ReplyList/4/Text,0,-1,<StartAction>[Leave the stone]</Start>,
bridgeboulder,dlg,ReplyList/5/Text,0,-1,<StartAction>[All try and move the stone together.]</Start>,
bridgeboulder,dlg,ReplyList/6/Text,0,-1,<StartAction>[Try something else.]</Start>,
bridgeboulder,dlg,ReplyList/7/Text,0,-1,<StartCheck>[Combined strength]</Start>,
bridgeboulder,dlg,ReplyList/8/Text,0,-1,<StartAction>[DONE]</Start>,
broadhand,dlg,EntryList/0/Text,0,-1,JOBS GO HERE,
broadhand,dlg,EntryList/1/Text,0,-1,"A client of mine has had a certain item stolen from them and wants it returned. It seems that this item is now in the hands of the priest Magnus, in the Shrine of Tempus. It is not certain how the item got into the priest's hands, but it needs to be returned. Doing so pays 800 golden lions. Does that interest you?",
broadhand,dlg,EntryList/10/Text,0,-1,"Excellent. When you have it, just bring it to me and you shall be paid. Try to make sure the horn is not damaged.",
broadhand,dlg,EntryList/100/Text,0,-1,When the tournament runs you can get access to the grounds by just heading over to the east side of town.,
broadhand,dlg,EntryList/101/Text,0,-1,"Sir Hawklin's castle is at the south end of Thunderstone. You can't miss it, it's a big stone structure.",
broadhand,dlg,EntryList/102/Text,0,-1,It's at the south end of town.,
broadhand,dlg,EntryList/103/Text,0,-1,The Shrine of Tempus caters for all. Head to the main square and it's on the south side.,
broadhand,dlg,EntryList/104/Text,0,-1,"Well the Furniture's Fate is the nearest, on the east side of the square.",
broadhand,dlg,EntryList/105/Text,0,-1,Here you are then...,
broadhand,dlg,EntryList/106/Text,0,-1,Tell me.,
broadhand,dlg,EntryList/107/Text,0,-1,What do you need?,
broadhand,dlg,EntryList/108/Text,0,-1,"Yes. You are fortunate. I have done a little research on this for the new smith in Wangle's Livery. I'll tell you what I told her. I have some ingredients, but they are stolen. Do you wish to take a look?",
broadhand,dlg,EntryList/109/Text,0,-1,Here you are then...,
broadhand,dlg,EntryList/11/Text,0,-1,I never give the name of my clients.,
broadhand,dlg,EntryList/110/Text,0,-1,"A murder? That doesn't come cheap, although it can be done without links to you.",
broadhand,dlg,EntryList/111/Text,0,-1, I don't negotiate this...the cost is a thousand golden lions.,
broadhand,dlg,EntryList/112/Text,0,-1,That's the cost of silence. Take it or leave it.,
broadhand,dlg,EntryList/113/Text,0,-1,Did you want something else?,
broadhand,dlg,EntryList/114/Text,0,-1,It is as good as done. <CUSTOM1022> will be heard from no more.,
broadhand,dlg,EntryList/115/Text,0,-1,"<FirstName>, no matter what pain this knight caused you, to murder them for it is plain wrong.",
broadhand,dlg,EntryList/116/Text,0,-1,"I cannot <FirstName>. If you go through with this then you are not a worthy companion, nor the instrument of Torm that I hoped.",
broadhand,dlg,EntryList/117/Text,0,-1,Then you must continue without me. I do not know you <CUSTOM1021> <LastName>. You are not the <man/woman> I knew.,
broadhand,dlg,EntryList/118/Text,0,-1,Shall we get back to business then?,
broadhand,dlg,EntryList/119/Text,0,-1,I'm still gathering it. Have patience and I'll get you everything there is to be had.,
broadhand,dlg,EntryList/12/Text,0,-1,Then you should make your requests through me. I am not telling you my client's name.,
broadhand,dlg,EntryList/120/Text,0,-1,I've given you all the information I can. There's no more to be had.,
broadhand,dlg,EntryList/121/Text,0,-1,"Easy enough. How urgently do you need it? Quicker you want it, the more it'll cost, as I'll need to hire more people.",
broadhand,dlg,EntryList/122/Text,0,-1,That'll cost you 10 golden lions. How does that sound?,
broadhand,dlg,EntryList/123/Text,0,-1,That'll cost you 20 golden lions. How does that sound?,
broadhand,dlg,EntryList/124/Text,0,-1,That'll cost you 50 golden lions. How does that sound?,
broadhand,dlg,EntryList/125/Text,0,-1,Your choice. Was there anything else?,
broadhand,dlg,EntryList/126/Text,0,-1,How long then?,
broadhand,dlg,EntryList/127/Text,0,-1,Good. Come back later and I'll tell you what I know.,
broadhand,dlg,EntryList/128/Text,0,-1,Hmmm...well first I need to set a couple of ground rules.,
broadhand,dlg,EntryList/129/Text,0,-1,Then we are done. Did you want something else?,
broadhand,dlg,EntryList/13/Text,0,-1,"<StartAction>[Success]</Start> Well, I know that Lord Marvin Huntcrown does like to sell his trophies, so I suppose it does no harm you knowing the horn was his.",
broadhand,dlg,EntryList/130/Text,0,-1,"I am a go-between. I protect the identity of my clients, as I protect the identity of those that work for me. I will not tell you who requires a job done, but nor will I tell my clients who is doing the job. That way I carry all the risks, but I know also all the secrets.",
broadhand,dlg,EntryList/131/Text,0,-1,"Everyone needs something done. I am the one that can make it happen, and that makes me useful. It's only secrets that protect me though, from those that want me silenced after a job is done.",
broadhand,dlg,EntryList/132/Text,0,-1,Understand that I deliver on a job I undertake. You must promise to do the same if you accept it.,
broadhand,dlg,EntryList/133/Text,0,-1,Then let's get down to business...,
broadhand,dlg,EntryList/134/Text,0,-1,Exactly. ,
broadhand,dlg,EntryList/135/Text,0,-1,<StartAction>[Alice Broadhand takes a long look at your companions]</Start>,
broadhand,dlg,EntryList/136/Text,0,-1,"Woman, why are you looking at me like that?",
broadhand,dlg,EntryList/137/Text,0,-1,I am measuring you up of course. You'll do I think.,
broadhand,dlg,EntryList/138/Text,0,-1,Are we acceptable then?,
broadhand,dlg,EntryList/139/Text,0,-1,You I know...,
broadhand,dlg,EntryList/14/Text,0,-1,Threats do not concern me. Your death would shortly follow mine.,
broadhand,dlg,EntryList/140/Text,0,-1,I don't think we have had the pleasure of meeting.,
broadhand,dlg,EntryList/141/Text,0,-1,Well you are polite...but are you appropriate I wonder? We shall have to see...,
broadhand,dlg,EntryList/142/Text,0,-1,"Madam, I know you have a reputation for...uneven scruples. Please keep your offers appropriate.",
broadhand,dlg,EntryList/143/Text,0,-1,I did so last time. I shall do so again.,
broadhand,dlg,EntryList/144/Text,0,-1,"Edgar Truesilver, a gentleman and a fine servant of Thunderstone...I shall try to meet your request.",
broadhand,dlg,EntryList/145/Text,0,-1,Alice. No games today.,
broadhand,dlg,EntryList/146/Text,0,-1,Very well Lacinda. You at least I know I can trust.,
broadhand,dlg,EntryList/147/Text,0,-1,Is there something wrong?,
broadhand,dlg,EntryList/148/Text,0,-1,"Not this time, Lady Kathryn....",
broadhand,dlg,EntryList/149/Text,0,-1,Lady Kathryn Hawklin. You are welcome of course.,
broadhand,dlg,EntryList/15/Text,0,-1,"<StartAction>[Success]</Start> Well, I know that Lord Marvin Huntcrown does like to sell his trophies, so I suppose it does no harm you knowing the horn was his.",
broadhand,dlg,EntryList/150/Text,0,-1,"Unfortunately I don't believe I have any jobs at present, or at least, any that are appropriate for the present company. I have clients to respect, but also I try not to offer work to those that do not need it, do not appreciate it, or might otherwise complicate matters.",
broadhand,dlg,EntryList/151/Text,0,-1,Never mind. Did you want something else?,
broadhand,dlg,EntryList/152/Text,0,-1,Good <QuarterDay> to you.,
broadhand,dlg,EntryList/153/Text,0,-1,"It means there's work to be had, but not work I would approve of.",
broadhand,dlg,EntryList/154/Text,0,-1,"As I said, I think for the benefit of all. Was there something else?",
broadhand,dlg,EntryList/155/Text,0,-1,"I'm not sure which of those categories I fall under, but basically <FirstName>, she's saying she won't talk in front of me.",
broadhand,dlg,EntryList/156/Text,0,-1,"I may have some work for you soon, so come back later. At present there is nothing.",
broadhand,dlg,EntryList/157/Text,0,-1,"I do not have any jobs at present, but I shall keep you in mind.",
broadhand,dlg,EntryList/158/Text,0,-1,"Oh, that is wonderful! I always liked Sir Gilbert, so I will be delighted when we give our client a piece of information that is useless to them!",
broadhand,dlg,EntryList/159/Text,0,-1,"The deal stands of course. You get paid as agreed and I will have to deal with the anger of the client. Don't worry, we both did what was asked of us. It can't be helped if the answer is not what the client wanted to hear.",
broadhand,dlg,EntryList/16/Text,0,-1,Just do not tell him the information came from me. He will assume you knew from another source. He is not exactly discreet about his trophies. ,
broadhand,dlg,EntryList/160/Text,0,-1,Here you go: 200 golden lions as agreed. You have my thanks for a job well done.,
broadhand,dlg,EntryList/161/Text,0,-1,"Oh, that is wonderful! I always liked Sir Gilbert, so I will be delighted when we give our client a piece of information that is useless to them!",
broadhand,dlg,EntryList/162/Text,0,-1,"The deal stands of course. You get paid as agreed and I will have to deal with the anger of the client. Don't worry, we both did what was asked of us. It can't be helped if the answer is not what the client wanted to hear.",
broadhand,dlg,EntryList/163/Text,0,-1,Here you go: 200 golden lions as agreed. You have my thanks for a job well done.,
broadhand,dlg,EntryList/164/Text,0,-1,And?,
broadhand,dlg,EntryList/165/Text,0,-1,"I find you unconvincing. Tell me now, is this the truth?",
broadhand,dlg,EntryList/166/Text,0,-1,A shame. Many years of practiced lying on my part means that I am good at spotting a lie like the one you just told me.,
broadhand,dlg,EntryList/167/Text,0,-1,"Not only did you fail to find the entrance, but you tried to conceal the fact from me. I consider the job closed. Should we work together in the future, I would suggest a more direct approach.",
broadhand,dlg,EntryList/168/Text,0,-1,Was there anything else?,
broadhand,dlg,EntryList/169/Text,0,-1,There's a lesson there I think. Honesty is generally the best policy I find.,
broadhand,dlg,EntryList/17/Text,0,-1,"I need someone who will take a look around inside Hawklin Castle. My client wishes to know whether there is a secret entrance into that castle and apparently have found nothing from the outside. The job pays two hundred golden lions, since the information is valuable.",
broadhand,dlg,EntryList/170/Text,0,-1,Well done <FirstName>! You just lost us 200 golden lions!,
broadhand,dlg,EntryList/171/Text,0,-1,<StartAction>[Success]</Start> Really? I am surprised that my other source could not find it...are you sure?,
broadhand,dlg,EntryList/172/Text,0,-1,"<StartAction>[Success]</Start> Well, you have been diligent and I appreciate that. My client will welcome this news. Thank you.",
broadhand,dlg,EntryList/173/Text,0,-1,"I always appreciate a straight answer. I believe you at least looked, and since that is the case, you will be paid as originally offered.",
broadhand,dlg,EntryList/174/Text,0,-1,"Here you are, 200 golden lions, and I shall consider the job completed.",
broadhand,dlg,EntryList/175/Text,0,-1,Was there anything else?,
broadhand,dlg,EntryList/176/Text,0,-1,"But you earned it for doing the job. Successful or not, I always pay up.",
broadhand,dlg,EntryList/177/Text,0,-1,I have the information you needed. Do you want to hear it now?,
broadhand,dlg,EntryList/178/Text,0,-1,Polter's Fort is an old castle that was deserted when it was almost complete. The reasons for its desertion revolve around superstitions that the site of the fort was haunted. You should visit Magnus in the Shrine of Tempus for the full tale.,
broadhand,dlg,EntryList/179/Text,0,-1,"The inner wall and keep of the fort were largely completed, but the curtain wall and moat were not. The fort is still defensible, though some parts of the keep have collapsed and it has been deserted for centuries.",
broadhand,dlg,EntryList/18/Text,0,-1,"No, but clearly it will not be on the upper floor, so that should narrow your search.",
broadhand,dlg,EntryList/180/Text,0,-1,"The design of the keep was standard for the time. It contains three levels: the chapel and private quarters on the upper floor; the barracks, stores, armory and Great Hall on the lower floor, and some cells in the basement. The keep gate opens into a short passageway that runs into the Great Hall.",
broadhand,dlg,EntryList/181/Text,0,-1,"That is it, really. There were some rumors also that the keep might be inhabited, which I couldn't substantiate, but wouldn't surprise me in view of all these raids.",
broadhand,dlg,EntryList/182/Text,0,-1,A pleasure doing business with you.,
broadhand,dlg,EntryList/183/Text,0,-1,Any back ways into the keep?,
broadhand,dlg,EntryList/184/Text,0,-1,"No, the keep has only one door, but there is a postern gate in the surrounding wall.",
broadhand,dlg,EntryList/185/Text,0,-1,"That is everything there is that can be found on the fort. If there was anything else, I'd have found it.",
broadhand,dlg,EntryList/186/Text,0,-1,This is very high quality information. Was there anything else?,
broadhand,dlg,EntryList/187/Text,0,-1,Greetings <FirstName>. Any progress with collecting that item I asked for?,
broadhand,dlg,EntryList/188/Text,0,-1,"I see. I suppose that demonstrates you are resourceful, but not that you are trustworthy.",
broadhand,dlg,EntryList/189/Text,0,-1,"Well, I shall consider hard before I offer you any more work. Next time, it will be something where I know you can't cross me. I don't need to learn the lesson twice.",
broadhand,dlg,EntryList/19/Text,0,-1,As you like then. Was there anything else?,
broadhand,dlg,EntryList/190/Text,0,-1,So was there something you wanted?,
broadhand,dlg,EntryList/191/Text,0,-1,"I don't think that I can trust you <FirstName>. I think you had the horn, but that you chose to do something else with it.",
broadhand,dlg,EntryList/192/Text,0,-1,"Well, I shall consider hard before I offer you any more work. For the moment, I will give you the benefit of the doubt. Was there anything else you wanted?",
broadhand,dlg,EntryList/193/Text,0,-1,"<StartAction>[Success]</Start> Yes, that is what I had heard, but I thought I would check with you. I shall have to find another way to get the horn, or another horn...",
broadhand,dlg,EntryList/194/Text,0,-1,"Yes, that is what I had heard, but I thought I would check with you. I shall have to find another way to get the horn, or another horn...",
broadhand,dlg,EntryList/195/Text,0,-1,"No matter. I thought you could face down Magnus, but he is strong, like all priests of Tempus. I shall have to find another way.",
broadhand,dlg,EntryList/196/Text,0,-1,Was there anything else?,
broadhand,dlg,EntryList/197/Text,0,-1,"No. You are no longer any use in this matter, as Magnus knows you want the horn. I'll find another. Was there anything else you wanted?",
broadhand,dlg,EntryList/198/Text,0,-1,Excellent. Hand it over then and I shall pay you as agreed.,
broadhand,dlg,EntryList/199/Text,0,-1,"Excellent! Here is the gold that I promised you: 800 golden lions. It's a very good price, more than the horn is worth, but I'm not one to argue with generous clients.",
broadhand,dlg,EntryList/2/Text,0,-1,Your choice. Are you certain? I will not offer the job again.,
broadhand,dlg,EntryList/20/Text,0,-1,All my clients are confidential. I told you that.,
broadhand,dlg,EntryList/200/Text,0,-1,"It looks like I can depend on you, <FirstName>. Perhaps I can help you in some way?",
broadhand,dlg,EntryList/201/Text,0,-1,Threats do not concern me. Your death would shortly follow mine. Are you going to give me the horn or not? I am paying more than it's worth for it.,
broadhand,dlg,EntryList/202/Text,0,-1,"Don't think too long, my client won't wait forever. Was there anything else?",
broadhand,dlg,EntryList/203/Text,0,-1,"<StartAction>[Success]</Start> Well, I know that Lord Marvin Huntcrown does like to sell his trophies, so I suppose it does no harm you knowing the horn was his.",
broadhand,dlg,EntryList/204/Text,0,-1,Just don't tell him the information came from me. He will assume you knew from another source. It's not likely he'll care anyway; Lord Huntcrown is not exactly discreet about his trophies. ,
broadhand,dlg,EntryList/205/Text,0,-1,Well I have already told you it was Huntcrown. You have a poor memory. Are you going to give me the horn or not? I am paying more than it's worth for it.,
broadhand,dlg,EntryList/206/Text,0,-1,"Well hello. If you're looking for Alice, then that means you're either looking to get a job done, looking for a job yourself, or looking to get rid of something. Which is it?",
broadhand,dlg,EntryList/207/Text,0,-1,"Aye, I'll take unwanted items off your hands, for a price, and not ask any question where you got them from. Let me see what you have...",
broadhand,dlg,EntryList/208/Text,0,-1,"Then you should sell them elsewhere. I buy what others don't want, but I don't need a reputation for ripping you off for honest goods. Ask Colebriar there if you want to sell regular goods. Otherwise...",
broadhand,dlg,EntryList/21/Text,0,-1,"<FirstName>, I'll go with whatever you decide. I am happy to be judged by your decisions.",
broadhand,dlg,EntryList/22/Text,0,-1,"A job's a job, and the pay is good. Why not do it?",
broadhand,dlg,EntryList/23/Text,0,-1,"This task doesn't sound like a good idea. If we want Hawklin's help, this can't help.",
broadhand,dlg,EntryList/24/Text,0,-1,Well?,
broadhand,dlg,EntryList/25/Text,0,-1,I'm not sure it matters. Is that the kind of job we want to take if we intend to be on Sir Gilbert Hawklin's good side?,
broadhand,dlg,EntryList/26/Text,0,-1,We should avoid this task I think.,
broadhand,dlg,EntryList/27/Text,0,-1,He doesn't need to know.,
broadhand,dlg,EntryList/28/Text,0,-1,He doesn't need to know.,
broadhand,dlg,EntryList/29/Text,0,-1,"Good. Whatever you discover, report back to me. I have a few eyes of my own in the castle, so I'll know if you made a serious try...but I'm sure you're not the type to cross me.",
broadhand,dlg,EntryList/3/Text,0,-1,Was there anything else you wanted?,
broadhand,dlg,EntryList/30/Text,0,-1,Was there anything else?,
broadhand,dlg,EntryList/31/Text,0,-1,"No, but clearly it will not be on the upper floor, so that should narrow your search. Anything else?",
broadhand,dlg,EntryList/32/Text,0,-1,"Hello again, <CUSTOM1021> <FirstName> <CUSTOM1053>.",
broadhand,dlg,EntryList/33/Text,0,-1,What do you need?,
broadhand,dlg,EntryList/34/Text,0,-1,"Some help I charge for, some I don't. Let's hear it.",
broadhand,dlg,EntryList/35/Text,0,-1,"Well, I suppose I can offer you a rumor for free, or maybe just a piece of gossip. Let's see...",
broadhand,dlg,EntryList/36/Text,0,-1,BROKEN DIALOGUE,
broadhand,dlg,EntryList/37/Text,0,-1,"A tip for you, since you look like one to take opportunities.",
broadhand,dlg,EntryList/38/Text,0,-1,Ever heard the rumor about the White Stag? The hunters have a local legend about this creature that is too fast to catch. Several lords have declared it their aim to hunt this animal.,
broadhand,dlg,EntryList/39/Text,0,-1,"There was a murder last week. Some unfortunate knight new in to Thunderstone who was lured into the forest and slain. Thiodor Hurim, the Crown's agent, thinks that he was lured out by a woman claiming she had been attacked, and was then set upon.",
broadhand,dlg,EntryList/4/Text,0,-1,"No more details unless you take the job, that's the rule on this one.",
broadhand,dlg,EntryList/40/Text,0,-1,"My source told me that she saw the merchant Imelda leaving Thunderstone alone one evening. In times like these, who'd want to do a thing like that?",
broadhand,dlg,EntryList/41/Text,0,-1,"Last time Valetto's ship was in Thunderstone, it looked like it had ivory on board. He's supposed to be a lumber merchant. Maybe he's secretly carrying a load for the merchant Imelda? Odd really. Those two always pretend to hate each other.",
broadhand,dlg,EntryList/42/Text,0,-1,There's a lot of movement along the Sembian border at the moment. Could be they're preparing for an invasion. That would explain why the Purple Dragons spend more time in their barracks than chasing raiders.,
broadhand,dlg,EntryList/43/Text,0,-1,Ever heard the rumor about the White Stag? The hunters have a local legend about this creature that is too fast to catch. Several lords have declared it their aim to hunt this animal.,
broadhand,dlg,EntryList/44/Text,0,-1,They say the new smith is excellent and she used to forge magic weapons. Of course nowadays with such a shortage of regular arms she rarely gets the chance.,
broadhand,dlg,EntryList/45/Text,0,-1,I am sure she would welcome the opportunity to work on magic again.,
broadhand,dlg,EntryList/46/Text,0,-1,It is true that she is a very good smith.,
broadhand,dlg,EntryList/47/Text,0,-1,Ever heard the rumor about the White Stag? The hunters have a local legend about this creature that is too fast to catch. Several lords have declared it their aim to hunt this animal.,
broadhand,dlg,EntryList/48/Text,0,-1,They're all looking for it in Hullack Forest. They'd be better off looking along the banks of the Lake from what I've heard.,
broadhand,dlg,EntryList/49/Text,0,-1,Well there's a lot of fear in Thunderstone at the moment. Something is stalking the streets at night. ,
broadhand,dlg,EntryList/5/Text,0,-1,Excellent. Then let me give you the rest of the details. The item that needs to be returned is a unicorn's horn...,
broadhand,dlg,EntryList/50/Text,0,-1,"It's certainly something to fear, but it doesn't come from outside the town, or so I've heard...but then, perhaps it's just gossip.",
broadhand,dlg,EntryList/51/Text,0,-1,Oh really! How silly!,
broadhand,dlg,EntryList/52/Text,0,-1,"Is it now, Lady Kathryn? I wonder...",
broadhand,dlg,EntryList/53/Text,0,-1,"A tip for you, since you look like one to take opportunities.",
broadhand,dlg,EntryList/54/Text,0,-1,"Look out for Bodak's Teeth in any of the markets. If you find one, take it over to the smith in Wangle's Livery. She's a master crafter and can make magic with such a thing.",
broadhand,dlg,EntryList/55/Text,0,-1,"This is a very old rumor that has persisted for a long time, but they say there is a castle out on Lake Wyvernwater that rises and falls beneath the waves, and that it can only be found when there is mist on the lake. I don't give it much credence, but you asked for rumors.",
broadhand,dlg,EntryList/56/Text,0,-1,I can't help wondering how Valetto is the only merchant whose ships have not once been pirated. Something to think about there I am sure.,
broadhand,dlg,EntryList/57/Text,0,-1,"I can't really understand how, with all this piracy on Lake Wyvernwater, no one has once caught any of the pirates.",
broadhand,dlg,EntryList/58/Text,0,-1,Pirates seem to wear a lot of guises these days.,
broadhand,dlg,EntryList/59/Text,0,-1,I hope you are not insinuating that the navy are not trying? My cousin Ayesunder is the admiral.,
broadhand,dlg,EntryList/6/Text,0,-1,"Magnus for certain will not part with it, for he must know it's properties are particularly useful for making magic weapons, and as a priest of Tempus he will be too interested to let it go.",
broadhand,dlg,EntryList/60/Text,0,-1,"No, Edgar, I think it would be wiser to look nearer to home than the Cormyrian navy.",
broadhand,dlg,EntryList/61/Text,0,-1,"Only that some pirates are not always pirates. But then some pirates don't like a talker either, so I'll leave it at that.",
broadhand,dlg,EntryList/62/Text,0,-1,Well the latest gossip is all about Sir Gilbert Hawklin. They say he is bankrupt and may have to sell his castle in Thunderstone.,
broadhand,dlg,EntryList/63/Text,0,-1,I guess it was all the donations he made to get the new walls for Thunderstone built. A shame if it bankrupts him.,
broadhand,dlg,EntryList/64/Text,0,-1,"Well you shouldn't listen to such rubbish. My father's finances are fine, so please stop that gossip!",
broadhand,dlg,EntryList/65/Text,0,-1,"I peddle in gossip, young Kathryn, and a lot else besides that's undesirable. Even so I would be saddened to see Sir Gilbert go.",
broadhand,dlg,EntryList/66/Text,0,-1,We're all discussing the jousting of course...,
broadhand,dlg,EntryList/67/Text,0,-1,Sir Gilbert's nephew Sir Blakeney Hawklin is entering the next joust. He's quite fancied as he has a steady arm and a good strike on the center of the shield.,
broadhand,dlg,EntryList/68/Text,0,-1,"A knight who leans to the right would probably break his lance, conceding the point. Sir Gilbert's popular and any Hawklin does well with the crowd, so they'll enjoy his victories.",
broadhand,dlg,EntryList/69/Text,0,-1,<StartAction>[You may add this to your journal in the completed section if you wish.]</Start>,
broadhand,dlg,EntryList/7/Text,0,-1,"No, the only thing that Magnus respects is force, but I for one don't want to see Magnus dead over this. Threaten him or intimidate him into releasing the horn. He respects strength. Convince him by the force of your will, and I am certain he will surrender the horn. I believe he might even admire you if you manage it, for he has a strong personality himself.",
broadhand,dlg,EntryList/70/Text,0,-1,Anything more you want?,
broadhand,dlg,EntryList/71/Text,0,-1,Inuman Insar the gnome will be riding in his first joust. He's quite fancied as he has a steady arm and a good strike on the center of the shield.,
broadhand,dlg,EntryList/72/Text,0,-1,"A knight who leans to the right would probably break his lance, and lose the point. Inuman's popular and if he does well will please the crowd.",
broadhand,dlg,EntryList/73/Text,0,-1,<CUSTOM1065> is meant to be riding in the next joust. She's almost an unknown as she rarely enters the lists. A friend of mine works on her staff and she says <CUSTOM1065> is formidable.,
broadhand,dlg,EntryList/74/Text,0,-1,I've heard that her favored strike is high and wide. Her opponents don't think she has the strength so they always duck behind their lances for extra force and end up being unhorsed.,
broadhand,dlg,EntryList/75/Text,0,-1,Would be nice to see a lady win the next tournament I think. Would teach a few of the other jousters not to underestimate their opponents.,
broadhand,dlg,EntryList/76/Text,0,-1,"I agree. If only it could be me...but, I've chosen another route for now.",
broadhand,dlg,EntryList/77/Text,0,-1,"That's good information if she rides here, for I saw her do the same thing in a tourney in Arabel before the war.",
broadhand,dlg,EntryList/78/Text,0,-1,"Most of the current talk is about <CUSTOM1064>, the famous adventurer, who may ride in the next joust.",
broadhand,dlg,EntryList/79/Text,0,-1,"He is a famous jouster. The crowd will be very excited to watch him, but he has a serious weakness. He always strikes at the helm. A client of mine once paid for a way to beat him. The simplest answer was just to keep his head down in the joust, nothing more sinister than that.",
broadhand,dlg,EntryList/8/Text,0,-1,"As I said, he respects force. He may even threaten you back, but he won't strike you over this.",
broadhand,dlg,EntryList/80/Text,0,-1,I'd very much like to see <CUSTOM1064> ride. He has a reputation as a doughty fighter on foot too.,
broadhand,dlg,EntryList/81/Text,0,-1,"The main talk is about the next tournament. I reckon <CUSTOM1063> has a good chance, don't you? His main weakness is that he always aims low to the left.",
broadhand,dlg,EntryList/82/Text,0,-1,"If one of his opponents notices, they'll just lean right to avoid him. Otherwise, though he has a good chance.",
broadhand,dlg,EntryList/83/Text,0,-1,It's true. I saw him ride in Marsember once and he did  the same thing there.,
broadhand,dlg,EntryList/84/Text,0,-1,<CUSTOM1062> is quite fancied in the jousting in the next tournament but he always aims low. I believe one of the other knights will beat him easily as long as they don't lower their shield.,
broadhand,dlg,EntryList/85/Text,0,-1,"I've watched a lot of jousts, and you can easily concede a point that way; they get a clean strike and break their lance.",
broadhand,dlg,EntryList/86/Text,0,-1,"Everyone is talking about young <CUSTOM1061> and that he'll win the next joust, but you watch him closely if you ever think of riding against him. He always goes for the helm.",
broadhand,dlg,EntryList/87/Text,0,-1,"Good looking boy though, Sir Azar. I'd like to see him do well.",
broadhand,dlg,EntryList/88/Text,0,-1,<StartAction>[You may add this to your journal in the completed section if you wish.]</Start>,
broadhand,dlg,EntryList/89/Text,0,-1,Anything more you want?,
broadhand,dlg,EntryList/9/Text,0,-1,"Whether you succeed in intimidating him or not, Magnus will not hold it against you. Force he respects. If he wins he will take it as a test from Tempus. If you win, he will take it as a victory for Might, and again the will of Tempus.",
broadhand,dlg,EntryList/90/Text,0,-1,"Cousin Azar? By Torm, that's absolutely right, he does too!",
broadhand,dlg,EntryList/91/Text,0,-1,His opponent almost always raises their shield in reflex and...bang! They're on the ground!,
broadhand,dlg,EntryList/92/Text,0,-1,"I know little of Polter's Fort, except it's name. If you are prepared to pay though I can have information gathered for you.",
broadhand,dlg,EntryList/93/Text,0,-1,"For five golden lions, I can tell you who might know.",
broadhand,dlg,EntryList/94/Text,0,-1,Threats bore me. Let's try a more reasonable approach.,
broadhand,dlg,EntryList/95/Text,0,-1,"<StartAction>[Success]</Start> I think you actually might too. You wouldn't get very far, but it's not worth us all dying for five golden lions.",
broadhand,dlg,EntryList/96/Text,0,-1,Then I can't tell you anything.,
broadhand,dlg,EntryList/97/Text,0,-1,Thank you very much!,
broadhand,dlg,EntryList/98/Text,0,-1,"Now, I advise you to head over to the Furniture's Fate. Jenny Drabb's been looking very anxious lately. I suggest you start with her.",
broadhand,dlg,EntryList/99/Text,0,-1,Of course. What are you looking for?,
broadhand,dlg,ReplyList/1/Text,0,-1,"Whatever it is, I'll get it back for you.",
broadhand,dlg,ReplyList/101/Text,0,-1,I don't want to pay that!,
broadhand,dlg,ReplyList/102/Text,0,-1,Then we're done.,
broadhand,dlg,ReplyList/103/Text,0,-1,Fine. Here is the gold.,
broadhand,dlg,ReplyList/105/Text,0,-1,Thanks. I will do so now.,
broadhand,dlg,ReplyList/106/Text,0,-1,Can you help me with directions?,
broadhand,dlg,ReplyList/107/Text,0,-1,Where is the tournament ground?,
broadhand,dlg,ReplyList/108/Text,0,-1,My thanks to you.,
broadhand,dlg,ReplyList/109/Text,0,-1,I need to know the way to Sir Hawklin's castle.,
broadhand,dlg,ReplyList/11/Text,0,-1,Are you sure he won't just draw his weapon? He is a priest of Tempus after all.,
broadhand,dlg,ReplyList/110/Text,0,-1,My thanks to you.,
broadhand,dlg,ReplyList/111/Text,0,-1,My thanks to you.,
broadhand,dlg,ReplyList/112/Text,0,-1,I need the nearest place of healing.,
broadhand,dlg,ReplyList/113/Text,0,-1,My thanks to you.,
broadhand,dlg,ReplyList/114/Text,0,-1,I need the nearest inn.,
broadhand,dlg,ReplyList/115/Text,0,-1,My thanks to you.,
broadhand,dlg,ReplyList/116/Text,0,-1,Thanks. Can I ask something else?,
broadhand,dlg,ReplyList/117/Text,0,-1,Show me those special ingredients for crafting a magic weapon again please.,
broadhand,dlg,ReplyList/118/Text,0,-1,I want to talk to you about a job.,
broadhand,dlg,ReplyList/119/Text,0,-1,I want a job done.,
broadhand,dlg,ReplyList/12/Text,0,-1,I don't want to force Magnus into giving me the horn. I might need his help later.,
broadhand,dlg,ReplyList/120/Text,0,-1,Nothing at present.,
broadhand,dlg,ReplyList/121/Text,0,-1,I need to find some special ingredients for crafting a magic weapon. Can you help?,
broadhand,dlg,ReplyList/122/Text,0,-1,No,
broadhand,dlg,ReplyList/123/Text,0,-1,Yes,
broadhand,dlg,ReplyList/125/Text,0,-1,I want <CUSTOM1022> killed for defacing my father's grave.,
broadhand,dlg,ReplyList/127/Text,0,-1,That's too much.,
broadhand,dlg,ReplyList/128/Text,0,-1,I'll leave it then.,
broadhand,dlg,ReplyList/129/Text,0,-1,"No, I'm done.",
broadhand,dlg,ReplyList/13/Text,0,-1,I shall find a way to get the horn.,
broadhand,dlg,ReplyList/130/Text,0,-1,Yes,
broadhand,dlg,ReplyList/131/Text,0,-1,Here is the money. I want them dead.,
broadhand,dlg,ReplyList/133/Text,0,-1,"Very well Edgar, have it your way. I will leave <CUSTOM1022> alive.",
broadhand,dlg,ReplyList/134/Text,0,-1,This is a personal matter Edgar. Stay out of it.,
broadhand,dlg,ReplyList/135/Text,0,-1,"I intend to make <CUSTOM1022> pay the price for their actions, and that's final.",
broadhand,dlg,ReplyList/138/Text,0,-1,I want information on Polter's Fort gathered.,
broadhand,dlg,ReplyList/139/Text,0,-1,Remind me of the information on Polter's Fort.,
broadhand,dlg,ReplyList/14/Text,0,-1,I will return when I have the horn.,
broadhand,dlg,ReplyList/140/Text,0,-1,I need it in two days.,
broadhand,dlg,ReplyList/141/Text,0,-1,That's fine. Here you go.,
broadhand,dlg,ReplyList/142/Text,0,-1,I need it in a day.,
broadhand,dlg,ReplyList/143/Text,0,-1,That's fine. Here you go.,
broadhand,dlg,ReplyList/144/Text,0,-1,A couple of hours.,
broadhand,dlg,ReplyList/145/Text,0,-1,"Forget it, it's too much.",
broadhand,dlg,ReplyList/146/Text,0,-1,No,
broadhand,dlg,ReplyList/147/Text,0,-1,I want to change how quickly I need the information.,
broadhand,dlg,ReplyList/148/Text,0,-1,That's fine. Here you go.,
broadhand,dlg,ReplyList/149/Text,0,-1,I will.,
broadhand,dlg,ReplyList/15/Text,0,-1,Can you tell me whom the horn belongs to?,
broadhand,dlg,ReplyList/150/Text,0,-1,I am looking for work.,
broadhand,dlg,ReplyList/151/Text,0,-1,I don't like the sound of that.,
broadhand,dlg,ReplyList/152/Text,0,-1,Wait! Tell me from the beginning. I am listening.,
broadhand,dlg,ReplyList/153/Text,0,-1,Yes,
broadhand,dlg,ReplyList/154/Text,0,-1,Go ahead.,
broadhand,dlg,ReplyList/155/Text,0,-1,I don't think I want to hear any more.,
broadhand,dlg,ReplyList/156/Text,0,-1,Go on.,
broadhand,dlg,ReplyList/158/Text,0,-1,Very well.,
broadhand,dlg,ReplyList/159/Text,0,-1,That puts you in a powerful position.,
broadhand,dlg,ReplyList/16/Text,0,-1,"<StartCheck>[Persuade]</Start> Come on, you can trust me! I just want to know so I can find out if your client has other unusual items I might be able to buy.",
broadhand,dlg,ReplyList/161/Text,0,-1,You have told me this before.,
broadhand,dlg,ReplyList/17/Text,0,-1,"<StartCheck>[Intimidate]</Start> You'd better tell me, or I shall force it out of you.",
broadhand,dlg,ReplyList/176/Text,0,-1,Then I shall leave you for now.,
broadhand,dlg,ReplyList/177/Text,0,-1,I see. Perhaps I can ask you something?,
broadhand,dlg,ReplyList/178/Text,0,-1,I don't really understand what you mean.,
broadhand,dlg,ReplyList/179/Text,0,-1,"No, I am done.",
broadhand,dlg,ReplyList/181/Text,0,-1,Yes.,
broadhand,dlg,ReplyList/183/Text,0,-1,Then I shall leave you.,
broadhand,dlg,ReplyList/184/Text,0,-1,Let me ask you something else.,
broadhand,dlg,ReplyList/185/Text,0,-1,Do you have the info I requested on Polter's Fort?,
broadhand,dlg,ReplyList/186/Text,0,-1,"I have found the secret way in Hawklin's Castle. It is opened by a lever on one of the statues along the back wall. However it is a way out of the castle only, not a way in.",
broadhand,dlg,ReplyList/187/Text,0,-1,I am also glad.,
broadhand,dlg,ReplyList/188/Text,0,-1,Does that mean I won't get paid?,
broadhand,dlg,ReplyList/19/Text,0,-1,Very well. I will return when I have the horn.,
broadhand,dlg,ReplyList/190/Text,0,-1,"I have found the secret way in Hawklin's Castle. It is opened by a lever on one of the statues along the back wall. However it is a way out of the castle only, not a way in.",
broadhand,dlg,ReplyList/191/Text,0,-1,I am also glad.,
broadhand,dlg,ReplyList/192/Text,0,-1,Does that mean I won't get paid?,
broadhand,dlg,ReplyList/194/Text,0,-1,I finished searching Sir Gilbert Hawklin's castle for the secret entrance.,
broadhand,dlg,ReplyList/195/Text,0,-1,<StartCheck>[Bluff]</Start> There is a trapdoor in the pantry that comes out in the woods a short way from the wall.,
broadhand,dlg,ReplyList/196/Text,0,-1,No. Actually I couldn't find anything.,
broadhand,dlg,ReplyList/197/Text,0,-1,"Yes, of course!",
broadhand,dlg,ReplyList/2/Text,0,-1,I'm not interested in upsetting a priest of Tempus.,
broadhand,dlg,ReplyList/20/Text,0,-1,That is a good suggestion. I shall try that.,
broadhand,dlg,ReplyList/200/Text,0,-1,Yes,
broadhand,dlg,ReplyList/203/Text,0,-1,<StartCheck>[Hard Bluff]</Start>It's very hard to find. There's a lot of tree roots and leaves that conceal it.,
broadhand,dlg,ReplyList/204/Text,0,-1,You are welcome.,
broadhand,dlg,ReplyList/205/Text,0,-1,It was nothing.,
broadhand,dlg,ReplyList/206/Text,0,-1,I could not find anything.,
broadhand,dlg,ReplyList/207/Text,0,-1,Great!,
broadhand,dlg,ReplyList/208/Text,0,-1,My thanks.,
broadhand,dlg,ReplyList/209/Text,0,-1,I am done.,
broadhand,dlg,ReplyList/21/Text,0,-1,Did your client say where they think the secret entrance might be?,
broadhand,dlg,ReplyList/210/Text,0,-1,Yes,
broadhand,dlg,ReplyList/211/Text,0,-1,"I don't want the money, since I didn't find anything.",
broadhand,dlg,ReplyList/213/Text,0,-1,No.,
broadhand,dlg,ReplyList/214/Text,0,-1,Yes. Go ahead.,
broadhand,dlg,ReplyList/218/Text,0,-1,"Thanks, that's all I needed.",
broadhand,dlg,ReplyList/22/Text,0,-1,I don't want that job.,
broadhand,dlg,ReplyList/220/Text,0,-1,Thanks. Let me ask something else.,
broadhand,dlg,ReplyList/221/Text,0,-1,Any back ways into the keep?,
broadhand,dlg,ReplyList/225/Text,0,-1,"No, I want to get rid of something.",
broadhand,dlg,ReplyList/226/Text,0,-1,I gave it to Lord Huntcrown.,
broadhand,dlg,ReplyList/229/Text,0,-1,<StartCheck>[Bluff]</Start> I failed to get it off Magnus.,
broadhand,dlg,ReplyList/23/Text,0,-1,Who is your client?,
broadhand,dlg,ReplyList/230/Text,0,-1,That is not true.,
broadhand,dlg,ReplyList/231/Text,0,-1,"No, we're done.",
broadhand,dlg,ReplyList/232/Text,0,-1,I failed to get it off Magnus.,
broadhand,dlg,ReplyList/234/Text,0,-1,You do that.,
broadhand,dlg,ReplyList/235/Text,0,-1,"No, I'm done.",
broadhand,dlg,ReplyList/236/Text,0,-1,Can I help?,
broadhand,dlg,ReplyList/237/Text,0,-1,"No, I'm done.",
broadhand,dlg,ReplyList/238/Text,0,-1,Yes,
broadhand,dlg,ReplyList/239/Text,0,-1,Not yet. I'm here for something else.,
broadhand,dlg,ReplyList/24/Text,0,-1,"Very well, I accept the job.",
broadhand,dlg,ReplyList/240/Text,0,-1,Yes. I have it.,
broadhand,dlg,ReplyList/241/Text,0,-1,Thanks. Here is the horn.,
broadhand,dlg,ReplyList/243/Text,0,-1,I am done thanks,
broadhand,dlg,ReplyList/244/Text,0,-1,Yes,
broadhand,dlg,ReplyList/245/Text,0,-1,<StartCheck>[Intimidate]</Start> You can't have it until you tell me who it belongs to.,
broadhand,dlg,ReplyList/246/Text,0,-1,I'll think about it.,
broadhand,dlg,ReplyList/247/Text,0,-1,No,
broadhand,dlg,ReplyList/248/Text,0,-1,Yes,
broadhand,dlg,ReplyList/249/Text,0,-1,Here is the horn.,
broadhand,dlg,ReplyList/25/Text,0,-1,<StartAction>[Ask a companion]</Start>,
broadhand,dlg,ReplyList/251/Text,0,-1,None of those. I wanted to ask a few things.,
broadhand,dlg,ReplyList/252/Text,0,-1,I want to get rid of something.,
broadhand,dlg,ReplyList/253/Text,0,-1,You misunderstood. These aren't stolen.,
broadhand,dlg,ReplyList/255/Text,0,-1,Here you go.,
broadhand,dlg,ReplyList/3/Text,0,-1,I'm certain.,
broadhand,dlg,ReplyList/30/Text,0,-1,Let's hear the answer first.,
broadhand,dlg,ReplyList/31/Text,0,-1,Easy enough. I accept.,
broadhand,dlg,ReplyList/33/Text,0,-1,Yes,
broadhand,dlg,ReplyList/34/Text,0,-1,Did your client say where they think the secret entrance might be?,
broadhand,dlg,ReplyList/35/Text,0,-1,I want to get rid of something.,
broadhand,dlg,ReplyList/36/Text,0,-1,Greetings.,
broadhand,dlg,ReplyList/37/Text,0,-1,I am done.,
broadhand,dlg,ReplyList/38/Text,0,-1,I need some help.,
broadhand,dlg,ReplyList/39/Text,0,-1,"I asked you about rumors and points of interest before. Remind me, what did you say?",
broadhand,dlg,ReplyList/4/Text,0,-1,I'm done.,
broadhand,dlg,ReplyList/40/Text,0,-1,"I am looking for rumors, points of interest, that sort of thing. Do you know any?",
broadhand,dlg,ReplyList/42/Text,0,-1,My thanks.,
broadhand,dlg,ReplyList/43/Text,0,-1,My thanks.,
broadhand,dlg,ReplyList/44/Text,0,-1,My thanks.,
broadhand,dlg,ReplyList/45/Text,0,-1,My thanks.,
broadhand,dlg,ReplyList/47/Text,0,-1,My thanks.,
broadhand,dlg,ReplyList/5/Text,0,-1,What's the item?,
broadhand,dlg,ReplyList/50/Text,0,-1,My thanks.,
broadhand,dlg,ReplyList/52/Text,0,-1,My thanks.,
broadhand,dlg,ReplyList/54/Text,0,-1,My thanks.,
broadhand,dlg,ReplyList/56/Text,0,-1,My thanks.,
broadhand,dlg,ReplyList/57/Text,0,-1,My thanks.,
broadhand,dlg,ReplyList/58/Text,0,-1,My thanks.,
broadhand,dlg,ReplyList/6/Text,0,-1,Tell me more first.,
broadhand,dlg,ReplyList/60/Text,0,-1,My thanks.,
broadhand,dlg,ReplyList/62/Text,0,-1,My thanks.,
broadhand,dlg,ReplyList/63/Text,0,-1,What does that mean?,
broadhand,dlg,ReplyList/64/Text,0,-1,My thanks.,
broadhand,dlg,ReplyList/66/Text,0,-1,My thanks.,
broadhand,dlg,ReplyList/68/Text,0,-1,My thanks.,
broadhand,dlg,ReplyList/7/Text,0,-1,I'm not interested.,
broadhand,dlg,ReplyList/72/Text,0,-1,<StartAction>[No]</Start>,
broadhand,dlg,ReplyList/73/Text,0,-1,<StartAction>[Yes]</Start>,
broadhand,dlg,ReplyList/74/Text,0,-1,My thanks.,
broadhand,dlg,ReplyList/8/Text,0,-1,"Very well, I will take the job.",
broadhand,dlg,ReplyList/88/Text,0,-1,<StartAction>[No]</Start>,
broadhand,dlg,ReplyList/89/Text,0,-1,<StartAction>[Yes]</Start>,
broadhand,dlg,ReplyList/90/Text,0,-1,My thanks.,
broadhand,dlg,ReplyList/91/Text,0,-1,Let's discuss something else,
broadhand,dlg,ReplyList/93/Text,0,-1,Tell me the information on Polter's Fort.,
broadhand,dlg,ReplyList/94/Text,0,-1,Can you tell me anything about Polter's Fort?,
broadhand,dlg,ReplyList/95/Text,0,-1,I am done.,
broadhand,dlg,ReplyList/96/Text,0,-1,Let me ask something else.,
broadhand,dlg,ReplyList/97/Text,0,-1,I want to know who defaced my father's grave.,
broadhand,dlg,ReplyList/98/Text,0,-1,<StartCheck>[Intimidate]</Start> How about you tell me or I put a blade through you?,
broadhand,dlg,ReplyList/99/Text,0,-1,I don't have the money to pay for the information.,
brondar,dlg,EntryList/0/Text,0,-1,Hmm? Hello there.,
brondar,dlg,EntryList/1/Text,0,-1," You must be interested in buying something, no?",
brondar,dlg,EntryList/10/Text,0,-1,Or help us get revenge?,
brondar,dlg,EntryList/11/Text,0,-1,"I am not a War Wizard. At least, I am not anymore. You will need to get yourself up to Thunderstone and tell Sir Hawklin, as he's the most likely to help. I'll do the same.",
brondar,dlg,EntryList/12/Text,0,-1,"Well of course...hmmm, let's have a look...",
brondar,dlg,EntryList/2/Text,0,-1,It's getting late. I really must go if I want to see the tournament.,
brondar,dlg,EntryList/3/Text,0,-1,"Well, that's a kind offer, but I have ways of traveling that are not open to you my <boy/girl>, so I'll decline your offer.",
brondar,dlg,EntryList/4/Text,0,-1,"Of course, but quickly now.",
brondar,dlg,EntryList/5/Text,0,-1,"Sir Gilbert Hawklin over in Thunderstone has announced a series of tournaments. He's looking for knights to help deal with the raiders, but of course the tournaments are like festivals and offer many opportunities...well, I hope to find a few bargains.",
brondar,dlg,EntryList/6/Text,0,-1,I don't really have time for chatter. Busy you know? I'm hoping to get packed up and head over to Thunderstone shortly to see the tournament.,
brondar,dlg,EntryList/7/Text,0,-1,At least that was the plan!,
brondar,dlg,EntryList/8/Text,0,-1,You look like a War Wizard. Our farms have been attacked by raiders. What can you do to help us get revenge?,
brondar,dlg,EntryList/9/Text,0,-1,"You look like a wizard. Our farms have been attacked, and we need to warn others. Can you help?",
brondar,dlg,ReplyList/1/Text,0,-1,Goodbye to you.,
brondar,dlg,ReplyList/11/Text,0,-1,Let me see what you have available.,
brondar,dlg,ReplyList/2/Text,0,-1,I want to ask you a question.,
brondar,dlg,ReplyList/3/Text,0,-1,Shall we travel to Thunderstone together?,
brondar,dlg,ReplyList/4/Text,0,-1,Let me ask you something else.,
brondar,dlg,ReplyList/5/Text,0,-1,"Never mind, I'm done.",
brondar,dlg,ReplyList/6/Text,0,-1,What is this tournament?,
butler,dlg,EntryList/0/Text,0,-1,I greet you.,
butler,dlg,EntryList/1/Text,0,-1,M'Lord Marvin is available today for audiences. Please proceed through to the library.,
butler,dlg,EntryList/2/Text,0,-1,"I must ask you to leave me to my duties. If you are done with m'Lord Marvin, then you should leave, as he plans to entertain later.",
butler,dlg,EntryList/3/Text,0,-1,I greet you <CUSTOM1021> <FullName> <CUSTOM1053>.,
caladnei1,dlg,EntryList/0/Text,0,-1,Yes <CUSTOM1021> <FirstName>?,
caladnei1,dlg,EntryList/1/Text,0,-1,We must recover the Wyvern Crown before the Witch Lord gets to it. It is likely that time is short and we may well meet the Witch Lord at the barrow and have to do battle. I will take whatever forces Sir Gilbert has managed to gather.,
caladnei1,dlg,EntryList/10/Text,0,-1,Maybe I will finally clear my name of the stain my cousins have put on it.,
caladnei1,dlg,EntryList/11/Text,0,-1,All who fight for Cormyr in this will not be forgotten.,
caladnei1,dlg,EntryList/12/Text,0,-1,"You have nothing to prove, Lacinda Cormaeril. Your efforts have not gone unnoticed.",
caladnei1,dlg,EntryList/13/Text,0,-1,Maybe. If you're willing to fight with us I'll even believe you're no traitor.,
caladnei1,dlg,EntryList/14/Text,0,-1,"I hope so, Lacinda. You deserve it.",
caladnei1,dlg,EntryList/15/Text,0,-1,"I hope so, Lacinda. You deserve it.",
caladnei1,dlg,EntryList/16/Text,0,-1,"You have nothing to prove, Lacinda Cormaeril. Your efforts have not gone unnoticed.",
caladnei1,dlg,EntryList/17/Text,0,-1,I will be at your side <CUSTOM1020>. One more battle is little to ask for Cormyr!,
caladnei1,dlg,EntryList/18/Text,0,-1,"Prepare yourself for the battle, <CUSTOM1021> <FirstName>. When you are ready, we shall march.",
caladnei1,dlg,EntryList/19/Text,0,-1,Are you certain?,
caladnei1,dlg,EntryList/2/Text,0,-1,You must come with me <CUSTOM1021> <FirstName>. I will not be able to fight in the battle. I will have my hands full blocking the magic of the Witch Lord. You will have to lead the troops into battle and reach the crown before the Witch Lord.,
caladnei1,dlg,EntryList/20/Text,0,-1,"Yes, there is much to talk about.",
caladnei1,dlg,EntryList/21/Text,0,-1,We must recover the Wyvern Crown before the Witch Lord gets to it. It is likely that time is short and we may well meet the Witch Lord at the barrow and have to do battle. I will take whatever forces Sir Gilbert has managed to gather.,
caladnei1,dlg,EntryList/22/Text,0,-1,"The Wyvern Crown itself is a very powerful artifact. The crown is covered in ioun stones, and it has several of the properties of a Helm of Brilliance. Doubtless it is these more conventional properties that prompted the Zhentarim to steal it from the Royal Treasury in the first place.",
caladnei1,dlg,EntryList/23/Text,0,-1,"But it has other powers. For example the wearer can control wyverns. Doubtless it was this that bothered Wyvernvapor so much, as many of the wyverns in Cormyr seem to be bound by his will. He would lose this control.",
caladnei1,dlg,EntryList/24/Text,0,-1,The Crown has many undesirable side-effects that are harmful to living creatures. Even touching it is dangerous. Wearing it is complete folly. For this reason King Azoun never went near it. And who knows what other powers it has in the hands of a Witch Lord?,
caladnei1,dlg,EntryList/25/Text,0,-1,"It is likely the Witch Lords had a hand in its creation, or have changed it since. We must stop Szass Morg getting the Crown. With the Crown in his possession, he will be able to raise vast Undead armies like the Witch Dukes of old. Faced with such an enemy, Cormyr would almost certainly fall.",
caladnei1,dlg,EntryList/26/Text,0,-1,"I have seen the map that you got from Wyvernvapor, and I have deciphered its meaning. It points to one of the barrows in Hullack Forest.  The Witch Lord is bound to know where the Crown lies; only the dragon stopped him moving. We must get there first and retrieve the Wyvern Crown before Szass Morg does.",
caladnei1,dlg,EntryList/27/Text,0,-1,"We are now certain that it is the Witch Lord Szass Morg that you encountered within Polters Fort. The dragon did not lie when he told you that the Wyvern Crown must not fall into Szass Morg's hands, though perhaps Wyvernvapor desired the Crown also for himself.",
caladnei1,dlg,EntryList/28/Text,0,-1,"Szass Morg is a lich. You could not have slain him permanently without destroying his phylactery, and nor can we do so now. However, I am a powerful sorceress, and it is possible that with my help we can do the next best thing: destroy his current body and stop him rising again at least for many years.",
caladnei1,dlg,EntryList/29/Text,0,-1,Ask what you need.,
caladnei1,dlg,EntryList/3/Text,0,-1,"The map that Wyvernvapor gave you hinted of golem guardians in the barrow, so you will need this mace to help you defeat them. Whatever you do though, do not put the Crown on your head. It has very nasty side-effects, and once you have worn the Crown, it is very hard to remove it.",
caladnei1,dlg,EntryList/30/Text,0,-1,"The Witch Lord dominates him in some fashion. The best solution would be to kill the Witch Lord, though there may be other ways too.",
caladnei1,dlg,EntryList/31/Text,0,-1,"Though if you do not know this Jonas, you will not be able to use them.",
caladnei1,dlg,EntryList/32/Text,0,-1,"Deep inside, your brother still exists and probably is seeking to break free of the Witch Lord's will. If you face him, you may be able to break the Witch Lord's hold on him.",
caladnei1,dlg,EntryList/33/Text,0,-1,"It was the Black Knight Jonas who was responsible. He poisoned his lance and scratched you in the joust, but ultimately the Witch Lord is behind it.",
caladnei1,dlg,EntryList/34/Text,0,-1,"<FirstName>, we have investigated your opponents in the jousting. All of them are accounted for except for the Black Knight that you fought in your first bout. He disappeared immediately after the jousting.",
caladnei1,dlg,EntryList/35/Text,0,-1,"Nobody that spoke to the Black Knight could tell us anything much, though we did get a name: Jonas. It sounds very familiar to me for some reason that I can't quite place...does it mean anything to you?",
caladnei1,dlg,EntryList/36/Text,0,-1,In that case the Witch Lord chose Jonas as a weapon against you. He is likely to be acting against his will. There might be a way to help him if you wish to.,
caladnei1,dlg,EntryList/37/Text,0,-1,Of course!,
caladnei1,dlg,EntryList/38/Text,0,-1,We found his belongings at Polter's Fort too.,
caladnei1,dlg,EntryList/39/Text,0,-1,We found his belongings at Polter's Fort too.,
caladnei1,dlg,EntryList/4/Text,0,-1,"Our troops will also be short of magic, so if you have spare items, perhaps you will bring them with you and be willing to lend them to others? Either way, I am certain that with you to lead us, we can recover the Crown.",
caladnei1,dlg,EntryList/40/Text,0,-1,We found his belongings at Polter's Fort too.,
caladnei1,dlg,EntryList/41/Text,0,-1,I don't believe it! He still has the madness on him because of that ring.,
caladnei1,dlg,EntryList/42/Text,0,-1,I can tell by the way the blood has drained from your face that you know this Jonas...wait! By Tyr! Patrick's son...Jonas! He is your brother!,
caladnei1,dlg,EntryList/43/Text,0,-1,"<StartAction>[Success]</Start> I am not surprised, though I am certain this Black Knight was sent to deal with you personally now that your work for the Witch Lord is finished. You have proved yourself to be a dangerous <man/woman> to your enemies. It's possible he fears you.",
caladnei1,dlg,EntryList/44/Text,0,-1,"In that case the Witch Lord chose Jonas as a weapon against you. He is likely to be acting against his will. There might be a way to help him if you wish to. The Witch Lord dominates him in some fashion. The best solution would be to kill the Witch Lord, though there may be other ways too.",
caladnei1,dlg,EntryList/45/Text,0,-1,"That link can only be broken by the Witch Lord, or by his death. Since I am sure you do not want to bargain with Szass Morg, we must destroy him, if only temporarily. That will break the link even if he rises again.",
caladnei1,dlg,EntryList/46/Text,0,-1,"No, I have not been able to cure you. I have managed to contain the poison, but you will begin to weaken again soon enough. The poison is not ordinary, it is necrotic and carries the curse of Undeath within it. I cannot dispel it, for it is somehow connected to the Witch Lord. While Szass Morg is whole, I cannot break the link.",
caladnei1,dlg,EntryList/47/Text,0,-1,"I am Caladnei, the Royal Wizard and the principal advisor to Her Royal Highness, the Princess Regent Alusair. I came on Sir Gilbert's request to investigate this strange business with the Witch Lord.",
caladnei1,dlg,EntryList/48/Text,0,-1,I am very concerned about what you have discovered. No doubt you will be anxious to know what has been happening while you have been unconscious.,
caladnei1,dlg,EntryList/49/Text,0,-1,Are you ready to ride to battle?,
caladnei1,dlg,EntryList/5/Text,0,-1,"That is good, <FirstName>.",
caladnei1,dlg,EntryList/50/Text,0,-1,"Well, do not take long <CUSTOM1021> <FirstName>. Neither the Wyvern Crown, nor Cormyr, nor you I fear, can wait much longer.",
caladnei1,dlg,EntryList/51/Text,0,-1,Make sure you have everything you need for the battle ahead...,
caladnei1,dlg,EntryList/52/Text,0,-1,Let's be on the march...,
caladnei1,dlg,EntryList/53/Text,0,-1,"Yes, don't leave anything in your strongbox, <CUSTOM1021> <FirstName>, if you might want it later.",
caladnei1,dlg,EntryList/54/Text,0,-1,"Good luck <CUSTOM1021> <FirstName>, and Tyr go with you. I only wish I could ride with you.",
caladnei1,dlg,EntryList/55/Text,0,-1,"Sir Gilbert must remain here. He is needed for the defense of Thunderstone, if it should come to that.",
caladnei1,dlg,EntryList/56/Text,0,-1,"Caladnei wishes to spare me from hearing it, but what she means is I am useless in a battle. Since I lost my arm I am no swordsman.",
caladnei1,dlg,EntryList/57/Text,0,-1,We shall instead pray for you. I have no doubt that you will not fail us <CUSTOM1021> <FirstName>. You have been remarkably resourceful until now. I wish you luck.,
caladnei1,dlg,EntryList/58/Text,0,-1,We must get going.,
caladnei1,dlg,EntryList/59/Text,0,-1,"<CUSTOM1021> <FirstName>? Ah good, it seems to have worked. <He/She> is awake.",
caladnei1,dlg,EntryList/6/Text,0,-1,I will be at your side <CUSTOM1020>. One more battle is little to ask for Cormyr!,
caladnei1,dlg,EntryList/60/Text,0,-1,Is <he/she> cured?,
caladnei1,dlg,EntryList/61/Text,0,-1,"No. Whatever poisons <him/her> is not curable by me, but my magic will keep it at bay for a time. <He/She> will get weaker though...",
caladnei1,dlg,EntryList/62/Text,0,-1,"Someone in the joust had tipped their lance with poison. As you came out of the lists, you collapsed. We brought you here to cure you.",
caladnei1,dlg,EntryList/63/Text,0,-1,"You are not fully cured however. That is something I cannot do, for the poison is no ordinary poison ... but I am sure you have questions?",
caladnei1,dlg,EntryList/7/Text,0,-1,Yes. I will give you something for the battle ahead.,
caladnei1,dlg,EntryList/8/Text,0,-1,"If you do not face the Witch Lord, the poison will kill you <CUSTOM1021> <FirstName>.",
caladnei1,dlg,EntryList/9/Text,0,-1,"Here. You will need this rod. With it you can help to overcome the aura of fear of the Witch Lord, and counter his magic. Then you will have a chance to slay him and free yourself from the poison.",
caladnei1,dlg,ReplyList/0/Text,0,-1,I have no more questions.,
caladnei1,dlg,ReplyList/16/Text,0,-1,I'm ready now.,
caladnei1,dlg,ReplyList/17/Text,0,-1,I will come back when I'm ready.,
caladnei1,dlg,ReplyList/18/Text,0,-1,Let's talk about the Witch Lord and the Wyvern Crown.,
caladnei1,dlg,ReplyList/19/Text,0,-1,What do you plan to do about the Crown?,
caladnei1,dlg,ReplyList/20/Text,0,-1,Why is the Wyvern Crown so important?,
caladnei1,dlg,ReplyList/24/Text,0,-1,Where is the Wyvern Crown?,
caladnei1,dlg,ReplyList/25/Text,0,-1,What have we discovered so far?,
caladnei1,dlg,ReplyList/26/Text,0,-1,What do we know about the Witch Lord?,
caladnei1,dlg,ReplyList/27/Text,0,-1,I should have killed the Witch Lord while I had the chance.,
caladnei1,dlg,ReplyList/28/Text,0,-1,I thought I killed the Witch Lord?,
caladnei1,dlg,ReplyList/29/Text,0,-1,I want to ask about my poisoning.,
caladnei1,dlg,ReplyList/30/Text,0,-1,What can I do to save Jonas?,
caladnei1,dlg,ReplyList/32/Text,0,-1,Who poisoned me?,
caladnei1,dlg,ReplyList/34/Text,0,-1,Yes! That is my brother's name!,
caladnei1,dlg,ReplyList/4/Text,0,-1,I will lead the troops.,
caladnei1,dlg,ReplyList/40/Text,0,-1,"<StartCheck>[Bluff]</Start> No, I don't anyone by that name.",
caladnei1,dlg,ReplyList/42/Text,0,-1,How can I stop the poison?,
caladnei1,dlg,ReplyList/43/Text,0,-1,Am I better now?,
caladnei1,dlg,ReplyList/44/Text,0,-1,Let me ask something else.,
caladnei1,dlg,ReplyList/45/Text,0,-1,Who are you?,
caladnei1,dlg,ReplyList/47/Text,0,-1,I have questions.,
caladnei1,dlg,ReplyList/48/Text,0,-1,"Remind me, what are we going to do?",
caladnei1,dlg,ReplyList/49/Text,0,-1,I have a few more things to do.,
caladnei1,dlg,ReplyList/51/Text,0,-1,"Yes, let's go.",
caladnei1,dlg,ReplyList/54/Text,0,-1,Let me just check.,
caladnei1,dlg,ReplyList/55/Text,0,-1,I have everything I want.,
caladnei1,dlg,ReplyList/56/Text,0,-1,We shall be back. Let's go!,
caladnei1,dlg,ReplyList/57/Text,0,-1,Why don't you come?,
caladnei1,dlg,ReplyList/6/Text,0,-1,Don't I get some kind of reward for everything I've done?,
caladnei1,dlg,ReplyList/60/Text,0,-1,"I will do what I can, Sir Hawklin.",
caladnei1,dlg,ReplyList/63/Text,0,-1,Why am I ill?,
caladnei1,dlg,ReplyList/64/Text,0,-1,What happened to me?,
caladnei1,dlg,ReplyList/7/Text,0,-1,I do not want to fight in a battle.,
caladnei2,dlg,EntryList/0/Text,0,-1,"What is it, <CUSTOM1021> <FirstName>?",
caladnei2,dlg,EntryList/1/Text,0,-1,"As you wish, but be quick. When you're done, you must place the troops. Come and see me when you're ready to.",
caladnei2,dlg,EntryList/10/Text,0,-1,Here is the first squad coming now; a cleric with five archers.,
caladnei2,dlg,EntryList/11/Text,0,-1,Where do you want them positioned?,
caladnei2,dlg,EntryList/12/Text,0,-1,Very well. Remember you can only place one squad in reserve.,
caladnei2,dlg,EntryList/13/Text,0,-1,The squad will be placed to the south of the wrecked farmhouse.,
caladnei2,dlg,EntryList/14/Text,0,-1,The squad will be placed just north of the ruin.,
caladnei2,dlg,EntryList/15/Text,0,-1,They will stand slightly in front and to the south of the ridge.,
caladnei2,dlg,EntryList/16/Text,0,-1,Good. They will take position there. I'd advise against moving another squad there as there is no room.,
caladnei2,dlg,EntryList/17/Text,0,-1,"I recommend you put the regular squads on the left and right flank, and save something heavier to place in the center. Better still, you might want to place your best troops in reserve. That way we can see what we face before we commit them to battle.",
caladnei2,dlg,EntryList/18/Text,0,-1,We should put the archers on the ridge; the rise protects them from direct assault and they have a good view over the battlefield.,
caladnei2,dlg,EntryList/19/Text,0,-1,"You will need to make sure your troops are carefully placed, so please ask what you need.",
caladnei2,dlg,EntryList/2/Text,0,-1,"Fine, but return as soon as you are ready.",
caladnei2,dlg,EntryList/20/Text,0,-1,"Just what we could gather in a hurry: two ballistae, a War Wizard and four squads of Purple Dragons.",
caladnei2,dlg,EntryList/21/Text,0,-1,"One squad are archers, the other three are blades. We also have two clerics with us. It is not much, but with you and I, it might be enough.",
caladnei2,dlg,EntryList/22/Text,0,-1,"You can place your squads on that ridge on the left, or on the main front of the line from the left flank to the right flank, or here in reserve. Each of the positions is marked with a banner if you want to scout the field.",
caladnei2,dlg,EntryList/23/Text,0,-1,"The ridge and the reserves can only hold one squad each, otherwise you can place the other squads as you like. You can move them around after you have placed them, though you may disorder your squads by doing so, so it's better to plan in advance.",
caladnei2,dlg,EntryList/24/Text,0,-1,The Witch Lord will be on us soon. I hope you are ready?,
caladnei2,dlg,EntryList/25/Text,0,-1,Be quick now! Let me know as soon as you are ready...,
caladnei2,dlg,EntryList/26/Text,0,-1,Then you had better take these. These horns will help you control your troops in battle.,
caladnei2,dlg,EntryList/27/Text,0,-1,"If you sound the retreat horn, your troops will fall back to their original posts, trying to disengage immediately. This may be particularly useful to stop your troops bunching when enemy spellcasters are around.",
caladnei2,dlg,EntryList/28/Text,0,-1,"If you sound the assault horn, all of your squads will charge forward and try to reach the barrow.",
caladnei2,dlg,EntryList/29/Text,0,-1,"Remember, in the heat of battle, not everyone will hear the horns, so always keep an eye on your troops. But you will need to fight also <CUSTOM1021> <FirstName>, or the battle will be lost for certain.",
caladnei2,dlg,EntryList/3/Text,0,-1,"Let me think on it a little. This is certainly not my first battle, so I am certain I can advise you. When you are ready to place the squads, I will give you my views then.",
caladnei2,dlg,EntryList/30/Text,0,-1,"Now; take your position and be ready. Use the rod I gave you to bolster your courage if needed, but keep something back for yourself in case you need to face anything inside the barrow. There will be no rest from here on and I shall not be able to help you once battle starts, so be careful <CUSTOM1021> <FirstName>.",
caladnei2,dlg,EntryList/31/Text,0,-1,"The Witch Lord's troops could arrive at any moment. Help prepare the lines, and if the moment arises, strike for the barrow.",
caladnei2,dlg,EntryList/32/Text,0,-1,<CUSTOM1021> <FirstName>? This is the place. The barrow is not far now.,
caladnei2,dlg,EntryList/33/Text,0,-1,"But we are too late. I can feel the presence of the Witch Lord. There are troops amongst the trees. We are certainly in for a battle whatever we do, but it is better if we face him in the open, where we have more of a chance. If we can distract his attention, maybe you can slip away for the barrow... ",
caladnei2,dlg,EntryList/34/Text,0,-1,"I will have to concentrate all my efforts into counterspelling the Witch Lord, Szass Morg. I can only guess at his power. This means that you must lead the battle. The first step for you is to position the troops.",
caladnei2,dlg,EntryList/4/Text,0,-1,"Very well, the squads are just arriving. Once you have placed them all, you may wish to speak to some of the officers, and if you have excess equipment, give it to them. We need all the help we can get for the battle ahead.",
caladnei2,dlg,EntryList/5/Text,0,-1,"There are no more squads. We are ready for the coming battle. Take a moment to talk to the officers if you need, then come to me and we shall prepare together.",
caladnei2,dlg,EntryList/6/Text,0,-1,"Wait! It looks like Sir Hawklin has sent his household to fight in the battle too. These are decent soldiers, with good armor...",
caladnei2,dlg,EntryList/7/Text,0,-1,This next squad is another regular squad.,
caladnei2,dlg,EntryList/8/Text,0,-1,"The third squad is just arriving; another squad of blades, but with a cleric in support.",
caladnei2,dlg,EntryList/9/Text,0,-1,The next squad is a regular squad; a lionar and five blades.,
caladnei2,dlg,ReplyList/0/Text,0,-1,I'm going to look around.,
caladnei2,dlg,ReplyList/10/Text,0,-1,On the left flank,
caladnei2,dlg,ReplyList/11/Text,0,-1,On the ridge,
caladnei2,dlg,ReplyList/15/Text,0,-1,I want to ask about the battle ahead.,
caladnei2,dlg,ReplyList/16/Text,0,-1,What troops do we have?,
caladnei2,dlg,ReplyList/18/Text,0,-1,What positions are there?,
caladnei2,dlg,ReplyList/2/Text,0,-1,<StartAction>[Ask Edgar for advice on placing the squads.]</Start>,
caladnei2,dlg,ReplyList/20/Text,0,-1,Almost. Just a couple more things to do.,
caladnei2,dlg,ReplyList/21/Text,0,-1,I will.,
caladnei2,dlg,ReplyList/22/Text,0,-1,I'm ready for battle,
caladnei2,dlg,ReplyList/27/Text,0,-1,I will be.,
caladnei2,dlg,ReplyList/28/Text,0,-1,You too Caladnei.,
caladnei2,dlg,ReplyList/3/Text,0,-1,I am ready to place the squads.,
caladnei2,dlg,ReplyList/5/Text,0,-1,I will.,
caladnei2,dlg,ReplyList/7/Text,0,-1,In reserve,
caladnei2,dlg,ReplyList/8/Text,0,-1,On the right flank,
caladnei2,dlg,ReplyList/9/Text,0,-1,In the center,
caravanguard,dlg,EntryList/0/Text,0,-1,"I tell you, I could do with a break!",
caravanguard,dlg,EntryList/1/Text,0,-1,"I'm busy, can't you see?",
caravanguard,dlg,EntryList/2/Text,0,-1,The Boss is the talker. Try him.,
colebriar,dlg,EntryList/0/Text,0,-1,What do you need?,
colebriar,dlg,EntryList/1/Text,0,-1,"Well of course! Cloth from Sembia, trinkets from the Dalelands...we have everything.",
colebriar,dlg,EntryList/10/Text,0,-1,Then you want the Sign of Thunder. Just turn left as you leave the Six Coffers and you'll see it right in front of you.,
colebriar,dlg,EntryList/11/Text,0,-1,"A pleasure to welcome you back to our establishment, <CUSTOM1021> <FirstName>.",
colebriar,dlg,EntryList/12/Text,0,-1,I believe this is your first visit to the Six Coffers Trading Coster here in Thunderstone?,
colebriar,dlg,EntryList/13/Text,0,-1,"Well, just in case you wondered, due to the shortage of magic in Cormyr since the war, we have taken to supplying these needs for Thunderstone. That is to say, you can now buy magic here at the Six Coffers and of course at better prices than anywhere else .",
colebriar,dlg,EntryList/2/Text,0,-1,Tell me.,
colebriar,dlg,EntryList/3/Text,0,-1,Well...you could try Alice Broadhand there. She sometimes has work. Sometimes does jobs for us too.,
colebriar,dlg,EntryList/4/Text,0,-1,"I don't know anything about it, but you could always ask Alice there. She's the one for finding information.",
colebriar,dlg,EntryList/5/Text,0,-1,Of course. What are you looking for?,
colebriar,dlg,EntryList/6/Text,0,-1,When the tournament runs you can get access to the grounds by just heading over to the east side of town. Avoid the market stalls though. They're just selling junk.,
colebriar,dlg,EntryList/7/Text,0,-1,"Sir Hawklin's castle is at the south end of Thunderstone. You can't miss it, it's a big stone structure.",
colebriar,dlg,EntryList/8/Text,0,-1,It's at the south end of town.,
colebriar,dlg,EntryList/9/Text,0,-1,The Shrine of Tempus caters for all. Head to the main square and it's on the south side.,
colebriar,dlg,ReplyList/0/Text,0,-1,I am done.,
colebriar,dlg,ReplyList/1/Text,0,-1,Let me see what you have to sell.,
colebriar,dlg,ReplyList/10/Text,0,-1,My thanks to you.,
colebriar,dlg,ReplyList/11/Text,0,-1,I need to know the way to Sir Hawklin's castle.,
colebriar,dlg,ReplyList/12/Text,0,-1,My thanks to you.,
colebriar,dlg,ReplyList/13/Text,0,-1,My thanks to you.,
colebriar,dlg,ReplyList/14/Text,0,-1,I need the nearest place of healing.,
colebriar,dlg,ReplyList/15/Text,0,-1,My thanks to you.,
colebriar,dlg,ReplyList/16/Text,0,-1,I need the nearest inn.,
colebriar,dlg,ReplyList/17/Text,0,-1,My thanks to you.,
colebriar,dlg,ReplyList/18/Text,0,-1,Thanks. Can I ask something else?,
colebriar,dlg,ReplyList/20/Text,0,-1,Yes.,
colebriar,dlg,ReplyList/21/Text,0,-1,What is it to you?,
colebriar,dlg,ReplyList/3/Text,0,-1,I have a question.,
colebriar,dlg,ReplyList/4/Text,0,-1,Where can I get a job?,
colebriar,dlg,ReplyList/5/Text,0,-1,I'll go and ask her now.,
colebriar,dlg,ReplyList/6/Text,0,-1,Can you tell me anything about Polter's Fort?,
colebriar,dlg,ReplyList/7/Text,0,-1,My thanks to you.,
colebriar,dlg,ReplyList/8/Text,0,-1,Can you help me with directions?,
colebriar,dlg,ReplyList/9/Text,0,-1,Where is the tournament ground?,
commander1,dlg,EntryList/0/Text,0,-1,STANDARD DIALOGUES GO HERE,
commander1,dlg,EntryList/1/Text,0,-1,What is it you need?,
commander1,dlg,EntryList/10/Text,0,-1,It's at the south end of town.,
commander1,dlg,EntryList/11/Text,0,-1,The Shrine of Tempus caters for all. Head to the main square and it's on the south side.,
commander1,dlg,EntryList/12/Text,0,-1,"Forget the nearest. The best inn is the Furniture's Fate on the east side of the square. The Sign of Thunder, which is nearest to the bridge, isn't half as nice, and of course the Bear's Den is closed now.",
commander1,dlg,EntryList/13/Text,0,-1,"I recommend the Sign of Thunder. It's the one nearest to the bridge. There's the Furniture's Fate of course, which also welcomes travelers, but it really gets too noisy in there. If that's more your sort, it's on the east side of the square.",
commander1,dlg,EntryList/14/Text,0,-1,"Well there's two inns in Thunderstone where you'd be welcome; the Bear's Den is closed now, and the Dragon's Den only welcomes soldiers. The Sign of Thunder is close to the bridge, just a little southeast. The Furniture's Fate is on the east side of the main square. Both are lively places.",
commander1,dlg,EntryList/15/Text,0,-1,"Hello again. Please, do not block the bridge!",
commander1,dlg,EntryList/16/Text,0,-1,"Welcome to Thunderstone, stranger. If you are foreign to Cormyr, I remind you to read the laws of the land, which you will find posted up outside the Assembly.",
commander1,dlg,EntryList/17/Text,0,-1,"In particular I remind you that it is illegal to carry weapons without a proper Charter permitting it. Also, foreign currency should be exchanged for golden lions or Trade Bars at the earliest opportunity. Foreign currency is not accepted in Thunderstone.",
commander1,dlg,EntryList/18/Text,0,-1,I remind you to Peacebond your weapons. We also prefer helmets and shields to be removed. Times may be  difficult but the laws still apply.,
commander1,dlg,EntryList/19/Text,0,-1,"Yes. All weapons should have Peace Strings looped over them, as a sign that they will not be drawn. The law still applies, even if we seldom enforce it. I would appreciate it if you set a good example.",
commander1,dlg,EntryList/2/Text,0,-1,Of course. What are you looking for?,
commander1,dlg,EntryList/20/Text,0,-1,"A raid on a farm was it? I don't mean to sound disinterested, but raids are all too common. You should report it to the Crown Office and a patrol will be sent out as soon as possible.",
commander1,dlg,EntryList/21/Text,0,-1,On the main square. West side.,
commander1,dlg,EntryList/22/Text,0,-1,About a week or so...raids are too common.,
commander1,dlg,EntryList/23/Text,0,-1,"We're that stretched, unfortunately. Anyway, try the Crown Office as I said. Will you move along now please?",
commander1,dlg,EntryList/24/Text,0,-1,A week? That's a disgrace!,
commander1,dlg,EntryList/25/Text,0,-1,Our farms have been destroyed and our families murdered!,
commander1,dlg,EntryList/26/Text,0,-1,You will need to purchase one from the Crown Office in the square. The current price is one thousand golden lions.,
commander1,dlg,EntryList/3/Text,0,-1,Are you after goods or livestock?,
commander1,dlg,EntryList/4/Text,0,-1,For horses the only place to go is Wangle's Livery on the east side of the square behind the Furniture's Fate.,
commander1,dlg,EntryList/5/Text,0,-1,"Well there's really three places to head for then. There's a smith in Wangle's Livery, though she has little stock. Or you could try Magurk's place. That's probably the most reasonably priced. The Six Coffers Trading Coster have by far the most stock, though they're a little pricey. You can find all three on the north and east side of the main square.",
commander1,dlg,EntryList/6/Text,0,-1,"One-armed Magurk's is the place for the best prices and also where most Adventurers go. He's low on stock since the war, but still the best place in town. You'll find his place just north of the square next to the livery.",
commander1,dlg,EntryList/7/Text,0,-1,I recommend you head up to the Six Coffers Trading Coster. They have everything. It's on the dockside to the north of the main square.,
commander1,dlg,EntryList/8/Text,0,-1,When the tournament runs you can get access to the grounds by just heading over to the east side of town.,
commander1,dlg,EntryList/9/Text,0,-1,"Sir Hawklin's castle is at the south end of Thunderstone. You can't miss it, it's a big stone structure.",
commander1,dlg,ReplyList/0/Text,0,-1,Can I ask you something else?,
commander1,dlg,ReplyList/1/Text,0,-1,Nothing. I am done.,
commander1,dlg,ReplyList/10/Text,0,-1,Where is the tournament ground?,
commander1,dlg,ReplyList/11/Text,0,-1,My thanks to you.,
commander1,dlg,ReplyList/12/Text,0,-1,I need to know the way to Sir Hawklin's castle.,
commander1,dlg,ReplyList/13/Text,0,-1,My thanks to you.,
commander1,dlg,ReplyList/14/Text,0,-1,My thanks to you.,
commander1,dlg,ReplyList/15/Text,0,-1,I need the nearest place of healing.,
commander1,dlg,ReplyList/16/Text,0,-1,My thanks to you.,
commander1,dlg,ReplyList/17/Text,0,-1,I need the nearest inn.,
commander1,dlg,ReplyList/18/Text,0,-1,My thanks to you.,
commander1,dlg,ReplyList/19/Text,0,-1,My thanks to you.,
commander1,dlg,ReplyList/2/Text,0,-1,Can you help me with directions?,
commander1,dlg,ReplyList/20/Text,0,-1,My thanks to you.,
commander1,dlg,ReplyList/21/Text,0,-1,Thanks. Can I ask something else?,
commander1,dlg,ReplyList/22/Text,0,-1,Never mind.,
commander1,dlg,ReplyList/24/Text,0,-1,My thanks.,
commander1,dlg,ReplyList/25/Text,0,-1,I will do so.,
commander1,dlg,ReplyList/26/Text,0,-1,Peacebond?,
commander1,dlg,ReplyList/27/Text,0,-1,I want to report an attack!,
commander1,dlg,ReplyList/28/Text,0,-1,Where is the Crown Office?,
commander1,dlg,ReplyList/29/Text,0,-1,When will that be?,
commander1,dlg,ReplyList/3/Text,0,-1,Where can I find merchants to trade with?,
commander1,dlg,ReplyList/31/Text,0,-1,I'm going...,
commander1,dlg,ReplyList/34/Text,0,-1,Where can I get a Charter?,
commander1,dlg,ReplyList/4/Text,0,-1,Livestock if that includes horses.,
commander1,dlg,ReplyList/5/Text,0,-1,My thanks to you.,
commander1,dlg,ReplyList/6/Text,0,-1,Goods,
commander1,dlg,ReplyList/7/Text,0,-1,My thanks to you.,
commander1,dlg,ReplyList/8/Text,0,-1,My thanks to you.,
commander1,dlg,ReplyList/9/Text,0,-1,My thanks to you.,
commoner,dlg,EntryList/0/Text,0,-1,What is it?,
commoner,dlg,EntryList/1/Text,0,-1,"As I said, I'm not really interested in gossiping.",
commoner,dlg,EntryList/10/Text,0,-1,<StartAction>[You may add this to your journal in the completed section if you wish.]</Start>,
commoner,dlg,EntryList/100/Text,0,-1,I thought that was just a Folk Tale? Wasn't that the place with the ghost in it that undid the building work every night? Good story that one...,
commoner,dlg,EntryList/101/Text,0,-1,Polter's Fort...Polter's Fort...Why does that name sound familiar?,
commoner,dlg,EntryList/102/Text,0,-1,"Yes, I remember, was years ago now...A group of adventurers were asking about the place. If I remember rightly they were heading there in search of old elven tombs rumored to be under the foundations of the fort. Don't remember if they ever found anything...or even came back for that matter.",
commoner,dlg,EntryList/103/Text,0,-1,Hope that's useful to you...Was there anything else?,
commoner,dlg,EntryList/104/Text,0,-1,Of course. What are you looking for?,
commoner,dlg,EntryList/105/Text,0,-1,At the south and west corner of town. The gravedigger's place is close by too if you need something.,
commoner,dlg,EntryList/106/Text,0,-1,Are you after goods or livestock?,
commoner,dlg,EntryList/107/Text,0,-1,For horses the only place to go is Wangle's Livery on the east side of the square behind the Furniture's Fate.,
commoner,dlg,EntryList/108/Text,0,-1,"Well there's really three places to head for then. There's a smith in Wangle's Livery, though she has little stock. Or you could try Magurk's place. That's probably the most reasonably priced. The Six Coffers Trading Coster have by far the most stock, though they're a little pricey. You can find all three on the north and east side of the main square.",
commoner,dlg,EntryList/109/Text,0,-1,"One-armed Magurk's is the place for the best prices and also where most Adventurers go. He's low on stock since the war, but still the best place in town. You'll find his place just north of the square next to the livery.",
commoner,dlg,EntryList/11/Text,0,-1,Anything more you want?,
commoner,dlg,EntryList/110/Text,0,-1,I recommend you head up to the Six Coffers Trading Coster. They have everything. It's on the dockside to the north of the main square.,
commoner,dlg,EntryList/111/Text,0,-1,When the tournament runs you can get access to the grounds by just heading over to the east side of town.,
commoner,dlg,EntryList/112/Text,0,-1,"Sir Hawklin's castle is at the south end of Thunderstone. You can't miss it, it's a big stone structure.",
commoner,dlg,EntryList/113/Text,0,-1,It's at the south end of town.,
commoner,dlg,EntryList/114/Text,0,-1,The Shrine of Tempus caters for all. Head to the main square and it's on the south side.,
commoner,dlg,EntryList/115/Text,0,-1,"Forget the nearest. The best inn is the Furniture's Fate on the east side of the square. The Sign of Thunder, which is nearest to the bridge, isn't half as nice, and of course the Bear's Den is closed now.",
commoner,dlg,EntryList/116/Text,0,-1,"I recommend the Sign of Thunder. It's the one nearest to the bridge. There's the Furniture's Fate of course, which also welcomes travelers, but it really gets too noisy in there. If that's more your sort, it's on the east side of the square.",
commoner,dlg,EntryList/117/Text,0,-1,"Well there's two inns in Thunderstone where you'd be welcome; the Bear's Den is closed now, and the Dragon's Den only welcomes soldiers. The Sign of Thunder is close to the bridge, just a little southeast. The Furniture's Fate is on the east side of the main square. Both are lively places.",
commoner,dlg,EntryList/118/Text,0,-1,"Everyone has heard of <CUSTOM1021> <FirstName> <CUSTOM1053>. If you need something, just tell me...",
commoner,dlg,EntryList/119/Text,0,-1,"They call you <CUSTOM1021> <FirstName> <CUSTOM1053>, don't they?",
commoner,dlg,EntryList/12/Text,0,-1,"I am watching Arianne with interest. If a FitzCormaeril is gaining acceptance, then maybe a Cormaeril can too.",
commoner,dlg,EntryList/120/Text,0,-1,"Oh, sweet Lathander! You smell bad! Are you diseased? Why don't you try the Shrine of Tempus if you need something for that?",
commoner,dlg,EntryList/121/Text,0,-1,You look a bit lost!,
commoner,dlg,EntryList/122/Text,0,-1,Well it's an awfully busy time for me you know?,
commoner,dlg,EntryList/123/Text,0,-1,Yes?,
commoner,dlg,EntryList/124/Text,0,-1,"Oh! By Chauntea, what is that smell! Are you carrying around a dead body or something? Get away from me!",
commoner,dlg,EntryList/13/Text,0,-1,"Did you know that Magnus, the priest of Tempus, has six toes on his left foot?",
commoner,dlg,EntryList/14/Text,0,-1,"Oh, er, perhaps not what you were really after?",
commoner,dlg,EntryList/15/Text,0,-1,Oh really! Why would we want to hear such a thing?,
commoner,dlg,EntryList/16/Text,0,-1,Now that is high quality gossip for you <FirstName>! Perhaps we should help the poor fellow out!,
commoner,dlg,EntryList/17/Text,0,-1,"I reckon Oversword Laheralson must have had an affair with Princess Alusair before she became regent, otherwise there's no way she would put up with his inaction over these raids!",
commoner,dlg,EntryList/18/Text,0,-1,Well I just think it's amazing what people can get away with these days.,
commoner,dlg,EntryList/19/Text,0,-1,I'd be careful where you voice that opinion about the Princess Regent.,
commoner,dlg,EntryList/2/Text,0,-1,I told you I am not going to impart such information to strangers. I haven't changed my mind.,
commoner,dlg,EntryList/20/Text,0,-1,"Well, I have a right to my opinion, don't I?",
commoner,dlg,EntryList/21/Text,0,-1,"You do, but there's some who might think ill of such views.",
commoner,dlg,EntryList/22/Text,0,-1,"The rumor's not a new one though, it has to be said.",
commoner,dlg,EntryList/23/Text,0,-1,"There was a murder last week. Some unfortunate knight new in to Thunderstone who was lured into the forest and slain. Thiodor Hurim, the Crown's agent, thinks that he was lured out by a woman claiming she had been attacked, and was then set upon.",
commoner,dlg,EntryList/24/Text,0,-1,"My cousin told me that she saw the merchant Imelda leaving Thunderstone alone one evening. In times like these, who'd want to do a thing like that?",
commoner,dlg,EntryList/25/Text,0,-1,"Last time Valetto's ship was in Thunderstone, it looked like it had ivory on board. He's supposed to be a lumber merchant. Maybe he's secretly carrying a load for the merchant Imelda? Odd really. Those two always pretend to hate each other.",
commoner,dlg,EntryList/26/Text,0,-1,There's a lot of movement along the Sembian border at the moment. Could be they're preparing for an invasion. That would explain why the Purple Dragons spend more time in their barracks than chasing raiders. I'm glad they're taking the rumor seriously!,
commoner,dlg,EntryList/27/Text,0,-1,"I heard that if you want access to stuff and you don't care about who rightfully owns it, then Alice Broadhand is the one for you. She often hangs out in the Six Coffers Trading Coster.",
commoner,dlg,EntryList/28/Text,0,-1,They say the new smith is excellent and she used to forge magic weapons. Of course nowadays with such a shortage of regular arms she rarely gets the chance.,
commoner,dlg,EntryList/29/Text,0,-1,I am sure she would welcome the opportunity to work on magic again.,
commoner,dlg,EntryList/3/Text,0,-1,"I don't really go in for gossip so much, but...",
commoner,dlg,EntryList/30/Text,0,-1,It is true that she is a very good smith.,
commoner,dlg,EntryList/31/Text,0,-1,"Sir Gilbert Hawklin has a lovely daughter, but he doesn't let her out much. Maybe she's got some sort of disease?",
commoner,dlg,EntryList/32/Text,0,-1,It seems a shame to keep her locked up.,
commoner,dlg,EntryList/33/Text,0,-1,"Well she's standing right in front of you, so that rumor is proved false!",
commoner,dlg,EntryList/34/Text,0,-1,"Oh! I do beg your pardon my lady. It's just idle gossip, nothing more.",
commoner,dlg,EntryList/35/Text,0,-1,Well there's a lot of fear in Thunderstone at the moment. Something is stalking the streets at night. My cousin said they'd seen an enormous bear!,
commoner,dlg,EntryList/36/Text,0,-1,Bad times when Thunderstone is no longer safe...,
commoner,dlg,EntryList/37/Text,0,-1,Oh really! How silly!,
commoner,dlg,EntryList/38/Text,0,-1,"Well, that's what he said, and he's not one for lies.",
commoner,dlg,EntryList/39/Text,0,-1,There were rumors going about in town that a War Wizard bought a unicorn horn. That means someone has been hunting the Forest Fold in Hullack Forest. ,
commoner,dlg,EntryList/4/Text,0,-1,BROKEN DIALOGUE,
commoner,dlg,EntryList/40/Text,0,-1,It's sure to bring more trouble. We have enough raids out of Hullack without angering the Forest Folk.,
commoner,dlg,EntryList/41/Text,0,-1,That's a strange rumor. I think I remember someone saying something similar recently too.,
commoner,dlg,EntryList/42/Text,0,-1,"This is a very old rumor that has persisted for a long time, but they say there is a castle out on Lake Wyvernwater that rises and falls beneath the waves and that it can only be found when there is mist on the lake. I don't give it much credence, but you asked for rumors.",
commoner,dlg,EntryList/43/Text,0,-1,I can't help wondering how Valetto is the only merchant whose ships have not once been pirated.,
commoner,dlg,EntryList/44/Text,0,-1,"I can't really understand how, with all this piracy on Lake Wyvernwater, no one has once caught any of the pirates.",
commoner,dlg,EntryList/45/Text,0,-1,There must be some kind of devilry afoot. There's no other explanation.,
commoner,dlg,EntryList/46/Text,0,-1,I hope you are not insinuating that the navy are not trying? My cousin Ayesunder is the admiral.,
commoner,dlg,EntryList/47/Text,0,-1,"Oh, my apologies! Of course not. There must be some kind of devilry afoot. There's no other explanation.",
commoner,dlg,EntryList/48/Text,0,-1,Well the latest gossip is all about Sir Gilbert Hawklin. They say he is bankrupt and may have to sell his castle in Thunderstone.,
commoner,dlg,EntryList/49/Text,0,-1,I think that would be a shame after he contributed so much money for the new town walls.,
commoner,dlg,EntryList/5/Text,0,-1,EVER WANT TO ADD ANY _ DO SO HERE.,
commoner,dlg,EntryList/50/Text,0,-1,Well you shouldn't listen to such rubbish. My father's finances are fine. He paid for most of the town walls didn't he? So please stop that gossip!,
commoner,dlg,EntryList/51/Text,0,-1,"Oh! I do beg your pardon my lady. It's just idle gossip, nothing more.",
commoner,dlg,EntryList/52/Text,0,-1,We're all discussing the jousting of course...,
commoner,dlg,EntryList/53/Text,0,-1,Sir Gilbert's nephew Sir Blakeney Hawklin is entering the next joust. He's quite fancied as he has a steady arm and a good strike on the center of the shield.,
commoner,dlg,EntryList/54/Text,0,-1,"A knight who leans to the right would probably break his lance, conceding the point. Sir Gilbert's popular and any Hawklin does well with the crowd, so they'll enjoy his victories.",
commoner,dlg,EntryList/55/Text,0,-1,Inuman Insar the gnome will be riding in his first joust. He's quite fancied as he has a steady arm and a good strike on the center of the shield.,
commoner,dlg,EntryList/56/Text,0,-1,"A knight who leans to the right would probably break his lance, and lose the point. Inuman's popular and if he does well will please the crowd.",
commoner,dlg,EntryList/57/Text,0,-1,<CUSTOM1065> is meant to be riding in the next joust. She's almost an unknown as she rarely enters the lists. A friend of mine works on her staff and she says <CUSTOM1065> is formidable.,
commoner,dlg,EntryList/58/Text,0,-1,I've heard that her favored strike is high and wide. Her opponents don't think she has the strength so they always duck behind their lances for extra force and end up being unhorsed.,
commoner,dlg,EntryList/59/Text,0,-1,Would be nice to see a lady win the next tournament I think.,
commoner,dlg,EntryList/6/Text,0,-1,There's a rumor about <CUSTOM1068> going around. He's meant to be entering the next joust. One of his opponents is whispering around that the way to beat him is to avoid lowering the shield and breaking his lance.,
commoner,dlg,EntryList/60/Text,0,-1,"I agree. If only it could be me...but, I've chosen another route for now.",
commoner,dlg,EntryList/61/Text,0,-1,"That's good information if she rides here, for I saw her do the same thing in a tourney in Arabel before the war.",
commoner,dlg,EntryList/62/Text,0,-1,We're all very excited since it's rumored that <CUSTOM1064> will ride in the next joust!,
commoner,dlg,EntryList/63/Text,0,-1,"He is a famous jouster. It will be very exciting to watch him, though my cousin said he always aims for the helm. Any knight could beat him if they just ducked their helm down!",
commoner,dlg,EntryList/64/Text,0,-1,I'd very much like to see <CUSTOM1064> ride. He has a reputation as a doughty fighter on foot too.,
commoner,dlg,EntryList/65/Text,0,-1,"The main talk is about the next tournament. I reckon <CUSTOM1063> has a good chance, don't you? His main weakness is that he always aims low to the left.",
commoner,dlg,EntryList/66/Text,0,-1,"He does it too often, but I guess enough opponents lean right for him to win through. Easy points for lance breaks seem to be his speciality.",
commoner,dlg,EntryList/67/Text,0,-1,It's true. I saw him ride in Marsember once and he did the same thing there.,
commoner,dlg,EntryList/68/Text,0,-1,<CUSTOM1062> is quite fancied in the jousting in the next tournament but he always aims low. I believe one of the other knights will beat him easily as long as they don't lower their shield.,
commoner,dlg,EntryList/69/Text,0,-1,"I've watched a lot of jousts, and you can easily concede a point that way; they get a clean strike and break their lance.",
commoner,dlg,EntryList/7/Text,0,-1,I've no idea if it's true though.,
commoner,dlg,EntryList/70/Text,0,-1,"Everyone is talking about young <CUSTOM1061> and that he'll win the next joust, but my cousin said that he almost always goes for the helm.",
commoner,dlg,EntryList/71/Text,0,-1,His opponent almost always raises their shield in reflex and...bang! They're on the ground!,
commoner,dlg,EntryList/72/Text,0,-1,<StartAction>[You may add this to your journal in the completed section if you wish.]</Start>,
commoner,dlg,EntryList/73/Text,0,-1,Anything more you want?,
commoner,dlg,EntryList/74/Text,0,-1,"Cousin Azar? By Torm, that's absolutely right, he does too!",
commoner,dlg,EntryList/75/Text,0,-1,His opponent almost always raises their shield in reflex and...bang! They're on the ground!,
commoner,dlg,EntryList/76/Text,0,-1,"Why, of course!",
commoner,dlg,EntryList/77/Text,0,-1,Let me see...,
commoner,dlg,EntryList/78/Text,0,-1,It seems that adventurers have nothing better to do than to pass idle gossip. The rest of us however have lives to lead.,
commoner,dlg,EntryList/79/Text,0,-1,I am sorry. I can't think of anything for you <CUSTOM1021><LastName> <CUSTOM1053>. I just don't find gossip interesting.,
commoner,dlg,EntryList/8/Text,0,-1,"That's not a very sporting thing to do. There's a difference between gathering information on your opponents, and deliberately sabotaging them.",
commoner,dlg,EntryList/80/Text,0,-1,Is this really the time and place?,
commoner,dlg,EntryList/81/Text,0,-1,I'm too busy for idle chatter.,
commoner,dlg,EntryList/82/Text,0,-1,Not really.,
commoner,dlg,EntryList/83/Text,0,-1,It takes a little more than a chance meeting for me to start gossiping.,
commoner,dlg,EntryList/84/Text,0,-1,"Nothing that I can think of, and anyway I'm too busy for such nonsense.",
commoner,dlg,EntryList/85/Text,0,-1,I doubt it.,
commoner,dlg,EntryList/86/Text,0,-1,Do I look that desperate! Go and bother someone else rather than insulting me with your offers!,
commoner,dlg,EntryList/87/Text,0,-1,You have a deal! Thanks. Now let me think....,
commoner,dlg,EntryList/88/Text,0,-1,"Well there's no need to be like that. If it's so important, let me think...",
commoner,dlg,EntryList/89/Text,0,-1,"I can't very well refuse you if you put it like that, can I? Let me see...",
commoner,dlg,EntryList/9/Text,0,-1,"There's quite a lot of talk about Lady Arianne FitzCormaeril entering the joust. It's caused quite a stir, not just because she's related to the disgraced Cormaeril's but also she's quite a jouster. The lance is a bit heavy for her though and she often strikes at the base of the shield. Giogi Wyvernspur defeated her in a joust recently by leaning to one side or the other.",
commoner,dlg,EntryList/90/Text,0,-1,Such simple tactics do not work on me. I shall not be gossiping with strangers. Good day to you.,
commoner,dlg,EntryList/91/Text,0,-1,"Oh really! Come on now, I have better things to do.",
commoner,dlg,EntryList/92/Text,0,-1,No. I'm not going to gossip whatever you say.,
commoner,dlg,EntryList/93/Text,0,-1,"I can see you are seriously in need of gossip! Very well, I'll tell you what I know, but keep your news, I shan't have others accuse me of rumor-mongering. Let me see...",
commoner,dlg,EntryList/94/Text,0,-1,"You have to make your own money these days. Many would choose adventuring, if only the price would come down for the Charter. You'll have to find work for yourself.",
commoner,dlg,EntryList/95/Text,0,-1,"There's not many jobs now, truth be told. Since the war, many an ex-soldier needs work.",
commoner,dlg,EntryList/96/Text,0,-1,"Well, Alice Broadhand over at the Six Coffers sometimes has a job that needs doing, but oft times her jobs are not the sort anyone would want.",
commoner,dlg,EntryList/97/Text,0,-1,"There's no easy way to make money in Thunderstone nowadays. Maybe your best hope is the next tournament? If you're prepared to fight, there's a General Melee with cash prizes up for grabs. Last man standing, that sort of thing.",
commoner,dlg,EntryList/98/Text,0,-1,Polter's Fort? Not I. Never heard of it!,
commoner,dlg,EntryList/99/Text,0,-1,"I believe Magnus, the priest in the Shrine of Tempus is the man for history. Perhaps he can help you?",
commoner,dlg,ReplyList/0/Text,0,-1,I am done.,
commoner,dlg,ReplyList/1/Text,0,-1,"I asked you about rumors and points of interest before. Remind me, what did you say?",
commoner,dlg,ReplyList/10/Text,0,-1,<StartAction>[No]</Start>,
commoner,dlg,ReplyList/100/Text,0,-1,My thanks to you.,
commoner,dlg,ReplyList/101/Text,0,-1,Goods,
commoner,dlg,ReplyList/102/Text,0,-1,My thanks to you.,
commoner,dlg,ReplyList/103/Text,0,-1,My thanks to you.,
commoner,dlg,ReplyList/104/Text,0,-1,My thanks to you.,
commoner,dlg,ReplyList/105/Text,0,-1,Where is the tournament ground?,
commoner,dlg,ReplyList/106/Text,0,-1,My thanks to you.,
commoner,dlg,ReplyList/107/Text,0,-1,I need to know the way to Sir Hawklin's castle.,
commoner,dlg,ReplyList/108/Text,0,-1,My thanks to you.,
commoner,dlg,ReplyList/109/Text,0,-1,My thanks to you.,
commoner,dlg,ReplyList/11/Text,0,-1,<StartAction>[Yes]</Start>,
commoner,dlg,ReplyList/110/Text,0,-1,I need the nearest place of healing.,
commoner,dlg,ReplyList/111/Text,0,-1,My thanks to you.,
commoner,dlg,ReplyList/112/Text,0,-1,I need the nearest inn.,
commoner,dlg,ReplyList/113/Text,0,-1,My thanks to you.,
commoner,dlg,ReplyList/114/Text,0,-1,My thanks to you.,
commoner,dlg,ReplyList/115/Text,0,-1,My thanks to you.,
commoner,dlg,ReplyList/116/Text,0,-1,Thanks. Can I ask something else?,
commoner,dlg,ReplyList/12/Text,0,-1,My thanks.,
commoner,dlg,ReplyList/15/Text,0,-1,"Not really, but thanks anyway!",
commoner,dlg,ReplyList/19/Text,0,-1,My thanks.,
commoner,dlg,ReplyList/2/Text,0,-1,I shall leave you to your business.,
commoner,dlg,ReplyList/24/Text,0,-1,My thanks.,
commoner,dlg,ReplyList/25/Text,0,-1,My thanks.,
commoner,dlg,ReplyList/26/Text,0,-1,My thanks.,
commoner,dlg,ReplyList/27/Text,0,-1,My thanks.,
commoner,dlg,ReplyList/28/Text,0,-1,My thanks.,
commoner,dlg,ReplyList/3/Text,0,-1,I shall leave you to your business.,
commoner,dlg,ReplyList/30/Text,0,-1,My thanks.,
commoner,dlg,ReplyList/33/Text,0,-1,My thanks.,
commoner,dlg,ReplyList/35/Text,0,-1,My thanks.,
commoner,dlg,ReplyList/37/Text,0,-1,My thanks.,
commoner,dlg,ReplyList/39/Text,0,-1,My thanks.,
commoner,dlg,ReplyList/4/Text,0,-1,"I am looking for rumors, points of interest, that sort of thing. Do you know any?",
commoner,dlg,ReplyList/41/Text,0,-1,My thanks.,
commoner,dlg,ReplyList/43/Text,0,-1,My thanks.,
commoner,dlg,ReplyList/44/Text,0,-1,My thanks.,
commoner,dlg,ReplyList/46/Text,0,-1,My thanks.,
commoner,dlg,ReplyList/48/Text,0,-1,My thanks.,
commoner,dlg,ReplyList/50/Text,0,-1,My thanks.,
commoner,dlg,ReplyList/52/Text,0,-1,My thanks.,
commoner,dlg,ReplyList/6/Text,0,-1,My thanks.,
commoner,dlg,ReplyList/68/Text,0,-1,<StartAction>[No]</Start>,
commoner,dlg,ReplyList/69/Text,0,-1,<StartAction>[Yes]</Start>,
commoner,dlg,ReplyList/70/Text,0,-1,My thanks.,
commoner,dlg,ReplyList/72/Text,0,-1,I shall leave you to your business.,
commoner,dlg,ReplyList/73/Text,0,-1,I shall leave you to your business.,
commoner,dlg,ReplyList/74/Text,0,-1,I shall leave you to your business.,
commoner,dlg,ReplyList/75/Text,0,-1,I have another question.,
commoner,dlg,ReplyList/76/Text,0,-1,Perhaps there is some way I can change your mind?,
commoner,dlg,ReplyList/77/Text,0,-1,Nevermind then.,
commoner,dlg,ReplyList/78/Text,0,-1,How about a gold piece for a rumor?,
commoner,dlg,ReplyList/79/Text,0,-1,I shall leave you to your business.,
commoner,dlg,ReplyList/80/Text,0,-1,<StartCheck>[Intimidate]</Start> I don't like your attitude. Start talking or...,
commoner,dlg,ReplyList/81/Text,0,-1,<StartCheck>[Persuade]</Start> I am a little down on my luck. Perhaps I can turn the news to good use?,
commoner,dlg,ReplyList/82/Text,0,-1,"<StartCheck>[Bluff]</Start> Well, I'll tell you a piece of hot news in exchange.",
commoner,dlg,ReplyList/83/Text,0,-1,Goodbye.,
commoner,dlg,ReplyList/84/Text,0,-1,Nevermind then.,
commoner,dlg,ReplyList/85/Text,0,-1,Nevermind then.,
commoner,dlg,ReplyList/86/Text,0,-1,Where can I get a job in this town?,
commoner,dlg,ReplyList/87/Text,0,-1,Can you tell me anything about Polter's Fort?,
commoner,dlg,ReplyList/88/Text,0,-1,My thanks to you.,
commoner,dlg,ReplyList/89/Text,0,-1,My thanks to you.,
commoner,dlg,ReplyList/90/Text,0,-1,My thanks to you.,
commoner,dlg,ReplyList/93/Text,0,-1,"No, I'm done thanks.",
commoner,dlg,ReplyList/94/Text,0,-1,Yes,
commoner,dlg,ReplyList/95/Text,0,-1,Can you help me with directions?,
commoner,dlg,ReplyList/96/Text,0,-1,Where is the cemetery?,
commoner,dlg,ReplyList/97/Text,0,-1,My thanks to you.,
commoner,dlg,ReplyList/98/Text,0,-1,Where can I find merchants to trade with?,
commoner,dlg,ReplyList/99/Text,0,-1,Livestock if that includes horses.,
commonerc,dlg,EntryList/0/Text,0,-1,I reckon I could do more damage to that dummy than these weaklings!,
commonerc,dlg,EntryList/1/Text,0,-1,They should get that Brondar up from Morfen for the spellcasting. He'd win it I reckon.,
commonerc,dlg,EntryList/2/Text,0,-1,Out of the way there! Let me see!,
commonerc,dlg,EntryList/3/Text,0,-1,I am watching the competition! Please!,
commonerj,dlg,EntryList/0/Text,0,-1,"Oh, this is too exciting! We should have jousting everyday!",
commonerj,dlg,EntryList/1/Text,0,-1,"Go! Lady Wyvernspur, go!",
commonerj,dlg,EntryList/2/Text,0,-1,"Oh, come on Sir Baradin! You can do better than that! Lift your lance!",
commonerj,dlg,EntryList/3/Text,0,-1,Out of the way there! Let me see!,
commonerj,dlg,EntryList/4/Text,0,-1,I am watching the jousting! Please!,
cut1,dlg,EntryList/0/Text,0,-1,"Well, Edgar, you are back I see.",
cut1,dlg,EntryList/1/Text,0,-1,"Greetings to you Faril, and I can tell you I am more than relieved!",
cut1,dlg,EntryList/10/Text,0,-1,You would be very wise not to make accusations if you cannot think of more convincing ones than that.,
cut1,dlg,EntryList/11/Text,0,-1,"<StartAction>[Success]</Start> Er, well...I am not sure what you are intimating. I am not acting outside the law.",
cut1,dlg,EntryList/12/Text,0,-1,Tell Sir Hawklin what you like. I am the law here.,
cut1,dlg,EntryList/13/Text,0,-1,"<StartAction>[Success]</Start> Now, now! There is no need for such aggression, but you must understand that it is my job to check?",
cut1,dlg,EntryList/14/Text,0,-1,Served Thunderstone? In what way is looting the barrows of dead Cormyreans a service to Thunderstone?,
cut1,dlg,EntryList/15/Text,0,-1,Now open your pack!,
cut1,dlg,EntryList/16/Text,0,-1,"<StartAction>[Success]</Start> Well, I suppose you have done Cormyr a service but the law is the law, and ordinarily requires you to have an Adventurer's Charter if you wish to retain your loot...",
cut1,dlg,EntryList/17/Text,0,-1,"Oh, here comes Valetto. What does he want?",
cut1,dlg,EntryList/2/Text,0,-1,"Though it seems you have lost a considerable number of my men. Being a Truesilver does not put you outside my command, Edgar. Remember in future that no matter how fine the task may seem, your orders come from me, not Sir Hawklin.",
cut1,dlg,EntryList/3/Text,0,-1,"Apologies Faril. You are correct of course, though speed was important and you could not be found.",
cut1,dlg,EntryList/4/Text,0,-1,You have a new recruit it seems.,
cut1,dlg,EntryList/5/Text,0,-1,"This is <FullName>, a squire of Sir Gilbert's.",
cut1,dlg,EntryList/6/Text,0,-1,"Welcome <FullName>, though you seem a little overburdened. I take it you have a Charter for all that gear?",
cut1,dlg,EntryList/7/Text,0,-1,I think not all of it. Let me see what you have there...,
cut1,dlg,EntryList/8/Text,0,-1,Is this really necessary Faril?,
cut1,dlg,EntryList/9/Text,0,-1,"It is Cormyrian law, Edgar. Are you suggesting I change it on behalf of the Princess Regent?",
cut1,dlg,ReplyList/11/Text,0,-1,<StartCheck>[Bluff]</Start>I think people would be more interested to hear what you intend to do with the gear.,
cut1,dlg,ReplyList/12/Text,0,-1,<StartCheck>[Intimidate]</Start>Sir Hawklin shall hear of this! It's a disgrace.,
cut1,dlg,ReplyList/13/Text,0,-1,<StartCheck>[Persuade]</Start>This is not fair! Why should I be searched when I have just served Thunderstone!,
cut1,dlg,ReplyList/17/Text,0,-1,That is not necessary. You can search me as permitted by law.,
cut1,dlg,ReplyList/6/Text,0,-1,Well...I ...er...perhaps not everything I have on me. But think of it as reward for fighting raiders.,
cut1,dlg,ReplyList/7/Text,0,-1,I am entitled to carry it as a squire of Sir Gilbert Hawklin.,
cut1,dlg,ReplyList/8/Text,0,-1,Of course.,
cut1a,dlg,EntryList/0/Text,0,-1,Woah there. Wait! What on earth is going on? ,
cut1a,dlg,EntryList/1/Text,0,-1,"This concerns the law, Valetto. Please stay out of it.",
cut1a,dlg,EntryList/2/Text,0,-1,"Are they pestering you for a Charter my <boy/girl>? Faril , didn't I tell you already that I have an Adventurer's Charter here for <FirstName>?",
cut1a,dlg,EntryList/3/Text,0,-1,"It must have slipped your mind, Valetto. Let me see it please...",
cut1a,dlg,EntryList/4/Text,0,-1,"I see. It seems to be in order. Very well, you may go. Edgar, report to barracks when you have seen to your wounds.",
cut1a,dlg,EntryList/5/Text,0,-1,"Come, Sir Hawklin will be keen to see you...",
cut1a,dlg,EntryList/6/Text,0,-1,"<FirstName>, I must go, but you have my thanks once again. Seek me out in the Sign of Thunder later if you get a chance.",
cut1b,dlg,EntryList/0/Text,0,-1,"Well <FirstName>, I hope you don't mind my presumption. When I heard that Sir Hawklin had sent you with Truesilver to one of the barrows, I had a feeling Laheralson might try to take the plunder, so I purchased an Adventurer's Charter on your behalf.",
cut1b,dlg,EntryList/1/Text,0,-1,"Well Laheralson is an unpleasant character, and I felt after all your troubles, you needed a break. I have a request in return, which Sir Hawklin will detail to you, but you will find it fits with your task, so it should not be a burden for you.",
cut1b,dlg,EntryList/10/Text,0,-1,"A ring? Well I am not very interested in rings, but tell me more about it.",
cut1b,dlg,EntryList/11/Text,0,-1,That...that sounds very alarming. You must share what you told me with Sir Hawklin. I...er...do not like the sound of that at all. Let us hope your brother will recover his wits...,
cut1b,dlg,EntryList/12/Text,0,-1,"Well, nothing in particular, but I can get you good prices on jeweled items: amulets and bracelets, or headpieces such as circlets or crowns and such.",
cut1b,dlg,EntryList/13/Text,0,-1,"Well you have some interesting things, but not really anything that catches my eye...",
cut1b,dlg,EntryList/14/Text,0,-1,True! True! Why not wait and see what it is before you decide I have been unfair though.,
cut1b,dlg,EntryList/15/Text,0,-1,All in good time <FirstName>. It is not a big request.,
cut1b,dlg,EntryList/2/Text,0,-1,Well let's turn to business then. I have heard that the barrows have some treasures hidden within them. Perhaps you discovered something interesting that I can give you a good price for? The Six Coffers Trading Coster never gives a good price for anything.,
cut1b,dlg,EntryList/3/Text,0,-1,"Oh come now <FirstName>, your pack is positively bulging!",
cut1b,dlg,EntryList/4/Text,0,-1,"Oh well, if that is the case then I am disappointed for I had heard the barrows were full of treasure, but if you found nothing...",
cut1b,dlg,EntryList/5/Text,0,-1,"Well, good luck to you then <FullName>. Here, you had best take the Charter with you, just in case you get stopped again.",
cut1b,dlg,EntryList/6/Text,0,-1,"Nothing, the debt is Sir Hawklin's, since he is your master. Now, I must be going, so good day to you.",
cut1b,dlg,EntryList/7/Text,0,-1,"<StartAction>[Success]</Start> Oh. Well that is a shame. I had heard that the barrows were the place for old treasures, but...oh well!",
cut1b,dlg,EntryList/8/Text,0,-1,"Unfortunate I suppose. Well, good luck to you then <FullName> and here, you had best take the Charter with you, just in case you get stopped again.",
cut1b,dlg,EntryList/9/Text,0,-1,"Nothing, the debt is Sir Hawklin's, since he is your master. Now, I must be going, so good day to you.",
cut1b,dlg,ReplyList/0/Text,0,-1,I had the situation under control.,
cut1b,dlg,ReplyList/1/Text,0,-1,I am most grateful to you.,
cut1b,dlg,ReplyList/10/Text,0,-1,What do I owe you for it?,
cut1b,dlg,ReplyList/12/Text,0,-1,I found nothing.,
cut1b,dlg,ReplyList/13/Text,0,-1,Thanks.,
cut1b,dlg,ReplyList/14/Text,0,-1,What do I owe you for it?,
cut1b,dlg,ReplyList/16/Text,0,-1,"We did find something, but my brother took it for himself and fled with it. It was a ring.",
cut1b,dlg,ReplyList/17/Text,0,-1,<StartAction>[Describe the events with Jonas and the ring]</Start>,
cut1b,dlg,ReplyList/19/Text,0,-1,"I prefer not to, I am still deciding what to make of it.",
cut1b,dlg,ReplyList/2/Text,0,-1,How do you profit by that?,
cut1b,dlg,ReplyList/20/Text,0,-1,I found a few items. Did you have anything specifically in mind?,
cut1b,dlg,ReplyList/21/Text,0,-1,<StartAction>[Show Valetto your pack.]</Start>,
cut1b,dlg,ReplyList/22/Text,0,-1,That's all I have.,
cut1b,dlg,ReplyList/23/Text,0,-1,Why should I do you a favor? I did not ask for your help.,
cut1b,dlg,ReplyList/24/Text,0,-1,Why don't you tell me the favor now?,
cut1b,dlg,ReplyList/3/Text,0,-1,Why did you do that?,
cut1b,dlg,ReplyList/4/Text,0,-1,I'll decide when I hear it.,
cut1b,dlg,ReplyList/5/Text,0,-1,That is only fair I suppose.,
cut1b,dlg,ReplyList/6/Text,0,-1,<StartCheck>[Bluff]</Start>I found nothing of interest at all.,
cut1b,dlg,ReplyList/7/Text,0,-1,I had this stuff before I went to Edgar's aid.,
cut1b,dlg,ReplyList/8/Text,0,-1,I found nothing.,
cut1b,dlg,ReplyList/9/Text,0,-1,Thanks.,
damsel1,dlg,EntryList/0/Text,0,-1,Oh <Sir/Madam>!  <Sir/Madam>!  You must help... a woman. Kidnapped!,
damsel1,dlg,EntryList/1/Text,0,-1,But <Sir/Madam>! A woman... she needs your help!,
damsel1,dlg,EntryList/10/Text,0,-1,"She gave one scream, and they dragged her into the forest... quick! We must help before they get too far!",
damsel1,dlg,EntryList/11/Text,0,-1,"Come. We must go through the postern gate behind Kelemvor's Garden, and go into the forest...",
damsel1,dlg,EntryList/12/Text,0,-1,We should hurry!,
damsel1,dlg,EntryList/13/Text,0,-1,By Torm! She needs our help! What happened next old man?,
damsel1,dlg,EntryList/14/Text,0,-1,Does anyone else smell a trap here?,
damsel1,dlg,EntryList/15/Text,0,-1,Snatching people from Thunderstone? It's unbelievable!,
damsel1,dlg,EntryList/16/Text,0,-1,"That's terrible! By Lathander, we should go and help her!",
damsel1,dlg,EntryList/2/Text,0,-1,"Oh, yes... the Watch...",
damsel1,dlg,EntryList/3/Text,0,-1,I will...,
damsel1,dlg,EntryList/4/Text,0,-1,"There's no time to get the Watch, we must rescue her ourselves!",
damsel1,dlg,EntryList/5/Text,0,-1,You are a cruel one. I hope the Watch are not so cold...,
damsel1,dlg,EntryList/6/Text,0,-1,I will...,
damsel1,dlg,EntryList/7/Text,0,-1,"There's no time to get the Watch, we must rescue her ourselves!",
damsel1,dlg,EntryList/8/Text,0,-1,Ah! I'm going!,
damsel1,dlg,EntryList/9/Text,0,-1,"I was praying over Mary's grave, and there was a woman in a blue dress in the cemetery too... and then when I next looked around, I saw two men bundling her through the postern gate!",
damsel1,dlg,ReplyList/0/Text,0,-1,A kidnapping? What's this!,
damsel1,dlg,ReplyList/1/Text,0,-1,"Oh go away, you silly old coot.",
damsel1,dlg,ReplyList/10/Text,0,-1,"Go and tell the Watch, old man.",
damsel1,dlg,ReplyList/11/Text,0,-1,"Go away old man, before I put my blade through you.",
damsel1,dlg,ReplyList/12/Text,0,-1,Good,
damsel1,dlg,ReplyList/13/Text,0,-1,Slow down! What's wrong?,
damsel1,dlg,ReplyList/15/Text,0,-1,Show me the way!,
damsel1,dlg,ReplyList/16/Text,0,-1,<StartAction>[Take a moment to gather any horses in this area then follow.]</Start>,
damsel1,dlg,ReplyList/17/Text,0,-1,I'm ready!,
damsel1,dlg,ReplyList/2/Text,0,-1,Call the Watch if someone needs help. I have other things to do.,
damsel1,dlg,ReplyList/3/Text,0,-1,Go on then. Tell the Watch.,
damsel1,dlg,ReplyList/5/Text,0,-1,I've changed my mind. Show me the way.,
damsel1,dlg,ReplyList/6/Text,0,-1,"Go and tell the Watch, old man.",
damsel1,dlg,ReplyList/7/Text,0,-1,Enough. I don't have time for your foolishness.,
damsel1,dlg,ReplyList/8/Text,0,-1,Go on then. Tell the Watch.,
damsel2,dlg,EntryList/0/Text,0,-1,I'm scared!,
damsel2,dlg,EntryList/1/Text,0,-1,"They...they came in here, but I don't like to go further. We're getting too far into the forest...",
damsel2,dlg,EntryList/2/Text,0,-1,I...I can't. I can barely walk for fear! Oh!,
damsel2,dlg,EntryList/3/Text,0,-1,I...I...I am afraid. I shall await you here.,
damsel2,dlg,EntryList/4/Text,0,-1,"Oh, my thanks! Then I shall await you here. Perhaps they didn't go far?",
damsel2,dlg,ReplyList/0/Text,0,-1,I don't trust you. You're coming with me.,
damsel2,dlg,ReplyList/1/Text,0,-1,Don't be such a coward. Come on!,
damsel2,dlg,ReplyList/2/Text,0,-1,Fair enough. You stay here.,
damsel2,dlg,ReplyList/3/Text,0,-1,There is no need for you to come further old man.,
debug,dlg,EntryList/0/Text,0,-1,Debug Tool - WC Beta Build 3.10,
debug,dlg,EntryList/1/Text,0,-1,These settings apply to how horses are dealt with please select which one you would like to change.,
debug,dlg,EntryList/10/Text,0,-1,Which match would you like to win?,
debug,dlg,EntryList/11/Text,0,-1,Jousting State Reset to 0.  Main Plot Set to 1.,
debug,dlg,EntryList/12/Text,0,-1,"Tournament 1, Started: <CUSTOM9901>
Tournament 1, Win 1: <CUSTOM9902>
Tournament 1, Win 2: <CUSTOM9903>
Tournament 1, Win 3: <CUSTOM9904>
Tournament 1, Win 4: <CUSTOM9905>
Tournament 1, Champ: <CUSTOM9906>
Tournament 1, Lost: <CUSTOM9907>
Tournament 1, Done: <CUSTOM9908>
--------
Tournament 2, Started: <CUSTOM9911>
Tournament 2, Win 1: <CUSTOM9912>
Tournament 2, Win 2: <CUSTOM9913>
Tournament 2, Win 3: <CUSTOM9914>
Tournament 2, Win 4: <CUSTOM9915>
Tournament 2, Champ: <CUSTOM9916>
Tournament 2, Lost: <CUSTOM9917>
Tournament 2, Done: <CUSTOM9918>
",
debug,dlg,EntryList/13/Text,0,-1,The time is <CUSTOM2301>:<CUSTOM2302>,
debug,dlg,EntryList/15/Text,0,-1,<StartAction>[Where do you wish to travel to? Options available are:]</Start>,
debug,dlg,EntryList/2/Text,0,-1,This multiplier sets the speed for mounting.  The smaller this number the faster it will try to mount.  Play around with these settings until you find the one that works best for you.,
debug,dlg,EntryList/3/Text,0,-1,It is done.,
debug,dlg,EntryList/4/Text,0,-1,How would you like the animations to be handled?,
debug,dlg,EntryList/5/Text,0,-1,It is done,
debug,dlg,EntryList/6/Text,0,-1,"What would you like to do?

NOTE:
Resetting the jousting state will clear the jousting variables and set the main plot to 1.

Setting a win will set the jousting state for that specific match as well as all bits that lead up to it.

Setting a loss will set the jousting state for that specific match as well as all bits that lead up to it.",
debug,dlg,EntryList/7/Text,0,-1,"Which tournament would you like to affect?

NOTE: Once you make a selection, you will be reset for that tournament and must continue through the conversation or reset the jousting state.",
debug,dlg,EntryList/8/Text,0,-1,Which match would you like to lose?,
debug,dlg,EntryList/9/Text,0,-1,"Which tournament would you like to affect?

NOTE: Once you make a selection, you will be reset for that tournament and must continue through the conversation or reset the jousting state.",
debug,dlg,ReplyList/0/Text,0,-1,Horse Mount/Dismount Related options,
debug,dlg,ReplyList/1/Text,0,-1,Set mounting animation speed multiplier.,
debug,dlg,ReplyList/10/Text,0,-1,0.3,
debug,dlg,ReplyList/11/Text,0,-1,Set whether mount/dismount animations are off or on,
debug,dlg,ReplyList/12/Text,0,-1,Leave them on,
debug,dlg,ReplyList/13/Text,0,-1,Turn them off,
debug,dlg,ReplyList/14/Text,0,-1,Set to night,
debug,dlg,ReplyList/15/Text,0,-1,Set to morning,
debug,dlg,ReplyList/16/Text,0,-1,Add 25000xp,
debug,dlg,ReplyList/17/Text,0,-1,Add 10000 gold,
debug,dlg,ReplyList/18/Text,0,-1,Joust Debugging,
debug,dlg,ReplyList/19/Text,0,-1,Quit.,
debug,dlg,ReplyList/2/Text,0,-1,1.2,
debug,dlg,ReplyList/20/Text,0,-1,Go to Main Menu.,
debug,dlg,ReplyList/21/Text,0,-1,Set loss.,
debug,dlg,ReplyList/22/Text,0,-1,Never mind,
debug,dlg,ReplyList/23/Text,0,-1,Tournament 2.,
debug,dlg,ReplyList/24/Text,0,-1,Tournament 1.,
debug,dlg,ReplyList/25/Text,0,-1,Match 4. (Automatically sets you as Tournament Champion),
debug,dlg,ReplyList/26/Text,0,-1,Match 3.,
debug,dlg,ReplyList/27/Text,0,-1,Match 2.,
debug,dlg,ReplyList/28/Text,0,-1,Match 1.,
debug,dlg,ReplyList/29/Text,0,-1,Set win.,
debug,dlg,ReplyList/3/Text,0,-1,1.0,
debug,dlg,ReplyList/30/Text,0,-1,Never mind.,
debug,dlg,ReplyList/31/Text,0,-1,Tournament 2.,
debug,dlg,ReplyList/32/Text,0,-1,Tournament 1.,
debug,dlg,ReplyList/33/Text,0,-1,Match 4. (Automatically sets you as Tournament Champion),
debug,dlg,ReplyList/34/Text,0,-1,Match 3.,
debug,dlg,ReplyList/35/Text,0,-1,Match 2.,
debug,dlg,ReplyList/36/Text,0,-1,Match 1.,
debug,dlg,ReplyList/37/Text,0,-1,Reset Jousting State.,
debug,dlg,ReplyList/38/Text,0,-1,Check Jousting State.,
debug,dlg,ReplyList/39/Text,0,-1,Set tokens - ALWAYS DO THIS IF YOU'RE PARACHUTE TESTING,
debug,dlg,ReplyList/4/Text,0,-1,0.9,
debug,dlg,ReplyList/40/Text,0,-1,Check Time,
debug,dlg,ReplyList/42/Text,0,-1,Check Plot state,
debug,dlg,ReplyList/43/Text,0,-1,Change plot state (modularisation),
debug,dlg,ReplyList/44/Text,0,-1,8 (finale),
debug,dlg,ReplyList/45/Text,0,-1,7 (before tournament),
debug,dlg,ReplyList/46/Text,0,-1,6 (got the crystal ball up to telling Hawklin),
debug,dlg,ReplyList/47/Text,0,-1,5 (In WC),
debug,dlg,ReplyList/48/Text,0,-1,4 (Up to WC entry),
debug,dlg,ReplyList/49/Text,0,-1,3 (up to WL dialogue),
debug,dlg,ReplyList/5/Text,0,-1,0.8,
debug,dlg,ReplyList/50/Text,0,-1,"2 (until Edgar secured)
",
debug,dlg,ReplyList/51/Text,0,-1,To 1 (up to meeting informant),
debug,dlg,ReplyList/52/Text,0,-1,Go somewhere,
debug,dlg,ReplyList/53/Text,0,-1,Finale,
debug,dlg,ReplyList/54/Text,0,-1,TESTING AREA (REMOVE ME),
debug,dlg,ReplyList/55/Text,0,-1,Stay here.,
debug,dlg,ReplyList/56/Text,0,-1,<StartAction>[Tent]</Start>,
debug,dlg,ReplyList/57/Text,0,-1,<StartAction>[Darts]</Start>,
debug,dlg,ReplyList/58/Text,0,-1,<StartAction>[Battlefield]</Start>,
debug,dlg,ReplyList/59/Text,0,-1,<StartAction>[Wyvernwater Castle Sinking]</Start>,
debug,dlg,ReplyList/6/Text,0,-1,0.7,
debug,dlg,ReplyList/60/Text,0,-1,<StartAction>[Wyvernwater Castle: Pirate Caves]</Start>,
debug,dlg,ReplyList/61/Text,0,-1,<StartAction>[Wyvernwater Castle: Keep]</Start>,
debug,dlg,ReplyList/62/Text,0,-1,<StartAction>[Wyvernwater Castle]</Start>,
debug,dlg,ReplyList/63/Text,0,-1,<StartAction>[Lake Wyvernwater]</Start>,
debug,dlg,ReplyList/64/Text,0,-1,<StartAction>[Polter's Fort]</Start>,
debug,dlg,ReplyList/65/Text,0,-1,<StartAction>[Polter's Fort Approach]</Start>,
debug,dlg,ReplyList/66/Text,0,-1,<StartAction>[Old Barrow]</Start>,
debug,dlg,ReplyList/67/Text,0,-1,<StartAction>[Meeting the Informant]</Start>,
debug,dlg,ReplyList/68/Text,0,-1,<StartAction>[Hawklin Castle]</Start>,
debug,dlg,ReplyList/69/Text,0,-1,<StartAction>[Thunderstone Tilting Ground]</Start>,
debug,dlg,ReplyList/7/Text,0,-1,0.6,
debug,dlg,ReplyList/70/Text,0,-1,<StartAction>[Thunderstone Tournament Ground]</Start>,
debug,dlg,ReplyList/71/Text,0,-1,<StartAction>[Thunderstone Town]</Start>,
debug,dlg,ReplyList/72/Text,0,-1,<StartAction>[Morfen]</Start>,
debug,dlg,ReplyList/73/Text,0,-1,<StartAction>[On the road]</Start>,
debug,dlg,ReplyList/74/Text,0,-1,"<StartAction>[Farms]</Start> Start here for testing with items in inventory. Take Jonas from this area. Godfroy is no longer available for tests as the real set up for RC was being interfered with by the second instance. IF you need to parachute with henchies, you will need to set plot state to 3 and get Kathryn (HC) or Edgar (Barrows).",
debug,dlg,ReplyList/75/Text,0,-1,"<StartAction>[Start the module]</Start> You will keep the plot wand, but nothing else. Do NOT take a henchie from this area.",
debug,dlg,ReplyList/76/Text,0,-1,<StartAction>[Walk to next area of town.]</Start>,
debug,dlg,ReplyList/8/Text,0,-1,0.5 [Starting],
debug,dlg,ReplyList/9/Text,0,-1,0.4,
dla_cv_bgphughes,dlg,EntryList/0/Text,0,-1,Greetings.  I am the Game-Master.  I just wanted to share some information about some game features you may miss out on with this character.,
dla_cv_bgphughes,dlg,EntryList/1/Text,0,-1,"You have not selected a deity, you have mispelled a deity name or you have chosen a deity that does not offer anything in this module.  Selecting one of the module specific deities has several advantages and avoids odd holes in dialogue.",
dla_cv_bgphughes,dlg,EntryList/10/Text,0,-1,"Very good.  Select ""End Game"" to end the game and restart. It is best to use a new one for The Wyvern Crown of Cormyr. While you set up your character, you should also pick a deity of the Forgotten Realms pantheon, else you will be brought here to have one assigned.",
dla_cv_bgphughes,dlg,EntryList/2/Text,0,-1,"Very well, but you may miss out on some features of the game if you have not selected a proper deity.",
dla_cv_bgphughes,dlg,EntryList/3/Text,0,-1,"These are the deities that are suitable for your alignment and their spheres of influence so you can decide which best fits your character. Though each deity has a specific alignment, any that are listed below are also worshipped by those of <Alignment> alignment.",
dla_cv_bgphughes,dlg,EntryList/4/Text,0,-1,Your level is higher than the recommended maximum level.  The module is designed for new characters of level 6 or at most level 7.  You will find module far less challenging at higher levels.,
dla_cv_bgphughes,dlg,EntryList/5/Text,0,-1,I can reset your character to it's 6th level or I can remove all of your experience and you will gain back enough to attain 6th level when you leave here.,
dla_cv_bgphughes,dlg,EntryList/6/Text,0,-1,"Done.  Select the ""Restart Game"" option to return to the game.",
dla_cv_bgphughes,dlg,EntryList/7/Text,0,-1,"Your name breaks some of the dialogue rules for this module.  To get the most out of the game, you should choose a single first name and a single last name. Anything else will cause odd dialogues that may disrupt your roleplay experience.",
dla_cv_bgphughes,dlg,EntryList/8/Text,0,-1,"Though it is not required, it is highly recommended that you recreate your character.",
dla_cv_bgphughes,dlg,EntryList/9/Text,0,-1,"Very well then.  Select ""Restart Game"" to return to the game.",
dla_cv_bgphughes,dlg,ReplyList/0/Text,0,-1,Is there something wrong wtih my character?,
dla_cv_bgphughes,dlg,ReplyList/1/Text,0,-1,I do not care about deities.,
dla_cv_bgphughes,dlg,ReplyList/10/Text,0,-1,"Tyr, Lawful Good
Justice",
dla_cv_bgphughes,dlg,ReplyList/11/Text,0,-1,"Malar, Chaotic Evil
Hunters, Marauding Beasts and Monsters, Blood, Blood-lust, Evil Lycanthropes, Stalking",
dla_cv_bgphughes,dlg,ReplyList/12/Text,0,-1,"Cyric, Chaotic Evil
Murder, Strife, Lies, Intrigue, Deception, Illusion",
dla_cv_bgphughes,dlg,ReplyList/13/Text,0,-1,Can you reset my experience?,
dla_cv_bgphughes,dlg,ReplyList/14/Text,0,-1,Please reset my level to 6.,
dla_cv_bgphughes,dlg,ReplyList/15/Text,0,-1,Please remove all of my experience.,
dla_cv_bgphughes,dlg,ReplyList/16/Text,0,-1,What can I do?,
dla_cv_bgphughes,dlg,ReplyList/17/Text,0,-1,I spent too much time creating this character.  I'm off to play it my way.,
dla_cv_bgphughes,dlg,ReplyList/18/Text,0,-1,<StartAction>[Restart Game]</Start>,
dla_cv_bgphughes,dlg,ReplyList/19/Text,0,-1,I will recreate my character from scratch.,
dla_cv_bgphughes,dlg,ReplyList/2/Text,0,-1,"Well, if it's about game features, what deities can I chose from?",
dla_cv_bgphughes,dlg,ReplyList/20/Text,0,-1,<StartAction>[End Game]</Start>,
dla_cv_bgphughes,dlg,ReplyList/3/Text,0,-1,Show me a list of deities I can chose from.,
dla_cv_bgphughes,dlg,ReplyList/4/Text,0,-1,Never mind.  I don't care for any of these.  I'll just go with what I have.,
dla_cv_bgphughes,dlg,ReplyList/5/Text,0,-1,"Tempus, Chaotic Neutral
War, Battle, Warriors",
dla_cv_bgphughes,dlg,ReplyList/6/Text,0,-1,"Silvanus, True Neutral
Wild Nature, Druids",
dla_cv_bgphughes,dlg,ReplyList/7/Text,0,-1,"Helm, Lawful Neutral
Guardians, Protectors, Protection",
dla_cv_bgphughes,dlg,ReplyList/8/Text,0,-1,"Selune, Chaotic Good
Moon, Stars, Navigation, Navigators, Wanderers, Seekers, Good and Neutral Lycanthropes",
dla_cv_bgphughes,dlg,ReplyList/9/Text,0,-1,"Lathander, Neutral Good
Spring, Dawn, Birth, Renewal, Creativity, Youth, Vitality, Self-Perfection, Athletics",
dla_cv_csintro,dlg,EntryList/0/Text,0,-1,"A hard day's work, but Lena will be proud of me for it.",
dla_cv_csintro,dlg,EntryList/1/Text,0,-1,"And maybe tomorrow she won't be throwing a cold bucket of water over you. That noise was you, wasn't it Jonas? Or was it your father's dog?",
dla_cv_csintro,dlg,EntryList/2/Text,0,-1,"Well, now that <FirstName>'s back she seems to think I need to work harder. ""Just look how hard your <brother/sister> works, Jonas. <He/She>'s an example to us all.""",
dla_cv_csintro,dlg,EntryList/3/Text,0,-1,"Well she won't be fooled for long, I'm sure. She'll soon spot your tactics! You only make an effort when others are around. If it's just me or father, you don't bother!",
dla_cv_csintro,dlg,EntryList/4/Text,0,-1,"Sensible <man/woman>! Going for the easy life, right! I guess the farm life doesn't come easily to you <FirstName>.",
dla_cv_csintro,dlg,EntryList/5/Text,0,-1,It's true enough! I've noticed that too. I guess the farm life doesn't come easily to you <FirstName>.,
dla_cv_csintro,dlg,EntryList/6/Text,0,-1,Pah! What rot! <He/She> just doesn't like hard work!,
dla_cv_csintro,dlg,EntryList/7/Text,0,-1,"Anyway, we should be getting back. Lena's waiting, and it's getting dark ...  wait! Look there! What's that?  Over the trees? Is it smoke?",
dla_cv_csintro,dlg,EntryList/8/Text,0,-1,"Oh, by Lathander, the farm!  Quick! We need to get back!",
dla_cv_csintro,dlg,ReplyList/0/Text,0,-1,I'm sure she will be Jonas.,
dla_cv_csintro,dlg,ReplyList/1/Text,0,-1,She may even feed you tonight.,
dla_cv_csintro,dlg,ReplyList/12/Text,0,-1,I don't see how that's my fault.,
dla_cv_csintro,dlg,ReplyList/3/Text,0,-1,That's just marriage Jonas. You should expect that!,
dla_cv_csintro,dlg,ReplyList/4/Text,0,-1,Well I do work harder than you!,
dla_cv_csintro,dlg,ReplyList/5/Text,0,-1,"I don't need to impress family, do I!",
dla_cv_csintro,dlg,ReplyList/6/Text,0,-1,Naturally. Do you think I'm an idiot?,
dla_cv_csintro,dlg,ReplyList/7/Text,0,-1,That's hardly fair!,
dla_darts,dlg,EntryList/0/Text,0,-1,Up for a game of darts?,
dla_darts,dlg,EntryList/1/Text,0,-1,"Alright, how much do you want to wager?",
dla_darts,dlg,EntryList/10/Text,0,-1,"Odds, drat.  You win. Do you want to go first or second?",
dla_darts,dlg,EntryList/11/Text,0,-1,"Alright, I'll start.",
dla_darts,dlg,EntryList/12/Text,0,-1,Go ahead and step up to the box and make your throws.,
dla_darts,dlg,EntryList/13/Text,0,-1," We go 1, 2, 3, shoot! and hold out a number of fingers.  Evens, I go first, odds, you go first.",
dla_darts,dlg,EntryList/14/Text,0,-1,I really don't want to risk that much. Would you play for <CUSTOM1031>? Otherwise you should play against someone else.,
dla_darts,dlg,EntryList/15/Text,0,-1,Do you have that much gold?,
dla_darts,dlg,EntryList/16/Text,0,-1,"Sorry, there's no credit extended here.  Come back when you're serious about playing.",
dla_darts,dlg,EntryList/17/Text,0,-1,"The game is played in three rounds of three darts. The scoring works like this: the outer ring is worth 1 point.  As you get closer to the bull's-eye, the score goes up by a point 'till the inner ring is 5 points, and the bull's-eye is worth 6 points of course. Before you throw, you must choose where you're aiming.",
dla_darts,dlg,EntryList/18/Text,0,-1,"The easiest shot to make is 5th circle or better - that's anything within the outer circle - that'll give you one point even if you hit the Bullseye. The more difficult the shot, the more points, so if you nominate to aim for the inner circle, you'll get 5 points as long as you're within it. If you don't make what you call, you get nothing, even if you hit the board.",
dla_darts,dlg,EntryList/19/Text,0,-1,"'Course, if you hit those special areas marked on each ring, you get a doubled score, so best hope you're lucky!",
dla_darts,dlg,EntryList/2/Text,0,-1,"Alright, we'll play for <CUSTOM1030> golden lions.  I want to go second.  Go ahead and step up to the box and make your throws.",
dla_darts,dlg,EntryList/20/Text,0,-1,"We each take it in turn to throw three darts, and in the case of a tie, the person who throws first wins. That's because going second has the advantage of already knowing the score to beat. If you lose, you get to pick who goes first for the next match.  Pretty easy, eh?",
dla_darts,dlg,EntryList/21/Text,0,-1,"So, are you up for a game?",
dla_darts,dlg,EntryList/22/Text,0,-1,"See those cards each side of the board? Just mark them. Mark your scorecard for a more difficult shot, mine for an easier shot <StartAction>[Click on the scorecards to change shot, click on the dartboard to throw your dart]</Start>",
dla_darts,dlg,EntryList/23/Text,0,-1,"We each hold out a hand, showing a number of fingers.  We go 1, 2, 3, shoot! If the total number of fingers is evens, I go first. If it's odds, you go first.",
dla_darts,dlg,EntryList/24/Text,0,-1,"So, are you up for a game?",
dla_darts,dlg,EntryList/25/Text,0,-1,"Hello, <FirstName>.  Up for another game?",
dla_darts,dlg,EntryList/26/Text,0,-1,Good match.  Perhaps your luck will improve next time.,
dla_darts,dlg,EntryList/27/Text,0,-1,Good game.  Speak to me again if you want a rematch.,
dla_darts,dlg,EntryList/28/Text,0,-1,"Well, I have to hand it to you.  You sure know your darts.",
dla_darts,dlg,EntryList/29/Text,0,-1,"Not while we're playing, please.  I need to concentrate.",
dla_darts,dlg,EntryList/3/Text,0,-1,<CUSTOM1030> golden lions it shall be.  Do you want to go first or second?,
dla_darts,dlg,EntryList/30/Text,0,-1,Good luck with your game.  I might want to play you later.,
dla_darts,dlg,EntryList/4/Text,0,-1,"Alright, I'll start.",
dla_darts,dlg,EntryList/5/Text,0,-1,Go ahead and step up to the box and make your throws.,
dla_darts,dlg,EntryList/6/Text,0,-1,<CUSTOM1030> golden lions it is then.  Fingers for first throw?,
dla_darts,dlg,EntryList/7/Text,0,-1,<StartAction>[How many fingers do you want to hold out?]</Start>,
dla_darts,dlg,EntryList/8/Text,0,-1,"Ready?  One, two, three...",
dla_darts,dlg,EntryList/9/Text,0,-1,"Evens, I win!  I'll go second.  Go ahead and step up to the box and make your throws.",
dla_darts,dlg,ReplyList/0/Text,0,-1,No thanks.,
dla_darts,dlg,ReplyList/1/Text,0,-1,"Sure, let's play.",
dla_darts,dlg,ReplyList/11/Text,0,-1,Yes,
dla_darts,dlg,ReplyList/12/Text,0,-1,Four,
dla_darts,dlg,ReplyList/13/Text,0,-1,Three,
dla_darts,dlg,ReplyList/14/Text,0,-1,Two,
dla_darts,dlg,ReplyList/15/Text,0,-1,One,
dla_darts,dlg,ReplyList/16/Text,0,-1,Shoot!,
dla_darts,dlg,ReplyList/18/Text,0,-1,I want to go second.,
dla_darts,dlg,ReplyList/2/Text,0,-1,100 gold,
dla_darts,dlg,ReplyList/20/Text,0,-1,I want to go first.,
dla_darts,dlg,ReplyList/22/Text,0,-1,What was that again?,
dla_darts,dlg,ReplyList/23/Text,0,-1,Fine.,
dla_darts,dlg,ReplyList/24/Text,0,-1,No. That's not enough.,
dla_darts,dlg,ReplyList/25/Text,0,-1,I'll play for that.,
dla_darts,dlg,ReplyList/26/Text,0,-1,"No, I don't.",
dla_darts,dlg,ReplyList/27/Text,0,-1,"Sure I do...er, just not with me.",
dla_darts,dlg,ReplyList/29/Text,0,-1,How do you play?,
dla_darts,dlg,ReplyList/3/Text,0,-1,20 gold,
dla_darts,dlg,ReplyList/33/Text,0,-1,Could you run the rules by me again?,
dla_darts,dlg,ReplyList/34/Text,0,-1,"Yes, I think I have it.",
dla_darts,dlg,ReplyList/35/Text,0,-1,How do you nominate which ring you're going to aim for before your shot?,
dla_darts,dlg,ReplyList/36/Text,0,-1,How do you decide who goes first in the first match?,
dla_darts,dlg,ReplyList/4/Text,0,-1,5 gold,
dla_darts,dlg,ReplyList/5/Text,0,-1,1 gold,
dla_darts,dlg,ReplyList/7/Text,0,-1,I want to go second.,
dla_darts,dlg,ReplyList/9/Text,0,-1,I want to go first.,
dla_dummycontest,dlg,EntryList/0/Text,0,-1,Greetings.  You look like a sturdy <lad/lass>. Care to try your luck?,
dla_dummycontest,dlg,EntryList/1/Text,0,-1,"It's a feat of strength challenge.  You have 30 seconds to do as much damage as you can to this combat dummy using weapons only.  If you beat the current record, your name goes on the dummy as champion and you win 50 golden lions.  The entry fee is a mere 5 golden lions, so why not take a chance?",
dla_dummycontest,dlg,EntryList/10/Text,0,-1,"You're still the champ, <CUSTOM1021> <FirstName>, come back later to see if your record holds up.",
dla_dummycontest,dlg,EntryList/2/Text,0,-1,Very well then. What's your name?,
dla_dummycontest,dlg,EntryList/3/Text,0,-1,"Alright, <CUSTOM1021> <FullName>, no spellcasting or you're disqualified, got it?",
dla_dummycontest,dlg,EntryList/4/Text,0,-1,"Ladies and Gentlemen!  I draw your attention to the center ring!  <CUSTOM1021> <FullName> will challenge the mark set by <CUSTOM1032>!  On my mark, <FirstName>, you have 30 seconds to have at it!  Ready? 3, 2, 1...",
dla_dummycontest,dlg,EntryList/5/Text,0,-1,"Well then, quit wasting my time! There's others queueing you know!",
dla_dummycontest,dlg,EntryList/6/Text,0,-1,Welcome back.  Care to try again?,
dla_dummycontest,dlg,EntryList/7/Text,0,-1,"Tough break, <lad/lass>.  Better luck next time.",
dla_dummycontest,dlg,EntryList/8/Text,0,-1,"Ladies and gentlemen, we have a new champion: <CUSTOM1021> <FullName> <CUSTOM1053>!",
dla_dummycontest,dlg,EntryList/9/Text,0,-1,"Here's your prize money.  I don't know if that record will hold up, but you're welcome to come back and try again if someone beats it.",
dla_dummycontest,dlg,ReplyList/0/Text,0,-1,What's this?,
dla_dummycontest,dlg,ReplyList/1/Text,0,-1,Maybe later.,
dla_dummycontest,dlg,ReplyList/10/Text,0,-1,Continue,
dla_dummycontest,dlg,ReplyList/2/Text,0,-1,Alright.,
dla_dummycontest,dlg,ReplyList/3/Text,0,-1,It's <CUSTOM1021> <FullName>.,
dla_dummycontest,dlg,ReplyList/4/Text,0,-1,Got it.,
dla_dummycontest,dlg,ReplyList/5/Text,0,-1,<StartAction>[Begin!]</Start>,
dla_dummycontest,dlg,ReplyList/6/Text,0,-1,I don't have that much gold.,
dla_dummycontest,dlg,ReplyList/8/Text,0,-1,Alright.,
dla_horse_convo,dlg,EntryList/0/Text,0,85794,<StartAction>[This horse looks you in the eye as you approach.]</Start>,"""다시 함께하길 원하나?"""
dla_horse_convo,dlg,EntryList/1/Text,0,87502,<StartAction>[The horse nuzzles your hand as you take the reins...]</Start>,"""'붉은 호랑이' 부족의 일원인 것처럼 맹렬한 충성으로 자네를 섬기겠네."""
dla_horse_convo,dlg,EntryList/2/Text,0,-1,<StartAction>[You already have 3 horses of your own.]</Start>,
dla_horse_convo,dlg,EntryList/3/Text,0,-1,<StartAction>[The horse pays no attention to you.]</Start>,
dla_horse_convo,dlg,EntryList/4/Text,0,85795,<StartAction>[Your horse turns its head towards you.]</Start>,"""그래?"""
dla_horse_convo,dlg,EntryList/5/Text,0,87443,<StartAction>[Your horse stands placidly...]</Start>,"""어떤 전술을 바꾸고 싶나?"""
dla_horse_convo,dlg,EntryList/6/Text,0,87451,<StartAction>[Your horse stands ready.]</Start>,"""알겠네. 얼마나 떨어져 있길 원하나?"""
dla_horse_convo,dlg,EntryList/7/Text,0,-1,"<StartAction>[Undaunted, your horse whickers as you make the change.]</Start>",
dla_horse_convo,dlg,EntryList/8/Text,0,87454,"<StartAction>[Your warhorse raises its ears, clearly understanding your command.]</Start>","""내 목숨으로 자네 생명을 지킬 거고, 전투에서 자네로부터 지시를 받겠네."""
dla_horse_convo,dlg,ReplyList/0/Text,0,87646,<StartAction>[Leave the horse]</Start>,"""아니, 아직 아냐. 여기 있어."""
dla_horse_convo,dlg,ReplyList/1/Text,0,87647,<StartAction>[Take the horse]</Start>,"""그래, 같이 가자."""
dla_horse_convo,dlg,ReplyList/10/Text,0,87602,I don't want to change anything else right now.,"""지금은 다른 건 바꾸고 싶지 않아."""
dla_horse_convo,dlg,ReplyList/11/Text,0,87605,<StartAction>[Remove the muffling from your horse's hooves.]</Start>,"""더 이상 은신하지 마."""
dla_horse_convo,dlg,ReplyList/12/Text,0,87607,"<StartAction>[Muffle your horse's hooves, reducing the noise it makes, but also its speed.]</Start>","""항상 은신 상태를 유지하도록 해."""
dla_horse_convo,dlg,ReplyList/13/Text,0,87610,<StartAction>[Change the length of your leading rein.]</Start>,"""나와의 거리를 조절하고 싶어."""
dla_horse_convo,dlg,ReplyList/14/Text,0,87611,<StartAction>[Use 6 spans of leading rein.]</Start>,멀리 떨어져 있어.
dla_horse_convo,dlg,ReplyList/15/Text,0,87612,<StartAction>[Use 4 spans of leading rein.]</Start>,중간 거리를 유지해.
dla_horse_convo,dlg,ReplyList/16/Text,0,87613,<StartAction>[Shorten it to 2 spans]</Start>,가까이 붙어 있어.
dla_horse_convo,dlg,ReplyList/18/Text,0,87614,<StartAction>[Give the command word to attack on sighting enemies]</Start>,"""적을 보는 즉시 공격해."""
dla_horse_convo,dlg,ReplyList/19/Text,0,87615,<StartAction>[Give the command word to attack only when you do.]</Start>,"""나를 지키되 내가 공격하기 전까지는 공격하지 마."""
dla_horse_convo,dlg,ReplyList/21/Text,0,87616,<StartAction>[Open the packs on your horse.]</Start>,"""네 장비를 조정하고 싶어."""
dla_horse_convo,dlg,ReplyList/4/Text,0,-1,<StartAction>[Untie the horse from the hitching post]</Start>,
dla_horse_convo,dlg,ReplyList/6/Text,0,87596,<StartAction>[Don't change anything.]</Start>,"""신경 쓰지 마."""
dla_horse_convo,dlg,ReplyList/7/Text,0,-1,<StartAction>[Tie all horses to the nearest hitching post.]</Start>,
dla_horse_convo,dlg,ReplyList/8/Text,0,87597,<StartAction>[Release your horse and leave it behind.]</Start>,"""우린 헤어져야 할 것 같아."""
dla_horse_convo,dlg,ReplyList/9/Text,0,87601,<StartAction>[Make adjustments to your horse.]</Start>,"""네 전술을 바꾸고 싶어."""
dla_joust_colors,dlg,EntryList/0/Text,0,-1,Greetings <sir/madam>.  How can I help you today?  Are you looking for colors for the tourney? Armor perhaps?,
dla_joust_colors,dlg,EntryList/1/Text,0,-1,Thank you for returning the armor. Please place it in the chest.,
dla_joust_colors,dlg,EntryList/10/Text,0,-1,Here they are.  Would you like to use these colors?,
dla_joust_colors,dlg,EntryList/11/Text,0,-1,"Very well <sir/madam>. Your horse's colors will be changed just before the joust starts. There is jousting armor provided in the chest behind me, suitable even for those who do not normally wear armor. Please return it when you are finished with the joust. Good luck!",
dla_joust_colors,dlg,EntryList/12/Text,0,-1,Just a moment...,
dla_joust_colors,dlg,EntryList/13/Text,0,-1,Here they are.  Would you like to use these colors for your horse?,
dla_joust_colors,dlg,EntryList/14/Text,0,-1,"Very well <sir/madam>. Your horse's colors will be changed just before the joust starts. If you do not possess heavy enough armor, you can also find armor in the chest behind me. Please return the armor when you are done with it. Good luck!",
dla_joust_colors,dlg,EntryList/15/Text,0,-1,"<CUSTOM1021> <FirstName> <CUSTOM1053>, it says here...You are looking to select your colors for the tourney I take it?",
dla_joust_colors,dlg,EntryList/2/Text,0,-1,Please change out of the armor first then return it to the chest.,
dla_joust_colors,dlg,EntryList/3/Text,0,-1,Well <sir/madam> please return mounted on the steed you wish to dress in colors and I will be happy to assist you.,
dla_joust_colors,dlg,EntryList/4/Text,0,-1,Well <sir/madam> let me look here.,
dla_joust_colors,dlg,EntryList/5/Text,0,-1,"Well <sir/madam>, it looks as if you are authorized to use the colors of the Purple Dragon Knights if you wish, or you may choose another if you prefer.",
dla_joust_colors,dlg,EntryList/6/Text,0,-1,"Several color schemes are reserved for the noble houses, but there are still plenty to choose from. I see the following colors are available for the tourney.  Please select one of those for your horse's caparison. <StartAction>[You are shown a list of colors you may use.]</Start>",
dla_joust_colors,dlg,EntryList/7/Text,0,-1,It is the trappings that your horse will wear to help identify you. Usually this takes the form of a colored blanket. I have these colors available. <StartAction>[Derry shows you some colors]</Start>,
dla_joust_colors,dlg,EntryList/8/Text,0,-1,"Very well, then you will be given the standard white. If you still need some armor though, it's in the chest here.",
dla_joust_colors,dlg,EntryList/9/Text,0,-1,Just a moment...,
dla_joust_colors,dlg,ReplyList/0/Text,0,-1,"No, I don't need anything.",
dla_joust_colors,dlg,ReplyList/1/Text,0,-1,I wish to return this armor.,
dla_joust_colors,dlg,ReplyList/10/Text,0,-1,I think that I will go with the Purple Dragon Knight colors after all.,
dla_joust_colors,dlg,ReplyList/11/Text,0,-1,White with silver trim.,
dla_joust_colors,dlg,ReplyList/12/Text,0,-1,The caparison of red and gold bricks.,
dla_joust_colors,dlg,ReplyList/13/Text,0,-1,Pink and blue stripes and chevrons.,
dla_joust_colors,dlg,ReplyList/14/Text,0,-1,Turquoise and white diamonds and chevrons.,
dla_joust_colors,dlg,ReplyList/15/Text,0,-1,The black and white diamond checker.,
dla_joust_colors,dlg,ReplyList/17/Text,0,-1,"Yes, I would.",
dla_joust_colors,dlg,ReplyList/18/Text,0,-1,Thank you.,
dla_joust_colors,dlg,ReplyList/19/Text,0,-1,Can you show me those colors?,
dla_joust_colors,dlg,ReplyList/21/Text,0,-1,"Yes, I would.",
dla_joust_colors,dlg,ReplyList/22/Text,0,-1,Thank you.,
dla_joust_colors,dlg,ReplyList/4/Text,0,-1,Yes.  I am looking for armor and colors.  What is available?,
dla_joust_colors,dlg,ReplyList/6/Text,0,-1,What other colors are available?,
dla_joust_colors,dlg,ReplyList/7/Text,0,-1,What is a caparison?,
dla_joust_colors,dlg,ReplyList/8/Text,0,-1,I don't need any colors.,
dla_joust_colors,dlg,ReplyList/9/Text,0,-1,Thanks.,
dla_joust_conv,dlg,EntryList/0/Text,0,-1,"<StartAction>[ Your opponent is ready to charge, you had better prepare in your mind how you will defend yourself. <StartCheck><CUSTOM1101></Start>]</Start>",
dla_joust_conv,dlg,EntryList/1/Text,0,-1,<StartAction>[Your opponent has started their approach. Time to ride to the tilt!]</Start>,
dla_joust_conv,dlg,EntryList/2/Text,0,-1,<StartAction>[ Select your strike position. The shield shows each strike position available to you. ]</Start>,
dla_joust_conv,dlg,ReplyList/0/Text,0,-1,<StartAction>[Shield Low]</Start>,
dla_joust_conv,dlg,ReplyList/1/Text,0,-1,<StartAction>[Shield High]</Start>,
dla_joust_conv,dlg,ReplyList/10/Text,0,-1,<StartAction>[Shield Dexter Fess (DF)]</Start>,
dla_joust_conv,dlg,ReplyList/11/Text,0,-1,<StartAction>[Shield Sinister Chief (SC)]</Start>,
dla_joust_conv,dlg,ReplyList/12/Text,0,-1,<StartAction>[Shield Chief Pale (CP)]</Start>,
dla_joust_conv,dlg,ReplyList/13/Text,0,-1,<StartAction>[Shield Dexter Chief (DC)]</Start>,
dla_joust_conv,dlg,ReplyList/14/Text,0,-1,<StartAction>[Helm]</Start>,
dla_joust_conv,dlg,ReplyList/2/Text,0,-1,<StartAction>[Steady Seat]</Start>,
dla_joust_conv,dlg,ReplyList/3/Text,0,-1,<StartAction>[Lean Left]</Start>,
dla_joust_conv,dlg,ReplyList/4/Text,0,-1,<StartAction>[Lean Right]</Start>,
dla_joust_conv,dlg,ReplyList/5/Text,0,-1,<StartAction>[Lower Helm]</Start>,
dla_joust_conv,dlg,ReplyList/7/Text,0,-1,<StartAction>[Shield Base]</Start>,
dla_joust_conv,dlg,ReplyList/8/Text,0,-1,<StartAction>[Shield Sinister Fess (SF)]</Start>,
dla_joust_conv,dlg,ReplyList/9/Text,0,-1,<StartAction>[Shield Fess Pale (FP)]</Start>,
dla_joust_remark,dlg,EntryList/0/Text,0,-1,You ride well.,
dla_joust_remark,dlg,EntryList/1/Text,0,-1,That's a fine horse you have there.,
dla_joust_remark,dlg,EntryList/10/Text,0,-1,"You'll need to do a bit better than that, <CUSTOM1021> <LastName>.",
dla_joust_remark,dlg,EntryList/11/Text,0,-1,"Better luck next time, <sir/madam>.",
dla_joust_remark,dlg,EntryList/12/Text,0,-1,Your lance looks a bit longer than standard if you ask me ...,
dla_joust_remark,dlg,EntryList/13/Text,0,-1,"Not bad, I suppose, but you won't be so lucky next time.",
dla_joust_remark,dlg,EntryList/14/Text,0,-1,Don't expect such easy points next time!,
dla_joust_remark,dlg,EntryList/15/Text,0,-1,"A fine strike, <sir/madam>.",
dla_joust_remark,dlg,EntryList/16/Text,0,-1,"Your next strike will not be so easily landed, <CUSTOM1021> <LastName>!",
dla_joust_remark,dlg,EntryList/17/Text,0,-1,Excellent horsemanship. I haven't seen that strike so well executed for a while.,
dla_joust_remark,dlg,EntryList/18/Text,0,-1,"I can see you will be a challenge to beat, <CUSTOM1021> <LastName> <CUSTOM1053>.",
dla_joust_remark,dlg,EntryList/19/Text,0,-1,"A fine strike, <sir/madam>.",
dla_joust_remark,dlg,EntryList/2/Text,0,-1,"I'll try and keep the bout short, don't worry.",
dla_joust_remark,dlg,EntryList/20/Text,0,-1,"Next one won't be a glancing blow, so you'd better watch out!",
dla_joust_remark,dlg,EntryList/21/Text,0,-1,"You look a bit shaken, <CUSTOM1021> <LastName>. Want to give up?",
dla_joust_remark,dlg,EntryList/22/Text,0,-1,Damn! So close to getting you that time!,
dla_joust_remark,dlg,EntryList/23/Text,0,-1,"Take that, <CUSTOM1021> <LastName>. You don't look so steady now!",
dla_joust_remark,dlg,EntryList/24/Text,0,-1,"Oh, I was so close to unhorsing you! I heard the screech of metal and thought I had you!",
dla_joust_remark,dlg,EntryList/25/Text,0,-1,"You felt that one, didn't you!",
dla_joust_remark,dlg,EntryList/26/Text,0,-1,"I'm sorry, did I hit you too hard? You don't look too good.",
dla_joust_remark,dlg,EntryList/27/Text,0,-1,"You look a little shaken, <CUSTOM1021> <LastName>. Feel free to concede the match if you need to.",
dla_joust_remark,dlg,EntryList/28/Text,0,-1,Filthy scum! You'll pay for that strike!,
dla_joust_remark,dlg,EntryList/29/Text,0,-1,So you want to play dirty do you <CUSTOM1021> <LastName> <CUSTOM1053>?,
dla_joust_remark,dlg,EntryList/3/Text,0,-1,Do I see a weakness protecting your left side?,
dla_joust_remark,dlg,EntryList/30/Text,0,-1,"You'll pay for that strike, <CUSTOM1021> <LastName> <CUSTOM1053>.",
dla_joust_remark,dlg,EntryList/31/Text,0,-1,"If you want blood, then you can have it!",
dla_joust_remark,dlg,EntryList/32/Text,0,-1,"That was a cowardly blow, <sir/madam>! I think you meant to injure me!",
dla_joust_remark,dlg,EntryList/33/Text,0,-1,You could hurt someone with that strike! Be careful!,
dla_joust_remark,dlg,EntryList/34/Text,0,-1,"I do hope you are not aiming to injure, <sir/madam>?",
dla_joust_remark,dlg,EntryList/35/Text,0,-1,"That was hardly a sporting blow, <sir/madam>.",
dla_joust_remark,dlg,EntryList/36/Text,0,-1,"I won't be defeated so easily, <CUSTOM1021> <FirstName>.",
dla_joust_remark,dlg,EntryList/37/Text,0,-1,"You'll pay for that strike, <CUSTOM1021> <FirstName>, sooner or later!",
dla_joust_remark,dlg,EntryList/38/Text,0,-1,You will  be an easy foe!,
dla_joust_remark,dlg,EntryList/39/Text,0,-1,"Luck favored you this time <CUSTOM1021> <LastName>, but by <Deity>, you'll fall soon enough!",
dla_joust_remark,dlg,EntryList/4/Text,0,-1,There's a competition for hitting stationary dummies in one of the tents. Why don't you try it out ... as the dummy?,
dla_joust_remark,dlg,EntryList/40/Text,0,-1,You were lucky to stay on your horse. You won't be so lucky next time.,
dla_joust_remark,dlg,EntryList/41/Text,0,-1,"There is clearly nothing to fear about you, <CUSTOM1021> <LastName> <CUSTOM1053>. I shall fell you myself.",
dla_joust_remark,dlg,EntryList/5/Text,0,-1,"Expect to be knocked out soon,  <CUSTOM1021> <LastName>",
dla_joust_remark,dlg,EntryList/6/Text,0,-1,I think I have a monocle somewhere that might help your aim ...,
dla_joust_remark,dlg,EntryList/7/Text,0,-1,Pathetic! Was that your best shot?,
dla_joust_remark,dlg,EntryList/8/Text,0,-1,A bit of practice and you might just land a blow.,
dla_joust_remark,dlg,EntryList/9/Text,0,-1,"Keep trying, that's my advice.",
dla_lancech,dlg,EntryList/0/Text,0,-1,"<StartAction>[You look at the lance rack, trying to decide what lance to pick. Looks like your opponent is waiting for you to decide first.]</Start>",
dla_lancech,dlg,ReplyList/0/Text,0,-1,<StartAction>[Pick the red lance]</Start>,
dla_lancech,dlg,ReplyList/1/Text,0,-1,<StartAction>[Pick the black lance]</Start>,
dla_lancech,dlg,ReplyList/2/Text,0,-1,<StartAction>[Pick the blue lance]</Start>,
dla_lancech,dlg,ReplyList/3/Text,0,-1,<StartAction>[Pick the yellow lance]</Start>,
dla_melpitmaster,dlg,EntryList/0/Text,0,-1,"So, are you ready?",
dla_melpitmaster,dlg,EntryList/1/Text,0,-1,"You do that, <sir/madam>.",
dla_melpitmaster,dlg,EntryList/10/Text,0,-1,"Well, the crowd likes a brave one! Come back for more have we <sir/madam>? There's another bout just starting...",
dla_melpitmaster,dlg,EntryList/11/Text,0,-1,"I'm sorry <sir/madam>, but we don't want such a large group entering the melee. Your team is too big...You can bring only two companions to help you. Are you afraid that it isn't enough to keep you alive?",
dla_melpitmaster,dlg,EntryList/12/Text,0,-1,Very well then <sir/madam>. Next time!,
dla_melpitmaster,dlg,EntryList/13/Text,0,-1,The general melee is finished for today. I'm sure there are other entertainments though.,
dla_melpitmaster,dlg,EntryList/14/Text,0,-1,"Bad luck <sir/madam>. A tough fight, wasn't it? <CUSTOM5002> won, with <CUSTOM5003> 'kills'.",
dla_melpitmaster,dlg,EntryList/15/Text,0,-1,Let's see...You <CUSTOM5005>had <CUSTOM5001> 'kills'. Better luck next time <sir/madam>.,
dla_melpitmaster,dlg,EntryList/16/Text,0,-1,"But you did win the 'Last Man Standing' prize, so here are 20 golden lions, your prize.",
dla_melpitmaster,dlg,EntryList/17/Text,0,-1,"Well, you have got the same number of 'kills' as <CUSTOM5002>, but you are considered to have lost as you were knocked out earlier.",
dla_melpitmaster,dlg,EntryList/18/Text,0,-1,"A tough fight that one, but I have good news for you <sir/madam>. Though you didn't manage to stay on your feet to the end of the fight, you <CUSTOM5005>managed <CUSTOM5001> 'kills' in total. That was enough to win you the melee, though you do not win the 'Last Man Standing' bonus.",
dla_melpitmaster,dlg,EntryList/19/Text,0,-1,"You fought well, <sir/madam>. Not only were you the last <man/woman> standing, but you <CUSTOM5005>also won the melee with <CUSTOM5001> 'kills'.",
dla_melpitmaster,dlg,EntryList/2/Text,0,-1,Certainly. What is it?,
dla_melpitmaster,dlg,EntryList/20/Text,0,-1,Here are your earnings for winning the Last Man Standing competition.,
dla_melpitmaster,dlg,EntryList/21/Text,0,-1,You look like you'll be a future champion. I look forward to seeing you in the next melee!,
dla_melpitmaster,dlg,EntryList/22/Text,0,-1,Congratulations to you. You are a worthy champion <sir/madam>!,
dla_melpitmaster,dlg,EntryList/23/Text,0,-1,"I pronounce you the Champion of bout <CUSTOM5006>. Congratulations <sir/madam>! And here is 100 golden lions, your prize!",
dla_melpitmaster,dlg,EntryList/24/Text,0,-1,Concentrate on the fight!,
dla_melpitmaster,dlg,EntryList/3/Text,0,-1,There's several professionals here from other lands that we don't know much about. The half-elf woman Febring Krown is quite fancied. Sir Bron Huntsilver is getting a reputation in the melee too.,
dla_melpitmaster,dlg,EntryList/4/Text,0,-1,"'Course, not everyone has their names down yet, but Lady Rowen Truesilver will be popular if she enters, since Sir Edgar is her cousin, but Mard Patson's the local champion. The crowd'll be backing him.",
dla_melpitmaster,dlg,EntryList/5/Text,0,-1,"Standard Thunderstone rules, <sir/madam>. All combatants fight on foot with blunted weapons and fight until one of them is left. You can enter by yourself or with companions if you like, and you can take whatever you like into the melee. We've got a priest of Lathander at the ready for the more bloody wounds. Never had a death yet!",
dla_melpitmaster,dlg,EntryList/6/Text,0,-1,"Though we've had a few close ones...real crowd-pleasers! Anyway, the prize for the most 'kills' is 100 golden lions, regardless of whether you make it to the end. There's also a seperate prize of 20 golden lions for the last man standing.",
dla_melpitmaster,dlg,EntryList/7/Text,0,-1,Should I count you in?,
dla_melpitmaster,dlg,EntryList/8/Text,0,-1,"Then make sure you are good and ready. Once I let you into the ring, there'll be no time to equip yourself. You'll just get straight to the fighting...",
dla_melpitmaster,dlg,EntryList/9/Text,0,-1,You'll certainly be popular with the crowd if you're going to enter again. They love a winner. There's a bout just starting now...,
dla_melpitmaster,dlg,ReplyList/0/Text,0,-1,No thanks.,
dla_melpitmaster,dlg,ReplyList/1/Text,0,-1,I'll just prepare myself first.,
dla_melpitmaster,dlg,ReplyList/10/Text,0,-1,I'm ready for it!,
dla_melpitmaster,dlg,ReplyList/11/Text,0,-1,"No, I think I've had enough for now.",
dla_melpitmaster,dlg,ReplyList/12/Text,0,-1,Count me in.,
dla_melpitmaster,dlg,ReplyList/13/Text,0,-1,Actually I have had enough of the Melee for now.,
dla_melpitmaster,dlg,ReplyList/15/Text,0,-1,"Fine, I'll get rid of one.",
dla_melpitmaster,dlg,ReplyList/16/Text,0,-1,Thanks.,
dla_melpitmaster,dlg,ReplyList/17/Text,0,-1,Never mind.,
dla_melpitmaster,dlg,ReplyList/18/Text,0,-1,How did I do?,
dla_melpitmaster,dlg,ReplyList/19/Text,0,-1,Thanks,
dla_melpitmaster,dlg,ReplyList/20/Text,0,-1,Thanks.,
dla_melpitmaster,dlg,ReplyList/22/Text,0,-1,Thank you.,
dla_melpitmaster,dlg,ReplyList/25/Text,0,-1,Thanks.,
dla_melpitmaster,dlg,ReplyList/3/Text,0,-1,I have a question.,
dla_melpitmaster,dlg,ReplyList/4/Text,0,-1,Who's the favorite?,
dla_melpitmaster,dlg,ReplyList/6/Text,0,-1,What are the rules?,
dla_melpitmaster,dlg,ReplyList/9/Text,0,-1,Yes,
dla_sc_contest,dlg,EntryList/0/Text,0,-1,"Welcome back, <Sir/Madam>. Have you come back to enter the Mystical Challenge?",
dla_sc_contest,dlg,EntryList/1/Text,0,-1,"This is the <CUSTOM7200> spell of the Challenge. Do you have the necessary spellcraft to identify it?

Difficulty: <StartAction><CUSTOM7202></Start>.",
dla_sc_contest,dlg,EntryList/10/Text,0,-1,"I will cast spells. You simply have to identify them; <CUSTOM7204> spells in total. For each spell you identify successfully, you will be given a gold reward. The more spells you identify, the more gold you get back. Should you manage to identify all the spells, you will be awarded a special prize as well.",
dla_sc_contest,dlg,EntryList/11/Text,0,-1,"So, do you want to enter the challenge? The entry fee is <CUSTOM7207> golden lions.",
dla_sc_contest,dlg,EntryList/12/Text,0,-1,"<Sir/Madam>, you have failed the challenge often enough, I will not waste my time with you any further. ",
dla_sc_contest,dlg,EntryList/13/Text,0,-1,Safe travels my friend.,
dla_sc_contest,dlg,EntryList/2/Text,0,-1,"Correct! This was indeed <CUSTOM7201>. By identifying this spell, you have have won <StartAction><CUSTOM7206></Start> golden lions.",
dla_sc_contest,dlg,EntryList/3/Text,0,-1,"Congratulations <Sir/Madam>, you have identified all the spells correctly. As promised that brings with it a prize ... here you go.",
dla_sc_contest,dlg,EntryList/4/Text,0,-1,Enjoy and goodbye!,
dla_sc_contest,dlg,EntryList/5/Text,0,-1,You failed. Do you want to try again?,
dla_sc_contest,dlg,EntryList/6/Text,0,-1,"You failed again - but this is the final time, I will not allow you to play again, you are wasting my time.",
dla_sc_contest,dlg,EntryList/7/Text,0,-1,"Hail and well met,  <Sir/Madam>. Are you, by chance, here to enter the Mystical Challenge?",
dla_sc_contest,dlg,EntryList/8/Text,0,-1,As you wish.,
dla_sc_contest,dlg,EntryList/9/Text,0,-1,Do you pride yourself with knowledge of the arcane arts?  The Mystical Challenge offers you the opportunity to bet money on such an ability.,
dla_sc_contest,dlg,ReplyList/0/Text,0,-1,Indeed.,
dla_sc_contest,dlg,ReplyList/1/Text,0,-1,<StartCheck>[Spellcraft]</Start>The spell was '<StartHighlight><CUSTOM7201></Start>'.,
dla_sc_contest,dlg,ReplyList/10/Text,0,-1,"Interesting, tell me more...",
dla_sc_contest,dlg,ReplyList/12/Text,0,-1,"No, I'm not interested in games.",
dla_sc_contest,dlg,ReplyList/13/Text,0,-1,"No, I have insufficent gold at this time.",
dla_sc_contest,dlg,ReplyList/14/Text,0,-1,Yes,
dla_sc_contest,dlg,ReplyList/5/Text,0,-1,<StartCheck>[Spellcraft] failure</Start> - I did not recognize this spell.,
dla_sc_contest,dlg,ReplyList/6/Text,0,-1,I have no time for this. Goodbye.,
dla_sc_contest,dlg,ReplyList/8/Text,0,-1,Mystical Challenge? Tell me more...,
dla_sc_contest,dlg,ReplyList/9/Text,0,-1,"Forget it, this is a waste of time.",
doorbearden,dlg,EntryList/0/Text,0,-1,"[This door is locked and boarded up. In fact so is the entire inn, though a faded sign says 'The Bear's Den'. You have no reason to enter here.]",
doorlisten,dlg,EntryList/0/Text,0,-1,You hear something.,
doornoopen,dlg,EntryList/0/Text,0,-1,[This door is locked. You have no reason to enter here.],
doornoopen2,dlg,EntryList/0/Text,0,-1,[Voice] Go around the front!,
doornoopen3,dlg,EntryList/0/Text,0,-1,[The door of Hawklin Castle is currently locked. Probably everyone is at the tournament.],
doornoopen3,dlg,EntryList/1/Text,0,-1,[The door of Hawklin Castle is currently locked. Probably Sir Hawklin is not here.],
doornoopen4,dlg,EntryList/0/Text,0,-1,[This door has been barred on the other side. Only a very skilled thief or brute force will get you in here.],
doornoopen5,dlg,EntryList/0/Text,0,-1,[Voice ] Lord Huntcrown is not currently in residence. Come back another time!,
doornoopen6,dlg,EntryList/0/Text,0,-1,"Sir <FirstName>, the Dragon's Den is not a place for knights, but for soldiers. The Sign of Thunder would be more your sort of place if you seek a drink.",
doornoopen6,dlg,EntryList/1/Text,0,-1,"Friend, only Purple Dragons drink in the Dragon's Den. You'd be better of seeking another establishment. The Furniture's Fate on the square is a good spot.",
doornoopen6,dlg,EntryList/2/Text,0,-1,"The Dragon's Den is for soldiers only, not riff-raff from the street or adventurers looking for trouble. Seek elsewhere!",
doorpfeast,dlg,EntryList/0/Text,0,-1,<StartAction>[This leads into the east tower of Polter's Fort.]</Start>,
doorpfeast,dlg,EntryList/1/Text,0,-1,"<StartAction>[The door is still partly stuck, but a good shove opens it...]</Start>",
doorpfeast,dlg,EntryList/2/Text,0,-1,<StartAction>[The door is jammed. Do you wish to try and force it?]</Start>,
doorpfeast,dlg,EntryList/4/Text,0,-1,<StartCheck>[Strength]</Start> <StartAction>[You attempt to force the door...]</Start>,
doorpfeast,dlg,EntryList/5/Text,0,-1,<StartAction>[You fail to force it. You will have to use another door.]</Start>,
doorpfeast,dlg,EntryList/6/Text,0,-1,<StartAction>[You succeed in forcing open the door.]</Start>,
doorpfeast,dlg,ReplyList/0/Text,0,-1,<StartAction>[Exit outside the fort.]</Start>,
doorpfeast,dlg,ReplyList/1/Text,0,-1,<StartAction>[Exit into the courtyard.]</Start>,
doorpfeast,dlg,ReplyList/2/Text,0,-1,<StartAction>[Exit on the wall through the south door.]</Start>,
doorpfeast,dlg,ReplyList/3/Text,0,-1,"<StartAction>[No, I'll use a different door.]</Start>",
doorpfeast,dlg,ReplyList/4/Text,0,-1,<StartAction>[Yes]</Start>,
doorpfeast,dlg,ReplyList/6/Text,0,-1,<StartAction>[OK]</Start>,
doorpfeast,dlg,ReplyList/7/Text,0,-1,<StartAction>[Exit on the wall through the north door.]</Start>,
doorpfwest,dlg,EntryList/0/Text,0,-1,<StartAction>[This leads into the west tower of Polter's Fort.]</Start>,
doorpfwest,dlg,ReplyList/0/Text,0,-1,<StartAction>[Exit outside the fort.]</Start>,
doorpfwest,dlg,ReplyList/1/Text,0,-1,<StartAction>[Exit into the courtyard.]</Start>,
doorpfwest,dlg,ReplyList/2/Text,0,-1,<StartAction>[Exit on the wall through the south door.]</Start>,
doorpfwest,dlg,ReplyList/3/Text,0,-1,<StartAction>[Exit on the wall through the north door.]</Start>,
doorwctransit,dlg,EntryList/0/Text,0,-1,<StartAction>[This leads into the transept tower of Castle Wyvernwater.]</Start>,
doorwctransit,dlg,ReplyList/0/Text,0,-1,<StartAction>[Exit onto the wall on the north side.]</Start>,
doorwctransit,dlg,ReplyList/1/Text,0,-1,<StartAction>[Exit onto the wall on the south side.]</Start>,
doorwctransit,dlg,ReplyList/2/Text,0,-1,<StartAction>[Exit outside through the east door.]</Start>,
dyingthief,dlg,EntryList/0/Text,0,-1,Ugh...please...heal me...,
dyingthief,dlg,EntryList/1/Text,0,-1,<StartAction>[The thief dies.]</Start>,
dyingthief,dlg,EntryList/10/Text,0,-1,"Looking to steal our horses, more likely.",
dyingthief,dlg,EntryList/11/Text,0,-1,I recognise a thief when I see one.,
dyingthief,dlg,EntryList/12/Text,0,-1,And you thinking you're such a noble too.,
dyingthief,dlg,EntryList/13/Text,0,-1,"This man is clearly a thief, going for our horses. I can't believe he actually followed us in here, just for that!",
dyingthief,dlg,EntryList/14/Text,0,-1,Why are you so upset? He got what he deserved.,
dyingthief,dlg,EntryList/15/Text,0,-1,We're trying to help protect people and this man tries to steal from us while we do it!,
dyingthief,dlg,EntryList/2/Text,0,-1,I'll tell you...where our camp is...if you heal...me. There's treasure...there.,
dyingthief,dlg,EntryList/3/Text,0,-1,I...I...followed you in...wanted to see...what I could....find...,
dyingthief,dlg,EntryList/4/Text,0,-1,Your 'orse....kicked me...I didn't touch it.,
dyingthief,dlg,EntryList/5/Text,0,-1,"Please, heal me!",
dyingthief,dlg,EntryList/6/Text,0,-1,Ugh...I...,
dyingthief,dlg,EntryList/7/Text,0,-1,"It's not far from 'ere, just through...the trees on the south bank...there's a gap that...leads to...a path...they never...knew we was...'ere. Used to...prey on 'em...regular like...",
dyingthief,dlg,EntryList/8/Text,0,-1,Ugh.... <StartAction>[The thief dies.]</Start>,
dyingthief,dlg,EntryList/9/Text,0,-1,"I'd judge that this man is a thief, after our horses.",
dyingthief,dlg,ReplyList/0/Text,0,-1,Of course!,
dyingthief,dlg,ReplyList/1/Text,0,-1,<StartAction>[Leave the body.]</Start>,
dyingthief,dlg,ReplyList/10/Text,0,-1,"Tell me where you came from, then I'll heal you.",
dyingthief,dlg,ReplyList/12/Text,0,-1,<StartAction>[Forget about the dead man.]</Start>,
dyingthief,dlg,ReplyList/13/Text,0,-1,<StartAction>[Gather your horses and follow the thief's directions.]</Start>,
dyingthief,dlg,ReplyList/2/Text,0,-1,Why should I?,
dyingthief,dlg,ReplyList/3/Text,0,-1,Go on then.,
dyingthief,dlg,ReplyList/4/Text,0,-1,Who are you?,
dyingthief,dlg,ReplyList/7/Text,0,-1,"No, I think I'll let you die.",
dyingthief,dlg,ReplyList/8/Text,0,-1,<StartAction>[Kill the thief.]</Start>,
dyingthief,dlg,ReplyList/9/Text,0,-1,<StartAction>[Leave the thief.]</Start>,
edgar,dlg,EntryList/0/Text,0,-1,Greetings.,
edgar,dlg,EntryList/1/Text,0,-1,"Shall we continue on our quest in company? I still owe you one for rescuing me from the barrows. If you'll have me, I am ready to fight at your side once more.",
edgar,dlg,EntryList/10/Text,0,-1,"Your party looks big enough already, but come back if you have need of me in the future.",
edgar,dlg,EntryList/100/Text,0,-1,"It still hurts to think about this even now, <FirstName>. I think I will leave this story, and we can take it up another time. Let us talk of lighter things, or other matters.",
edgar,dlg,EntryList/101/Text,0,-1,"In my experience, a visit from Vangerdahast was always a mixed blessing.",
edgar,dlg,EntryList/102/Text,0,-1,"Aye, that was a difficult time for us, though the King was gentle considering the treachery involved.",
edgar,dlg,EntryList/103/Text,0,-1,"I am guessing you are talking about my cousin Elaine, Edgar. I did not know her well, but I know that she was exiled.",
edgar,dlg,EntryList/104/Text,0,-1,"What's to tell? My family is a noble one, I am sure you know that.  We have always taken great pride in our long and loyal service to the kings of Cormyr. In that I am no different. But I also have earned the right from the Royal Family to do as I see fit for the realm. It is a long story, but one worth hearing...",
edgar,dlg,EntryList/105/Text,0,-1,"A good suggestion. There is always a time for such stories, and perhaps this is not the best one...",
edgar,dlg,EntryList/106/Text,0,-1,"I have served Cormyr for as long as I have been able. For many years I was a guardsman in Suzail, at King Azoun's palace. Those were idle days to be honest, and I always desired more excitement.",
edgar,dlg,EntryList/107/Text,0,-1,"'Nothing' about sums up those days, <FirstName>.",
edgar,dlg,EntryList/108/Text,0,-1,"Like most youths I was a fool! I spend as much time these days wishing for their return! The war brought us all to our senses, but King Azoun was a strong king, and despite years of peace, the Purple Dragons of Cormyr were always one of the finest fighting forces in the world.",
edgar,dlg,EntryList/109/Text,0,-1,"The war brought horrors and hardship of its own, both for Cormyr, and for me...but that is a story for another time. Such heavy words have their place and it is not here. Perhaps I can tell you more some other time.",
edgar,dlg,EntryList/11/Text,0,-1,We should get back to Thunderstone and report to Sir Hawklin...,
edgar,dlg,EntryList/110/Text,0,-1,Did you want anything else?,
edgar,dlg,EntryList/111/Text,0,-1,"Not a lot, I'm afraid. It's Cormyrian in origin, but deserted many hundreds of years ago. There are a lot of legends regarding the fort and its haunting, but I never really paid them any mind.",
edgar,dlg,EntryList/112/Text,0,-1,<FirstName>?,
edgar,dlg,EntryList/113/Text,0,-1,"I had something to say, but it's not important now.",
edgar,dlg,EntryList/114/Text,0,-1,Take a look at that! There...through the mist. Can you see that huge cave?,
edgar,dlg,EntryList/115/Text,0,-1,There's a portcullis at the top too. That solves the mystery of where the pirate ships get hidden. Air must get trapped inside when the castle floods.,
edgar,dlg,EntryList/116/Text,0,-1,My cousin would love to know about this. The piracy on the lake has been a mystery for too long.,
edgar,dlg,EntryList/117/Text,0,-1,It's musty in here...,
edgar,dlg,EntryList/118/Text,0,-1,This is a resting place for the dead. I am not sure how I feel about raiding it.,
edgar,dlg,EntryList/119/Text,0,-1,"Don't be such a bore, Godfroy. Anything that's still here is not going to be missed by the owner, is it?",
edgar,dlg,EntryList/12/Text,0,-1,"Yes, what is it?",
edgar,dlg,EntryList/120/Text,0,-1,I don't think that's really the point Lady Kathryn. How would you feel if someone raided your grave?,
edgar,dlg,EntryList/121/Text,0,-1,"I wouldn't care. I'd be dead, wouldn't I?",
edgar,dlg,EntryList/122/Text,0,-1,Let's take a look around. Anything that's still in this tomb is clearly not needed by the owner now!,
edgar,dlg,EntryList/123/Text,0,-1,"This area was a burial place for the elves in the days when Cormanthyr was an elven kingdom. I guess this must date from that time, in which case it must be ancient.",
edgar,dlg,EntryList/124/Text,0,-1,"It looks largely undisturbed. Whoever dug their way in here took very little, or else time has hidden their tracks.",
edgar,dlg,EntryList/125/Text,0,-1,"Our cause is for Cormyr. Cormanthyr is long gone, but the elves would not want the realm overrun by evil. If there's something useful here, I believe we can take it.",
edgar,dlg,EntryList/126/Text,0,-1,"...but I suppose it depends what you feel comfortable with, <FirstName>.",
edgar,dlg,EntryList/127/Text,0,-1,Then we're in agreement. Let's get looting!,
edgar,dlg,EntryList/128/Text,0,-1,"Lady Kathryn, I'm surprised by you!",
edgar,dlg,EntryList/129/Text,0,-1,"Well, Edgar, I am full of surprises. This old coin for example, I think came from your pocket...",
edgar,dlg,EntryList/13/Text,0,-1,Not a wise decision. We are supposed to be working together on this.,
edgar,dlg,EntryList/130/Text,0,-1,Why...I...you really are full of surprises. I am not sure how your father would feel about some of them...,
edgar,dlg,EntryList/131/Text,0,-1,"Well, come on then. Enough talk. Are we going to raid it?",
edgar,dlg,EntryList/132/Text,0,-1,"The elves guarded their tombs often with magic. Isn't that how the ghazneths, that brought so much destruction to Cormyr, were released in the first place?",
edgar,dlg,EntryList/133/Text,0,-1,Who cares about what you think anyway? No one trusts what a Cormaeril has to say.,
edgar,dlg,EntryList/134/Text,0,-1,"Child, leave the decisions to your betters. <FirstName>, you make the choice.",
edgar,dlg,EntryList/135/Text,0,-1,"That is true. <CUSTOM1020>, we'll follow your lead on this.",
edgar,dlg,EntryList/136/Text,0,-1,"This is an ancient tomb. I am guessing elven, not anything to do with what we have encountered so far.",
edgar,dlg,EntryList/137/Text,0,-1,Well this is a cold and unpleasant place.,
edgar,dlg,EntryList/138/Text,0,-1,"This place could do with the touch of the Morninglord! A little cheer, some light...perhaps we should seek a bard for our adventures!",
edgar,dlg,EntryList/139/Text,0,-1,"I am glad to be out of Thunderstone though, even so. I get stifled in our castle!",
edgar,dlg,EntryList/14/Text,0,-1,"Well, you are the leader, so the decision is yours. I hate to leave a job undone though, so any time you are in Thunderstone, come into the Sign of Thunder and see if I'm there. I will be more than willing to come with you.",
edgar,dlg,EntryList/140/Text,0,-1,Father never lets me out.,
edgar,dlg,EntryList/141/Text,0,-1,In many ways it reminds me of my ancestral home in Suzail. That was a cold and loveless place...all hard stone and leaks in the roof. We never had enough money to fix it.,
edgar,dlg,EntryList/142/Text,0,-1,"Now of course, I don't have such worries. King Azoun took that house along with any money we had left.",
edgar,dlg,EntryList/143/Text,0,-1,"I am sure that it will all work out for the best though Lacinda. With your help now, it will soon be recognised you're no traitor.",
edgar,dlg,EntryList/144/Text,0,-1,"You have a lot to learn about human nature, Godfroy. I expect what we do here to make no difference to anyone's opinion except mine, and that's the one that counts.",
edgar,dlg,EntryList/145/Text,0,-1,Well I am certain that people will soon realize they misjudged you.,
edgar,dlg,EntryList/146/Text,0,-1,And rightly so! The Cormearils have been treacherous once too often!,
edgar,dlg,EntryList/147/Text,0,-1,"The King did you an injustice I would say. Law and order are important, especially in times like these, but you are only distantly related to the traitors in the Abraxus Affair. It must hurt to have been branded with their treachery.",
edgar,dlg,EntryList/148/Text,0,-1,"Ha! Maybe the King did us a favor taking that house! I hated it, but the label that goes with it...that I never earned.",
edgar,dlg,EntryList/149/Text,0,-1,Well they say that some traits are hereditary. Let's just hope that treachery isn't one of them.,
edgar,dlg,EntryList/15/Text,0,-1,"None that are more important than this, so think about it.",
edgar,dlg,EntryList/150/Text,0,-1,"Well child, wisdom clearly hasn't passed from your father to you, so perhaps I haven't inherited treachery!",
edgar,dlg,EntryList/151/Text,0,-1,"Well, kings are not infallible it's true, though King Azoun IV was amongst the best.",
edgar,dlg,EntryList/152/Text,0,-1,It's hard to imagine it was built by Cormyrians when you see it now filled with such evil.,
edgar,dlg,EntryList/153/Text,0,-1,King Galaghard must have built this place to keep evil at bay. All he achieved was to make them a new stronghold.,
edgar,dlg,EntryList/154/Text,0,-1,It is very sad to see good deeds end this way.,
edgar,dlg,EntryList/155/Text,0,-1,Was Galaghard evil then?,
edgar,dlg,EntryList/156/Text,0,-1,I don't think he did it deliberately.,
edgar,dlg,EntryList/157/Text,0,-1,"Well of course not! I know little of Galaghard, but we have him to be thankful for defeating the Witch Lords.",
edgar,dlg,EntryList/158/Text,0,-1,Him and the elves.,
edgar,dlg,EntryList/159/Text,0,-1,"General dialogue in underground caves, WC. XXX",
edgar,dlg,EntryList/16/Text,0,77917,Then TO BATTLE!,이제 자노스의 분노를 목격하라!
edgar,dlg,EntryList/160/Text,0,-1,"Something lives in here, and it smells very bad.",
edgar,dlg,EntryList/161/Text,0,-1,Nothing good could smell that bad. I think we should be ready for danger.,
edgar,dlg,EntryList/162/Text,0,-1,"I have a tendency to agree with you on this one Godfroy. The memory it stirs is not a good one, though I can't think why.",
edgar,dlg,EntryList/163/Text,0,-1,"Well let's take a look around, then get out quick before I faint.",
edgar,dlg,EntryList/164/Text,0,-1,"Fine, but keep your weapons handy.",
edgar,dlg,EntryList/165/Text,0,-1,This smell is familiar. Where have I smelt it? ,
edgar,dlg,EntryList/166/Text,0,-1,"I can't place it, but it smells like mold.",
edgar,dlg,EntryList/167/Text,0,-1,Or something like it...,
edgar,dlg,EntryList/168/Text,0,-1,"That rules out pirates or smugglers, but what could it be?",
edgar,dlg,EntryList/169/Text,0,-1,I can smell salt on the breeze. We must be approaching the lake.,
edgar,dlg,EntryList/17/Text,0,77916,I'll have a go if you like...,에. 아마도. 자노스가 네 물건 좀 뒤져볼게. 감정할 수 있는 게 발견되면 말해주지. 충분하지?
edgar,dlg,EntryList/170/Text,0,-1,"The water is brackish in the lake, almost like seawater. That's why farms are not common on the lake shore.",
edgar,dlg,EntryList/171/Text,0,-1,I even read there are sharks in the lake!,
edgar,dlg,EntryList/172/Text,0,-1,"I have read the same thing, something about a gate to the elemental plane of water... but unless we are intending to swim, I think we are likely safe from them on this quest.",
edgar,dlg,EntryList/173/Text,0,-1,"When we decided we had to move from the King's Forest, my mother thought we should become fishermen on the lake. Father and I thought it would be better to go with your family, <FirstName>, and continue farming.",
edgar,dlg,EntryList/174/Text,0,-1,"It's what we knew best after all, so it didn't seem such a bad decision. Sometimes, I can't help regretting it.",
edgar,dlg,EntryList/175/Text,0,-1,"Don't regret it, Godfroy. You had no idea what would happen. I for one am proud of the efforts you are making now to stop such things happening again. I am certain that Torm is guiding your hand in this.",
edgar,dlg,EntryList/176/Text,0,-1,"Well, revenge will make you feel better, I'm sure.",
edgar,dlg,EntryList/177/Text,0,-1,"Well, revenge will make you feel better, I'm sure.",
edgar,dlg,EntryList/178/Text,0,-1,"No, it is not revenge I want, but to stop such a dreadful thing happening to others.",
edgar,dlg,EntryList/179/Text,0,-1,"I once sailed on the lake with my cousin Ayesunder. It is not really such a big stretch of water, and it was always an embarassment to him that he could never find the pirates there.",
edgar,dlg,EntryList/18/Text,0,-1,"Fine, what do you need?",
edgar,dlg,EntryList/180/Text,0,-1,I read somewhere there are sharks in the lake. I'm not sure I'd want to sail on it.,
edgar,dlg,EntryList/181/Text,0,-1,"Where magic is concerned, you can never be sure of anything. Your cousin must have endured a lot of comments. Well I know how that can feel...",
edgar,dlg,EntryList/182/Text,0,-1,"For a Cormaeril, it must be far harder, though yes, he has suffered a lot of criticism. People are always too quick to search for traitors these days, and blame treachery for a lack of results.",
edgar,dlg,EntryList/183/Text,0,-1,"Well I know that! But I suppose it is only to be expected. My extended family opposed the Royal Family once too often. I must pay for that. I only hope you do not become a victim of such mutterings, Edgar Truesilver.",
edgar,dlg,EntryList/184/Text,0,-1,"And I hope you do not suffer much longer for the failings of your family, Lacinda.",
edgar,dlg,EntryList/185/Text,0,-1,I hope that too...,
edgar,dlg,EntryList/186/Text,0,-1,What an odd place.,
edgar,dlg,EntryList/187/Text,0,-1,"Torm preserve us, but that is a very nasty smell!",
edgar,dlg,EntryList/188/Text,0,-1,I think it's coming from those toadstools there.,
edgar,dlg,EntryList/189/Text,0,-1,And...oh...by Tyr...what a stench!,
edgar,dlg,EntryList/19/Text,0,77921,Who is in need of this aid?,누구한테 시전하라는 거지?
edgar,dlg,EntryList/190/Text,0,-1,"And...oh...Lord of Battles, what is that awful smell?",
edgar,dlg,EntryList/191/Text,0,-1,And...oh...Sweet Lathander...what a stench!,
edgar,dlg,EntryList/192/Text,0,-1,"Careful on the bridge, it's slippery.",
edgar,dlg,EntryList/193/Text,0,-1,This bridge looks fairly recent. Some of the castle must have got filled with debris over the years and Wyvernvapor's trying to dig it out.,
edgar,dlg,EntryList/194/Text,0,-1,Oh! I really hate bats!,
edgar,dlg,EntryList/195/Text,0,-1,"Don't worry, Lady Kathryn, bats are harmless and the least of our worries.",
edgar,dlg,EntryList/196/Text,0,-1,"Er, thanks...I think, Edgar, though that didn't really make me feel much better!",
edgar,dlg,EntryList/197/Text,0,-1,"I shall guard you Lady Kathryn, have no fear of that.",
edgar,dlg,EntryList/198/Text,0,-1,"I can look after myself, thank you very much!",
edgar,dlg,EntryList/199/Text,0,-1,No offence intended Lady Kathryn. You have already shown us your skills.,
edgar,dlg,EntryList/2/Text,0,-1,"The skills I have always given my King and country are the same ones I offer you: my skill with the blade and my knowledge of battle. I am regarded as a fine warrior, but also due to long years of dedication to the service of Torm, I am a recognised paladin, able to meet evil with the divine powers of The Loyal Fury, Torm himself.",
edgar,dlg,EntryList/20/Text,0,77922,Very well.,자노스가 하지...
edgar,dlg,EntryList/200/Text,0,-1,"Oh I'm sorry, Edgar! I didn't mean to sound unkind, you just sounded so stuffy!",
edgar,dlg,EntryList/201/Text,0,-1,"I take my duties seriously...too seriously perhaps, but I know your father would never forgive me if I returned and you did not.",
edgar,dlg,EntryList/202/Text,0,-1,Somehow that doesn't surprise me.,
edgar,dlg,EntryList/203/Text,0,-1,"Bats are harmless, Kathryn. You shouldn't believe all that superstition about them.",
edgar,dlg,EntryList/204/Text,0,-1,"Anyway, don't fear, <FirstName> and I are with you.",
edgar,dlg,EntryList/205/Text,0,-1,I appreciate that Godfory.,
edgar,dlg,EntryList/206/Text,0,-1,This is a strange place to leave a pair of mirrors.,
edgar,dlg,EntryList/207/Text,0,-1,"These are clearly magic mirrors of some sort. I have heard of mirrors that don't reflect light, but reflect instead only magic.",
edgar,dlg,EntryList/208/Text,0,-1,"Well the mirrors are large; small enough to carry, but not for any extended time. I am guessing these mirrors are used for something here in the castle.",
edgar,dlg,EntryList/209/Text,0,-1,The Keeper mentioned something about mirrors and beams involved in a puzzle. We should probably take these.,
edgar,dlg,EntryList/21/Text,0,77921,Who do you want me to lay hands on?,누구한테 시전하라는 거지?
edgar,dlg,EntryList/210/Text,0,-1,They're not much use. I can't even fix my hair with these!,
edgar,dlg,EntryList/211/Text,0,-1,"I think they must be important, otherwise they would not just be left standing here.",
edgar,dlg,EntryList/212/Text,0,-1,"Well they look useless to me, but if you want to take them <FirstName>, go ahead.",
edgar,dlg,EntryList/213/Text,0,-1,"These are not ordinary mirrors. Look, their surface is shiny but they don't reflect anything.",
edgar,dlg,EntryList/214/Text,0,-1,Let's take them. They must have a use.,
edgar,dlg,EntryList/215/Text,0,-1,Perhaps they are some leftover from older times?,
edgar,dlg,EntryList/216/Text,0,-1,I guess that must be the Mythallar.,
edgar,dlg,EntryList/217/Text,0,-1,"We do not have the knowledge or the tools necessary to break a Mythallar. We must find out how it powers the castle, and break whatever channels its power.",
edgar,dlg,EntryList/218/Text,0,-1,"This is not something that my sword or my faith can conquer. I hope you understand these things better than I, <FirstName>.",
edgar,dlg,EntryList/219/Text,0,-1,I suppose the answers must lie here somewhere within the castle.,
edgar,dlg,EntryList/22/Text,0,77922,Very well.,자노스가 하지...
edgar,dlg,EntryList/220/Text,0,-1,"The question is, how do we shut off the Mythallar's power? Clearly we can't just climb up and stop it. There must be another way.",
edgar,dlg,EntryList/221/Text,0,-1,It's very pretty isn't it? Seems a shame to try and stop it working.,
edgar,dlg,EntryList/222/Text,0,-1,Oh child! Why can't you concentrate on the task in hand? It is for your father's good that we deal with this thing. Let us concentrate.,
edgar,dlg,EntryList/223/Text,0,-1,"Well I expect there's some reason you came too, Lacinda. No doubt some dark, secret reason that only a Cormaeril would understand.",
edgar,dlg,EntryList/224/Text,0,-1,"Child, I came for <FirstName>, and <he/she> knows it. I'm sure it makes you feel good to throw the past treacheries of my family at my feet, but your family is no more noble than mine, even if it enjoys higher favor.",
edgar,dlg,EntryList/225/Text,0,-1,"I just said it was pretty, that's all.",
edgar,dlg,EntryList/226/Text,0,-1,You are right. I will concentrate on the task in hand.,
edgar,dlg,EntryList/227/Text,0,-1,Look at the state of this place! The water must come in here all the time!,
edgar,dlg,EntryList/228/Text,0,-1,"I thought this place would be more...well magical, and less horrible. Why would a dragon want to live here?",
edgar,dlg,EntryList/229/Text,0,-1,"I don't think I will even attempt to guess, Lady Kathryn. Dragons are not something I know that much about.",
edgar,dlg,EntryList/23/Text,0,77918,What is it you wish me to cast?,주문? 뭘 시전하길 원하는 거야?
edgar,dlg,EntryList/230/Text,0,-1,"It does seem a pretty nasty place to live, doesn't it?",
edgar,dlg,EntryList/231/Text,0,-1,"Because dragons live in the real world, child, not in fairy tales, and generally they are not the gentle, playful creatures you've read about in all of your books!",
edgar,dlg,EntryList/232/Text,0,-1,"If anyone is going to live in here, there must be a system of watertight doors, otherwise they'd all drown.",
edgar,dlg,EntryList/233/Text,0,-1,Although that wouldn't apply to Wyvernvapor; Mist Dragons are at home in water.,
edgar,dlg,EntryList/234/Text,0,-1,Or so they say.,
edgar,dlg,EntryList/235/Text,0,-1,Although that wouldn't apply to Wyvernvapor; Mist Dragons are at home in water according to the scripts I have read about them.,
edgar,dlg,EntryList/236/Text,0,-1,"If anyone is going to live in here, there must be a system of watertight doors, otherwise they'd all drown.",
edgar,dlg,EntryList/237/Text,0,-1,"If anyone is going to live in here, there must be a system of watertight doors, otherwise they'd all drown.",
edgar,dlg,EntryList/238/Text,0,-1,"This chamber stinks and it's big enough to house the dragon, so I think it must be Wyvernvapor's lair. It looks like we're in luck though. The dragon is away. We should use our time wisely.",
edgar,dlg,EntryList/239/Text,0,-1,Maybe we can shut down the Mythallar and make our escape before the dragon returns.,
edgar,dlg,EntryList/24/Text,0,77921,Upon whom should I cast it?,누구한테 시전하라는 거지?
edgar,dlg,EntryList/240/Text,0,-1,"This castle is very odd. It may seem deserted, but I thought I saw something move up on the roof.",
edgar,dlg,EntryList/241/Text,0,-1,"If you look up at the top of the keep, you can see a watermark. I think the top of the castle never gets totally submerged. It's possible something might live up there.",
edgar,dlg,EntryList/242/Text,0,-1,"We must be on our guard. If something is on the roof, it's a good vantage point from which to attack.",
edgar,dlg,EntryList/243/Text,0,-1,"We must be on our guard. If something is on the roof, it's a good vantage point from which to attack. Maybe we should look for somewhere safer to tie a horse than that hitching post.",
edgar,dlg,EntryList/244/Text,0,-1,I'm not sure. It's very difficult to see in this mist.,
edgar,dlg,EntryList/245/Text,0,-1,"Look over there, on the other side of the chasm! There's a cave with some steps.",
edgar,dlg,EntryList/246/Text,0,-1,Though I don't see a way across this chasm.,
edgar,dlg,EntryList/247/Text,0,-1,We could possibly jump a horse across. There's room for a run-up.,
edgar,dlg,EntryList/248/Text,0,-1,I think we should stick to our mission though. After all the castle won't be in there.,
edgar,dlg,EntryList/249/Text,0,-1,"At least, that's my view.",
edgar,dlg,EntryList/25/Text,0,77922,Very well.,자노스가 하지...
edgar,dlg,EntryList/250/Text,0,-1,I agree. We have a task that we should stick to.,
edgar,dlg,EntryList/251/Text,0,-1,"The Mythallar might be though, or a secret way in.",
edgar,dlg,EntryList/252/Text,0,-1,"Well, I suppose that is possible.",
edgar,dlg,EntryList/253/Text,0,-1,Maybe we could use a rope to get across? I have one in my pack.,
edgar,dlg,EntryList/254/Text,0,-1,It's not a bad idea if we want to get across.,
edgar,dlg,EntryList/255/Text,0,-1,"If we want to get across, that might be a way.",
edgar,dlg,EntryList/256/Text,0,-1,But would that be safe?,
edgar,dlg,EntryList/257/Text,0,-1,Perhaps it's a smuggler's den?,
edgar,dlg,EntryList/258/Text,0,-1,"For once child, you might be right.",
edgar,dlg,EntryList/259/Text,0,-1,Well we've found the castle...,
edgar,dlg,EntryList/260/Text,0,-1,"Now we must find the Mythallar. Now that I am certain we are on the right track, my heart relishes the battle. Torm is with us, I am certain.",
edgar,dlg,EntryList/261/Text,0,-1,I'm sure that the end of our troubles is not far away.,
edgar,dlg,EntryList/262/Text,0,-1,Now to find the dragon. Can you believe it? We're actually looking for a dragon! It's like those tales about dragons in the history books...,
edgar,dlg,EntryList/263/Text,0,-1,"""Then Kathryn and <FirstName> approached the great castle...""",
edgar,dlg,EntryList/264/Text,0,-1,It is a nice picture Kathryn. I'll look forward to hearing the full version when you are done with it.,
edgar,dlg,EntryList/265/Text,0,-1,"Your father enjoys his tales, though I haven't heard him tell one since the war.",
edgar,dlg,EntryList/266/Text,0,-1,"No, a lot left our lives when my brothers were killed and Father lost his arm. It's rare for him to even smile these days.",
edgar,dlg,EntryList/267/Text,0,-1,"Some of the troubles of the realm rest on his shoulders. Let us continue on now and see what we can do to lift them. Remember though, it is the Mythallar we seek, not the dragon.",
edgar,dlg,EntryList/268/Text,0,-1,"Child, your imagination is running away again. Try to remember that dragons are dangerous and spiteful lizards, not tales from your childhood. In any event we are looking for the Mythallar, not the dragon.",
edgar,dlg,EntryList/269/Text,0,-1,Well actually I have head that Wyvernvapor is not a dangerous dragon.,
edgar,dlg,EntryList/27/Text,0,-1,Very well.,
edgar,dlg,EntryList/270/Text,0,-1,Well I'm sure we'll find out soon enough.,
edgar,dlg,EntryList/271/Text,0,-1,"I have heard many people moan about the prices in the Six Coffers Trading Coster, but they say you can't beat it for variety. I couldn't tell you if it's true though. Most of my equipment came either from my family or the army.",
edgar,dlg,EntryList/272/Text,0,76057,"Well <FirstName>, as far as I am concerned, I still owe you one for rescuing me from the barrows. If you'll have me, I am ready to fight at your side once more.",자노스에게 다시 합류하자고 요청하러 온 거지?
edgar,dlg,EntryList/273/Text,0,78095,"Fine, if that is what you wish I shall remain here in the hope that you change your mind.",젠장! 그럼 네가 정신 차릴 때까지 여기 있겠어.
edgar,dlg,EntryList/274/Text,0,78289,<StartHighlight>Edgar is currently unconscious and will likely die if he is not given aid very soon.</Start>,"<StartHighlight>자노스는 현재 의식이 없고, 도움을 받지 못하면 곧 죽을 것입니다.</Start>"
edgar,dlg,EntryList/275/Text,0,76052,Was that death? A strange experience...Torm grant me I shan't face that again!,흥. 네가 제대로 했다면 자노스가 이런 불쾌함을 겪지 않아도 됐을 텐데.
edgar,dlg,EntryList/276/Text,0,78287,"By Torm, Of course I will!",알았어. 갈게.
edgar,dlg,EntryList/277/Text,0,78288,"There's work to be done, <FirstName>. When you're ready, then so am I.",여기 남아 있겠어. 가고 싶으면 가.
edgar,dlg,EntryList/278/Text,0,-1,Good <QuarterDay> <FullName>.,
edgar,dlg,EntryList/279/Text,0,-1,You are not worthy to be called a Cormyrian. I will not help you.,
edgar,dlg,EntryList/28/Text,0,77904,"Very well, I am a willing student...",자노스는 원하는 대로 실력과 능력을 키울 거다.
edgar,dlg,EntryList/280/Text,0,-1,What is it?,
edgar,dlg,EntryList/281/Text,0,-1,"Sounds like you have. I caught a couple more skulking about too, but probably the victory would not have been possible without your help.",
edgar,dlg,EntryList/282/Text,0,-1,Didn't you have companions with you?,
edgar,dlg,EntryList/283/Text,0,-1,"That...that is very bad news. These barrows are ancient places. Evil, some might say, though that is not so. There's much in them we don't understand. I can only hope your brother recovers from his madness. Most of the other ill effects in these places are temporary.",
edgar,dlg,EntryList/284/Text,0,-1,"I did not see him, but I have not just been standing here. I took my remaining troops on a sweep. One of the scouts said they saw a man running from the barrows. I had assumed it was a deserter, but maybe it was your brother.",
edgar,dlg,EntryList/285/Text,0,-1,I take it they did not survive?,
edgar,dlg,EntryList/286/Text,0,-1,I see. Battle is like that sometimes...takes friends earlier than we wish it.,
edgar,dlg,EntryList/287/Text,0,-1," I've lost a lot of soldiers, but it could have been worse. I thank you sincerely, <FullName>. It is probable you have saved several lives. We must get back and report to Sir Hawklin.",
edgar,dlg,EntryList/288/Text,0,-1,"No, can't you hear? There's still fighting going on somewhere. See if you can find it and help out.",
edgar,dlg,EntryList/289/Text,0,-1,I'll meet you back here once the job is done.,
edgar,dlg,EntryList/29/Text,0,77915,"Fine <FirstName>, if you think that is a good idea.",*한숨* 좋아. 여기 내 장비다.
edgar,dlg,EntryList/290/Text,0,-1,"I am not certain, but it's pretty systematic. Either they know they're good for loot, or whoever's behind these raids is looking for something, though I have no idea what.",
edgar,dlg,EntryList/291/Text,0,-1,"We tracked a large force of raiders into this barrow, and had them trapped. Things were going well, when one of the scouts posted outside warned me a second force was approaching.",
edgar,dlg,EntryList/292/Text,0,-1,"They never strike a barrow with two forces, so either they were tipped off by a scout, or they got lost and hit the wrong barrow. Whichever, the second force got here before we could disengage, and it was our turn to get trapped.",
edgar,dlg,EntryList/293/Text,0,-1,"Me and a small group of men got forced into a side passage. We managed to kill our foes and drive our way back to the main branch. The rest of my men got driven deeper into the barrow. That's where the fighting is, and that's where I want you to go and help out.",
edgar,dlg,EntryList/294/Text,0,-1,"No, you save yours, I've got my own. I'll be ready for combat again in a few minutes, but don't waste time waiting for me. Go and help the rest of the men!",
edgar,dlg,EntryList/295/Text,0,-1,Then why are you here?,
edgar,dlg,EntryList/296/Text,0,-1,Are you serious? I suppose you were just walking in the forest right?,
edgar,dlg,EntryList/297/Text,0,-1,"Only Sir Hawklin knows I'm here, so he must have sent you to help. Stop wasting time now. Men are dying while we talk.",
edgar,dlg,EntryList/298/Text,0,-1,"Excellent. I'll be back on my feet soon enough, then I'll do my own bit of hunting. ",
edgar,dlg,EntryList/299/Text,0,-1,I don't know who you are...but I hope you came to help! I'm Edgar Truesilver.,
edgar,dlg,EntryList/3/Text,0,-1,"For countering the evils we are bound to find on this quest, I can think of no better set of skills. Will you take me?",
edgar,dlg,EntryList/30/Text,0,-1,What do you need?,
edgar,dlg,EntryList/300/Text,0,-1,"Well, <LastName>, my injuries have put me out of the battle for the moment. Are you up to hunting hobgoblins?",
edgar,dlg,EntryList/301/Text,0,-1,"Well, that means you'll have to help if you're expecting me to come with you.",
edgar,dlg,EntryList/302/Text,0,-1,There's more hobgoblins and a few ogres deeper in the barrows. Can you clean out the rest while I gather the rest of my troops?,
edgar,dlg,EntryList/303/Text,0,-1,"Excellent. I'll be back on my feet soon enough, then I'll do my own bit of hunting. ",
edgar,dlg,EntryList/304/Text,0,-1,I'll meet you back here once the job is done.,
edgar,dlg,EntryList/305/Text,0,-1,"I have no idea what natural protections are found here, but you're certain to find hobgoblins and maybe ogres amongst the raiders.",
edgar,dlg,EntryList/306/Text,0,-1,"I am not certain, but it's pretty systematic. Either they know they're good for loot, or whoever's behind these raids is looking for something, though I have no idea what.",
edgar,dlg,EntryList/307/Text,0,-1,"We tracked a large force of raiders into this barrow and had them trapped. Things were going well, when one of the scouts posted outside warned me a second force was approaching.",
edgar,dlg,EntryList/308/Text,0,-1,"They never strike a barrow with two forces, so either they were tipped off by a scout, or they got lost and hit the wrong barrow. Whichever, the second force got here before we could disengage and it was our turn to get trapped.",
edgar,dlg,EntryList/309/Text,0,-1,"I got forced into a side passage, a small group of soldiers with me. We managed to kill our foes and drive our way back to the main branch. The rest of my troops got driven deeper into the barrow. That's where the fighting is and that's where I want you to go and help out.",
edgar,dlg,EntryList/31/Text,0,77914,"Very sensible, I would say. Is there anything else?",알았어.
edgar,dlg,EntryList/310/Text,0,-1,"No, you save yours, I've got my own. I'll be ready for combat again in a few minutes, but don't waste time waiting for me. Go and help the rest of the troops!",
edgar,dlg,EntryList/311/Text,0,-1,Then why are you here?,
edgar,dlg,EntryList/312/Text,0,-1,Are you serious? I suppose you were just walking in the forest right?,
edgar,dlg,EntryList/313/Text,0,-1,"Only Sir Hawklin knows I'm here, so he must have sent you to help. Stop wasting time now. Men are dying while we talk.",
edgar,dlg,EntryList/32/Text,0,77914,"If they're beyond you, they're likely beyond me too. I'll more likely have to smash my way past any locks, but I'll do my best. Was there anything else?",알았어.
edgar,dlg,EntryList/33/Text,0,77914,That's a relief. Sneaking about sits very ill with me. Is there anything else?,알았어.
edgar,dlg,EntryList/34/Text,0,77914,"There's a big difference between trying and succeeding. I'll do my best, but I make more noise than a charging boar. Was there anything else?",알았어.
edgar,dlg,EntryList/35/Text,0,77914,"I'm not sure you'll find me much use in that, but I'll try. Is there anything else?",알았어.
edgar,dlg,EntryList/36/Text,0,77914,"Agreed, I'll keep an eye out for enemies. It's a good plan <CUSTOM1020>. Anything more?",알았어.
edgar,dlg,EntryList/37/Text,0,-1,I am sorry if I have failed in that respect. How can I help you better on this?,
edgar,dlg,EntryList/38/Text,0,77914,"That seems a little wasteful of our resources <FirstName>, but I am sure you know what you are doing. Is there anything else you need?",알았어.
edgar,dlg,EntryList/39/Text,0,77914,"The direct approach. It lacks subtlety, but I prefer it that way. Is there anything else?",알았어.
edgar,dlg,EntryList/4/Text,0,-1,"My name is Edgar Truesilver, son of Sir Edrick Truesilver, from a fairly minor branch of the Truesilver family. I serve Cormyr in whatever way that I can.",
edgar,dlg,EntryList/40/Text,0,77914,"Very well, then. Is there anything else?",알았어.
edgar,dlg,EntryList/41/Text,0,-1,Just tell me where you want me.,
edgar,dlg,EntryList/42/Text,0,-1,Just don't kill everything before I can get into combat! Is there anything else?,
edgar,dlg,EntryList/43/Text,0,-1,Of course. Is there anything else?,
edgar,dlg,EntryList/44/Text,0,-1,"For the tough work, it's the best way. Is there anything else?",
edgar,dlg,EntryList/45/Text,0,-1,"Well, if you insist <FirstName>, but I am not the land's best shot, that's for certain. Is there anything else?",
edgar,dlg,EntryList/46/Text,0,-1,"I'm glad we're in agreement on that, I'm useless with a bow. Is there anything else?",
edgar,dlg,EntryList/47/Text,0,-1,"I'm sorry <FirstName>, but my training is not up for discussion. All of my energies are focussed in becoming a weapon of Torm. A true paladin cannot stray from that path.",
edgar,dlg,EntryList/48/Text,0,-1,"But if there is anything else on tactics, we can discuss that. Was there?",
edgar,dlg,EntryList/49/Text,0,-1,Yes?,
edgar,dlg,EntryList/5/Text,0,-1,"I am an officer in the Purple Dragons, but also I am on friendly terms with Sir Gilbert Hawklin. My commission in the army is not a regular one: I have earned from the Royal Family in person, the right to come and go as I please. It can cause trouble with Oversword Laheralson, the commander in Thunderstone, as you have already seen, but the benefit is always for Cormyr.",
edgar,dlg,EntryList/50/Text,0,89922,"You don't need to worry about me, <FirstName>, I have fought in more battles than I can remember. A few scratches goes with the territory.","""다 완전 끝내줘. 더할 나위 없지. 뭐... 내가 엄청 부자에 글래머한 하플링 아가씨들 하렘에 둘러싸여 있으면 더 좋겠지만... 그건 당장은 안 되겠지, 하하하!"""
edgar,dlg,EntryList/51/Text,0,-1,Was there anything else?,
edgar,dlg,EntryList/52/Text,0,-1,"Yes. In fact I feel Torm's hand in all of this. Meeting you was no coincidence, I am sure of it.",
edgar,dlg,EntryList/53/Text,0,89931,"These are just scratches <FirstName>, nothing to worry about. I've had worse shaving.","""프흣, 난 걱정 마. 그냥 긁힌 상처 몇 개야."""
edgar,dlg,EntryList/54/Text,0,-1,Was there anything else?,
edgar,dlg,EntryList/55/Text,0,89932,"I've been worse. All this blood can be really tough to get out of the armor though. If you could spare me some bandages, I wouldn't say no.","""아까 좀 엉망이 되긴 했지, 헤. 볼 것까지는 없어."""
edgar,dlg,EntryList/56/Text,0,-1,Else I'm sure I'll manage.,
edgar,dlg,EntryList/57/Text,0,89933,"These wounds will leave me with a few more scars, that's for certain. I am in a worse state than in any battle I can remember. I mustn't grumble though, wounds are to be expected.","""그냥... 몇 군데 긁혔을 뿐이야, 별거 아냐."" 그는 얼굴을 찡그리며 빈 팔로 배에서 솟는 심한 피를 틀어막으려 합니다."
edgar,dlg,EntryList/58/Text,0,89930,"Well I can't actually see anything <FirstName>. I was hoping you might actually have noticed by now! Anyway, I'm not sure if there is anything you can do about it, but...","""괜찮을 거야, 아마. 근데 여기가 정말 어두운 건지... 내가 진짜 눈이 먼 건지 말해 줄래? 살짝 걱정돼서."""
edgar,dlg,EntryList/59/Text,0,89934,"I'm fine, nothing I can't handle, just feel like I've caught fire, that's all. I think something might have poisoned me a little bit.","""어이! 완전 멀쩡해-내 혈관을 타고 흐르는 불덩이만 빼면 말이지. 그건... 알아서 해결되겠지..."""
edgar,dlg,EntryList/6/Text,0,-1,"Now is such a time. I would like to join you on your current quest. I owe you one, <CUSTOM1020>, but this is also for Cormyr. Will you have me at your side?",
edgar,dlg,EntryList/60/Text,0,89935,"No, I am fairly certain I've caught something. Disease always follows a soldier, I should know that, but this is a very bad time to be ill.","""피부에 이상한 반점이 좀 생긴 것만 빼면 나쁘지 않아. 이거... 안 좋은 건가?"""
edgar,dlg,EntryList/61/Text,0,-1,"If you have something to cure me, I would appreciate your using it. Otherwise, I am certain I can manage.",
edgar,dlg,EntryList/62/Text,0,-1,I don't have anything else to say just now. Perhaps later.,
edgar,dlg,EntryList/63/Text,0,-1,"I told you how the queen had laid out the truth about Elaine before me? That was a defining moment for me. She is a smart woman, Filfaeril. She put me in a place where my love and my duty were directly in opposition. One of them had to break. I chose to believe her, as I think she always knew I would. Duty won out over love.",
edgar,dlg,EntryList/64/Text,0,-1,I did not realize that I had never really made the choice in my heart. That came much later.,
edgar,dlg,EntryList/65/Text,0,-1,For the next weeks I was fighting almost continuously against the goblin hordes; at Arabel and in the King's Forest. Promotion came easily for the bravest and best and I was like one possessed. But death came equally easily.,
edgar,dlg,EntryList/66/Text,0,-1,"Every time the dragon came, or one of the ghazneths, many of our best leaders and strongest War Wizards would be killed. In one such battle I came across a man lying trapped under his horse. It was the King.",
edgar,dlg,EntryList/67/Text,0,-1,"I had him at my mercy. It was then that I realized that in my heart, Elaine was still there. My hand unconsciously was on my sword hilt. The King just looked me in the eye and said: ""I always knew I could trust your loyalty, Edgar.""",
edgar,dlg,EntryList/68/Text,0,-1,"He never doubted me for a moment. It was like an absolution. I helped the King to his feet, and we were swept back into the battle in a moment...",
edgar,dlg,EntryList/69/Text,0,-1,"I hope that you wouldn't have, <FirstName>. I believe you are stronger than that.",
edgar,dlg,EntryList/7/Text,0,-1,"That is a story for another time, perhaps while we are on the march together, if you will have me?",
edgar,dlg,EntryList/70/Text,0,-1,"That's a bad joke, <FirstName>.",
edgar,dlg,EntryList/71/Text,0,-1,"Before we were sucked back into the fighting, the King turned to me and said: ""Edgar Truesilver, I was trapped and you gave me my freedom today. I grant you the same, to come and go as you see fit, guided only by your own sense of duty, not that which has been laid upon you by Cormyr. I know you will choose wisely.""",
edgar,dlg,EntryList/72/Text,0,-1,"Aaah! It is along time since I have told anyone the whole of that story! Few know the test that I went through to earn the right to do as I see fit. I am glad I have told you too, <CUSTOM1020>. I think the King would have granted you the same rights.",
edgar,dlg,EntryList/73/Text,0,-1,"Anyway, I have talked enough I would say.",
edgar,dlg,EntryList/74/Text,0,-1,"After Elaine was banished, I felt lost for a long time. I must admit that my duty to King Azoun, and my hatred for him, were kept in balance. Only my devotion to Torm kept me strong.",
edgar,dlg,EntryList/75/Text,0,-1,I carried on as before.,
edgar,dlg,EntryList/76/Text,0,-1,"I think the King knew I hated him, and perhaps he did not trust me either, but he continued to give me the privileges and duties I had performed before, as if nothing had happened.",
edgar,dlg,EntryList/77/Text,0,-1,"I think I hated him most for that. He knew that my duty stopped me from taking action. That was a heavy bond of trust he placed on me, and I hated it.",
edgar,dlg,EntryList/78/Text,0,-1,"War came. The ghazneths got loose, and Princess Alusair seemed lost. King Azoun summoned me to him one day, but when I arrived at the Audience Chamber, it wasn't the King who was there, but Queen Filfaeril.",
edgar,dlg,EntryList/79/Text,0,-1,"The queen beckoned me forward, and said to me: ""Edgar, I too share the belief that I have lost someone I love, so I understand the suffering that you have been feeling for so long. I have asked you here, to ease that pain...""",
edgar,dlg,EntryList/8/Text,0,-1,"No problem. I shall wait here awhile yet, but I can't wait for ever.",
edgar,dlg,EntryList/80/Text,0,-1,"""The King and Vangerdahast believe this is something you should never hear, that it will hurt you worse than you are hurting already, but as a woman, I think I understand matters of the heart better.""",
edgar,dlg,EntryList/81/Text,0,-1,"""I must tell you that even when Elaine Cormaeril was banished, there was a very strong suspicion of her loyalty to the crown that had nothing to do with the Abraxus Affair, but more to do with seeking another way through to the King. You.""",
edgar,dlg,EntryList/82/Text,0,-1,"""We have since discovered that Elaine is a member of the Fire Knives, the group of Cormyrian exiles that seek the assassination of the King and prominent nobles of the realm. The King thinks that to tell you this will hurt you too much for you to maintain your balance. Vangerdahast just thinks you won't believe it. Me? I think it will make you stronger if you know the truth.""",
edgar,dlg,EntryList/83/Text,0,-1,"That was a black day, <CUSTOM1020>, let's not talk about it anymore right now. Perhaps later I can finish my story.",
edgar,dlg,EntryList/84/Text,0,-1,"I told you a little about the times of peace, didn't I? For me mostly times of boredom to be honest, <CUSTOM1020>. I guess you must have experienced something similar, else you would not have left Cormyr.",
edgar,dlg,EntryList/85/Text,0,-1,"Good ones, I am certain, <CUSTOM1020>. Others thought I steadfastly did my duty, but...",
edgar,dlg,EntryList/86/Text,0,-1,"Well, I did think about leaving Cormyr myself, often actually, but always my duty to the King and my training as a paladin kept me here.",
edgar,dlg,EntryList/87/Text,0,-1,"I hungered for something exciting to happen in my life though, and I think I was probably not the best student in those times. Then one day my life changed completely.",
edgar,dlg,EntryList/88/Text,0,-1,"I talk of a woman of course <FirstName>. No doubt you have guessed as much. Her name was Elaine, and she brought a sweetness to life that I would not have believed possible.",
edgar,dlg,EntryList/89/Text,0,-1,"It hurts to think about it, to be honest. It's far too long since I thought of Elaine...",
edgar,dlg,EntryList/9/Text,0,-1,"Excellent! <CUSTOM1020>, you shall not regret it!",
edgar,dlg,EntryList/90/Text,0,-1,"One summer of love we had. It was very strange <CUSTOM1020>, a special kind of friendship I suppose it was more like, for we never discussed 'love'. We just knew it was there, unspoken, and we searched out each other's company whenever we could, both understanding our desire just to share time.",
edgar,dlg,EntryList/91/Text,0,-1,"Who knows what would have become of us? We thought we had all the time in the world I guess, and never acted upon our love. We both had duties to perform and put them first.",
edgar,dlg,EntryList/92/Text,0,-1,"That is was, <CUSTOM1020>. I am glad you understand it. But there was a complication.",
edgar,dlg,EntryList/93/Text,0,-1,"I didn't say it, did I? Elaine was a Cormaeril, and when the plot to kill King Azoun came to light, the Cormaerils were found to be behind it. The Abraxus Affair it was called.",
edgar,dlg,EntryList/94/Text,0,-1,"Elaine was not implicated as far as I knew, but she was from an important branch of the Cormaerils. She was banished with the rest of them.",
edgar,dlg,EntryList/95/Text,0,-1,That is what I believed too.,
edgar,dlg,EntryList/96/Text,0,-1,It sounds to me like the King did you a favor. Didn't you thank him?,
edgar,dlg,EntryList/97/Text,0,-1,"That is what I believed too, <FirstName>. Now you understand why I have sympathy for Lacinda.",
edgar,dlg,EntryList/98/Text,0,-1,"I didn't know what to do; whether to chase after Elaine, or go to the King and demand she was exempted. Before I could do either though, the Court Wizard Vangerdahast came to me. Vangerdahast was a man to be feared, <FirstName>, and I knew his visit spelled trouble.",
edgar,dlg,EntryList/99/Text,0,-1,"I was very guarded, but all he did was to talk to me, to tell me that my duty was to my King and that sometimes for the realm we have to make great sacrifices. As a paladin, he said, this was something I would understand.",
edgar,dlg,ReplyList/0/Text,0,-1,Greetings Edgar.,
edgar,dlg,ReplyList/1/Text,0,-1,Do you have any skills I could use?,
edgar,dlg,ReplyList/100/Text,0,-1,Yes.,
edgar,dlg,ReplyList/101/Text,0,-1,"Don't crowd me, but be ready to come to my aid.",
edgar,dlg,ReplyList/102/Text,0,-1,No.,
edgar,dlg,ReplyList/103/Text,0,-1,Yes.,
edgar,dlg,ReplyList/104/Text,0,-1,Get close and stay there.,
edgar,dlg,ReplyList/105/Text,0,-1,No.,
edgar,dlg,ReplyList/106/Text,0,-1,Yes.,
edgar,dlg,ReplyList/107/Text,0,-1,Move to range.,
edgar,dlg,ReplyList/108/Text,0,-1,No.,
edgar,dlg,ReplyList/109/Text,0,-1,Yes.,
edgar,dlg,ReplyList/110/Text,0,-1,"Well, you're definitely better in hand-to-hand, so get in close to our enemies.",
edgar,dlg,ReplyList/111/Text,0,-1,No.,
edgar,dlg,ReplyList/112/Text,0,-1,Yes.,
edgar,dlg,ReplyList/113/Text,0,-1,I want to discuss your training.,
edgar,dlg,ReplyList/115/Text,0,-1,I think we are done for the moment.,
edgar,dlg,ReplyList/116/Text,0,-1,Yes.,
edgar,dlg,ReplyList/117/Text,0,-1,Let's talk.,
edgar,dlg,ReplyList/118/Text,0,90208,Is everything OK?,"""어떻게 지내?"""
edgar,dlg,ReplyList/12/Text,0,-1,I'm done.,
edgar,dlg,ReplyList/124/Text,0,-1,I'll see what I have...,
edgar,dlg,ReplyList/125/Text,0,-1,Tell me a little more about yourself.,
edgar,dlg,ReplyList/128/Text,0,-1,So what happened?,
edgar,dlg,ReplyList/129/Text,0,-1,How so?,
edgar,dlg,ReplyList/13/Text,0,-1,"Thank you for your help, but now it is time we parted company.",
edgar,dlg,ReplyList/131/Text,0,-1,What did you do?,
edgar,dlg,ReplyList/132/Text,0,-1,How did you feel then?,
edgar,dlg,ReplyList/134/Text,0,-1,I'd have stabbed him.,
edgar,dlg,ReplyList/137/Text,0,-1,Is that how you earned the right to do as you please?,
edgar,dlg,ReplyList/138/Text,0,-1,Didn't he reward you?,
edgar,dlg,ReplyList/14/Text,0,-1,"Actually no, stay with me for a while longer.",
edgar,dlg,ReplyList/141/Text,0,-1,So what did you do?,
edgar,dlg,ReplyList/143/Text,0,-1,What did the King do?,
edgar,dlg,ReplyList/145/Text,0,-1,Why didn't you leave?,
edgar,dlg,ReplyList/146/Text,0,-1,But you don't speak with hatred. What changed?,
edgar,dlg,ReplyList/15/Text,0,-1,"Nevertheless, that is my decision.",
edgar,dlg,ReplyList/153/Text,0,-1,"I left for other reasons, actually.",
edgar,dlg,ReplyList/155/Text,0,-1,"I left to seek fortune and adventure, it's true.",
edgar,dlg,ReplyList/158/Text,0,-1,So what happened then?,
edgar,dlg,ReplyList/16/Text,0,-1,Don't you have commitments to the Purple Dragons?,
edgar,dlg,ReplyList/161/Text,0,-1,"It sounds very special, Edgar.",
edgar,dlg,ReplyList/163/Text,0,-1,"Yes, yes, but what actually happened?",
edgar,dlg,ReplyList/165/Text,0,-1,That wasn't fair!,
edgar,dlg,ReplyList/169/Text,0,-1,What did you do?,
edgar,dlg,ReplyList/17/Text,0,-1,I'll consider it. Goodbye for now.,
edgar,dlg,ReplyList/170/Text,0,-1,Didn't you follow Elaine?,
edgar,dlg,ReplyList/177/Text,0,-1,Let's leave the rest of the story for later.,
edgar,dlg,ReplyList/178/Text,0,-1,I'm done for now.,
edgar,dlg,ReplyList/179/Text,0,-1,Tell me more.,
edgar,dlg,ReplyList/180/Text,0,-1,I always thought the palace guard did nothing.,
edgar,dlg,ReplyList/182/Text,0,-1,Sounds like you regretted it later.,
edgar,dlg,ReplyList/183/Text,0,-1,So what happened to you?,
edgar,dlg,ReplyList/186/Text,0,-1,Can you tell me anything about Polter's Fort?,
edgar,dlg,ReplyList/187/Text,0,-1,My thanks.,
edgar,dlg,ReplyList/188/Text,0,-1,We don't have time for this now.,
edgar,dlg,ReplyList/189/Text,0,-1,What is it?,
edgar,dlg,ReplyList/22/Text,0,-1,I want you to use your paladin abilities.,
edgar,dlg,ReplyList/23/Text,0,-1,I need to talk about something else.,
edgar,dlg,ReplyList/24/Text,0,-1,I need you to remove disease.,
edgar,dlg,ReplyList/25/Text,0,-1,I've changed my mind. Let's discuss something else.,
edgar,dlg,ReplyList/26/Text,0,78373,I am.,나한테 시전해줘.
edgar,dlg,ReplyList/275/Text,0,-1,Why would that be useful?,
edgar,dlg,ReplyList/276/Text,0,-1,Can you tell me what they might be for?,
edgar,dlg,ReplyList/28/Text,0,-1,I need you to lay on hands.,
edgar,dlg,ReplyList/29/Text,0,-1,I've changed my mind. Let's discuss something else.,
edgar,dlg,ReplyList/293/Text,0,-1,"Lacinda, you still have to prove yourself.",
edgar,dlg,ReplyList/294/Text,0,-1,"Kathryn, stop being stupid and stick to our quest.",
edgar,dlg,ReplyList/296/Text,0,-1,Must you do this now?,
edgar,dlg,ReplyList/298/Text,0,-1,That is enough. I trust you both. Let's concentrate on the Mythallar.,
edgar,dlg,ReplyList/3/Text,0,-1,Tell me a little about yourself.,
edgar,dlg,ReplyList/30/Text,0,78373,Me.,나한테 시전해줘.
edgar,dlg,ReplyList/308/Text,0,-1,I agree.,
edgar,dlg,ReplyList/309/Text,0,-1,What for?,
edgar,dlg,ReplyList/31/Text,0,78374,Yourself.,자네한테 시전해줘.
edgar,dlg,ReplyList/311/Text,0,-1,You're imagining things.,
edgar,dlg,ReplyList/314/Text,0,-1,What did you see?,
edgar,dlg,ReplyList/33/Text,0,78318,I need you to cast a spell.,주문을 시전해줘.
edgar,dlg,ReplyList/34/Text,0,78319,Let's talk about something else.,아니야.
edgar,dlg,ReplyList/344/Text,0,78631,And I have still need of your help. Travel with me once more.,가자.
edgar,dlg,ReplyList/346/Text,0,78632,And you should remain here until you recover fully. You are yet weak.,여기 있어.
edgar,dlg,ReplyList/348/Text,0,-1,Goodbye for now.,
edgar,dlg,ReplyList/349/Text,0,-1,I think I've cleaned out the enemy.,
edgar,dlg,ReplyList/35/Text,0,-1,Prayer.,
edgar,dlg,ReplyList/351/Text,0,-1,"My brother was with me, but he found something that seems to have driven him mad. I think he meant to kill me, but fled before it overcame him.",
edgar,dlg,ReplyList/352/Text,0,-1,What about you?,
edgar,dlg,ReplyList/353/Text,0,-1,Did he not come this way?,
edgar,dlg,ReplyList/354/Text,0,-1,"I did, but...no longer.",
edgar,dlg,ReplyList/355/Text,0,-1,"My brother picked up something that made him go mad. I think he meant to kill me, but fled before it overcame him.",
edgar,dlg,ReplyList/356/Text,0,-1,I don't want to talk about it.,
edgar,dlg,ReplyList/358/Text,0,-1,"OK, let's go then.",
edgar,dlg,ReplyList/36/Text,0,-1,Holy Sword,
edgar,dlg,ReplyList/360/Text,0,-1,Agreed.,
edgar,dlg,ReplyList/361/Text,0,-1,Why are the hobgoblins attacking the barrows?,
edgar,dlg,ReplyList/362/Text,0,-1,What happened here?,
edgar,dlg,ReplyList/365/Text,0,-1,Do you need healing?,
edgar,dlg,ReplyList/366/Text,0,-1,I don't want to do any more fighting.,
edgar,dlg,ReplyList/367/Text,0,-1,<StartCheck>[Bluff]</Start> I heard the noise so I came to investigate.,
edgar,dlg,ReplyList/369/Text,0,-1,I came to find you.,
edgar,dlg,ReplyList/37/Text,0,78369,Greater Magic Weapon,황소의 근력
edgar,dlg,ReplyList/370/Text,0,-1,I'm going to find and slay the rest of the enemy.,
edgar,dlg,ReplyList/372/Text,0,-1,I am <FullName>,
edgar,dlg,ReplyList/373/Text,0,-1,That's what Sir Hawklin sent me for.,
edgar,dlg,ReplyList/374/Text,0,-1,"I came to find you, not to fight.",
edgar,dlg,ReplyList/376/Text,0,-1,Of course!,
edgar,dlg,ReplyList/377/Text,0,-1,I'm going to find and slay the rest of the enemy.,
edgar,dlg,ReplyList/379/Text,0,-1,Agreed.,
edgar,dlg,ReplyList/38/Text,0,-1,Freedom of Movement.,
edgar,dlg,ReplyList/380/Text,0,-1,What can I expect to find in the barrow?,
edgar,dlg,ReplyList/381/Text,0,-1,Why are the hobgoblins attacking the barrows?,
edgar,dlg,ReplyList/382/Text,0,-1,What happened here?,
edgar,dlg,ReplyList/385/Text,0,-1,Do you need healing?,
edgar,dlg,ReplyList/386/Text,0,-1,I don't want to do any more fighting.,
edgar,dlg,ReplyList/387/Text,0,-1,<StartCheck>[Bluff]</Start> I heard the noise so I came to investigate.,
edgar,dlg,ReplyList/389/Text,0,-1,I came to find you.,
edgar,dlg,ReplyList/39/Text,0,78364,Eagle's Splendor.,독수리의 위엄
edgar,dlg,ReplyList/40/Text,0,-1,Divine Favor,
edgar,dlg,ReplyList/41/Text,0,-1,Dispel Magic.,
edgar,dlg,ReplyList/42/Text,0,-1,Death Ward.,
edgar,dlg,ReplyList/43/Text,0,78369,Deafening Clang,황소의 근력
edgar,dlg,ReplyList/51/Text,0,78369,Bless Weapon,황소의 근력
edgar,dlg,ReplyList/52/Text,0,-1,Bless.,
edgar,dlg,ReplyList/56/Text,0,-1,Aura of Glory.,
edgar,dlg,ReplyList/57/Text,0,-1,Aid.,
edgar,dlg,ReplyList/58/Text,0,78302,With some training you could improve your skills. Let's take a moment to teach you some useful tricks.<StartHighlight>[Level Edgar]</Start>.,레벨업을 해줬으면 해.
edgar,dlg,ReplyList/6/Text,0,-1,Why do you have these special rights you mentioned?,
edgar,dlg,ReplyList/60/Text,0,-1,Dismount from your horse.,
edgar,dlg,ReplyList/61/Text,0,-1,Mount up!,
edgar,dlg,ReplyList/64/Text,0,-1,Let's discuss tactics.,
edgar,dlg,ReplyList/65/Text,0,-1,"Actually, let's leave it at that for now.",
edgar,dlg,ReplyList/66/Text,0,-1,Let's discuss something else.,
edgar,dlg,ReplyList/67/Text,0,-1,Leave the locks on doors and chests and so forth to me. OK?,
edgar,dlg,ReplyList/68/Text,0,-1,No.,
edgar,dlg,ReplyList/69/Text,0,-1,Yes.,
edgar,dlg,ReplyList/7/Text,0,-1,Not just now thanks.,
edgar,dlg,ReplyList/70/Text,0,-1,Give me a hand with locks. Some of them are beyond me.,
edgar,dlg,ReplyList/71/Text,0,-1,No.,
edgar,dlg,ReplyList/72/Text,0,-1,Yes.,
edgar,dlg,ReplyList/73/Text,0,-1,Stop sneaking. I need to know where you are so I don't hit you.,
edgar,dlg,ReplyList/74/Text,0,-1,No.,
edgar,dlg,ReplyList/75/Text,0,-1,Yes.,
edgar,dlg,ReplyList/76/Text,0,-1,Use creeping tactics when we see enemies.,
edgar,dlg,ReplyList/77/Text,0,-1,No.,
edgar,dlg,ReplyList/78/Text,0,-1,Yes.,
edgar,dlg,ReplyList/79/Text,0,-1,Help me look around for things. I think I might be missing stuff.,
edgar,dlg,ReplyList/80/Text,0,-1,No.,
edgar,dlg,ReplyList/81/Text,0,-1,Yes.,
edgar,dlg,ReplyList/82/Text,0,-1,Leave me to do the searching.,
edgar,dlg,ReplyList/83/Text,0,-1,No.,
edgar,dlg,ReplyList/84/Text,0,-1,Yes.,
edgar,dlg,ReplyList/85/Text,0,-1,You need to look after me better.,
edgar,dlg,ReplyList/86/Text,0,-1,Heal me only if I'm seriously wounded.,
edgar,dlg,ReplyList/87/Text,0,-1,Heal me when I'm moderately wounded.,
edgar,dlg,ReplyList/88/Text,0,-1,Heal me even when I'm only slightly wounded.,
edgar,dlg,ReplyList/89/Text,0,-1,No.,
edgar,dlg,ReplyList/9/Text,0,-1,Certainly. Come with me and let's be on the march.,
edgar,dlg,ReplyList/90/Text,0,-1,Yes.,
edgar,dlg,ReplyList/91/Text,0,-1,Attack as soon as you see enemies.,
edgar,dlg,ReplyList/92/Text,0,-1,No.,
edgar,dlg,ReplyList/93/Text,0,-1,Yes.,
edgar,dlg,ReplyList/95/Text,0,-1,No.,
edgar,dlg,ReplyList/96/Text,0,-1,Yes.,
edgar,dlg,ReplyList/97/Text,0,-1,Let's change the distance between us.,
edgar,dlg,ReplyList/98/Text,0,-1,We're too close together. Keep a good distance from me. We'll be safer that way.,
edgar,dlg,ReplyList/99/Text,0,-1,No.,
eleanor,dlg,EntryList/0/Text,0,-1,I think that Latim is probably the most handsome man I've ever seen.,
eleanor,dlg,EntryList/1/Text,0,-1,Did you know that Latim Bey is the son of a Master?,
eleanor,dlg,EntryList/2/Text,0,-1,"Latim is such a fine man, don't you think?",
end,dlg,EntryList/0/Text,0,-1,<StartAction>[You have made your choice of loyalties. You can feel the Wyvern Crown calling to you and a vision of the future before you...]</Start>,
end,dlg,EntryList/1/Text,0,-1,"<StartAction>[...but the vision shows you wearing the Crown, and Caladnei by your side.]</Start>",
end,dlg,EntryList/10/Text,0,-1,"<StartAction>[...and if one Witch Lord has returned, what of the others? What will they do when they see the Crown is recovered? Only time will tell...]</Start>",
end,dlg,EntryList/11/Text,0,-1,"<StartCheck>[You made a large number of choices as you played through The Wyvern Crown. Many of those choices subtly tested your alignment, and affected how those around you in the kingdom of Cormyr perceive you now. In all, there were <CUSTOM1060> alignment points available in this playthrough.]</Start>",
end,dlg,EntryList/12/Text,0,-1,"<StartCheck>[Based on the alignment choice you chose to roleplay, you scored <CUSTOM1055>% of the points available. Could you do better a second time around? Perhaps you would fare better playing another alignment? There are choices for them all...]</Start>",
end,dlg,EntryList/2/Text,0,-1,"<StartAction>[The vision shows you wearing the Crown, the Witch Lord Szass Morg by your side. Surely there is no one that can resist such a mighty combination?]</Start>",
end,dlg,EntryList/3/Text,0,-1,<StartAction>[...but the Wyvern Crown calls you for itself. To be victorious you will need to resist its subtle lures. Will you be able to?]</Start>,
end,dlg,EntryList/4/Text,0,-1,"<StartAction>[...but the vision shows you wearing the Crown, and the Witch Lord by your side. This is not the choice you made. What does it foretell? Does it mean that Szass Morg will give you the Wyvern Crown? Or is the Crown itself taking control?]</Start>",
end,dlg,EntryList/5/Text,0,-1,<StartAction>[The Wyvern Crown calls you for itself. Are you strong enough to resist it?]</Start>,
end,dlg,EntryList/6/Text,0,-1,"<StartAction>[...your vision of the future shows you wearing the Crown, and Caladnei by your side.]</Start>",
end,dlg,EntryList/7/Text,0,-1,"<StartAction>[Does this mean that the future of Cormyr lies in your hands? Will you be a champion for your country, a weapon for the rightful Royal family, or is it time for you to take control yourself? You can feel the power of the Wyvern Crown itself calling to you. Will the choice even be yours to make?]</Start>",
end,dlg,EntryList/8/Text,0,-1,"<StartAction>[...but the vision shows you wearing the Crown, and Caladnei by your side, when your mission was to return the Wyvern Crown to the Royal Family of Cormyr.]</Start>",
end,dlg,EntryList/9/Text,0,-1,"<StartAction>[Does this mean you will fail to give the Crown to Caladnei, or that Cormyr will give you the Crown? You can feel the Wyvern Crown calling to you for itself. Are you strong enough to resist it?]</Start>",
farms,dlg,EntryList/0/Text,0,-1,"Everyone's dead! They've murdered everyone! My father, mother, Jonas' wife, your father... ",
farms,dlg,EntryList/1/Text,0,-1,"Oh <Deity> help us! My Lena is dead, <FirstName>! Oh... ",
farms,dlg,EntryList/10/Text,0,-1,"<FirstName> and I shall do it Jonas, for it has to be done... but what then? What do we do afterwards?",
farms,dlg,EntryList/11/Text,0,-1,So do I <FirstName>. I want to find out who did this to us... but how?,
farms,dlg,EntryList/12/Text,0,-1,We have no money and we have no homes. I... I don't know.,
farms,dlg,EntryList/13/Text,0,-1,We should head for Thunderstone. Father was Sir Hawklin's squire. Maybe Sir Hawklin can help us? Surely he will want to hunt these raiders down?,
farms,dlg,EntryList/14/Text,0,-1,"It's a good idea. Sir Hawklin is supposed to be looking for fighting men at the moment. I heard he was arranging a tournament to recruit them. We should tell Sir Hawklin what happened so he can warn people, and quickly, otherwise this... this could happen to others.",
farms,dlg,EntryList/15/Text,0,-1,"Sir Hawklin could take us on as squires, like he did our father. Then we'd be able to go after the raiders. We must avenge Lena, and our families... This could be our only chance. Alone, we'll never find where they came from... ",
farms,dlg,EntryList/16/Text,0,-1,This was my home for such a short time and yet I really thought we would start a new life here... ,
farms,dlg,EntryList/17/Text,0,-1,We must make sure this doesn't happen to anyone else by warning everyone.,
farms,dlg,EntryList/18/Text,0,-1,"You can do that if you want, Godfroy. Me, I want to find out who's responsible and make them pay. Sir Hawklin is our best chance for that. The quicker we reach him the better, then these foul creatures will pay for our families!",
farms,dlg,EntryList/19/Text,0,-1,"We'll have to travel along the river, <FirstName>. We should head south to the village of Morfen first. Perhaps there is some help we can get there?",
farms,dlg,EntryList/2/Text,0,-1,"We moved here for peace, and now... ",
farms,dlg,EntryList/20/Text,0,-1,What with? The raiders have taken almost everything.,
farms,dlg,EntryList/21/Text,0,-1,"But what about Lena's body, and our father's?",
farms,dlg,EntryList/22/Text,0,-1,"There's nothing to be done for the dead now, Jonas. We have to think about how to save others from the same fate.",
farms,dlg,EntryList/23/Text,0,-1,"The bodies are cold, <FirstName>, the raiders long gone.",
farms,dlg,EntryList/24/Text,0,-1,We mustn't let them get away! If we leave now... ,
farms,dlg,EntryList/25/Text,0,-1,"I'm sorry Jonas, but chasing the raiders won't help. We'll just get lost in the forest, or killed as well.",
farms,dlg,EntryList/3/Text,0,-1,We must go after these animals and kill them all!,
farms,dlg,EntryList/4/Text,0,-1,I... I can't think. My Lena... ,
farms,dlg,EntryList/5/Text,0,-1,"What are we going to do, <FirstName>? The farms are destroyed, the bodies stripped. We can't even bury our dead!",
farms,dlg,EntryList/6/Text,0,-1,"I agree, though it seems somehow wrong to scavenge through the wreckage of our own homes... ",
farms,dlg,EntryList/7/Text,0,-1,"Oh Lathander give us strength, for we must do it.",
farms,dlg,EntryList/8/Text,0,-1,"<FirstName>, I can't bear to. Our father... he has no head... I just can't... ",
farms,dlg,EntryList/9/Text,0,-1,You leave it Jonas. <FirstName> and I shall do it.,
farms,dlg,ReplyList/10/Text,0,-1,I want revenge.,
farms,dlg,ReplyList/12/Text,0,-1,What do you think we should do?,
farms,dlg,ReplyList/16/Text,0,-1,Then let's get started.,
farms,dlg,ReplyList/20/Text,0,-1,How do we get to Thunderstone?,
farms,dlg,ReplyList/21/Text,0,-1,We should bury the dead before we do anything.,
farms,dlg,ReplyList/24/Text,0,-1,"Yes, we must go after the raiders.",
farms,dlg,ReplyList/3/Text,0,-1,We must stop a moment and think what to do.,
farms,dlg,ReplyList/5/Text,0,-1,It's not safe here. We should get out of here.,
farms,dlg,ReplyList/6/Text,0,-1,We should see what is left here.,
ffcommoner,dlg,EntryList/0/Text,0,-1,What is it?,
ffcommoner,dlg,EntryList/1/Text,0,-1,"As I said, I'm not really interested in gossiping.",
ffcommoner,dlg,EntryList/10/Text,0,-1,<StartAction>[You may add this to your journal in the completed section if you wish.]</Start>,
ffcommoner,dlg,EntryList/100/Text,0,-1,I thought that was just a Folk Tale? Wasn't that the place with the ghost in it that undid the building work every night? Good story that one...,
ffcommoner,dlg,EntryList/101/Text,0,-1,Polter's Fort...Polter's Fort...Why does that name sound familiar?,
ffcommoner,dlg,EntryList/102/Text,0,-1,"Yes, I remember, was years ago now...A group of adventurer's were asking about the place. If I remember rightly they were heading there in search of old elven tombs rumored to be under the foundations of the fort. Don't remember if they ever found anything...or even came back for that matter.",
ffcommoner,dlg,EntryList/103/Text,0,-1,Hope that's useful to you...Was there anything else?,
ffcommoner,dlg,EntryList/104/Text,0,-1,Of course. What are you looking for?,
ffcommoner,dlg,EntryList/105/Text,0,-1,At the south and west corner of town. The gravedigger's place is there too if you need something.,
ffcommoner,dlg,EntryList/106/Text,0,-1,Are you after goods or livestock?,
ffcommoner,dlg,EntryList/107/Text,0,-1,For horses the only place to go is Wangle's Livery on the east side of the square behind the Furniture's Fate.,
ffcommoner,dlg,EntryList/108/Text,0,-1,"Well there's really three places to head for then. There's a smith in Wangle's Livery, though she has little stock. Or you could try Magurk's place. That's probably the most reasonably priced. The Six Coffers Trading Coster have by far the most stock, though they're a little pricey. You can find all three on the north and east side of the main square.",
ffcommoner,dlg,EntryList/109/Text,0,-1,"One-armed Magurk's is the place for the best prices and also where most Adventurers go. He's low on stock since the war, but still the best place in town. You'll find his place just north of the square next to the livery.",
ffcommoner,dlg,EntryList/11/Text,0,-1,Anything more you want?,
ffcommoner,dlg,EntryList/110/Text,0,-1,I recommend you head up to the Six Coffers Trading Coster. They have everything. It's on the dockside to the north of the main square.,
ffcommoner,dlg,EntryList/111/Text,0,-1,When the tournament runs you can get access to the grounds by just heading over to the east side of town.,
ffcommoner,dlg,EntryList/112/Text,0,-1,"Sir Hawklin's castle is at the south end of Thunderstone. You can't miss it, it's a big stone structure.",
ffcommoner,dlg,EntryList/113/Text,0,-1,It's at the south end of town.,
ffcommoner,dlg,EntryList/114/Text,0,-1,The Shrine of Tempus caters for all. Head to the main square and it's on the south side.,
ffcommoner,dlg,EntryList/115/Text,0,-1,"Forget the nearest. The best inn is the Furniture's Fate on the east side of the square. The Sign of Thunder, which is nearest to the bridge, isn't half as nice, and of course the Bear's Den is closed now.",
ffcommoner,dlg,EntryList/116/Text,0,-1,"I recommend the Sign of Thunder. It's the one nearest to the bridge. There's the Furniture's Fate of course, which also welcomes travelers, but it really gets too noisy in there. If that's more your sort, it's on the east side of the square.",
ffcommoner,dlg,EntryList/117/Text,0,-1,"Well there's two inns in Thunderstone where you'd be welcome; the Bear's Den is closed now, and the Dragon's Den only welcomes soldiers. The Sign of Thunder is close to the bridge, just a little southeast. The Furniture's Fate is on the east side of the main square. Both are lively places.",
ffcommoner,dlg,EntryList/118/Text,0,-1,"Everyone has heard of <CUSTOM1021> <FirstName> <CUSTOM1053>. If you need something, just tell me...",
ffcommoner,dlg,EntryList/119/Text,0,-1,"They call you <CUSTOM1021> <FirstName> <CUSTOM1053>, don't they?",
ffcommoner,dlg,EntryList/12/Text,0,-1,"I am watching Arianne with interest. If a FitzCormaeril is gaining acceptance, then maybe a Cormaeril can too.",
ffcommoner,dlg,EntryList/120/Text,0,-1,"Oh, sweet Lathander! You smell bad! Are you diseased? Why don't you try the Shrine of Tempus if you need something for that?",
ffcommoner,dlg,EntryList/121/Text,0,-1,You look a bit lost!,
ffcommoner,dlg,EntryList/122/Text,0,-1,Well it's an awfully busy time for me you know?,
ffcommoner,dlg,EntryList/123/Text,0,-1,Yes?,
ffcommoner,dlg,EntryList/124/Text,0,-1,"Oh! By Chauntea, what is that smell! Are you carrying around a dead body or something? Get away from me!",
ffcommoner,dlg,EntryList/125/Text,0,-1,I do enjoy watching a good game of darts.,
ffcommoner,dlg,EntryList/13/Text,0,-1,"Did you know that Magnus, the priest of Tempus, has six toes on his left foot?",
ffcommoner,dlg,EntryList/14/Text,0,-1,"Oh, er, perhaps not what you were really after?",
ffcommoner,dlg,EntryList/15/Text,0,-1,Oh really! Why would we want to hear such a thing?,
ffcommoner,dlg,EntryList/16/Text,0,-1,Now that is high quality gossip for you <FirstName>! Perhaps we should help the poor fellow out!,
ffcommoner,dlg,EntryList/17/Text,0,-1,"I reckon Oversword Laheralson must have had an affair with Princess Alusair before she became regent, otherwise there's no way she would put up with his inaction over these raids!",
ffcommoner,dlg,EntryList/18/Text,0,-1,Well I just think it's amazing what people can get away with these days.,
ffcommoner,dlg,EntryList/19/Text,0,-1,I'd be careful where you voice that opinion about the Princess Regent.,
ffcommoner,dlg,EntryList/2/Text,0,-1,I told you I am not going to impart such information to strangers. I haven't changed my mind.,
ffcommoner,dlg,EntryList/20/Text,0,-1,"Well, I have a right to my opinion, don't I?",
ffcommoner,dlg,EntryList/21/Text,0,-1,"You do, but there's some who might think ill of such views.",
ffcommoner,dlg,EntryList/22/Text,0,-1,"The rumor's not a new one though, it has to be said.",
ffcommoner,dlg,EntryList/23/Text,0,-1,"There was a murder last week. Some unfortunate knight new in to Thunderstone who was lured into the forest and slain. Thiodor Hurim, the Crown's agent, thinks that he was lured out by a woman claiming she had been attacked, and was then set upon.",
ffcommoner,dlg,EntryList/24/Text,0,-1,"My cousin told me that she saw the merchant Imelda leaving Thunderstone alone one evening. In times like these, who'd want to do a thing like that?",
ffcommoner,dlg,EntryList/25/Text,0,-1,"Last time Valetto's ship was in Thunderstone, it looked like it had ivory on board. He's supposed to be a lumber merchant. Maybe he's secretly carrying a load for the merchant Imelda? Odd really. Those two always pretend to hate each other.",
ffcommoner,dlg,EntryList/26/Text,0,-1,There's a lot of movement along the Sembian border at the moment. Could be they're preparing for an invasion. That would explain why the Purple Dragons spend more time in their barracks than chasing raiders. I'm glad they're taking the rumor seriously!,
ffcommoner,dlg,EntryList/27/Text,0,-1,"I heard that if you want access to stuff and you don't care about who rightfully owns it, then Alice Broadhand is the one for you. She often hangs out in the Six Coffers Trading Coster.",
ffcommoner,dlg,EntryList/28/Text,0,-1,They say the new smith is excellent and she used to forge magic weapons. Of course nowadays with such a shortage of regular arms she rarely gets the chance.,
ffcommoner,dlg,EntryList/29/Text,0,-1,I am sure she would welcome the opportunity to work on magic again.,
ffcommoner,dlg,EntryList/3/Text,0,-1,"I don't really go in for gossip so much, but...",
ffcommoner,dlg,EntryList/30/Text,0,-1,It is true that she is a very good smith.,
ffcommoner,dlg,EntryList/31/Text,0,-1,"Sir Gilbert Hawklin has a lovely daughter, but he doesn't let her out much. Maybe she's got some sort of disease?",
ffcommoner,dlg,EntryList/32/Text,0,-1,It seems a shame to keep her locked up.,
ffcommoner,dlg,EntryList/33/Text,0,-1,"Well she's standing right in front of you, so that rumor is proved false!",
ffcommoner,dlg,EntryList/34/Text,0,-1,"Oh! I do beg your pardon my lady. It's just idle gossip, nothing more.",
ffcommoner,dlg,EntryList/35/Text,0,-1,Well there's a lot of fear in Thunderstone at the moment. Something is stalking the streets at night. My cousin said they'd seen an enormous bear!,
ffcommoner,dlg,EntryList/36/Text,0,-1,Bad times when Thunderstone is no longer safe...,
ffcommoner,dlg,EntryList/37/Text,0,-1,Oh really! How silly!,
ffcommoner,dlg,EntryList/38/Text,0,-1,"Well, that's what he said, and he's not one for lies.",
ffcommoner,dlg,EntryList/39/Text,0,-1,There were rumors going about in town that a War Wizard bought a unicorn horn. That means someone has been hunting the Forest Fold in Hullack Forest. ,
ffcommoner,dlg,EntryList/4/Text,0,-1,BROKEN DIALOGUE,
ffcommoner,dlg,EntryList/40/Text,0,-1,It's sure to bring more trouble. We have enough raids out of Hullack without angering the Forest Folk.,
ffcommoner,dlg,EntryList/41/Text,0,-1,That's a strange rumor. I think I remember someone saying something similar recently too.,
ffcommoner,dlg,EntryList/42/Text,0,-1,"This is a very old rumor that has persisted for a long time, but they say there is a castle out on Lake Wyvernwater that rises and falls beneath the waves, and that it can only be found when there is mist on the lake. I don't give it much credence, but you asked for rumors.",
ffcommoner,dlg,EntryList/43/Text,0,-1,I can't help wondering how Valetto is the only merchant whose ships have not once been pirated.,
ffcommoner,dlg,EntryList/44/Text,0,-1,"I can't really understand how, with all this piracy on Lake Wyvernwater, no one has once caught any of the pirates.",
ffcommoner,dlg,EntryList/45/Text,0,-1,There must be some kind of devilry afoot. There's no other explanation.,
ffcommoner,dlg,EntryList/46/Text,0,-1,I hope you are not insinuating that the navy are not trying? My cousin Ayesunder is the admiral.,
ffcommoner,dlg,EntryList/47/Text,0,-1,"Oh, my apologies! Of course not. There must be some kind of devilry afoot. There's no other explanation.",
ffcommoner,dlg,EntryList/48/Text,0,-1,Well the latest gossip is all about Sir Gilbert Hawklin. They say he is bankrupt and may have to sell his castle in Thunderstone.,
ffcommoner,dlg,EntryList/49/Text,0,-1,I think that would be a shame after he contributed so much money for the new town walls.,
ffcommoner,dlg,EntryList/5/Text,0,-1,EVER WANT TO ADD ANY _ DO SO HERE.,
ffcommoner,dlg,EntryList/50/Text,0,-1,Well you shouldn't listen to such rubbish. My father's finances are fine. He paid for most of the town walls didn't he? So please stop that gossip!,
ffcommoner,dlg,EntryList/51/Text,0,-1,"Oh! I do beg your pardon my lady. It's just idle gossip, nothing more.",
ffcommoner,dlg,EntryList/52/Text,0,-1,We're all discussing the jousting of course...,
ffcommoner,dlg,EntryList/53/Text,0,-1,Sir Gilbert's nephew Sir Blakeney Hawklin is entering the next joust. He's quite fancied as he has a steady arm and a good strike on the center of the shield.,
ffcommoner,dlg,EntryList/54/Text,0,-1,"A knight who leans to the right would probably break his lance, conceding the point. Sir Gilbert's popular and any Hawklin does well with the crowd, so they'll enjoy his victories.",
ffcommoner,dlg,EntryList/55/Text,0,-1,Inuman Insar the gnome will be riding in his first joust. He's quite fancied as he has a steady arm and a good strike on the center of the shield.,
ffcommoner,dlg,EntryList/56/Text,0,-1,"A knight who leans to the right would probably break his lance, and lose the point. Inuman's popular and if he does well will please the crowd.",
ffcommoner,dlg,EntryList/57/Text,0,-1,<CUSTOM1065> is meant to be riding in the next joust. She's almost an unknown as she rarely enters the lists. A friend of mine works on her staff and she says <CUSTOM1065> is formidable.,
ffcommoner,dlg,EntryList/58/Text,0,-1,I've heard that her favored strike is high and wide. Her opponents don't think she has the strength so they always duck behind their lances for extra force and end up being unhorsed.,
ffcommoner,dlg,EntryList/59/Text,0,-1,Would be nice to see a lady win the next tournament I think.,
ffcommoner,dlg,EntryList/6/Text,0,-1,"There's a rumor about <CUSTOM1068> going around. He's meant to be entering the next joust, and one of his opponents is whispering around that the way to beat him is to avoid lowering the shield and breaking his lance.",
ffcommoner,dlg,EntryList/60/Text,0,-1,"I agree. If only it could be me...but, I've chosen another route for now.",
ffcommoner,dlg,EntryList/61/Text,0,-1,"That's good information if she rides here, for I saw her do the same thing in a tourney in Arabel before the war.",
ffcommoner,dlg,EntryList/62/Text,0,-1,We're all very excited since it's rumored that <CUSTOM1064> will ride in the next joust!,
ffcommoner,dlg,EntryList/63/Text,0,-1,"He is a famous jouster. It will be very exciting to watch him, though my cousin said he always aims for the helm. Any knight could beat him if they just ducked their helm down!",
ffcommoner,dlg,EntryList/64/Text,0,-1,I'd very much like to see <CUSTOM1064> ride. He has a reputation as a doughty fighter on foot too.,
ffcommoner,dlg,EntryList/65/Text,0,-1,"The main talk is about the next tournament. I reckon <CUSTOM1063> has a good chance, don't you? His main weakness is that he always aims low to the left.",
ffcommoner,dlg,EntryList/66/Text,0,-1,"He does it too often, but I guess enough opponents lean right for him to win through. Easy points for lance breaks seem to be his speciality.",
ffcommoner,dlg,EntryList/67/Text,0,-1,It's true. I saw him ride in Marsember once and he did  the same thing there.,
ffcommoner,dlg,EntryList/68/Text,0,-1,<CUSTOM1062> is quite fancied in the jousting in the next tournament but he always aims low. I believe one of the other knights will beat him easily as long as they don't lower their shield.,
ffcommoner,dlg,EntryList/69/Text,0,-1,"I've watched a lot of jousts, and you can easily concede a point that way; they get a clean strike and break their lance.",
ffcommoner,dlg,EntryList/7/Text,0,-1,I've no idea if it's true though.,
ffcommoner,dlg,EntryList/70/Text,0,-1,"Everyone is talking about young <CUSTOM1061> and that he'll win the next joust, but my cousin said that he almost always goes for the helm.",
ffcommoner,dlg,EntryList/71/Text,0,-1,His opponent almost always raises their shield in reflex and...bang! They're on the ground!,
ffcommoner,dlg,EntryList/72/Text,0,-1,<StartAction>[You may add this to your journal in the completed section if you wish.]</Start>,
ffcommoner,dlg,EntryList/73/Text,0,-1,Anything more you want?,
ffcommoner,dlg,EntryList/74/Text,0,-1,"Cousin Azar? By Torm, that's absolutely right, he does too!",
ffcommoner,dlg,EntryList/75/Text,0,-1,His opponent almost always raises their shield in reflex and...bang! They're on the ground!,
ffcommoner,dlg,EntryList/76/Text,0,-1,"Why, of course!",
ffcommoner,dlg,EntryList/77/Text,0,-1,Let me see...,
ffcommoner,dlg,EntryList/78/Text,0,-1,It seems that adventurers have nothing better to do than to pass idle gossip. The rest of us however have lives to lead.,
ffcommoner,dlg,EntryList/79/Text,0,-1,I am sorry. I can't think of anything for you <CUSTOM1021><LastName> <CUSTOM1053>. I just don't find gossip interesting.,
ffcommoner,dlg,EntryList/8/Text,0,-1,"That's not a very sporting thing to do. There's a difference between gathering information on your opponents, and deliberately sabotaging them.",
ffcommoner,dlg,EntryList/80/Text,0,-1,Is this really the time and place?,
ffcommoner,dlg,EntryList/81/Text,0,-1,I'm too busy for idle chatter.,
ffcommoner,dlg,EntryList/82/Text,0,-1,Not really.,
ffcommoner,dlg,EntryList/83/Text,0,-1,It takes a little more than a chance meeting for me to start gossiping.,
ffcommoner,dlg,EntryList/84/Text,0,-1,"Nothing that I can think of, and anyway I'm too busy for such nonsense.",
ffcommoner,dlg,EntryList/85/Text,0,-1,I doubt it.,
ffcommoner,dlg,EntryList/86/Text,0,-1,Do I look that desperate! Go and bother someone else rather than insulting me with your offers!,
ffcommoner,dlg,EntryList/87/Text,0,-1,You have a deal! Thanks. Now let me think....,
ffcommoner,dlg,EntryList/88/Text,0,-1,"Well there's no need to be like that. If it's so important, let me think...",
ffcommoner,dlg,EntryList/89/Text,0,-1,"I can't very well refuse you if you put it like that, can I? Let me see...",
ffcommoner,dlg,EntryList/9/Text,0,-1,"There's quite a lot of talk about Lady Arianne FitzCormaeril entering the joust. It's caused quite a stir, not just because she's related to the disgraced Cormaeril's but also she's quite a jouster. The lance is a bit heavy for her though and she often strikes at the base of the shield. Giogi Wyvernspur defeated her in a joust recently by leaning to one side or the other.",
ffcommoner,dlg,EntryList/90/Text,0,-1,Such simple tactics do not work on me. I shall not be gossiping with strangers. Good day to you.,
ffcommoner,dlg,EntryList/91/Text,0,-1,"Oh really! Come on now, I have better things to do.",
ffcommoner,dlg,EntryList/92/Text,0,-1,No. I'm not going to gossip whatever you say.,
ffcommoner,dlg,EntryList/93/Text,0,-1,"I can see you are seriously in need of gossip! Very well, I'll tell you what I know, but keep your news, I shan't have others accuse me of rumor-mongering. Let me see...",
ffcommoner,dlg,EntryList/94/Text,0,-1,"You have to make your own money these days. Many would choose adventuring, if only the price would come down for the Charter. You'll have to find work for yourself.",
ffcommoner,dlg,EntryList/95/Text,0,-1,"There's not many jobs now, truth be told. Since the war, many an ex-soldier needs work.",
ffcommoner,dlg,EntryList/96/Text,0,-1,"Well, I don't know about jobs, but you could try a wager on the darts. If you're any good you might win a bit there.",
ffcommoner,dlg,EntryList/97/Text,0,-1,"There's no easy way to make money in Thunderstone nowadays. Maybe your best hope is the next tournament? If you're prepared to fight, there's a General Melee with cash prizes up for grabs. Last man standing, that sort of thing.",
ffcommoner,dlg,EntryList/98/Text,0,-1,Polter's Fort? Not I. Never heard of it!,
ffcommoner,dlg,EntryList/99/Text,0,-1,"I believe Magnus, the priest in the Shrine of Tempus is the man for history. Perhaps he can help you?",
ffcommoner,dlg,ReplyList/0/Text,0,-1,I am done.,
ffcommoner,dlg,ReplyList/1/Text,0,-1,"I asked you about rumors and points of interest before. Remind me, what did you say?",
ffcommoner,dlg,ReplyList/10/Text,0,-1,<StartAction>[No]</Start>,
ffcommoner,dlg,ReplyList/100/Text,0,-1,My thanks to you.,
ffcommoner,dlg,ReplyList/101/Text,0,-1,Goods,
ffcommoner,dlg,ReplyList/102/Text,0,-1,My thanks to you.,
ffcommoner,dlg,ReplyList/103/Text,0,-1,My thanks to you.,
ffcommoner,dlg,ReplyList/104/Text,0,-1,My thanks to you.,
ffcommoner,dlg,ReplyList/105/Text,0,-1,Where is the tournament ground?,
ffcommoner,dlg,ReplyList/106/Text,0,-1,My thanks to you.,
ffcommoner,dlg,ReplyList/107/Text,0,-1,I need to know the way to Sir Hawklin's castle.,
ffcommoner,dlg,ReplyList/108/Text,0,-1,My thanks to you.,
ffcommoner,dlg,ReplyList/109/Text,0,-1,My thanks to you.,
ffcommoner,dlg,ReplyList/11/Text,0,-1,<StartAction>[Yes]</Start>,
ffcommoner,dlg,ReplyList/110/Text,0,-1,I need the nearest place of healing.,
ffcommoner,dlg,ReplyList/111/Text,0,-1,My thanks to you.,
ffcommoner,dlg,ReplyList/112/Text,0,-1,I need the nearest inn.,
ffcommoner,dlg,ReplyList/113/Text,0,-1,My thanks to you.,
ffcommoner,dlg,ReplyList/114/Text,0,-1,My thanks to you.,
ffcommoner,dlg,ReplyList/115/Text,0,-1,My thanks to you.,
ffcommoner,dlg,ReplyList/116/Text,0,-1,Thanks. Can I ask something else?,
ffcommoner,dlg,ReplyList/12/Text,0,-1,My thanks.,
ffcommoner,dlg,ReplyList/15/Text,0,-1,"Not really, but thanks anyway!",
ffcommoner,dlg,ReplyList/19/Text,0,-1,My thanks.,
ffcommoner,dlg,ReplyList/2/Text,0,-1,I shall leave you to your business.,
ffcommoner,dlg,ReplyList/24/Text,0,-1,My thanks.,
ffcommoner,dlg,ReplyList/25/Text,0,-1,My thanks.,
ffcommoner,dlg,ReplyList/26/Text,0,-1,My thanks.,
ffcommoner,dlg,ReplyList/27/Text,0,-1,My thanks.,
ffcommoner,dlg,ReplyList/28/Text,0,-1,My thanks.,
ffcommoner,dlg,ReplyList/3/Text,0,-1,I shall leave you to your business.,
ffcommoner,dlg,ReplyList/30/Text,0,-1,My thanks.,
ffcommoner,dlg,ReplyList/33/Text,0,-1,My thanks.,
ffcommoner,dlg,ReplyList/35/Text,0,-1,My thanks.,
ffcommoner,dlg,ReplyList/37/Text,0,-1,My thanks.,
ffcommoner,dlg,ReplyList/39/Text,0,-1,My thanks.,
ffcommoner,dlg,ReplyList/4/Text,0,-1,"I am looking for rumors, points of interest, that sort of thing. Do you know any?",
ffcommoner,dlg,ReplyList/41/Text,0,-1,My thanks.,
ffcommoner,dlg,ReplyList/43/Text,0,-1,My thanks.,
ffcommoner,dlg,ReplyList/44/Text,0,-1,My thanks.,
ffcommoner,dlg,ReplyList/46/Text,0,-1,My thanks.,
ffcommoner,dlg,ReplyList/48/Text,0,-1,My thanks.,
ffcommoner,dlg,ReplyList/50/Text,0,-1,My thanks.,
ffcommoner,dlg,ReplyList/52/Text,0,-1,My thanks.,
ffcommoner,dlg,ReplyList/6/Text,0,-1,My thanks.,
ffcommoner,dlg,ReplyList/68/Text,0,-1,<StartAction>[No]</Start>,
ffcommoner,dlg,ReplyList/69/Text,0,-1,<StartAction>[Yes]</Start>,
ffcommoner,dlg,ReplyList/70/Text,0,-1,My thanks.,
ffcommoner,dlg,ReplyList/72/Text,0,-1,I shall leave you to your business.,
ffcommoner,dlg,ReplyList/73/Text,0,-1,I shall leave you to your business.,
ffcommoner,dlg,ReplyList/74/Text,0,-1,I shall leave you to your business.,
ffcommoner,dlg,ReplyList/75/Text,0,-1,I have another question.,
ffcommoner,dlg,ReplyList/76/Text,0,-1,Perhaps there is some way I can change your mind?,
ffcommoner,dlg,ReplyList/77/Text,0,-1,Never mind then.,
ffcommoner,dlg,ReplyList/78/Text,0,-1,How about a gold piece for a rumor?,
ffcommoner,dlg,ReplyList/79/Text,0,-1,I shall leave you to your business.,
ffcommoner,dlg,ReplyList/80/Text,0,-1,<StartCheck>[Intimidate]</Start> I don't like your attitude. Start talking or...,
ffcommoner,dlg,ReplyList/81/Text,0,-1,<StartCheck>[Persuade]</Start> I am a little down on my luck. Perhaps I can turn the news to good use?,
ffcommoner,dlg,ReplyList/82/Text,0,-1,"<StartCheck>[Bluff]</Start> Well, I'll tell you a piece of hot news in exchange.",
ffcommoner,dlg,ReplyList/83/Text,0,-1,Goodbye.,
ffcommoner,dlg,ReplyList/84/Text,0,-1,Never mind then.,
ffcommoner,dlg,ReplyList/85/Text,0,-1,Never mind then.,
ffcommoner,dlg,ReplyList/86/Text,0,-1,Where can I get a job in this town?,
ffcommoner,dlg,ReplyList/87/Text,0,-1,Can you tell me anything about Polter's Fort?,
ffcommoner,dlg,ReplyList/88/Text,0,-1,My thanks to you.,
ffcommoner,dlg,ReplyList/89/Text,0,-1,My thanks to you.,
ffcommoner,dlg,ReplyList/90/Text,0,-1,My thanks to you.,
ffcommoner,dlg,ReplyList/93/Text,0,-1,"No, I'm done thanks.",
ffcommoner,dlg,ReplyList/94/Text,0,-1,Yes,
ffcommoner,dlg,ReplyList/95/Text,0,-1,Can you help me with directions?,
ffcommoner,dlg,ReplyList/96/Text,0,-1,Where is the cemetery?,
ffcommoner,dlg,ReplyList/97/Text,0,-1,My thanks to you.,
ffcommoner,dlg,ReplyList/98/Text,0,-1,Where can I find merchants to trade with?,
ffcommoner,dlg,ReplyList/99/Text,0,-1,Livestock if that includes horses.,
fisherman,dlg,EntryList/0/Text,0,-1,"What can I do for you, <lad/lass>?",
fisherman,dlg,EntryList/1/Text,0,-1,"Well I'd rather listen than tell 'em and that's the truth, though there's many a landlubber'll tell you otherwise...",
fisherman,dlg,EntryList/10/Text,0,-1,"It still comes down here from time to time though <lad/lass>. You'd like to see it in the moonlight I reckon, it's hide all aglowing like it does.",
fisherman,dlg,EntryList/11/Text,0,-1,"You're pulling my leg aren't you? Hultail Spirits? Hold on a sec, I'll not take that off you without giving you something in return...let me see.",
fisherman,dlg,EntryList/12/Text,0,-1,"Here we go. This stone I reckon has a bit of magic in it, though I for one don't know how to use it. Take this, and we'll enjoy the spirits!",
fisherman,dlg,EntryList/13/Text,0,-1,Hmmm. Smells of whiskey. Very fine.,
fisherman,dlg,EntryList/14/Text,0,-1,"Aye, you're a fine <lad/lass>, make no mistake. Let's have a drink then.",
fisherman,dlg,EntryList/15/Text,0,-1,"Wine? Well wine is a bit of a poncy, posh drink I reckon, but I'll not say no to you!",
fisherman,dlg,EntryList/16/Text,0,-1,Aaah! That's better!,
fisherman,dlg,EntryList/17/Text,0,-1,I'm one of them. You can talk for ages in my experience.,
fisherman,dlg,EntryList/18/Text,0,-1,"Aye, we didn't finish that tale did we?",
fisherman,dlg,EntryList/19/Text,0,-1,"Aye, I do, but that depends if you're here to make fun, enjoy a yarn, or listen carefully.",
fisherman,dlg,EntryList/2/Text,0,-1,"But since you're askin' it so happens I do have many strange tales, and most have more truth than fiction in 'em, though there's few that believe me these days. I've tales of pirates, magic castles, mystical beasts...",
fisherman,dlg,EntryList/20/Text,0,-1,"Now why is that, when no one else takes me seriously?",
fisherman,dlg,EntryList/21/Text,0,-1,"Well that's a fine attitude, though I reckon it could get you in trouble one day. It's good enough for me though...so, the magic castle...",
fisherman,dlg,EntryList/22/Text,0,-1,"If you're a'hunting pirates <lad/lass>, you'll not be wanting to tell everyone you meet. You'll not be a hunter long, that's for sure.",
fisherman,dlg,EntryList/23/Text,0,-1,"No threat <lad/lass>, just a friendly warning. You still want to hear my tale?",
fisherman,dlg,EntryList/24/Text,0,-1,Suit yourself then.,
fisherman,dlg,EntryList/25/Text,0,-1,A quest eh? I can see there's a story there too! Is it one worthy of my tale?,
fisherman,dlg,EntryList/26/Text,0,-1,"Argh, now that's my best tale that is. Been tellin' it for years and I reckon not a single person's believed me. More fool them <lad/lass>, and that's the truth, 'cos it's sitting right here under their noses: a great big castle.",
fisherman,dlg,EntryList/27/Text,0,-1,"It only comes up out of the lake when there's a thick mist. Don't ask me how, that's magic of course. There's a dragon who's lived there for years, and more recently the pirates use it too. I've offered to show some of the folks up at Thunderstone how to find it, but there's none that's interested.",
fisherman,dlg,EntryList/28/Text,0,-1,"Sometimes they take their ship out on the lake, but more often than not, the pirates and their ship are inside the castle when it sinks. Guess it must have air inside it.",
fisherman,dlg,EntryList/29/Text,0,-1,"There is a route there you can take from the mainland, and as luck would have it you're very close to it. Work your way north along the cliff edge and you'll eventually come to a pathway leading down into the bay. Now it might look like there's no way to go from there, but there is <lad/lass>.",
fisherman,dlg,EntryList/3/Text,0,-1,"Say, it's a long time since I've done this. It's fun is it not? Let's open a bottle to help the time pass, <CUSTOM1052>. Do you have anything with you?",
fisherman,dlg,EntryList/30/Text,0,-1,"Follow the sand bars west into the lake, and when the mist's on the water, they'll lead you right to an island, an island you'll never see when the mist is gone!",
fisherman,dlg,EntryList/31/Text,0,-1,"Not I. It's dangerous. I'd not want to make an enemy of the pirates or the dragon, and besides, there's wyverns that watch the sandbars. Likely they'd have a go at any Jack Tar trying to make the crossing alone.",
fisherman,dlg,EntryList/32/Text,0,-1,"For you maybe, my <lad/lass>, but that's not what I'm about. Go somewhere else if you're here to mock. This is my home.",
fisherman,dlg,EntryList/33/Text,0,-1,I'm not so much in the mood for telling tales now.,
fisherman,dlg,EntryList/34/Text,0,-1,<StartAction>[Success]</Start> True enough. True enough.,
fisherman,dlg,EntryList/35/Text,0,-1,"This place is full of them <CUSTOM1052>. You know I once went up to Thunderstone to report it? Could have lost my head for that, but no one in town cared a jot, so mostly I sell my fish to the pirates nowadays. Stupid landlubbers. Maybe I should've been a pirate, not a fisherman.",
fisherman,dlg,EntryList/36/Text,0,-1,"Why, in the magic castle of course.",
fisherman,dlg,EntryList/37/Text,0,-1,Hello there! I be Garth. What's your name then <lad/lass>?,
fisherman,dlg,EntryList/38/Text,0,-1,"Suit yourself. That's probably for the best anyway, as I'll just be calling you <lad/lass> or <CUSTOM1052> anyway!",
fisherman,dlg,EntryList/39/Text,0,-1,"Well that's a nice name, isn't it? I'm going to call you <lad/lass> or <CUSTOM1052> though. I can't remember names for more'n a few seconds anyway!",
fisherman,dlg,EntryList/4/Text,0,-1,A shame. Some tales are better with a bit of liquor to wash them down.,
fisherman,dlg,EntryList/40/Text,0,-1,"Now, I ain't seen nout but pirates in these parts for a long time. I guess you've heard my reputation as a fine tale teller? You'll be wantin' to swap yarns about the high seas an' such no doubt, eh <lad/lass>?",
fisherman,dlg,EntryList/5/Text,0,-1,What do you want to know about?,
fisherman,dlg,EntryList/6/Text,0,-1,"Well I'm here for another yarn, when you're a'passing.",
fisherman,dlg,EntryList/7/Text,0,-1,I'm not so interested in that one right now.,
fisherman,dlg,EntryList/8/Text,0,-1,"Aye, the White Stag. A most wonderful looking beast it is. It comes up sometimes right to the edge of the chasm behind my house. I tried to follow it. Crossing the chasm with a rope was perilous. It's too big for a man to jump unaided, though a horse might.",
fisherman,dlg,EntryList/9/Text,0,-1," When I got to the other side though, I had no hope of catching up to the stag on foot, and it soon disappeared into the trees.",
fisherman,dlg,ReplyList/0/Text,0,-1,Nothing thanks.,
fisherman,dlg,ReplyList/1/Text,0,-1,Tell me again about the White Stag.,
fisherman,dlg,ReplyList/10/Text,0,-1,You mentioned a mystical beast. Tell me more.,
fisherman,dlg,ReplyList/11/Text,0,-1,Then I'll be going.,
fisherman,dlg,ReplyList/14/Text,0,-1,That's a fine tale. Goodbye for now.,
fisherman,dlg,ReplyList/15/Text,0,-1,I have some Hultail Spirits.,
fisherman,dlg,ReplyList/17/Text,0,-1,I have some spirits.,
fisherman,dlg,ReplyList/18/Text,0,-1,I have some ale.,
fisherman,dlg,ReplyList/19/Text,0,-1,I have some wine.,
fisherman,dlg,ReplyList/2/Text,0,-1,Tell me again how to find the castle.,
fisherman,dlg,ReplyList/22/Text,0,-1,I've heard you have a tale to tell about a magic castle.,
fisherman,dlg,ReplyList/23/Text,0,-1,Whatever you tell me I'll take very seriously.,
fisherman,dlg,ReplyList/24/Text,0,-1,It's in my nature to believe what I hear until I see otherwise.,
fisherman,dlg,ReplyList/26/Text,0,-1,I'm hunting pirates and I think this is the place to find them.,
fisherman,dlg,ReplyList/27/Text,0,-1,"Maybe you're right, but are you going to tell me this tale or not?",
fisherman,dlg,ReplyList/28/Text,0,-1,Is that a threat?,
fisherman,dlg,ReplyList/29/Text,0,-1,Let me ask you a question.,
fisherman,dlg,ReplyList/3/Text,0,-1,What tales do you have to tell?,
fisherman,dlg,ReplyList/30/Text,0,-1,"No, I've had enough.",
fisherman,dlg,ReplyList/32/Text,0,-1,Yes,
fisherman,dlg,ReplyList/33/Text,0,-1,I'm on a quest to find this castle. ,
fisherman,dlg,ReplyList/35/Text,0,-1,I like a good yarn as much as the next <man/woman>.,
fisherman,dlg,ReplyList/37/Text,0,-1,Where do the pirates go when the castle sinks?,
fisherman,dlg,ReplyList/38/Text,0,-1,Tell me how to find this castle.,
fisherman,dlg,ReplyList/40/Text,0,-1,Have you ever been to the castle?,
fisherman,dlg,ReplyList/41/Text,0,-1,That's very helpful. I'll be going now.,
fisherman,dlg,ReplyList/42/Text,0,-1,To have a laugh of course. Isn't that what silly tales are for?,
fisherman,dlg,ReplyList/43/Text,0,-1,"Fine, I'll leave you to your silly tales.",
fisherman,dlg,ReplyList/44/Text,0,-1,<StartCheck>[Persuade]</Start> A good yarn's always worth a laugh. Tell it anyway.,
fisherman,dlg,ReplyList/46/Text,0,-1,Sorry. The truth is it's very important for me to hear about this castle.,
fisherman,dlg,ReplyList/47/Text,0,-1,What do you know about pirates?,
fisherman,dlg,ReplyList/48/Text,0,-1,Where do the pirates live?,
fisherman,dlg,ReplyList/49/Text,0,-1,Tell me more about this castle. You must have a good tale to tell.,
fisherman,dlg,ReplyList/50/Text,0,-1,I don't give my name to strangers.,
fisherman,dlg,ReplyList/51/Text,0,-1,My name is <FullName>.,
fisherman,dlg,ReplyList/6/Text,0,-1,I have nothing.,
fisherman,dlg,ReplyList/8/Text,0,-1,I have heard enough for now.,
fisherman,dlg,ReplyList/9/Text,0,-1,Thanks,
fools,dlg,EntryList/0/Text,0,-1,Goodbye fools!,
forthewitch,dlg,EntryList/0/Text,0,-1,Death to the Cormyrian!,
forthewitch,dlg,EntryList/1/Text,0,-1,Szass Morg! The Witch Lord!,
forthewitch,dlg,EntryList/2/Text,0,-1,For the Witch Lord!,
gatenoopen,dlg,EntryList/0/Text,0,-1,[This gate is locked. You will have to speak to the melee master if you wish to enter the general melee.],
gnome,dlg,EntryList/0/Text,0,-1,What is it?,
gnome,dlg,EntryList/1/Text,0,-1,Will you let me go free then?,
gnome,dlg,EntryList/10/Text,0,-1,It's true. I am a slave.,
gnome,dlg,EntryList/11/Text,0,-1,<StartAction>[Success]</Start> Do you think a slave would know he has a secret treasury that can be entered from this very room?,
gnome,dlg,EntryList/12/Text,0,-1,The Witch Lord tells me nothing that is a secret.,
gnome,dlg,EntryList/13/Text,0,-1,<StartAction>[Success]</Start> It's true that he has a secret treasury in this very room.,
gnome,dlg,EntryList/14/Text,0,-1,"I hear him open it sometimes, but being blind has stopped me ever finding it.",
gnome,dlg,EntryList/15/Text,0,-1,Yes Master?,
gnome,dlg,EntryList/16/Text,0,-1,You are not my master.  Damn this blindness. Is that you Imelda?,
gnome,dlg,EntryList/17/Text,0,-1,Oh...who is that? I do not recognise your voice. Damn this blindness.,
gnome,dlg,EntryList/18/Text,0,-1,Damn this blindness. Is that you Imelda? ,
gnome,dlg,EntryList/19/Text,0,-1,"Well obviously. Now, what do you want?",
gnome,dlg,EntryList/2/Text,0,-1,"Not much. It is some ancient artifact that the Witch Lord is searching for. Other than that, there is little I can add. I have a talent with my hands though. If an item is placed in them, I can feel the powers within it. If I touch this Crown, doubtless I would be able to tell you more about it.",
gnome,dlg,EntryList/20/Text,0,-1,Who are you?,
gnome,dlg,EntryList/21/Text,0,-1,I am Largabo Branx. Clearly I don't know you.,
gnome,dlg,EntryList/22/Text,0,-1,I have always hated gnomes. You just can't trust them.,
gnome,dlg,EntryList/23/Text,0,-1,"As a Cormaeril, you should know better than to judge on generalizations.",
gnome,dlg,EntryList/24/Text,0,-1,True enough I suppose.,
gnome,dlg,EntryList/25/Text,0,-1,"That's pretty rich, coming from a Cormaeril!",
gnome,dlg,EntryList/26/Text,0,-1,What is it you want? Did the Witch Lord send you? Or was it Imelda?,
gnome,dlg,EntryList/27/Text,0,-1,Then why did you come? Does the Witch Lord know you are here?,
gnome,dlg,EntryList/28/Text,0,-1,Tell me what you want then.,
gnome,dlg,EntryList/29/Text,0,-1,"Oh, I understand. I may be blind, but that doesn't make me stupid. The Witch Lord has not sent you, has he?",
gnome,dlg,EntryList/3/Text,0,-1,"Easily enough. Just let me touch the objects you desire identified, and I will see what I can do.",
gnome,dlg,EntryList/30/Text,0,-1,"Oh, I understand. I may be blind, but I am not stupid. You are not Imelda and the Witch Lord has not sent you, has he?",
gnome,dlg,EntryList/31/Text,0,-1,<StartAction>[Success]</Start> What?,
gnome,dlg,EntryList/32/Text,0,-1,He must mean the Spell Mantle Cloak. A nice gift. Here you go.,
gnome,dlg,EntryList/33/Text,0,-1,A pair..of...,
gnome,dlg,EntryList/34/Text,0,-1,A suit of mail? I don't...,
gnome,dlg,EntryList/35/Text,0,-1,He must mean that old Ring of Change I guess. Here you go then.,
gnome,dlg,EntryList/36/Text,0,-1,Was there anything else?,
gnome,dlg,EntryList/37/Text,0,-1,If the Witch Lord is defeated then...does that mean...I am free?,
gnome,dlg,EntryList/38/Text,0,-1,Dead? Then you mean...I am free?,
gnome,dlg,EntryList/39/Text,0,-1,"I am just a slave! Please, let me go!",
gnome,dlg,EntryList/4/Text,0,-1,Then I won't help you with it. Your loss.,
gnome,dlg,EntryList/40/Text,0,-1,What? I'll not go down without a fight...,
gnome,dlg,EntryList/41/Text,0,-1,"But <FirstName>, it probably wasn't voluntarily. At least, I don't think so.",
gnome,dlg,EntryList/42/Text,0,-1,Well I do. Disgusting little wretch!,
gnome,dlg,EntryList/43/Text,0,-1,Oh...at last...,
gnome,dlg,EntryList/44/Text,0,-1,"No. I may be blind, but I am familiar with the fort and the forest beyond, at least as far as Morfen. I will head there.",
gnome,dlg,EntryList/45/Text,0,-1,You'd free him? He's a servant of the Witch Lord. You should kill him!,
gnome,dlg,EntryList/46/Text,0,-1,"A harsh judgement, Lady Kathryn.",
gnome,dlg,EntryList/47/Text,0,-1,So what does Imelda want?,
gnome,dlg,EntryList/48/Text,0,-1,I don't know what made you come to the fort. It's not like we haven't kept our end of the bargain.,
gnome,dlg,EntryList/49/Text,0,-1,"To thank me? Well...I suppose it is good to be appreciated, though it's not as though I have any choice in what I do.",
gnome,dlg,EntryList/5/Text,0,-1,Hmmm... let me see...,
gnome,dlg,EntryList/50/Text,0,-1,Does the Witch Lord know you are here?,
gnome,dlg,EntryList/51/Text,0,-1,"Money? Why would we pay...oh, I understand. You are not Imelda. Who are you really?",
gnome,dlg,EntryList/52/Text,0,-1,I'm leaving...,
gnome,dlg,EntryList/6/Text,0,-1,...that's everything I can tell you.,
gnome,dlg,EntryList/7/Text,0,-1,"I have always hated the Witch Lord. Although I've never seen him, I could always feel his evil, and smell his evil. I just want to be free of him and this place.",
gnome,dlg,EntryList/8/Text,0,-1,The Witch Lord is a very fine master and...he treats me very well of course.,
gnome,dlg,EntryList/9/Text,0,-1,"I am a secretary I suppose, if you can call it that. I look after the gold and belongings of the Witch Lord, or at least I account for them. I handle the pay of the troops and for our agents. The hogoblins cannot be trusted, and the Undead are not for this sort of task, so it is left to me.",
gnome,dlg,ReplyList/0/Text,0,-1,I am done.,
gnome,dlg,ReplyList/1/Text,0,-1,It's time for you to die. ,
gnome,dlg,ReplyList/10/Text,0,-1,Let's discuss something else.,
gnome,dlg,ReplyList/11/Text,0,-1,What is it you do here?,
gnome,dlg,ReplyList/12/Text,0,-1,<StartCheck>[Taunt]</Start> You're not a secretary. You're a slave more like.,
gnome,dlg,ReplyList/13/Text,0,-1,"<StartCheck>[Persuade]</Start> I bet there are a few secrets you could tell me about the Witch Lord, eh?",
gnome,dlg,ReplyList/15/Text,0,-1,"I want something from you, slave.",
gnome,dlg,ReplyList/16/Text,0,-1,Why do you think I am your master?,
gnome,dlg,ReplyList/17/Text,0,-1,Master? I am not your master.,
gnome,dlg,ReplyList/18/Text,0,-1,Are you blind?,
gnome,dlg,ReplyList/19/Text,0,-1,No.,
gnome,dlg,ReplyList/2/Text,0,-1,I have decided what to do with you.,
gnome,dlg,ReplyList/20/Text,0,-1,"More to the point, who are you?",
gnome,dlg,ReplyList/26/Text,0,-1,I am <FullName>.,
gnome,dlg,ReplyList/27/Text,0,-1,Neither.,
gnome,dlg,ReplyList/28/Text,0,-1,He knows.,
gnome,dlg,ReplyList/29/Text,0,-1,I want to ask you some questions.,
gnome,dlg,ReplyList/3/Text,0,-1,What can you tell me about something called the Wyvern Crown?,
gnome,dlg,ReplyList/30/Text,0,-1,<StartCheck>[Persuade]</Start> He has commanded you to give me something.,
gnome,dlg,ReplyList/31/Text,0,-1,He has rewarded me with a cloak.,
gnome,dlg,ReplyList/32/Text,0,-1,He said you should give me a pair of boots.,
gnome,dlg,ReplyList/33/Text,0,-1,He said something about a suit of mail.,
gnome,dlg,ReplyList/35/Text,0,-1,He mentioned a ring you were to give me.,
gnome,dlg,ReplyList/36/Text,0,-1,Thanks,
gnome,dlg,ReplyList/37/Text,0,-1,I am done.,
gnome,dlg,ReplyList/38/Text,0,-1,I have already defeated the Witch Lord. I can go where I like.,
gnome,dlg,ReplyList/39/Text,0,-1,The Witch Lord is dead.,
gnome,dlg,ReplyList/4/Text,0,-1,Can you identify some equipment for me?,
gnome,dlg,ReplyList/40/Text,0,-1,Free? After serving the Witch Lord?,
gnome,dlg,ReplyList/41/Text,0,-1,It's time for you to die. ,
gnome,dlg,ReplyList/42/Text,0,-1,<StartAction>[Attack]</Start>,
gnome,dlg,ReplyList/45/Text,0,-1,You'll have to answer some questions first.,
gnome,dlg,ReplyList/46/Text,0,-1,You are free to go.,
gnome,dlg,ReplyList/47/Text,0,-1,Goodbye.,
gnome,dlg,ReplyList/48/Text,0,-1,Just get out of my sight.,
gnome,dlg,ReplyList/49/Text,0,-1,Do you need help getting out of the fort?,
gnome,dlg,ReplyList/5/Text,0,-1,I don't trust you that far.,
gnome,dlg,ReplyList/52/Text,0,-1,The Witch Lord sent me.,
gnome,dlg,ReplyList/53/Text,0,-1,I have come on behalf of Imelda.,
gnome,dlg,ReplyList/54/Text,0,-1,It is.,
gnome,dlg,ReplyList/55/Text,0,-1,She just wanted to thank you.,
gnome,dlg,ReplyList/56/Text,0,-1,I have nothing to do with Imelda.,
gnome,dlg,ReplyList/57/Text,0,-1,Yes I know. I just wanted to thank you.,
gnome,dlg,ReplyList/59/Text,0,-1,I have come for more money.,
gnome,dlg,ReplyList/6/Text,0,-1,<StartAction>[Let the gnome try and identify your equipment.]</Start>,
gnome,dlg,ReplyList/60/Text,0,-1,What bargain?,
gnome,dlg,ReplyList/8/Text,0,-1,Thanks. I have no more questions for now.,
gnome,dlg,ReplyList/9/Text,0,-1,What can you tell me about the Witch Lord?,
godfroy,dlg,EntryList/0/Text,0,-1,Hello <FirstName>,
godfroy,dlg,EntryList/1/Text,0,-1,Can I come with you again? I feel useless without doing something... ,
godfroy,dlg,EntryList/10/Text,0,-1,"Yes, what is it?",
godfroy,dlg,EntryList/100/Text,0,-1,"Our cause is for Cormyr. Cormanthyr is long gone, but the elves would not want the realm overrun by evil. If there's something useful here, I believe we can take it.",
godfroy,dlg,EntryList/101/Text,0,-1,Then we're in agreement. Let's get looting!,
godfroy,dlg,EntryList/102/Text,0,-1,"Lady Kathryn, I'm surprised by you!",
godfroy,dlg,EntryList/103/Text,0,-1,"Well, Edgar, I am full of surprises. This old coin for example, I think came from your pocket... ",
godfroy,dlg,EntryList/104/Text,0,-1,Why... I... you really are full of surprises. I am not sure how your father would feel about some of them... ,
godfroy,dlg,EntryList/105/Text,0,-1,"Well, come on then. Enough talk. Are we going to raid it?",
godfroy,dlg,EntryList/106/Text,0,-1,"The elves guarded their tombs often with magic. Isn't that how the ghazneths, that brought so much destruction to Cormyr, were released in the first place?",
godfroy,dlg,EntryList/107/Text,0,-1,I don't know Lacinda. Maybe you're right.,
godfroy,dlg,EntryList/108/Text,0,-1,Who cares about what you think anyway? No one trusts what a Cormaeril has to say.,
godfroy,dlg,EntryList/109/Text,0,-1,"Child, leave the decisions to your betters. <FirstName>, you make the choice.",
godfroy,dlg,EntryList/11/Text,0,-1,But... are you serious <FirstName>? We have come so far together!,
godfroy,dlg,EntryList/110/Text,0,-1,"That is true. <CUSTOM1020>, we'll follow your lead on this.",
godfroy,dlg,EntryList/111/Text,0,-1,"This is an ancient tomb. I am guessing elven, not anything to do with what we have encountered so far.",
godfroy,dlg,EntryList/112/Text,0,-1,Well this is a cold and unpleasant place.,
godfroy,dlg,EntryList/113/Text,0,-1,"This place could do with the touch of the Morninglord! A little cheer, some light... perhaps we should seek a bard for our adventures!",
godfroy,dlg,EntryList/114/Text,0,-1,"I am glad to be out of Thunderstone though, even so. I get stifled in our castle!",
godfroy,dlg,EntryList/115/Text,0,-1,Father never lets me out.,
godfroy,dlg,EntryList/116/Text,0,-1,In many ways it reminds me of my ancestral home in Suzail. That was a cold and loveless place... all hard stone and leaks in the roof. We never had enough money to fix it.,
godfroy,dlg,EntryList/117/Text,0,-1,"Now of course, I don't have such worries. King Azoun took that house along with any money we had left.",
godfroy,dlg,EntryList/118/Text,0,-1,"I am sure that it will all work out for the best though Lacinda. With your help now, it will soon be recognised you're no traitor.",
godfroy,dlg,EntryList/119/Text,0,-1,"You have a lot to learn about human nature, Godfroy. I expect what we do here to make no difference to anyone's opinion except mine, and that's the one that counts.",
godfroy,dlg,EntryList/12/Text,0,-1,"Well, this is a shock <FirstName>. I don't know what it is I've done, but I'd still like to help out! I'll stay in the Furniture's Fate in Thunderstone for as long as I can, in case you change your mind.",
godfroy,dlg,EntryList/120/Text,0,-1,Well I am certain that people will soon realize they misjudged you.,
godfroy,dlg,EntryList/121/Text,0,-1,And rightly so! The Cormearils have been treacherous once too often!,
godfroy,dlg,EntryList/122/Text,0,-1,"The King did you an injustice I would say. Law and order are important, especially in times like these, but you are only distantly related to the traitors in the Abraxus Affair. It must hurt to have been branded with their treachery.",
godfroy,dlg,EntryList/123/Text,0,-1,"Ha! Maybe the King did us a favor taking that house! I hated it, but the label that goes with it... that I never earned.",
godfroy,dlg,EntryList/124/Text,0,-1,Well they say that some traits are hereditary. Let's just hope that treachery isn't one of them.,
godfroy,dlg,EntryList/125/Text,0,-1,"Well child, wisdom clearly hasn't passed from your father to you, so perhaps I haven't inherited treachery!",
godfroy,dlg,EntryList/126/Text,0,-1,"Well, kings are not infallible it's true, though King Azoun IV was amongst the best.",
godfroy,dlg,EntryList/127/Text,0,-1,It's hard to imagine it was built by Cormyrians when you see it now filled with such evil.,
godfroy,dlg,EntryList/128/Text,0,-1,King Galaghard must have built this place to keep evil at bay. All he achieved was to make them a new stronghold.,
godfroy,dlg,EntryList/129/Text,0,-1,Was Galaghard evil then?,
godfroy,dlg,EntryList/13/Text,0,77917,Then TO BATTLE!,이제 자노스의 분노를 목격하라!
godfroy,dlg,EntryList/130/Text,0,-1,I don't think he did it deliberately.,
godfroy,dlg,EntryList/131/Text,0,-1,"Well of course not! I know little of Galaghard, but we have him to be thankful for defeating the Witch Lords.",
godfroy,dlg,EntryList/132/Text,0,-1,Him and the elves.,
godfroy,dlg,EntryList/133/Text,0,-1,"Isn't that Valetto Stoutbold? There, by the wagons.",
godfroy,dlg,EntryList/134/Text,0,-1,I'm not sure. He has a hard edge to him that one.,
godfroy,dlg,EntryList/135/Text,0,-1,"He might, but then again, he might not.",
godfroy,dlg,EntryList/136/Text,0,-1,"I didn't think so, and besides, he will need to know the farms are destroyed. When he hears what happened he will be bound to help us!",
godfroy,dlg,EntryList/137/Text,0,-1,We were also due to pay his rents. Perhaps he'll be more interested in that.,
godfroy,dlg,EntryList/138/Text,0,-1,"Oh come on, Jonas! In a time like this you think Valetto's going to ask us for money!",
godfroy,dlg,EntryList/139/Text,0,-1,Don't you think he might help us? I think we should ask.,
godfroy,dlg,EntryList/14/Text,0,77916,I'll have a go if you like... ,에. 아마도. 자노스가 네 물건 좀 뒤져볼게. 감정할 수 있는 게 발견되면 말해주지. 충분하지?
godfroy,dlg,EntryList/140/Text,0,-1,True enough.,
godfroy,dlg,EntryList/141/Text,0,-1,Valetto owned our farms.,
godfroy,dlg,EntryList/142/Text,0,-1,"I have met him once, when our father first negotiated the rents on the farms. A friendly sort, but a hard bargainer.",
godfroy,dlg,EntryList/143/Text,0,-1,This must be Hawklin's castle.,
godfroy,dlg,EntryList/144/Text,0,-1,Sir Hawklin is one of the few nobles who has always treated me with respect. I think you will find him a fair man.,
godfroy,dlg,EntryList/145/Text,0,-1,"At last I feel like there is a chance for reprisals against Lena's killers, and our father's, <FirstName>.",
godfroy,dlg,EntryList/146/Text,0,-1,I just hope that I'm right... ,
godfroy,dlg,EntryList/147/Text,0,-1,"But before we go and talk to Sir Hawklin, let's first deal with our father's request to bury him in the cemetery.",
godfroy,dlg,EntryList/148/Text,0,-1,Sir Gilbert Hawklin has a fine reputation. Let's hope he lives up to it.,
godfroy,dlg,EntryList/149/Text,0,-1,"General dialogue in underground caves, WC. XXX",
godfroy,dlg,EntryList/15/Text,0,-1,"Fine, what do you need?",
godfroy,dlg,EntryList/150/Text,0,-1,"Something lives in here, and it smells very bad.",
godfroy,dlg,EntryList/151/Text,0,-1,Nothing good could smell that bad. I think we should be ready for danger.,
godfroy,dlg,EntryList/152/Text,0,-1,"Let's be ready, <FirstName>.",
godfroy,dlg,EntryList/153/Text,0,-1,"I have a tendency to agree with you on this one Godfroy. The memory it stirs is not a good one, though I can't think why.",
godfroy,dlg,EntryList/154/Text,0,-1,"Well let's take a look around, then get out quick before I faint.",
godfroy,dlg,EntryList/155/Text,0,-1,This smell is familiar. Where have I smelt it? ,
godfroy,dlg,EntryList/156/Text,0,-1,"I can't place it, but it smells like mold.",
godfroy,dlg,EntryList/157/Text,0,-1,"That rules out pirates or smugglers, but what could it be?",
godfroy,dlg,EntryList/158/Text,0,-1,I can smell salt on the breeze. We must be approaching the lake.,
godfroy,dlg,EntryList/159/Text,0,-1,"The water is brackish in the lake, almost like seawater. That's why farms are not common on the lake shore.",
godfroy,dlg,EntryList/16/Text,0,-1,"As you wish, <FirstName>. Do you want anything else?",
godfroy,dlg,EntryList/160/Text,0,-1,I even read there are sharks in the lake!,
godfroy,dlg,EntryList/161/Text,0,-1,"Well, I don't think we plan to go in there, so I'm sure they won't bother us.",
godfroy,dlg,EntryList/162/Text,0,-1,"I have read the same thing, but unless we are intending to swim, I think we are likely safe from them on this quest.",
godfroy,dlg,EntryList/163/Text,0,-1,"When we decided we had to move from the King's Forest, my mother thought we should become fishermen on the lake. Father and I thought it would be better to go with your family, <FirstName>, and continue farming.",
godfroy,dlg,EntryList/164/Text,0,-1,"It's what we knew best after all, so it didn't seem such a bad decision. Sometimes, I can't help regretting it.",
godfroy,dlg,EntryList/165/Text,0,-1,But I suppose there is no use looking backwards now... ,
godfroy,dlg,EntryList/166/Text,0,-1,"Don't regret it, Godfroy. You had no idea what would happen. I for one am proud of the efforts you are making now to stop such things happening again. I am certain that Torm is guiding your hand in this.",
godfroy,dlg,EntryList/167/Text,0,-1,"Well, revenge will make you feel better, I'm sure.",
godfroy,dlg,EntryList/168/Text,0,-1,"Well, revenge will make you feel better, I'm sure.",
godfroy,dlg,EntryList/169/Text,0,-1,"No, it is not revenge I want, but to stop such a dreadful thing happening to others.",
godfroy,dlg,EntryList/17/Text,0,89234,What sort?,"""알겠어. 어떤 종류의 강화 주문을 사용하길 원하나?"""
godfroy,dlg,EntryList/170/Text,0,-1,"I once sailed on the lake with my cousin Ayesunder. It is not really such a big stretch of water, and it was always an embarrassment to him that he could never find the pirates on the lake.",
godfroy,dlg,EntryList/171/Text,0,-1,I read somewhere there are sharks in the lake. I'm not sure I'd want to sail on it.,
godfroy,dlg,EntryList/172/Text,0,-1,"Where magic is concerned, you can never be sure of anything. Your cousin must have endured a lot of comments. Well I know how that can feel...",
godfroy,dlg,EntryList/173/Text,0,-1,"For a Cormaeril, it must be far harder, though yes, he has suffered a lot of criticism. People are always too quick to search for traitors these days and blame treachery for a lack of results.",
godfroy,dlg,EntryList/174/Text,0,-1,"Well I know that! But I suppose it is only to be expected. My extended family opposed the Royal Family once too often. I must pay for that. I only hope you do not become a victim of such mutterings, Edgar Truesilver.",
godfroy,dlg,EntryList/175/Text,0,-1,"And I hope you do not suffer much longer for the failings of your family, Lacinda.",
godfroy,dlg,EntryList/176/Text,0,-1,I hope that too... ,
godfroy,dlg,EntryList/177/Text,0,-1,What an odd place.,
godfroy,dlg,EntryList/178/Text,0,-1,And... oh... by Tyr... what a stench!,
godfroy,dlg,EntryList/179/Text,0,-1,"And... oh... Lord of Battles, what is that awful smell?",
godfroy,dlg,EntryList/18/Text,0,86380,"Is there something else, then?","""그럼 또 다른 일이 있나?"""
godfroy,dlg,EntryList/180/Text,0,-1,And... oh... Sweet Lathander... what a stench!,
godfroy,dlg,EntryList/181/Text,0,-1,"Torm preserve us, but that is a very nasty smell!",
godfroy,dlg,EntryList/182/Text,0,-1,I think it's coming from those toadstools there.,
godfroy,dlg,EntryList/183/Text,0,-1,"Careful on the bridge, it's slippery.",
godfroy,dlg,EntryList/184/Text,0,-1,This bridge looks fairly recent. Some of the castle must have got filled with debris over the years and Wyvernvapor's trying to dig it out.,
godfroy,dlg,EntryList/185/Text,0,-1,Oh! I really hate bats!,
godfroy,dlg,EntryList/186/Text,0,-1,Somehow that doesn't surprise me.,
godfroy,dlg,EntryList/187/Text,0,-1,"Bats are harmless, Kathryn. You shouldn't believe all that superstition about them.",
godfroy,dlg,EntryList/188/Text,0,-1,"Anyway, don't fear, <FirstName> and I are with you.",
godfroy,dlg,EntryList/189/Text,0,-1,I appreciate that Godfory.,
godfroy,dlg,EntryList/19/Text,0,89237,And what is my target?,"""그럼 내 목표는 뭐지?"""
godfroy,dlg,EntryList/190/Text,0,-1,This is a strange place to leave a pair of mirrors.,
godfroy,dlg,EntryList/191/Text,0,-1,"These are clearly magic mirrors of some sort. I have heard of mirrors that don't reflect light, but reflect instead only magic.",
godfroy,dlg,EntryList/192/Text,0,-1,I am not sure.,
godfroy,dlg,EntryList/193/Text,0,-1,"Since we don't know, why don't we take them just in case?",
godfroy,dlg,EntryList/194/Text,0,-1,"Whatever you think is best, <FirstName>.",
godfroy,dlg,EntryList/195/Text,0,-1,"Well the mirrors are large; small enough to carry, but not for any extended time. I am guessing these mirrors are used for something here in the castle.",
godfroy,dlg,EntryList/196/Text,0,-1,Then we should take them.,
godfroy,dlg,EntryList/197/Text,0,-1,The Keeper mentioned something about mirrors and beams involved in a puzzle. We should probably take these.,
godfroy,dlg,EntryList/198/Text,0,-1,They're not much use. I can't even fix my hair with these!,
godfroy,dlg,EntryList/199/Text,0,-1,"I think they must be important, otherwise they would not just be left standing here.",
godfroy,dlg,EntryList/2/Text,0,-1,Well I'm pretty useful with a weapon now. I've had to defend my home before. I just wish I could have been there this time... ,
godfroy,dlg,EntryList/20/Text,0,86381,So be it!,"""좋아!"""
godfroy,dlg,EntryList/200/Text,0,-1,"Well they look useless to me, but if you want to take them <FirstName>, go ahead.",
godfroy,dlg,EntryList/201/Text,0,-1,"These are not ordinary mirrors. Look, their surface is shiny but they don't reflect anything.",
godfroy,dlg,EntryList/202/Text,0,-1,Let's take them. They must have a use.,
godfroy,dlg,EntryList/203/Text,0,-1,Perhaps they are some leftover from older times?,
godfroy,dlg,EntryList/204/Text,0,-1,I wonder what they're for?,
godfroy,dlg,EntryList/205/Text,0,-1,I guess that must be the Mythallar.,
godfroy,dlg,EntryList/206/Text,0,-1,"We do not have the knowledge or the tools necessary to break a Mythallar. We must find out how it powers the castle, and break whatever channels its power.",
godfroy,dlg,EntryList/207/Text,0,-1,"This is not something that my sword or my faith can conquer. I hope you understand these things better than I, <FirstName>.",
godfroy,dlg,EntryList/208/Text,0,-1,I suppose the answers must lie here somewhere within the castle.,
godfroy,dlg,EntryList/209/Text,0,-1,"The question is, how do we shut off the Mythallar's power? Clearly we can't just climb up and jam it with a stick. There must be another way.",
godfroy,dlg,EntryList/21/Text,0,77918,Sure. What's it to be?,주문? 뭘 시전하길 원하는 거야?
godfroy,dlg,EntryList/210/Text,0,-1,I just hope we can find it.,
godfroy,dlg,EntryList/211/Text,0,-1,It's very pretty isn't it? Seems a shame to try and stop it working.,
godfroy,dlg,EntryList/212/Text,0,-1,Oh child! Why can't you concentrate on the task in hand? It is for your father's good that we deal with this thing. Let us concentrate.,
godfroy,dlg,EntryList/213/Text,0,-1,"Well I expect there's some reason you came too, Lacinda. No doubt some dark, secret reason that only a Cormaeril would understand.",
godfroy,dlg,EntryList/214/Text,0,-1,"Child, I came for <FirstName>, and <he/she> knows it. I'm sure it makes you feel good to throw the past treacheries of my family at my feet, but your family is no more noble than mine, even if it enjoys higher favor.",
godfroy,dlg,EntryList/215/Text,0,-1,"I just said it was pretty, that's all.",
godfroy,dlg,EntryList/216/Text,0,-1,You are right. I will concentrate on the task in hand.,
godfroy,dlg,EntryList/217/Text,0,-1,Look at the state of this place! The water must come in here all the time!,
godfroy,dlg,EntryList/218/Text,0,-1,"I thought this place would be more... well magical, and less horrible. Why would a dragon want to live here?",
godfroy,dlg,EntryList/219/Text,0,-1,"I don't think I will even attempt to guess, Lady Kathryn. Dragons are not something I know that much about.",
godfroy,dlg,EntryList/220/Text,0,-1,"It does seem a pretty nasty place to live, doesn't it?",
godfroy,dlg,EntryList/221/Text,0,-1,"Because dragons live in the real world, child, not in fairy tales, and generally they are not the gentle, playful creatures you've read about in all of your books!",
godfroy,dlg,EntryList/222/Text,0,-1,"If anyone is going to live in here, there must be a system of watertight doors, otherwise they'd all drown.",
godfroy,dlg,EntryList/223/Text,0,-1,Although that wouldn't apply to Wyvernvapor; Mist Dragons are at home in water.,
godfroy,dlg,EntryList/224/Text,0,-1,Although that wouldn't apply to Wyvernvapor; Mist Dragons are at home in water according to the scripts I have read about them.,
godfroy,dlg,EntryList/225/Text,0,-1,"If anyone is going to live in here, there must be a system of watertight doors, otherwise they'd all drown.",
godfroy,dlg,EntryList/226/Text,0,-1,"If anyone is going to live in here, there must be a system of watertight doors, otherwise they'd all drown.",
godfroy,dlg,EntryList/227/Text,0,-1,Oh it smells very bad in here...,
godfroy,dlg,EntryList/228/Text,0,-1,Ugh! It's disgusting! What a stench!,
godfroy,dlg,EntryList/229/Text,0,-1,Maybe this is where the dragon lives?,
godfroy,dlg,EntryList/230/Text,0,-1,"This chamber stinks and it's big enough to house the dragon, so I think it must be Wyvernvapor's lair. It looks like we're in luck though. The dragon is away. We should use our time wisely.",
godfroy,dlg,EntryList/231/Text,0,-1,"This chamber stinks and it's big enough to house the dragon, so I think it must be Wyvernvapor's lair. It looks like we're in luck though. The dragon is away. We should use our time wisely.",
godfroy,dlg,EntryList/232/Text,0,-1,"This castle is very odd. It may seem deserted, but I thought I saw something move up on the roof.",
godfroy,dlg,EntryList/233/Text,0,-1,"If you look up at the top of the keep, you can see a watermark. I think the top of the castle never gets totally submerged. It's possible something might live up there.",
godfroy,dlg,EntryList/234/Text,0,-1,We should be on our guard.,
godfroy,dlg,EntryList/235/Text,0,-1,"We must be on our guard. If something is on the roof, it's a good vantage point from which to attack. Maybe we should look for somewhere safer to tie a horse than that hitching post.",
godfroy,dlg,EntryList/236/Text,0,-1,"If you look up at the top of the keep, you can see a watermark. I think the top of the castle never gets totally submerged. It's possible something might live up there.",
godfroy,dlg,EntryList/237/Text,0,-1,"We must be on our guard. If something is on the roof, it's a good vantage point from which to attack. ",
godfroy,dlg,EntryList/238/Text,0,-1,"We must be on our guard. If something is on the roof, it's a good vantage point from which to attack. Maybe we should look for somewhere safer to tie a horse than that hitching post.",
godfroy,dlg,EntryList/239/Text,0,-1,I'm not sure. It's very difficult to see in this mist.,
godfroy,dlg,EntryList/240/Text,0,-1,"Look over there, on the other side of the chasm! There's a cave with some steps.",
godfroy,dlg,EntryList/241/Text,0,-1,Though I don't see a way across this chasm.,
godfroy,dlg,EntryList/242/Text,0,-1,We could possibly jump a horse across. There's room for a run-up.,
godfroy,dlg,EntryList/243/Text,0,-1,I think we should stick to our mission though. After all the castle won't be in there.,
godfroy,dlg,EntryList/244/Text,0,-1,I agree. We have a task that we should stick to.,
godfroy,dlg,EntryList/245/Text,0,-1,"The Mythallar might be though, or a secret way in.",
godfroy,dlg,EntryList/246/Text,0,-1,"Well, I suppose that is possible.",
godfroy,dlg,EntryList/247/Text,0,-1,Maybe we could use a rope to get across? I have one in my pack.,
godfroy,dlg,EntryList/248/Text,0,-1,It's not a bad idea if we want to get across.,
godfroy,dlg,EntryList/249/Text,0,-1,"If we want to get across, that might be a way.",
godfroy,dlg,EntryList/250/Text,0,-1,But would that be safe? Maybe there's another way...,
godfroy,dlg,EntryList/251/Text,0,-1,Perhaps it's a smuggler's den?,
godfroy,dlg,EntryList/252/Text,0,-1,"For once child, you might be right.",
godfroy,dlg,EntryList/253/Text,0,-1,Well we've found the castle...,
godfroy,dlg,EntryList/254/Text,0,-1,Now we must find the Mythallar.,
godfroy,dlg,EntryList/255/Text,0,-1,I'm sure that the end of our troubles is not far away.,
godfroy,dlg,EntryList/256/Text,0,-1,Now to find the dragon. Can you believe it? We're actually looking for a dragon! It's like those tales about dragons in the history books...,
godfroy,dlg,EntryList/257/Text,0,-1,"""Then Kathryn and <FirstName> approached the great castle...""",
godfroy,dlg,EntryList/258/Text,0,-1,It is a nice picture Kathryn. I'll look forward to hearing the full version when you are done with it.,
godfroy,dlg,EntryList/259/Text,0,-1,"Your father enjoys his tales, though I haven't heard him tell one since the war.",
godfroy,dlg,EntryList/260/Text,0,-1,"No, a lot left our lives when my brothers were killed and Father lost his arm. It's rare for him to even smile these days.",
godfroy,dlg,EntryList/261/Text,0,-1,"Some of the troubles of the realm rest on his shoulders. Let us continue on now and see what we can do to lift them. Remember though, it is the Mythallar we seek, not the dragon.",
godfroy,dlg,EntryList/262/Text,0,-1,"Child, your imagination is running away again. Try to remember that dragons are dangerous and spiteful lizards, not tales from your childhood. In any event we are looking for the Mythallar, not the dragon.",
godfroy,dlg,EntryList/263/Text,0,-1,Well actually I have head that Wyvernvapor is not a dangerous dragon.,
godfroy,dlg,EntryList/264/Text,0,-1,Well I'm sure we'll find out soon enough.,
godfroy,dlg,EntryList/265/Text,0,-1,This place is a charnel house!,
godfroy,dlg,EntryList/266/Text,0,-1,Can I hear fighting? I think there's a battle going on inside!,
godfroy,dlg,EntryList/267/Text,0,-1,There must be more of them about. I can't wait to kill a few. Lena's death needs to be paid for!,
godfroy,dlg,EntryList/268/Text,0,-1,"It's very strange. Edgar Truesilver has a fine reputation as a commander. He would have posted sentries outside the barrow, so the enemy must have come up behind him.",
godfroy,dlg,EntryList/269/Text,0,-1,It's Jonas... he seems distant.,
godfroy,dlg,EntryList/27/Text,0,77922,Very well.,자노스가 하지...
godfroy,dlg,EntryList/270/Text,0,-1,"It's nothing, just...",
godfroy,dlg,EntryList/271/Text,0,-1,"I wish you had come back sooner, <FirstName>.",
godfroy,dlg,EntryList/272/Text,0,-1,"I'm sure it wouldn't have made a difference, but it just feels like... things would have gone better. We would never have been forced to leave the King's Forest, then Lena would not have... died.",
godfroy,dlg,EntryList/273/Text,0,-1,"The Blight would still have come, whether <FirstName> was here or not, and though my parents' deaths hurt, I am sure that it was the will of Lathander.",
godfroy,dlg,EntryList/274/Text,0,-1,"You sound like your father, Godfroy. I don't think it was anyone's will that Lena or our father died, just the work of something evil.",
godfroy,dlg,EntryList/275/Text,0,-1,Well we will do what we can so others don't have to share our pain.,
godfroy,dlg,EntryList/276/Text,0,-1,I don't care about other people. I just want Lena to rest in peace.,
godfroy,dlg,EntryList/277/Text,0,-1,"Well, I'm sure Sir Hawklin will help us.",
godfroy,dlg,EntryList/278/Text,0,-1,"You sound like Godfroy. Vengeance is what I want, <FirstName>, and I expect Sir Hawklin to give it to us.",
godfroy,dlg,EntryList/279/Text,0,-1,"I'm sure it wouldn't have made a difference, but it just feels like... things would have gone better. We would never have been forced to leave the King's Forest, then Lena would not have... died.",
godfroy,dlg,EntryList/28/Text,0,77904,Why don't you show me?,자노스는 원하는 대로 실력과 능력을 키울 거다.
godfroy,dlg,EntryList/280/Text,0,-1,"The Blight would still have come, whether <FirstName> was here or not, and though my parents' deaths hurt, I am sure that it was the will of Lathander.",
godfroy,dlg,EntryList/281/Text,0,-1,"You sound like your father, Godfroy. I don't think it was anyone's will that Lena or our father died, just the work of something evil.",
godfroy,dlg,EntryList/282/Text,0,-1,Well we will do what we can so others don't have to share our pain.,
godfroy,dlg,EntryList/283/Text,0,-1,I don't care about other people. I just want Lena to rest in peace.,
godfroy,dlg,EntryList/284/Text,0,-1,"Well, I'm sure Sir Hawklin will help us.",
godfroy,dlg,EntryList/285/Text,0,-1,"You sound like Godfroy. Vengeance is what I want, <FirstName>, and I expect Sir Hawklin to give it to us.",
godfroy,dlg,EntryList/286/Text,0,-1,We should be nearly at the place Sir Hawklin told us about.,
godfroy,dlg,EntryList/287/Text,0,-1,"I'm sure there's nothing for us to worry about. If Sir Hawklin trusts the Forest Folk, then I'm sure we can.",
godfroy,dlg,EntryList/288/Text,0,-1,"Yeah, well Godfroy, on this I prefer to be cautious rather than walk into a trap.",
godfroy,dlg,EntryList/289/Text,0,-1,"I think we should be on our guard. There's lots said about the Forest Folk, and it's not all nice.",
godfroy,dlg,EntryList/29/Text,0,77915,"Fine <FirstName>, if you think that is a good idea.",*한숨* 좋아. 여기 내 장비다.
godfroy,dlg,EntryList/290/Text,0,-1,"Let's just hope there isn't a trap ahead, laid by this Manthis person.",
godfroy,dlg,EntryList/291/Text,0,-1,"I have heard many people moan about the prices in the Six Coffers Trading Coster, but they say you can't beat it for variety.",
godfroy,dlg,EntryList/292/Text,0,-1,"This is Thunderstone. I've heard the local commander here is a little bit rough with the laws, so we should be careful.",
godfroy,dlg,EntryList/293/Text,0,-1,"I had hoped the first time we visited Thunderstone would be to sell produce at the market. Instead we arrive almost penniless, but at least I have hope in my heart.",
godfroy,dlg,EntryList/294/Text,0,-1,Let's go and find Sir Hawklin.,
godfroy,dlg,EntryList/295/Text,0,-1,"Well let's not forget we have our father's remains to bury, <FirstName>. We must respect his wishes.",
godfroy,dlg,EntryList/296/Text,0,-1,"I've never been here before, though this was meant to be our market for crops from the farm. Now...",
godfroy,dlg,EntryList/297/Text,0,-1,Have heart Jonas. I'm sure everything will be fine. Sir Hawklin is supposed to be a good man.,
godfroy,dlg,EntryList/298/Text,0,-1,"I hope we don't have to rely on your positive attitude to get us by for too long Godfroy, that's all I can say.",
godfroy,dlg,EntryList/299/Text,0,-1,"I haven't been to Morfen before. I always meant to, but since the move from the King's Forest, I just never got around to it. I hear it's a pretty small place, though there is a smithy here. We might be able to purchase some supplies, even weaponry although theoretically we need a Charter.",
godfroy,dlg,EntryList/3/Text,0,-1,"I also know a few spells my father taught me. He was a priest of Lathander for a long time, and has been able to guide my faith even when no clergyman could be found. I think you'll find me a useful companion, if you'll take me?",
godfroy,dlg,EntryList/30/Text,0,-1,What do you need?,
godfroy,dlg,EntryList/300/Text,0,-1,"There's an Alehouse here, and I think a shop too. Some old War Wizard retired here. Maybe that's how Morfen remains unaffected by the raids.",
godfroy,dlg,EntryList/301/Text,0,-1,"Well, in better times this would have been a place for an ale and a chance for us to catch up on old times, <FirstName>, but now vengeance is all I'm interested in.",
godfroy,dlg,EntryList/302/Text,0,-1,"I guess you've not been here for a while, have you? In Cormyr you can't carry weapons that are not Peacebonded without a Charter allowing you to do so. A woodaxe or a hunting bow are fine, but anything more is illegal. ",
godfroy,dlg,EntryList/303/Text,0,-1,"You left for too long, <FirstName>. In Cormyr you can't carry weapons that are not Peacebonded without a Charter allowing you to do so. A woodaxe or a hunting bow are fine, but anything more used to mean trouble.",
godfroy,dlg,EntryList/304/Text,0,-1,"In this area they used to take Peacebonding very seriously. If anyone was seen without a Peacestring tied over their weapon, and was found without a Charter, they were arrested immediately. ",
godfroy,dlg,EntryList/305/Text,0,-1,"But things changed when war started. Cormyr was in such desperate danger that we all carried weapons, and freely too. I doubt Peacebonding is as important as it used to be.",
godfroy,dlg,EntryList/306/Text,0,76057,Hello <FirstName>. Shall we work together once more?,자노스에게 다시 합류하자고 요청하러 온 거지?
godfroy,dlg,EntryList/307/Text,0,78095,"I'll stay here then, but if you need me, just say. Whatever our differences, I'll follow you until this is resolved.",젠장! 그럼 네가 정신 차릴 때까지 여기 있겠어.
godfroy,dlg,EntryList/308/Text,0,78289,<StartHighlight>Godfroy is currently unconscious and will likely die if he is not given aid very soon.</Start>,"<StartHighlight>자노스는 현재 의식이 없고, 도움을 받지 못하면 곧 죽을 것입니다.</Start>"
godfroy,dlg,EntryList/309/Text,0,76052,Lathander spare me! I thought I had died!,흥. 네가 제대로 했다면 자노스가 이런 불쾌함을 겪지 않아도 됐을 텐데.
godfroy,dlg,EntryList/31/Text,0,-1,That's probably sensible. Is there anything else?,
godfroy,dlg,EntryList/310/Text,0,78287,"Until this is resolved, <FirstName>, I will follow you to the end, no matter what are differences are.",알았어. 갈게.
godfroy,dlg,EntryList/311/Text,0,78288,"I'll stay then, but if you need me, just say. Whatever our differences, I'll follow you until this is resolved.",여기 남아 있겠어. 가고 싶으면 가.
godfroy,dlg,EntryList/312/Text,0,-1,Good <QuarterDay> <FullName>.,
godfroy,dlg,EntryList/313/Text,0,-1,"We are done with each other, <FirstName>. Leave me in peace.",
godfroy,dlg,EntryList/314/Text,0,-1,"I can't bare to look, <FirstName>. We should head for Morfen soon. The quicker we reach Sir Hawklin, the quicker we can warn others.",
godfroy,dlg,EntryList/315/Text,0,-1,Come on <FirstName>! We should see what the smoke is!,
godfroy,dlg,EntryList/32/Text,0,-1,"Well I'll try <FirstName>, but I've never had any reason to get good at lockpicking. More likely I'll have to hack them off! Is there anything else?",
godfroy,dlg,EntryList/33/Text,0,-1,That's a relief! I hate sneaking about. Is there anything else?,
godfroy,dlg,EntryList/34/Text,0,-1,"I'll do my best, but creeping about is not something I'm good at. Is there anything else?",
godfroy,dlg,EntryList/35/Text,0,-1,"No problem, though I'm not very observant. Is there anything else?",
godfroy,dlg,EntryList/36/Text,0,-1,I'll keep watch then. Anything else?,
godfroy,dlg,EntryList/37/Text,0,-1,How?,
godfroy,dlg,EntryList/38/Text,0,-1,"Alright <FirstName>, but shout when you need it, if you can.",
godfroy,dlg,EntryList/39/Text,0,-1,"Yes, it's better not to take risks, I agree.",
godfroy,dlg,EntryList/4/Text,0,-1,"It's a shame we never got a chance to know each other better <FirstName>, though of course both Jonas and your father mentioned you often.",
godfroy,dlg,EntryList/40/Text,0,-1,"I think my skills would be better saved for when they're really needed, but as you like.",
godfroy,dlg,EntryList/41/Text,0,-1,Is there anything else you need?,
godfroy,dlg,EntryList/42/Text,0,77914,I hadn't planned to just watch! Is there anything else?,알았어.
godfroy,dlg,EntryList/43/Text,0,77914,"That's easy to say <FirstName>, but only as long as no one is at risk. Was there anything more?",알았어.
godfroy,dlg,EntryList/44/Text,0,-1,Just tell me where you want me.,
godfroy,dlg,EntryList/45/Text,0,-1,As you wish. Is there anything else?,
godfroy,dlg,EntryList/46/Text,0,-1,"You have a lot more experience than I do <FirstName>. You can help me, I'm certain.",
godfroy,dlg,EntryList/47/Text,0,-1,At present I am concentrating on the skills that make me a better fighter.,
godfroy,dlg,EntryList/48/Text,0,-1,I am putting all my efforts into becoming a better follower of Lathander. The strength I get from the Morninglord will serve us well I think.,
godfroy,dlg,EntryList/49/Text,0,-1,"At the moment I'm trying to balance between training as a fighter, but without neglecting my duties to Lathander.",
godfroy,dlg,EntryList/5/Text,0,-1,My family have known yours since almost before you left. We owned one of the farms near yours in the King's Forest. The war really pushed us together though. Those were tough times.,
godfroy,dlg,EntryList/50/Text,0,-1,That's a good suggestion <FirstName>. I'll do that.,
godfroy,dlg,EntryList/51/Text,0,-1,Yes?,
godfroy,dlg,EntryList/52/Text,0,89922,Absolutely! Don't worry about me <FirstName>. I won't let you down.,"""다 완전 끝내줘. 더할 나위 없지. 뭐... 내가 엄청 부자에 글래머한 하플링 아가씨들 하렘에 둘러싸여 있으면 더 좋겠지만... 그건 당장은 안 되겠지, 하하하!"""
godfroy,dlg,EntryList/53/Text,0,-1,Was there anything else?,
godfroy,dlg,EntryList/54/Text,0,-1,"I am fine, <FirstName>. I don't believe we can fail in this quest to be honest. Lathander is with us I'm sure.",
godfroy,dlg,EntryList/55/Text,0,89931,"I think I will soon develop my first scars, but I would say they are all worth it if it means one less innocent is killed.","""프흣, 난 걱정 마. 그냥 긁힌 상처 몇 개야."""
godfroy,dlg,EntryList/56/Text,0,-1,Was there anything else?,
godfroy,dlg,EntryList/57/Text,0,89932,Would you call these scratches <FirstName>? Or is it OK to say I am wounded and need healing? Do you have anything?,"""아까 좀 엉망이 되긴 했지, 헤. 볼 것까지는 없어."""
godfroy,dlg,EntryList/58/Text,0,89933,"I knew battle would be tough, but how do you continue with wounds like these? Please heal me if you have anything.","""그냥... 몇 군데 긁혔을 뿐이야, 별거 아냐."" 그는 얼굴을 찡그리며 빈 팔로 배에서 솟는 심한 피를 틀어막으려 합니다."
godfroy,dlg,EntryList/59/Text,0,89930,"I can't see, <FirstName>. By Lathander, I had not imagined how bad this feels. Do you have anything that can help?","""괜찮을 거야, 아마. 근데 여기가 정말 어두운 건지... 내가 진짜 눈이 먼 건지 말해 줄래? 살짝 걱정돼서."""
godfroy,dlg,EntryList/6/Text,0,-1,"We should stick together <FirstName>, that's the best way to see this through. How about it?",
godfroy,dlg,EntryList/60/Text,0,89934,"My head burns, <FirstName>, and my muscles are cramping! I think I must be poisoned!","""어이! 완전 멀쩡해-내 혈관을 타고 흐르는 불덩이만 빼면 말이지. 그건... 알아서 해결되겠지..."""
godfroy,dlg,EntryList/61/Text,0,-1,"If you have an antidote, that would be great, otherwise I'll just have to manage.",
godfroy,dlg,EntryList/62/Text,0,-1,"OK, I'll do my best. Was there anything else?",
godfroy,dlg,EntryList/63/Text,0,89935,I remember when the Blight struck our farms in the King's Forest it made us all sick. I feel a bit like that. I don't suppose there's anything we can do about it though.,"""피부에 이상한 반점이 좀 생긴 것만 빼면 나쁘지 않아. 이거... 안 좋은 건가?"""
godfroy,dlg,EntryList/64/Text,0,-1,Was there anything else?,
godfroy,dlg,EntryList/65/Text,0,-1,We have more important things to worry about just now. Perhaps later.,
godfroy,dlg,EntryList/66/Text,0,-1,"I am the last Cormas, and if we should fail in this quest, I will forever be the last Cormas... ",
godfroy,dlg,EntryList/67/Text,0,-1,There's not really any more to tell. I told you that I live only because I was the one my father carried from the burning church.,
godfroy,dlg,EntryList/68/Text,0,-1,"My father had to give up the priesthood, so that he couldn't be found so easily again. My mother had already given up her titles. The Morninglord blessed them though after that. Martin Bleth never found them, and soon all the Bleths were exiled.",
godfroy,dlg,EntryList/69/Text,0,-1,"And life, though hard, was peaceful. We lived on the farm in the King's Forest right up until the war.",
godfroy,dlg,EntryList/7/Text,0,-1,"I'll wait as long as it takes to change your mind, <FirstName>, but please don't let it be long.",
godfroy,dlg,EntryList/70/Text,0,-1,"I am the last Cormas, <FirstName>. Did you know that? It is a sad thing to think of.",
godfroy,dlg,EntryList/71/Text,0,-1,"I had a brother and a sister. Both were killed, murdered actually, when I was young.",
godfroy,dlg,EntryList/72/Text,0,-1,"My parents thought they had escaped all the intrigue when they left Suzail, but my mother had long had another man courting her. He was a noble from the Bleth family, another very powerful noble family that fell from grace along with the Cormaerils over a plot to kill the King.",
godfroy,dlg,EntryList/73/Text,0,-1,In those days they were a noble family in high favor. I guess though they had always had their links to the Fire Knives; the band of once-noble assassins who seek to de-stabilize Cormyr.,
godfroy,dlg,EntryList/74/Text,0,-1,"Martin Bleth his name was. When he discovered my mother had married my father, he sent men to seek out newly appointed priests. Dressed as bandits, they attacked several Lathander churches, hoping to kill my father and capture my mother.",
godfroy,dlg,EntryList/75/Text,0,-1,"In their first attack, they set on fire the church, burning down the house attached to it. My father was badly injured carrying me to safety. Both my brother and my sister burned to death. I don't remember my brother or sister, but I sometimes feel guilty that I was the one to survive. I wonder what they would be doing now?",
godfroy,dlg,EntryList/76/Text,0,-1,I suppose.,
godfroy,dlg,EntryList/77/Text,0,-1,Probably that is true. I try to make them proud. I hope I do.,
godfroy,dlg,EntryList/78/Text,0,-1,Thank you <FirstName>. I really hope so. I try to make them proud.,
godfroy,dlg,EntryList/79/Text,0,-1,"It seems like I have known you for a lot longer than I really have, <FirstName>. I guess that is because in some ways you remind me of your father.",
godfroy,dlg,EntryList/8/Text,0,-1,Praise Lathander! At last I can help!,
godfroy,dlg,EntryList/80/Text,0,-1,"It's easy to forget how little we know of each other. You know of course that my father was a priest of Lathander, but probably you did not know that my mother was a noble of the Emmarask family?",
godfroy,dlg,EntryList/81/Text,0,-1,OK. I may have more to say later.,
godfroy,dlg,EntryList/82/Text,0,-1,"The Emmarask family have long put all their will into their political careers. You know, it sounds so stupid now, but before the war I suppose all this sort of thing mattered.",
godfroy,dlg,EntryList/83/Text,0,-1,"My father on the other hand was no one important, so when the Emmarasks saw that my mother had fallen in love with my father, they did all that they could to stop it.",
godfroy,dlg,EntryList/84/Text,0,-1,"I think they particularly objected that my father was a priest of Lathander. Though the Church of Lathander is a great civilizing power, it is true that its excesses can make others jealous.",
godfroy,dlg,EntryList/85/Text,0,-1,"And other noble families, seeing a way to embarrass the Emmarasks, started circulating rumors about my parents. My father, embarrassed by the dishonor being placed on my mother, moved to a small parish in the King's Forest. My mother followed him there, and out of the glare of political intrigue in Suzail, they married.",
godfroy,dlg,EntryList/86/Text,0,-1,"It sounds a happy story, though it was really only the start of their hardships. We can leave that tale for another time though.",
godfroy,dlg,EntryList/87/Text,0,-1,Did you want anything else?,
godfroy,dlg,EntryList/88/Text,0,-1,<FirstName>?,
godfroy,dlg,EntryList/89/Text,0,-1,No..it's alright. Forget it.,
godfroy,dlg,EntryList/9/Text,0,-1,Hmmm. It looks like you have enough help already. I'll try another route <FirstName>. We can always join up later.,
godfroy,dlg,EntryList/90/Text,0,-1,Take a look at that! There... through the mist. Can you see that huge cave?,
godfroy,dlg,EntryList/91/Text,0,-1,There's a portcullis at the top too. That solves the mystery of where the pirate ships get hidden I guess. Air must get trapped inside when the castle floods.,
godfroy,dlg,EntryList/92/Text,0,-1,It's musty in here... ,
godfroy,dlg,EntryList/93/Text,0,-1,This is a resting place for the dead. I am not sure how I feel about raiding it.,
godfroy,dlg,EntryList/94/Text,0,-1,"Don't be such a bore, Godfroy. Anything that's still here is not going to be missed by the owner, is it?",
godfroy,dlg,EntryList/95/Text,0,-1,I don't think that's really the point Lady Kathryn. How would you feel if someone raided your grave?,
godfroy,dlg,EntryList/96/Text,0,-1,"I wouldn't care. I'd be dead, wouldn't I?",
godfroy,dlg,EntryList/97/Text,0,-1,Let's take a look around. Anything that's still in this tomb is clearly not needed by the owner now!,
godfroy,dlg,EntryList/98/Text,0,-1,"This area was a burial place for the elves in the days when Cormanthyr was an elven kingdom. I guess this must date from that time, in which case it must be ancient.",
godfroy,dlg,EntryList/99/Text,0,-1,"It looks largely undisturbed. Whoever dug their way in here took very little, or else time has hidden their tracks.",
godfroy,dlg,ReplyList/0/Text,0,-1,Greetings Godfroy.,
godfroy,dlg,ReplyList/1/Text,0,-1,Do you have any skills I could use?,
godfroy,dlg,ReplyList/105/Text,0,-1,I've changed my mind. Let's discuss something else.,
godfroy,dlg,ReplyList/106/Text,0,102389,Cast on all the party members.,"""모든 파티원에게 시전해."""
godfroy,dlg,ReplyList/108/Text,0,102397,Cast it on <CUSTOM77102>.,"""<CUSTOM77102>에게 시전해."""
godfroy,dlg,ReplyList/11/Text,0,-1,I'm done.,
godfroy,dlg,ReplyList/110/Text,0,102398,Cast it on <CUSTOM77101>.,"""<CUSTOM77101>에게 시전해."""
godfroy,dlg,ReplyList/117/Text,0,-1,Bless.,
godfroy,dlg,ReplyList/119/Text,0,-1,Aid.,
godfroy,dlg,ReplyList/12/Text,0,-1,"Thank you for your help, but now it is time we parted company.",
godfroy,dlg,ReplyList/120/Text,0,78302,With some training you could improve your skills. Let's take a moment to teach you some useful tricks.<StartHighlight>[Level Godfroy]</Start>.,레벨업을 해줬으면 해.
godfroy,dlg,ReplyList/122/Text,0,-1,Dismount from your horse.,
godfroy,dlg,ReplyList/123/Text,0,-1,Mount up!,
godfroy,dlg,ReplyList/126/Text,0,-1,Let's discuss tactics.,
godfroy,dlg,ReplyList/127/Text,0,-1,"Actually, let's leave it at that for now.",
godfroy,dlg,ReplyList/128/Text,0,-1,Let's discuss something else.,
godfroy,dlg,ReplyList/129/Text,0,-1,Leave the locks on doors and chests and so forth to me. OK?,
godfroy,dlg,ReplyList/13/Text,0,-1,"Actually no, stay with me for a while longer.",
godfroy,dlg,ReplyList/130/Text,0,-1,No.,
godfroy,dlg,ReplyList/131/Text,0,-1,Yes.,
godfroy,dlg,ReplyList/132/Text,0,-1,Give me a hand with locks. Some of them are beyond me.,
godfroy,dlg,ReplyList/133/Text,0,-1,No.,
godfroy,dlg,ReplyList/134/Text,0,-1,Yes.,
godfroy,dlg,ReplyList/135/Text,0,-1,Stop sneaking. I need to know where you are so I don't hit you.,
godfroy,dlg,ReplyList/136/Text,0,-1,No.,
godfroy,dlg,ReplyList/137/Text,0,-1,Yes.,
godfroy,dlg,ReplyList/138/Text,0,-1,Use creeping tactics when we see enemies.,
godfroy,dlg,ReplyList/139/Text,0,-1,No.,
godfroy,dlg,ReplyList/14/Text,0,-1,"Nevertheless, that is my decision.",
godfroy,dlg,ReplyList/140/Text,0,-1,Yes.,
godfroy,dlg,ReplyList/141/Text,0,-1,Help me look around for things. I think I might be missing stuff.,
godfroy,dlg,ReplyList/142/Text,0,-1,No.,
godfroy,dlg,ReplyList/143/Text,0,-1,Yes.,
godfroy,dlg,ReplyList/144/Text,0,-1,Leave me to do the searching.,
godfroy,dlg,ReplyList/145/Text,0,-1,No.,
godfroy,dlg,ReplyList/146/Text,0,-1,Yes.,
godfroy,dlg,ReplyList/147/Text,0,-1,You need to look after me better.,
godfroy,dlg,ReplyList/148/Text,0,-1,Heal me only if I'm seriously wounded.,
godfroy,dlg,ReplyList/149/Text,0,-1,Heal me when I'm moderately wounded.,
godfroy,dlg,ReplyList/150/Text,0,-1,Heal me even when I'm only slightly wounded.,
godfroy,dlg,ReplyList/152/Text,0,-1,Attack as soon as you see enemies.,
godfroy,dlg,ReplyList/153/Text,0,-1,No.,
godfroy,dlg,ReplyList/154/Text,0,-1,Yes.,
godfroy,dlg,ReplyList/156/Text,0,-1,No.,
godfroy,dlg,ReplyList/157/Text,0,-1,Yes.,
godfroy,dlg,ReplyList/158/Text,0,-1,Let's change the distance between us.,
godfroy,dlg,ReplyList/159/Text,0,-1,We're too close together. Keep a good distance from me. We'll be safer that way.,
godfroy,dlg,ReplyList/160/Text,0,-1,"Don't crowd me, but be ready to come to my aid.",
godfroy,dlg,ReplyList/161/Text,0,-1,Get close and stay there.,
godfroy,dlg,ReplyList/162/Text,0,-1,Move to range.,
godfroy,dlg,ReplyList/163/Text,0,-1,"Well, you're definitely better in hand-to-hand, so get in close to our enemies.",
godfroy,dlg,ReplyList/164/Text,0,-1,No.,
godfroy,dlg,ReplyList/165/Text,0,-1,Yes.,
godfroy,dlg,ReplyList/166/Text,0,-1,I want to discuss your training.,
godfroy,dlg,ReplyList/168/Text,0,-1,<StartAction>Godfroy will train as he sees fit.</Start>,
godfroy,dlg,ReplyList/169/Text,0,-1,<StartAction>Godfroy will level up as a Cleric only</Start>,
godfroy,dlg,ReplyList/170/Text,0,-1,<StartAction>Godfroy will level up as a Fighter only.</Start>,
godfroy,dlg,ReplyList/171/Text,0,-1,Good. I think we are done for the moment.,
godfroy,dlg,ReplyList/172/Text,0,-1,Let's discuss something else.,
godfroy,dlg,ReplyList/173/Text,0,-1,Let's talk.,
godfroy,dlg,ReplyList/174/Text,0,90208,Is everything OK?,"""어떻게 지내?"""
godfroy,dlg,ReplyList/179/Text,0,-1,Let me see if I have anything... ,
godfroy,dlg,ReplyList/180/Text,0,-1,I have nothing. You'll have to manage.,
godfroy,dlg,ReplyList/181/Text,0,-1,I'm done for now.,
godfroy,dlg,ReplyList/182/Text,0,-1,Yes,
godfroy,dlg,ReplyList/184/Text,0,-1,Tell me a little more about yourself.,
godfroy,dlg,ReplyList/189/Text,0,-1,The last one? How do you mean?,
godfroy,dlg,ReplyList/191/Text,0,-1,Maybe later you can tell me what happened?,
godfroy,dlg,ReplyList/192/Text,0,-1,Bleth?,
godfroy,dlg,ReplyList/195/Text,0,-1,It doesn't help to wonder. You can't do anything about it.,
godfroy,dlg,ReplyList/196/Text,0,-1,I expect they would have been a lot more useful to me.,
godfroy,dlg,ReplyList/197/Text,0,-1,"Whatever they would have been doing, they would have been proud of you Godfroy.",
godfroy,dlg,ReplyList/20/Text,0,-1,I want you to use your magic.,
godfroy,dlg,ReplyList/200/Text,0,-1,"Interesting, but we can talk more later.",
godfroy,dlg,ReplyList/201/Text,0,-1,I'm done for now.,
godfroy,dlg,ReplyList/202/Text,0,-1,I did not. Tell me more.,
godfroy,dlg,ReplyList/204/Text,0,-1,Why would a priest be a bad match?,
godfroy,dlg,ReplyList/205/Text,0,-1,Why?,
godfroy,dlg,ReplyList/21/Text,0,88323,I don't want you to cast any spells until I say otherwise.,"""내가 달리 말하기 전까지는 주문을 사용하지 마."""
godfroy,dlg,ReplyList/210/Text,0,-1,We don't have time for this now.,
godfroy,dlg,ReplyList/211/Text,0,-1,What is it?,
godfroy,dlg,ReplyList/212/Text,0,-1,Never mind.,
godfroy,dlg,ReplyList/22/Text,0,88324,I want you to go ahead and cast spells on your own.,"""앞으로 주문은 네 판단대로 사용해."""
godfroy,dlg,ReplyList/23/Text,0,89479,I need you to cast a group of buffing spells.,"""강화 주문 묶음을 시전해 줘."""
godfroy,dlg,ReplyList/24/Text,0,89480,Never mind.,"""신경 쓰지 마."""
godfroy,dlg,ReplyList/25/Text,0,89587,"No, nothing else.","""아니, 다른 건 없어."""
godfroy,dlg,ReplyList/253/Text,0,-1,Do you think he might help us?,
godfroy,dlg,ReplyList/257/Text,0,-1,Let's just avoid him.,
godfroy,dlg,ReplyList/259/Text,0,-1,Let's go and find out.,
godfroy,dlg,ReplyList/26/Text,0,-1,Yes.,
godfroy,dlg,ReplyList/260/Text,0,-1,"Either way, we don't have any to give.",
godfroy,dlg,ReplyList/262/Text,0,-1,Valetto Stoutbold?,
godfroy,dlg,ReplyList/264/Text,0,-1,"Well, thanks for the information.",
godfroy,dlg,ReplyList/27/Text,0,89481,Cast all the buffing spells you have.,"""가진 강화 주문을 모두 시전해."""
godfroy,dlg,ReplyList/28/Text,0,89482,Cast all the buffing spells that last a long time.,"""지속시간이 긴 강화 주문을 모두 시전해."""
godfroy,dlg,ReplyList/29/Text,0,89483,Cast all the short duration buffing spells.,"""지속시간이 짧은 강화 주문을 모두 시전해."""
godfroy,dlg,ReplyList/3/Text,0,-1,Tell me a little about yourself.,
godfroy,dlg,ReplyList/30/Text,0,89566,I've changed my mind.,"""마음을 바꿨어."""
godfroy,dlg,ReplyList/308/Text,0,-1,Why would that be useful?,
godfroy,dlg,ReplyList/31/Text,0,89567,Cast on all the party members.,"""파티원 전체에게 시전해."""
godfroy,dlg,ReplyList/310/Text,0,-1,"No, we'll leave them here.",
godfroy,dlg,ReplyList/312/Text,0,-1,Good idea.,
godfroy,dlg,ReplyList/313/Text,0,-1,Can you tell me what they might be for?,
godfroy,dlg,ReplyList/32/Text,0,89577,Cast it on my animal companion.,"""내 동물 동료에게 시전해."""
godfroy,dlg,ReplyList/33/Text,0,89578,Cast it on my familiar.,"""내 사역마에게 시전해."""
godfroy,dlg,ReplyList/333/Text,0,-1,"Lacinda, you still have to prove yourself.",
godfroy,dlg,ReplyList/334/Text,0,-1,"Kathryn, stop being stupid and stick to our quest.",
godfroy,dlg,ReplyList/336/Text,0,-1,Must you do this now?,
godfroy,dlg,ReplyList/338/Text,0,-1,That is enough. I trust you both. Let's concentrate on the Mythallar.,
godfroy,dlg,ReplyList/34/Text,0,89579,Cast it on me.,"""나한테 시전해."""
godfroy,dlg,ReplyList/35/Text,0,89580,Cast it on yourself.,"""너한테 시전해."""
godfroy,dlg,ReplyList/352/Text,0,-1,You're imagining things.,
godfroy,dlg,ReplyList/359/Text,0,-1,What did you see?,
godfroy,dlg,ReplyList/38/Text,0,78319,Never mind.,아니야.
godfroy,dlg,ReplyList/391/Text,0,-1,I had business of my own.,
godfroy,dlg,ReplyList/392/Text,0,-1,I came back as fast as I could when I heard of the war.,
godfroy,dlg,ReplyList/397/Text,0,-1,That's what I want too.,
godfroy,dlg,ReplyList/399/Text,0,-1,You'll feel differently in time.,
godfroy,dlg,ReplyList/401/Text,0,-1,What difference would it have made?,
godfroy,dlg,ReplyList/406/Text,0,-1,That's what I want too.,
godfroy,dlg,ReplyList/408/Text,0,-1,You'll feel differently in time.,
godfroy,dlg,ReplyList/410/Text,0,-1,Good.,
godfroy,dlg,ReplyList/411/Text,0,-1,Do you think we should expect trouble?,
godfroy,dlg,ReplyList/423/Text,0,-1,Let's have a look around.,
godfroy,dlg,ReplyList/424/Text,0,-1,Heard anything else about Morfen?,
godfroy,dlg,ReplyList/425/Text,0,-1,What's a Charter?,
godfroy,dlg,ReplyList/427/Text,0,-1,What is a Charter?,
godfroy,dlg,ReplyList/428/Text,0,-1,Tell me about Peacebonding.,
godfroy,dlg,ReplyList/430/Text,0,-1,Thanks.,
godfroy,dlg,ReplyList/433/Text,0,78631,"Godfroy, I still need your help. Will you join me?",가자.
godfroy,dlg,ReplyList/435/Text,0,78632,You should remain here until you recover fully. You are still weak.,여기 있어.
godfroy,dlg,ReplyList/437/Text,0,-1,Agreed.,
godfroy,dlg,ReplyList/438/Text,0,-1,I want to discuss something.,
godfroy,dlg,ReplyList/50/Text,0,-1,Spell resistance.,
godfroy,dlg,ReplyList/51/Text,0,-1,Restoration.,
godfroy,dlg,ReplyList/52/Text,0,-1,Shield of faith.,
godfroy,dlg,ReplyList/57/Text,0,-1,Remove diesease.,
godfroy,dlg,ReplyList/6/Text,0,-1,Not just now thanks.,
godfroy,dlg,ReplyList/66/Text,0,-1,Neutralize poison.,
godfroy,dlg,ReplyList/72/Text,0,-1,Lesser restoration.,
godfroy,dlg,ReplyList/75/Text,0,-1,Invisibility sphere.,
godfroy,dlg,ReplyList/79/Text,0,-1,Greater santuary.,
godfroy,dlg,ReplyList/8/Text,0,-1,Certainly. Come with me.,
godfroy,dlg,ReplyList/80/Text,0,-1,Greater restoration.,
godfroy,dlg,ReplyList/81/Text,0,-1,Greater undead.,
godfroy,dlg,ReplyList/84/Text,0,-1,Freedom of movement.,
godfroy,dlg,ReplyList/88/Text,0,-1,Entropic shield.,
godfroy,dlg,ReplyList/90/Text,0,78319,Never mind.,아니야.
godfroy,dlg,ReplyList/94/Text,0,78364,Eagle's Splendor.,독수리의 위엄
godfroy,dlg,ReplyList/95/Text,0,-1,Divine Favor,
godfroy,dlg,ReplyList/96/Text,0,-1,Death ward.,
godfroy,dlg,ReplyList/97/Text,0,78369,Cure Moderate Wounds,황소의 근력
godfroy,dlg,ReplyList/98/Text,0,78369,Cure Minor Wounds,황소의 근력
godfroy,dlg,ReplyList/99/Text,0,78369,Cure Light Wounds,황소의 근력
grave,dlg,EntryList/0/Text,0,-1,The remains of your father rest within this grave.,
grave2,dlg,EntryList/0/Text,0,-1,"The grave of your father has been defaced, the corner spires chipped off and the surface daubed with offal.",
gravedigger,dlg,EntryList/0/Text,0,-1,HOLDER,
gravedigger,dlg,EntryList/1/Text,0,-1,What do you need?,
gravedigger,dlg,EntryList/10/Text,0,-1,The Shrine of Tempus caters for all. Head to the main square and it's on the south side.,
gravedigger,dlg,EntryList/11/Text,0,-1,"Nearest is the Sign of Thunder, on the north side of the square, but I reckon you'd like the Furniture's Fate better. That's on the east side.",
gravedigger,dlg,EntryList/12/Text,0,-1,Go on.,
gravedigger,dlg,EntryList/13/Text,0,-1,I thought that was just a folk tale? Wasn't that the place with the ghost in it that undid the building work every night? Good story that one...,
gravedigger,dlg,EntryList/14/Text,0,-1,Greetings.,
gravedigger,dlg,EntryList/15/Text,0,-1,What are ya here for?,
gravedigger,dlg,EntryList/16/Text,0,-1,Which grave is yours?,
gravedigger,dlg,EntryList/17/Text,0,-1,You already have a grave for that one. Anything else you wanted?,
gravedigger,dlg,EntryList/18/Text,0,-1,Aye. I saw that. It's a damn disgrace is what that is. I hope ya found the culprit. Since I don't hold with vandalism a new grave'll cost ya only 5 golden lions. Have ya the money?,
gravedigger,dlg,EntryList/19/Text,0,-1,"Well, come back when ya have. I'll be glad to make the stone.",
gravedigger,dlg,EntryList/2/Text,0,-1,Yes?,
gravedigger,dlg,EntryList/20/Text,0,-1,No I don't. Ya can't trust anyone these days. There's an old man who comes down to the Garden a lot. Ya could ask him. Or Jenny Drabb sometimes puts flowers out.,
gravedigger,dlg,EntryList/21/Text,0,-1,"She's a washerwoman for half of Thunderstone it seems, but when she ain't doin' the washin', she's in the Furniture's Fate.",
gravedigger,dlg,EntryList/22/Text,0,-1,Thankee. I'll get right on it. And I'll keep a special watch on the Garden for ya too.,
gravedigger,dlg,EntryList/23/Text,0,-1,"Well, I don't make no graves without a plot.",
gravedigger,dlg,EntryList/24/Text,0,-1,"If you're wanting a burial, you'll need to show me a licence.",
gravedigger,dlg,EntryList/25/Text,0,-1,I don't see any remains though. I can't make a grave if there's nothing to put in it.,
gravedigger,dlg,EntryList/26/Text,0,-1,"Aye. That's fine. Now you'll need to pay for a proper grave. The Crown Office's rules, not mine. That's part of the privilege of getting a plot in the Garden. I can do ya one for 10 golden lions.",
gravedigger,dlg,EntryList/27/Text,0,-1,Well come back when ya do then. I'll be waitin'.,
gravedigger,dlg,EntryList/28/Text,0,-1,"Are ya sure? I've seen ya licence, but ya'll lose ya plot unless ya pay for a proper stone. It's fine workmanship I do, so ya won't get it any cheaper.",
gravedigger,dlg,EntryList/29/Text,0,-1,"Fine. Then I'll inform the Crown Office. Ya've lost that plot now I'm afraid, but the choice was yours.",
gravedigger,dlg,EntryList/3/Text,0,-1,"Ya have to make your own money these days. Many would choose adventuring, if only the price would come down for the Charter. You'll have to find work for yourself.",
gravedigger,dlg,EntryList/30/Text,0,-1,We'll pay it if we have to <FirstName>. We can't leave our father's remains unburied.,
gravedigger,dlg,EntryList/31/Text,0,-1,There's no exceptions.,
gravedigger,dlg,EntryList/32/Text,0,-1,"<StartAction>[Success]</Start> Aye, ya seem down on your luck. Very well, but don't go spreading this about. I ain't made of money you know. Let's call it 8 golden lions.",
gravedigger,dlg,EntryList/33/Text,0,-1,Thankee. The grave'll be done in a couple of days. Be sure to check back in the Garden and make sure you're happy with it.,
gravedigger,dlg,EntryList/34/Text,0,-1,Good to be of service to ya.,
gravedigger,dlg,EntryList/35/Text,0,-1,"Ya need to speak to Hurim Thiodor at the Crown Office, but these days not many are buried in the Garden. Too much space got used after the war.",
gravedigger,dlg,EntryList/36/Text,0,-1,"There's no guarantee, unless ya have a family plot here. You'll have to persuade Thiodor even then I reckon.",
gravedigger,dlg,EntryList/37/Text,0,-1,"'Cos lots of people got killed, that's why.",
gravedigger,dlg,EntryList/38/Text,0,-1,It's on the main square. West side.,
gravedigger,dlg,EntryList/4/Text,0,-1,"Well, Alice Broadhand over at the Six Coffers sometimes has a job that needs doing, but oft times her jobs are not the sort anyone would want.",
gravedigger,dlg,EntryList/5/Text,0,-1,Of course. What are ya looking for?,
gravedigger,dlg,EntryList/6/Text,0,-1,"Ya want Magurk's place. Good prices, good stock. There's a new smith in Wangle's Livery too, just stay clear of the Six Coffers, it's a fortune in there.",
gravedigger,dlg,EntryList/7/Text,0,-1,Head over to the east side of town. That's where they hold the tournaments.,
gravedigger,dlg,EntryList/8/Text,0,-1,"Sir Hawklin's castle is at the south end of Thunderstone. Ya can't miss it, it's a big stone structure.",
gravedigger,dlg,EntryList/9/Text,0,-1,It's at the south end of town.,
gravedigger,dlg,ReplyList/1/Text,0,-1,I am done.,
gravedigger,dlg,ReplyList/10/Text,0,-1,My thanks to you.,
gravedigger,dlg,ReplyList/11/Text,0,-1,My thanks to you.,
gravedigger,dlg,ReplyList/12/Text,0,-1,I need the nearest place of healing.,
gravedigger,dlg,ReplyList/13/Text,0,-1,My thanks to you.,
gravedigger,dlg,ReplyList/14/Text,0,-1,I need the nearest inn.,
gravedigger,dlg,ReplyList/15/Text,0,-1,My thanks to you.,
gravedigger,dlg,ReplyList/16/Text,0,-1,Thanks. Can I ask something else?,
gravedigger,dlg,ReplyList/17/Text,0,-1,I need something.,
gravedigger,dlg,ReplyList/18/Text,0,-1,Can you tell me anything about Polter's Fort?,
gravedigger,dlg,ReplyList/19/Text,0,-1,My thanks to you.,
gravedigger,dlg,ReplyList/2/Text,0,-1,I have a general question.,
gravedigger,dlg,ReplyList/20/Text,0,-1,Hello.,
gravedigger,dlg,ReplyList/21/Text,0,-1,Nothing. I'm just leaving.,
gravedigger,dlg,ReplyList/22/Text,0,-1,I want to ask about something.,
gravedigger,dlg,ReplyList/23/Text,0,-1,I need a new grave.,
gravedigger,dlg,ReplyList/24/Text,0,-1,I have a family plot at the south end of the Garden.,
gravedigger,dlg,ReplyList/25/Text,0,-1,I'm done.,
gravedigger,dlg,ReplyList/26/Text,0,-1,My father's grave is at the south end. It's been defaced.,
gravedigger,dlg,ReplyList/27/Text,0,-1,No.,
gravedigger,dlg,ReplyList/28/Text,0,-1,Thank you.,
gravedigger,dlg,ReplyList/29/Text,0,-1,Do you know who might have vandalized my father's grave?,
gravedigger,dlg,ReplyList/3/Text,0,-1,Where can I get a job in this town?,
gravedigger,dlg,ReplyList/30/Text,0,-1,Thank you.,
gravedigger,dlg,ReplyList/31/Text,0,-1,Where can I find Jenny Drabb?,
gravedigger,dlg,ReplyList/32/Text,0,-1,Yes. Here you are.,
gravedigger,dlg,ReplyList/33/Text,0,-1,Thank you.,
gravedigger,dlg,ReplyList/34/Text,0,-1,I don't have one.,
gravedigger,dlg,ReplyList/35/Text,0,-1,Thank you.,
gravedigger,dlg,ReplyList/36/Text,0,-1,I need someone buried.,
gravedigger,dlg,ReplyList/37/Text,0,-1,Here you go.,
gravedigger,dlg,ReplyList/39/Text,0,-1,That's fine. Here you go.,
gravedigger,dlg,ReplyList/4/Text,0,-1,Can you help me with directions?,
gravedigger,dlg,ReplyList/40/Text,0,-1,I don't have that much money.,
gravedigger,dlg,ReplyList/41/Text,0,-1,I will. Bye for now.,
gravedigger,dlg,ReplyList/42/Text,0,-1,I'm not paying that!,
gravedigger,dlg,ReplyList/43/Text,0,-1,I'll never pay that much.,
gravedigger,dlg,ReplyList/44/Text,0,-1,Fine. I'll be going.,
gravedigger,dlg,ReplyList/45/Text,0,-1,"We're not paying it, and that's final.",
gravedigger,dlg,ReplyList/46/Text,0,-1,<StartCheck>[Persuade]</Start> I'm suffering very hard times at the moment. Can you make an exception?,
gravedigger,dlg,ReplyList/47/Text,0,-1,Here you go then.,
gravedigger,dlg,ReplyList/48/Text,0,-1,I will.,
gravedigger,dlg,ReplyList/49/Text,0,-1,Bye for now.,
gravedigger,dlg,ReplyList/5/Text,0,-1,Where can I find merchants to trade with?,
gravedigger,dlg,ReplyList/50/Text,0,-1,Where can I get a licence?,
gravedigger,dlg,ReplyList/51/Text,0,-1,How can I make sure I can bury my father's remains in the Garden?,
gravedigger,dlg,ReplyList/52/Text,0,-1,My thanks.,
gravedigger,dlg,ReplyList/53/Text,0,-1,Why?,
gravedigger,dlg,ReplyList/54/Text,0,-1,My thanks.,
gravedigger,dlg,ReplyList/55/Text,0,-1,Where can I find the Crown Office?,
gravedigger,dlg,ReplyList/56/Text,0,-1,My thanks.,
gravedigger,dlg,ReplyList/6/Text,0,-1,My thanks to you.,
gravedigger,dlg,ReplyList/7/Text,0,-1,Where is the tournament ground?,
gravedigger,dlg,ReplyList/8/Text,0,-1,My thanks to you.,
gravedigger,dlg,ReplyList/9/Text,0,-1,I need to know the way to Sir Hawklin's castle.,
groom,dlg,EntryList/0/Text,0,-1,So what can I do for ya this fine day then?,
groom,dlg,EntryList/1/Text,0,-1,Well I reckon Sir Hawklin is the best employer myself. You should concentrate on gettin' his favor.,
groom,dlg,EntryList/10/Text,0,-1,Right ye are then. And he said to give ya saddle and packs too...,
groom,dlg,EntryList/11/Text,0,-1,"Here ya go then. This one is a fine mare, so look after her. She's got a nasty bite, but what warhorse doesn't? Also has a habit of inflatin' her stomach when ya tighten the girth. Just pat her tummy <sir/madam> and she'll relax for ya.",
groom,dlg,EntryList/12/Text,0,-1,Now was there anything else ya needed?,
groom,dlg,EntryList/13/Text,0,-1,Good luck then.,
groom,dlg,EntryList/14/Text,0,-1,"Well lookee now <sir/madam>, the trouble is Sir Gilbert's too nice for his own good, givin' away horses to someone with so many already. I'll keep a horse for ya, but I won't let ya have it until ya really need it.",
groom,dlg,EntryList/15/Text,0,-1,Hello again <Mister/Missus>. What's up?,
groom,dlg,EntryList/16/Text,0,-1,"Well, a squire of Sir Gilbert's no less. I reckon that makes us equals eh?",
groom,dlg,EntryList/17/Text,0,-1,"<CUSTOM1021> <FirstName> <CUSTOM1053> they're calling ya now, eh? How are ya? I remember ya before ya gocha fame o' course. Remember how we was mates?",
groom,dlg,EntryList/18/Text,0,-1,"Well, I don't think I know ya, but don't go thinking I have time for just any old riffraff. I'm the groom of Sir Hawklin don'cha know?",
groom,dlg,EntryList/19/Text,0,-1,Just kiddin' ya <mister/missus>. I knows we're gonna be mates.,
groom,dlg,EntryList/2/Text,0,-1,Of course. What are you looking for?,
groom,dlg,EntryList/20/Text,0,-1,Course we are. Don'cha worry.,
groom,dlg,EntryList/21/Text,0,-1,"Well, o'course ya are. Just teasing ya I was <CUSTOM1021> <LastName>.",
groom,dlg,EntryList/3/Text,0,-1,"For the sort of thing your probably lookin' for, Magurk's is the place. He's at the north side of the square.",
groom,dlg,EntryList/4/Text,0,-1,Just head to the east end of town. Tournaments get held there.,
groom,dlg,EntryList/5/Text,0,-1,Are ya kiddin' me? It's right there! The big square thing!,
groom,dlg,EntryList/6/Text,0,-1,The Shrine of Tempus caters for all. Head to the main square and it's on the south side.,
groom,dlg,EntryList/7/Text,0,-1,"Forget the nearest, that one's for the Purple Dragons only. The best inn is the Furniture's Fate on the east side of the square. The Sign of Thunder, which is nearest to the bridge, isn't half as nice, and of course the Bear's Den is closed now.",
groom,dlg,EntryList/8/Text,0,-1,"So 'e 'as, So 'e 'as. Messenger just come out a moment ago, see? That's 'ow I knew. Which one'll ya be wantin'?",
groom,dlg,EntryList/9/Text,0,-1,What kind of horse did he say it was ya needed? ,
groom,dlg,ReplyList/0/Text,0,-1,I am done.,
groom,dlg,ReplyList/1/Text,0,-1,Where can I get a job in this town?,
groom,dlg,ReplyList/10/Text,0,-1,My thanks to you.,
groom,dlg,ReplyList/11/Text,0,-1,I need the nearest inn.,
groom,dlg,ReplyList/12/Text,0,-1,My thanks to you.,
groom,dlg,ReplyList/13/Text,0,-1,Thanks. Can I ask something else?,
groom,dlg,ReplyList/14/Text,0,-1,Sir Hawklin has granted me a horse.,
groom,dlg,ReplyList/15/Text,0,-1,"I've changed my mind, I'll get the horse later.",
groom,dlg,ReplyList/16/Text,0,-1,A black.,
groom,dlg,ReplyList/17/Text,0,-1,Piebald.,
groom,dlg,ReplyList/18/Text,0,-1,Steeldust.,
groom,dlg,ReplyList/19/Text,0,-1,"Actually, I think I will pick a horse of another color.",
groom,dlg,ReplyList/2/Text,0,-1,Can you help me with directions?,
groom,dlg,ReplyList/20/Text,0,-1,A light warhorse.,
groom,dlg,ReplyList/22/Text,0,-1,Thanks,
groom,dlg,ReplyList/23/Text,0,-1,"No, I'm done.",
groom,dlg,ReplyList/25/Text,0,-1,Yes,
groom,dlg,ReplyList/26/Text,0,-1,Chestnut,
groom,dlg,ReplyList/29/Text,0,-1,Then I'll go.,
groom,dlg,ReplyList/3/Text,0,-1,Where can I find merchants to trade with?,
groom,dlg,ReplyList/30/Text,0,-1,What's that meant to mean?,
groom,dlg,ReplyList/31/Text,0,-1,Are you looking for trouble?,
groom,dlg,ReplyList/32/Text,0,-1,I am <CUSTOM1021> <FullName>.,
groom,dlg,ReplyList/33/Text,0,-1,Of course we are!,
groom,dlg,ReplyList/34/Text,0,-1,I doubt it.,
groom,dlg,ReplyList/36/Text,0,-1,If you say so.,
groom,dlg,ReplyList/4/Text,0,-1,My thanks to you.,
groom,dlg,ReplyList/5/Text,0,-1,Where is the tournament ground?,
groom,dlg,ReplyList/6/Text,0,-1,My thanks to you.,
groom,dlg,ReplyList/7/Text,0,-1,I need to know the way to Sir Hawklin's castle.,
groom,dlg,ReplyList/8/Text,0,-1,My thanks to you.,
groom,dlg,ReplyList/9/Text,0,-1,I need the nearest place of healing.,
guard,dlg,EntryList/0/Text,0,-1,"Please, don't distract me!",
guard,dlg,EntryList/1/Text,0,-1,Not now please. I have already been disciplined once this week for talking on duty.,
guard,dlg,EntryList/2/Text,0,-1,"I'd like to pass the time in chat, but I'm on duty.",
hawkcook,dlg,EntryList/0/Text,0,-1,"I don't think you should be in the kitchen, should you?",
hawklin1,dlg,EntryList/0/Text,0,-1,"<LastName>, what can I do for you?",
hawklin1,dlg,EntryList/1/Text,0,-1,It interests me very much. Who asked?,
hawklin1,dlg,EntryList/10/Text,0,-1,A group of exiled nobles who seek to overthrow the Royal family.,
hawklin1,dlg,EntryList/11/Text,0,-1,"A group of exiled nobles who seek to overthrow the Royal family. It is likely that many of my kin have joined them too, much to my shame. The majority of my family were exiled for their part in the Abraxus Affair, a plot to kill King Azoun IV before the war.",
hawklin1,dlg,EntryList/12/Text,0,-1,Our neighbors the Sembians have long coveted some of Cormyr's lands. Agents and spies are common here in Thunderstone.,
hawklin1,dlg,EntryList/13/Text,0,-1,"Alice is a strange woman with enough secrets to topple almost anyone, but she never acts on the information she has. She has a code of her own. She can be trusted to do the jobs no one else wants to do, and that makes her useful. It's best if we don't cross her but instead go after the real villains. ",
hawklin1,dlg,EntryList/14/Text,0,-1,"I am saddened that you ask for money, <FirstName>. I do not need you to keep silent anyway. There is no entrance to the castle, only an exit.",
hawklin1,dlg,EntryList/15/Text,0,-1,"Yes, I saw your last ride and it was quite something. Reminded me of Giogi Wyvernspur's last joust. Very impressive!",
hawklin1,dlg,EntryList/16/Text,0,-1,"Suffice to say you have convinced me of your worth, and I will most certainly take you and any companions on as squires. I can only apologize that I was not able to offer you squiredom without first forcing you to prove your worth.",
hawklin1,dlg,EntryList/17/Text,0,-1,"Times are very hard. The raids out of Hullack Forest have us very stretched, and a combination of the war and all the piracy on Lake Wyvernwater has put such a strain on my finances that even taking on new squires has to be seriously considered.",
hawklin1,dlg,EntryList/18/Text,0,-1,"Many grumble that Laheralson and the Purple Dragons should be doing more, but that is not my jurisdiction and there's nothing I can do it about it, especially while the Sembians watch our borders so avidly.",
hawklin1,dlg,EntryList/19/Text,0,-1,You have already done enough Sir Gilbert. I tell you again it is Valetto that is behind the piracy on the lake!,
hawklin1,dlg,EntryList/2/Text,0,-1,"Then I guess that Alice Broadhand was commissioned for the job. Well, I suppose it is nice to know someone is looking, but the information is not really useful without more detail. You must have come to tell me for a reason.",
hawklin1,dlg,EntryList/20/Text,0,-1,"You have said it before Imelda. I have to tell you that if it weren't for Valetto's loans, and the fact that he is the only ready buyer of my lands, I would have been bankrupted long ago. Your merchant rivalries should not blind you to the fact that he is on our side!",
hawklin1,dlg,EntryList/21/Text,0,-1,"<FirstName>, let me introduce you to Imelda, my business partner. She heads our ivory imports. They are the constant target of piracy on the lake.",
hawklin1,dlg,EntryList/22/Text,0,-1,"Well <FirstName>, the tournament is drawing to an end. Feel free to enjoy what is left of it, then come over to the castle where I shall give you your first task. We shall see what we can do about these raiders.",
hawklin1,dlg,EntryList/23/Text,0,-1,"Could you doubt it! With riding like that only a fool would turn you down. You are a dark horse, <FirstName>, winning a tourney when no one knows of you!",
hawklin1,dlg,EntryList/24/Text,0,-1,"Not as yet I am afraid, but the Lists are still open so if you are quick maybe you can enter again.",
hawklin1,dlg,EntryList/25/Text,0,-1,You should ask Hurim Thiodor the herald that. He will explain everything to you when you enter the Lists. I have one of my squires available for training too. Her name is Mareth and you'll also find her at the Jousting Ground.,
hawklin1,dlg,EntryList/26/Text,0,-1,"Only Wangle's Livery buys and sells horses. You can find it on the east side of the square in town, behind the Furniture's Fate inn. You need a warhorse if you are to ride in the jousting.",
hawklin1,dlg,EntryList/27/Text,0,-1,"Ride in the joust. If you are able to best two opponents, then I shall take you on as my squire.",
hawklin1,dlg,EntryList/28/Text,0,-1,Let's talk back at the castle. It's at the south end of town.,
hawklin1,dlg,EntryList/29/Text,0,-1,Yes? Can I help you?,
hawklin1,dlg,EntryList/3/Text,0,-1,Would you help me find out who made the request?,
hawklin1,dlg,EntryList/30/Text,0,-1,Yes! So he was! How is Patrick?,
hawklin1,dlg,EntryList/31/Text,0,-1,What? That is terrible news. These damned raids! How will we ever stop them!,
hawklin1,dlg,EntryList/32/Text,0,-1, I had great fondness for Patrick. He was a very fine man. I am sorry for your loss.,
hawklin1,dlg,EntryList/33/Text,0,-1,"Sir Hawklin, is there some way you can help us?",
hawklin1,dlg,EntryList/34/Text,0,-1,"Sir Hawklin, in the memory of our father, perhaps there is some way you can help us?",
hawklin1,dlg,EntryList/35/Text,0,-1,"I am not obliged to do anything about it. Laheralsen is the commander of the Purple Dragons here. Nevertheless, I am already doing what I can to prevent the raids.",
hawklin1,dlg,EntryList/36/Text,0,-1,"Nevertheless, I can see you are in need, and in memory of your father perhaps there is something I could do...",
hawklin1,dlg,EntryList/37/Text,0,-1,I'll do what I can. What did you have in mind?,
hawklin1,dlg,EntryList/38/Text,0,-1,"Judging from the state of you, you will need more than just a little money, and I cannot spare it anyway.",
hawklin1,dlg,EntryList/39/Text,0,-1,"No, a 'little money' is not good enough for me <FirstName>. ",
hawklin1,dlg,EntryList/4/Text,0,-1,Well at least you told me I suppose. Was there anything else? ,
hawklin1,dlg,EntryList/40/Text,0,-1,"<FirstName>! Sir Hawklin, we want to help protect others from such raids.",
hawklin1,dlg,EntryList/41/Text,0,-1,"I want revenge for Lena's death. We've heard you want to stop these raids and we'll help you! Take us on as squires, Sir Hawklin. ",
hawklin1,dlg,EntryList/42/Text,0,-1,"Out of respect for your father, I would very much like to help you, but you have come to me at a bad time. I would take you on as squires and give you the avenue you seek for revenge, but I...well, let me put it this way, I am unable to do so at the moment.",
hawklin1,dlg,EntryList/43/Text,0,-1,"I am doing everything I can already to stop these raids, but ... truth is I have need of soldiers that I cannot afford ...",
hawklin1,dlg,EntryList/44/Text,0,-1,"Very well, I have an offer for you...",
hawklin1,dlg,EntryList/45/Text,0,-1,"If you are willing to ride in the joust and prove yourself an able fighter, then I will make you and any companions my squires. It is not an easy task I have set you, but then I can ill afford to take you on.",
hawklin1,dlg,EntryList/46/Text,0,-1,"If you are good enough fighters to beat say...two opponents in a row in a tourney, then I am sure I will not regret my decision. ",
hawklin1,dlg,EntryList/47/Text,0,-1,"It's the only deal on offer, I am afraid. To be honest I am probably your only hope of revenge. Who else can help you?",
hawklin1,dlg,EntryList/48/Text,0,-1,"<FirstName>, I think we should do what Sir Hawklin requests. It is our best chance of revenge. Lena can't wait until you find something easier.",
hawklin1,dlg,EntryList/49/Text,0,-1,Let's not let our pride stand in the way <FirstName>. This IS our best opportunity and we must take it.,
hawklin1,dlg,EntryList/5/Text,0,-1,"Then this is what we'll do. I shall give you the information for Alice Broadhand, so that you deliver on your request, then I shall have her trailed and find out who is truly behind this.",
hawklin1,dlg,EntryList/50/Text,0,-1,"You will need to equip yourself to enter. Most of that can be handled in the jousting area, but you will need first to find yourself a warhorse if you do not have one. If you need more information on how to joust, check the market stalls for manuals, and my squire Mareth is available at the jousting ground for training.",
hawklin1,dlg,EntryList/51/Text,0,-1,"Ride well, and we shall do what we can to get you vengeance on the raiders of your home, and a small victory for Cormyr. Good luck to you then <FullName> and I hope you succeed, though it will cost me!",
hawklin1,dlg,EntryList/52/Text,0,-1,"On the other hand, I would be a fool to turn down someone who rides as well as you. I saw your jousting, and it was very impressive. I had hoped for self-funded knights, but...",
hawklin1,dlg,EntryList/53/Text,0,-1,"Very well, I will take you and any companions on as squires. Times are very hard. The raids out of Hullack Forest have us very stretched, and a combination of the war and all the piracy on Lake Wyvernwater has put such a strain on my finances that even taking on new squires has to be seriously considered.",
hawklin1,dlg,EntryList/6/Text,0,-1,"The truth is the castle has no secret entrance, only an exit, so there is little risk; a small lever on one of the statues opens it. Tell Alice Broadhand that.",
hawklin1,dlg,EntryList/7/Text,0,-1,"When I find out who is behind the request, I may need your help once more <FirstName>.",
hawklin1,dlg,EntryList/8/Text,0,-1,Was there something else?,
hawklin1,dlg,EntryList/9/Text,0,-1,"There are a number of possibilities. The Sembians are the most likely since they would like to destabilise Cormyr, but it could be the plots of another Noble. Maybe I have even drawn the attention of the Fire Knives, since I am so loyal to the crown.",
hawklin1,dlg,ReplyList/0/Text,0,-1,Nothing. I'm fine.,
hawklin1,dlg,ReplyList/1/Text,0,-1,I have been asked to find a secret way into your castle. I am certain this will interest you.,
hawklin1,dlg,ReplyList/10/Text,0,-1,You're right. I thought we should find out who's behind it.,
hawklin1,dlg,ReplyList/13/Text,0,-1,We'll see when the time comes.,
hawklin1,dlg,ReplyList/14/Text,0,-1,Of course.,
hawklin1,dlg,ReplyList/15/Text,0,-1,"No, that's all thanks.",
hawklin1,dlg,ReplyList/16/Text,0,-1,Who do you suspect is behind this?,
hawklin1,dlg,ReplyList/17/Text,0,-1,Who are the Fire Knives?,
hawklin1,dlg,ReplyList/18/Text,0,-1,Who are the Sembians?,
hawklin1,dlg,ReplyList/19/Text,0,-1,Why not just arrest Alice Broadhand?,
hawklin1,dlg,ReplyList/2/Text,0,-1,"I don't know who actually wants the information, but the request came through Alice Broadhand.",
hawklin1,dlg,ReplyList/20/Text,0,-1,Then just tell me when you need my help.,
hawklin1,dlg,ReplyList/21/Text,0,-1,I want some money to keep silent.,
hawklin1,dlg,ReplyList/23/Text,0,-1,I have ridden in the jousts. Have I done enough to convince you that I am worthy to be taken on as your squire?,
hawklin1,dlg,ReplyList/25/Text,0,-1,"Out of respect for my father, you shouldn't have tested me first.",
hawklin1,dlg,ReplyList/26/Text,0,-1,Why was it such a difficult choice?,
hawklin1,dlg,ReplyList/3/Text,0,-1,Alice Broadhand.,
hawklin1,dlg,ReplyList/31/Text,0,-1,We have already met.,
hawklin1,dlg,ReplyList/32/Text,0,-1,Pleased to meet you.,
hawklin1,dlg,ReplyList/34/Text,0,-1,Let me ask you something else.,
hawklin1,dlg,ReplyList/35/Text,0,-1,"Goodbye then,",
hawklin1,dlg,ReplyList/36/Text,0,-1,What are the rules for the jousting?,
hawklin1,dlg,ReplyList/37/Text,0,-1,Thanks.,
hawklin1,dlg,ReplyList/38/Text,0,-1,Where can I get a horse for the joust?,
hawklin1,dlg,ReplyList/39/Text,0,-1,My thanks.,
hawklin1,dlg,ReplyList/4/Text,0,-1,I can't say.,
hawklin1,dlg,ReplyList/40/Text,0,-1,Remind me. How can I convince you to take us on as squires?,
hawklin1,dlg,ReplyList/41/Text,0,-1,My thanks.,
hawklin1,dlg,ReplyList/42/Text,0,-1,My name is <FullName>. My father was your squire.,
hawklin1,dlg,ReplyList/43/Text,0,-1,"My father is dead, slain in a raid.",
hawklin1,dlg,ReplyList/45/Text,0,-1,<StartAction>[Let a companion speak]</Start>,
hawklin1,dlg,ReplyList/47/Text,0,-1,Our farms are supposed to be protected by Cormyr. What are you going to do about it?,
hawklin1,dlg,ReplyList/49/Text,0,-1,"Perhaps you could help us, my lord?",
hawklin1,dlg,ReplyList/5/Text,0,-1,I just came to tell you so you can do whatever you want with the information.,
hawklin1,dlg,ReplyList/50/Text,0,-1,Just a little money and I will be on my way.,
hawklin1,dlg,ReplyList/53/Text,0,-1,Maybe you could employ us to help fight the raiders?,
hawklin1,dlg,ReplyList/54/Text,0,-1,I am seeking revenge. Can you help in any way?,
hawklin1,dlg,ReplyList/55/Text,0,-1,Is there no way to change your mind?,
hawklin1,dlg,ReplyList/56/Text,0,-1,Perhaps it is something I could help with?,
hawklin1,dlg,ReplyList/6/Text,0,-1,No,
hawklin1,dlg,ReplyList/60/Text,0,-1,That doesn't sound like much of a deal.,
hawklin1,dlg,ReplyList/61/Text,0,-1,"Well, my thanks to you.",
hawklin1,dlg,ReplyList/62/Text,0,-1,Well I don't want to.,
hawklin1,dlg,ReplyList/63/Text,0,-1,"Very well, then I shall enter the joust and try my best.",
hawklin1,dlg,ReplyList/65/Text,0,-1,Goodbye for now.,
hawklin1,dlg,ReplyList/7/Text,0,-1,I am done.,
hawklin1,dlg,ReplyList/8/Text,0,-1,Yes,
hawklin1,dlg,ReplyList/9/Text,0,-1,Yes,
hawklin2,dlg,EntryList/0/Text,0,-1,OPTIONS that need to be always available IF YOU SEE THIS THE CONVERSATION IS BUST,
hawklin2,dlg,EntryList/1/Text,0,-1,What is it?,
hawklin2,dlg,EntryList/10/Text,0,-1,"Well I am grateful to you, <FirstName>.",
hawklin2,dlg,EntryList/100/Text,0,-1,It is impossible that you met a Witch Lord. King Galaghard slew them in battle in the year 900 by the Dale Reckoning. It took a whole army of both men and elves to do it. Doubtless whatever it was you met was using the name to inspire fear.,
hawklin2,dlg,EntryList/101/Text,0,-1,"This is very strange. I must confer with Caladnei, the Court Wizard, regarding this. What else did you discover?",
hawklin2,dlg,EntryList/102/Text,0,-1,"I thought I recognised the name, but had not made the link. Still, it was a very evil creature... ",
hawklin2,dlg,EntryList/103/Text,0,-1,And yet you say you slew it?,
hawklin2,dlg,EntryList/104/Text,0,-1,"Very little is known of the dragon, although he is believed to have lived in Cormyr for many years. I suppose the magic castle is the answer to this riddle. All the information that we have, told us that Wyvernvapor was benevolent. Even the great wizard Vangerdahast himself thought so.",
hawklin2,dlg,EntryList/105/Text,0,-1,"As for the dragon himself, I know only this: Wyvernvapor is a Mist Dragon, and is rumored to have some power over the wyverns that frequent the Lake. Nothing more is known.",
hawklin2,dlg,EntryList/106/Text,0,-1,"I think we know each other well enough now, <CUSTOM1021> <FirstName>. There is no need to feel there is more to hear.",
hawklin2,dlg,EntryList/107/Text,0,-1,"I do not share easily these days, <FirstName>, but truth is you should probably know a little about me.",
hawklin2,dlg,EntryList/108/Text,0,-1,"No, now is better, while we are still getting to know each other.",
hawklin2,dlg,EntryList/109/Text,0,-1,"What I will tell you, is what others would easily gossip. I have long been a noble of Thunderstone, and staunchly loyal to the Royal Family, like all my family. I fought by King Azoun in the wars against the Tuigan Horde, and again when the ghazneths came... ",
hawklin2,dlg,EntryList/11/Text,0,-1,"The news travelled ahead of you <CUSTOM1021> <FirstName>, for the end of the piracy is very great news, but you must tell me more of your trials. Surely you were not able to destroy the Mythallar? You must have found a way to prevent it's magic.",
hawklin2,dlg,EntryList/110/Text,0,-1,"My sons also fought by me in that war... died by me too. It was the Devil Dragon that killed them. I survived, though when I returned to consciousness I had lost... my children. Both of my sons, taken from me in one day. No father should outlive his children, <FirstName>. Only my daughter Kathryn remains to me now... ",
hawklin2,dlg,EntryList/111/Text,0,-1,Perhaps that is best. Did you need something more?,
hawklin2,dlg,EntryList/112/Text,0,-1,"I fought only one more battle. That is where I lost my arm, to a lowly goblin striking from the blindside... Though the victory was ours, it was hollow for me. Kathryn and I remain now only. Sweet Geraldine could not stand the pain of my sons' death.",
hawklin2,dlg,EntryList/113/Text,0,-1,"Perhaps though it is a blessing. I would not like Geraldine to see the state to which we have fallen. Our business ventures with Merchant Imelda have fallen to piracy, and only by selling land to Valetto have I kept our finances going... ",
hawklin2,dlg,EntryList/114/Text,0,-1,"I think at last I see signs of hope, though. <FirstName>, from our own misfortunes a powerful team is forming. We shall prevail, I know it!",
hawklin2,dlg,EntryList/115/Text,0,-1,"I think first we need to work together a little longer, then I will tell you more of my background.",
hawklin2,dlg,EntryList/116/Text,0,-1,"Difficult times these are <CUSTOM1021> <FirstName>, but if it hadn't been for you the danger would now be much greater.",
hawklin2,dlg,EntryList/117/Text,0,-1,"Unless you have questions for me, you must prepare yourself for the march ahead. Caladnei here can tell you what's needed.",
hawklin2,dlg,EntryList/118/Text,0,-1,"<CUSTOM1021> <FirstName>, what news?",
hawklin2,dlg,EntryList/119/Text,0,-1,Is that so? That is remarkable news! Surely you cannot have found a way to destroy a mythallar? You must have found some way to prevent its magic.,
hawklin2,dlg,EntryList/12/Text,0,-1,I hope that you brought him to justice?,
hawklin2,dlg,EntryList/120/Text,0,-1,Did you destroy the crystal ball?,
hawklin2,dlg,EntryList/121/Text,0,-1,Then you must destroy it immediately.,
hawklin2,dlg,EntryList/122/Text,0,-1,What did you do that for?,
hawklin2,dlg,EntryList/123/Text,0,-1,I suppose it makes no difference that you let the Witch Lord live. It would have risen again anyway. I fear the Witch Lord has used us.,
hawklin2,dlg,EntryList/124/Text,0,-1,"If that is the case, the Witch Lord let you kill it for its own ends. It will surely have risen again by now. I fear the Witch Lord has used us.",
hawklin2,dlg,EntryList/125/Text,0,-1,You say you met the dragon. You must tell me what happened.,
hawklin2,dlg,EntryList/126/Text,0,-1,"This... this is not the best of news after all. I did not believe it was truly a Witch Lord you met in Polter's Fort, but now I see that it was. We have been used here. We will never know what the dragon intended with the Wyvern Crown, but it can't have been worse than a Witch Lord getting it.",
hawklin2,dlg,EntryList/127/Text,0,-1,"I feel like all we have achieved is a small victory when I expected to win the war, and now we are in very great danger. We must prevent the Witch Lord reaching the Wyvern Crown. Show me this map.",
hawklin2,dlg,EntryList/128/Text,0,-1,"It is as I feared. I cannot read the language of dragons, or whatever this is written in. At least Caladnei is on her way, and she most certainly will be able to. This is very concerning... ",
hawklin2,dlg,EntryList/129/Text,0,-1,"Still, this is a victory and we must celebrate it, even if behind the scenes we must prepare for the worst. You have done more than any man could ask of you. You have arrived back just in time for the tournament. I shall have you made the guest of honor. You will gain enormous prestige.",
hawklin2,dlg,EntryList/13/Text,0,-1,That... that sounded like a lie!,
hawklin2,dlg,EntryList/130/Text,0,-1,"No. I wish that I could reward you with money, but as you know I have none. Prestige is what I offer you. If you are wise, you will soon turn that into money.",
hawklin2,dlg,EntryList/131/Text,0,-1,You must ride in the joust of course. There will be many wishing to test themselves against you. And no doubt after the tournament you will find both knights and lords seeking your company. It will benefit you greatly.,
hawklin2,dlg,EntryList/132/Text,0,-1,Exactly so. You have done enough. After the tournament you are free to do whatever you desire if you wish it to be so.,
hawklin2,dlg,EntryList/133/Text,0,-1,"There is nothing that we can do about the Witch Lord at present. I will speak with Caladnei when she arrives, and we will no doubt have to send a force after the Wyvern Crown. We would be glad if you would lead it, though I leave that up to you. Seek me out after the jousts if you wish to.",
hawklin2,dlg,EntryList/134/Text,0,-1,Then we will be delighted to have you.,
hawklin2,dlg,EntryList/135/Text,0,-1,I can see that you didn't. It worries me when you lie to me. I thought I had trained you to be a knight. Do you still have it?,
hawklin2,dlg,EntryList/136/Text,0,-1,<StartAction>[Success]</Start> Good. That is the best solution.,
hawklin2,dlg,EntryList/137/Text,0,-1,Good. That is the best solution.,
hawklin2,dlg,EntryList/138/Text,0,-1, If the ball controls the rise and fall of the castle then the castle is now sunk for good and the dragon will cease to trouble us. Did you find Wyvernvapor himself?,
hawklin2,dlg,EntryList/139/Text,0,-1,Welcome back <CUSTOM1021> <FirstName>.,
hawklin2,dlg,EntryList/14/Text,0,-1,"<StartAction>[Success]</Start> Piracy carries the death penalty, so you did the right thing. With Valetto gone, many of our troubles will doubtless be ended, but... ",
hawklin2,dlg,EntryList/140/Text,0,-1,"You must find a way to destroy or block the mythallar in the castle, <CUSTOM1021> <FirstName>. Only then will we have dealt with Wyvernvapor.",
hawklin2,dlg,EntryList/141/Text,0,-1,Have you found the castle yet?,
hawklin2,dlg,EntryList/142/Text,0,-1,<CUSTOM1021> <FirstName>... ,
hawklin2,dlg,EntryList/143/Text,0,-1,What news?,
hawklin2,dlg,EntryList/144/Text,0,-1,We must deal with the threats that we can.,
hawklin2,dlg,EntryList/145/Text,0,-1,"You are a knight of Cormyr now, <CUSTOM1021>. This is your duty... and besides, you came to me to find out who was behind the raids on your farm. This is the only way to do so.",
hawklin2,dlg,EntryList/146/Text,0,-1,The realm needs us <FirstName>. This is no time to put aside our duty. I urge you on behalf of Cormyr to step forward and put an end to this threat.,
hawklin2,dlg,EntryList/147/Text,0,-1,"Please, <FirstName>, help my father... help me... to put a stop to this!",
hawklin2,dlg,EntryList/148/Text,0,-1,"We should see this through to the end, <FirstName>. I would hate to see more deaths because we didn't.",
hawklin2,dlg,EntryList/149/Text,0,-1,"There is a fisherman who lives by the lake who has made quite a reputation for his yarns about the magic castle on Lake Wyvernwater. We must find this castle, and I recommend you start there. <StartAction>[The option to travel to Lake Wyvernwater is now available when you leave town.]</Start>",
hawklin2,dlg,EntryList/15/Text,0,-1,"Kathryn told me you struck a deal with him. Why did you do it, <FirstName>?",
hawklin2,dlg,EntryList/150/Text,0,-1,"At the very least we must drive off the dragon. Find the mythallar within the castle and find a way to shut its magic off. The castle will then not be able to rise from the lake, and Wyvernvapor will be forced to find a new base.",
hawklin2,dlg,EntryList/151/Text,0,-1,"In the meantime I will urgently contact Caladnei, the Court Wizard, and seek her council on this. There are many unanswered questions for me. We must find the Wyvern Crown ourselves if we are to end this threat, but we do not have the resources to search for it, or know where to look. Caladnei must be our guide in this.",
hawklin2,dlg,EntryList/152/Text,0,-1,"<CUSTOM1021> <FirstName>, I said there might come a time when Cormyr needs you. This is that time. You must find whatever companions you can for this. We do not have time to wait until we have help.",
hawklin2,dlg,EntryList/153/Text,0,-1,Good luck with your mission <FirstName>. May Tyr bring you success.,
hawklin2,dlg,EntryList/154/Text,0,-1,I'll help you if you want me <FirstName>.,
hawklin2,dlg,EntryList/155/Text,0,-1,"Kathryn, have you not risked enough? Can you not come home?",
hawklin2,dlg,EntryList/156/Text,0,-1,"Father, this is for you and for the realm. I can't hide in the castle!",
hawklin2,dlg,EntryList/157/Text,0,-1,"I would not complain if you did, but... oh very well, I can hardly ask <CUSTOM1021> <FirstName> to go and not my daughter. Go, and may Tyr watch over you.",
hawklin2,dlg,EntryList/158/Text,0,-1,"We have come this far together <FirstName>. I am with you if you need me.  Until our quest is done, the safety of no one is guaranteed.",
hawklin2,dlg,EntryList/159/Text,0,-1,"<CUSTOM1020>, you can count on me to see this through to the end. I am with you.",
hawklin2,dlg,EntryList/16/Text,0,-1,What? Why  did you do that?,
hawklin2,dlg,EntryList/160/Text,0,-1,A chance of a challenge and a bit of loot are motivation enough for me if you wish to take me with you <FirstName>.,
hawklin2,dlg,EntryList/161/Text,0,-1,"At the same time Valetto will lose his hideout. If you can find him and bring him to justice, or destroy his ship, even better.",
hawklin2,dlg,EntryList/162/Text,0,-1,"I have some good news for you. The Crown Office has confirmed your knighthood, and from now on you shall be known as <CUSTOM1021> <FullName>.",
hawklin2,dlg,EntryList/163/Text,0,-1,Now tell me <CUSTOM1021> <FirstName>. What news do you have of your investigations of Polter's Fort? Did you find and kill the leader within?,
hawklin2,dlg,EntryList/164/Text,0,-1,"I think... I think that you found him, but that you did not kill him. It concerns me that you tried to lie to me.",
hawklin2,dlg,EntryList/165/Text,0,-1,Perhaps you have your own reasons for not telling me everything. Tell me more of what happened.,
hawklin2,dlg,EntryList/166/Text,0,-1,"I am still not really sure why we let it live, but we did.",
hawklin2,dlg,EntryList/167/Text,0,-1,"The truth is that we let the creature live. Perhaps we should not, but it is done now.",
hawklin2,dlg,EntryList/168/Text,0,-1,<StartAction>[Success]</Start> You did? Well this is fantastic news! You are truly a hero and a fantastic find for Cormyr. You must tell me more!,
hawklin2,dlg,EntryList/169/Text,0,-1,"Er... no we didn't. I mean we found him, but we didn't kill him. Why would we want to lie about that?",
hawklin2,dlg,EntryList/17/Text,0,-1,"I suppose you were there to hear his arguments, but I find it hard to believe leaving a pirate free can do any good at all. Let us hope though that we have seen the last of Valetto. Even so... ",
hawklin2,dlg,EntryList/170/Text,0,-1,"Child, let your leader do the talking. I am sure he has his reasons.",
hawklin2,dlg,EntryList/171/Text,0,-1,I'm not going to start lying to my father. Well not about this anyway.,
hawklin2,dlg,EntryList/172/Text,0,-1,"Well, that is certainly not what I expected to hear. I thought you wanted revenge? But wait, I am sure there are good reasons.",
hawklin2,dlg,EntryList/173/Text,0,-1,You did? Well this is fantastic news! You are truly a hero and a fantastic find for Cormyr. You must tell me more!,
hawklin2,dlg,EntryList/174/Text,0,-1,Welcome back <FirstName>.,
hawklin2,dlg,EntryList/175/Text,0,-1,What can I do for you?,
hawklin2,dlg,EntryList/176/Text,0,-1,Go ahead.,
hawklin2,dlg,EntryList/177/Text,0,-1,You are a true knight <FirstName> and I thank you for clearing this debt. You have most certainly relieved me of a burden.,
hawklin2,dlg,EntryList/178/Text,0,-1,"Thank you <FirstName>. You are a fine <man/woman>, and I am proud to be your companion for as long as you'll have me.",
hawklin2,dlg,EntryList/179/Text,0,-1,"It is a requirement under Cormyrian law that those who wish to take up the adventuring trade, and more importantly, to carry weapons openly, must have a licence from the Crown. Adventurer's Charters must be bought from the Crown Office for a thousand golden lions if adventuring parties wish to keep what they find.",
hawklin2,dlg,EntryList/18/Text,0,-1,"Pity? For a pirate? That is a very strange decision to have made <CUSTOM1021> <FirstName>. I am sure we have not seen the last of Valetto, but even if we have... ",
hawklin2,dlg,EntryList/180/Text,0,-1,"There are several other conditions on adventurers, but you should speak to Hurim Thiodor at the Crown Office if you wish to know more. As my squire, you can carry weapons anyway, though the Charter will allow you to keep some of the more 'unofficial rewards' that being in my service might offer.",
hawklin2,dlg,EntryList/181/Text,0,-1,A pleasure.,
hawklin2,dlg,EntryList/182/Text,0,-1,"There are several other conditions on adventurers, but you should speak to Hurim Thiodor at the Crown Office if you wish to know more. As a knight, you can carry weapons anyway, though the Charter will also allow you to keep some of the more 'unofficial rewards' that adventuring can offer.",
hawklin2,dlg,EntryList/183/Text,0,-1,A pleasure.,
hawklin2,dlg,EntryList/184/Text,0,-1,"Well the debt to Valetto has been laid upon me, though the truth is I cannot pay it, like so many others. As a knight it is really your duty to make sure that this debt is cleared.",
hawklin2,dlg,EntryList/185/Text,0,-1,"Should you come across wealth in your battles, I would appreciate the repayment of the Charter cost, which was 1000 golden lions. I leave that as a choice for you though.",
hawklin2,dlg,EntryList/186/Text,0,-1,Hmmm. Perhaps I misjudged you... ,
hawklin2,dlg,EntryList/187/Text,0,-1,I see. As you wish.,
hawklin2,dlg,EntryList/188/Text,0,-1,"As I said, the decision is yours.",
hawklin2,dlg,EntryList/189/Text,0,-1,"You are a fine <man/woman>, <FirstName>. I appreciate that.",
hawklin2,dlg,EntryList/19/Text,0,-1,"Yes, Kathryn told me. Why did you do it, <FirstName>?",
hawklin2,dlg,EntryList/190/Text,0,-1,What is it?,
hawklin2,dlg,EntryList/191/Text,0,-1,"Valetto is a merchant who deals mainly in lumber, cutting it from Hullack Forest and shipping it down the river. He also owns many farms on the forest edges that he bought from me to help cover my debts. Yours was one such. He suffers greatly from these raids, as do we all.",
hawklin2,dlg,EntryList/192/Text,0,-1,"He has demanded of me that I find a way to deal with these raids. Most of the farms that are raided belong to him. I suppose he fears that since he bought the farms from me and I have none left now, I will lose interest in dealing with these raiders.",
hawklin2,dlg,EntryList/193/Text,0,-1,"However, the demand was not really necessary. You and I both know that dealing with the raiders is our main objective anyway.",
hawklin2,dlg,EntryList/194/Text,0,-1,"I am sorry <FirstName>, but I could not have paid for it. I have extensive loans already with Valetto, and he simply added the cost of the Charter. If the piracy of my merchant ventures continues much longer, I will be forced to sell this very castle to pay off those loans.",
hawklin2,dlg,EntryList/195/Text,0,-1,You must find the leader within Polter's Fort and kill him. Do that and the remainder will remain disorganized long enough for me to gather the support to clean them out.,
hawklin2,dlg,EntryList/196/Text,0,-1,"We know the location of Polter's Fort, so you should travel there once you are ready <StartAction>[The option to travel there is now available when leaving Thunderstone.]</Start>.",
hawklin2,dlg,EntryList/197/Text,0,-1,Prepare yourself before you go. The fort is bound to be a dangerous place and even the journey will be dangerous. There are no inns along the route to lessen the danger.,
hawklin2,dlg,EntryList/198/Text,0,-1,Doubtless inside the fort you will find the one behind the attacks. I don't think I need to tell you that it is the leader we need dead.,
hawklin2,dlg,EntryList/199/Text,0,-1,Go carefully now. You cannot hope to win using a frontal assault. Pick your battles.,
hawklin2,dlg,EntryList/2/Text,0,-1,"Don't forget <FirstName>, that you are still carrying around your father's remains. You should deal with them first.",
hawklin2,dlg,EntryList/20/Text,0,-1,"Piracy carries the death penalty, so you did the right thing. With Valetto gone, many of our troubles will doubtless be ended, but... ",
hawklin2,dlg,EntryList/200/Text,0,-1,"At last others will be safe from the raids and we will have rest for our families <FirstName>, Lathander be praised.",
hawklin2,dlg,EntryList/201/Text,0,-1,"<CUSTOM1020>, Godfroy, forgive me! I talk of Cormyr as if your own losses are secondary.",
hawklin2,dlg,EntryList/202/Text,0,-1,You are right to worry for those that still live Edgar. Let <FirstName> and me worry about our own troubles.,
hawklin2,dlg,EntryList/203/Text,0,-1,It is time that Cormyr knew peace. Too long has there been the sound of battle in these parts.,
hawklin2,dlg,EntryList/204/Text,0,-1,"Trust us, Sir Hawklin. We shall not fail.",
hawklin2,dlg,EntryList/205/Text,0,-1,"A Cormaeril you may be, but I know enough about you to think you will keep your word.",
hawklin2,dlg,EntryList/206/Text,0,-1,Huh! We'll trust you as much as we need.,
hawklin2,dlg,EntryList/207/Text,0,-1,"Valor shall be ours, father and your problems solved!",
hawklin2,dlg,EntryList/208/Text,0,-1,"Perhaps, my heart. Perhaps. But not if it costs me my last child. Be careful now.",
hawklin2,dlg,EntryList/209/Text,0,-1,I will be father.,
hawklin2,dlg,EntryList/21/Text,0,-1,"So you have said and it is a good victory, but there is more to be done.",
hawklin2,dlg,EntryList/210/Text,0,-1,Yes?,
hawklin2,dlg,EntryList/211/Text,0,-1,"Truth is I know little about the fort, except that it was abandoned before building was complete, though I do not recall why. I seem to remember that the moat was never completed, and that the curtain wall was half finished... Others may remember more detail than I.",
hawklin2,dlg,EntryList/212/Text,0,-1,"I had at least hoped that with Edgar on our side, the Purple Dragons might help us, but this looks unlikely with Laheralson now irritated. If Edgar is up to it though, I am certain he will come should you ask him.",
hawklin2,dlg,EntryList/213/Text,0,-1,You can often find him in the Sign of Thunder when he is not on duty.,
hawklin2,dlg,EntryList/214/Text,0,-1,"I must admit I am uncomfortable sending so few to deal with Polter's Fort, but what can we do? I have asked for aid from some of the other nobles, and they have promised to consider it by the next tournament, but that is still a while away. I do not think this can wait.",
hawklin2,dlg,EntryList/215/Text,0,-1,"My daughter is also with you. Though Kathryn is young, and at times impetuous... ",
hawklin2,dlg,EntryList/216/Text,0,-1,Father!,
hawklin2,dlg,EntryList/217/Text,0,-1,"Well it's true! Anyway, you can trust her, just, please, take care of her too.",
hawklin2,dlg,EntryList/218/Text,0,-1,There is no need to ask. I am indeed with you.,
hawklin2,dlg,EntryList/219/Text,0,-1,"I am sorry for the trouble at the bridge. Oversword Laheralson has been a law unto himself now for many years, and obviously desired to strip you of anything he could claim you had looted.",
hawklin2,dlg,EntryList/22/Text,0,-1,"That is excellent news <CUSTOM1021> <FirstName>. This will be a serious set back for the pirates, but... ",
hawklin2,dlg,EntryList/220/Text,0,-1,"Probably he did, but he acted within the law. Squiredom does not give the same rights as an Adventurer's Charter. Strictly speaking if Valetto had not bailed us out, Laheralson could have stripped you of your possessions and banished you from the kingdom. Did you find anything of interest in the barrow?",
hawklin2,dlg,EntryList/221/Text,0,-1,"Well, it matters to me not at all, but Valetto made a point and it was a good one.",
hawklin2,dlg,EntryList/222/Text,0,-1,"Not really, just a point that Valetto made, and it was a good one.",
hawklin2,dlg,EntryList/223/Text,0,-1," If you're going to tackle the raiders, don't take anything that might benefit them if it fell into their hands. I've heard rumors of great treasures in those barrows, so if you found something mighty, by Tyr, please don't take it with you!",
hawklin2,dlg,EntryList/224/Text,0,-1,"No, just if you found anything really powerful... actually come to think of it, perhaps it would be better if you took everything you can with you. It would be better to come away victorious, than to fail because you needed something you left behind. I'm surprised that Valetto did not think of that himself... ",
hawklin2,dlg,EntryList/225/Text,0,-1,"Anyway, I digress. I am very pleased by you <FirstName>. In the shortest time you have acted, not as a squire, but as a true knight. By rescuing Edgar Truesilver you have done both me and Cormyr a service. ",
hawklin2,dlg,EntryList/226/Text,0,-1,"Such valor is welcomed by Cormyr, <FirstName>. Tyr knows how stretched we are! Steadfast men and women who will serve the Crown are in short supply. For this reason, I hereby knight you Sir <FullName>, Knight of Cormyr. Step forward, Sir <FirstName>!",
hawklin2,dlg,EntryList/227/Text,0,-1,"Your knighthood will of course require the confirmation of the Crown for your investiture, and I shall ensure that you have it in due course. You will of course be titled 'Sir' from now on.",
hawklin2,dlg,EntryList/228/Text,0,-1,"I expect your knighthood to be a formality, but if you continue on your path of vengeance, then the Crown can only be pleased by the results. In times like these, any lands that come with the title will be a long time coming.",
hawklin2,dlg,EntryList/229/Text,0,-1,"Nevertheless, in the meantime you may make free use of the castle, and I shall assign a room to you on the upper floor. Make use of the strongbox in there too. I have placed some items in it for you, that... well ... would suit you better than gathering dust. I have little to give you, but I think it would make me proud if you took them.",
hawklin2,dlg,EntryList/23/Text,0,-1,"New ships can be built and new pirates appear. We must make sure we destroy the pirate's base and drive them from the lake for good. While Wyvernvapor has the castle, they can always return.",
hawklin2,dlg,EntryList/230/Text,0,-1,"Just some things that were once... Owain's, my son. He would not have minded I think.",
hawklin2,dlg,EntryList/231/Text,0,-1,"Well, they are yours <FirstName>... and I am sure you will treat them with respect.",
hawklin2,dlg,EntryList/232/Text,0,-1,"As a knight you will also need a suitable mount, so if you have not already purchased a warhorse, then please go to my stables and pick out a light warhorse for yourself. ",
hawklin2,dlg,EntryList/233/Text,0,-1,"Now, you will be eager to tackle Polter's Fort and get the revenge you seek. Luckily, I know where the fort can be found. <StartAction>[The option to travel to the fort is now available on leaving Thunderstone.]</Start>. Inside the fort you will doubtless find the one behind the raid on your farm. Revenge is within your grasp... ",
hawklin2,dlg,EntryList/234/Text,0,-1,Is there anything you need before you tackle the fort?,
hawklin2,dlg,EntryList/235/Text,0,-1,"Well I suggest a bit of research and preparation before you head for the fort, <CUSTOM1021> <FirstName>. Tell me if I can help.",
hawklin2,dlg,EntryList/236/Text,0,-1,"<CUSTOM1021> <FirstName>, you are a knight of Cormyr, it is your duty. But that aside, I thought you wanted to avenge your father's death? You won't achieve that sitting in Thunderstone.",
hawklin2,dlg,EntryList/237/Text,0,-1,"Now, tell me what you need to know, so that the task is made easier for you.",
hawklin2,dlg,EntryList/238/Text,0,-1,That is your right. So be it.,
hawklin2,dlg,EntryList/239/Text,0,-1,<FirstName>?,
hawklin2,dlg,EntryList/24/Text,0,-1,Really? What news?,
hawklin2,dlg,EntryList/240/Text,0,-1,What can I do for you?,
hawklin2,dlg,EntryList/241/Text,0,-1,"That is excellent news, but I have just received more urgent tidings.",
hawklin2,dlg,EntryList/242/Text,0,-1,"After your meeting with Manthis, the Forest Folk sent me another message: one of the most important captains in Thunderstone is in great danger. Edgar Truesilver was sent by me to intercept a force of raiders ransacking a barrow near Four Oaks Farm. It seems he may have been caught by a second force.",
hawklin2,dlg,EntryList/243/Text,0,-1,"Before I can consider anything else, you must go to his rescue as fast as you can! <StartAction>[The option to travel to the barrows is now enabled when you leave town.]</Start>.",
hawklin2,dlg,EntryList/244/Text,0,-1,"You are welcome here of course, but did you not receive my orders to link up with Edgar Truesilver?",
hawklin2,dlg,EntryList/245/Text,0,-1,"Please, travel with all haste to the barrow near Four Oaks Farm and help Edgar deal with the latest raiders. When you are both back here safely, then we can talk about the information from the Forest Folk.",
hawklin2,dlg,EntryList/246/Text,0,-1,"Important though it undoubtedly is to find the source of the raiders, we must first look after what we have. Edgar needs your help.",
hawklin2,dlg,EntryList/247/Text,0,-1,"When you both return safely, then we can talk about Polter's Fort.",
hawklin2,dlg,EntryList/248/Text,0,-1,"Squire <LastName>, is there something you need?",
hawklin2,dlg,EntryList/249/Text,0,-1,"Ah, you came! Good!",
hawklin2,dlg,EntryList/25/Text,0,-1,"Well... I am both relieved and alarmed. It is certainly good news that it was not the Sembians, but I worry to know the Witch Lord was seeking a way into my castle. The purpose can only be my murder. I am thankful there is no secret way in, but... ",
hawklin2,dlg,EntryList/250/Text,0,-1,"First of all, let me say officially welcome to my service. You will not find me a hard master I am sure, but there are one or two things that you must agree to, before I can formally take you on.",
hawklin2,dlg,EntryList/251/Text,0,-1,"Firstly, you must agree to follow my commands until such a time as I deem you worthy of knighthood. Failure to do so will obviously release both of us of our obligations to each other.",
hawklin2,dlg,EntryList/252/Text,0,-1,"Secondly, you must agree to conduct yourself in a manner worthy of a knight.",
hawklin2,dlg,EntryList/253/Text,0,-1,"Then congratulations, you are formally my squire. I shall lodge the necessary papers at the Crown Office. This of course gives you the right to bear arms freely while carrying out any service on my behalf.",
hawklin2,dlg,EntryList/254/Text,0,-1," In these difficult days many bear arms unbonded and illegally without a Charter, but we shall at least try to set an example. At the very least it will prevent the Purple Dragons picking on you because you are strangers.",
hawklin2,dlg,EntryList/255/Text,0,-1,"You are of course also entitled to your pay. I shall give you one month's salary in advance and an equipment allowance, one hundred and fifty golden lions, in view of the dangerous task ahead. Here you go. I suggest you buy yourself a decent horse with some of that money.",
hawklin2,dlg,EntryList/256/Text,0,-1,"Now, let us turn to your task... ",
hawklin2,dlg,EntryList/257/Text,0,-1,"True to my word to you, I shall offer you the chance of revenge that you crave as soon as I can, but 'till now we have not been able to identify where these raids come from. At last though we have a break. We have managed to secure a meeting with the leader of the Forest Folk. He may know where the raids originate from. ",
hawklin2,dlg,EntryList/258/Text,0,-1,"The Forest Folk are a loosely bonded alliance of some of the stranger and more fey creatures of Hullack Forest, like the centaurs and pixies.",
hawklin2,dlg,EntryList/259/Text,0,-1,There is not much love between the Forest Folk and the people of Thunderstone - the Forest Folk accuse the townspeople of hunting them - so their leader Manthis has refused to come to Thunderstone. You must travel to a pre-arranged location in Hullack Forest and meet this Manthis there. <StartAction>[The option to travel here is now enabled when you leave town.]</Start>,
hawklin2,dlg,EntryList/26/Text,0,-1,"I must watch my back it seems, and so must you <FirstName>. The Witch Lord must have many surviving agents.",
hawklin2,dlg,EntryList/260/Text,0,-1,"Do not leave the meeting place, but await further orders there. I chose the meeting place, and I can reach you there with a messenger bird of my own, so I will send you a reply.",
hawklin2,dlg,EntryList/261/Text,0,-1,"Here, take this messenger bird with you. Get the information from Manthis, and then send me the bird. Do not leave the meeting place, but await further orders there. I chose the meeting place, and I can reach you there with a messenger bird of my own, so I will send you a reply.",
hawklin2,dlg,EntryList/262/Text,0,-1,Let's hope that Manthis has the information we need to hit back at the raiders.,
hawklin2,dlg,EntryList/263/Text,0,-1,"Don't forget <FirstName>, that you are still carrying around your father's remains. You should deal with them first.",
hawklin2,dlg,EntryList/264/Text,0,-1,No <FirstName>. First we will bury our father's remains. Even Lena's revenge can wait on this.,
hawklin2,dlg,EntryList/265/Text,0,-1,"You have some leeway until you become accustomed to the behavior necessary, but yes it is. Failure to do so will result in a longer period of squiredom.",
hawklin2,dlg,EntryList/266/Text,0,-1,"As long as we get revenge, that's what matters.",
hawklin2,dlg,EntryList/267/Text,0,-1,As do I.,
hawklin2,dlg,EntryList/268/Text,0,-1,"I wouldn't have minded hearing the terms first, but I have heard that you are a reasonable man Sir Gilbert, so I also agree.",
hawklin2,dlg,EntryList/269/Text,0,-1,"If you find them unreasonable, then you are free to leave my service, though knighthood would obviously then be beyond your grasp. You would also have to repay me any monies that I have paid to you in excess of your period of service.",
hawklin2,dlg,EntryList/27/Text,0,-1,Oh! What dreadful news!,
hawklin2,dlg,EntryList/270/Text,0,-1,"The only exception is during war. If for any reason I have to ride to war on behalf of Cormyr, you are bound to my service for the duration of the war and may not leave it unless released by me. In the event of being knighted you will be expected to ride to the defense of Cormyr in any event.",
hawklin2,dlg,EntryList/271/Text,0,-1,"<FullName>, there are no other alternatives. Without the links your father had to me, no one else will give you the start you need. Be reasonable now!",
hawklin2,dlg,EntryList/272/Text,0,-1,I have no trouble with the terms. They are no different from those offered by any noble family. I should know!,
hawklin2,dlg,EntryList/273/Text,0,-1,"We agree. Sorry <FirstName>, but this is the journey we decided to take together. Let's stick to it.",
hawklin2,dlg,EntryList/274/Text,0,-1,"Come on <FirstName>! The conditions are not so unreasonable. We have come this far, why back off now?",
hawklin2,dlg,EntryList/275/Text,0,-1,"Ah! Kathryn my daughter, I see you have now met <FirstName> at last! Is <he/she> all that you imagined?",
hawklin2,dlg,EntryList/276/Text,0,-1,Father! What's that supposed to mean? Don't embarrass me!,
hawklin2,dlg,EntryList/277/Text,0,-1,"Anyway, I've got my own surprise for you, I'm going to be helping <FullName> with <his/her> tasks.",
hawklin2,dlg,EntryList/278/Text,0,-1,This is no time for silliness Kathryn. <CUSTOM1021> <FirstName> is involved in dangerous and important matters...,
hawklin2,dlg,EntryList/279/Text,0,-1,Now father that's enough! I'm doing this for you. I'm tired of being practically locked up in this castle. Let's not fight about it.,
hawklin2,dlg,EntryList/28/Text,0,-1,That one would escape was something I hoped to avoid. Let us hope nothing more comes of this... .,
hawklin2,dlg,EntryList/280/Text,0,-1,Have you really thought this through Kathryn? This is a very serious matter... and a very dangerous one too.,
hawklin2,dlg,EntryList/281/Text,0,-1,My mind is made up and there is nothing anyone can do to stop me. I want to help.,
hawklin2,dlg,EntryList/282/Text,0,-1,Oh! But... oh please let me come! It's so unfair I'm not allowed to do anything!,
hawklin2,dlg,EntryList/283/Text,0,-1,"Well, if you change your mind you will tell me, won't you?",
hawklin2,dlg,EntryList/284/Text,0,-1,"Oh, you will, I'm sure.",
hawklin2,dlg,EntryList/285/Text,0,-1,"Well, I'll be waiting then.",
hawklin2,dlg,EntryList/286/Text,0,-1,But please take care of yourself Kathryn. <CUSTOM1021> <FirstName> has important missions ahead and cannot always look out for you. I have lost two children already. I do not want to lose my last.,
hawklin2,dlg,EntryList/287/Text,0,-1,I'll take care father.,
hawklin2,dlg,EntryList/288/Text,0,-1,"Child, your father is right. You should stay at home. The world is a dangerous place and there is no place in it for you.",
hawklin2,dlg,EntryList/29/Text,0,-1,"There is nothing else that can be done however, so we must see how fate plays us.",
hawklin2,dlg,EntryList/3/Text,0,-1,"Your family has a plot in Kelemvor's Garden. Perhaps Patrick never told you? You will need to get a licence from the Crown Office, then go and see the gravedigger.",
hawklin2,dlg,EntryList/30/Text,0,-1,"Perhaps, but it is done now anyway, so there's is no point worrying about it now.",
hawklin2,dlg,EntryList/31/Text,0,-1,"You tried your best, and anyway, it is done, so there is no point worrying about it now.",
hawklin2,dlg,EntryList/32/Text,0,-1,"Yes. I had a man watching the Six Coffers. Alice left right after you and my man followed her to the Furniture's Fate where she met a woman. This woman is a local woman and has a house opposite the Sign of Thunder. She returned to her house, and not long after, a group of Sembian merchants entered the house. They are all in there now.",
hawklin2,dlg,EntryList/33/Text,0,-1,"If the Sembians are looking for secret ways into my castle, they are certainly planning some treachery, even my assassination. If you are comfortable with it <FirstName>, I would like you to surprise them in that house and clean them out.",
hawklin2,dlg,EntryList/34/Text,0,-1,"It's politics <FirstName>. I can't use the law to clean out spies. We all have to pretend it's some unfortunate accident, ruffians robbing the house or something along those lines, so that we don't give Sembia an excuse for war. Cormyr is weak.",
hawklin2,dlg,EntryList/35/Text,0,-1,"It's up to you <FirstName>, but it's for Cormyr. If we have the opportunity to eliminate Sembian agents, we should do so. The Princess Regent would certainly give her blessing.",
hawklin2,dlg,EntryList/36/Text,0,-1,"I gave you the choice on this one <FirstName>, but remember in the future that Cormyr may call upon you. As a knight you will have no choice but to answer the call. ",
hawklin2,dlg,EntryList/37/Text,0,-1,"However, we shall put this matter aside now. Was there anything else?",
hawklin2,dlg,EntryList/38/Text,0,-1,"Dead, and with no traces to me, Cormyr or the law in any way. We need to avoid a diplomatic incident and at the same time silence these spies. ",
hawklin2,dlg,EntryList/39/Text,0,-1,"This may look like dirty work, but it's for Cormyr, and sometimes that's necessary.",
hawklin2,dlg,EntryList/4/Text,0,-1,"Laying your father to rest would be a good start on your way to demonstrating knightly behavior. I am surprised you have forgotten to do it, quite frankly.",
hawklin2,dlg,EntryList/40/Text,0,-1,"Then do not wait long. Find the house opposite the Sign of Thunder, enter it, and kill those inside. I have already checked on the occupants: there are no children or uninvolved citizens in there.",
hawklin2,dlg,EntryList/41/Text,0,-1,And Cormyr's thanks to you <FirstName>.,
hawklin2,dlg,EntryList/42/Text,0,-1,"Father, you can count on us.",
hawklin2,dlg,EntryList/43/Text,0,-1,"Truthfully, I would rather you were not involved Kathryn, but I cannot ask <FirstName> to do something I would not be prepared for you to do.",
hawklin2,dlg,EntryList/44/Text,0,-1,"An unfortunate business this, but I agree with you Sir Gilbert. This is a necessary task. <FirstName> and I shall take it on, shan't we?",
hawklin2,dlg,EntryList/45/Text,0,-1,"I agree. This is a chance to prove my family's loyalty to Cormyr. <FirstName>, please do not pass this by.",
hawklin2,dlg,EntryList/46/Text,0,-1,"I feel somehow... dirtied by this. In fact the whole thing feels sordid and unpleasant, but we should see it through.",
hawklin2,dlg,EntryList/47/Text,0,-1,"Nothing yet. I have a man watching Alice, but he has not reported anything so far.",
hawklin2,dlg,EntryList/48/Text,0,-1,It interests me very much. Who asked?,
hawklin2,dlg,EntryList/49/Text,0,-1,"Then I guess that Alice Broadhand was commissioned for the job. Well, I suppose it is nice to know someone is looking, but the information is not really useful without more detail. You must have come to tell me for a reason.",
hawklin2,dlg,EntryList/5/Text,0,-1,"Can we please go and bury father's remains now, <FirstName>? I want to respect his final wishes even if you don't.",
hawklin2,dlg,EntryList/50/Text,0,-1,Would you help me find out who made the request?,
hawklin2,dlg,EntryList/51/Text,0,-1,Well at least you told me I suppose. Was there anything else? ,
hawklin2,dlg,EntryList/52/Text,0,-1,"Then this is what we'll do. I shall give you the information for Alice Broadhand, so that you deliver on your request, then I shall have her trailed and find out who is truly behind this.",
hawklin2,dlg,EntryList/53/Text,0,-1,"The truth is the castle has no secret entrance, only an exit, so there is little risk; a small lever on one of the statues opens it. Tell Alice Broadhand that.",
hawklin2,dlg,EntryList/54/Text,0,-1,"When I find out who is behind the request, I may need your help once more <FirstName>.",
hawklin2,dlg,EntryList/55/Text,0,-1,Was there something else?,
hawklin2,dlg,EntryList/56/Text,0,-1,"There are a number of possibilities. The Sembians are the most likely since they would like to destabilise Cormyr, but it could be the plots of another Noble. Maybe I have even drawn the attention of the Fire Knives, since I am so loyal to the crown.",
hawklin2,dlg,EntryList/57/Text,0,-1,A group of exiled nobles who seek to overthrow the Royal family.,
hawklin2,dlg,EntryList/58/Text,0,-1,"A group of exiled nobles who seek to overthrow the Royal family. It is likely that many of my kin have joined them too, much to my shame. The majority of my family were exiled for their part in the Abraxus Affair, a plot to kill King Azoun IV before the war.",
hawklin2,dlg,EntryList/59/Text,0,-1,Our neighbors the Sembians have long coveted some of Cormyr's lands. Agents and spies are common here in Thunderstone.,
hawklin2,dlg,EntryList/6/Text,0,-1,Good news I hope?,
hawklin2,dlg,EntryList/60/Text,0,-1,"Alice is a strange woman with enough secrets to topple almost anyone, but she never acts on the information she has. She has a code of her own. She can be trusted to do the jobs no one else wants to do, and that makes her useful. It's best if we don't cross her but instead go after the real villains. ",
hawklin2,dlg,EntryList/61/Text,0,-1,"Right, that's it. I'm out of here.",
hawklin2,dlg,EntryList/62/Text,0,-1,"A poor joke, but one we can live with if you mean to find out who's behind this request.",
hawklin2,dlg,EntryList/63/Text,0,-1,You think I'll let you blackmail my own father?,
hawklin2,dlg,EntryList/64/Text,0,-1,"I am saddened that you ask for money, <FirstName>. I do not need you to keep silent anyway. There is no entrance to the castle, only an exit.",
hawklin2,dlg,EntryList/65/Text,0,-1,You are a true knight <FirstName> and I thank you for clearing this debt. You have most certainly relieved me of a burden.,
hawklin2,dlg,EntryList/66/Text,0,-1,"Thank you <FirstName>. You are a fine <man/woman>, and I am proud to be your companion.",
hawklin2,dlg,EntryList/67/Text,0,-1,Go ahead.,
hawklin2,dlg,EntryList/68/Text,0,-1,Do you have proof of this?,
hawklin2,dlg,EntryList/69/Text,0,-1,She was always convinced Valetto was the one wrecking her. You must recover this document and bring it to me for proof.,
hawklin2,dlg,EntryList/7/Text,0,-1,"This is a very great victory <CUSTOM1021> <FirstName>, and we have honored your name publicly by making you the guest of honor in the tournament.  Long will I celebrate the day you first came to me. At your hands, most of our troubles have been ended.",
hawklin2,dlg,EntryList/70/Text,0,-1,Was there anything else?,
hawklin2,dlg,EntryList/71/Text,0,-1,Please! Let me see it!,
hawklin2,dlg,EntryList/72/Text,0,-1,"A disgrace! My own name will be caught up in this. Some will think it an act of spite on Valetto, but innocents are perishing here. You must bring Imelda to justice swiftly. ",
hawklin2,dlg,EntryList/73/Text,0,-1,"Alas! She is not in town now, and will not return until the next tournament. You must catch her then and escort her to the Crown Office for justice.",
hawklin2,dlg,EntryList/74/Text,0,-1,"Not for a few more days yet, but you have plenty to keep you busy until then.",
hawklin2,dlg,EntryList/75/Text,0,-1,"My thanks to you. She is a strange woman, but I thought I could trust her. Was there anything you needed? Anything at all?",
hawklin2,dlg,EntryList/76/Text,0,-1,Yes. I suppose you are right. I will do so.,
hawklin2,dlg,EntryList/77/Text,0,-1,She will be at the tournament ground. You must catch her there!,
hawklin2,dlg,EntryList/78/Text,0,-1,"Are you certain? That is a big accusation, for Valetto has been very helpful to me.",
hawklin2,dlg,EntryList/79/Text,0,-1,This... this is unbelievable! I would have been bankrupt long ago without Valetto's loans!,
hawklin2,dlg,EntryList/8/Text,0,-1,"This could have been a very great victory <CUSTOM1021> <FirstName>, and we have honored your name publicly by making you the guest of honor in the tournament, but I rue the fact you did a deal with Valetto, as my daughter has told me. I though, am prepared to forgive you for it, for at your hands, most of our troubles have been ended.",
hawklin2,dlg,EntryList/80/Text,0,-1,Let us discuss other matters for now.,
hawklin2,dlg,EntryList/81/Text,0,-1,"I can give you my oath on this if it helps you, Sir Gilbert. <FirstName> does not lie.",
hawklin2,dlg,EntryList/82/Text,0,-1,<He/She> is telling it like it is father. You can trust <FirstName>.,
hawklin2,dlg,EntryList/83/Text,0,-1,<StartAction>[Success]</Start> Yes. Yes. You are right. A cool head is needed for this. Thankyou.,
hawklin2,dlg,EntryList/84/Text,0,-1,I can't believe it!,
hawklin2,dlg,EntryList/85/Text,0,-1,I have to think on this.,
hawklin2,dlg,EntryList/86/Text,0,-1,"<StartAction>[Success]</Start> Well, I suppose there is sense in that... ",
hawklin2,dlg,EntryList/87/Text,0,-1,This... this is quite a shock. I have been taken for a fool! You must find Valetto and bring him to justice!,
hawklin2,dlg,EntryList/88/Text,0,-1,"Yes, you said, and we must deal with him...",
hawklin2,dlg,EntryList/89/Text,0,-1,"The Wyvern Crown? That is a relic of the Witch Lords themselves. Perhaps that is why the creature you met claimed to be a Witch Lord... After the battle where the Witch Lords were destroyed, King Galaghard took the crown.",
hawklin2,dlg,EntryList/9/Text,0,-1,It is very good news that at least the piracy will no longer plague the lake. Was there more I can help you with?,
hawklin2,dlg,EntryList/90/Text,0,-1,"It is a powerful artifact, though with some undesirable side effects, so it was placed in the Royal Treasury. There it resided for many years. Recently though, thieves broke into the treasury and stole many items, the Wyvern Crown among them.",
hawklin2,dlg,EntryList/91/Text,0,-1,"Some of the items have since been recovered, some not, but of the Wyvern Crown there has been no word except a very precise rumor. This states that the thieves crossed an area of Wild Magic, and that this triggered a Gemjump spell on the crown.",
hawklin2,dlg,EntryList/92/Text,0,-1,A Gemjump spell is a spell placed on a gem that can be used to teleport the item to a specific location. The Wyvern Crown is reputed to carry several gems. It is more than possible that one had such a spell on it.,
hawklin2,dlg,EntryList/93/Text,0,-1,"If this is so, then the Wyvern Crown probably would have returned to this area, and indeed may even be in one of the barrows. Those barrows were often linked with the Witch Lords.",
hawklin2,dlg,EntryList/94/Text,0,-1,"There are hundreds of barrows. It is hopeless for us to seek it ourselves, but if the crown falls into the hands of another... I must speak urgently with Caladnei about this. She will know what to do.",
hawklin2,dlg,EntryList/95/Text,0,-1,"Is that so? That is a worrying turn. We have long thought that Wyvernvapor was not malevolent, but some have become suspicious with all the piracy on the lake, including myself. Even so, no one knows for sure where to find Wyvernvapor.",
hawklin2,dlg,EntryList/96/Text,0,-1,"Well, that is an old fable that one. Strangely it has another link to the Witch Lords, for that is the story of their castle: a magic castle that could never be found upon the lake. Such a castle is supposed to exist, though those that say they have seen it are generally ridiculed. ",
hawklin2,dlg,EntryList/97/Text,0,-1,"However a mythallar would explain much. Only a mythallar would have the power needed to raise a castle from the bottom of the lake. If Wyvernvapor lives in the castle, it would explain why he is so rarely seen.",
hawklin2,dlg,EntryList/98/Text,0,-1,First tell me the nature of the creature that was behind the raids.,
hawklin2,dlg,EntryList/99/Text,0,-1,"Impossible! The Witch Lords were destroyed more than 400 years ago, and in any event were far too powerful for you or I to slay if one was alive today! Legend maintains they were liches.",
hawklin2,dlg,ReplyList/0/Text,0,-1,<StartAction>[Talk about something else]</Start>,
hawklin2,dlg,ReplyList/1/Text,0,-1,There is nothing further I wish to discuss.,
hawklin2,dlg,ReplyList/10/Text,0,-1,I found Valetto in Wyvernwater Castle.,
hawklin2,dlg,ReplyList/104/Text,0,-1,The Witch Lord told me that his master is seeking the Wyvern Crown.,
hawklin2,dlg,ReplyList/107/Text,0,-1,What is a Gemjump spell?,
hawklin2,dlg,ReplyList/109/Text,0,-1,Go on.,
hawklin2,dlg,ReplyList/11/Text,0,-1,<StartCheck>[Bluff]</Start>I killed him as he deserved.,
hawklin2,dlg,ReplyList/111/Text,0,-1,The Witch Lord said his master was the dragon Wyvernvapor.,
hawklin2,dlg,ReplyList/112/Text,0,-1,<StartAction>[Detail to Sir Gilbert Hawklin how Wyvenvapor's castle is concealed.]</Start>,
hawklin2,dlg,ReplyList/114/Text,0,-1,A gnome in the fort referred to it as the Witch Lord.,
hawklin2,dlg,ReplyList/115/Text,0,-1,One of the documents that I found referred to it as the Witch Lord.,
hawklin2,dlg,ReplyList/116/Text,0,-1,"I do not know what it was for certain, but many of the hobgoblins were calling out for the Witch Lord.",
hawklin2,dlg,ReplyList/12/Text,0,-1,I let him go free.,
hawklin2,dlg,ReplyList/120/Text,0,-1,Yes,
hawklin2,dlg,ReplyList/121/Text,0,-1,What do you know about Wyvervnapor?,
hawklin2,dlg,ReplyList/123/Text,0,-1,Thanks for the information. I'll return later.,
hawklin2,dlg,ReplyList/124/Text,0,-1,Let's discuss something else.,
hawklin2,dlg,ReplyList/125/Text,0,-1,Can you tell me a little about yourself?,
hawklin2,dlg,ReplyList/126/Text,0,-1,Then I shall be going for now... ,
hawklin2,dlg,ReplyList/127/Text,0,-1,We can talk later if you prefer?,
hawklin2,dlg,ReplyList/129/Text,0,-1,What will you share?,
hawklin2,dlg,ReplyList/13/Text,0,-1,If I can sink the castle he will lose his base anyway.,
hawklin2,dlg,ReplyList/131/Text,0,-1,This is obviously painful. Let's leave it.,
hawklin2,dlg,ReplyList/132/Text,0,-1,No,
hawklin2,dlg,ReplyList/133/Text,0,-1,Yes,
hawklin2,dlg,ReplyList/134/Text,0,-1,What happened after that?,
hawklin2,dlg,ReplyList/137/Text,0,-1,I agree. Let's talk more later.,
hawklin2,dlg,ReplyList/138/Text,0,-1,Let me ask you something else.,
hawklin2,dlg,ReplyList/139/Text,0,-1,I'll leave you for now. We can talk again later.,
hawklin2,dlg,ReplyList/14/Text,0,-1,His motives made sense. He was forced to piracy for the greater good.,
hawklin2,dlg,ReplyList/140/Text,0,-1,Then can I ask something else?,
hawklin2,dlg,ReplyList/142/Text,0,-1,Thanks.,
hawklin2,dlg,ReplyList/143/Text,0,-1,I want to ask you about something.,
hawklin2,dlg,ReplyList/144/Text,0,-1,Castle Wyvernwater has sunk beneath the waves where it belongs.,
hawklin2,dlg,ReplyList/145/Text,0,-1,The rise and fall of the castle was controlled by a crystal ball that detected the weather.,
hawklin2,dlg,ReplyList/146/Text,0,-1,I have the ball with me.,
hawklin2,dlg,ReplyList/148/Text,0,-1,"No, I returned it to the dragon.",
hawklin2,dlg,ReplyList/149/Text,0,-1,The dragon told me that the creature I met in Polter's Fort was truly a Witch Lord.,
hawklin2,dlg,ReplyList/15/Text,0,-1,I felt pity for him.,
hawklin2,dlg,ReplyList/152/Text,0,-1,<StartAction>[Tell Hawklin what the dragon told you about the Witch Lords.]</Start>,
hawklin2,dlg,ReplyList/153/Text,0,-1,Wasn't defeating Wyvernvapor a victory?,
hawklin2,dlg,ReplyList/154/Text,0,-1,What can we do about it?,
hawklin2,dlg,ReplyList/155/Text,0,-1,<StartAction>[Show the map.]</Start>,
hawklin2,dlg,ReplyList/157/Text,0,-1,Do I get any money for that?,
hawklin2,dlg,ReplyList/159/Text,0,-1,Guest of honor? What does that mean?,
hawklin2,dlg,ReplyList/16/Text,0,-1,I killed him as he deserved.,
hawklin2,dlg,ReplyList/160/Text,0,-1,You mean the joust is a fresh start for me?,
hawklin2,dlg,ReplyList/162/Text,0,-1,Is there anything else you need from me?,
hawklin2,dlg,ReplyList/163/Text,0,-1,What about the Witch Lord?,
hawklin2,dlg,ReplyList/164/Text,0,-1,I'll think on it. Goodbye for now.,
hawklin2,dlg,ReplyList/165/Text,0,-1,I will do so.,
hawklin2,dlg,ReplyList/166/Text,0,-1,Goodbye for now.,
hawklin2,dlg,ReplyList/167/Text,0,-1,<StartCheck>[Bluff]</Start> I destroyed the ball.,
hawklin2,dlg,ReplyList/168/Text,0,-1,I destroyed the ball.,
hawklin2,dlg,ReplyList/17/Text,0,-1,I found the pirate ship within Wyverwater Castle and set it on fire.,
hawklin2,dlg,ReplyList/171/Text,0,-1,Goodbye for now.,
hawklin2,dlg,ReplyList/172/Text,0,-1,Let's discuss something.,
hawklin2,dlg,ReplyList/173/Text,0,-1,Yes I have.,
hawklin2,dlg,ReplyList/175/Text,0,-1,I have nothing more to discuss.,
hawklin2,dlg,ReplyList/176/Text,0,-1,What are you going to do about Wyvernvapor?,
hawklin2,dlg,ReplyList/177/Text,0,-1,Well that's your problem. I am done with this.,
hawklin2,dlg,ReplyList/182/Text,0,-1,How can I help?,
hawklin2,dlg,ReplyList/185/Text,0,-1,I will start my search now.,
hawklin2,dlg,ReplyList/186/Text,0,-1,Do I get any help with the castle?,
hawklin2,dlg,ReplyList/19/Text,0,-1,I'm on to it.,
hawklin2,dlg,ReplyList/197/Text,0,-1,That is excellent news.,
hawklin2,dlg,ReplyList/198/Text,0,-1,<StartCheck>[Bluff]</Start> I found him and killed him.,
hawklin2,dlg,ReplyList/20/Text,0,-1,How do I get rid of their base?,
hawklin2,dlg,ReplyList/205/Text,0,-1,"I found him, but I did not kill him.",
hawklin2,dlg,ReplyList/206/Text,0,-1,I found him and killed him.,
hawklin2,dlg,ReplyList/209/Text,0,-1,Let's talk about the Adventurer's Charter... ,
hawklin2,dlg,ReplyList/21/Text,0,-1,Merchant Imelda has been paying the Witch Lord for raids on the farms.,
hawklin2,dlg,ReplyList/210/Text,0,-1,Here is the money you need to repay the cost of the Adventurer's Charter. ,
hawklin2,dlg,ReplyList/211/Text,0,-1,It was a pleasure.,
hawklin2,dlg,ReplyList/213/Text,0,-1,What is an Adventurer's Charter?,
hawklin2,dlg,ReplyList/215/Text,0,-1,Thanks for the information.,
hawklin2,dlg,ReplyList/216/Text,0,-1,Goodbye for now.,
hawklin2,dlg,ReplyList/217/Text,0,-1,Thanks for the information.,
hawklin2,dlg,ReplyList/218/Text,0,-1,Goodbye for now.,
hawklin2,dlg,ReplyList/219/Text,0,-1,Do I owe someone for the Adventurer's Charter?,
hawklin2,dlg,ReplyList/22/Text,0,-1,I have news on the Sembian agent who escaped us here in Thunderstone.,
hawklin2,dlg,ReplyList/221/Text,0,-1,The debt is yours. I did not ask for it!,
hawklin2,dlg,ReplyList/222/Text,0,-1,Maybe. Anyway we're done for now.,
hawklin2,dlg,ReplyList/223/Text,0,-1,I do not pay other's debts.,
hawklin2,dlg,ReplyList/224/Text,0,-1,Goodbye for now.,
hawklin2,dlg,ReplyList/225/Text,0,-1,I'll consider it.,
hawklin2,dlg,ReplyList/226/Text,0,-1,Goodbye for now.,
hawklin2,dlg,ReplyList/227/Text,0,-1,I will see the debt paid off.,
hawklin2,dlg,ReplyList/229/Text,0,-1,I want to ask you something about Valetto.,
hawklin2,dlg,ReplyList/23/Text,0,-1,"Firstly he is dead, and secondly he was from the Witch Lord, not the Sembians. <StartAction>[Tell Hawklin about the attack on the road.]</Start>",
hawklin2,dlg,ReplyList/230/Text,0,-1,What can you tell me about Valetto?,
hawklin2,dlg,ReplyList/231/Text,0,-1,My thanks.,
hawklin2,dlg,ReplyList/232/Text,0,-1,Valetto mentioned a condition.,
hawklin2,dlg,ReplyList/234/Text,0,-1,My thanks.,
hawklin2,dlg,ReplyList/235/Text,0,-1,I don't understand. Why did Valetto pay for the Adventurer's Charter?,
hawklin2,dlg,ReplyList/236/Text,0,-1,My thanks.,
hawklin2,dlg,ReplyList/237/Text,0,-1,What should I do now?,
hawklin2,dlg,ReplyList/241/Text,0,-1,My thanks.,
hawklin2,dlg,ReplyList/242/Text,0,-1,I have another question.,
hawklin2,dlg,ReplyList/25/Text,0,-1,I shall.,
hawklin2,dlg,ReplyList/253/Text,0,-1,Let's talk about Polter's Fort.,
hawklin2,dlg,ReplyList/254/Text,0,-1,Never mind,
hawklin2,dlg,ReplyList/255/Text,0,-1,Can you tell me anything about Polter's Fort?,
hawklin2,dlg,ReplyList/256/Text,0,-1,My thanks.,
hawklin2,dlg,ReplyList/257/Text,0,-1,Can I expect any help with Polter's Fort?,
hawklin2,dlg,ReplyList/26/Text,0,-1,"I am sorry Sir Hawklin, but one of the Sembian agents escaped from the house.",
hawklin2,dlg,ReplyList/260/Text,0,-1,My thanks.,
hawklin2,dlg,ReplyList/265/Text,0,-1,Did he not know that I am your squire?,
hawklin2,dlg,ReplyList/266/Text,0,-1,What's it to you?,
hawklin2,dlg,ReplyList/267/Text,0,-1,Does it matter?,
hawklin2,dlg,ReplyList/269/Text,0,-1,You think I should leave everything behind?,
hawklin2,dlg,ReplyList/27/Text,0,-1,"He was a magic-user of some sort, and teleported out before I could get to him.",
hawklin2,dlg,ReplyList/271/Text,0,-1,"OK, I won't.",
hawklin2,dlg,ReplyList/274/Text,0,-1,That's only fair.,
hawklin2,dlg,ReplyList/275/Text,0,-1,I am honored.,
hawklin2,dlg,ReplyList/277/Text,0,-1,What items?,
hawklin2,dlg,ReplyList/278/Text,0,-1,My thanks to you.,
hawklin2,dlg,ReplyList/279/Text,0,-1,Can I do whatever I like with these items?,
hawklin2,dlg,ReplyList/280/Text,0,-1,I will do so.,
hawklin2,dlg,ReplyList/283/Text,0,-1,Not right now.,
hawklin2,dlg,ReplyList/284/Text,0,-1,Goodbye for now.,
hawklin2,dlg,ReplyList/285/Text,0,-1,I have questions.,
hawklin2,dlg,ReplyList/286/Text,0,-1,I don't actually want to tackle the fort.,
hawklin2,dlg,ReplyList/288/Text,0,-1,I have some questions.,
hawklin2,dlg,ReplyList/289/Text,0,-1,I would prefer to be called Lady <FirstName>.,
hawklin2,dlg,ReplyList/29/Text,0,-1,You should have dealt with it yourself.,
hawklin2,dlg,ReplyList/291/Text,0,-1,No,
hawklin2,dlg,ReplyList/292/Text,0,-1,Yes,
hawklin2,dlg,ReplyList/294/Text,0,-1,I have the information from the Forest Folk on the origin of the raids.,
hawklin2,dlg,ReplyList/298/Text,0,-1,Remind me where to find Truesilver.,
hawklin2,dlg,ReplyList/299/Text,0,-1,I will do what I can.,
hawklin2,dlg,ReplyList/30/Text,0,-1,I am sorry I let you down.,
hawklin2,dlg,ReplyList/300/Text,0,-1,"I did, but I thought it more important to follow up on the information from the Forest Folk.",
hawklin2,dlg,ReplyList/301/Text,0,-1,I will go and help him now then.,
hawklin2,dlg,ReplyList/303/Text,0,-1,Remind me what it is you need me to do.,
hawklin2,dlg,ReplyList/305/Text,0,-1,Go on.,
hawklin2,dlg,ReplyList/306/Text,0,-1,I agree.,
hawklin2,dlg,ReplyList/307/Text,0,-1,Yes of course.,
hawklin2,dlg,ReplyList/309/Text,0,-1,Is there any kind of pay?,
hawklin2,dlg,ReplyList/31/Text,0,-1,Then I'm done.,
hawklin2,dlg,ReplyList/310/Text,0,-1,Thanks.,
hawklin2,dlg,ReplyList/312/Text,0,-1,The Forest Folk?,
hawklin2,dlg,ReplyList/314/Text,0,-1,Where do I meet this leader?,
hawklin2,dlg,ReplyList/317/Text,0,-1,Good. Let me ask you about something else before I go.,
hawklin2,dlg,ReplyList/318/Text,0,-1,I will get on to it now.,
hawklin2,dlg,ReplyList/32/Text,0,-1,Let us turn to another subject.,
hawklin2,dlg,ReplyList/321/Text,0,-1,I agree it is important to show lawful behavior.,
hawklin2,dlg,ReplyList/322/Text,0,-1,"It is an honor to serve you, my lord.",
hawklin2,dlg,ReplyList/323/Text,0,-1,Is that really necessary?,
hawklin2,dlg,ReplyList/324/Text,0,-1,Very well.,
hawklin2,dlg,ReplyList/328/Text,0,-1,That depends what sort of commands you intend to give me.,
hawklin2,dlg,ReplyList/33/Text,0,-1,Did you have any news on who has been looking for the secret way in to your castle?,
hawklin2,dlg,ReplyList/330/Text,0,-1,I'm not sure about this... ,
hawklin2,dlg,ReplyList/331/Text,0,-1,"Very well, I agree.",
hawklin2,dlg,ReplyList/335/Text,0,-1,"Very well, I agree.",
hawklin2,dlg,ReplyList/342/Text,0,-1,"Kathryn, I've changed my mind. You should stay here.",
hawklin2,dlg,ReplyList/343/Text,0,-1,"No, stay here.",
hawklin2,dlg,ReplyList/344/Text,0,-1,I won't change it.,
hawklin2,dlg,ReplyList/345/Text,0,-1,Of course,
hawklin2,dlg,ReplyList/346/Text,0,-1,OK,
hawklin2,dlg,ReplyList/347/Text,0,-1,"Oh very well, you can come.",
hawklin2,dlg,ReplyList/35/Text,0,-1,Can't you get the Watch or the Purple Dragons to do that?,
hawklin2,dlg,ReplyList/350/Text,0,-1,Then the matter is settled. You can come with me.,
hawklin2,dlg,ReplyList/36/Text,0,-1,I don't think I am interested in that.,
hawklin2,dlg,ReplyList/37/Text,0,-1,I'll leave you to deal with that. It's not my problem.,
hawklin2,dlg,ReplyList/39/Text,0,-1,I am done.,
hawklin2,dlg,ReplyList/40/Text,0,-1,Fine. Do you want them dead or alive?,
hawklin2,dlg,ReplyList/42/Text,0,-1,I've changed my mind.,
hawklin2,dlg,ReplyList/43/Text,0,-1,I'm fine to do it.,
hawklin2,dlg,ReplyList/45/Text,0,-1,I will leave now.,
hawklin2,dlg,ReplyList/5/Text,0,-1,I have news for you regarding the pirates.,
hawklin2,dlg,ReplyList/51/Text,0,-1,Fine. Let's talk again later.,
hawklin2,dlg,ReplyList/52/Text,0,-1,I have been asked to find a secret way into your castle. I am certain this will interest you.,
hawklin2,dlg,ReplyList/53/Text,0,-1,"I don't know who actually wants the information, but the request came through Alice Broadhand.",
hawklin2,dlg,ReplyList/54/Text,0,-1,Alice Broadhand.,
hawklin2,dlg,ReplyList/55/Text,0,-1,I can't say.,
hawklin2,dlg,ReplyList/56/Text,0,-1,I just came to tell you so you can do whatever you want with the information.,
hawklin2,dlg,ReplyList/57/Text,0,-1,No,
hawklin2,dlg,ReplyList/58/Text,0,-1,I am done.,
hawklin2,dlg,ReplyList/59/Text,0,-1,Yes,
hawklin2,dlg,ReplyList/6/Text,0,-1,"With the castle now beneath the lake, the pirate's base is destroyed and many of them killed.",
hawklin2,dlg,ReplyList/60/Text,0,-1,You're right. I thought we should find out who's behind it.,
hawklin2,dlg,ReplyList/63/Text,0,-1,We'll see when the time comes.,
hawklin2,dlg,ReplyList/64/Text,0,-1,Of course.,
hawklin2,dlg,ReplyList/65/Text,0,-1,"No, I'm done.",
hawklin2,dlg,ReplyList/66/Text,0,-1,Who do you suspect is behind this?,
hawklin2,dlg,ReplyList/67/Text,0,-1,Who are the Fire Knives?,
hawklin2,dlg,ReplyList/68/Text,0,-1,Who are the Sembians?,
hawklin2,dlg,ReplyList/69/Text,0,-1,Why not just arrest Alice Broadhand?,
hawklin2,dlg,ReplyList/70/Text,0,-1,Then just tell me when you need my help. Bye for now.,
hawklin2,dlg,ReplyList/71/Text,0,-1,I want some money to keep silent.,
hawklin2,dlg,ReplyList/72/Text,0,-1,I'm only joking of course!,
hawklin2,dlg,ReplyList/73/Text,0,-1,Why?,
hawklin2,dlg,ReplyList/74/Text,0,-1,Leave. I don't care. ,
hawklin2,dlg,ReplyList/76/Text,0,-1,Here is the money you need to repay the cost of the Adventurer's Charter. ,
hawklin2,dlg,ReplyList/77/Text,0,-1,It was a pleasure.,
hawklin2,dlg,ReplyList/79/Text,0,-1,Let's talk about what I found in Polter's Fort.,
hawklin2,dlg,ReplyList/8/Text,0,-1,"No, I am done.",
hawklin2,dlg,ReplyList/80/Text,0,-1,Merchant Imelda has been paying the Witch Lord for raids on the farms.,
hawklin2,dlg,ReplyList/81/Text,0,-1,"Not with me, but I saw a document in Polter's Fort pledging payments for raids on Valetto's farms.",
hawklin2,dlg,ReplyList/83/Text,0,-1,I am done for now.,
hawklin2,dlg,ReplyList/84/Text,0,-1,"I do. This is one of the documents from Polter's Fort, pledging payments for raids on Valetto's farms.",
hawklin2,dlg,ReplyList/87/Text,0,-1,When is the next tournament?,
hawklin2,dlg,ReplyList/88/Text,0,-1,I am done for now.,
hawklin2,dlg,ReplyList/89/Text,0,-1,I will do so.,
hawklin2,dlg,ReplyList/90/Text,0,-1,She is your problem. I suggest you deal with her.,
hawklin2,dlg,ReplyList/91/Text,0,-1,I am done for now.,
hawklin2,dlg,ReplyList/92/Text,0,-1,I discovered that the piracy on Lake Wyvernwater is being carried out by Valetto.,
hawklin2,dlg,ReplyList/93/Text,0,-1,"<StartAction>[Explain how Valetto is bankrupting Hawklin with his piracy, buying up farms to act as bases to search unmolested for the Wyvern Crown.]</Start>",
hawklin2,dlg,ReplyList/94/Text,0,-1,Have it your way. I'm telling the truth.,
hawklin2,dlg,ReplyList/98/Text,0,-1,<StartCheck>[Taunt]</Start> You're a fool Sir Gilbert. Use your brain and you'll see the truth.,
hawklin2,dlg,ReplyList/99/Text,0,-1,<StartCheck>[Persuade]</Start> You wouldn't need the loans if Valetto wasn't sinking your ships.,
hawklin3,dlg,EntryList/0/Text,0,-1,"Difficult times these are <CUSTOM1021> <FirstName>, but if it hadn't been for you the danger would now be much greater.",
hawklin3,dlg,EntryList/1/Text,0,-1,"Unless you have questions for me, you must prepare yourself for the march ahead. Caladnei here can tell you what's needed.",
hawklin3,dlg,EntryList/10/Text,0,-1,"You tried your best, and anyway, it is done, so there is no point worrying about it now.",
hawklin3,dlg,EntryList/11/Text,0,-1,"Yes. I had a man watching the Six Coffers. Alice left right after you and my man followed her to the Furniture's Fate where she met a woman. This woman is a local woman and has a house opposite the Sign of Thunder. She returned to her house, and not long after, a group of Sembian merchants entered the house. They are all in there now.",
hawklin3,dlg,EntryList/12/Text,0,-1,"If the Sembians are looking for secret ways into my castle, they are certainly planning some treachery, even my assassination. If you are comfortable with it <FirstName>, I would like you to surprise them in that house and clean them out.",
hawklin3,dlg,EntryList/13/Text,0,-1,"It's politics <FirstName>. I can't use the law to clean out spies. We all have to pretend it's some unfortunate accident, ruffians robbing the house or something along those lines, so that we don't give Sembia an excuse for war. Cormyr is weak.",
hawklin3,dlg,EntryList/14/Text,0,-1,"It's up to you <FirstName>, but it's for Cormyr. If we have the opportunity to eliminate Sembian agents, we should do so. The Princess Regent would certainly give her blessing.",
hawklin3,dlg,EntryList/15/Text,0,-1,"I gave you the choice on this one <FirstName>, but remember in the future that Cormyr may call upon you. As a knight you will have no choice but to come to the call. ",
hawklin3,dlg,EntryList/16/Text,0,-1,"However, we shall put this matter aside now. Was there anything else?",
hawklin3,dlg,EntryList/17/Text,0,-1,"Dead, and with no traces to me, Cormyr or the law in any way. We need to avoid a diplomatic incident and at the same time silence these spies. ",
hawklin3,dlg,EntryList/18/Text,0,-1,"This may look like dirty work, but it's for Cormyr, and sometimes that's necessary.",
hawklin3,dlg,EntryList/19/Text,0,-1,"Then do not wait long. Find the house opposite the Sign of Thunder, enter it, and kill those inside. I have already checked on the occupants: there are no children or uninvolved citizens in there.",
hawklin3,dlg,EntryList/2/Text,0,-1,What is it?,
hawklin3,dlg,EntryList/20/Text,0,-1,And Cormyr's thanks to you <FirstName>.,
hawklin3,dlg,EntryList/21/Text,0,-1,"Father, you can count on us.",
hawklin3,dlg,EntryList/22/Text,0,-1,"Truthfully, I would rather you were not involved Kathryn, but I cannot ask <FirstName> to do something I would not be prepared for you to do.",
hawklin3,dlg,EntryList/23/Text,0,-1,"An unfortunate business this, but I agree with you Sir Gilbert. This is a necessary task. <FirstName> and I shall take it on, shan't we?",
hawklin3,dlg,EntryList/24/Text,0,-1,"I agree. This is a chance to prove my family's loyalty to Cormyr. <FirstName>, please do not pass this by.",
hawklin3,dlg,EntryList/25/Text,0,-1,"I feel somehow...dirtied by this. In fact the whole thing feels sordid and unpleasant, but we should see it through.",
hawklin3,dlg,EntryList/26/Text,0,-1,"Nothing yet. I have a man watching Alice, but he has not reported anything so far.",
hawklin3,dlg,EntryList/27/Text,0,-1,It interests me very much. Who asked?,
hawklin3,dlg,EntryList/28/Text,0,-1,"Then I guess that Alice Broadhand was commissioned for the job. Well, I suppose it is nice to know someone is looking, but the information is not really useful without more detail. You must have come to tell me for a reason.",
hawklin3,dlg,EntryList/29/Text,0,-1,Would you help me find out who made the request?,
hawklin3,dlg,EntryList/3/Text,0,-1,Really? What news?,
hawklin3,dlg,EntryList/30/Text,0,-1,Well at least you told me I suppose. Was there anything else? ,
hawklin3,dlg,EntryList/31/Text,0,-1,"Then this is what we'll do. I shall give you the information for Alice Broadhand, so that you deliver on your request, then I shall have her trailed and find out who is truly behind this.",
hawklin3,dlg,EntryList/32/Text,0,-1,"The truth is the castle has no secret entrance, only an exit, so there is little risk; a small lever on one of the statues opens it. Tell Alice Broadhand that.",
hawklin3,dlg,EntryList/33/Text,0,-1,"When I find out who is behind the request, I may need your help once more <FirstName>.",
hawklin3,dlg,EntryList/34/Text,0,-1,Was there something else?,
hawklin3,dlg,EntryList/35/Text,0,-1,"There are a number of possibilities. The Sembians are the most likely since they would like to destabilise Cormyr, but it could be the plots of another Noble. Maybe I have even drawn the attention of the Fire Knives, since I am so loyal to the crown.",
hawklin3,dlg,EntryList/36/Text,0,-1,A group of exiled nobles who seek to overthrow the Royal family.,
hawklin3,dlg,EntryList/37/Text,0,-1,"A group of exiled nobles who seek to overthrow the Royal family. It is likely that many of my kin have joined them too, much to my shame. The majority of my family were exiled for their part in the Abraxus Affair, a plot to kill King Azoun IV before the war.",
hawklin3,dlg,EntryList/38/Text,0,-1,Our neighbors the Sembians have long coveted some of Cormyr's lands. Agents and spies are common here in Thunderstone.,
hawklin3,dlg,EntryList/39/Text,0,-1,"Alice is a strange woman with enough secrets to topple almost anyone, but she never acts on the information she has. She has a code of her own. She can be trusted to do the jobs no one else wants to do, and that makes her useful. It's best if we don't cross her but instead go after the real villains. ",
hawklin3,dlg,EntryList/4/Text,0,-1,"Well...I am both relieved and alarmed. It is certainly good news that it was not the Sembians, but I worry to know the Witch Lord was seeking a way into my castle. The purpose can only be my murder. I am thankful there is no secret way in, but...",
hawklin3,dlg,EntryList/40/Text,0,-1,"Right, that's it. I'm out of here.",
hawklin3,dlg,EntryList/41/Text,0,-1,"A poor joke, but one we can live with if you mean to find out who's behind this request.",
hawklin3,dlg,EntryList/42/Text,0,-1,You think I'll let you blackmail my own father?,
hawklin3,dlg,EntryList/43/Text,0,-1,"I am saddened that you ask for money, <FirstName>. I do not need you to keep silent anyway. There is no entrance to the castle, only an exit.",
hawklin3,dlg,EntryList/44/Text,0,-1,You are a true knight <FirstName> and I thank you for clearing this debt. You have most certainly relieved me of a burden.,
hawklin3,dlg,EntryList/45/Text,0,-1,"Thank you <FirstName>. You are a fine <man/woman>, and I am proud to be your companion.",
hawklin3,dlg,EntryList/46/Text,0,-1,You are a true knight <FirstName> and I thank you for clearing this debt. You have most certainly relieved me of a burden.,
hawklin3,dlg,EntryList/5/Text,0,-1,"I must watch my back it seems, and so must you <FirstName>. The Witch Lord must have many surviving agents.",
hawklin3,dlg,EntryList/6/Text,0,-1,Oh! What dreadful news!,
hawklin3,dlg,EntryList/7/Text,0,-1,That one would escape was something I hoped to avoid. Let us hope nothing more comes of this....,
hawklin3,dlg,EntryList/8/Text,0,-1,"There is nothing else that can be done however, so we must see how fate plays us.",
hawklin3,dlg,EntryList/9/Text,0,-1,"Perhaps, but it is done now anyway, so there's is no point worrying about it now.",
hawklin3,dlg,ReplyList/1/Text,0,-1,Thanks.,
hawklin3,dlg,ReplyList/11/Text,0,-1,You should have dealt with it yourself.,
hawklin3,dlg,ReplyList/12/Text,0,-1,I am sorry I let you down.,
hawklin3,dlg,ReplyList/13/Text,0,-1,Then I'm done.,
hawklin3,dlg,ReplyList/14/Text,0,-1,Let us turn to another subject.,
hawklin3,dlg,ReplyList/15/Text,0,-1,Did you have any news on who has been looking for the secret way in to your castle?,
hawklin3,dlg,ReplyList/17/Text,0,-1,Can't you get the Watch or the Purple Dragons to do that?,
hawklin3,dlg,ReplyList/18/Text,0,-1,I don't think I am interested in that.,
hawklin3,dlg,ReplyList/19/Text,0,-1,I'll leave you to deal with that. It's not my problem.,
hawklin3,dlg,ReplyList/2/Text,0,-1,<StartAction>[Talk about something else]</Start>,
hawklin3,dlg,ReplyList/21/Text,0,-1,I am done.,
hawklin3,dlg,ReplyList/22/Text,0,-1,Fine. Do you want them dead or alive?,
hawklin3,dlg,ReplyList/24/Text,0,-1,I've changed my mind.,
hawklin3,dlg,ReplyList/25/Text,0,-1,I'm fine to do it.,
hawklin3,dlg,ReplyList/27/Text,0,-1,I will leave now.,
hawklin3,dlg,ReplyList/3/Text,0,-1,I am done.,
hawklin3,dlg,ReplyList/33/Text,0,-1,Fine. I'll come back then.,
hawklin3,dlg,ReplyList/34/Text,0,-1,I have been asked to find a secret way into your castle. I am certain this will interest you.,
hawklin3,dlg,ReplyList/35/Text,0,-1,"I don't know who actually wants the information, but the request came through Alice Broadhand.",
hawklin3,dlg,ReplyList/36/Text,0,-1,Alice Broadhand.,
hawklin3,dlg,ReplyList/37/Text,0,-1,I can't say.,
hawklin3,dlg,ReplyList/38/Text,0,-1,I just came to tell you so you can do whatever you want with the information.,
hawklin3,dlg,ReplyList/39/Text,0,-1,No,
hawklin3,dlg,ReplyList/4/Text,0,-1,I have news on the Sembian agent who escaped us here in Thunderstone.,
hawklin3,dlg,ReplyList/40/Text,0,-1,I am done.,
hawklin3,dlg,ReplyList/41/Text,0,-1,Yes,
hawklin3,dlg,ReplyList/42/Text,0,-1,You're right. I thought we should find out who's behind it.,
hawklin3,dlg,ReplyList/45/Text,0,-1,We'll see when the time comes.,
hawklin3,dlg,ReplyList/46/Text,0,-1,Of course.,
hawklin3,dlg,ReplyList/47/Text,0,-1,"No, I'm done.",
hawklin3,dlg,ReplyList/48/Text,0,-1,Who do you suspect is behind this?,
hawklin3,dlg,ReplyList/49/Text,0,-1,Who are the Fire Knives?,
hawklin3,dlg,ReplyList/5/Text,0,-1,"Firstly he is dead, and secondly he was from the Witch Lord, not the Sembians. <StartAction>[Tell Hawklin about the attack on the road.]</Start>",
hawklin3,dlg,ReplyList/50/Text,0,-1,Who are the Sembians?,
hawklin3,dlg,ReplyList/51/Text,0,-1,Why not just arrest Alice Broadhand?,
hawklin3,dlg,ReplyList/52/Text,0,-1,Then just tell me when you need my help. Bye for now.,
hawklin3,dlg,ReplyList/53/Text,0,-1,I want some money to keep silent.,
hawklin3,dlg,ReplyList/54/Text,0,-1,I'm only joking of course!,
hawklin3,dlg,ReplyList/55/Text,0,-1,Why?,
hawklin3,dlg,ReplyList/56/Text,0,-1,Leave. I don't care. ,
hawklin3,dlg,ReplyList/58/Text,0,-1,Here is the money you need to repay the cost of the Adventurer's Charter. ,
hawklin3,dlg,ReplyList/59/Text,0,-1,It was a pleasure.,
hawklin3,dlg,ReplyList/61/Text,0,-1,It was a pleasure.,
hawklin3,dlg,ReplyList/7/Text,0,-1,I shall.,
hawklin3,dlg,ReplyList/8/Text,0,-1,"I am sorry Sir Hawklin, but one of the Sembian agents escaped from the house.",
hawklin3,dlg,ReplyList/9/Text,0,-1,"He was a magic-user of some sort, and teleported out before I could get to him.",
hawklinservant,dlg,EntryList/0/Text,0,-1,"What a day, eh?",
hawklinservant,dlg,EntryList/1/Text,0,-1,I hope we don't lose our jobs now Sir Gilbert is poor.,
hawklinservant,dlg,EntryList/2/Text,0,-1,Should you be walking around the castle?,
herald,dlg,EntryList/0/Text,0,-1,Please! Not now!,
horn1,dlg,EntryList/0/Text,0,-1,"I wonder if this horn was really stolen, or if we're being paid to steal it.",
horn1,dlg,EntryList/1/Text,0,-1,I suppose we could ask the priest? Or maybe we could try and get it out of Alice when we have the horn?,
horn1,dlg,EntryList/10/Text,0,-1,"If Magnus won't tell us, we could always pay Lord Huntcrown a visit. His house is next door.",
horn1,dlg,EntryList/11/Text,0,-1,From the priest I suppose. Or we could always pay Lord Huntcrown a visit if this gets complicated. His house is next door.,
horn1,dlg,EntryList/12/Text,0,-1,I wonder if this business with the horn has anything to do with Manthis's request to find out who's been hunting the Forest Folk?,
horn1,dlg,EntryList/13/Text,0,-1,"Maybe the priest would know, or when we return, we could try and get something out of Alice Broadhand.",
horn1,dlg,EntryList/14/Text,0,-1,Maybe the horn was taken from a unicorn in the Hullack Forest. Whoever first had the horn is probably the hunter Manthis is seeking.,
horn1,dlg,EntryList/15/Text,0,-1,"I just remembered something. Not long ago we had a ball at the castle with many of the nobles from Thunderstone and further afield. At dinner I was sitting next to Lord Marvin Huntcrown. He was going on about hunting and I was only half listening to him, but now I remember he was saying how he wished it were legal to hunt unicorns, because he had always wanted a unicorn horn.",
horn1,dlg,EntryList/16/Text,0,-1,"Don't you think it strange that first Manthis asks you to find out who's hunting the Forest Folk, then we discover that Huntcrown, a keen hunter with a desire for strange trophies has recently lost a unicorn horn?",
horn1,dlg,EntryList/17/Text,0,-1,Fair enough,
horn1,dlg,EntryList/18/Text,0,-1,Good idea!,
horn1,dlg,EntryList/19/Text,0,-1,His house is not far from here: on the bank of the river on the east side of town.,
horn1,dlg,EntryList/2/Text,0,-1,That's what I thought too. Sounds like a good idea.,
horn1,dlg,EntryList/20/Text,0,-1,"There are rumored to be unicorns in Hullack Forest. Probably they are the Forest Folk that are being hunted, and it's Huntcrown who's doing the hunting.",
horn1,dlg,EntryList/21/Text,0,-1,"Don't you think it strange that first Manthis asks you to find out who's hunting the Forest Folk, then we discover that Huntcrown, a keen hunter with a desire for strange trophies has recently lost a unicorn horn?",
horn1,dlg,EntryList/3/Text,0,-1,"I just remembered something. Not long ago we had a ball at the castle with many of the nobles from Thunderstone and further afield. At dinner I was sitting next to Lord Marvin Huntcrown. He was going on about hunting and I was only half listening to him, but now I remember he was saying how he wished it were legal to hunt unicorns, because he had always wanted a unicorn horn.",
horn1,dlg,EntryList/4/Text,0,-1,Do you think that's a coincidence?,
horn1,dlg,EntryList/5/Text,0,-1,We could always pay Lord Huntcrown a visit if this gets complicated. His house is next door.,
horn1,dlg,EntryList/6/Text,0,-1,"I wonder if this horn was really stolen, or if we're being paid to steal it.",
horn1,dlg,EntryList/7/Text,0,-1,"Either way, we won't find out standing here!",
horn1,dlg,EntryList/8/Text,0,-1,Nor me.,
horn1,dlg,EntryList/9/Text,0,-1,I suppose we need to find out from the priest somehow.,
horn1,dlg,ReplyList/0/Text,0,-1,Let's just get the job done.,
horn1,dlg,ReplyList/1/Text,0,-1,What do you suggest?,
horn1,dlg,ReplyList/10/Text,0,-1,It doesn't matter to me.,
horn1,dlg,ReplyList/13/Text,0,-1,How can we find out?,
horn1,dlg,ReplyList/14/Text,0,-1,Who cares. Let's just go and get the horn.,
horn1,dlg,ReplyList/15/Text,0,-1,How would we find out?,
horn1,dlg,ReplyList/16/Text,0,-1,Why do you say that?,
horn1,dlg,ReplyList/17/Text,0,-1,Maybe we'll follow that up.,
horn1,dlg,ReplyList/19/Text,0,-1,Let's deal with the horn first. We can deal with Huntcrown later if we wish.,
horn1,dlg,ReplyList/2/Text,0,-1,"Yes, maybe we'll try that.",
horn1,dlg,ReplyList/21/Text,0,-1,I think we should find this Lord Huntcrown.,
horn1,dlg,ReplyList/22/Text,0,-1,Let's go an see him now.,
horn1,dlg,ReplyList/23/Text,0,-1,I don't understand the link.,
horn1,dlg,ReplyList/3/Text,0,-1,Maybe we can find out from the priest somehow.,
horn1,dlg,ReplyList/4/Text,0,-1,Let's go then...,
horn1,dlg,ReplyList/6/Text,0,-1,Yes.,
horn1,dlg,ReplyList/7/Text,0,-1,Unlikely.,
horn1,dlg,ReplyList/8/Text,0,-1,Maybe later.,
horn1,dlg,ReplyList/9/Text,0,-1,"OK, we'll do that.",
horsebandit,dlg,EntryList/0/Text,0,85794,<StartAction>[This horse looks you in the eye as you approach.]</Start>,"""다시 함께하길 원하나?"""
horsebandit,dlg,EntryList/1/Text,0,87502,<StartAction>[The horse nuzzles your hand as you take the reins...]</Start>,"""'붉은 호랑이' 부족의 일원인 것처럼 맹렬한 충성으로 자네를 섬기겠네."""
horsebandit,dlg,EntryList/2/Text,0,-1,<StartAction>[You already have 3 horses of your own.]</Start>,
horsebandit,dlg,EntryList/3/Text,0,85794,<StartAction>[The horse is placid despite the recent battle and the loss of its master.]</Start>,"""다시 함께하길 원하나?"""
horsebandit,dlg,EntryList/4/Text,0,-1,<StartAction>[The horse pays no attention to you.]</Start>,
horsebandit,dlg,EntryList/5/Text,0,85795,<StartAction>[Your horse turns its head towards you.]</Start>,"""그래?"""
horsebandit,dlg,EntryList/6/Text,0,87443,<StartAction>[Your horse stands placidly...]</Start>,"""어떤 전술을 바꾸고 싶나?"""
horsebandit,dlg,EntryList/7/Text,0,87451,<StartAction>[Your horse stands ready.]</Start>,"""알겠네. 얼마나 떨어져 있길 원하나?"""
horsebandit,dlg,EntryList/8/Text,0,-1,"<StartAction>[Undaunted, your horse whickers as you make the change.]</Start>",
horsebandit,dlg,EntryList/9/Text,0,87454,"<StartAction>[Your warhorse raises its ears, clearly understanding your command.]</Start>","""내 목숨으로 자네 생명을 지킬 거고, 전투에서 자네로부터 지시를 받겠네."""
horsebandit,dlg,ReplyList/0/Text,0,87646,<StartAction>[Leave the horse]</Start>,"""아니, 아직 아냐. 여기 있어."""
horsebandit,dlg,ReplyList/1/Text,0,87647,<StartAction>[Take the horse]</Start>,"""그래, 같이 가자."""
horsebandit,dlg,ReplyList/10/Text,0,87601,<StartAction>[Make adjustments to your horse.]</Start>,"""네 전술을 바꾸고 싶어."""
horsebandit,dlg,ReplyList/11/Text,0,87602,I don't want to change anything else right now.,"""지금은 다른 건 바꾸고 싶지 않아."""
horsebandit,dlg,ReplyList/12/Text,0,87605,<StartAction>[Remove the muffling from your horse's hooves.]</Start>,"""더 이상 은신하지 마."""
horsebandit,dlg,ReplyList/13/Text,0,87607,"<StartAction>[Muffle your horse's hooves, reducing the noise it makes, but also its speed.]</Start>","""항상 은신 상태를 유지하도록 해."""
horsebandit,dlg,ReplyList/14/Text,0,87610,<StartAction>[Change the length of your leading rein.]</Start>,"""나와의 거리를 조절하고 싶어."""
horsebandit,dlg,ReplyList/15/Text,0,87611,<StartAction>[Use 6 spans of leading rein.]</Start>,멀리 떨어져 있어.
horsebandit,dlg,ReplyList/16/Text,0,87612,<StartAction>[Use 4 spans of leading rein.]</Start>,중간 거리를 유지해.
horsebandit,dlg,ReplyList/17/Text,0,87613,<StartAction>[Shorten it to 2 spans]</Start>,가까이 붙어 있어.
horsebandit,dlg,ReplyList/19/Text,0,87614,<StartAction>[Give the command word to attack on sighting enemies]</Start>,"""적을 보는 즉시 공격해."""
horsebandit,dlg,ReplyList/20/Text,0,87615,<StartAction>[Give the command word to attack only when you do.]</Start>,"""나를 지키되 내가 공격하기 전까지는 공격하지 마."""
horsebandit,dlg,ReplyList/22/Text,0,87616,<StartAction>[Open the packs on your horse.]</Start>,"""네 장비를 조정하고 싶어."""
horsebandit,dlg,ReplyList/4/Text,0,-1,<StartAction>[Untie the horse from the hitching post]</Start>,
horsebandit,dlg,ReplyList/5/Text,0,87646,<StartAction>[Leave the horse]</Start>,"""아니, 아직 아냐. 여기 있어."""
horsebandit,dlg,ReplyList/7/Text,0,87596,<StartAction>[Don't change anything.]</Start>,"""신경 쓰지 마."""
horsebandit,dlg,ReplyList/8/Text,0,-1,<StartAction>[Tie all horses to the nearest hitching post.]</Start>,
horsebandit,dlg,ReplyList/9/Text,0,87597,<StartAction>[Release your horse and leave it behind.]</Start>,"""우린 헤어져야 할 것 같아."""
horsestandard,dlg,EntryList/0/Text,0,85794,<StartAction>[This horse looks you in the eye as you approach.]</Start>,"""다시 함께하길 원하나?"""
horsestandard,dlg,EntryList/1/Text,0,87502,<StartAction>[The horse nuzzles your hand as you take the reins...]</Start>,"""'붉은 호랑이' 부족의 일원인 것처럼 맹렬한 충성으로 자네를 섬기겠네."""
horsestandard,dlg,EntryList/2/Text,0,-1,<StartAction>[You already have 3 horses of your own.]</Start>,
horsestandard,dlg,EntryList/3/Text,0,-1,<StartAction>[The horse pays no attention to you.]</Start>,
horsestandard,dlg,EntryList/4/Text,0,85795,<StartAction>[Your horse turns its head towards you.]</Start>,"""그래?"""
horsestandard,dlg,EntryList/5/Text,0,87443,<StartAction>[Your horse stands placidly...]</Start>,"""어떤 전술을 바꾸고 싶나?"""
horsestandard,dlg,EntryList/6/Text,0,87451,<StartAction>[Your horse stands ready.]</Start>,"""알겠네. 얼마나 떨어져 있길 원하나?"""
horsestandard,dlg,EntryList/7/Text,0,-1,"<StartAction>[Undaunted, your horse whickers as you make the change.]</Start>",
horsestandard,dlg,EntryList/8/Text,0,87454,"<StartAction>[Your warhorse raises its ears, clearly understanding your command.]</Start>","""내 목숨으로 자네 생명을 지킬 거고, 전투에서 자네로부터 지시를 받겠네."""
horsestandard,dlg,ReplyList/0/Text,0,87646,<StartAction>[Leave the horse]</Start>,"""아니, 아직 아냐. 여기 있어."""
horsestandard,dlg,ReplyList/1/Text,0,87647,<StartAction>[Take the horse]</Start>,"""그래, 같이 가자."""
horsestandard,dlg,ReplyList/10/Text,0,87602,I don't want to change anything else right now.,"""지금은 다른 건 바꾸고 싶지 않아."""
horsestandard,dlg,ReplyList/11/Text,0,87605,<StartAction>[Remove the muffling from your horse's hooves.]</Start>,"""더 이상 은신하지 마."""
horsestandard,dlg,ReplyList/12/Text,0,87607,"<StartAction>[Muffle your horse's hooves, reducing the noise it makes, but also its speed.]</Start>","""항상 은신 상태를 유지하도록 해."""
horsestandard,dlg,ReplyList/13/Text,0,87610,<StartAction>[Change the length of your leading rein.]</Start>,"""나와의 거리를 조절하고 싶어."""
horsestandard,dlg,ReplyList/14/Text,0,87611,<StartAction>[Use 6 spans of leading rein.]</Start>,멀리 떨어져 있어.
horsestandard,dlg,ReplyList/15/Text,0,87612,<StartAction>[Use 4 spans of leading rein.]</Start>,중간 거리를 유지해.
horsestandard,dlg,ReplyList/16/Text,0,87613,<StartAction>[Shorten it to 2 spans]</Start>,가까이 붙어 있어.
horsestandard,dlg,ReplyList/18/Text,0,87614,<StartAction>[Give the command word to attack on sighting enemies]</Start>,"""적을 보는 즉시 공격해."""
horsestandard,dlg,ReplyList/19/Text,0,87615,<StartAction>[Give the command word to attack only when you do.]</Start>,"""나를 지키되 내가 공격하기 전까지는 공격하지 마."""
horsestandard,dlg,ReplyList/21/Text,0,87616,<StartAction>[Open the packs on your horse.]</Start>,"""네 장비를 조정하고 싶어."""
horsestandard,dlg,ReplyList/4/Text,0,-1,<StartAction>[Untie the horse from the hitching post]</Start>,
horsestandard,dlg,ReplyList/6/Text,0,87596,<StartAction>[Don't change anything.]</Start>,"""신경 쓰지 마."""
horsestandard,dlg,ReplyList/7/Text,0,-1,<StartAction>[Tie all horses to the nearest hitching post.]</Start>,
horsestandard,dlg,ReplyList/8/Text,0,87597,<StartAction>[Release your horse and leave it behind.]</Start>,"""우린 헤어져야 할 것 같아."""
horsestandard,dlg,ReplyList/9/Text,0,87601,<StartAction>[Make adjustments to your horse.]</Start>,"""네 전술을 바꾸고 싶어."""
horseuse1,dlg,EntryList/0/Text,0,-1,<StartAction>[There is enough room here for you to jump this chasm on horseback. Do you wish to?]</Start>,
horseuse1,dlg,ReplyList/0/Text,0,-1,No.,
horseuse1,dlg,ReplyList/1/Text,0,-1,Yes.,
horseuse2,dlg,EntryList/0/Text,0,-1,<StartAction>[There is enough room here for you to jump this chasm on horseback. Would you like to?]</Start>,
horseuse2,dlg,ReplyList/0/Text,0,-1,No.,
horseuse2,dlg,ReplyList/1/Text,0,-1,Yes.,
huntcrown,dlg,EntryList/0/Text,0,-1,What can I do for you?,
huntcrown,dlg,EntryList/1/Text,0,-1,"Well, I am not sure I want to share such information with you. I am after all a hunter myself and the Stag is a prize one would like to take.",
huntcrown,dlg,EntryList/10/Text,0,-1,I tire of this conversation. Was there something you actually wanted?,
huntcrown,dlg,EntryList/100/Text,0,-1,Your exploits have reached my ears. One is so happy to hear of the deaths of so many of those damned hobgoblins. The Hullack Forest has become a quite disagreeable place and quite ruins one's hunting.,
huntcrown,dlg,EntryList/101/Text,0,-1,Or do I call you Lady <FullName>? I am never certain which is the correct form for a knighted woman. You must tell me which you prefer?,
huntcrown,dlg,EntryList/102/Text,0,-1,Greetings to you <CUSTOM1013> <FullName>.,
huntcrown,dlg,EntryList/103/Text,0,-1,"Who are you? Honestly, I must speak to the butler if he is going to let just anyone come in off the street. I am not a charity you know!",
huntcrown,dlg,EntryList/104/Text,0,-1,Well there's no need to be so hasty!,
huntcrown,dlg,EntryList/105/Text,0,-1,"If I am not mistaken, you would be Sir Gilbert Hawklin's new squire. Perhaps you are unaware, but it is not normal practice for squires to come seeking the audience of a lord.",
huntcrown,dlg,EntryList/106/Text,0,-1,"A knight? I haven't received any message saying such, so I doubt it very much, squire.",
huntcrown,dlg,EntryList/107/Text,0,-1,"Oh very well, I am sure you have come on Gilbert's behalf...",
huntcrown,dlg,EntryList/11/Text,0,-1,"Oh don't be ridiculous! You think that Hurim Thiodor is likely to believe you, someone he's probably hardly met, over me, a respected lord well known in Thunderstone?",
huntcrown,dlg,EntryList/12/Text,0,-1,You fool yourself. Do your worst for all I care. ,
huntcrown,dlg,EntryList/13/Text,0,-1,"Now, please leave my house and do not return unless it is for more pleasant business than accusations.",
huntcrown,dlg,EntryList/14/Text,0,-1,"I am the daughter of a more respected lord than you, Lord Marvin. I think he will believe us.",
huntcrown,dlg,EntryList/15/Text,0,-1,"Hurim knows me well enough, Lord Marvin. I think my word counts for something.",
huntcrown,dlg,EntryList/16/Text,0,-1,"<StartAction>[Success]</Start> Oh really, you are being very inconvenient. Just what is it you want?",
huntcrown,dlg,EntryList/17/Text,0,-1,Very well...,
huntcrown,dlg,EntryList/18/Text,0,-1,"First, never raise your shield against <CUSTOM1061>.",
huntcrown,dlg,EntryList/19/Text,0,-1,"Second, if <CUSTOM1064> is riding, just lower your helm and most of the time he'll miss you.",
huntcrown,dlg,EntryList/2/Text,0,-1,"But in reality, I don't know for certain where it is, so anything I do tell you won't help you much. I should try around Lake Wyvernwater though. There have been more sightings there than inland.",
huntcrown,dlg,EntryList/20/Text,0,-1,"Let me see...ah yes! Sir Gilbert's cousin, Sir Blakeney...he almost always strikes true. Don't lean right out of the saddle or he'll best you.",
huntcrown,dlg,EntryList/21/Text,0,-1,Let me see...ah yes! <CUSTOM1066>...he almost always strikes true. Don't lean right out of the saddle or he'll best you.,
huntcrown,dlg,EntryList/22/Text,0,-1,Very well. I can give you 200 golden lions to keep quiet.,
huntcrown,dlg,EntryList/23/Text,0,-1,Here you are then.,
huntcrown,dlg,EntryList/24/Text,0,-1,"<StartAction>[Succes]</Start> Alright then, 250 golden lions. More than that and I'd rather risk the fine the Crown Office will give me.",
huntcrown,dlg,EntryList/25/Text,0,-1,Here you are then.,
huntcrown,dlg,EntryList/26/Text,0,-1,Oh very well then. It is such a nuisance to be deprived of one's hobbies...,
huntcrown,dlg,EntryList/27/Text,0,-1,I...hereby...swear...that I will not...hunt the Forest...Folk...of...Hullack Forest. Signed...Lord Marvin Huntcrown...,
huntcrown,dlg,EntryList/28/Text,0,-1,Here you go. There is your oath.,
huntcrown,dlg,EntryList/29/Text,0,-1,I'm sure that you were. Was there something else?,
huntcrown,dlg,EntryList/3/Text,0,-1,"If you're going to hunt the stag, don't use any kind of magic on it, you will only damage it's hide and make it worth a lot less. That would be such a shame, don't you think? What a prize!",
huntcrown,dlg,EntryList/30/Text,0,-1,"Thanks for your trust and support, <FirstName>. It's good to see that my views count for so much.",
huntcrown,dlg,EntryList/31/Text,0,-1,Was there anything else?,
huntcrown,dlg,EntryList/32/Text,0,-1,Then good <quarterday> to you.,
huntcrown,dlg,EntryList/33/Text,0,-1,"A desire, no more. Wanting something is not the same as doing it.",
huntcrown,dlg,EntryList/34/Text,0,-1,Continue. I am listening.,
huntcrown,dlg,EntryList/35/Text,0,-1,"A unicorn horn? That is certainly an unusual subject, and not one I know anything about, but why don't you continue?",
huntcrown,dlg,EntryList/36/Text,0,-1,"Well, I must admit I expected Broadhand to be more discreet than that. I am indeed seeking the return of a unicorn horn that was stolen from me.",
huntcrown,dlg,EntryList/37/Text,0,-1,I told you that before. Can we stop wasting time?,
huntcrown,dlg,EntryList/38/Text,0,-1,"<StartCheck>[Bluff]</Start>Actually, I bought it at the market in the last tournament.",
huntcrown,dlg,EntryList/39/Text,0,-1,"Yes, you must have.",
huntcrown,dlg,EntryList/4/Text,0,-1,We have already been through this. Do stop pestering me with it.,
huntcrown,dlg,EntryList/40/Text,0,-1,"I am a paladin of Torm, Lord Marvin, and as such, I can easily spot a lie. Let's have the truth now!",
huntcrown,dlg,EntryList/41/Text,0,-1,"Come on Marvin. You were sitting next to me at the ball, and you were telling me how much you wished you could get your hands on a unicorn horn.",
huntcrown,dlg,EntryList/42/Text,0,-1,You also said it would be 'very exciting' to hunt a unicorn.,
huntcrown,dlg,EntryList/43/Text,0,-1,Oh come now Kathryn! It was just a tale for your amusement. I knew one as young as you would have no taste for the interminable politics normally discussed at such events.,
huntcrown,dlg,EntryList/44/Text,0,-1,And you <sir/madam> should think twice before you take the words of a child as truth.,
huntcrown,dlg,EntryList/45/Text,0,-1,I tire of this conversation. Was there something you actually wanted?,
huntcrown,dlg,EntryList/46/Text,0,-1,Will you stop pestering me about this? I've told you I had nothing to do with it.,
huntcrown,dlg,EntryList/47/Text,0,-1,<StartAction>[Success ]</Start>Oh very well then. It is a fair exchange I suppose.,
huntcrown,dlg,EntryList/48/Text,0,-1,I...hereby...swear...that I will not...hunt the Forest...Folk...of...Hullack Forest. Signed...Lord Marvin Huntcrown...,
huntcrown,dlg,EntryList/49/Text,0,-1,Here you go. There is your oath.,
huntcrown,dlg,EntryList/5/Text,0,-1,What? What is this nonsense?,
huntcrown,dlg,EntryList/50/Text,0,-1,I'm sure that you were. Was there something else?,
huntcrown,dlg,EntryList/51/Text,0,-1,"Thanks for your trust and support, <FirstName>. It's good to see that my views count for so much.",
huntcrown,dlg,EntryList/52/Text,0,-1,Was there anything else?,
huntcrown,dlg,EntryList/53/Text,0,-1,Then good <quarterday> to you.,
huntcrown,dlg,EntryList/54/Text,0,-1,"Well, I don't think your views really matter on the subject. After all I am a lord, while you clearly are not.",
huntcrown,dlg,EntryList/55/Text,0,-1,"Oh really, I do tire of this line of conversation. What is it you actually want, or should I have you escorted off the premises?",
huntcrown,dlg,EntryList/56/Text,0,-1,Report what you like. Neither you nor the Forest Folk concern me.,
huntcrown,dlg,EntryList/57/Text,0,-1,<StartAction>[Success ]</Start>Oh very well then. I will give you the oath you desire...,
huntcrown,dlg,EntryList/58/Text,0,-1,I...hereby...swear...that I will not...hunt the Forest...Folk...of...Hullack Forest. Signed...Lord Marvin Huntcrown...,
huntcrown,dlg,EntryList/59/Text,0,-1,Here you go. There is your oath.,
huntcrown,dlg,EntryList/6/Text,0,-1,"Come on Marvin. You were sitting next to me at the ball, and you were telling me how much you wished you could get your hands on a unicorn horn.",
huntcrown,dlg,EntryList/60/Text,0,-1,That would be appreciated. Was there anything else?,
huntcrown,dlg,EntryList/61/Text,0,-1,"Well I am offering Alice Broadhand 800 golden lions for the return of the horn, so it is only fair to offer you the same if you will give it to me.",
huntcrown,dlg,EntryList/62/Text,0,-1,So will you take my offer?,
huntcrown,dlg,EntryList/63/Text,0,-1,Well that is quite a turn up isn't it? Indeed I am looking for a unicorn horn that was actually stolen from me. How did you get hold of it?,
huntcrown,dlg,EntryList/64/Text,0,-1,"Well I am offering Alice Broadhand 800 golden lions for the return of the horn, so it is only fair to offer you the same if you will give it to me.",
huntcrown,dlg,EntryList/65/Text,0,-1,"Fair enough, for fifty golden lions less I'll also offer some information on how to beat three opponents.",
huntcrown,dlg,EntryList/66/Text,0,-1,What do you want then?,
huntcrown,dlg,EntryList/67/Text,0,-1,"First, never raise your shield against <CUSTOM1061>.",
huntcrown,dlg,EntryList/68/Text,0,-1,"Second, if <CUSTOM1064> is riding, just lower your helm and most of the time he'll miss you.",
huntcrown,dlg,EntryList/69/Text,0,-1,"Let me see...ah yes! Sir Gilbert's cousin, Sir Blakeney...he almost always strikes true. Don't lean right out of the saddle or he'll best you.",
huntcrown,dlg,EntryList/7/Text,0,-1,You also said it would be 'very exciting' to hunt a unicorn.,
huntcrown,dlg,EntryList/70/Text,0,-1,"And lastly of course, your money. I am glad to see the horn returned. Here is your reward with my thanks to you. It has been a pleasure doing business with you <FirstName>.",
huntcrown,dlg,EntryList/71/Text,0,-1,Let me see...ah yes! <CUSTOM1066>...he almost always strikes true. Don't lean right out of the saddle or he'll best you.,
huntcrown,dlg,EntryList/72/Text,0,-1,We've been through this already. The horn has nothing to do with the Forest Folk. Do I get the horn or not?,
huntcrown,dlg,EntryList/73/Text,0,-1,"If you haven't come with a deal, do stop wasting my time.",
huntcrown,dlg,EntryList/74/Text,0,-1,"<StartCheck>[Bluff]</Start>Actually, I bought it at the market in the last tournament.",
huntcrown,dlg,EntryList/75/Text,0,-1,"I am a paladin of Torm, Lord Marvin, and as such, I can easily spot a lie. You probably killed the unicorn and took its horn.",
huntcrown,dlg,EntryList/76/Text,0,-1,"Come on Marvin. You were sitting next to me at the ball, and you were telling me how much you wished you could get your hands on a unicorn horn.",
huntcrown,dlg,EntryList/77/Text,0,-1,You also said it would be 'very exciting' to hunt a unicorn.,
huntcrown,dlg,EntryList/78/Text,0,-1,Oh come now Kathryn! It was just a tale for your amusement. I knew one as young as you would have no taste for the interminable politics normally discussed at such events.,
huntcrown,dlg,EntryList/79/Text,0,-1,And you <sir/madam> should think twice before you take the words of a child as truth.,
huntcrown,dlg,EntryList/8/Text,0,-1,Oh come now Kathryn! It was just a tale for your amusement. I knew one as young as you would have no taste for the interminable politics normally discussed at such events.,
huntcrown,dlg,EntryList/80/Text,0,-1,I tire of this conversation. Was there something you actually wanted?,
huntcrown,dlg,EntryList/81/Text,0,-1,I suppose so. I still want the horn after all.,
huntcrown,dlg,EntryList/82/Text,0,-1,Will you stop pestering me about this? I've told you I had nothing to do with it.,
huntcrown,dlg,EntryList/83/Text,0,-1,<StartAction>[Success ]</Start>Oh very well then. It is a fair exchange I suppose.,
huntcrown,dlg,EntryList/84/Text,0,-1,I...hereby...swear...that I will not...hunt the Forest...Folk...of...Hullack Forest. Signed...Lord Marvin Huntcrown...,
huntcrown,dlg,EntryList/85/Text,0,-1,Here you go. There is your oath.,
huntcrown,dlg,EntryList/86/Text,0,-1,I'm sure that you were. Was there something else?,
huntcrown,dlg,EntryList/87/Text,0,-1,"Thanks for your trust and support, <FirstName>. It's good to see that my views count for so much.",
huntcrown,dlg,EntryList/88/Text,0,-1,Was there anything else?,
huntcrown,dlg,EntryList/89/Text,0,-1,Then good <quarterday> to you.,
huntcrown,dlg,EntryList/9/Text,0,-1,And you <sir/madam> should think twice before you take the words of a child as truth.,
huntcrown,dlg,EntryList/90/Text,0,-1,"Well, I don't think your views really matter on the subject. You clearly know nothing about the Forest Folk. One can't know everything I suppose.",
huntcrown,dlg,EntryList/91/Text,0,-1,Will you stop pestering me about this? I've told you I had nothing to do with it.,
huntcrown,dlg,EntryList/92/Text,0,-1,<StartAction>[Success ]</Start>Oh very well then. It is a fair exchange I suppose.,
huntcrown,dlg,EntryList/93/Text,0,-1,I...hereby...swear...that I will not...hunt the Forest...Folk...of...Hullack Forest. Signed...Lord Marvin Huntcrown...,
huntcrown,dlg,EntryList/94/Text,0,-1,Here you go. There is your oath.,
huntcrown,dlg,EntryList/95/Text,0,-1,Excellent. I am glad to see this returned. Here is your reward with my thanks to you. It has been a pleasure doing business with you <FirstName>.,
huntcrown,dlg,EntryList/96/Text,0,-1,Yes. yes. We have covered that. What is the deal for the horn?,
huntcrown,dlg,EntryList/97/Text,0,-1,That is not important business. You can ask someone else for that.,
huntcrown,dlg,EntryList/98/Text,0,-1,Who do we have here?,
huntcrown,dlg,EntryList/99/Text,0,-1,You must be Sir <FullName>.,
huntcrown,dlg,ReplyList/0/Text,0,-1,I am done here. Goodbye.,
huntcrown,dlg,ReplyList/1/Text,0,-1,You are a hunter. Where might I find the White Stag?,
huntcrown,dlg,ReplyList/100/Text,0,-1,"<StartCheck>[Intimidate]</Start> I want a written oath from you that you will never hunt the Forest Folk again, or I report you.",
huntcrown,dlg,ReplyList/104/Text,0,-1,Perhaps I was mistaken.,
huntcrown,dlg,ReplyList/106/Text,0,-1,No. I am done.,
huntcrown,dlg,ReplyList/108/Text,0,-1,Yes,
huntcrown,dlg,ReplyList/109/Text,0,-1,I am a paladin. I can easily spot a lie. You probably killed the unicorn and took its horn.,
huntcrown,dlg,ReplyList/110/Text,0,-1,<StartAction>[Bluff resisted]</Start> I don't believe you. You probably killed the unicorn and took its horn.,
huntcrown,dlg,ReplyList/111/Text,0,-1,"<StartCheck>[Intimidate]</Start> I want a written oath from you that you will never hunt the Forest Folk again, or you don't get the horn and I report you.",
huntcrown,dlg,ReplyList/115/Text,0,-1,That sounds like a good offer. I'll take it.,
huntcrown,dlg,ReplyList/117/Text,0,-1,I need directions.,
huntcrown,dlg,ReplyList/118/Text,0,-1,Goodbye to you.,
huntcrown,dlg,ReplyList/119/Text,0,-1,Let me ask something else.,
huntcrown,dlg,ReplyList/123/Text,0,-1,Lady <FullName>,
huntcrown,dlg,ReplyList/124/Text,0,-1,Sir <FullName>,
huntcrown,dlg,ReplyList/126/Text,0,-1,"I am <FullName>, but it's your loss if you do not wish to talk to me.",
huntcrown,dlg,ReplyList/128/Text,0,-1,I am <FullName>. I have business with you.,
huntcrown,dlg,ReplyList/129/Text,0,-1,"I am not a squire, I am a knight.",
huntcrown,dlg,ReplyList/13/Text,0,-1,I don't believe you. I think you are hiding something.,
huntcrown,dlg,ReplyList/131/Text,0,-1,I want to talk to you about something.,
huntcrown,dlg,ReplyList/14/Text,0,-1,Let me ask you something else.,
huntcrown,dlg,ReplyList/15/Text,0,-1,<StartCheck>[Intimidate]</Start> I will report you to the Crown Office for illegal hunting unless you give me what I desire.,
huntcrown,dlg,ReplyList/21/Text,0,-1,I want some information. I need to know whatever you can tell me about the other jousters in the next tournament. ,
huntcrown,dlg,ReplyList/25/Text,0,-1,<StartAction>[Add this information to your journal under completed.]</Start>,
huntcrown,dlg,ReplyList/26/Text,0,-1,<StartAction>[Do not record this information.]</Start>,
huntcrown,dlg,ReplyList/27/Text,0,-1,I want some money.,
huntcrown,dlg,ReplyList/28/Text,0,-1,That will be fine.,
huntcrown,dlg,ReplyList/29/Text,0,-1,<StartCheck>[Persuade]</Start> I think you can do better than that.,
huntcrown,dlg,ReplyList/30/Text,0,-1,I think I'll report you instead.,
huntcrown,dlg,ReplyList/31/Text,0,-1,That will be fine.,
huntcrown,dlg,ReplyList/32/Text,0,-1,Thankyou.,
huntcrown,dlg,ReplyList/33/Text,0,-1,I want a written oath from you that you will not hunt the Forest Folk any longer.,
huntcrown,dlg,ReplyList/37/Text,0,-1,Perhaps I was mistaken.,
huntcrown,dlg,ReplyList/39/Text,0,-1,No. I am done.,
huntcrown,dlg,ReplyList/4/Text,0,-1,Thank you. Let's talk about something else.,
huntcrown,dlg,ReplyList/41/Text,0,-1,Yes,
huntcrown,dlg,ReplyList/42/Text,0,-1,This is no nonsense. Kathryn Hawklin told me of your desire to hunt 'illegal game'.,
huntcrown,dlg,ReplyList/43/Text,0,-1,I want to talk to you about a unicorn horn.,
huntcrown,dlg,ReplyList/44/Text,0,-1,I believe you are looking for a unicorn horn?,
huntcrown,dlg,ReplyList/45/Text,0,-1,How did you get hold of the horn in the first place?,
huntcrown,dlg,ReplyList/46/Text,0,-1,Oh. I must have the wrong information.,
huntcrown,dlg,ReplyList/47/Text,0,-1,I will leave you for now.,
huntcrown,dlg,ReplyList/5/Text,0,-1,Thanks. Goodbye.,
huntcrown,dlg,ReplyList/52/Text,0,-1,I don't believe you. I think you are hiding something.,
huntcrown,dlg,ReplyList/53/Text,0,-1,Let me ask you something else.,
huntcrown,dlg,ReplyList/54/Text,0,-1,"<StartCheck>[Intimidate]</Start> I want a written oath from you that you will never hunt the Forest Folk again, or I report you.",
huntcrown,dlg,ReplyList/58/Text,0,-1,Perhaps I was mistaken.,
huntcrown,dlg,ReplyList/6/Text,0,-1,I have reason to believe that you have been hunting the Forest Folk.,
huntcrown,dlg,ReplyList/60/Text,0,-1,No. I am done.,
huntcrown,dlg,ReplyList/62/Text,0,-1,Yes,
huntcrown,dlg,ReplyList/63/Text,0,-1,I am a paladin. I can easily spot a lie.,
huntcrown,dlg,ReplyList/64/Text,0,-1,<StartAction>[Bluff resisted]</Start> I don't believe you.,
huntcrown,dlg,ReplyList/65/Text,0,-1,I have reason to believe you have been hunting the Forest Folk.,
huntcrown,dlg,ReplyList/66/Text,0,-1,"<StartCheck>[Intimidate]</Start> I want a written oath from you that you will never hunt the Forest Folk again, or I will report you to the Crown Office for illegal hunting.",
huntcrown,dlg,ReplyList/70/Text,0,-1,I will see if I can find the horn.,
huntcrown,dlg,ReplyList/71/Text,0,-1,"No, goodbye to you.",
huntcrown,dlg,ReplyList/72/Text,0,-1,Yes,
huntcrown,dlg,ReplyList/73/Text,0,-1,What will you give for the return of the horn?,
huntcrown,dlg,ReplyList/74/Text,0,-1,I have the horn...,
huntcrown,dlg,ReplyList/75/Text,0,-1,I have a unicorn horn that I think you were seeking.,
huntcrown,dlg,ReplyList/76/Text,0,-1,What will you give me to have the horn back?,
huntcrown,dlg,ReplyList/77/Text,0,-1,"The horn is yours. I did not steal it, but I have got it back.",
huntcrown,dlg,ReplyList/78/Text,0,-1,None of your business.,
huntcrown,dlg,ReplyList/79/Text,0,-1,I'll think about it.,
huntcrown,dlg,ReplyList/8/Text,0,-1,Kathryn here told me of your conversation about hunting illegal game.,
huntcrown,dlg,ReplyList/80/Text,0,-1,"I'll give you the horn, but I'll exchange some of that gold you offered for information on the jousters I might meet in the next tournament.",
huntcrown,dlg,ReplyList/81/Text,0,-1,No. I don't like that deal.,
huntcrown,dlg,ReplyList/82/Text,0,-1,I'll think about it.,
huntcrown,dlg,ReplyList/83/Text,0,-1,Fair enough. Tell me what you know.,
huntcrown,dlg,ReplyList/86/Text,0,-1,<StartAction>[Add this information to your journal under completed.]</Start>,
huntcrown,dlg,ReplyList/87/Text,0,-1,<StartAction>[Do not record this information.]</Start>,
huntcrown,dlg,ReplyList/88/Text,0,-1,I want an oath from you to stop hunting the Forest Folk. I assume that's how you got the horn.,
huntcrown,dlg,ReplyList/89/Text,0,-1,Perhaps later.,
huntcrown,dlg,ReplyList/9/Text,0,-1,<StartAction>[Let Kathryn Hawklin do the talking.]</Start>,
huntcrown,dlg,ReplyList/90/Text,0,-1,Goodbye for now.,
huntcrown,dlg,ReplyList/91/Text,0,-1,Oh. I must have the wrong information.,
huntcrown,dlg,ReplyList/96/Text,0,-1,I don't believe you. I think you are hiding something.,
huntcrown,dlg,ReplyList/97/Text,0,-1,Let me ask you something else.,
huntcrown,dlg,ReplyList/98/Text,0,-1,Can I still have the money you offered in exchange for the horn?,
huntcrown,dlg,ReplyList/99/Text,0,-1,Here you are then. <StartAction>[Give the horn to Huntcrown.]</Start>,
imelda,dlg,EntryList/0/Text,0,-1,Always available options.,
imelda,dlg,EntryList/1/Text,0,-1,Well go on then.,
imelda,dlg,EntryList/10/Text,0,-1,And a squire hardly has the money for such lofty deals.,
imelda,dlg,EntryList/11/Text,0,-1,"I am the foremost dealer in ivory in Wheloon and Thunderstone, despite those damned pirates on Lake Wyvernwater. I bring ivory of the most superior quality from beyond the Neck. I sell it only on a per cargo basis. Would you be interested in a cargo load or 2,000 pieces? The current load is priced at 50,000 golden lions.",
imelda,dlg,EntryList/12/Text,0,-1,"Pirates? So someone at least is listening to what I say. Maybe you want to know the truth behind this piracy? 'A pirate's a thief and a murderer by a different name', that's what they say. Well I say that other name is Valetto.",
imelda,dlg,EntryList/13/Text,0,-1,"I mean the so-called merchant Valetto is the one behind the piracy on the lake. He has been losing out to me in business, so he has turned to stealing my cargos.",
imelda,dlg,EntryList/14/Text,0,-1,"But I have said it enough times to turn Sir Gilbert's ears blue. Will he listen? Of course not, and nor will anyone else.",
imelda,dlg,EntryList/15/Text,0,-1,Oh not another one. Was there actually something you wanted?,
imelda,dlg,EntryList/16/Text,0,-1,Not unless you have good contacts in the navy.,
imelda,dlg,EntryList/17/Text,0,-1,"Ayesunder Truesilver is the one responsible for the navy. I daresay he looks for the pirates, but he finds nothing. Until he finds something, there's nothing to be done, so let's leave this painful subject. Did you want anything else?",
imelda,dlg,EntryList/18/Text,0,-1,I have a cousin in charge of the navy.,
imelda,dlg,EntryList/19/Text,0,-1,I know it.,
imelda,dlg,EntryList/2/Text,0,-1,"Yes, I have heard, and it is a relief I must say. Cormyr congratulates you on your actions.",
imelda,dlg,EntryList/20/Text,0,-1,"I do wish you would stop spreading that Imelda. You may not like Valetto, but I have plenty of reasons to be thankful to him.",
imelda,dlg,EntryList/21/Text,0,-1,"Have it your way Sir Gilbert. And you <CUSTOM1021> <LastName>, was there something else you wanted?",
imelda,dlg,EntryList/22/Text,0,-1,"No, I thought not. Are we done?",
imelda,dlg,EntryList/23/Text,0,-1,No. I don't know anything about such a place. It's not somewhere I trade with.,
imelda,dlg,EntryList/24/Text,0,-1,"Well if I must, though why you can't just ask any peasant I don't know.",
imelda,dlg,EntryList/25/Text,0,-1,Sir Gilbert's castle is at the south end of Thunderstone.,
imelda,dlg,EntryList/26/Text,0,-1,"Sir Gilbert's castle is at the south end of Thunderstone, though of course Sir Gilbert is right here!",
imelda,dlg,EntryList/27/Text,0,-1,Healing? Why would I need to know that? Why don't you try the temple in town?,
imelda,dlg,EntryList/28/Text,0,-1,The Furniture's Fate on the east side of the square is the nearest.,
imelda,dlg,EntryList/29/Text,0,-1,Must we discuss this again?,
imelda,dlg,EntryList/3/Text,0,-1,"My thanks are reward enough. You have already been honored greatly by Sir Hawklin, or so I hear. If you are after riches, then you will be able to use that to your benefit.",
imelda,dlg,EntryList/30/Text,0,-1,"Yes, this is the best solution. Are you prepared to accept my offer of <CUSTOM1025> golden lions in exchange for forgetting about this?",
imelda,dlg,EntryList/31/Text,0,-1,What is this nonsense? I haven't paid for any such thing. Who told you that?,
imelda,dlg,EntryList/32/Text,0,-1,Well obviously the document is a fake! I wish you had brought the document to me first.,
imelda,dlg,EntryList/33/Text,0,-1,"Wait! Sir Hawklin surely cannot want such a document to come to light! I am his business partner. It will make him look dreadful, maybe somehow involved. Everyone knows he didn't want to sell those farms to Valetto. They'll think this is his revenge, not mine!",
imelda,dlg,EntryList/34/Text,0,-1,It harms both me and your friend Sir Hawklin. There must be some other way to approach this?,
imelda,dlg,EntryList/35/Text,0,-1,How ridiculous! You can't think to drag me there in a crowded place like this! Why don't you reconsider?,
imelda,dlg,EntryList/36/Text,0,-1,"Oh! Really! There's no need for that, I'm coming!",
imelda,dlg,EntryList/37/Text,0,-1,"But since I'm innocent, it would soon be forgotten, wouldn't it?",
imelda,dlg,EntryList/38/Text,0,-1,"<StartAction>[Success]</Start> Well of course I'll come. I don't have anything to be afraid of anyway, since I'm innocent. I just wanted to avoid all the bother.",
imelda,dlg,EntryList/39/Text,0,-1,You're bluffing! And not very well either.,
imelda,dlg,EntryList/4/Text,0,-1,Now I do have other matters to attend to. Was there anything else?,
imelda,dlg,EntryList/40/Text,0,-1,"<StartAction>[Success]</Start> Well of course I'll come. I don't have anything to be afraid of anyway, since I'm innocent. I just wanted to avoid all the bother.",
imelda,dlg,EntryList/41/Text,0,-1,"Oh really, such melodrama! Don't be a fool now.",
imelda,dlg,EntryList/42/Text,0,-1,Let's avoid all this confrontation. I won't come with you.,
imelda,dlg,EntryList/43/Text,0,-1,"<StartAction>[Success]</Start> Well of course I'll come. I don't have anything to be afraid of anyway, since I'm innocent. I just wanted to avoid all the bother. ",
imelda,dlg,EntryList/44/Text,0,-1,"Well, I am sure I can offer you some money to keep this quiet. You don't actually need to do anything. That way both Sir Gilbert and I are left in peace.",
imelda,dlg,EntryList/45/Text,0,-1,"In this I suppose the choice is yours <FirstName>. Who am I to judge, when it was your family that was slain in these raids?",
imelda,dlg,EntryList/46/Text,0,-1,"Will money save the lives of those already dead, <FirstName>? I don't think that is justice.",
imelda,dlg,EntryList/47/Text,0,-1,You were a victim of the raid <FirstName>. Money might go some way towards compensating you.,
imelda,dlg,EntryList/48/Text,0,-1,Or you could go and report Sir Hawklin. Say he is behind it.,
imelda,dlg,EntryList/49/Text,0,-1,What do you think? Would <CUSTOM1025> golden lions satisfy you?,
imelda,dlg,EntryList/5/Text,0,-1,"I am, but that doesn't mean I want to pay someone for doing what was only right. ",
imelda,dlg,EntryList/50/Text,0,-1,How much do you want?,
imelda,dlg,EntryList/51/Text,0,-1,<StartAction>[Success]</Start> Very well.,
imelda,dlg,EntryList/52/Text,0,-1,<StartAction>[Success]</Start> Very well.,
imelda,dlg,EntryList/53/Text,0,-1,"That's too much. 2,000 is all I can afford, and all I have with me.",
imelda,dlg,EntryList/54/Text,0,-1,<StartAction>[Success]</Start> Very well.,
imelda,dlg,EntryList/55/Text,0,-1,"You have a deal. This buys your silence, and I will disappear for a while. If you cross me of course, you will soon find your life considerably more difficult.",
imelda,dlg,EntryList/56/Text,0,-1,We will not see each other again. Goodbye now.,
imelda,dlg,EntryList/57/Text,0,-1,"I would prefer to have turned her in, but I suppose we deserve something out of it.",
imelda,dlg,EntryList/58/Text,0,-1,"Who knows. Perhaps he is, in some way.",
imelda,dlg,EntryList/59/Text,0,-1,What a disgusting suggestion. That would hardly be honorable.,
imelda,dlg,EntryList/6/Text,0,-1,"Well, I hope that is true... but how can I know for sure? And even if he is dead, no doubt he has captains that will continue to trouble me.",
imelda,dlg,EntryList/60/Text,0,-1,Are you offering some kind of a deal Imelda? Why don't you get to the point.,
imelda,dlg,EntryList/61/Text,0,-1,"Sir Hawklin was prepared to take that risk, like the man of honor that he is.",
imelda,dlg,EntryList/62/Text,0,-1,No one would ever believe such a thing of my father!,
imelda,dlg,EntryList/63/Text,0,-1,So you said. I told you it has nothing to do with me.,
imelda,dlg,EntryList/64/Text,0,-1,What? Ha ha ha...very funny.,
imelda,dlg,EntryList/65/Text,0,-1,I can't prove it's not genuine of course. It is a good likeness of my seal. But I can tell you that it is truly a forgery.,
imelda,dlg,EntryList/66/Text,0,-1,"However, I don't want such dangerous looking documents floating around. In the wrong hands it could be used against me, so I'm prepared to pay you for it.",
imelda,dlg,EntryList/67/Text,0,-1,Well...there's really no need for that. It will just end up wasting so much of our time. Why not give it to me?,
imelda,dlg,EntryList/68/Text,0,-1,"We're not tempted by money. We want to bring whoever is responsible to justice, even if it is you Imelda.",
imelda,dlg,EntryList/69/Text,0,-1,Is this our business? Why not take the money?,
imelda,dlg,EntryList/7/Text,0,-1,"I'm a merchant, not a shopkeeper. I deal in shipfuls of goods, not grubby bartering whenever I get the chance. I doubt you would be interested in my goods.",
imelda,dlg,EntryList/70/Text,0,-1,Well I am sure Sir Gilbert will see it for the fake it is. Nevertheless my offer stands.,
imelda,dlg,EntryList/71/Text,0,-1,I know father will be interested to see it.,
imelda,dlg,EntryList/72/Text,0,-1,I'll give you <CUSTOM1025> golden lions for it.,
imelda,dlg,EntryList/73/Text,0,-1,You do so.,
imelda,dlg,EntryList/74/Text,0,-1,"Well, go on then. I'm sure no one will take this seriously though.",
imelda,dlg,EntryList/75/Text,0,-1,"Now, give me some peace will you?",
imelda,dlg,EntryList/76/Text,0,-1,<StartAction>[Success]</Start> I suppose. <CUSTOM1025> then.,
imelda,dlg,EntryList/77/Text,0,-1,That's all I'm offering.,
imelda,dlg,EntryList/78/Text,0,-1,"Good. Here you go then, and I'll destroy this ridiculous document. I suppose thanks are in order for recovering it, but I won't be paying for another such fraud.",
imelda,dlg,EntryList/79/Text,0,-1,"This is a very serious matter, Imelda. Can you prove you are not involved?",
imelda,dlg,EntryList/8/Text,0,-1,And I very much doubt you could afford what I have to sell.,
imelda,dlg,EntryList/80/Text,0,-1,"Well...of course I wasn't laughing because it was funny, just that it was a ridiculous accusation. I'm sorry for your loss, but...this! It's too much to accuse me of it!",
imelda,dlg,EntryList/81/Text,0,-1,"Now, did you want something else?",
imelda,dlg,EntryList/82/Text,0,-1,"My wife was killed in a raid, woman! If I find you're behind it you won't be laughing then.",
imelda,dlg,EntryList/83/Text,0,-1,"This is a serious matter. If these raids are being paid for, we must put a stop to it, or more innocent lives will be lost.",
imelda,dlg,EntryList/84/Text,0,-1,Let me see...,
imelda,dlg,EntryList/85/Text,0,-1,"Well, obviously this is a fake. What a ridiculous accusation. I may not like Valetto, but to be accused of paying for the raids on his farms is outrageous.",
imelda,dlg,EntryList/86/Text,0,-1,"It looks like your seal too, Imelda.",
imelda,dlg,EntryList/87/Text,0,-1,"Yes, what is it?",
imelda,dlg,EntryList/88/Text,0,-1,Yes. I remember you. Sir Hawklin's squire. What is it?,
imelda,dlg,EntryList/89/Text,0,-1,Yes <CUSTOM1021> <LastName>? What is it?,
imelda,dlg,EntryList/9/Text,0,-1,Unless of course you are looking to invest now that you have come on good fortune with Sir Gilbert?,
imelda,dlg,EntryList/90/Text,0,-1,We have nothing further to talk about.,
imelda,dlg,ReplyList/0/Text,0,-1,I want to ask you about something else.,
imelda,dlg,ReplyList/1/Text,0,-1,Never mind.,
imelda,dlg,ReplyList/100/Text,0,-1,"No, I'm done.",
imelda,dlg,ReplyList/101/Text,0,-1,Yes,
imelda,dlg,ReplyList/104/Text,0,-1,It has your signature on it. <StartAction>[Show the document.]</Start>,
imelda,dlg,ReplyList/107/Text,0,-1,Can I ask you about something?,
imelda,dlg,ReplyList/11/Text,0,-1,Fine. I'll leave you then.,
imelda,dlg,ReplyList/12/Text,0,-1,Try me. What are you selling?,
imelda,dlg,ReplyList/13/Text,0,-1,Tell me about the pirates.,
imelda,dlg,ReplyList/14/Text,0,-1,What do you mean?,
imelda,dlg,ReplyList/16/Text,0,-1,Perhaps you're wrong then?,
imelda,dlg,ReplyList/17/Text,0,-1,I am done.,
imelda,dlg,ReplyList/18/Text,0,-1,Is there something I can do to help?,
imelda,dlg,ReplyList/2/Text,0,-1,I have destroyed Salvatori's pirate base. Your ships will no longer be raided.,
imelda,dlg,ReplyList/20/Text,0,-1,I am done.,
imelda,dlg,ReplyList/24/Text,0,-1,I am done.,
imelda,dlg,ReplyList/25/Text,0,-1,Yes,
imelda,dlg,ReplyList/26/Text,0,-1,"No, I'm not interested thanks.",
imelda,dlg,ReplyList/27/Text,0,-1,I am done.,
imelda,dlg,ReplyList/28/Text,0,-1,Can you tell me anything about Polter's Fort?,
imelda,dlg,ReplyList/29/Text,0,-1,My thanks to you.,
imelda,dlg,ReplyList/3/Text,0,-1,Thanks. I'll leave you now.,
imelda,dlg,ReplyList/30/Text,0,-1,Can you help me with directions?,
imelda,dlg,ReplyList/31/Text,0,-1,I need to know the way to Sir Hawklin's castle.,
imelda,dlg,ReplyList/32/Text,0,-1,My thanks to you.,
imelda,dlg,ReplyList/33/Text,0,-1,I need the nearest place of healing.,
imelda,dlg,ReplyList/34/Text,0,-1,My thanks to you.,
imelda,dlg,ReplyList/35/Text,0,-1,I need the nearest inn.,
imelda,dlg,ReplyList/36/Text,0,-1,My thanks to you.,
imelda,dlg,ReplyList/37/Text,0,-1,Thanks. Can I ask something else?,
imelda,dlg,ReplyList/38/Text,0,-1,Let's talk about the raids you have been paying for along the edge of Hullack Forest.,
imelda,dlg,ReplyList/39/Text,0,-1,Let's talk about paying me to keep silent.,
imelda,dlg,ReplyList/4/Text,0,-1,"Perhaps you'd like to reward me, since I've saved you so much trouble?",
imelda,dlg,ReplyList/40/Text,0,-1,"I have given to Sir Hawklin a document that is in your name, which proves you paid for the raids.",
imelda,dlg,ReplyList/41/Text,0,-1,Sir Hawklin has demanded your arrest.,
imelda,dlg,ReplyList/43/Text,0,-1,You are to come with me to the Crown Office.,
imelda,dlg,ReplyList/44/Text,0,-1,<StartAction>[Draw your weapon and prod Imelda into coming.]</Start>,
imelda,dlg,ReplyList/45/Text,0,-1,"<StartCheck>[Persuade]</Start> Come silently, that way you'll avoid having your fall seen.",
imelda,dlg,ReplyList/46/Text,0,-1,<StartCheck>[Bluff]</Start> Hawklin has already talked to the Purple Dragon commanders. They won't interfere if I make you!,
imelda,dlg,ReplyList/47/Text,0,-1,<StartCheck>[Intimidate]</Start> You are to come with me now!,
imelda,dlg,ReplyList/49/Text,0,-1,Very well. You offered some money to keep me silent. Let's discuss that.,
imelda,dlg,ReplyList/50/Text,0,-1,<StartAction>[Take Imelda to the Crown Office.]</Start>,
imelda,dlg,ReplyList/51/Text,0,-1,So what do you suggest I do about this?,
imelda,dlg,ReplyList/57/Text,0,-1,I'll think about it.,
imelda,dlg,ReplyList/58/Text,0,-1,I'll take the money.,
imelda,dlg,ReplyList/59/Text,0,-1,<StartCheck>[Persuade]</Start> You can do better than that I think. Silence is expensive and risky for me.,
imelda,dlg,ReplyList/6/Text,0,-1,I'm done.,
imelda,dlg,ReplyList/60/Text,0,-1,"<StartCheck>[Persuade]</Start> Try 5,000 golden lions. That's more to my liking.",
imelda,dlg,ReplyList/61/Text,0,-1,"<StartCheck>[Persuade]</Start> Try 3,000. Silence is expensive these days.",
imelda,dlg,ReplyList/62/Text,0,-1,"<StartCheck>[Persuade]</Start> Make it 2,500 and I'll consider it.",
imelda,dlg,ReplyList/63/Text,0,-1,Then you'd better come with me to the Crown Office.,
imelda,dlg,ReplyList/64/Text,0,-1,I'll think about it.,
imelda,dlg,ReplyList/7/Text,0,-1,You don't seem very grateful.,
imelda,dlg,ReplyList/74/Text,0,-1,I have a document that says you are prepared to pay for raids on the farms along the edge of the forest.,
imelda,dlg,ReplyList/75/Text,0,-1,Then let's discuss something else.,
imelda,dlg,ReplyList/76/Text,0,-1,I've decided to take the offer you made earlier.,
imelda,dlg,ReplyList/77/Text,0,-1,I think it's genuine.,
imelda,dlg,ReplyList/79/Text,0,-1,I'm going to take it to the Crown Office and let them judge.,
imelda,dlg,ReplyList/8/Text,0,-1,I have killed Salvatori. Your troubles are at an end.,
imelda,dlg,ReplyList/83/Text,0,-1,I think I'll show it to Sir Hawklin.,
imelda,dlg,ReplyList/86/Text,0,-1,How much are you offering?,
imelda,dlg,ReplyList/87/Text,0,-1,I'll think about it.,
imelda,dlg,ReplyList/88/Text,0,-1,Goodbye...for now.,
imelda,dlg,ReplyList/89/Text,0,-1,I'm taking it to the Crown Office.,
imelda,dlg,ReplyList/9/Text,0,-1,Do you have anything to buy or sell?,
imelda,dlg,ReplyList/90/Text,0,-1,I'm taking it to Sir Hawklin.,
imelda,dlg,ReplyList/93/Text,0,-1,<StartCheck>[Persuade]</Start> You can offer more than that. It's a very dangerous document.,
imelda,dlg,ReplyList/94/Text,0,-1,That's not enough.,
imelda,dlg,ReplyList/95/Text,0,-1,I'll take it.,
imelda,dlg,ReplyList/96/Text,0,-1,Thanks. I'll leave you for now.,
imelda,dlg,ReplyList/98/Text,0,-1,I don't think it's funny. My father died in such a raid.,
imelda,dlg,ReplyList/99/Text,0,-1,I suppose so.,
imeldaend,dlg,EntryList/0/Text,0,-1,I am innocent you know.,
innfate,dlg,EntryList/0/Text,0,-1,What can I do for you?,
innfate,dlg,EntryList/1/Text,0,-1,"As I said, I'm not really interested in gossiping.",
innfate,dlg,EntryList/10/Text,0,-1,"That's not a very sporting thing to do. There's a difference between gathering information on your opponents, and deliberately sabotaging them.",
innfate,dlg,EntryList/100/Text,0,-1,"One-armed Magurk's is the place for the best prices and also where most Adventurers go. He's low on stock since the war, but still the best place in town. You'll find his place just north of the square next to the livery.",
innfate,dlg,EntryList/101/Text,0,-1,I recommend you head up to the Six Coffers Trading Coster. They have everything. It's on the dockside to the north of the main square.,
innfate,dlg,EntryList/102/Text,0,-1,When the tournament runs you can get access to the grounds by just heading over to the east side of town.,
innfate,dlg,EntryList/103/Text,0,-1,"Sir Hawklin's castle is at the south end of Thunderstone. You can't miss it, it's a big stone structure.",
innfate,dlg,EntryList/104/Text,0,-1,It's at the south end of town.,
innfate,dlg,EntryList/105/Text,0,-1,The Shrine of Tempus caters for all. It's just across the main square and it's on the south side.,
innfate,dlg,EntryList/106/Text,0,-1,Welcome to the Furniture's Fate! The loudest tavern in town!,
innfate,dlg,EntryList/11/Text,0,-1,"There's quite a lot of talk about Lady Arianne FitzCormaeril entering the joust. It's caused quite a stir, not just because she's related to the disgraced Cormaeril's but also she's quite a jouster. The lance is a bit heavy for her though and she often strikes at the base of the shield. Giogi Wyvernspur defeated her in a joust recently by leaning to one side or the other.",
innfate,dlg,EntryList/12/Text,0,-1,<StartAction>[You may add this to your journal in the completed section if you wish.]</Start>,
innfate,dlg,EntryList/13/Text,0,-1,Anything more you want?,
innfate,dlg,EntryList/14/Text,0,-1,"I am watching Arianne with interest. If a FitzCormaeril is gaining acceptance, then maybe a Cormaeril can too.",
innfate,dlg,EntryList/15/Text,0,-1,"Did you know that Magnus, the priest of Tempus, has six toes on his left foot?",
innfate,dlg,EntryList/16/Text,0,-1,"Oh, er, perhaps not what you were really after?",
innfate,dlg,EntryList/17/Text,0,-1,Oh really! Why would we want to hear such a thing?,
innfate,dlg,EntryList/18/Text,0,-1,Now that is high quality gossip for you <FirstName>! Perhaps we should help the poor fellow out!,
innfate,dlg,EntryList/19/Text,0,-1,"I reckon Oversword Laheralson must have had an affair with Princess Alusair before she became regent, otherwise there's no way she would put up with his inaction over these raids!",
innfate,dlg,EntryList/2/Text,0,-1,I told you I'm busy with customers.,
innfate,dlg,EntryList/20/Text,0,-1,Well I just think it's amazing what people can get away with these days.,
innfate,dlg,EntryList/21/Text,0,-1,I'd be careful where you voice that opinion about the Princess Regent.,
innfate,dlg,EntryList/22/Text,0,-1,"Well, I have a right to my opinion, don't I?",
innfate,dlg,EntryList/23/Text,0,-1,"You do, but there's some who might think ill of such views.",
innfate,dlg,EntryList/24/Text,0,-1,"The rumor's not a new one though, it has to be said.",
innfate,dlg,EntryList/25/Text,0,-1,"There was a murder last week. Some unfortunate knight new in to Thunderstone who was lured into the forest and slain. Thiodor Hurim, the Crown's agent, thinks that he was lured out by a woman claiming she had been attacked, and was then set upon.",
innfate,dlg,EntryList/26/Text,0,-1,"My cousin told me that she saw the merchant Imelda leaving Thunderstone alone one evening. In times like these, who'd want to do a thing like that?",
innfate,dlg,EntryList/27/Text,0,-1,"Last time Valetto's ship was in Thunderstone, it looked like it had ivory on board. He's supposed to be a lumber merchant. Maybe he's secretly carrying a load for the merchant Imelda? Odd really. Those two always pretend to hate each other.",
innfate,dlg,EntryList/28/Text,0,-1,There's a lot of movement along the Sembian border at the moment. Could be they're preparing for an invasion. That would explain why the Purple Dragons spend more time in their barracks than chasing raiders. I'm glad they're taking the rumor seriously!,
innfate,dlg,EntryList/29/Text,0,-1,"I heard that if you want access to stuff and you don't care about who rightfully owns it, then Alice Broadhand is the one for you. She often hangs out in the Six Coffers Trading Coster.",
innfate,dlg,EntryList/3/Text,0,-1,Here at the Furniture's Fate we have all the gossip!,
innfate,dlg,EntryList/30/Text,0,-1,They say the new smith is excellent and she used to forge magic weapons. Of course nowadays with such a shortage of regular arms she rarely gets the chance.,
innfate,dlg,EntryList/31/Text,0,-1,I am sure she would welcome the opportunity to work on magic again.,
innfate,dlg,EntryList/32/Text,0,-1,It is true that she is a very good smith.,
innfate,dlg,EntryList/33/Text,0,-1,"Sir Gilbert Hawklin has a lovely daughter, but he doesn't let her out much. Maybe she's got some sort of disease?",
innfate,dlg,EntryList/34/Text,0,-1,It seems a shame to keep her locked up.,
innfate,dlg,EntryList/35/Text,0,-1,"Well she's standing right in front of you, so that rumor is proved false!",
innfate,dlg,EntryList/36/Text,0,-1,"Oh! I do beg your pardon my lady. It's just idle gossip, nothing more.",
innfate,dlg,EntryList/37/Text,0,-1,Well there's a lot of fear in Thunderstone at the moment. Something is stalking the streets at night. My cousin said they'd seen an enormous bear!,
innfate,dlg,EntryList/38/Text,0,-1,Bad times when Thunderstone is no longer safe...,
innfate,dlg,EntryList/39/Text,0,-1,Oh really! How silly!,
innfate,dlg,EntryList/4/Text,0,-1,BROKEN DIALOGUE,
innfate,dlg,EntryList/40/Text,0,-1,"Well, that's what he said, and he's not one for lies.",
innfate,dlg,EntryList/41/Text,0,-1,There were rumors going about in town that a War Wizard bought a unicorn horn. That means someone has been hunting the Forest Fold in Hullack Forest. ,
innfate,dlg,EntryList/42/Text,0,-1,It's sure to bring more trouble. We have enough raids out of Hullack without angering the Forest Folk.,
innfate,dlg,EntryList/43/Text,0,-1,That's a strange rumor. I think I remember someone saying something similar recently too.,
innfate,dlg,EntryList/44/Text,0,-1,"This is a very old rumor that has persisted for a long time, but they say there is a castle out on Lake Wyvernwater that rises and falls beneath the waves, and that it can only be found when there is mist on the lake. I don't give it much credence, but you asked for rumors.",
innfate,dlg,EntryList/45/Text,0,-1,I can't help wondering how Valetto is the only merchant whose ships have not once been pirated.,
innfate,dlg,EntryList/46/Text,0,-1,"I can't really understand how, with all this piracy on Lake Wyvernwater, no one has once caught any of the pirates.",
innfate,dlg,EntryList/47/Text,0,-1,There must be some kind of devilry afoot. There's no other explanation.,
innfate,dlg,EntryList/48/Text,0,-1,I hope you are not insinuating that the navy are not trying? My cousin Ayesunder is the admiral.,
innfate,dlg,EntryList/49/Text,0,-1,"Oh, my apologies! Of course not. There must be some kind of devilry afoot. There's no other explanation.",
innfate,dlg,EntryList/5/Text,0,-1,EVER WANT TO ADD ANY _ DO SO HERE.,
innfate,dlg,EntryList/50/Text,0,-1,Well the latest gossip is all about Sir Gilbert Hawklin. They say he is bankrupt and may have to sell his castle in Thunderstone.,
innfate,dlg,EntryList/51/Text,0,-1,I think that would be a shame.,
innfate,dlg,EntryList/52/Text,0,-1,"Well you shouldn't listen to such rubbish. My father's finances are fine, so please stop that gossip!",
innfate,dlg,EntryList/53/Text,0,-1,"Oh! I do beg your pardon my lady. It's just idle gossip, nothing more.",
innfate,dlg,EntryList/54/Text,0,-1,We're all discussing the jousting of course...,
innfate,dlg,EntryList/55/Text,0,-1,Sir Gilbert's nephew Sir Blakeney Hawklin is entering the next joust. He's quite fancied as he has a steady arm and a good strike on the center of the shield.,
innfate,dlg,EntryList/56/Text,0,-1,"A knight who leans to the right would probably break his lance, conceding the point. Sir Gilbert's popular and any Hawklin does well with the crowd, so they'll enjoy his victories.",
innfate,dlg,EntryList/57/Text,0,-1,Inuman Insar the gnome will be riding in his first joust. He's quite fancied as he has a steady arm and a good strike on the center of the shield.,
innfate,dlg,EntryList/58/Text,0,-1,"A knight who leans to the right would probably break his lance, and lose the point. Inuman's popular and if he does well will please the crowd.",
innfate,dlg,EntryList/59/Text,0,-1,<CUSTOM1065> is meant to be riding in the next joust. She's almost an unknown as she rarely enters the lists. A friend of mine works on her staff and she says <CUSTOM1065> is formidable.,
innfate,dlg,EntryList/6/Text,0,-1,"There's a rumor about <CUSTOM1068> going around. He's meant to be entering the next joust, and one of his opponents is whispering around that the way to beat him is to avoid lowering the shield and breaking his lance.",
innfate,dlg,EntryList/60/Text,0,-1,I've heard that her favored strike is high and wide. Her opponents don't think she has the strength so they always duck behind their lances for extra force and end up being unhorsed.,
innfate,dlg,EntryList/61/Text,0,-1,Would be nice to see a lady win the next tournament I think.,
innfate,dlg,EntryList/62/Text,0,-1,"I agree. If only it could be me...but, I've chosen another route for now.",
innfate,dlg,EntryList/63/Text,0,-1,"That's good information if she rides here, for I saw her do the same thing in a tourney in Arabel before the war.",
innfate,dlg,EntryList/64/Text,0,-1,We're all very excited since it's rumored that <CUSTOM1064> will ride in the next joust!,
innfate,dlg,EntryList/65/Text,0,-1,"He is a famous jouster. It will be very exciting to watch him, though my cousin said he always aims for the helm. Any knight could beat him if they just ducked their helm down!",
innfate,dlg,EntryList/66/Text,0,-1,I'd very much like to see <CUSTOM1064> ride. He has a reputation as a doughty fighter on foot too.,
innfate,dlg,EntryList/67/Text,0,-1,"The main talk is about the next tournament. I reckon <CUSTOM1063> has a good chance, don't you? His main weakness is that he always aims low to the left.",
innfate,dlg,EntryList/68/Text,0,-1,"He does it too often, but I guess enough opponents lean right for him to win through. Easy points for lance breaks seem to be his speciality.",
innfate,dlg,EntryList/69/Text,0,-1,It's true. I saw him ride in Marsember once and he did  the same thing there.,
innfate,dlg,EntryList/7/Text,0,-1,I've no idea if it's true though.,
innfate,dlg,EntryList/70/Text,0,-1,<CUSTOM1062> is quite fancied in the jousting in the next tournament but he always aims low. I believe one of the other knights will beat him easily as long as they don't lower their shield.,
innfate,dlg,EntryList/71/Text,0,-1,"I've watched a lot of jousts, and you can easily concede a point that way; they get a clean strike and break their lance.",
innfate,dlg,EntryList/72/Text,0,-1,"Everyone is talking about young <CUSTOM1061> and that he'll win the next joust, but my cousin said that he almost always goes for the helm.",
innfate,dlg,EntryList/73/Text,0,-1,His opponent almost always raises their shield in reflex and...bang! They're on the ground!,
innfate,dlg,EntryList/74/Text,0,-1,<StartAction>[You may add this to your journal in the completed section if you wish.]</Start>,
innfate,dlg,EntryList/75/Text,0,-1,Anything more you want?,
innfate,dlg,EntryList/76/Text,0,-1,"Cousin Azar? By Torm, that's absolutely right, he does too!",
innfate,dlg,EntryList/77/Text,0,-1,His opponent almost always raises their shield in reflex and...bang! They're on the ground!,
innfate,dlg,EntryList/78/Text,0,-1,Let me see...,
innfate,dlg,EntryList/79/Text,0,-1,"It's a busy time right now, not the time for idle gossip.",
innfate,dlg,EntryList/8/Text,0,-1,<StartAction>[You may add this to your journal in the completed section if you wish.]</Start>,
innfate,dlg,EntryList/80/Text,0,-1,"Nothing that I can think of, and anyway I'm too busy for such nonsense.",
innfate,dlg,EntryList/81/Text,0,-1,I doubt it.,
innfate,dlg,EntryList/82/Text,0,-1,Do I look that desperate! Go and bother someone else rather than insulting me with your offers!,
innfate,dlg,EntryList/83/Text,0,-1,You have a deal! Thanks. Now let me think....,
innfate,dlg,EntryList/84/Text,0,-1,"Well there's no need to be like that. If it's so important, let me think...",
innfate,dlg,EntryList/85/Text,0,-1,"I can't very well refuse you if you put it like that, can I? Let me see...",
innfate,dlg,EntryList/86/Text,0,-1,I'm not interested so forget it would you? I have someone else to serve now. Excuse me...,
innfate,dlg,EntryList/87/Text,0,-1,"I can see you are seriously in need of gossip! Very well, I'll tell you what I know, but keep your news, I shan't have others accuse me of rumor-mongering. Let me see...",
innfate,dlg,EntryList/88/Text,0,-1,Yes?,
innfate,dlg,EntryList/89/Text,0,-1,"You have to make your own money these days. Many would choose adventuring, if only the price would come down for the Charter. You'll have to find work for yourself.",
innfate,dlg,EntryList/9/Text,0,-1,Anything more you want?,
innfate,dlg,EntryList/90/Text,0,-1,"There's not many jobs now, truth be told. Since the war, many an ex-soldier needs work.",
innfate,dlg,EntryList/91/Text,0,-1,"Well, Alice Broadhand over at the Six Coffers sometimes has a job that needs doing, but oft times her jobs are not the sort anyone would want.",
innfate,dlg,EntryList/92/Text,0,-1,"There's no easy way to make money in Thunderstone nowadays. Maybe your best hope is the next tournament? If you're prepared to fight, there's a General Melee with cash prizes up for grabs. Last man standing, that sort of thing.",
innfate,dlg,EntryList/93/Text,0,-1,Polter's Fort? Not I. Never heard of it!,
innfate,dlg,EntryList/94/Text,0,-1,"I believe Magnus, the priest in the Shrine of Tempus is the man for history. Perhaps he can help you?",
innfate,dlg,EntryList/95/Text,0,-1,I thought that was just a Folk Tale? Wasn't that the place with the ghost in it that undid the building work every night? Good story that one...,
innfate,dlg,EntryList/96/Text,0,-1,Of course. What are you looking for?,
innfate,dlg,EntryList/97/Text,0,-1,Are you after goods or livestock?,
innfate,dlg,EntryList/98/Text,0,-1,For horses the only place to go is Wangle's Livery on the east side of the square behind the Furniture's Fate.,
innfate,dlg,EntryList/99/Text,0,-1,"Well there's really three places to head for then. There's a smith in Wangle's Livery, though she has little stock. Or you could try Magurk's place. That's probably the most reasonably priced. The Six Coffers Trading Coster have by far the most stock, though they're a little pricey. You can find all three on the north and east side of the main square.",
innfate,dlg,ReplyList/0/Text,0,-1,I am done.,
innfate,dlg,ReplyList/1/Text,0,-1,Let me see what you have to sell.,
innfate,dlg,ReplyList/10/Text,0,-1,<StartAction>[No]</Start>,
innfate,dlg,ReplyList/100/Text,0,-1,Goods,
innfate,dlg,ReplyList/101/Text,0,-1,My thanks to you.,
innfate,dlg,ReplyList/102/Text,0,-1,My thanks to you.,
innfate,dlg,ReplyList/103/Text,0,-1,My thanks to you.,
innfate,dlg,ReplyList/104/Text,0,-1,Where is the tournament ground?,
innfate,dlg,ReplyList/105/Text,0,-1,My thanks to you.,
innfate,dlg,ReplyList/106/Text,0,-1,I need to know the way to Sir Hawklin's castle.,
innfate,dlg,ReplyList/107/Text,0,-1,My thanks to you.,
innfate,dlg,ReplyList/108/Text,0,-1,My thanks to you.,
innfate,dlg,ReplyList/109/Text,0,-1,I need the nearest place of healing.,
innfate,dlg,ReplyList/11/Text,0,-1,<StartAction>[Yes]</Start>,
innfate,dlg,ReplyList/110/Text,0,-1,My thanks to you.,
innfate,dlg,ReplyList/111/Text,0,-1,Thanks. Can I ask something else?,
innfate,dlg,ReplyList/12/Text,0,-1,My thanks.,
innfate,dlg,ReplyList/15/Text,0,-1,<StartAction>[No]</Start>,
innfate,dlg,ReplyList/16/Text,0,-1,<StartAction>[Yes]</Start>,
innfate,dlg,ReplyList/17/Text,0,-1,My thanks.,
innfate,dlg,ReplyList/2/Text,0,-1,"I asked you about rumors and points of interest before. Remind me, what did you say?",
innfate,dlg,ReplyList/20/Text,0,-1,"Not really, but thanks anyway!",
innfate,dlg,ReplyList/24/Text,0,-1,My thanks.,
innfate,dlg,ReplyList/29/Text,0,-1,My thanks.,
innfate,dlg,ReplyList/3/Text,0,-1,I shall leave you to your business.,
innfate,dlg,ReplyList/30/Text,0,-1,My thanks.,
innfate,dlg,ReplyList/31/Text,0,-1,My thanks.,
innfate,dlg,ReplyList/32/Text,0,-1,My thanks.,
innfate,dlg,ReplyList/33/Text,0,-1,My thanks.,
innfate,dlg,ReplyList/35/Text,0,-1,My thanks.,
innfate,dlg,ReplyList/38/Text,0,-1,My thanks.,
innfate,dlg,ReplyList/4/Text,0,-1,I shall leave you to your business.,
innfate,dlg,ReplyList/40/Text,0,-1,My thanks.,
innfate,dlg,ReplyList/42/Text,0,-1,My thanks.,
innfate,dlg,ReplyList/44/Text,0,-1,My thanks.,
innfate,dlg,ReplyList/46/Text,0,-1,My thanks.,
innfate,dlg,ReplyList/48/Text,0,-1,My thanks.,
innfate,dlg,ReplyList/49/Text,0,-1,My thanks.,
innfate,dlg,ReplyList/5/Text,0,-1,"I am looking for rumors, points of interest, that sort of thing. Do you know any?",
innfate,dlg,ReplyList/51/Text,0,-1,My thanks.,
innfate,dlg,ReplyList/53/Text,0,-1,My thanks.,
innfate,dlg,ReplyList/55/Text,0,-1,My thanks.,
innfate,dlg,ReplyList/57/Text,0,-1,My thanks.,
innfate,dlg,ReplyList/7/Text,0,-1,My thanks.,
innfate,dlg,ReplyList/74/Text,0,-1,<StartAction>[No]</Start>,
innfate,dlg,ReplyList/75/Text,0,-1,<StartAction>[Yes]</Start>,
innfate,dlg,ReplyList/76/Text,0,-1,My thanks.,
innfate,dlg,ReplyList/78/Text,0,-1,I shall leave you to your business.,
innfate,dlg,ReplyList/79/Text,0,-1,I shall leave you to your business.,
innfate,dlg,ReplyList/80/Text,0,-1,Let me ask you something else.,
innfate,dlg,ReplyList/81/Text,0,-1,Perhaps there is some way I can change your mind?,
innfate,dlg,ReplyList/82/Text,0,-1,Never mind then.,
innfate,dlg,ReplyList/83/Text,0,-1,How about a gold piece for a rumor?,
innfate,dlg,ReplyList/84/Text,0,-1,I shall leave you to your business.,
innfate,dlg,ReplyList/85/Text,0,-1,<StartCheck>[Intimidate]</Start> I don't like your attitude. Start talking or...,
innfate,dlg,ReplyList/86/Text,0,-1,<StartCheck>[Persuade]</Start> I am a little down on my luck. Perhaps I can turn the news to good use?,
innfate,dlg,ReplyList/87/Text,0,-1,"<StartCheck>[Bluff]</Start> Well, I'll tell you a piece of hot news in exchange.",
innfate,dlg,ReplyList/89/Text,0,-1,I have a question...,
innfate,dlg,ReplyList/90/Text,0,-1,Let's talk of something else.,
innfate,dlg,ReplyList/91/Text,0,-1,Where can I get a job in this town?,
innfate,dlg,ReplyList/92/Text,0,-1,Can you tell me anything about Polter's Fort?,
innfate,dlg,ReplyList/93/Text,0,-1,My thanks to you.,
innfate,dlg,ReplyList/94/Text,0,-1,My thanks to you.,
innfate,dlg,ReplyList/95/Text,0,-1,My thanks to you.,
innfate,dlg,ReplyList/96/Text,0,-1,Can you help me with directions?,
innfate,dlg,ReplyList/97/Text,0,-1,Where can I find merchants to trade with?,
innfate,dlg,ReplyList/98/Text,0,-1,Livestock if that includes horses.,
innfate,dlg,ReplyList/99/Text,0,-1,My thanks to you.,
innsign,dlg,EntryList/0/Text,0,-1,What can I do for you?,
innsign,dlg,EntryList/1/Text,0,-1,"As I said, I'm not really interested in gossiping.",
innsign,dlg,EntryList/10/Text,0,-1,"That's not a very sporting thing to do. There's a difference between gathering information on your opponents, and deliberately sabotaging them.",
innsign,dlg,EntryList/11/Text,0,-1,"There's quite a lot of talk about Lady Arianne FitzCormaeril entering the joust. It's caused quite a stir, not just because she's related to the disgraced Cormaeril's but also she's quite a jouster. The lance is a bit heavy for her though and she often strikes at the base of the shield. Giogi Wyvernspur defeated her in a joust recently by leaning to one side or the other.",
innsign,dlg,EntryList/12/Text,0,-1,<StartAction>[You may add this to your journal in the completed section if you wish.]</Start>,
innsign,dlg,EntryList/13/Text,0,-1,Anything more you want?,
innsign,dlg,EntryList/14/Text,0,-1,"I am watching Arianne with interest. If a FitzCormaeril is gaining acceptance, then maybe a Cormaeril can too.",
innsign,dlg,EntryList/15/Text,0,-1,Ever heard the rumor about the White Stag? The hunters have a local legend about this creature that is too fast to catch. Several lords have declared it their aim to hunt this animal.,
innsign,dlg,EntryList/16/Text,0,-1,They're all looking for it in Hullack Forest. They'd be better off looking along the banks of the Lake from what I've heard.,
innsign,dlg,EntryList/17/Text,0,-1,"I reckon Oversword Laheralson must have had an affair with Princess Alusair before she became regent, otherwise there's no way she would put up with his inaction over these raids.",
innsign,dlg,EntryList/18/Text,0,-1,Well I just think it's amazing what people can get away with these days.,
innsign,dlg,EntryList/19/Text,0,-1,I'd be careful where you voice that opinion about the Princess Regent.,
innsign,dlg,EntryList/2/Text,0,-1,I told you I am not going to impart such information to strangers. I haven't changed my mind.,
innsign,dlg,EntryList/20/Text,0,-1,"Well, I have a right to my opinion, don't I?",
innsign,dlg,EntryList/21/Text,0,-1,"You do, but there's some who might think ill of such views.",
innsign,dlg,EntryList/22/Text,0,-1,"The rumor's not a new one though, it has to be said.",
innsign,dlg,EntryList/23/Text,0,-1,"There was a murder last week. Some unfortunate knight new in to Thunderstone who was lured into the forest and slain. Thiodor Hurim, the Crown's agent, thinks that he was lured out by a woman claiming she had been attacked, and was then set upon.",
innsign,dlg,EntryList/24/Text,0,-1,"My cousin told me that she saw the merchant Imelda leaving Thunderstone alone one evening. In times like these, who'd want to do a thing like that?",
innsign,dlg,EntryList/25/Text,0,-1,"Last time Valetto's ship was in Thunderstone, it looked like it had ivory on board. He's supposed to be a lumber merchant. Maybe he's secretly carrying a load for the merchant Imelda? Odd really. Those two always pretend to hate each other.",
innsign,dlg,EntryList/26/Text,0,-1,There's a lot of movement along the Sembian border at the moment. Could be they're preparing for an invasion. That would explain why the Purple Dragons spend more time in their barracks than chasing raiders.,
innsign,dlg,EntryList/27/Text,0,-1,"I heard that if you want access to merchandise and you don't care about who rightfully owns it, then Alice Broadhand is the one for you. She often loiters in the Six Coffers Trading Coster.",
innsign,dlg,EntryList/28/Text,0,-1,We have a  new smith in Wangle's Livery who I can highly recommend. Her skill with magic items is astonishing. Of course nowadays with such a shortage of regular arms she rarely gets the chance to make any magic.,
innsign,dlg,EntryList/29/Text,0,-1,I am sure she would welcome the opportunity to work on magic again.,
innsign,dlg,EntryList/3/Text,0,-1,"With such important clientele at the Sign of Thunder, news of course does travel through here.",
innsign,dlg,EntryList/30/Text,0,-1,It is true that she is a very good smith.,
innsign,dlg,EntryList/31/Text,0,-1,"Sir Gilbert Hawklin has a lovely daughter, but he doesn't let her out much. Maybe she's got some sort of disease?",
innsign,dlg,EntryList/32/Text,0,-1,It seems a shame to keep her locked up.,
innsign,dlg,EntryList/33/Text,0,-1,"Well she's standing right in front of you, so that rumor is proved false!",
innsign,dlg,EntryList/34/Text,0,-1,"Oh! I do beg your pardon my lady. It's just idle gossip, nothing more.",
innsign,dlg,EntryList/35/Text,0,-1,Well there's a lot of fear in Thunderstone at the moment. Something is stalking the streets at night. My cousin said they'd seen an enormous bear!,
innsign,dlg,EntryList/36/Text,0,-1,Bad times when Thunderstone is no longer safe...,
innsign,dlg,EntryList/37/Text,0,-1,Oh really! How silly!,
innsign,dlg,EntryList/38/Text,0,-1,"Well, that's what he said, and he's not one for lies.",
innsign,dlg,EntryList/39/Text,0,-1,There were rumors going about in town that a War Wizard bought a unicorn horn. That means someone has been hunting the Forest Fold in Hullack Forest. ,
innsign,dlg,EntryList/4/Text,0,-1,BROKEN DIALOGUE,
innsign,dlg,EntryList/40/Text,0,-1,It's sure to bring more trouble. We have enough raids out of Hullack without angering the Forest Folk.,
innsign,dlg,EntryList/41/Text,0,-1,That's a strange rumor. I think I remember someone saying something similar recently too.,
innsign,dlg,EntryList/42/Text,0,-1,"This is a very old rumor that has persisted for a long time, but they say there is a castle out on Lake Wyvernwater that rises and falls beneath the waves, and that it can only be found when there is mist on the lake. I don't give it much credence, but you asked for rumors.",
innsign,dlg,EntryList/43/Text,0,-1,I can't help wondering how Valetto is the only merchant whose ships have not once been pirated.,
innsign,dlg,EntryList/44/Text,0,-1,"I can't really understand how, with all this piracy on Lake Wyvernwater, no one has once caught any of the pirates.",
innsign,dlg,EntryList/45/Text,0,-1,There must be some kind of devilry afoot. There's no other explanation.,
innsign,dlg,EntryList/46/Text,0,-1,I hope you are not insinuating that the navy are not trying? My cousin Ayesunder is the admiral.,
innsign,dlg,EntryList/47/Text,0,-1,"Oh, my apologies! Of course not. There must be some kind of devilry afoot. There's no other explanation.",
innsign,dlg,EntryList/48/Text,0,-1,Well the latest gossip is all about Sir Gilbert Hawklin. They say he is bankrupt and may have to sell his castle in Thunderstone.,
innsign,dlg,EntryList/49/Text,0,-1,I think that would be a shame.,
innsign,dlg,EntryList/5/Text,0,-1,EVER WANT TO ADD ANY _ DO SO HERE.,
innsign,dlg,EntryList/50/Text,0,-1,"Well you shouldn't listen to such rubbish. My father's finances are fine, so please stop that gossip!",
innsign,dlg,EntryList/51/Text,0,-1,"Oh! I do beg your pardon my lady. It's just idle gossip, nothing more.",
innsign,dlg,EntryList/52/Text,0,-1,We're all discussing the jousting of course...,
innsign,dlg,EntryList/53/Text,0,-1,Sir Gilbert's nephew Sir Blakeney Hawklin is entering the next joust. He's quite fancied as he has a steady arm and a good strike on the center of the shield.,
innsign,dlg,EntryList/54/Text,0,-1,"A knight who leans to the right would probably break his lance, conceding the point. Sir Gilbert's popular and any Hawklin does well with the crowd, so they'll enjoy his victories.",
innsign,dlg,EntryList/55/Text,0,-1,Inuman Insar the gnome will be riding in his first joust. He's quite fancied as he has a steady arm and a good strike on the center of the shield.,
innsign,dlg,EntryList/56/Text,0,-1,"A knight who leans to the right would probably break his lance, and lose the point. Inuman's popular and if he does well will please the crowd.",
innsign,dlg,EntryList/57/Text,0,-1,<CUSTOM1065> is meant to be riding in the next joust. She's almost an unknown as she rarely enters the lists. A friend of mine works on her staff and she says <CUSTOM1065> is formidable.,
innsign,dlg,EntryList/58/Text,0,-1,I've heard that her favored strike is high and wide. Her opponents don't think she has the strength so they always duck behind their lances for extra force and end up being unhorsed.,
innsign,dlg,EntryList/59/Text,0,-1,Would be nice to see a lady win the next tournament I think.,
innsign,dlg,EntryList/6/Text,0,-1,"There's a rumor about <CUSTOM1068> going around. He's meant to be entering the next joust, and one of his opponents is whispering around that the way to beat him is to avoid lowering the shield and breaking his lance.",
innsign,dlg,EntryList/60/Text,0,-1,"I agree. If only it could be me...but, I've chosen another route for now.",
innsign,dlg,EntryList/61/Text,0,-1,"That's good information if she rides here, for I saw her do the same thing in a tourney in Arabel before the war.",
innsign,dlg,EntryList/62/Text,0,-1,We're all very excited since it's rumored that <CUSTOM1064> will ride in the next joust!,
innsign,dlg,EntryList/63/Text,0,-1,"He is a famous jouster. It will be very exciting to watch him, though he always aims for the helm. Any knight could beat him if they just ducked their helm down!",
innsign,dlg,EntryList/64/Text,0,-1,I'd very much like to see <CUSTOM1064> ride. He has a reputation as a doughty fighter on foot too.,
innsign,dlg,EntryList/65/Text,0,-1,"The main talk is about the next tournament. I reckon <CUSTOM1063> has a good chance, don't you? His main weakness is that he always aims low to the left.",
innsign,dlg,EntryList/66/Text,0,-1,"He does it too often, but I guess enough opponents lean right for him to win through. Easy points for lance breaks seem to be his speciality.",
innsign,dlg,EntryList/67/Text,0,-1,It's true. I saw him ride in Marsember once and he did  the same thing there.,
innsign,dlg,EntryList/68/Text,0,-1,<CUSTOM1062> is quite fancied in the jousting in the next tournament but he always aims low. I believe one of the other knights will beat him easily as long as they don't lower their shield.,
innsign,dlg,EntryList/69/Text,0,-1,"I've watched a lot of jousts, and you can easily concede a point that way; they get a clean strike and break their lance.",
innsign,dlg,EntryList/7/Text,0,-1,I've no idea if it's true though.,
innsign,dlg,EntryList/70/Text,0,-1,"Everyone is talking about young <CUSTOM1061> and that he'll win the next joust, but his attack is flawed since he always strikes for the same place, the helm.",
innsign,dlg,EntryList/71/Text,0,-1,"His opponent almost always raises their shield in reflex, but a sensible knight will have noted his attack and refrain from doing so.",
innsign,dlg,EntryList/72/Text,0,-1,<StartAction>[You may add this to your journal in the completed section if you wish.]</Start>,
innsign,dlg,EntryList/73/Text,0,-1,Anything more you want?,
innsign,dlg,EntryList/74/Text,0,-1,"Cousin Azar? By Torm, that's absolutely right, he does too!",
innsign,dlg,EntryList/75/Text,0,-1,"His opponent almost always raises their shield in reflex, but a sensible knight will have noted his attack and refrain from doing so.",
innsign,dlg,EntryList/76/Text,0,-1,Let me see...,
innsign,dlg,EntryList/77/Text,0,-1,"This isn't that kind of place, <sir/madam>. Why don't you try the Furniture's Fate? More your thing I suspect.",
innsign,dlg,EntryList/78/Text,0,-1,"Nothing that I can think of, and anyway I'm too busy for such nonsense.",
innsign,dlg,EntryList/79/Text,0,-1,I doubt it.,
innsign,dlg,EntryList/8/Text,0,-1,<StartAction>[You may add this to your journal in the completed section if you wish.]</Start>,
innsign,dlg,EntryList/80/Text,0,-1,Do I look that desperate! Go and bother someone else rather than insulting me with your offers!,
innsign,dlg,EntryList/81/Text,0,-1,You have a deal! Thanks. Now let me think....,
innsign,dlg,EntryList/82/Text,0,-1,"Well there's no need to be like that. If it's so important, let me think...",
innsign,dlg,EntryList/83/Text,0,-1,"I can't very well refuse you if you put it like that, can I? Let me see...",
innsign,dlg,EntryList/84/Text,0,-1,I'm busy I said. Now leave me in peace!,
innsign,dlg,EntryList/85/Text,0,-1,"I can see you are seriously in need of gossip! Very well, I'll tell you what I know, but keep your news, I shan't have others accuse me of rumor-mongering. Let me see...",
innsign,dlg,EntryList/86/Text,0,-1,Of course! Just ask.,
innsign,dlg,EntryList/87/Text,0,-1,"That I couldn't tell you. Since the war work is hard to come by. The tournaments offer the best opportunity for quick money, though you'll need to be skilled with bow or sword.",
innsign,dlg,EntryList/88/Text,0,-1,Polter's Fort? Not I. Never heard of it!,
innsign,dlg,EntryList/89/Text,0,-1,"I believe Magnus, the priest in the Shrine of Tempus is the man for history. Perhaps he can help you?",
innsign,dlg,EntryList/9/Text,0,-1,Anything more you want?,
innsign,dlg,EntryList/90/Text,0,-1,I thought that was just a Folk Tale? Wasn't that the place with the ghost in it that undid the building work every night? Good story that one...,
innsign,dlg,EntryList/91/Text,0,-1,Of course. What are you looking for?,
innsign,dlg,EntryList/92/Text,0,-1,I recommend you head up to the Six Coffers Trading Coster. They have everything. It's on the dockside to the north of the main square.,
innsign,dlg,EntryList/93/Text,0,-1,When the tournament runs you can get access to the grounds by just heading over to the east side of town.,
innsign,dlg,EntryList/94/Text,0,-1,"Sir Hawklin's castle is at the south end of Thunderstone. You can't miss it, it's a big stone structure.",
innsign,dlg,EntryList/95/Text,0,-1,It's at the south end of town.,
innsign,dlg,EntryList/96/Text,0,-1,The Shrine of Tempus caters for all. It's just across the main square and it's on the south side.,
innsign,dlg,EntryList/97/Text,0,-1,"Welcome to the Sign of Thunder, an establishment for the more discerning.",
innsign,dlg,ReplyList/0/Text,0,-1,I am done.,
innsign,dlg,ReplyList/1/Text,0,-1,Let me see what you have to sell.,
innsign,dlg,ReplyList/10/Text,0,-1,<StartAction>[No]</Start>,
innsign,dlg,ReplyList/100/Text,0,-1,My thanks to you.,
innsign,dlg,ReplyList/101/Text,0,-1,My thanks to you.,
innsign,dlg,ReplyList/102/Text,0,-1,I need the nearest place of healing.,
innsign,dlg,ReplyList/103/Text,0,-1,My thanks to you.,
innsign,dlg,ReplyList/104/Text,0,-1,Thanks. Can I ask something else?,
innsign,dlg,ReplyList/11/Text,0,-1,<StartAction>[Yes]</Start>,
innsign,dlg,ReplyList/12/Text,0,-1,My thanks.,
innsign,dlg,ReplyList/15/Text,0,-1,<StartAction>[No]</Start>,
innsign,dlg,ReplyList/16/Text,0,-1,<StartAction>[Yes]</Start>,
innsign,dlg,ReplyList/17/Text,0,-1,My thanks.,
innsign,dlg,ReplyList/2/Text,0,-1,"I asked you about rumors and points of interest before. Remind me, what did you say?",
innsign,dlg,ReplyList/20/Text,0,-1,My thanks.,
innsign,dlg,ReplyList/22/Text,0,-1,My thanks.,
innsign,dlg,ReplyList/27/Text,0,-1,My thanks.,
innsign,dlg,ReplyList/28/Text,0,-1,My thanks.,
innsign,dlg,ReplyList/29/Text,0,-1,My thanks.,
innsign,dlg,ReplyList/3/Text,0,-1,I shall leave you to your business.,
innsign,dlg,ReplyList/30/Text,0,-1,My thanks.,
innsign,dlg,ReplyList/31/Text,0,-1,My thanks.,
innsign,dlg,ReplyList/33/Text,0,-1,My thanks.,
innsign,dlg,ReplyList/36/Text,0,-1,My thanks.,
innsign,dlg,ReplyList/38/Text,0,-1,My thanks.,
innsign,dlg,ReplyList/4/Text,0,-1,I shall leave you to your business.,
innsign,dlg,ReplyList/40/Text,0,-1,My thanks.,
innsign,dlg,ReplyList/42/Text,0,-1,My thanks.,
innsign,dlg,ReplyList/44/Text,0,-1,My thanks.,
innsign,dlg,ReplyList/46/Text,0,-1,My thanks.,
innsign,dlg,ReplyList/47/Text,0,-1,My thanks.,
innsign,dlg,ReplyList/49/Text,0,-1,My thanks.,
innsign,dlg,ReplyList/5/Text,0,-1,"I am looking for rumors, points of interest, that sort of thing. Do you know any?",
innsign,dlg,ReplyList/51/Text,0,-1,My thanks.,
innsign,dlg,ReplyList/53/Text,0,-1,My thanks.,
innsign,dlg,ReplyList/55/Text,0,-1,My thanks.,
innsign,dlg,ReplyList/7/Text,0,-1,My thanks.,
innsign,dlg,ReplyList/72/Text,0,-1,<StartAction>[No]</Start>,
innsign,dlg,ReplyList/73/Text,0,-1,<StartAction>[Yes]</Start>,
innsign,dlg,ReplyList/74/Text,0,-1,My thanks.,
innsign,dlg,ReplyList/76/Text,0,-1,I shall leave you to your business.,
innsign,dlg,ReplyList/77/Text,0,-1,I shall leave you to your business.,
innsign,dlg,ReplyList/78/Text,0,-1,Let me ask you something else.,
innsign,dlg,ReplyList/79/Text,0,-1,Perhaps there is some way I can change your mind?,
innsign,dlg,ReplyList/80/Text,0,-1,Never mind then.,
innsign,dlg,ReplyList/81/Text,0,-1,How about a gold piece for a rumor?,
innsign,dlg,ReplyList/82/Text,0,-1,I shall leave you to your business.,
innsign,dlg,ReplyList/83/Text,0,-1,<StartCheck>[Intimidate]</Start> I don't like your attitude. Start talking or...,
innsign,dlg,ReplyList/84/Text,0,-1,<StartCheck>[Persuade]</Start> I am a little down on my luck. Perhaps I can turn the news to good use?,
innsign,dlg,ReplyList/85/Text,0,-1,"<StartCheck>[Bluff]</Start> Well, I'll tell you a piece of hot news in exchange.",
innsign,dlg,ReplyList/86/Text,0,-1,Goodbye.,
innsign,dlg,ReplyList/87/Text,0,-1,I have a question...,
innsign,dlg,ReplyList/88/Text,0,-1,Let's discuss something else.,
innsign,dlg,ReplyList/89/Text,0,-1,Where can I get a job in this town?,
innsign,dlg,ReplyList/90/Text,0,-1,Can you tell me anything about Polter's Fort?,
innsign,dlg,ReplyList/91/Text,0,-1,My thanks to you.,
innsign,dlg,ReplyList/92/Text,0,-1,My thanks to you.,
innsign,dlg,ReplyList/93/Text,0,-1,My thanks to you.,
innsign,dlg,ReplyList/94/Text,0,-1,Can you help me with directions?,
innsign,dlg,ReplyList/95/Text,0,-1,Where can I find merchants to trade with?,
innsign,dlg,ReplyList/96/Text,0,-1,My thanks to you.,
innsign,dlg,ReplyList/97/Text,0,-1,Where is the tournament ground?,
innsign,dlg,ReplyList/98/Text,0,-1,My thanks to you.,
innsign,dlg,ReplyList/99/Text,0,-1,I need to know the way to Sir Hawklin's castle.,
intruders,dlg,EntryList/0/Text,0,-1,Enemies! Enemies!,
intruders2,dlg,EntryList/1/Text,0,-1,Quick! Strangers! Silence them...,
intruders2,dlg,EntryList/2/Text,0,-1,Who forgot to lock the door?,
jenny,dlg,EntryList/0/Text,0,-1,Favour ROOT,
jenny,dlg,EntryList/1/Text,0,-1,"Well, I hope it's not too much to ask, but I was wondering if you might bring me something?",
jenny,dlg,EntryList/10/Text,0,-1,"Oh! Well...yes of course, I'm so sorry <sir/madam>!",
jenny,dlg,EntryList/11/Text,0,-1,"Oh <sir/madam>, but I have nothing!",
jenny,dlg,EntryList/12/Text,0,-1,I have...er...this. One golden lion. Take it. It's all I have but it's worth it if you can find the stag!,
jenny,dlg,EntryList/13/Text,0,-1,"I don't know that. I don't think anyone does, except it's in the forest.",
jenny,dlg,EntryList/14/Text,0,-1,"Oh, I can't say his name. I'm embarassed to. He is a lord you see, and...well, I can't profess my love to anyone unless I can hope he may return it. But first I must get him to look at me.",
jenny,dlg,EntryList/15/Text,0,-1,Hello there.,
jenny,dlg,EntryList/16/Text,0,-1,What do you need?,
jenny,dlg,EntryList/17/Text,0,-1,What? Oh this is too much to believe...that you would be so good to me...! You must be the swiftest hunter in all the land to have caught the White Stag!,
jenny,dlg,EntryList/18/Text,0,-1,"Oh, but no! It is damaged! I can't do anything with that.",
jenny,dlg,EntryList/19/Text,0,-1,"Oh, that is such a shame, and you must have tried so hard, but now...what will I do! How will I please my love?",
jenny,dlg,EntryList/2/Text,0,-1,"Well I'll tell you what it is, and then if you ever find yourself somewhere you can help, then you can decide.",
jenny,dlg,EntryList/20/Text,0,-1,Oh! oh! Disaster...,
jenny,dlg,EntryList/21/Text,0,-1,"Oh, and look at the condition! It is perfect!",
jenny,dlg,EntryList/22/Text,0,-1,"I can never repay you for this, <sir/madam>! Never! You have my heartfelt thanks!",
jenny,dlg,EntryList/23/Text,0,-1,Of course...but not now!,
jenny,dlg,EntryList/24/Text,0,-1,I must go immediately and offer this to my love! Wish me luck!,
jenny,dlg,EntryList/25/Text,0,-1,"It was <CUSTOM1022>. I thought they seemed so noble after you beat them in the joust, but I guess it must be out of revenge! I saw them with my own eyes defacing the grave!",
jenny,dlg,EntryList/26/Text,0,-1,"They're from out of town I think. They're not staying here, so I guess you might try the Sign of Thunder?",
jenny,dlg,EntryList/27/Text,0,-1,"You have to make your own money these days. Many would choose adventuring, if only the price would come down for the Charter. You'll have to find work for yourself.",
jenny,dlg,EntryList/28/Text,0,-1,"There's not many jobs now, truth be told. Since the war, many an ex-soldier needs work.",
jenny,dlg,EntryList/29/Text,0,-1,"Well, Alice Broadhand over at the Six Coffers sometimes has a job that needs doing, but oft times her jobs are not the sort anyone would want.",
jenny,dlg,EntryList/3/Text,0,-1,I need you to bring me the undamaged hide of the White Stag.,
jenny,dlg,EntryList/30/Text,0,-1,"There's no easy way to make money in Thunderstone nowadays. Maybe your best hope is the next tournament? If you're prepared to fight, there's a General Melee with cash prizes up for grabs. Last man standing, that sort of thing.",
jenny,dlg,EntryList/31/Text,0,-1,Polter's Fort? Not I. Never heard of it!,
jenny,dlg,EntryList/32/Text,0,-1,"I believe Magnus, the priest in the Shrine of Tempus is the man for history. Perhaps he can help you?",
jenny,dlg,EntryList/33/Text,0,-1,I thought that was just a Folk Tale? Wasn't that the place with the ghost in it that undid the building work every night? Good story that one...,
jenny,dlg,EntryList/34/Text,0,-1,"Oh <Mister/Missus>, <Mister/Missus>!",
jenny,dlg,EntryList/35/Text,0,-1,You are <CUSTOM1021> <LastName> <CUSTOM1053> aren't you?,
jenny,dlg,EntryList/36/Text,0,-1,Have you been down to the cemetery <sir/madam>? To Kelemvor's Garden? It's your family grave! It's been defaced!,
jenny,dlg,EntryList/37/Text,0,-1,Well yes... but I am afraid to say so <sir/madam>.,
jenny,dlg,EntryList/38/Text,0,-1,Well perhaps you could do a favor for me in return if I tell you?,
jenny,dlg,EntryList/39/Text,0,-1,"Well...I wish you would help me but it's not right I don't tell you what I saw, so I'm going to tell you anyway.",
jenny,dlg,EntryList/4/Text,0,-1,It's just that I live a simple life working as a washerwoman for the folk of Thunderstone. He will never notice me unless I give him something truly exceptional.,
jenny,dlg,EntryList/40/Text,0,-1,"It was <CUSTOM1022>. You know? You beat them in the joust. <CUSTOM1022> seemed so noble in defeat, all gracious like. Such a shame when someone like that has a bad heart inside them.",
jenny,dlg,EntryList/41/Text,0,-1,"Anyway, my own eyes don't lie to me. I went down to Kelemvor's Garden to put out some flowers, and <CUSTOM1022> was chippin' away at your father's grave. I always remembered your father Patrick <LastName> fondly from when he served Sir Gilbert Hawklin, so I didn't like to see such treatment of his grave. I just didn't say anything then because I was afraid.",
jenny,dlg,EntryList/42/Text,0,-1,"Well, just don't say I told you, please!...but since I told you, will you do me the favor I asked for?",
jenny,dlg,EntryList/43/Text,0,-1,Oh <sir/madam>! How could you be so cruel!,
jenny,dlg,EntryList/44/Text,0,-1,"They're from out of town I think. They're not staying here, so I guess you might try the Sign of Thunder?",
jenny,dlg,EntryList/45/Text,0,-1,Oh please tell me you're not another thug <CUSTOM1021> <LastName>! I couldn't bare to think it!,
jenny,dlg,EntryList/46/Text,0,-1,<StartAction>[Success]</Start> Oh! I suppose you are right. I must tell you or I'll be in trouble for sure! Of course I must!,
jenny,dlg,EntryList/47/Text,0,-1,But perhaps you might also do me a favor in return?,
jenny,dlg,EntryList/48/Text,0,-1,"Oh, that would be kind, but you're not always around to look after me.",
jenny,dlg,EntryList/49/Text,0,-1,<StartAction>[Success]</Start> Oh thank you <CUSTOM1021> <LastName>. And perhaps you might also do me a favor in return?,
jenny,dlg,EntryList/5/Text,0,-1,"I need something that will impress a great hunter like him. I had thought, that if you could get for me the hide of the White Stag, then maybe...well, otherwise he'll never even notice me!",
jenny,dlg,EntryList/50/Text,0,-1,"Oh, then I suppose you know who did it then.",
jenny,dlg,EntryList/51/Text,0,-1,Oh. Then I am sorry I bothered you. I had hoped I could swap the information for a favor from you.,
jenny,dlg,EntryList/52/Text,0,-1,"Well... I know, but I am afraid to tell you <sir/madam>...",
jenny,dlg,EntryList/53/Text,0,-1,I'm so happy!,
jenny,dlg,EntryList/6/Text,0,-1,"The White Stag might be make-believe, but many of the hunters swear they have seen it. But no one can catch it. It's too fast you see. And no one will shoot it, because that would damage the hide.",
jenny,dlg,EntryList/7/Text,0,-1,"If you could find the White Stag and get close enough to it to kill it without harming its coat, well...then I would have a worthy gift for my lord, and he might notice me. Oh! If only!",
jenny,dlg,EntryList/8/Text,0,-1,"Just remember that hide mustn't be damaged, otherwise he'll just be angry with me.",
jenny,dlg,EntryList/9/Text,0,-1,"Goodbye, <CUSTOM1021> <LastName> <CUSTOM1053>, my one hope!",
jenny,dlg,ReplyList/1/Text,0,-1,I'm not interested in running errands.,
jenny,dlg,ReplyList/10/Text,0,-1,That is a ridiculous request.,
jenny,dlg,ReplyList/11/Text,0,-1,Goodbye.,
jenny,dlg,ReplyList/12/Text,0,-1,I want to ask you something else.,
jenny,dlg,ReplyList/13/Text,0,-1,You'll need to give me something in return.,
jenny,dlg,ReplyList/14/Text,0,-1,Forget it then.,
jenny,dlg,ReplyList/15/Text,0,-1,What gold have you got?,
jenny,dlg,ReplyList/16/Text,0,-1,Where can I find the White Stag?,
jenny,dlg,ReplyList/17/Text,0,-1,Get on with it.,
jenny,dlg,ReplyList/18/Text,0,-1,Who won't?,
jenny,dlg,ReplyList/2/Text,0,-1,Go on.,
jenny,dlg,ReplyList/20/Text,0,-1,I am done.,
jenny,dlg,ReplyList/21/Text,0,-1,"I have brought you the hide of the White Stag, as you requested.",
jenny,dlg,ReplyList/27/Text,0,-1,I want something in return.,
jenny,dlg,ReplyList/29/Text,0,-1,It was nothing.,
jenny,dlg,ReplyList/3/Text,0,-1,What is it you need?,
jenny,dlg,ReplyList/31/Text,0,-1,"Remind me, what was the favor you asked me for?",
jenny,dlg,ReplyList/32/Text,0,-1,"Tell me again, who was it that defaced my father's grave?",
jenny,dlg,ReplyList/33/Text,0,-1,Let me ask you something else.,
jenny,dlg,ReplyList/34/Text,0,-1,I remember now. Thanks,
jenny,dlg,ReplyList/35/Text,0,-1,Where can I find this person?,
jenny,dlg,ReplyList/36/Text,0,-1,Thanks. I'm done for now.,
jenny,dlg,ReplyList/37/Text,0,-1,Where can I get a job in this town?,
jenny,dlg,ReplyList/38/Text,0,-1,Can you tell me anything about Polter's Fort?,
jenny,dlg,ReplyList/39/Text,0,-1,My thanks to you.,
jenny,dlg,ReplyList/4/Text,0,-1,The White Stag?,
jenny,dlg,ReplyList/40/Text,0,-1,My thanks to you.,
jenny,dlg,ReplyList/41/Text,0,-1,My thanks to you.,
jenny,dlg,ReplyList/42/Text,0,-1,Let me ask something else.,
jenny,dlg,ReplyList/44/Text,0,-1,What is it?,
jenny,dlg,ReplyList/45/Text,0,-1,Do you know who did it?,
jenny,dlg,ReplyList/46/Text,0,-1,What will make it easier?,
jenny,dlg,ReplyList/47/Text,0,-1,I'm not interested.,
jenny,dlg,ReplyList/50/Text,0,-1,That scum will pay!,
jenny,dlg,ReplyList/51/Text,0,-1,Thank you for telling me this.,
jenny,dlg,ReplyList/52/Text,0,-1,No. I have better things to do with my time.,
jenny,dlg,ReplyList/53/Text,0,-1,I've wasted enough time on you. Goodbye.,
jenny,dlg,ReplyList/54/Text,0,-1,Where can I find this <CUSTOM1022>?,
jenny,dlg,ReplyList/55/Text,0,-1,It's a deal.,
jenny,dlg,ReplyList/56/Text,0,-1,Tell me who defaced the grave and I'll consider it.,
jenny,dlg,ReplyList/57/Text,0,-1,<StartCheck>[Intimidate]</Start> You should be more worried about not telling me.,
jenny,dlg,ReplyList/59/Text,0,-1,<StartCheck>[Persuade]</Start> I will protect you from any harm.,
jenny,dlg,ReplyList/6/Text,0,-1,I'll see what I can do.,
jenny,dlg,ReplyList/61/Text,0,-1,I've seen it.,
jenny,dlg,ReplyList/62/Text,0,-1,Yes I do.,
jenny,dlg,ReplyList/63/Text,0,-1,Tell me who you think did it anyway.,
jenny,dlg,ReplyList/64/Text,0,-1,What is the favor?,
jenny,dlg,ReplyList/65/Text,0,-1,"No, I don't.",
jenny,dlg,ReplyList/7/Text,0,-1,Let me ask you another question.,
jenny,dlg,ReplyList/8/Text,0,-1,Fine. Goodbye for now.,
jonas,dlg,EntryList/0/Text,0,-1,ROOT of final dialogue - comments are here,
jonas,dlg,EntryList/1/Text,0,-1,I became trapped when I tried to solve the puzzle that protects the Crown.,
jonas,dlg,EntryList/10/Text,0,-1,Thank you <FirstName>. Now if you can only find a way to free me of this power that holds me... ,
jonas,dlg,EntryList/100/Text,0,-1,"I have heard many people moan about the prices in the Six Coffers Trading Coster, but they say you can't beat it for variety.",
jonas,dlg,EntryList/101/Text,0,-1,"This is Thunderstone. I've heard the local commander here is a little bit rough with the laws, so we should be careful.",
jonas,dlg,EntryList/102/Text,0,-1,"I had hoped the first time we visited Thunderstone would be to sell produce at the market. Instead we arrive almost penniless, but at least I have hope in my heart.",
jonas,dlg,EntryList/103/Text,0,-1,Let's go and find Sir Hawklin.,
jonas,dlg,EntryList/104/Text,0,-1,"Well let's not forget we have our father's remains to bury, <FirstName>. We must respect his wishes.",
jonas,dlg,EntryList/105/Text,0,-1,"I've never been here before, though this was meant to be our market for crops from the farm. Now... ",
jonas,dlg,EntryList/106/Text,0,-1,"I suppose at best it offers us a chance of revenge, <FirstName>. That's what I hope for at least.",
jonas,dlg,EntryList/107/Text,0,-1,Have heart Jonas. I'm sure everything will be fine. Sir Hawklin is supposed to be a good man.,
jonas,dlg,EntryList/108/Text,0,-1,"I hope we don't have to rely on your positive attitude to get us by for too long Godfroy, that's all I can say.",
jonas,dlg,EntryList/109/Text,0,-1,"I haven't been to Morfen before. I always meant to, but since the move from the King's Forest, I just never got around to it. I hear it's a pretty small place, though there is a smithy here. We might be able to purchase some supplies, even weaponry although theoretically we need a Charter.",
jonas,dlg,EntryList/11/Text,0,-1,He got that right at least! But the deviousness of it!,
jonas,dlg,EntryList/110/Text,0,-1,"There's an Alehouse here, and I think a shop too. Some old War Wizard retired here. Maybe that's how Morfen remains unaffected by the raids.",
jonas,dlg,EntryList/111/Text,0,-1,"Well, in better times this would have been a place for an ale and a chance for us to catch up on old times, <FirstName>, but now revenge is all I'm interested in.",
jonas,dlg,EntryList/112/Text,0,-1,"I guess you've not been here for a while, have you? In Cormyr you can't carry weapons that are not Peacebonded without a Charter allowing you to do so. A woodaxe or a hunting bow are fine, but anything more is illegal. ",
jonas,dlg,EntryList/113/Text,0,-1,"You left for too long, <FirstName>. In Cormyr you can't carry weapons that are not Peacebonded without a Charter allowing you to do so. A woodaxe or a hunting bow are fine, but anything more used to mean trouble.",
jonas,dlg,EntryList/114/Text,0,-1,"In this area they used to take Peacebonding very seriously. If anyone was seen without a Peacestring tied over their weapon, and was found without a Charter, they were arrested immediately. ",
jonas,dlg,EntryList/115/Text,0,-1,"But things changed when war started. Cormyr was in such desperate danger that we all carried weapons, and freely too. I doubt Peacebonding is as important as it used to be.",
jonas,dlg,EntryList/116/Text,0,78289,<StartHighlight>Jonas is currently unconscious and will likely die if he is not given aid very soon.</Start>,"<StartHighlight>자노스는 현재 의식이 없고, 도움을 받지 못하면 곧 죽을 것입니다.</Start>"
jonas,dlg,EntryList/117/Text,0,76052,"That... that was bad. You ever experienced that, <FirstName>? It felt like death... ",흥. 네가 제대로 했다면 자노스가 이런 불쾌함을 겪지 않아도 됐을 텐데.
jonas,dlg,EntryList/118/Text,0,78287,"Come on then, let's get on. I don't want to think too much about what just happened.",알았어. 갈게.
jonas,dlg,EntryList/119/Text,0,78288,Not likely <FirstName>. I'm sticking with you.,여기 남아 있겠어. 가고 싶으면 가.
jonas,dlg,EntryList/12/Text,0,-1,"Szass Morg, the Witch Lord, is not the only one of his kind. There are others, more powerful, like the Witch Duke.",
jonas,dlg,EntryList/120/Text,0,-1,You call yourself family? I'm disgusted by you... ,
jonas,dlg,EntryList/121/Text,0,-1,Can we get a move on <FirstName>? Vengeance can't wait for ever.,
jonas,dlg,EntryList/122/Text,0,-1,Quickly <FirstName>! Back to the farms!,
jonas,dlg,EntryList/123/Text,0,-1,"I am still trapped, <FirstName>. Please, find some way to free me!",
jonas,dlg,EntryList/124/Text,0,-1,Please <FirstName>! Will you help me?,
jonas,dlg,EntryList/125/Text,0,-1,Help me! Please! Help me! The pain!,
jonas,dlg,EntryList/126/Text,0,-1,"<FirstName>? Oh thank <Deity>! Please, you must help me!",
jonas,dlg,EntryList/127/Text,0,-1,"I... I... am trapped, and I can feel my strength fading! You must help me <FirstName>!",
jonas,dlg,EntryList/128/Text,0,-1,"Please! We are family, <FirstName>. It wasn't me before, I was controlled by the Witch Lord.",
jonas,dlg,EntryList/129/Text,0,-1,"By all the gods, it's your brother, <FirstName>!",
jonas,dlg,EntryList/13/Text,0,-1,That's cheerful news at this point.,
jonas,dlg,EntryList/130/Text,0,-1,Sweet Lathander! It's Jonas!,
jonas,dlg,EntryList/14/Text,0,-1,"I truly don't know, <FirstName>. Maybe because I am trapped and dying I am no more use to him, or maybe he knows your only hope to get the Crown is by me telling you everything he has told me.",
jonas,dlg,EntryList/15/Text,0,-1,"Because if you can free the way to the Crown, maybe he has a chance to get it.",
jonas,dlg,EntryList/16/Text,0,-1,"Because he can't get it himself, <FirstName>. It's a deliberate ploy, but at the same time, what choice do we have if we are to secure the Crown?",
jonas,dlg,EntryList/17/Text,0,-1,"To get across to the island in the center where the Crown rests, there are 4 giant columns that rise from the pit. To get the columns to rise, you need to place four gems in their correct pedestals. Each gem is found in a Gem Golem here in this barrow.",
jonas,dlg,EntryList/18/Text,0,-1,"I put one of them in a pedestal already, <FirstName>, taken from the first golem that Szass Morg destroyed. It was doing so that froze me here.",
jonas,dlg,EntryList/19/Text,0,-1,"He is still here somewhere, watching. Perhaps he is waiting for you to unlock the puzzle to the Wyvern Crown, but <FirstName>, getting the Crown is also your only hope. You are defenseless against his powers without it.",
jonas,dlg,EntryList/2/Text,0,-1,"As I put the gem on the pedestal, the force held me here. Maybe I did something wrong, I don't know, but I can feel it draining me. Please do something, <FirstName>, and quickly!",
jonas,dlg,EntryList/20/Text,0,-1,"Let's get going, <FirstName>.",
jonas,dlg,EntryList/21/Text,0,-1,"Yes, what is it?",
jonas,dlg,EntryList/22/Text,0,77916,I'll have a go if you like... ,에. 아마도. 자노스가 네 물건 좀 뒤져볼게. 감정할 수 있는 게 발견되면 말해주지. 충분하지?
jonas,dlg,EntryList/23/Text,0,77904,"As if you could teach me, <FirstName>! Go on then, show me what it is you know and I don't!",자노스는 원하는 대로 실력과 능력을 키울 거다.
jonas,dlg,EntryList/24/Text,0,77915,"Well, if you must, though I don't know who made you our leader... ",*한숨* 좋아. 여기 내 장비다.
jonas,dlg,EntryList/25/Text,0,-1,What do you need?,
jonas,dlg,EntryList/26/Text,0,-1,As you like. Anything else?,
jonas,dlg,EntryList/27/Text,0,77914,"You think I'd be any better at it, do you? I'm just going to bash them if you can't open them. Is there anything else?",알았어.
jonas,dlg,EntryList/28/Text,0,77914,"Thank <Deity>, I was sick of sneaking about. Is there anything else?",알았어.
jonas,dlg,EntryList/29/Text,0,77914,"I'll try <FirstName>, but remember I was never any good at Hide and Sneak when we were young. Is there anything else?",알았어.
jonas,dlg,EntryList/3/Text,0,-1,"The puzzle that guards the Crown can only be unlocked by a knight of Cormyr. That is the safeguard on this barrow. The safeguard was not put here not by the Cormyrians themselves, but by the Witch Duke who built it, to stop any of the Witch Lords trying to take the Crown for themselves.",
jonas,dlg,EntryList/30/Text,0,77914,I will do. Is there anything else?,알았어.
jonas,dlg,EntryList/31/Text,0,77914,"Well I would've thought two pairs of eyes are better than one, but alright. Is there anything else?",알았어.
jonas,dlg,EntryList/32/Text,0,77914,That's more like it! Is there anything else?,알았어.
jonas,dlg,EntryList/33/Text,0,77914,You're kidding me aren't you? You expect me to just stand idle when there are enemies to kill?,알았어.
jonas,dlg,EntryList/34/Text,0,-1," Oh alright <FirstName>, I know that look. Is there anything else?",
jonas,dlg,EntryList/35/Text,0,-1,Just tell me where you want me.,
jonas,dlg,EntryList/36/Text,0,-1,"Just so long as there are still enemies standing by the time I get into the fight, I'm fine with that. Is there anything else?",
jonas,dlg,EntryList/37/Text,0,-1,"Some sort of battle tactic is it? Your experience is going to be useful to us <FirstName>, I can tell. Is there anything else?",
jonas,dlg,EntryList/38/Text,0,-1,"I'm at your side, <brother/sister>. Is there anything else?",
jonas,dlg,EntryList/39/Text,0,-1,"Alright <FirstName>, I'll pick them off happily, just so long as they pay for my Lena. Is there anything else?",
jonas,dlg,EntryList/4/Text,0,-1,"The Witch Duke knew that if he were to die, before he could rise again one of the Witch Lords might make a play for the Crown, so he placed this safeguard on the Wyvern Crown to protect it. No true knight of Cormyr would willingly unlock the Crown for a Witch Lord.",
jonas,dlg,EntryList/40/Text,0,-1,"See the whites of their eyes, that sort of thing, right? Suits me. I want to see them going down. Is there anything else?",
jonas,dlg,EntryList/41/Text,0,-1,"You probably know better on this, but don't think it gives you the right to boss me about. I'll train how I like. Was there anything else?",
jonas,dlg,EntryList/42/Text,0,-1,Yes?,
jonas,dlg,EntryList/43/Text,0,89922,Nothing bothering me <FirstName>. How about you? You OK?,"""다 완전 끝내줘. 더할 나위 없지. 뭐... 내가 엄청 부자에 글래머한 하플링 아가씨들 하렘에 둘러싸여 있으면 더 좋겠지만... 그건 당장은 안 되겠지, 하하하!"""
jonas,dlg,EntryList/44/Text,0,-1,"Well you'll manage, I'm sure. Was there anything else?",
jonas,dlg,EntryList/45/Text,0,-1,Was there anything else?,
jonas,dlg,EntryList/46/Text,0,-1,"I'm fine <FirstName>. Bit thirsty, that's all.",
jonas,dlg,EntryList/47/Text,0,89931,I've got a few cuts and scrapes. Nothing to worry about.,"""프흣, 난 걱정 마. 그냥 긁힌 상처 몇 개야."""
jonas,dlg,EntryList/48/Text,0,-1,Was there anything else?,
jonas,dlg,EntryList/49/Text,0,89932,"I've been better. These wounds hurt, but I can probably manage.","""아까 좀 엉망이 되긴 했지, 헤. 볼 것까지는 없어."""
jonas,dlg,EntryList/5/Text,0,-1,"Szass Morg believed that I, as a Cormyrian and a squire, might be enough, but when I tried to place the first piece of the puzzle, this power seized me and froze me here, and now I can feel it leeching my life away!",
jonas,dlg,EntryList/50/Text,0,89933,"No, I'm in serious trouble here <FirstName>. Look at me!","""그냥... 몇 군데 긁혔을 뿐이야, 별거 아냐."" 그는 얼굴을 찡그리며 빈 팔로 배에서 솟는 심한 피를 틀어막으려 합니다."
jonas,dlg,EntryList/51/Text,0,-1,"Are we out of healing, or do you have anything?",
jonas,dlg,EntryList/52/Text,0,89930,I thought the fact that I keep putting my arms out in front of me might have alerted you to the fact there is something wrong with my eyes. I can't see a thing.,"""괜찮을 거야, 아마. 근데 여기가 정말 어두운 건지... 내가 진짜 눈이 먼 건지 말해 줄래? 살짝 걱정돼서."""
jonas,dlg,EntryList/53/Text,0,89934,I... I don't think so <FirstName>. I think I've been poisoned.,"""어이! 완전 멀쩡해-내 혈관을 타고 흐르는 불덩이만 빼면 말이지. 그건... 알아서 해결되겠지..."""
jonas,dlg,EntryList/54/Text,0,89935,"Well I'm sweating, there are spots all over my skin, and I'm about to be sick. If you think that sounds like I'm OK, then I guess we're not going to get very far.","""피부에 이상한 반점이 좀 생긴 것만 빼면 나쁘지 않아. 이거... 안 좋은 건가?"""
jonas,dlg,EntryList/55/Text,0,-1,"If you've got something to cure me, you'd better use it. Else, we have no choice but to go on.",
jonas,dlg,EntryList/56/Text,0,-1,"What do you mean, 'tell me about yourself'? I'm your brother. Are you saying you've forgotten everything about me?",
jonas,dlg,EntryList/57/Text,0,-1,"Come on <FirstName>, get serious. We have things to do. Are you done wasting time?",
jonas,dlg,EntryList/58/Text,0,-1,"Thank you. I mean it <FirstName>. I know we are family, but I don't know if I'd have done the same if you'd been acting as I have. The worst thing is that a small part of me knew what I was doing... but let's not dwell on it now. We have our vengance at hand and I have a score to settle with the Witch Lord.",
jonas,dlg,EntryList/59/Text,0,-1,Later <FirstName>. First revenge. It can't wait any longer.,
jonas,dlg,EntryList/6/Text,0,-1,"Please, free me, <FirstName>, I beg you! Please! I must have my revenge for Lena's death. While I am trapped, you can remove the ring from my finger that the Witch Lord uses to control me, and throw it into the pit. Then I will be truly free to fight by your side. Even if we die here it is better that way!",
jonas,dlg,EntryList/60/Text,0,-1,<FirstName>?,
jonas,dlg,EntryList/61/Text,0,-1,It's not relevant now.,
jonas,dlg,EntryList/62/Text,0,-1,"Isn't that Valetto Stoutbold? There, by the wagons.",
jonas,dlg,EntryList/63/Text,0,-1,I'm not sure. He has a hard edge to him that one.,
jonas,dlg,EntryList/64/Text,0,-1,"He might, but then again, he might not.",
jonas,dlg,EntryList/65/Text,0,-1,"I didn't think so, and besides, he will need to know the farms are destroyed. When he hears what happened he will be bound to help us!",
jonas,dlg,EntryList/66/Text,0,-1,We were also due to pay his rents. Perhaps he'll be more interested in that.,
jonas,dlg,EntryList/67/Text,0,-1,"Oh come on, Jonas! In a time like this you think Valetto's going to ask us for money!",
jonas,dlg,EntryList/68/Text,0,-1,I agree. No need to call more trouble on our heads.,
jonas,dlg,EntryList/69/Text,0,-1,Don't you think he might help us? I think we should ask.,
jonas,dlg,EntryList/7/Text,0,-1,Will you help me <FirstName>?,
jonas,dlg,EntryList/70/Text,0,-1,True enough.,
jonas,dlg,EntryList/71/Text,0,-1,Valetto owned our farms.,
jonas,dlg,EntryList/72/Text,0,-1,"I have met him once, when our father first negotiated the rents on the farms. A friendly sort, but a hard bargainer.",
jonas,dlg,EntryList/73/Text,0,-1,This must be Hawklin's castle.,
jonas,dlg,EntryList/74/Text,0,-1,Sir Hawklin is one of the few nobles who has always treated me with respect. I think you will find him a fair man.,
jonas,dlg,EntryList/75/Text,0,-1,I hope so... ,
jonas,dlg,EntryList/76/Text,0,-1,"At last I feel like there is a chance to even the score with Lena's killers, and our father's, <FirstName>.",
jonas,dlg,EntryList/77/Text,0,-1,I just hope it's true... ,
jonas,dlg,EntryList/78/Text,0,-1,"But before we go and talk to Sir Hawklin, let's first deal with our father's request to bury him in the cemetery.",
jonas,dlg,EntryList/79/Text,0,-1,Sir Gilbert Hawklin has a fine reputation. Let's hope he lives up to it.,
jonas,dlg,EntryList/8/Text,0,-1,"Please <FirstName>! I'll tell you what I know, but don't take long! You may not trust me, but this force is killing me!",
jonas,dlg,EntryList/80/Text,0,-1,This place is a charnel house!,
jonas,dlg,EntryList/81/Text,0,-1,Can I hear fighting? I think there's a battle going on inside!,
jonas,dlg,EntryList/82/Text,0,-1,There must be more of them about. Let's hope so. I have a debt to repay on these scum on behalf of my Lena.,
jonas,dlg,EntryList/83/Text,0,-1,"Come on, <FirstName>! Let's go hunt any other hobgoblins down!",
jonas,dlg,EntryList/84/Text,0,-1,"It's very strange. Edgar Truesilver has a fine reputation as a commander. He would have posted sentries outside the barrow, so the enemy must have come up behind him.",
jonas,dlg,EntryList/85/Text,0,-1,"I wish you had come back sooner, <FirstName>.",
jonas,dlg,EntryList/86/Text,0,-1,"I'm sure it wouldn't have made a difference, but it just feels like... things would have gone better. We would never have been forced to leave the King's Forest, then Lena would not have... died.",
jonas,dlg,EntryList/87/Text,0,-1,"The Blight would still have come, whether <FirstName> was here or not, and though my parents' deaths hurt, I am sure that it was the will of Lathander.",
jonas,dlg,EntryList/88/Text,0,-1,"You sound like your father, Godfroy. I don't think it was anyone's will that Lena or our father died, just the work of something evil.",
jonas,dlg,EntryList/89/Text,0,-1,Well we will do what we can so others don't have to share our pain.,
jonas,dlg,EntryList/9/Text,0,-1,"You must show forgiveness, <FirstName>. Despite everything he has done, it's not his fault. At least think on it.",
jonas,dlg,EntryList/90/Text,0,-1,I don't care about other people. I just want Lena back... or vengeance.,
jonas,dlg,EntryList/91/Text,0,-1,"I'm glad, <FirstName>. Our father needs avenging too. Family should stick together... ",
jonas,dlg,EntryList/92/Text,0,-1,"Well, I'm sure Sir Hawklin will help us.",
jonas,dlg,EntryList/93/Text,0,-1,"You sound like Godfroy. Revenge is what I want, <FirstName>, and I expect Sir Hawklin to give it to us.",
jonas,dlg,EntryList/94/Text,0,-1,We should be nearly at the place Sir Hawklin told us about.,
jonas,dlg,EntryList/95/Text,0,-1,"I'm sure there's nothing for us to worry about. If Sir Hawklin trusts the Forest Folk, then I'm sure we can.",
jonas,dlg,EntryList/96/Text,0,-1,"Yeah, well Godfroy, on this I prefer to be cautious rather than walk into a trap.",
jonas,dlg,EntryList/97/Text,0,-1,"I think we should be on our guard. There's lots said about the Forest Folk, and it's not all nice.",
jonas,dlg,EntryList/98/Text,0,-1,"Let's just hope there isn't a trap ahead, laid by this Manthis person.",
jonas,dlg,EntryList/99/Text,0,-1,"Trust no one, <FirstName>. It's the best way.",
jonas,dlg,ReplyList/0/Text,0,-1,What happened to you?,
jonas,dlg,ReplyList/1/Text,0,-1,Why would the Witch Duke do that?,
jonas,dlg,ReplyList/10/Text,0,-1,<StartAction>[Kill your brother while he's helpless.]</Start>,
jonas,dlg,ReplyList/101/Text,0,-1,Let's just avoid him.,
jonas,dlg,ReplyList/104/Text,0,-1,Let's go and find out.,
jonas,dlg,ReplyList/105/Text,0,-1,"Either way, we don't have any to give.",
jonas,dlg,ReplyList/107/Text,0,-1,Valetto Stoutbold?,
jonas,dlg,ReplyList/109/Text,0,-1,"Well, thanks for the information.",
jonas,dlg,ReplyList/12/Text,0,-1,The Witch Duke?,
jonas,dlg,ReplyList/122/Text,0,-1,I had business of my own.,
jonas,dlg,ReplyList/123/Text,0,-1,I came back as fast as I could when I heard of the war.,
jonas,dlg,ReplyList/128/Text,0,-1,That's what I want too.,
jonas,dlg,ReplyList/131/Text,0,-1,You'll feel differently in time.,
jonas,dlg,ReplyList/133/Text,0,-1,What difference would it have made?,
jonas,dlg,ReplyList/134/Text,0,-1,Good.,
jonas,dlg,ReplyList/135/Text,0,-1,Do you think we should expect trouble?,
jonas,dlg,ReplyList/149/Text,0,-1,Let's have a look around.,
jonas,dlg,ReplyList/15/Text,0,-1,What happened to the Witch Lord's power over you?,
jonas,dlg,ReplyList/150/Text,0,-1,Heard anything else about Morfen?,
jonas,dlg,ReplyList/151/Text,0,-1,What's a Charter?,
jonas,dlg,ReplyList/153/Text,0,-1,What is a Charter?,
jonas,dlg,ReplyList/154/Text,0,-1,Tell me about Peacebonding.,
jonas,dlg,ReplyList/156/Text,0,-1,Thanks.,
jonas,dlg,ReplyList/157/Text,0,78631,I need your help Jonas. Come with me.,가자.
jonas,dlg,ReplyList/159/Text,0,78632,You should remain here until you recover fully. You are still weak.,여기 있어.
jonas,dlg,ReplyList/16/Text,0,-1,How would that help him?,
jonas,dlg,ReplyList/161/Text,0,-1,You're right. Let's go.,
jonas,dlg,ReplyList/162/Text,0,-1,I need to discuss something.,
jonas,dlg,ReplyList/164/Text,0,-1,What is wrong with you?,
jonas,dlg,ReplyList/165/Text,0,-1,Why would I help you?,
jonas,dlg,ReplyList/17/Text,0,-1,How do I reach the Wyvern Crown?,
jonas,dlg,ReplyList/19/Text,0,-1,Where is the Witch Lord now?,
jonas,dlg,ReplyList/21/Text,0,-1,I'm done.,
jonas,dlg,ReplyList/24/Text,0,78302,With some training you could improve your skills. Let's take a moment to teach you some useful tricks.<StartHighlight>[Level Jonas]</Start>.,레벨업을 해줬으면 해.
jonas,dlg,ReplyList/26/Text,0,-1,Dismount from your horse.,
jonas,dlg,ReplyList/27/Text,0,-1,Mount up!,
jonas,dlg,ReplyList/30/Text,0,-1,Let's discuss tactics.,
jonas,dlg,ReplyList/31/Text,0,-1,"Actually, let's leave it at that for now.",
jonas,dlg,ReplyList/32/Text,0,-1,Let's discuss something else.,
jonas,dlg,ReplyList/33/Text,0,-1,Leave the locks on doors and chests and so forth to me. OK?,
jonas,dlg,ReplyList/34/Text,0,-1,Give me a hand with locks. Some of them are beyond me.,
jonas,dlg,ReplyList/35/Text,0,-1,No.,
jonas,dlg,ReplyList/36/Text,0,-1,Yes.,
jonas,dlg,ReplyList/37/Text,0,-1,Stop sneaking. I need to know where you are so I don't hit you.,
jonas,dlg,ReplyList/38/Text,0,-1,No.,
jonas,dlg,ReplyList/39/Text,0,-1,Yes.,
jonas,dlg,ReplyList/4/Text,0,-1,<StartAction>[Decide what to do with your brother Jonas.]</Start>,
jonas,dlg,ReplyList/40/Text,0,102294,"Stay stealthy, but only until the next fight.","""은밀하게 행동해, 하지만 다음 전투까지만."""
jonas,dlg,ReplyList/41/Text,0,-1,Use creeping tactics when we see enemies.,
jonas,dlg,ReplyList/42/Text,0,-1,No.,
jonas,dlg,ReplyList/43/Text,0,-1,Yes.,
jonas,dlg,ReplyList/44/Text,0,-1,Help me look around for things. I think I might be missing stuff.,
jonas,dlg,ReplyList/45/Text,0,-1,No.,
jonas,dlg,ReplyList/46/Text,0,-1,Yes.,
jonas,dlg,ReplyList/47/Text,0,-1,Leave me to do the searching.,
jonas,dlg,ReplyList/48/Text,0,-1,No.,
jonas,dlg,ReplyList/49/Text,0,-1,Yes.,
jonas,dlg,ReplyList/5/Text,0,-1,I need to ask more questions first.,
jonas,dlg,ReplyList/50/Text,0,-1,Attack as soon as you see enemies.,
jonas,dlg,ReplyList/51/Text,0,-1,No.,
jonas,dlg,ReplyList/52/Text,0,-1,Yes.,
jonas,dlg,ReplyList/55/Text,0,-1,No.,
jonas,dlg,ReplyList/56/Text,0,-1,Yes.,
jonas,dlg,ReplyList/57/Text,0,-1,Let's change the distance between us.,
jonas,dlg,ReplyList/58/Text,0,-1,We're too close together. Keep a good distance from me. We'll be safer that way.,
jonas,dlg,ReplyList/59/Text,0,-1,No.,
jonas,dlg,ReplyList/6/Text,0,-1,I'll consider it.,
jonas,dlg,ReplyList/60/Text,0,-1,Yes.,
jonas,dlg,ReplyList/61/Text,0,-1,"Don't crowd me, but be ready to come to my aid.",
jonas,dlg,ReplyList/62/Text,0,-1,No.,
jonas,dlg,ReplyList/63/Text,0,-1,Yes.,
jonas,dlg,ReplyList/64/Text,0,-1,Get close and stay there.,
jonas,dlg,ReplyList/65/Text,0,-1,No.,
jonas,dlg,ReplyList/66/Text,0,-1,Yes.,
jonas,dlg,ReplyList/67/Text,0,-1,Move to range.,
jonas,dlg,ReplyList/68/Text,0,-1,No.,
jonas,dlg,ReplyList/69/Text,0,-1,Yes.,
jonas,dlg,ReplyList/70/Text,0,-1,"Well, you're definitely better in hand-to-hand, so get in close to our enemies.",
jonas,dlg,ReplyList/71/Text,0,-1,No.,
jonas,dlg,ReplyList/72/Text,0,-1,Yes.,
jonas,dlg,ReplyList/73/Text,0,-1,I want to discuss your training.,
jonas,dlg,ReplyList/74/Text,0,-1,"No, that's it for now.",
jonas,dlg,ReplyList/75/Text,0,-1,Yes.,
jonas,dlg,ReplyList/76/Text,0,-1,Let's talk.,
jonas,dlg,ReplyList/77/Text,0,90208,Is everything OK?,"""어떻게 지내?"""
jonas,dlg,ReplyList/78/Text,0,-1,I'm not feeling too good.,
jonas,dlg,ReplyList/79/Text,0,-1,I'm fine thanks.,
jonas,dlg,ReplyList/8/Text,0,-1,<StartAction>[Take the Witch Ring from your brother and cast it into the pit.]</Start>,
jonas,dlg,ReplyList/86/Text,0,-1,I'll see if I have anything... ,
jonas,dlg,ReplyList/87/Text,0,-1,Tell me a little about yourself.,
jonas,dlg,ReplyList/89/Text,0,-1,I'm done for now.,
jonas,dlg,ReplyList/91/Text,0,-1,Agreed. We can talk later.,
jonas,dlg,ReplyList/92/Text,0,-1,Not so fast.,
jonas,dlg,ReplyList/94/Text,0,-1,We don't have time for this now.,
jonas,dlg,ReplyList/95/Text,0,-1,What is it?,
jonas,dlg,ReplyList/96/Text,0,-1,Never mind.,
jonas,dlg,ReplyList/97/Text,0,-1,Do you think he might help us?,
jonas2,dlg,EntryList/0/Text,0,-1,I...I...must kill you....,
judge,dlg,EntryList/0/Text,0,-1,I can't score and talk! Go away!,
kathryn,dlg,EntryList/0/Text,0,-1,Hello again.,
kathryn,dlg,EntryList/1/Text,0,-1,"Look, would you consider letting me join your party? It's just the castle is a bit stifling and father never really lets me out.",
kathryn,dlg,EntryList/10/Text,0,-1,"But father's not an idiot, he knows I'm too like him to take such a passive route. I'm sure that he will see sense and let me do what I can to help. So how about it?",
kathryn,dlg,EntryList/100/Text,0,-1,"No. Locking me in the castle would never change anything, so I have found my own ways into and out of Thunderstone when I need to. My life became more secretive, always dodging servants... ",
kathryn,dlg,EntryList/101/Text,0,-1,"I expect I probably sound a little boring don't I, but I have my dark secrets too you know... I just don't think I'm ready to share them with you just now.",
kathryn,dlg,EntryList/102/Text,0,-1,Did you want anything else?,
kathryn,dlg,EntryList/103/Text,0,-1,<FirstName>?,
kathryn,dlg,EntryList/104/Text,0,-1,"Forget it. I wanted to say something, but actually it's not important.",
kathryn,dlg,EntryList/105/Text,0,-1,Take a look at that! There... through the mist. Can you see that huge cave?,
kathryn,dlg,EntryList/106/Text,0,-1,There's a portcullis at the top too. That solves the mystery of where the pirate ships get hidden I guess. Air must get trapped inside when the castle floods.,
kathryn,dlg,EntryList/107/Text,0,-1,It's musty in here... ,
kathryn,dlg,EntryList/108/Text,0,-1,This is a resting place for the dead. I am not sure how I feel about raiding it.,
kathryn,dlg,EntryList/109/Text,0,-1,"Don't be such a bore, Godfroy. Anything that's still here is not going to be missed by the owner, is it?",
kathryn,dlg,EntryList/11/Text,0,-1,"Well, if you change your mind, I'd really like to join you and get out of this castle for a bit.",
kathryn,dlg,EntryList/110/Text,0,-1,I don't think that's really the point Lady Kathryn. How would you feel if someone raided your grave?,
kathryn,dlg,EntryList/111/Text,0,-1,"I wouldn't care. I'd be dead, wouldn't I?",
kathryn,dlg,EntryList/112/Text,0,-1,Let's take a look around. Anything that's still in this tomb is clearly not needed by the owner now!,
kathryn,dlg,EntryList/113/Text,0,-1,And we need whatever we can find.,
kathryn,dlg,EntryList/114/Text,0,-1,"This area was a burial place for the elves in the days when Cormanthyr was an elven kingdom. I guess this must date from that time, in which case it must be ancient.",
kathryn,dlg,EntryList/115/Text,0,-1,"It looks largely undisturbed. Whoever dug their way in here took very little, or else time has hidden their tracks.",
kathryn,dlg,EntryList/116/Text,0,-1,"Our cause is for Cormyr. Cormanthyr is long gone, but the elves would not want the realm overrun by evil. If there's something useful here, I believe we can take it.",
kathryn,dlg,EntryList/117/Text,0,-1,Then we're in agreement. Let's get looting!,
kathryn,dlg,EntryList/118/Text,0,-1,"Lady Kathryn, I'm surprised by you!",
kathryn,dlg,EntryList/119/Text,0,-1,"Well, Edgar, I am full of surprises. This old coin for example, I think came from your pocket... ",
kathryn,dlg,EntryList/12/Text,0,-1,Great! Let's get to work!,
kathryn,dlg,EntryList/120/Text,0,-1,Why... I... you really are full of surprises. I am not sure how your father would feel about some of them... ,
kathryn,dlg,EntryList/121/Text,0,-1,"Well, come on then. Enough talk. Are we going to raid it?",
kathryn,dlg,EntryList/122/Text,0,-1,"The elves guarded their tombs often with magic. Isn't that how the ghazneths, that brought so much destruction to Cormyr, were released in the first place?",
kathryn,dlg,EntryList/123/Text,0,-1,Who cares about what you think anyway? No one trusts what a Cormaeril has to say.,
kathryn,dlg,EntryList/124/Text,0,-1,"Child, leave the decisions to your betters. <FirstName>, you make the choice.",
kathryn,dlg,EntryList/125/Text,0,-1,"That is true. <CUSTOM1020>, we'll follow your lead on this.",
kathryn,dlg,EntryList/126/Text,0,-1,"This is an ancient tomb. I am guessing elven, not anything to do with what we have encountered so far.",
kathryn,dlg,EntryList/127/Text,0,-1,Well this is a cold and unpleasant place.,
kathryn,dlg,EntryList/128/Text,0,-1,"This place could do with the touch of the Morninglord! A little cheer, some light... perhaps we should seek a bard for our adventures!",
kathryn,dlg,EntryList/129/Text,0,-1,"I am glad to be out of Thunderstone though, even so. I get stifled in our castle!",
kathryn,dlg,EntryList/13/Text,0,-1,"Your party looks a bit crowded. I need a bit of space ...  ask me again when there are less of you, and then I'll be delighted to come.",
kathryn,dlg,EntryList/130/Text,0,-1,Father never lets me out.,
kathryn,dlg,EntryList/131/Text,0,-1,In many ways it reminds me of my ancestral home in Suzail. That was a cold and loveless place... all hard stone and leaks in the roof. We never had enough money to fix it.,
kathryn,dlg,EntryList/132/Text,0,-1,"Now of course, I don't have such worries. King Azoun took that house along with any money we had left.",
kathryn,dlg,EntryList/133/Text,0,-1,"I am sure that it will all work out for the best though Lacinda. With your help now, it will soon be recognised you're no traitor.",
kathryn,dlg,EntryList/134/Text,0,-1,"You have a lot to learn about human nature, Godfroy. I expect what we do here to make no difference to anyone's opinion except mine, and that's the one that counts.",
kathryn,dlg,EntryList/135/Text,0,-1,Well I am certain that people will soon realise they misjudged you.,
kathryn,dlg,EntryList/136/Text,0,-1,And rightly so! The Cormearils have been treacherous once too often!,
kathryn,dlg,EntryList/137/Text,0,-1,"The King did you an injustice I would say. Law and order are important, especially in times like these, but you are only distantly related to the traitors in the Abraxus Affair. It must hurt to have been branded with their treachery.",
kathryn,dlg,EntryList/138/Text,0,-1,"Ha! Maybe the King did us a favor taking that house! I hated it, but the label that goes with it... that I never earned.",
kathryn,dlg,EntryList/139/Text,0,-1,Well they say that some traits are hereditary. Let's just hope that treachery isn't one of them.,
kathryn,dlg,EntryList/14/Text,0,-1,"Look, would you consider letting me join your party? It's just the castle is a bit stifling and father never really lets me out.",
kathryn,dlg,EntryList/140/Text,0,-1,"Well child, wisdom clearly hasn't passed from your father to you, so perhaps I haven't inherited treachery!",
kathryn,dlg,EntryList/141/Text,0,-1,"Well, kings are not infallible it's true, though King Azoun IV was amongst the best.",
kathryn,dlg,EntryList/142/Text,0,-1,It's hard to imagine it was built by Cormyrians when you see it now filled with such evil.,
kathryn,dlg,EntryList/143/Text,0,-1,King Galaghard must have built this place to keep evil at bay. All he achieved was to make them a new stronghold.,
kathryn,dlg,EntryList/144/Text,0,-1,Was Galaghard evil then?,
kathryn,dlg,EntryList/145/Text,0,-1,I don't think he did it deliberately.,
kathryn,dlg,EntryList/146/Text,0,-1,"Well of course not! I know little of Galaghard, but we have him to be thankful for defeating the Witch Lords.",
kathryn,dlg,EntryList/147/Text,0,-1,Him and the elves.,
kathryn,dlg,EntryList/148/Text,0,-1,"General dialogue in underground caves, WC. XXX",
kathryn,dlg,EntryList/149/Text,0,-1,"Something lives in here, and it smells very bad.",
kathryn,dlg,EntryList/15/Text,0,-1,And I am sure you can trust me more than that Cormaeril you have with you.,
kathryn,dlg,EntryList/150/Text,0,-1,Nothing good could smell that bad. I think we should be ready for danger.,
kathryn,dlg,EntryList/151/Text,0,-1,"I have a tendency to agree with you on this one Godfroy. The memory it stirs is not a good one, though I can't think why.",
kathryn,dlg,EntryList/152/Text,0,-1,"Well let's take a look around, then get out quick before I faint.",
kathryn,dlg,EntryList/153/Text,0,-1,I can't stand this for too long.,
kathryn,dlg,EntryList/154/Text,0,-1,This smell is familiar. Where have I smelt it? ,
kathryn,dlg,EntryList/155/Text,0,-1,"I can't place it, but it smells like mold.",
kathryn,dlg,EntryList/156/Text,0,-1,"That rules out pirates or smugglers, but what could it be?",
kathryn,dlg,EntryList/157/Text,0,-1,I can smell salt on the breeze. We must be approaching the lake.,
kathryn,dlg,EntryList/158/Text,0,-1,"The water is brackish in the lake, almost like seawater. That's why farms are not common the lake shore.",
kathryn,dlg,EntryList/159/Text,0,-1,I even read there are sharks in the lake!,
kathryn,dlg,EntryList/16/Text,0,-1,Are we ready to join up once more?,
kathryn,dlg,EntryList/160/Text,0,-1,But I guess we're not likely to go swimming.,
kathryn,dlg,EntryList/161/Text,0,-1,"I have read the same thing, but unless we are intending to swim, I think we are likely safe from them on this quest.",
kathryn,dlg,EntryList/162/Text,0,-1,"When we decided we had to move from the King's Forest, my mother thought we should become fishermen on the lake. Father and I thought it would be better to go with your family, <FirstName>, and continue farming.",
kathryn,dlg,EntryList/163/Text,0,-1,"It's what we knew best after all, so it didn't seem such a bad decision. Sometimes, I can't help regretting it.",
kathryn,dlg,EntryList/164/Text,0,-1,"Don't regret it, Godfroy. You had no idea what would happen. I for one am proud of the efforts you are making now to stop such things happening again. I am certain that Torm is guiding your hand in this.",
kathryn,dlg,EntryList/165/Text,0,-1,"Well, revenge will make you feel better, I'm sure.",
kathryn,dlg,EntryList/166/Text,0,-1,"Well, revenge will make you feel better, I'm sure.",
kathryn,dlg,EntryList/167/Text,0,-1,"No, it is not revenge I want, but to stop such a dreadful thing happening to others.",
kathryn,dlg,EntryList/168/Text,0,-1,"I once sailed on the lake with my cousin Ayesunder. It is not really such a big stretch of water, and it was always an embarassment to him that he could never find the pirates on the lake.",
kathryn,dlg,EntryList/169/Text,0,-1,I read somewhere there are sharks in the lake. I'm not sure I'd want to sail on it.,
kathryn,dlg,EntryList/17/Text,0,-1,I see you've got that Cormaeril with you. Care to have someone more reliable in the team?,
kathryn,dlg,EntryList/170/Text,0,-1,"Where magic is concerned, you can never be sure of anything. Your cousin must have endured a lot of comments. Well I know how that can feel... ",
kathryn,dlg,EntryList/171/Text,0,-1,"For a Cormaeril, it must be far harder, though yes, he has suffered a lot of criticism. People are always too quick to search for traitors these days, and blame treachery for a lack of results.",
kathryn,dlg,EntryList/172/Text,0,-1,"Well I know that! But I suppose it is only to be expected. My extended family opposed the Royal Family once too often. I must pay for that. I only hope you do not become a victim of such mutterings, Edgar Truesilver.",
kathryn,dlg,EntryList/173/Text,0,-1,"And I hope you do not suffer much longer for the failings of your family, Lacinda.",
kathryn,dlg,EntryList/174/Text,0,-1,I hope that too... ,
kathryn,dlg,EntryList/175/Text,0,-1,What an odd place.,
kathryn,dlg,EntryList/176/Text,0,-1,"Torm preserve us, but that is a very nasty smell!",
kathryn,dlg,EntryList/177/Text,0,-1,I think it's coming from those toadstools there.,
kathryn,dlg,EntryList/178/Text,0,-1,And... oh... by Tyr... what a stench!,
kathryn,dlg,EntryList/179/Text,0,-1,"And... oh... Lord of Battles, what is that awful smell?",
kathryn,dlg,EntryList/18/Text,0,-1,"Yes, what is it?",
kathryn,dlg,EntryList/180/Text,0,-1,And... oh... Sweet Lathander... what a stench!,
kathryn,dlg,EntryList/181/Text,0,-1,I just wanted to hear your voice. I really hate bats! They scare me.,
kathryn,dlg,EntryList/182/Text,0,-1,"Don't worry, Lady Kathryn, bats are harmless and the least of our worries.",
kathryn,dlg,EntryList/183/Text,0,-1,"Er, thanks... I think, Edgar, though that didn't really make me feel much better!",
kathryn,dlg,EntryList/184/Text,0,-1,"I shall guard you Lady Kathryn, have no fear of that.",
kathryn,dlg,EntryList/185/Text,0,-1,"I can look after myself, thank you very much!",
kathryn,dlg,EntryList/186/Text,0,-1,No offence intended Lady Kathryn. You have already shown us your skills.,
kathryn,dlg,EntryList/187/Text,0,-1,"Oh I'm sorry, Edgar! I didn't mean to sound unkind, you just sounded so stuffy!",
kathryn,dlg,EntryList/188/Text,0,-1,"I take my duties seriously... too seriously perhaps, but I know your father would never forgive me if I returned and you did not.",
kathryn,dlg,EntryList/189/Text,0,-1,Somehow that doesn't surprise me.,
kathryn,dlg,EntryList/19/Text,0,-1,"No, you're not serious! Why would you want to get rid of me? I thought we were in this together?",
kathryn,dlg,EntryList/190/Text,0,-1,"Bats are harmless, Kathryn. You shouldn't believe all that superstition about them.",
kathryn,dlg,EntryList/191/Text,0,-1,"Anyway, don't fear, <FirstName> and I are with you.",
kathryn,dlg,EntryList/192/Text,0,-1,I appreciate that Godfory.,
kathryn,dlg,EntryList/193/Text,0,-1,This is a strange place to leave a pair of mirrors.,
kathryn,dlg,EntryList/194/Text,0,-1,"These are clearly magic mirrors of some sort. I have heard of mirrors that don't reflect light, but reflect instead only magic.",
kathryn,dlg,EntryList/195/Text,0,-1,"Well the mirrors are large; small enough to carry, but not for any extended time. I am guessing these mirrors are used for something here in the castle.",
kathryn,dlg,EntryList/196/Text,0,-1,The Keeper mentioned something about mirrors and beams involved in a puzzle. We should probably take these.,
kathryn,dlg,EntryList/197/Text,0,-1,They're not much use. I can't even fix my hair with these!,
kathryn,dlg,EntryList/198/Text,0,-1,Though I guess that's not their real use!,
kathryn,dlg,EntryList/199/Text,0,-1,"I think they must be important, otherwise they would not just be left standing here.",
kathryn,dlg,EntryList/2/Text,0,-1,"I'm very good at getting into and out of places I shouldn't. Father keeps me mostly in the castle, so I have to be, so if you're looking for someone who's good with locks, sneaking around and generally going unnoticed, I can do that.",
kathryn,dlg,EntryList/20/Text,0,-1,Of course! You had me worried there!,
kathryn,dlg,EntryList/200/Text,0,-1,"Well they look useless to me, but if you want to take them <FirstName>, go ahead.",
kathryn,dlg,EntryList/201/Text,0,-1,"These are not ordinary mirrors. Look, their surface is shiny but they don't reflect anything.",
kathryn,dlg,EntryList/202/Text,0,-1,Let's take them. They must have a use.,
kathryn,dlg,EntryList/203/Text,0,-1,"Well they look useless to me, but if you want to take them <FirstName>, go ahead.",
kathryn,dlg,EntryList/204/Text,0,-1,Perhaps they are some leftover from older times?,
kathryn,dlg,EntryList/205/Text,0,-1,I guess that must be the Mythallar.,
kathryn,dlg,EntryList/206/Text,0,-1,"We do not have the knowledge or the tools necessary to break a Mythallar. We must find out how it powers the castle, and break whatever channels its power.",
kathryn,dlg,EntryList/207/Text,0,-1,"This is not something that my sword or my faith can conquer. I hope you understand these things better than I, <FirstName>.",
kathryn,dlg,EntryList/208/Text,0,-1,I suppose the answers must lie here somewhere within the castle.,
kathryn,dlg,EntryList/209/Text,0,-1,"The question is, how do we shut off the Mythallar's power? Clearly we can't just climb up and stop it. There must be another way.",
kathryn,dlg,EntryList/21/Text,0,-1,"Well if you don't want me with you any more, <FirstName>, I suppose that's your choice. But please, think about it. I'll be at the castle if you change your mind.",
kathryn,dlg,EntryList/210/Text,0,-1,"We'll find it, I'm sure.",
kathryn,dlg,EntryList/211/Text,0,-1,It's very pretty isn't it? Seems a shame to try and stop it working.,
kathryn,dlg,EntryList/212/Text,0,-1,But I suppose that's what we must do... ,
kathryn,dlg,EntryList/213/Text,0,-1,Oh child! Why can't you concentrate on the task in hand? It is for your father's good that we deal with this thing. Let us concentrate.,
kathryn,dlg,EntryList/214/Text,0,-1,"Well I expect there's some reason you came too, Lacinda. No doubt some dark, secret reason that only a Cormaeril would understand.",
kathryn,dlg,EntryList/215/Text,0,-1,"Child, I came for <FirstName>, and <he/she> knows it. I'm sure it makes you feel good to throw the past treacheries of my family at my feet, but your family is no more noble than mine, even if it enjoys higher favor.",
kathryn,dlg,EntryList/216/Text,0,-1,"I just said it was pretty, that's all.",
kathryn,dlg,EntryList/217/Text,0,-1,You are right. I will concentrate on the task in hand.,
kathryn,dlg,EntryList/218/Text,0,-1,Look at the state of this place! The water must come in here all the time!,
kathryn,dlg,EntryList/219/Text,0,-1,"I thought this place would be more... well magical, and less horrible. Why would a dragon want to live here?",
kathryn,dlg,EntryList/22/Text,0,77917,Then TO BATTLE!,이제 자노스의 분노를 목격하라!
kathryn,dlg,EntryList/220/Text,0,-1,What a dreadful place.,
kathryn,dlg,EntryList/221/Text,0,-1,"I don't think I will even attempt to guess, Lady Kathryn. Dragons are not something I know that much about.",
kathryn,dlg,EntryList/222/Text,0,-1,"It does seem a pretty nasty place to live, doesn't it?",
kathryn,dlg,EntryList/223/Text,0,-1,"Because dragons live in the real world, child, not in fairy tales, and generally they are not the gentle, playful creatures you've read about in all of your books!",
kathryn,dlg,EntryList/224/Text,0,-1,"If anyone is going to live in here, there must be a system of watertight doors, otherwise they'd all drown.",
kathryn,dlg,EntryList/225/Text,0,-1,Although that wouldn't apply to Wyvernvapor; Mist Dragons are at home in water.,
kathryn,dlg,EntryList/226/Text,0,-1,Although that wouldn't apply to Wyvernvapor; Mist Dragons are at home in water according to the scripts I have read about them.,
kathryn,dlg,EntryList/227/Text,0,-1,"If anyone is going to live in here, there must be a system of watertight doors, otherwise they'd all drown.",
kathryn,dlg,EntryList/228/Text,0,-1,"If anyone is going to live in here, there must be a system of watertight doors, otherwise they'd all drown.",
kathryn,dlg,EntryList/229/Text,0,-1,Whew! What a smell!,
kathryn,dlg,EntryList/23/Text,0,77916,I'll have a go if you like... ,에. 아마도. 자노스가 네 물건 좀 뒤져볼게. 감정할 수 있는 게 발견되면 말해주지. 충분하지?
kathryn,dlg,EntryList/230/Text,0,-1,Is that how bad dragons smell? I'm glad there's no one at home. It's overpowering!,
kathryn,dlg,EntryList/231/Text,0,-1,Maybe this is where the dragon lives?,
kathryn,dlg,EntryList/232/Text,0,-1,Yes but where is he?,
kathryn,dlg,EntryList/233/Text,0,-1,"This chamber stinks and it's big enough to house the dragon, so I think it must be Wyvernvapor's lair. It looks like we're in luck though. The dragon is away. We should use our time wisely.",
kathryn,dlg,EntryList/234/Text,0,-1,"This chamber stinks and it's big enough to house the dragon, so I think it must be Wyvernvapor's lair. It looks like we're in luck though. The dragon is away. We should use our time wisely.",
kathryn,dlg,EntryList/235/Text,0,-1,"This castle is very odd. It may seem deserted, but I thought I saw something move up on the roof.",
kathryn,dlg,EntryList/236/Text,0,-1,"If you look up at the top of the keep, you can see a watermark. I think the top of the castle never gets totally submerged. It's possible something might live up there.",
kathryn,dlg,EntryList/237/Text,0,-1,"We must be on our guard. If something is on the roof, it's a good vantage point from which to attack.",
kathryn,dlg,EntryList/238/Text,0,-1,"We must be on our guard. If something is on the roof, it's a good vantage point from which to attack. Maybe we should look for somewhere safer to tie a horse than that hitching post.",
kathryn,dlg,EntryList/239/Text,0,-1,I'm not sure. It's very difficult to see in this mist.,
kathryn,dlg,EntryList/24/Text,0,-1,"Fine, what do you need?",
kathryn,dlg,EntryList/240/Text,0,-1,"If you look up at the top of the keep, you can see a watermark. I think the top of the castle never gets totally submerged. It's possible something might live up there.",
kathryn,dlg,EntryList/241/Text,0,-1,"We must be on our guard. If something is on the roof, it's a good vantage point from which to attack.",
kathryn,dlg,EntryList/242/Text,0,-1,"We must be on our guard. If something is on the roof, it's a good vantage point from which to attack. Maybe we should look for somewhere safer to tie a horse than that hitching post.",
kathryn,dlg,EntryList/243/Text,0,-1,"Look over there, on the other side of the chasm! There's a cave with some steps.",
kathryn,dlg,EntryList/244/Text,0,-1,Though I don't see a way across this chasm.,
kathryn,dlg,EntryList/245/Text,0,-1,We could possibly jump a horse across. There's room for a run-up.,
kathryn,dlg,EntryList/246/Text,0,-1,It should be easy enough.,
kathryn,dlg,EntryList/247/Text,0,-1,I think we should stick to our mission though. After all the castle won't be in there.,
kathryn,dlg,EntryList/248/Text,0,-1,I agree. We have a task that we should stick to.,
kathryn,dlg,EntryList/249/Text,0,-1,"The Mythallar might be though, or a secret way in.",
kathryn,dlg,EntryList/25/Text,0,-1,That suits me! Was there anything else?,
kathryn,dlg,EntryList/250/Text,0,-1,"Well, I suppose that is possible.",
kathryn,dlg,EntryList/251/Text,0,-1,Maybe we could use a rope to get across? I have one in my pack.,
kathryn,dlg,EntryList/252/Text,0,-1,It might be difficult though.,
kathryn,dlg,EntryList/253/Text,0,-1,It's not a bad idea if we want to get across.,
kathryn,dlg,EntryList/254/Text,0,-1,"If we want to get across, that might be a way.",
kathryn,dlg,EntryList/255/Text,0,-1,But would that be safe?,
kathryn,dlg,EntryList/256/Text,0,-1,Perhaps it's a smuggler's den?,
kathryn,dlg,EntryList/257/Text,0,-1,"For once child, you might be right.",
kathryn,dlg,EntryList/258/Text,0,-1,Well we've found the castle... ,
kathryn,dlg,EntryList/259/Text,0,-1,Now we must find the Mythallar.,
kathryn,dlg,EntryList/26/Text,0,89234,Like what?,"""알겠어. 어떤 종류의 강화 주문을 사용하길 원하나?"""
kathryn,dlg,EntryList/260/Text,0,-1,I'm sure that the end of our troubles is not far away.,
kathryn,dlg,EntryList/261/Text,0,-1,Now to find the dragon. Can you believe it? We're actually looking for a dragon! It's like those tales about dragons in the history books... ,
kathryn,dlg,EntryList/262/Text,0,-1,"""Then Kathryn and <FirstName> approached the great castle... """,
kathryn,dlg,EntryList/263/Text,0,-1,It is a nice picture Kathryn. I'll look forward to hearing the full version when you are done with it.,
kathryn,dlg,EntryList/264/Text,0,-1,"Your father enjoys his tales, though I haven't heard him tell one since the war.",
kathryn,dlg,EntryList/265/Text,0,-1,"No, a lot left our lives when my brothers were killed and Father lost his arm. It's rare for him to even smile these days.",
kathryn,dlg,EntryList/266/Text,0,-1,"Some of the troubles of the realm rest on his shoulders. Let us continue on now and see what we can do to lift them. Remember though, it is the Mythallar we seek, not the dragon.",
kathryn,dlg,EntryList/267/Text,0,-1,"Child, your imagination is running away again. Try to remember that dragons are dangerous and spiteful lizards, not tales from your childhood. In any event we are looking for the Mythallar, not the dragon.",
kathryn,dlg,EntryList/268/Text,0,-1,Well actually I have head that Wyvernvapor is not a dangerous dragon.,
kathryn,dlg,EntryList/269/Text,0,-1,Well I'm sure we'll find out soon enough.,
kathryn,dlg,EntryList/27/Text,0,86380,"Is there something else, then?","""그럼 또 다른 일이 있나?"""
kathryn,dlg,EntryList/270/Text,0,-1,Look at this place!,
kathryn,dlg,EntryList/271/Text,0,-1,Can I hear fighting? I think there's a battle going on inside!,
kathryn,dlg,EntryList/272/Text,0,-1,There must be more of them about. Let's hope so. I have a debt to repay on these scum on behalf of my Lena.,
kathryn,dlg,EntryList/273/Text,0,-1,"It's very strange. Edgar Truesilver has a fine reputation as a commander. He would have posted sentries outside the barrow, so the enemy must have come up behind him.",
kathryn,dlg,EntryList/274/Text,0,-1,We should be nearly at the place Sir Hawklin told us about.,
kathryn,dlg,EntryList/275/Text,0,-1,"I'm sure there's nothing for us to worry about. If Sir Hawklin trusts the Forest Folk, then I'm sure we can.",
kathryn,dlg,EntryList/276/Text,0,-1,"Yeah, well Godfroy, on this I prefer to be cautious than walk into a trap.",
kathryn,dlg,EntryList/277/Text,0,-1,"I think we should be on our guard. There's lots said about the Forest Folk, and it's not all nice.",
kathryn,dlg,EntryList/278/Text,0,-1,"Let's just hope there isn't a trap ahead, laid by this Manthis person.",
kathryn,dlg,EntryList/279/Text,0,-1,"I have heard many people moan about the prices in the Six Coffers Trading Coster, but they say you can't beat it for variety.",
kathryn,dlg,EntryList/28/Text,0,89237,And what is my target?,"""그럼 내 목표는 뭐지?"""
kathryn,dlg,EntryList/280/Text,0,76057,"Oh, did you come back for me, <FirstName>? Does his mean we will be together again?",자노스에게 다시 합류하자고 요청하러 온 거지?
kathryn,dlg,EntryList/281/Text,0,78095,Oh... then I'll wait here in case you change your mind.,젠장! 그럼 네가 정신 차릴 때까지 여기 있겠어.
kathryn,dlg,EntryList/282/Text,0,78289,<StartHighlight>Kathryn is currently unconscious and will likely die if he is not given aid very soon.</Start>,"<StartHighlight>자노스는 현재 의식이 없고, 도움을 받지 못하면 곧 죽을 것입니다.</Start>"
kathryn,dlg,EntryList/283/Text,0,76052,I... I thought I died! I am so glad I didn't!,흥. 네가 제대로 했다면 자노스가 이런 불쾌함을 겪지 않아도 됐을 텐데.
kathryn,dlg,EntryList/284/Text,0,78287,But of course!,알았어. 갈게.
kathryn,dlg,EntryList/285/Text,0,78288,"Yes, you're probably right.",여기 남아 있겠어. 가고 싶으면 가.
kathryn,dlg,EntryList/286/Text,0,-1,Good <QuarterDay> <FullName>.,
kathryn,dlg,EntryList/287/Text,0,-1,"I thought you were my friend, but I've learnt my lesson now. Why don't you leave me alone?",
kathryn,dlg,EntryList/288/Text,0,-1,"Hello. I am Kathryn Hawklin. You're <FullName>, aren't you?",
kathryn,dlg,EntryList/289/Text,0,-1,You are! I know it. Father took you on as a squire didn't he? He said you had put new hope in his heart. I bet that's why he had Owain's room prepared... it was probably for you!,
kathryn,dlg,EntryList/29/Text,0,86381,So be it!,"""좋아!"""
kathryn,dlg,EntryList/290/Text,0,-1,"Owain, yes. He was my brother... but he was killed in the war. Father hasn't even been in his room, nor Giles's, for more than two years. You must be special if it's because of you he had the room prepared. I wonder if that means father is starting to feel better?",
kathryn,dlg,EntryList/291/Text,0,-1,Oh how exciting it is to meet you! Father has said lots of nice things about you. He said you had put new hope in his heart. I bet that's why he had Owain's room prepared... it was probably for you!,
kathryn,dlg,EntryList/3/Text,0,-1,"I'm also training myself to be a ranger. It's difficult because it's so hard to get out, but I'm a good tracker and know some of the ways of the wild.",
kathryn,dlg,EntryList/30/Text,0,77918,What is it you wish me to cast?,주문? 뭘 시전하길 원하는 거야?
kathryn,dlg,EntryList/36/Text,0,77922,Very well.,자노스가 하지...
kathryn,dlg,EntryList/37/Text,0,77904,Sounds good to me. What can you show me?,자노스는 원하는 대로 실력과 능력을 키울 거다.
kathryn,dlg,EntryList/38/Text,0,77915,"Fine <FirstName>, just don't look too closely! You might see something that you don't think I should have!",*한숨* 좋아. 여기 내 장비다.
kathryn,dlg,EntryList/39/Text,0,-1,OK. What do you want to change?,
kathryn,dlg,EntryList/4/Text,0,-1,So can I come with you?,
kathryn,dlg,EntryList/40/Text,0,-1,How?,
kathryn,dlg,EntryList/41/Text,0,-1,As you wish. Is there anything else?,
kathryn,dlg,EntryList/42/Text,0,-1,"You think you're better than me at that sort of thing do you <FirstName>? I think you're wrong, but I'll do it. Was there anything else?",
kathryn,dlg,EntryList/43/Text,0,-1,You don't need to ask me twice. I'm a professional at that sort of thing. Is there anything else?,
kathryn,dlg,EntryList/44/Text,0,-1,Easy enough. Is there anything else?,
kathryn,dlg,EntryList/45/Text,0,-1,Now you're talking! I can see you understand what I do best. Was there anything else you needed?,
kathryn,dlg,EntryList/46/Text,0,-1,"Did you think I wasn't looking? Oh..I see, you mean REALLY search. No problem. Was there anything else?",
kathryn,dlg,EntryList/47/Text,0,-1,"Well it goes against my nature, but I suppose I can stop for a bit. Is there anything else?",
kathryn,dlg,EntryList/48/Text,0,77914,Is there any other way? Of course I will! Anything else you need?,알았어.
kathryn,dlg,EntryList/49/Text,0,77914,You're the boss. I can do that. Anything else?,알았어.
kathryn,dlg,EntryList/5/Text,0,-1,"Well obviously I am Sir Gilbert's daughter and so I have been brought up to fight and look after myself. I may only be young, but I am a quick learner, and dying to get out of this castle.",
kathryn,dlg,EntryList/50/Text,0,-1,Afraid I might get too close and pinch something from you?,
kathryn,dlg,EntryList/51/Text,0,-1,"Oh, you're too trusting, <FirstName>! Is there anything else?",
kathryn,dlg,EntryList/52/Text,0,-1,Easy enough. Is there anything else?,
kathryn,dlg,EntryList/53/Text,0,-1,Well that seems sensible. What should I be concentrating on do you think?,
kathryn,dlg,EntryList/54/Text,0,-1,"I've always been good at sneaking about and opening things I shouldn't, so that's what I'm concentrating on at the moment!",
kathryn,dlg,EntryList/55/Text,0,-1,"I figured I could do with improving my wilderness skills, so I'm a better Ranger, so that's what I'm doing at the moment.",
kathryn,dlg,EntryList/56/Text,0,-1,I'm doing a bit of everything at the moment.,
kathryn,dlg,EntryList/57/Text,0,-1,"OK, no problem! Was there anything else on tactics?",
kathryn,dlg,EntryList/58/Text,0,-1,Yes?,
kathryn,dlg,EntryList/59/Text,0,89922,I'm fine thanks <FirstName>.,"""다 완전 끝내줘. 더할 나위 없지. 뭐... 내가 엄청 부자에 글래머한 하플링 아가씨들 하렘에 둘러싸여 있으면 더 좋겠지만... 그건 당장은 안 되겠지, 하하하!"""
kathryn,dlg,EntryList/6/Text,0,-1,But that's not my only reason. I can't just sit by and watch while my father's fortunes tumble. We stand to lose everything that we have left if we can't tackle the raids and who's behind them.,
kathryn,dlg,EntryList/60/Text,0,-1,Did you need anything else?,
kathryn,dlg,EntryList/61/Text,0,-1,Actually I'm feeling pretty good. I just wish I had a comb handy.,
kathryn,dlg,EntryList/62/Text,0,-1,Did you need anything else?,
kathryn,dlg,EntryList/63/Text,0,89931,I have a few scratches and cuts. I think father would be proud of me.,"""프흣, 난 걱정 마. 그냥 긁힌 상처 몇 개야."""
kathryn,dlg,EntryList/64/Text,0,-1,"Although I'd like it if you could heal the one on my face, I don't want a scar.",
kathryn,dlg,EntryList/65/Text,0,89932,I've felt a lot better. Some of these wounds are a bit painful.,"""아까 좀 엉망이 되긴 했지, 헤. 볼 것까지는 없어."""
kathryn,dlg,EntryList/66/Text,0,89933,"<FirstName>, do I actually look alright to you? Heal me would you, I've got wounds all over.","""그냥... 몇 군데 긁혔을 뿐이야, 별거 아냐."" 그는 얼굴을 찡그리며 빈 팔로 배에서 솟는 심한 피를 틀어막으려 합니다."
kathryn,dlg,EntryList/67/Text,0,-1,Or shall we just talk while I bleed to death?,
kathryn,dlg,EntryList/68/Text,0,89930,I can't see anything by Tyr! It's terrifying.,"""괜찮을 거야, 아마. 근데 여기가 정말 어두운 건지... 내가 진짜 눈이 먼 건지 말해 줄래? 살짝 걱정돼서."""
kathryn,dlg,EntryList/69/Text,0,-1,Is there anything you can do to help?,
kathryn,dlg,EntryList/7/Text,0,-1,I just need a chance to help my father and do whatever I can.,
kathryn,dlg,EntryList/70/Text,0,89934,"I can't say I've been on many adventures, but is it normal for wounds to make you feel like there's fire running through you? And my hands keep cramping too. Oh, and my chest hurts as well.","""어이! 완전 멀쩡해-내 혈관을 타고 흐르는 불덩이만 빼면 말이지. 그건... 알아서 해결되겠지..."""
kathryn,dlg,EntryList/71/Text,0,89935,Actually I feel really ill. I think I must have caught some sort of disease.,"""피부에 이상한 반점이 좀 생긴 것만 빼면 나쁘지 않아. 이거... 안 좋은 건가?"""
kathryn,dlg,EntryList/72/Text,0,-1,"If you've got anything to help me feel better, that would be good.",
kathryn,dlg,EntryList/73/Text,0,-1,I don't have anything else to say just now. Perhaps later.,
kathryn,dlg,EntryList/74/Text,0,-1,"I was talking about Effie before, wasn't I? Oh, we had such fun together <FirstName>.  Even after what happened, I still miss her.",
kathryn,dlg,EntryList/75/Text,0,-1,"We had a fight one day, a silly fight. Effie said I was about as quiet as an ox when I was trying to creep about, and I got mad at her. She challenged me: if I thought I was so brilliant, to try and steal some papers from Hurim Thiodor's office.",
kathryn,dlg,EntryList/76/Text,0,-1,"I didn't attempt it. I knew Hurim has eyes like a hawk, and besides, most of the stuff in the Crown Office is warded by the War Wizards, so I thought that wasn't a fair challenge. I was upset though, so I thought if I could steal something from Effie herself, then she'd realise I was a better thief than she was.",
kathryn,dlg,EntryList/77/Text,0,-1,"So that's what I did. It was quite easy really. I jostled her next time we were at the market, and dipped my hand into her pocket. I didn't come away with much, just a tiny piece of parchment, rolled up like it was from a carrier pigeon. I laughed at her and held up the parchment for her to see it.",
kathryn,dlg,EntryList/78/Text,0,-1,"She tried to snatch it back, but I held her away at arm's reach and had a quick look at it. It just had some name on it, and a tiny little symbol of a dagger wreathed in flames. I didn't think it was important until I saw Effie's reaction. Her face had gone all white. I got a bit scared then and just gave the paper back. Effie took it and walked off. I never saw her again.",
kathryn,dlg,EntryList/79/Text,0,-1,Because that parchment revealed her for who she was.,
kathryn,dlg,EntryList/8/Text,0,-1,"If you give me the opportunity to come with you, you won't regret it.",
kathryn,dlg,EntryList/80/Text,0,-1,"The name was Admiral Ayesunder Truesilver, Edgar's cousin. He'd been due into Thunderstone just a few days later. I'd always liked Edgar, as he was nice to me even when I was a child. I think it was that which made me keep thinking about the parchment.",
kathryn,dlg,EntryList/81/Text,0,-1,"The name was Admiral Ayesunder Truesilver, Edgar's cousin. He'd been due into Thunderstone just a few days later. ",
kathryn,dlg,EntryList/82/Text,0,-1,The Truesilvers have ever been high on the Fire Knives' list. I should know that.,
kathryn,dlg,EntryList/83/Text,0,-1,"You were always nice to me when I was a child, Edgar. I think it was that which made me keep thinking about the parchment.",
kathryn,dlg,EntryList/84/Text,0,-1,"I asked my father what the little symbol meant. I was sure I'd heard of it, but I couldn't remember where. Father got very frightened. He pressed me to tell me where I'd seen it, and when I told him, he was so shocked he had to sit down. ",
kathryn,dlg,EntryList/85/Text,0,-1,"I'd been a total idiot, <FirstName>. The little symbol was the symbol of the Fire Knives, a group of assassins dedicated to murdering the nobility of Cormyr. Effie had been slowly training me, so I could steal for them, or maybe even to recruit me. With Effie revealed as an agent, she'd made a run for it. Worse, I'd put my own life in serious danger.",
kathryn,dlg,EntryList/86/Text,0,-1,"So that's why my father has kept me under such close watch. The Fire Knives for certain will come for me one day, but what could I do? Stay inside forever?",
kathryn,dlg,EntryList/87/Text,0,-1,"I'm a noble, as good a target as any. Who knows, maybe Effie was disgraced by her discovery and I'm top of the list?",
kathryn,dlg,EntryList/88/Text,0,-1,"Anyway, I suppose there's no point worrying about that now, is there. Was there something else you wanted?",
kathryn,dlg,EntryList/89/Text,0,-1,"The symbol, <FirstName>. One that as troubled my life too.",
kathryn,dlg,EntryList/9/Text,0,-1,"He can't keep me locked up forever, and he knows it. I think he'd rather he let me out his way; through formal dinners, banquets and so forth. He probably thinks he should try to find me a husband too, one that can look after me.",
kathryn,dlg,EntryList/90/Text,0,-1,"I told you how it was difficult to get out of the castle after the war. Father was over-protective of me, and always worried about my ability to get into trouble... ",
kathryn,dlg,EntryList/91/Text,0,-1,"Sometimes I wish I had listened to him more, but the truth is, I could hardly be expected to stay cooped up forever, could I?",
kathryn,dlg,EntryList/92/Text,0,-1,"Truth is, I rebelled a bit <FirstName>. I was only sixteen after all, and I hated been stuck indoors. I had a very good friend, Effie her name was, and she was always doing exciting things. Sometimes when I escaped from the castle, we'd go to the market together. Effie was such fun, and so daring. Sometimes she'd pick the pockets of the nobles... ",
kathryn,dlg,EntryList/93/Text,0,-1,"Effie taught me a lot of things. She was a master of creeping about silently too, and of picking locks and stuff like that. I always thought it was just for fun, and it turned out I was pretty good at it too.",
kathryn,dlg,EntryList/94/Text,0,-1,...  but it wasn't long before it got me in trouble ...  I think though that I'd rather keep that story to myself.,
kathryn,dlg,EntryList/95/Text,0,-1,Well I've had a very protected life. During the war I had to stay at home with my mother and help to run things. I was too young to ride with my father and brothers.,
kathryn,dlg,EntryList/96/Text,0,-1,OK. I may have more to say later.,
kathryn,dlg,EntryList/97/Text,0,-1,"I wish I could have gone, though my father always tells me how glad he is I didn't. Both of my brothers were killed in one of the battles by Arabel, and my father lost his arm... ",
kathryn,dlg,EntryList/98/Text,0,-1,"When my mother heard the news, she just sort of faded away, until... she died... ",
kathryn,dlg,EntryList/99/Text,0,-1,"Father came back of course, but he's not the same man. He always seems sad. He's so afraid of losing me too, that for the last few months he has barely let me leave the castle.",
kathryn,dlg,ReplyList/1/Text,0,-1,Do you have any skills I could use?,
kathryn,dlg,ReplyList/10/Text,0,-1,Not just now thanks.,
kathryn,dlg,ReplyList/100/Text,0,78364,Eagle's Splendor.,독수리의 위엄
kathryn,dlg,ReplyList/101/Text,0,-1,Divine Favor,
kathryn,dlg,ReplyList/102/Text,0,-1,Death ward.,
kathryn,dlg,ReplyList/103/Text,0,78369,Cure Moderate Wounds,황소의 근력
kathryn,dlg,ReplyList/104/Text,0,78369,Cure Minor Wounds,황소의 근력
kathryn,dlg,ReplyList/105/Text,0,78369,Cure Light Wounds,황소의 근력
kathryn,dlg,ReplyList/111/Text,0,-1,I've changed my mind. Let's discuss something else.,
kathryn,dlg,ReplyList/112/Text,0,102389,Cast on all the party members.,"""모든 파티원에게 시전해."""
kathryn,dlg,ReplyList/114/Text,0,102397,Cast it on <CUSTOM77102>.,"""<CUSTOM77102>에게 시전해."""
kathryn,dlg,ReplyList/116/Text,0,102398,Cast it on <CUSTOM77101>.,"""<CUSTOM77101>에게 시전해."""
kathryn,dlg,ReplyList/12/Text,0,-1,Certainly. Come with me.,
kathryn,dlg,ReplyList/123/Text,0,-1,Bless.,
kathryn,dlg,ReplyList/125/Text,0,-1,Aid.,
kathryn,dlg,ReplyList/126/Text,0,78302,With some training you could improve your skills. Let's take a moment to teach you some useful tricks.<StartHighlight>[Level Kathryn]</Start>.,레벨업을 해줬으면 해.
kathryn,dlg,ReplyList/128/Text,0,-1,Dismount from your horse.,
kathryn,dlg,ReplyList/129/Text,0,-1,Mount up!,
kathryn,dlg,ReplyList/132/Text,0,-1,Let's discuss tactics.,
kathryn,dlg,ReplyList/133/Text,0,-1,"Actually, let's leave it at that for now.",
kathryn,dlg,ReplyList/134/Text,0,-1,Let's discuss something else.,
kathryn,dlg,ReplyList/135/Text,0,-1,You need to look after me better.,
kathryn,dlg,ReplyList/136/Text,0,-1,Heal me only if I'm seriously wounded.,
kathryn,dlg,ReplyList/137/Text,0,-1,Heal me when I'm moderately wounded.,
kathryn,dlg,ReplyList/138/Text,0,-1,Heal me even when I'm only slightly wounded.,
kathryn,dlg,ReplyList/139/Text,0,-1,No.,
kathryn,dlg,ReplyList/140/Text,0,-1,Yes.,
kathryn,dlg,ReplyList/141/Text,0,-1,Leave the locks on doors and chests and so forth to me. OK?,
kathryn,dlg,ReplyList/142/Text,0,-1,No.,
kathryn,dlg,ReplyList/143/Text,0,-1,Yes.,
kathryn,dlg,ReplyList/144/Text,0,-1,Give me a hand with locks. Some of them are beyond me.,
kathryn,dlg,ReplyList/145/Text,0,-1,No.,
kathryn,dlg,ReplyList/146/Text,0,-1,Yes.,
kathryn,dlg,ReplyList/147/Text,0,-1,Stop sneaking. I need to know where you are so I don't hit you.,
kathryn,dlg,ReplyList/148/Text,0,-1,No.,
kathryn,dlg,ReplyList/149/Text,0,-1,Yes.,
kathryn,dlg,ReplyList/150/Text,0,-1,Use a stealthy approach until the next fight.,
kathryn,dlg,ReplyList/151/Text,0,-1,Use creeping tactics when we see enemies.,
kathryn,dlg,ReplyList/152/Text,0,-1,No.,
kathryn,dlg,ReplyList/153/Text,0,-1,Yes.,
kathryn,dlg,ReplyList/154/Text,0,-1,Help me look around for things. I think I might be missing stuff.,
kathryn,dlg,ReplyList/155/Text,0,-1,No.,
kathryn,dlg,ReplyList/156/Text,0,-1,Yes.,
kathryn,dlg,ReplyList/157/Text,0,-1,"You're slowing us down, stop searching and sneaking.",
kathryn,dlg,ReplyList/158/Text,0,-1,No.,
kathryn,dlg,ReplyList/159/Text,0,-1,Yes.,
kathryn,dlg,ReplyList/16/Text,0,-1,I'm done.,
kathryn,dlg,ReplyList/160/Text,0,-1,Attack as soon as you see enemies.,
kathryn,dlg,ReplyList/161/Text,0,-1,No.,
kathryn,dlg,ReplyList/162/Text,0,-1,Yes.,
kathryn,dlg,ReplyList/164/Text,0,-1,No.,
kathryn,dlg,ReplyList/165/Text,0,-1,Yes.,
kathryn,dlg,ReplyList/166/Text,0,-1,Let's change the distance between us.,
kathryn,dlg,ReplyList/167/Text,0,-1,We're too close together. Keep a good distance from me. We'll be safer that way.,
kathryn,dlg,ReplyList/168/Text,0,-1,"Don't crowd me, but be ready to come to my aid.",
kathryn,dlg,ReplyList/169/Text,0,-1,Get close and stay there.,
kathryn,dlg,ReplyList/17/Text,0,-1,"Thank you for your help, but now it is time we parted company.",
kathryn,dlg,ReplyList/170/Text,0,-1,No.,
kathryn,dlg,ReplyList/171/Text,0,-1,Yes.,
kathryn,dlg,ReplyList/172/Text,0,-1,Move to range.,
kathryn,dlg,ReplyList/173/Text,0,-1,"Well, you're definitely better in hand-to-hand, so get in close to our enemies.",
kathryn,dlg,ReplyList/174/Text,0,-1,No.,
kathryn,dlg,ReplyList/175/Text,0,-1,Yes.,
kathryn,dlg,ReplyList/176/Text,0,-1,I want to discuss your training.,
kathryn,dlg,ReplyList/178/Text,0,-1,<StartAction>Kathryn will train as she sees fit.</Start>,
kathryn,dlg,ReplyList/179/Text,0,-1,<StartAction>Kathryn will level up as a Rogue only</Start>,
kathryn,dlg,ReplyList/18/Text,0,-1,"Actually no, stay with me for a while longer.",
kathryn,dlg,ReplyList/180/Text,0,-1,<StartAction>Kathryn will level up as a Ranger only.</Start>,
kathryn,dlg,ReplyList/181/Text,0,-1,Good. I think we are done for the moment.,
kathryn,dlg,ReplyList/182/Text,0,-1,Yes.,
kathryn,dlg,ReplyList/183/Text,0,-1,Let's talk.,
kathryn,dlg,ReplyList/184/Text,0,90208,Is everything OK?,"""어떻게 지내?"""
kathryn,dlg,ReplyList/193/Text,0,-1,Let me see what I have... ,
kathryn,dlg,ReplyList/194/Text,0,-1,Tell me a little more about yourself.,
kathryn,dlg,ReplyList/196/Text,0,-1,It sounds like you don't see her any more.,
kathryn,dlg,ReplyList/197/Text,0,-1,So what did happen?,
kathryn,dlg,ReplyList/198/Text,0,-1,"I'll bet you got caught, didn't you?",
kathryn,dlg,ReplyList/199/Text,0,-1,So what did you get?,
kathryn,dlg,ReplyList/20/Text,0,-1,"Nevertheless, that is my decision.",
kathryn,dlg,ReplyList/200/Text,0,-1,You tried to steal something form Hurim Thiodor? That's a disgrace!,
kathryn,dlg,ReplyList/201/Text,0,-1,Go on.,
kathryn,dlg,ReplyList/203/Text,0,-1,Why did Effie get so upset?,
kathryn,dlg,ReplyList/205/Text,0,-1,Whose name was on the parchment?,
kathryn,dlg,ReplyList/208/Text,0,-1,What was so important about the parchment?,
kathryn,dlg,ReplyList/211/Text,0,-1,"You think they will come after you, even now?",
kathryn,dlg,ReplyList/213/Text,0,-1,"I'm done, thanks.",
kathryn,dlg,ReplyList/215/Text,0,-1,That's right.,
kathryn,dlg,ReplyList/216/Text,0,-1,It sounds like you got yourself into trouble though.,
kathryn,dlg,ReplyList/217/Text,0,-1,Absolutely not. It was unfair to keep you locked up!,
kathryn,dlg,ReplyList/221/Text,0,-1,Stop there. We can talk more later.,
kathryn,dlg,ReplyList/222/Text,0,-1,I'm done for now.,
kathryn,dlg,ReplyList/223/Text,0,-1,That was probably a good thing.,
kathryn,dlg,ReplyList/226/Text,0,-1,I can see his reasons. Maybe it was the right thing to do?,
kathryn,dlg,ReplyList/227/Text,0,-1,And?,
kathryn,dlg,ReplyList/229/Text,0,-1,I'm done for now.,
kathryn,dlg,ReplyList/230/Text,0,-1,Let's discuss something else.,
kathryn,dlg,ReplyList/232/Text,0,-1,We don't have time for this now.,
kathryn,dlg,ReplyList/233/Text,0,-1,What is it?,
kathryn,dlg,ReplyList/26/Text,0,-1,I want you to use your magic.,
kathryn,dlg,ReplyList/27/Text,0,88323,I don't want you to cast any spells until I say otherwise.,"""내가 달리 말하기 전까지는 주문을 사용하지 마."""
kathryn,dlg,ReplyList/28/Text,0,88324,I want you to go ahead and cast spells on your own.,"""앞으로 주문은 네 판단대로 사용해."""
kathryn,dlg,ReplyList/29/Text,0,89479,I need you to cast a group of buffing spells.,"""강화 주문 묶음을 시전해 줘."""
kathryn,dlg,ReplyList/30/Text,0,89480,Never mind.,"""신경 쓰지 마."""
kathryn,dlg,ReplyList/31/Text,0,89587,"No, nothing else.","""아니, 다른 건 없어."""
kathryn,dlg,ReplyList/316/Text,0,-1,Why would that be useful?,
kathryn,dlg,ReplyList/317/Text,0,-1,Can you tell me what they might be for?,
kathryn,dlg,ReplyList/32/Text,0,-1,Yes.,
kathryn,dlg,ReplyList/33/Text,0,89481,Cast all the buffing spells you have.,"""가진 강화 주문을 모두 시전해."""
kathryn,dlg,ReplyList/338/Text,0,-1,"Lacinda, you still have to prove yourself.",
kathryn,dlg,ReplyList/339/Text,0,-1,"Kathryn, stop being stupid and stick to our quest.",
kathryn,dlg,ReplyList/34/Text,0,89482,Cast all the buffing spells that last a long time.,"""지속시간이 긴 강화 주문을 모두 시전해."""
kathryn,dlg,ReplyList/341/Text,0,-1,Must you do this now?,
kathryn,dlg,ReplyList/343/Text,0,-1,That is enough. I trust you both. Let's concentrate on the Mythallar.,
kathryn,dlg,ReplyList/35/Text,0,89483,Cast all the short duration buffing spells.,"""지속시간이 짧은 강화 주문을 모두 시전해."""
kathryn,dlg,ReplyList/359/Text,0,-1,You're imagining things.,
kathryn,dlg,ReplyList/36/Text,0,89566,I've changed my mind.,"""마음을 바꿨어."""
kathryn,dlg,ReplyList/363/Text,0,-1,What did you see?,
kathryn,dlg,ReplyList/37/Text,0,89567,Cast on all the party members.,"""파티원 전체에게 시전해."""
kathryn,dlg,ReplyList/38/Text,0,89577,Cast it on my animal companion.,"""내 동물 동료에게 시전해."""
kathryn,dlg,ReplyList/39/Text,0,89578,Cast it on my familiar.,"""내 사역마에게 시전해."""
kathryn,dlg,ReplyList/397/Text,0,-1,Good.,
kathryn,dlg,ReplyList/398/Text,0,-1,Do you think we should expect trouble?,
kathryn,dlg,ReplyList/4/Text,0,-1,Tell me a little about yourself.,
kathryn,dlg,ReplyList/40/Text,0,89579,Cast it on me.,"""나한테 시전해."""
kathryn,dlg,ReplyList/406/Text,0,78631,I have still need of your help. Travel with me once more.,가자.
kathryn,dlg,ReplyList/408/Text,0,78632,You should remain here until you recover fully. You are yet weak.,여기 있어.
kathryn,dlg,ReplyList/41/Text,0,89580,Cast it on yourself.,"""너한테 시전해."""
kathryn,dlg,ReplyList/410/Text,0,-1,I might be,
kathryn,dlg,ReplyList/411/Text,0,-1,No,
kathryn,dlg,ReplyList/412/Text,0,-1,Did you want something?,
kathryn,dlg,ReplyList/413/Text,0,-1,Owain?,
kathryn,dlg,ReplyList/415/Text,0,-1,Yes,
kathryn,dlg,ReplyList/44/Text,0,78319,Never mind.,아니야.
kathryn,dlg,ReplyList/56/Text,0,-1,Spell resistance.,
kathryn,dlg,ReplyList/57/Text,0,-1,Restoration.,
kathryn,dlg,ReplyList/58/Text,0,-1,Shield of faith.,
kathryn,dlg,ReplyList/63/Text,0,-1,Remove diesease.,
kathryn,dlg,ReplyList/72/Text,0,-1,Neutralize poison.,
kathryn,dlg,ReplyList/78/Text,0,-1,Lesser restoration.,
kathryn,dlg,ReplyList/8/Text,0,-1,How will your father feel?,
kathryn,dlg,ReplyList/81/Text,0,-1,Invisibility sphere.,
kathryn,dlg,ReplyList/85/Text,0,-1,Greater santuary.,
kathryn,dlg,ReplyList/86/Text,0,-1,Greater restoration.,
kathryn,dlg,ReplyList/87/Text,0,-1,Greater undead.,
kathryn,dlg,ReplyList/90/Text,0,-1,Freedom of movement.,
kathryn,dlg,ReplyList/94/Text,0,-1,Entropic shield.,
kathryn,dlg,ReplyList/96/Text,0,78319,Never mind.,아니야.
keeper,dlg,EntryList/0/Text,0,-1,Yes?,
keeper,dlg,EntryList/1/Text,0,-1,"Well of course! The Wyvern Crown used to belong to the Witch Lords hundreds of years ago, and this was their castle. Of course the Witch Lords were defeated by Cormyr, and the Royal Family had the crown for ages, but it was stolen and then lost.",
keeper,dlg,EntryList/10/Text,0,-1,GUARDIANS,
keeper,dlg,EntryList/11/Text,0,-1,"I prefer to talk about the Mythallar, but go ahead.",
keeper,dlg,EntryList/12/Text,0,-1,"The keys for the portal are the same keystones that are needed to unlock the crystal ball. Oh, I think I said that already didn't I? Each is guarded by a Guardian. Well, Master calls them the Guardians, but they're not all alive.",
keeper,dlg,EntryList/13/Text,0,-1,"There's the wyverns that have one keystone, one is in that weird place behind the old chapel and one Guardian is an infernal puzzle. The Master thought that was the best way to keep them safe. Frankly if I had them spread around like that I'd just forget where I put them, but I guess the Master knows best.",
keeper,dlg,EntryList/14/Text,0,-1,"Oh I'm not interested in that sort of thing! Something to do with beams and mirrors and doors. Some of it's flooded too, just makes it harder according to my Master.",
keeper,dlg,EntryList/15/Text,0,-1,"If you interested in looking at it, you'll have to go to the level below though. Watch out down there. The Master has coerced some troglodytes into clearing some of the old passageways. The Master's trying to find something. Those trogs are nasty little blighters, and tame or not they have an evil nature.",
keeper,dlg,EntryList/16/Text,0,-1,"Some leftover from when the Witch Lords had this castle I think. There's a sort of door in the chapel, but it goes into this musty cave that doesn't fit the dimensions of the castle. Isn't that a fascinating concept? I wonder if that is linked to the Mythallar? I must look that up...",
keeper,dlg,EntryList/17/Text,0,-1,"Where was I? Oh yes, don't know much about what's in that room, though it smells bad in there. Did I mention that?",
keeper,dlg,EntryList/18/Text,0,-1,"The wyverns? Well of course you must have seen them? They live on the roof of the castle mostly. Not very pleasant creatures I would say, but the Master keeps them under control. Probably the keystone is in their nest or whatever it is they live in. Just the smell keeps everyone away!",
keeper,dlg,EntryList/19/Text,0,-1,BALL & PINNACLE,
keeper,dlg,EntryList/2/Text,0,-1,"No. My Master has made me go through the old library and I have given him every book that mentions it. I think my Master is worried about the Wyvern Crown, though I don't know why.",
keeper,dlg,EntryList/20/Text,0,-1,"Well I don't know much about it, but go ahead.",
keeper,dlg,EntryList/21/Text,0,-1,"Well one of the pirate captains did tell me something about it after some drunken pirates got killed going through the portal...let me see...one came back didn't he? Kept saying something about ""the blades let you come back, but they don't let you go forward!"" Kept screeching it apparently until everyone decided he was quite mad.",
keeper,dlg,EntryList/22/Text,0,-1,"But maybe he was mad before, since he took a horse with him through the portal. Or was that another time? No, I don't remember. I'm not really interested in that. I could tell you a bit about the Mythallar though, if you like? Or did I already do that?",
keeper,dlg,EntryList/23/Text,0,-1,"You need the keystones to get through the portal. Not long ago some of the pirates went through the portal while drunk, and several of them were killed by whatever was on the other side. The Master decided to lock the portal so that it couldn't be used unless he desired it.",
keeper,dlg,EntryList/24/Text,0,-1,"The keystones are ancient keys used by the Netherese to lock the crystal ball to the pedestal and keep it safe. The Master decided to use the same keystones to lock the portal. Then he gave the keystones to the Guardians so that the crystal ball would be safe, from drunken pirates or anyone else.",
keeper,dlg,EntryList/25/Text,0,-1,"It's a tiny island out on the lake. You can't reach it from the sea, only from the sky or through the portal of course here in the castle.",
keeper,dlg,EntryList/26/Text,0,-1,"In most respects it's like a normal magic item, except the Netherese made many items that required the power of Mythallars to work. The ball is like that. The magic of the ball detects the weather on the lake, but the magic doesn't work if the link to the Mythallar is broken.",
keeper,dlg,EntryList/27/Text,0,-1,"The ball sits on the Pinnacle on a pedestal, testing the weather. The pedestal is the link. If the ball is removed the castle sinks. If the ball is destroyed the castle will sink forever. Can you imagine that? No one would be able to study the Mythallar then. How terrible would that be?",
keeper,dlg,EntryList/28/Text,0,-1,Mythallar,
keeper,dlg,EntryList/29/Text,0,-1,What is it?,
keeper,dlg,EntryList/3/Text,0,-1,"I look after the Mythallar, though of course I know little about it. I think the Master lets me stay just to humor me. I'm sure one as wise as he knows all there is to know about the Mythallar, but...a kindness to me, I believe it is.",
keeper,dlg,EntryList/30/Text,0,-1,I don't think so. Perhaps with very powerful magic. Of course the Mythallar is just a power source. It doesn't do anything without the crystal ball.,
keeper,dlg,EntryList/31/Text,0,-1,But then why would someone want to destroy the Mythallar? It's such a beautiful thing.,
keeper,dlg,EntryList/32/Text,0,-1,You're teasing me I know it! Everyone knows it's the Mythallar that makes the castle rise and fall out of the lake. I guess you must be new here.,
keeper,dlg,EntryList/33/Text,0,-1,"A Mythallar really is nothing more than a source of power, although the secret of how the Netherese built them is lost. Imagine if we knew, eh? That was always my dream....where was I?",
keeper,dlg,EntryList/34/Text,0,-1,"Oh yes...power. Well yes, you see, the Mythallar here in the castle can power magic items - not real ones of course, but special ones within range of the Mythallar. There's one in the foundations somewhere that makes the castle rise and fall, and another that detects the fog on the lake.",
keeper,dlg,EntryList/35/Text,0,-1,"Well, I can't pretend I really know that. I mean the detail, you know? Only the Master does, but...the crystal ball on the Pinnacle of course detects the weather. I think I mentioned that didn't I? The ball does the detecting and the Mythallar provides the power to make the castle move. The ball doesn't work if it's not on its pedestal of course, because then the link to the Mythallar is broken and the castle sinks back into the lake.",
keeper,dlg,EntryList/36/Text,0,-1,Go ahead...,
keeper,dlg,EntryList/37/Text,0,-1,Ah yes! You again...er...yes. The name will come to me again in a moment I'm sure.,
keeper,dlg,EntryList/38/Text,0,-1,"Now don't forget, the Master has the south and east ways to the Mythallar trapped. One of these days I'm gonna forget. What a way to go eh?!",
keeper,dlg,EntryList/39/Text,0,-1,"Well, hello...er...I'm sorry, I've forgotten your name.",
keeper,dlg,EntryList/4/Text,0,-1,"Course, there was a time when I didn't live here...oh, many years ago now. I was studying in the hope of becoming a War Wizard and I just got fascinated with all things Netherese. I came here to find the Mythallar. Did I say that?",
keeper,dlg,EntryList/40/Text,0,-1,"Well, then welcome. ",
keeper,dlg,EntryList/41/Text,0,-1,Come to look at the Mythallar have you? Amazing isn't it? The Netherese were astonishing I think...don't you?,
keeper,dlg,EntryList/42/Text,0,-1,"This! This beautiful magic...thing! It's Netherese you know, or did I already say that?",
keeper,dlg,EntryList/5/Text,0,-1,"Well, I just never got around to leaving. The Mythallar is so fascinating and the Master so accommodating...well, perhaps you'd like to talk a bit about the Mythallar? You pirates so rarely talk to me...",
keeper,dlg,EntryList/6/Text,0,-1,Oh...I do beg your pardon. I thought you must be one of the pirates...who did you say you were?,
keeper,dlg,EntryList/7/Text,0,-1,"Oh...Ha, ha...ye you tricked me there...anyway, where were we?",
keeper,dlg,EntryList/8/Text,0,-1,"Well, I suppose it's none of my business who visits the Master. How can I help you?",
keeper,dlg,EntryList/9/Text,0,-1,"Well...I am...my, I've forgotten my name. Isn't that funny? Most people just call me the Keeper. I've got so used to it I've forgotten my real one.",
keeper,dlg,ReplyList/0/Text,0,-1,Goodbye for now.,
keeper,dlg,ReplyList/1/Text,0,-1,Do you know anything about something called the Wyvern Crown?,
keeper,dlg,ReplyList/10/Text,0,-1,Who are you?,
keeper,dlg,ReplyList/11/Text,0,-1,<StartAction>[Ask something about the guardians.]</Start>,
keeper,dlg,ReplyList/12/Text,0,-1,Where can I find the keys to the portal?,
keeper,dlg,ReplyList/14/Text,0,-1,Tell me about the puzzle.,
keeper,dlg,ReplyList/16/Text,0,-1,Tell me about the weird room.,
keeper,dlg,ReplyList/18/Text,0,-1,Tell me about the wyverns.,
keeper,dlg,ReplyList/19/Text,0,-1,<StartAction>[Ask something about the crystal ball.]</Start>,
keeper,dlg,ReplyList/2/Text,0,-1,Do you know where it is now?,
keeper,dlg,ReplyList/20/Text,0,-1,Any idea what's on the other side of the portal?,
keeper,dlg,ReplyList/22/Text,0,-1,How do I get through the portal to the Pinnacle?,
keeper,dlg,ReplyList/24/Text,0,-1,Where is this Pinnacle where the crystal ball is?,
keeper,dlg,ReplyList/25/Text,0,-1,How does the crystal ball work?,
keeper,dlg,ReplyList/27/Text,0,-1,<StartAction>[Ask something about the Mythallar.]</Start>,
keeper,dlg,ReplyList/28/Text,0,-1,Let's change the subject.,
keeper,dlg,ReplyList/29/Text,0,-1,Can the Mythallar be destroyed?,
keeper,dlg,ReplyList/3/Text,0,-1,What are you doing here?,
keeper,dlg,ReplyList/31/Text,0,-1,What does this Mythallar do?,
keeper,dlg,ReplyList/34/Text,0,-1,How does the Mythallar make the castle rise or fall?,
keeper,dlg,ReplyList/35/Text,0,-1,Goodbye.,
keeper,dlg,ReplyList/37/Text,0,-1,<StartAction>[Talk about something else.]</Start>,
keeper,dlg,ReplyList/38/Text,0,-1,I am <FullName>.,
keeper,dlg,ReplyList/39/Text,0,-1,You never knew it.,
keeper,dlg,ReplyList/41/Text,0,-1,What's a Mythallar?,
keeper,dlg,ReplyList/42/Text,0,-1,What are you talking about?,
keeper,dlg,ReplyList/6/Text,0,-1,Pirates?,
keeper,dlg,ReplyList/7/Text,0,-1,A friend of the Master.,
keeper,dlg,ReplyList/8/Text,0,-1,I am a pirate really.,
keeper,dlg,ReplyList/9/Text,0,-1,I didn't.,
killkathryn,dlg,EntryList/0/Text,0,-1,The Hawklin girl must die!,
killkathryn,dlg,EntryList/1/Text,0,-1,Slay me Kathryn Hawklin!,
killkathryn,dlg,EntryList/2/Text,0,-1,Kill the Cormyrian dogs!,
lacinda,dlg,EntryList/0/Text,0,-1,ROOT of general questions.,
lacinda,dlg,EntryList/1/Text,0,-1,"When I watched you riding in the joust, I saw the person that I wish I had become. I admire you <FullName>. I can't fully explain it, but it seems to me you have all the trappings of the knight I once wished to be.",
lacinda,dlg,EntryList/10/Text,0,-1,"I am honored, <FullName>.",
lacinda,dlg,EntryList/100/Text,0,89930,"I can't see, <FirstName>. It's not the first time; if you play around with magic, it can happen; but that doesn't make it any less frightening. I'll go on if we have to, but do you have anything to cure me?","""괜찮을 거야, 아마. 근데 여기가 정말 어두운 건지... 내가 진짜 눈이 먼 건지 말해 줄래? 살짝 걱정돼서."""
lacinda,dlg,EntryList/101/Text,0,89934,I've played with enough potions to know when I've been poisoned. I hope you have an antidote.,"""어이! 완전 멀쩡해-내 혈관을 타고 흐르는 불덩이만 빼면 말이지. 그건... 알아서 해결되겠지..."""
lacinda,dlg,EntryList/102/Text,0,-1,"If you don't, then there's nothing I can do except carry on.",
lacinda,dlg,EntryList/103/Text,0,89935,"There's something wrong with me <FirstName>. I can't stop itching, and I'm feeling sick. I must have caught a disease. Do you have anything?","""피부에 이상한 반점이 좀 생긴 것만 빼면 나쁘지 않아. 이거... 안 좋은 건가?"""
lacinda,dlg,EntryList/104/Text,0,-1,I don't have anything else to say just now. Perhaps later.,
lacinda,dlg,EntryList/105/Text,0,-1,"I told you how knighthood was closed to me, and the hopes of fame and chivalry soon faded as I realised what they were; a fool's dreams. There was no time for bitterness. I could find no way to support myself, and no one to employ me even if I had had any skill worth using. By necessity I fell to theft, I soon lost my pride, and some would say I lost my dignity.",
lacinda,dlg,EntryList/106/Text,0,-1,"I could not have been further from the King's eye, or so I thought. What possible threat could I be? But wily Vangerderhast, the Court Wizard, was always on the watch for trouble, and seeing what had become of me, saw a risk that desperation might make me turn on the Crown.",
lacinda,dlg,EntryList/107/Text,0,-1,"It was actually he that set me on the path of the Arcane Arts. He gave me a tutor to set me on my course. But he gave with one hand, and took with the other, closing the door to the War Wizards, so I would never gain any power at court.",
lacinda,dlg,EntryList/108/Text,0,-1,"His eyes, or the eyes of his followers must have always been on me... must be on me still I guess. I can only hope this quest will finally prove my loyalty to Cormyr.",
lacinda,dlg,EntryList/109/Text,0,-1,"Do you think that is fair, <FirstName>?",
lacinda,dlg,EntryList/11/Text,0,-1,"Your party looks big enough already, but come back if you have need of me in the future.",
lacinda,dlg,EntryList/110/Text,0,-1,"I value your views <FirstName>, even when they are not the same as mine. I admire you, it is true. I could say that my loyalty to you is stronger even than my loyalty to Cormyr.",
lacinda,dlg,EntryList/111/Text,0,-1,It goes beyond even the chance of redemption that you have given me. I will follow you wherever you lead.,
lacinda,dlg,EntryList/112/Text,0,-1,I... I don't know. Would you ask it?,
lacinda,dlg,EntryList/113/Text,0,-1,"I am glad then <FirstName>, for I would hate to have to choose between you and Cormyr. I might be forced... I don't know. Forget it.",
lacinda,dlg,EntryList/114/Text,0,-1,"Then I hope that day will never come, for I think I would choose you before Cormyr.",
lacinda,dlg,EntryList/115/Text,0,-1,I... I think I have talked enough for now on this subject.,
lacinda,dlg,EntryList/116/Text,0,-1,"It is true, <FirstName>... but you have heard enough of my story.",
lacinda,dlg,EntryList/117/Text,0,-1,"I will share a little more detail with you now, <FirstName>. All you have heard is the family history that everyone knows and judges me by. Many even say I was lucky to escape with so light a punishment. All we lost was our family seat in Suzail, and I hated that place anyway.",
lacinda,dlg,EntryList/118/Text,0,-1,"But the truth is, the day the King spared us from exile was not the day my troubles ended. I am grateful to him for his mercy, but the fall was still a hard one.",
lacinda,dlg,EntryList/119/Text,0,-1,OK. I may have more to say later.,
lacinda,dlg,EntryList/12/Text,0,-1,Hello to you.,
lacinda,dlg,EntryList/120/Text,0,-1,"Since my family's fall, I have not been able to pursue any career that looks like a threat to the King. All the doors once open, are now closed. Positions of any power are gone, but the one that hurt me the most was the pursuit of physical prowess. You may not think to look at me now, but I was a promising warrior before our fall.",
lacinda,dlg,EntryList/121/Text,0,-1,"Knighthood was my goal, the same as you have now achieved. I dreamt of glory in the jousts, my name known across the lands for my skill and my chivalry. When the fall came, it was rare to find a tourney I could enter, and when I did, I was pelted with offal, even stones, so that my horse would become skittish and I would be forced to withdraw.",
lacinda,dlg,EntryList/122/Text,0,-1,"Treachery caused that, <FirstName>, not mine, but others'. I hate traitors to Cormyr with a passion.",
lacinda,dlg,EntryList/123/Text,0,-1,"Perhaps, <FirstName>, perhaps. In weak moments I wish the King had left us more. But in his place I would not have been kinder.",
lacinda,dlg,EntryList/124/Text,0,-1,"They have been years of hardship since, but now there is hope in my heart. Let's not talk anymore of my past.",
lacinda,dlg,EntryList/125/Text,0,-1,"I don't know, <FirstName>. My head says the King's justice on all the Cormaeril's was necessary. Our family had been treacherous once too often.",
lacinda,dlg,EntryList/126/Text,0,-1,"My heart just feels the pain of what I have lost because of that treachery. I hate those involved in it with a passion. Some think my loyalty to Cormyr is questionable. If anything it is stronger, because what I lost was caused by traitors.",
lacinda,dlg,EntryList/127/Text,0,-1,"It is still early in our friendship for me to talk freely, <FirstName>. My story is an unhappy one for me, and often misunderstood by others. I would prefer it if we knew each other better before I share detail.",
lacinda,dlg,EntryList/128/Text,0,-1,That might be best. I may have more to say later.,
lacinda,dlg,EntryList/129/Text,0,-1,"I'll tell you what is already common knowledge <FirstName>, before you hear it from another... ",
lacinda,dlg,EntryList/13/Text,0,-1,"I am busy right now, maybe we can talk later, unless you intend to enter the joust?",
lacinda,dlg,EntryList/130/Text,0,-1,"My family are traitors to Cormyr, <FirstName>. Not my immediate family, but the Cormaerils in general. Once too often we have opposed the crown. Our latest attempt was not long ago; an elaborate poisoning attempt on King Azoun IV before the war.",
lacinda,dlg,EntryList/131/Text,0,-1,"I was not involved in the plot. I am from a distant and unimportant branch in the Cormaerils. That didn't save us completely from the King's justice, though we escaped exile. Our punishment was to lose our ancestral lands, though the King left us with something.",
lacinda,dlg,EntryList/132/Text,0,-1,So that is my story as everyone knows it. Judge as you like.,
lacinda,dlg,EntryList/133/Text,0,-1,"I'm glad to hear that. Perhaps there is more I will be willing to share, but not just now. ",
lacinda,dlg,EntryList/134/Text,0,-1,Was there anything else you wanted?,
lacinda,dlg,EntryList/135/Text,0,-1,"That is a shame <FirstName>. I am enjoying doing something meaningful for once, something more... knightly, as I have craved for much of my life. Let me stay.",
lacinda,dlg,EntryList/136/Text,0,-1,I am glad. You won't regret your choice... ,
lacinda,dlg,EntryList/137/Text,0,-1,As you wish. I shall pass by The Sign of Thunder from time to time. I would be pleased if you change your mind. Seek me out there if you do.,
lacinda,dlg,EntryList/138/Text,0,-1,"I see. It looks like I was a fool to believe in you. You are just another brainless dolt, falling for rumor and hearsay. I don't need you to help you!",
lacinda,dlg,EntryList/139/Text,0,-1,<FirstName>?,
lacinda,dlg,EntryList/14/Text,0,-1,"Well if you are, I would like someone to ride for me. If you can persuade me you are worthy, then I would lend you my horse for the jousting.",
lacinda,dlg,EntryList/140/Text,0,-1,"I had something to say, but it's not important now.",
lacinda,dlg,EntryList/141/Text,0,-1,Take a look at that! There... through the mist. Can you see that huge cave?,
lacinda,dlg,EntryList/142/Text,0,-1,There's a portcullis at the top too. That solves the mystery of where the pirate ships get hidden I guess. Air must get trapped inside when the castle floods.,
lacinda,dlg,EntryList/143/Text,0,-1,It's musty in here... ,
lacinda,dlg,EntryList/144/Text,0,-1,This is a resting place for the dead. I am not sure how I feel about raiding it.,
lacinda,dlg,EntryList/145/Text,0,-1,"Don't be such a bore, Godfroy. Anything that's still here is not going to be missed by the owner, is it?",
lacinda,dlg,EntryList/146/Text,0,-1,I don't think that's really the point Lady Kathryn. How would you feel if someone raided your grave?,
lacinda,dlg,EntryList/147/Text,0,-1,"I wouldn't care. I'd be dead, wouldn't I?",
lacinda,dlg,EntryList/148/Text,0,-1,Let's take a look around. Anything that's still in this tomb is clearly not needed by the owner now!,
lacinda,dlg,EntryList/149/Text,0,-1,"This area was a burial place for the elves in the days when Cormanthyr was an elven kingdom. I guess this must date from that time, in which case it must be ancient.",
lacinda,dlg,EntryList/15/Text,0,-1,As you like.,
lacinda,dlg,EntryList/150/Text,0,-1,"It looks largely undisturbed. Whoever dug their way in here took very little, or else time has hidden their tracks.",
lacinda,dlg,EntryList/151/Text,0,-1,"Our cause is for Cormyr. Cormanthyr is long gone, but the elves would not want the realm overrun by evil. If there's something useful here, I believe we can take it.",
lacinda,dlg,EntryList/152/Text,0,-1,Then we're in agreement. Let's get looting!,
lacinda,dlg,EntryList/153/Text,0,-1,"Lady Kathryn, I'm surprised by you!",
lacinda,dlg,EntryList/154/Text,0,-1,"Well, Edgar, I am full of surprises. This old coin for example, I think came from your pocket... ",
lacinda,dlg,EntryList/155/Text,0,-1,Why... I... you really are full of surprises. I am not sure how your father would feel about some of them... ,
lacinda,dlg,EntryList/156/Text,0,-1,"Well, come on then. Enough talk. Are we going to raid it?",
lacinda,dlg,EntryList/157/Text,0,-1,"The elves guarded their tombs often with magic. Isn't that how the ghazneths, that brought so much destruction to Cormyr, were released in the first place?",
lacinda,dlg,EntryList/158/Text,0,-1,We should be cautious.,
lacinda,dlg,EntryList/159/Text,0,-1,Who cares about what you think anyway? No one trusts what a Cormaeril has to say.,
lacinda,dlg,EntryList/16/Text,0,-1,In what way?,
lacinda,dlg,EntryList/160/Text,0,-1,"Child, leave the decisions to your betters. <FirstName>, you make the choice.",
lacinda,dlg,EntryList/161/Text,0,-1,"That is true. <CUSTOM1020>, we'll follow your lead on this.",
lacinda,dlg,EntryList/162/Text,0,-1,"This is an ancient tomb. I am guessing elven, not anything to do with what we have encountered so far.",
lacinda,dlg,EntryList/163/Text,0,-1,Well this is a cold and unpleasant place.,
lacinda,dlg,EntryList/164/Text,0,-1,"This place could do with the touch of the Morninglord! A little cheer, some light... perhaps we should seek a bard for our adventures!",
lacinda,dlg,EntryList/165/Text,0,-1,In many ways it reminds me of my ancestral home in Suzail. That was a cold and loveless place... all hard stone and leaks in the roof. We never had enough money to fix it.,
lacinda,dlg,EntryList/166/Text,0,-1,"Now of course, I don't have such worries. King Azoun took that house along with any money we had left.",
lacinda,dlg,EntryList/167/Text,0,-1,"I am sure that it will all work out for the best though Lacinda. With your help now, it will soon be recognised you're no traitor.",
lacinda,dlg,EntryList/168/Text,0,-1,"You have a lot to learn about human nature, Godfroy. I expect what we do here to make no difference to anyone's opinion except mine, and that's the one that counts.",
lacinda,dlg,EntryList/169/Text,0,-1,Well I am certain that people will soon realise they misjudged you.,
lacinda,dlg,EntryList/17/Text,0,-1,"I am seeking someone to ride on my behalf. It has fallen out of fashion these days, but it used to be common for ladies, or even for lords, to pick a champion to ride for them in the joust. It is only a sign of prestige or honor. It will cost you nothing.",
lacinda,dlg,EntryList/170/Text,0,-1,And rightly so! The Cormearils have been treacherous once too often!,
lacinda,dlg,EntryList/171/Text,0,-1,"The King did you an injustice I would say. Law and order are important, especially in times like these, but you are only distantly related to the traitors in the Abraxus Affair. It must hurt to have been branded with their treachery.",
lacinda,dlg,EntryList/172/Text,0,-1,Ha! Maybe the King did us a favor taking that house! I hated it ...  but the label that goes with it? That I never earned.,
lacinda,dlg,EntryList/173/Text,0,-1,Well they say that some traits are hereditary. Let's just hope that treachery isn't one of them.,
lacinda,dlg,EntryList/174/Text,0,-1,"Well child, wisdom clearly hasn't passed from your father to you, so perhaps I haven't inherited treachery!",
lacinda,dlg,EntryList/175/Text,0,-1,"Well, kings are not infallible it's true, though King Azoun IV was amongst the best.",
lacinda,dlg,EntryList/176/Text,0,-1,It's hard to imagine it was built by Cormyrians when you see it now filled with such evil.,
lacinda,dlg,EntryList/177/Text,0,-1,King Galaghard must have built this place to keep evil at bay. All he achieved was to make them a new stronghold.,
lacinda,dlg,EntryList/178/Text,0,-1,Then cleaning it out is best thing we can do!,
lacinda,dlg,EntryList/179/Text,0,-1,Was Galaghard evil then?,
lacinda,dlg,EntryList/18/Text,0,-1,"Not so fast. I can tell you are down on your luck. Would you bring me honor riding in the joust, or would you go out in the first round?",
lacinda,dlg,EntryList/180/Text,0,-1,I don't think he did it deliberately.,
lacinda,dlg,EntryList/181/Text,0,-1,"Well of course not! I know little of Galaghard, but we have him to be thankful for defeating the Witch Lords.",
lacinda,dlg,EntryList/182/Text,0,-1,Him and the elves.,
lacinda,dlg,EntryList/183/Text,0,-1,This is Hawklin's castle in front of us.,
lacinda,dlg,EntryList/184/Text,0,-1,Sir Hawklin is one of the few nobles who has always treated me with respect. I think you will find him a fair man.,
lacinda,dlg,EntryList/185/Text,0,-1,"At last I feel like there is a chance for revenge for Lena's murder, and for that of our father, <FirstName>.",
lacinda,dlg,EntryList/186/Text,0,-1,"But before we go and talk to Sir Hawklin, let's first deal with our father's request to bury him in the cemetery.",
lacinda,dlg,EntryList/187/Text,0,-1,Sir Gilbert Hawklin has a fine reputation. Let's hope he lives up to it.,
lacinda,dlg,EntryList/188/Text,0,-1,"General dialogue in underground caves, WC. XXX",
lacinda,dlg,EntryList/189/Text,0,-1,"Something lives in here, and it smells very bad.",
lacinda,dlg,EntryList/19/Text,0,-1,"Well expectations are not enough for me. I shall seek another knight. It might be you are capable of riding on my behalf in the future, but I think I'll wait and see you ride in a joust first.",
lacinda,dlg,EntryList/190/Text,0,-1,Nothing good could smell that bad. I think we should be ready for danger.,
lacinda,dlg,EntryList/191/Text,0,-1,Sensible words.,
lacinda,dlg,EntryList/192/Text,0,-1,"I have a tendency to agree with you on this one Godfroy. The memory it stirs is not a good one, though I can't think why.",
lacinda,dlg,EntryList/193/Text,0,-1,"Well let's take a look around, then get out quick before I faint.",
lacinda,dlg,EntryList/194/Text,0,-1,Agreed.,
lacinda,dlg,EntryList/195/Text,0,-1,This smell is familiar. Where have I smelt it? ,
lacinda,dlg,EntryList/196/Text,0,-1,"I can't place it, but it smells like mold.",
lacinda,dlg,EntryList/197/Text,0,-1,Well mold can't harm us.,
lacinda,dlg,EntryList/198/Text,0,-1,"That rules out pirates or smugglers, but what could it be?",
lacinda,dlg,EntryList/199/Text,0,-1,I can smell salt on the breeze. We must be approaching the lake.,
lacinda,dlg,EntryList/2/Text,0,-1,"I have asked around about you, and it seems you have a quest and a determination... I would like to be part of it; to help in something of value after all these years. Will you take me with you?",
lacinda,dlg,EntryList/20/Text,0,-1,"I can see you are not a worthy knight for me. Good day to you, <mister/missus>.",
lacinda,dlg,EntryList/200/Text,0,-1,"The water is brackish in the lake, almost like seawater. That's why farms are not common on the lake shore.",
lacinda,dlg,EntryList/201/Text,0,-1,I even read there are sharks in the lake!,
lacinda,dlg,EntryList/202/Text,0,-1,"I have read the same thing, but unless we are intending to swim, I think we are likely safe from them on this quest.",
lacinda,dlg,EntryList/203/Text,0,-1,"When we decided we had to move from the King's Forest, my mother thought we should become fishermen on the lake. Father and I thought it would be better to go with your family, <FirstName>, and continue farming.",
lacinda,dlg,EntryList/204/Text,0,-1,"It's what we knew best after all, so it didn't seem such a bad decision. Sometimes, I can't help regretting it.",
lacinda,dlg,EntryList/205/Text,0,-1,"Don't regret it, Godfroy. You had no idea what would happen. I for one am proud of the efforts you are making now to stop such things happening again. I am certain that Torm is guiding your hand in this.",
lacinda,dlg,EntryList/206/Text,0,-1,"Well, revenge will make you feel better, I'm sure.",
lacinda,dlg,EntryList/207/Text,0,-1,"Well, revenge will make you feel better, I'm sure.",
lacinda,dlg,EntryList/208/Text,0,-1,"No, it is not revenge I want, but to stop such a dreadful thing happening to others.",
lacinda,dlg,EntryList/209/Text,0,-1,"I once sailed on the lake with my cousin Ayesunder. It is not really such a big stretch of water, and it was always an embarassment to him that he could never find the pirates on the lake.",
lacinda,dlg,EntryList/21/Text,0,-1,"You always say I'm the one with the temper <FirstName>, but I think we'd do better not to make enemies so early on.",
lacinda,dlg,EntryList/210/Text,0,-1,I read somewhere there are sharks in the lake. I'm not sure I'd want to sail on it.,
lacinda,dlg,EntryList/211/Text,0,-1,"Where magic is concerned, you can never be sure of anything. Your cousin must have endured a lot of comments. Well I know how that can feel... ",
lacinda,dlg,EntryList/212/Text,0,-1,"For a Cormaeril, it must be far harder, though yes, he has suffered a lot of criticism. People are always too quick to search for traitors these days, and blame treachery for a lack of results.",
lacinda,dlg,EntryList/213/Text,0,-1,"Well I know that! But I suppose it is only to be expected. My extended family opposed the Royal Family once too often. I must pay for that. I only hope you do not become a victim of such mutterings, Edgar Truesilver.",
lacinda,dlg,EntryList/214/Text,0,-1,"And I hope you do not suffer much longer for the failings of your family, Lacinda.",
lacinda,dlg,EntryList/215/Text,0,-1,I hope that too... ,
lacinda,dlg,EntryList/216/Text,0,-1,What an odd place.,
lacinda,dlg,EntryList/217/Text,0,-1,And... oh... by Tyr... what a stench!,
lacinda,dlg,EntryList/218/Text,0,-1,"And... oh... Lord of Battles, what is that awful smell?",
lacinda,dlg,EntryList/219/Text,0,-1,And... oh... Sweet Lathander... what a stench!,
lacinda,dlg,EntryList/22/Text,0,-1,"If we are to be squires, I think we will have to behave better to the ladies, <FirstName>.",
lacinda,dlg,EntryList/220/Text,0,-1,"Torm preserve us, but that is a very nasty smell!",
lacinda,dlg,EntryList/221/Text,0,-1,I think it's coming from those toadstools there.,
lacinda,dlg,EntryList/222/Text,0,-1,"Careful on the bridge, it's slippery.",
lacinda,dlg,EntryList/223/Text,0,-1,This bridge looks fairly recent. Some of the castle must have got filled with debris over the years and Wyvernvapor's trying to dig it out.,
lacinda,dlg,EntryList/224/Text,0,-1,Oh! I really hate bats!,
lacinda,dlg,EntryList/225/Text,0,-1,Somehow that doesn't surprise me.,
lacinda,dlg,EntryList/226/Text,0,-1,"Bats are harmless, Kathryn. You shouldn't believe all that superstition about them.",
lacinda,dlg,EntryList/227/Text,0,-1,"Anyway, don't fear, <FirstName> and I are with you.",
lacinda,dlg,EntryList/228/Text,0,-1,I appreciate that Godfory.,
lacinda,dlg,EntryList/229/Text,0,-1,This is a strange place to leave a pair of mirrors.,
lacinda,dlg,EntryList/23/Text,0,-1,I'll gain even less if my champion winds up on <his/her> back in the first pass!,
lacinda,dlg,EntryList/230/Text,0,-1,"These are clearly magic mirrors of some sort. I have heard of mirrors that don't reflect light, but reflect instead only magic.",
lacinda,dlg,EntryList/231/Text,0,-1,"Well the mirrors are large; small enough to carry, but not for any extended time. I am guessing these mirrors are used for something here in the castle.",
lacinda,dlg,EntryList/232/Text,0,-1,The Keeper mentioned something about mirrors and beams involved in a puzzle. We should probably take these.,
lacinda,dlg,EntryList/233/Text,0,-1,They're not much use. I can't even fix my hair with these!,
lacinda,dlg,EntryList/234/Text,0,-1,"I think they must be important, otherwise they would not just be left standing here.",
lacinda,dlg,EntryList/235/Text,0,-1,"Well they look useless to me, but if you want to take them <FirstName>, go ahead.",
lacinda,dlg,EntryList/236/Text,0,-1,"These are not ordinary mirrors. Look, their surface is shiny but they don't reflect anything.",
lacinda,dlg,EntryList/237/Text,0,-1,Let's take them. They must have a use.,
lacinda,dlg,EntryList/238/Text,0,-1,Perhaps they are some leftover from older times?,
lacinda,dlg,EntryList/239/Text,0,-1,I guess that must be the Mythallar.,
lacinda,dlg,EntryList/24/Text,0,-1,"<StartAction>[Success]</Start> Well, yes, I suppose that is true... then ride for me!",
lacinda,dlg,EntryList/240/Text,0,-1,"We do not have the knowledge or the tools necessary to break a Mythallar. We must find out how it powers the castle, and break whatever channels its power.",
lacinda,dlg,EntryList/241/Text,0,-1,"This is not something that my sword or my faith can conquer. I hope you understand these things better than I, <FirstName>.",
lacinda,dlg,EntryList/242/Text,0,-1,I suppose the answers must lie here somewhere within the castle.,
lacinda,dlg,EntryList/243/Text,0,-1,"The question is, how do we shut off the Mythallar's power? Clearly we can't just climb up and stop it. There must be another way.",
lacinda,dlg,EntryList/244/Text,0,-1,It's very pretty isn't it? Seems a shame to try and stop it working.,
lacinda,dlg,EntryList/245/Text,0,-1,Oh child! Why can't you concentrate on the task in hand? It is for your father's good that we deal with this thing. Let us concentrate.,
lacinda,dlg,EntryList/246/Text,0,-1,"Well I expect there's some reason you came too, Lacinda. No doubt some dark, secret reason that only a Cormaeril would understand.",
lacinda,dlg,EntryList/247/Text,0,-1,"Child, I came for <FirstName>, and <he/she> knows it. I'm sure it makes you feel good to throw the past treacheries of my family at my feet, but your family is no more noble than mine, even if it enjoys higher favor.",
lacinda,dlg,EntryList/248/Text,0,-1,"I just said it was pretty, that's all.",
lacinda,dlg,EntryList/249/Text,0,-1,You are right. I will concentrate on the task in hand.,
lacinda,dlg,EntryList/25/Text,0,-1,"Here, take this as a token of my favor. You can wear it on your glove. And here, this fine horse in the scale barding is mine. You will find him temperamental, but an excellent warhorse.",
lacinda,dlg,EntryList/250/Text,0,-1,Look at the state of this place! The water must come in here all the time!,
lacinda,dlg,EntryList/251/Text,0,-1,"I thought this place would be more... well magical, and less horrible. Why would a dragon want to live here?",
lacinda,dlg,EntryList/252/Text,0,-1,"I don't think I will even attempt to guess, Lady Kathryn. Dragons are not something I know that much about.",
lacinda,dlg,EntryList/253/Text,0,-1,"It does seem a pretty nasty place to live, doesn't it?",
lacinda,dlg,EntryList/254/Text,0,-1,"Because dragons live in the real world, child, not in fairy tales, and generally they are not the gentle, playful creatures you've read about in all of your books!",
lacinda,dlg,EntryList/255/Text,0,-1,"If anyone is going to live in here, there must be a system of watertight doors, otherwise they'd all drown.",
lacinda,dlg,EntryList/256/Text,0,-1,Although that wouldn't apply to Wyvernvapor; Mist Dragons are at home in water according to the scripts I have read about them.,
lacinda,dlg,EntryList/257/Text,0,-1,"Hopefully, we won't run into him though.",
lacinda,dlg,EntryList/258/Text,0,-1,"If anyone is going to live in here, there must be a system of watertight doors, otherwise they'd all drown.",
lacinda,dlg,EntryList/259/Text,0,-1,"If anyone is going to live in here, there must be a system of watertight doors, otherwise they'd all drown.",
lacinda,dlg,EntryList/26/Text,0,-1,Good luck in the joust <FullName>. I shall be watching your progress with interest!,
lacinda,dlg,EntryList/260/Text,0,-1,"This chamber stinks and it's big enough to house the dragon, so I think it must be Wyvernvapor's lair. It looks like we're in luck though. The dragon is away. We should use our time wisely.",
lacinda,dlg,EntryList/261/Text,0,-1,"This castle is very odd. It may seem deserted, but I thought I saw something move up on the roof.",
lacinda,dlg,EntryList/262/Text,0,-1,"If you look up at the top of the keep, you can see a watermark. I think the top of the castle never gets totally submerged. It's possible something might live up there.",
lacinda,dlg,EntryList/263/Text,0,-1,We should be on our guard.,
lacinda,dlg,EntryList/264/Text,0,-1,"We must be on our guard. If something is on the roof, it's a good vantage point from which to attack. Maybe we should look for somewhere safer to tie a horse than that hitching post.",
lacinda,dlg,EntryList/265/Text,0,-1,"If you look up at the top of the keep, you can see a watermark. I think the top of the castle never gets totally submerged. It's possible something might live up there.",
lacinda,dlg,EntryList/266/Text,0,-1,"We must be on our guard. If something is on the roof, it's a good vantage point from which to attack. ",
lacinda,dlg,EntryList/267/Text,0,-1,"We must be on our guard. If something is on the roof, it's a good vantage point from which to attack. Maybe we should look for somewhere safer to tie a horse than that hitching post.",
lacinda,dlg,EntryList/268/Text,0,-1,I'm not sure. It's very difficult to see in this mist.,
lacinda,dlg,EntryList/269/Text,0,-1,"Look over there, on the other side of the chasm! There's a cave with some steps.",
lacinda,dlg,EntryList/27/Text,0,-1,"Possibly that's true, but that doesn't make you a good rider.",
lacinda,dlg,EntryList/270/Text,0,-1,Though I don't see a way across this chasm.,
lacinda,dlg,EntryList/271/Text,0,-1,We could possibly jump a horse across. There's room for a run-up.,
lacinda,dlg,EntryList/272/Text,0,-1,I think we should stick to our mission though. After all the castle won't be in there.,
lacinda,dlg,EntryList/273/Text,0,-1,I agree. We have a task that we should stick to.,
lacinda,dlg,EntryList/274/Text,0,-1,"The Mythallar might be though, or a secret way in.",
lacinda,dlg,EntryList/275/Text,0,-1,"Well, I suppose that is possible.",
lacinda,dlg,EntryList/276/Text,0,-1,Maybe we could use a rope to get across? I have one in my pack.,
lacinda,dlg,EntryList/277/Text,0,-1,It's not a bad idea if we want to get across.,
lacinda,dlg,EntryList/278/Text,0,-1,"If we want to get across, that might be a way.",
lacinda,dlg,EntryList/279/Text,0,-1,But would that be safe?,
lacinda,dlg,EntryList/28/Text,0,-1,"<StartAction>[Success]</Start> Yes, you look it. Very well then... ",
lacinda,dlg,EntryList/280/Text,0,-1,Perhaps it's a smuggler's den?,
lacinda,dlg,EntryList/281/Text,0,-1,"For once child, you might be right.",
lacinda,dlg,EntryList/282/Text,0,-1,Well we've found the castle... ,
lacinda,dlg,EntryList/283/Text,0,-1,"Now we must find the Mythallar. I'm not certain finding a way to shut this thing down will be easy. The Netherese didn't make control of Mythallars so easily available, at least from everything I have read.",
lacinda,dlg,EntryList/284/Text,0,-1,I just wish I remembered more... ,
lacinda,dlg,EntryList/285/Text,0,-1,"I'm sure your knowledge will be valuable to us, Lacinda.",
lacinda,dlg,EntryList/286/Text,0,-1,"Your faith in me is quite flattering, Edgar. Unfortunately it is probably misplaced.",
lacinda,dlg,EntryList/287/Text,0,-1,I'm sure that the end of our troubles is not far away.,
lacinda,dlg,EntryList/288/Text,0,-1,Now to find the dragon. Can you believe it? We're actually looking for a dragon! It's like those tales about dragons in the history books... ,
lacinda,dlg,EntryList/289/Text,0,-1,"""Then Kathryn and <FirstName> approached the great castle... """,
lacinda,dlg,EntryList/29/Text,0,-1,"Well, you don't look like the sort who's been in many jousts... ",
lacinda,dlg,EntryList/290/Text,0,-1,It is a nice picture Kathryn. I'll look forward to hearing the full version when you are done with it.,
lacinda,dlg,EntryList/291/Text,0,-1,"Your father enjoys his tales, though I haven't heard him tell one since the war.",
lacinda,dlg,EntryList/292/Text,0,-1,"No, a lot left our lives when my brothers were killed and Father lost his arm. It's rare for him to even smile these days.",
lacinda,dlg,EntryList/293/Text,0,-1,"Some of the troubles of the realm rest on his shoulders. Let us continue on now and see what we can do to lift them. Remember though, it is the Mythallar we seek, not the dragon.",
lacinda,dlg,EntryList/294/Text,0,-1,"Child, your imagination is running away again. Try to remember that dragons are dangerous and spiteful lizards, not tales from your childhood. In any event we are looking for the Mythallar, not the dragon.",
lacinda,dlg,EntryList/295/Text,0,-1,Well actually I have head that Wyvernvapor is not a dangerous dragon.,
lacinda,dlg,EntryList/296/Text,0,-1,Well I'm sure we'll find out soon enough.,
lacinda,dlg,EntryList/297/Text,0,-1,This place is a charnel house!,
lacinda,dlg,EntryList/298/Text,0,-1,Can I hear fighting? I think there's a battle going on inside!,
lacinda,dlg,EntryList/299/Text,0,-1,There must be more of them about. I can't wait to kill a few. Lena's death needs to be paid for!,
lacinda,dlg,EntryList/3/Text,0,-1,"For a Cormaeril to take up arms is frowned upon, even in these difficult times, so I have spent my time pursuing other skills. In hard times I have had to rely on subtlety, even theft I'm ashamed to admit.",
lacinda,dlg,EntryList/30/Text,0,-1,<StartAction>[Success]</Start> Really? Well in that case I'm glad I approached you.,
lacinda,dlg,EntryList/300/Text,0,-1,They must be inside the barrow.,
lacinda,dlg,EntryList/301/Text,0,-1,"It's very strange. Edgar Truesilver has a fine reputation as a commander. He would have posted sentries outside the barrow, so the enemy must have come up behind him.",
lacinda,dlg,EntryList/302/Text,0,-1,We should be nearly at the place Sir Hawklin told us about.,
lacinda,dlg,EntryList/303/Text,0,-1,"I'm sure there's nothing for us to worry about. If Sir Hawklin trusts the Forest Folk, then I'm sure we can.",
lacinda,dlg,EntryList/304/Text,0,-1,I hope you're right.,
lacinda,dlg,EntryList/305/Text,0,-1,"Yeah, well Godfroy, on this I prefer to be cautious rather than walk into a trap.",
lacinda,dlg,EntryList/306/Text,0,-1,"I think we should be on our guard. There's lots said about the Forest Folk, and it's not all nice.",
lacinda,dlg,EntryList/307/Text,0,-1,Though gossip is not something you should always believe. I should know that.,
lacinda,dlg,EntryList/308/Text,0,-1,"Let's just hope there isn't a trap ahead, laid by this Manthis person.",
lacinda,dlg,EntryList/309/Text,0,-1,The Six Coffers Trading Coster is the main merchant's Coster in Thunderstone.,
lacinda,dlg,EntryList/31/Text,0,-1,Well... my name is Lacinda Cormaeril... ,
lacinda,dlg,EntryList/310/Text,0,-1,"I have heard many people moan about the prices in the Six Coffers Trading Coster, but you can't beat it for variety. Magurk's might serve us better for everyday equipping, but if we need something special, we may have more luck here.",
lacinda,dlg,EntryList/311/Text,0,76057,Are we ready to journey together once more?,자노스에게 다시 합류하자고 요청하러 온 거지?
lacinda,dlg,EntryList/312/Text,0,78095,"Fine, if that is what you wish I shall remain here in the hope that you change your mind.",젠장! 그럼 네가 정신 차릴 때까지 여기 있겠어.
lacinda,dlg,EntryList/313/Text,0,78289,<StartHighlight>Lacinda is currently unconscious and will likely die if he is not given aid very soon.</Start>,"<StartHighlight>자노스는 현재 의식이 없고, 도움을 받지 못하면 곧 죽을 것입니다.</Start>"
lacinda,dlg,EntryList/314/Text,0,76052,"Sometimes sorcery and magic can take us close to the realm of death, but that was the real thing, I am sure of it. This must be your doing, <FirstName>. My thanks.",흥. 네가 제대로 했다면 자노스가 이런 불쾌함을 겪지 않아도 됐을 텐데.
lacinda,dlg,EntryList/315/Text,0,78287,Very well. I will come with you once again.,알았어. 갈게.
lacinda,dlg,EntryList/316/Text,0,78288,I shall stay then. Journey well.,여기 남아 있겠어. 가고 싶으면 가.
lacinda,dlg,EntryList/317/Text,0,-1,Good <QuarterDay> <FullName>.,
lacinda,dlg,EntryList/318/Text,0,-1,I do not wish to speak to you. Go away.,
lacinda,dlg,EntryList/319/Text,0,-1,"So, <FullName>, I am impressed! Truly you did ride well as my champion.",
lacinda,dlg,EntryList/32/Text,0,-1,I see that name does not register with you.,
lacinda,dlg,EntryList/320/Text,0,-1,I am very grateful to you for the honor you brought me.,
lacinda,dlg,EntryList/321/Text,0,-1,I am very grateful to you for the honor you brought me.,
lacinda,dlg,EntryList/322/Text,0,-1,I shall be in the Sign of Thunder. Pass by sometime. I think you and I might be able to work together.,
lacinda,dlg,EntryList/323/Text,0,-1,"Thank you. You may keep the horse, you have earned it.",
lacinda,dlg,EntryList/324/Text,0,-1,To win the whole tourney was beyond my wildest dreams! You have done me an incredible honor!,
lacinda,dlg,EntryList/325/Text,0,-1,"Such very fine riding deserves a reward. Here, take this family ring as a token of my sincere thanks.",
lacinda,dlg,EntryList/33/Text,0,-1," It can be an infamous name in Cormyr. It is true that most Cormaerils were banished from Cormyr after the assassination attempt on King Azoun IV, but my line are just distant cousins of the traitors.",
lacinda,dlg,EntryList/34/Text,0,-1,"The King spared us. We were stripped of most of our wealth and titles, but allowed to remain within Cormyr. Many people remain highly suspicious of us even though we had nothing to do with the plot on the King's life.",
lacinda,dlg,EntryList/35/Text,0,-1, I won't be branded a traitor like my cousins.,
lacinda,dlg,EntryList/36/Text,0,-1,It must have been very difficult to be punished for something you didn't do?,
lacinda,dlg,EntryList/37/Text,0,-1,"That is correct, but I remain loyal to the Regent nontheless.",
lacinda,dlg,EntryList/38/Text,0,-1,"The Cormaerils have been disgraced. After they plotted to kill the King... King Azoun IV that is, not the boy... they were banished from Cormyr!",
lacinda,dlg,EntryList/39/Text,0,-1,A Cormaeril! No wonder you need someone to ride for you!,
lacinda,dlg,EntryList/4/Text,0,-1,"But my main skills are in arcane magic. Although I am not a War Wizard, I am a registered sorceror in Cormyr, with a growing reputation. Perhaps you can make use of such skills?",
lacinda,dlg,EntryList/40/Text,0,-1,"It is not... politically sensible for me to ride around in jousting tournaments. Even if I wished to, those days are gone from me. I have instead pursued the Arcane Arts and I am a registered sorceror, though not a War Wizard of Cormyr.",
lacinda,dlg,EntryList/41/Text,0,-1,"Oh, I see. Well if you don't know anything about jousting, I'm sure you're no use to me. I shall have to find someone else... ",
lacinda,dlg,EntryList/42/Text,0,-1,"I am busy now, but I have heard about your jousting exploits. Another time, I would like to speak to you...",
lacinda,dlg,EntryList/43/Text,0,-1,"We should work together, you and I. You made me proud as my champion, I would like to return that favor, and help you.",
lacinda,dlg,EntryList/44/Text,0,-1,We have talked enough for the moment and I am busy. Another time would be better.,
lacinda,dlg,EntryList/45/Text,0,-1,"I shall be watching you in the joust with interest, <FullName>. I hope you do me proud.",
lacinda,dlg,EntryList/46/Text,0,-1,You rode well in the jousting. I know that you have a quest of your own at the moment for Sir Hawklin. I wonder... would you consider taking my help? I have useful skills and would like to join you in your quest.,
lacinda,dlg,EntryList/47/Text,0,-1,"Yes, what is it?",
lacinda,dlg,EntryList/48/Text,0,-1,"That is a shame <FirstName>. I am enjoying doing something meaningful for once, something more... knightly, as I have craved for much of my life. Let me stay.",
lacinda,dlg,EntryList/49/Text,0,-1,As you wish. I shall pass by The Sign of Thunder from time to time if you change your mind. I would be pleased if you change your mind.,
lacinda,dlg,EntryList/5/Text,0,-1,We would have to be better friends before I feel comfortable talking about myself. Too often I have been judged by someone before they have even met me.,
lacinda,dlg,EntryList/50/Text,0,77916,I'll have a go if you like... ,에. 아마도. 자노스가 네 물건 좀 뒤져볼게. 감정할 수 있는 게 발견되면 말해주지. 충분하지?
lacinda,dlg,EntryList/51/Text,0,-1,"I'll do whatever you need, <FirstName>. Just tell me what you want.",
lacinda,dlg,EntryList/52/Text,0,-1,I take it you want me to save my powers for the bigger challenges. Is there anything else?,
lacinda,dlg,EntryList/53/Text,0,-1,What is it?,
lacinda,dlg,EntryList/54/Text,0,-1,As you wish. Is there anything else?,
lacinda,dlg,EntryList/55/Text,0,-1,As you wish. Is there anything else?,
lacinda,dlg,EntryList/56/Text,0,89234,"Of course, but can you be more specific?","""알겠어. 어떤 종류의 강화 주문을 사용하길 원하나?"""
lacinda,dlg,EntryList/57/Text,0,86380,"Is there something else, then?","""그럼 또 다른 일이 있나?"""
lacinda,dlg,EntryList/58/Text,0,89237,And what is my target?,"""그럼 내 목표는 뭐지?"""
lacinda,dlg,EntryList/59/Text,0,86381,So be it!,"""좋아!"""
lacinda,dlg,EntryList/6/Text,0,-1,"Take me with you, and you will soon find my true worth. Judge me by my actions, not from what you've heard about my family, that's all I ask. Will you take me?",
lacinda,dlg,EntryList/60/Text,0,77918,What shall I cast?,주문? 뭘 시전하길 원하는 거야?
lacinda,dlg,EntryList/66/Text,0,77922,Very well.,자노스가 하지...
lacinda,dlg,EntryList/67/Text,0,77904,"I would be glad to hear whatever you  have to recommend, <FirstName>.",자노스는 원하는 대로 실력과 능력을 키울 거다.
lacinda,dlg,EntryList/68/Text,0,77915,This is what I have... ,*한숨* 좋아. 여기 내 장비다.
lacinda,dlg,EntryList/69/Text,0,-1,What do you need?,
lacinda,dlg,EntryList/7/Text,0,-1,"I'm not surprised, and you probably deserve it. Only an idiot trusts a Cormaeril.",
lacinda,dlg,EntryList/70/Text,0,-1,"Alright, if you think you can handle them. Is there anything else?",
lacinda,dlg,EntryList/71/Text,0,-1,"I'll do what I can <FirstName>. Truth is I've had to open a few locks I shouldn't have in the past. I'm not proud of that fact, but this is at least necessary. Is there anything else?",
lacinda,dlg,EntryList/72/Text,0,-1,"Yes, that's a lot better. Is there anything else?",
lacinda,dlg,EntryList/73/Text,0,-1,I can do that. Is there anything else?,
lacinda,dlg,EntryList/74/Text,0,-1,"Fine, though I can't use my spells that way.",
lacinda,dlg,EntryList/75/Text,0,-1,Like the secret door back there? I'm just joking <FirstName>! I'll do what I can. Is there anything else?,
lacinda,dlg,EntryList/76/Text,0,-1,"If you like, but I think I can help. Is there anything else?",
lacinda,dlg,EntryList/77/Text,0,77914,Agreed. Is there anything else?,알았어.
lacinda,dlg,EntryList/78/Text,0,77914,"Very well, then. Is there anything else?",알았어.
lacinda,dlg,EntryList/79/Text,0,-1,Just tell me where you want me.,
lacinda,dlg,EntryList/8/Text,0,-1,"And there is a fine example. Though her father knows better, this child thinks with her ears.",
lacinda,dlg,EntryList/80/Text,0,-1,Good thinking. Is there anything else?,
lacinda,dlg,EntryList/81/Text,0,-1,As you like. Is there anything else?,
lacinda,dlg,EntryList/82/Text,0,-1,Easy enough. Is there anything else?,
lacinda,dlg,EntryList/83/Text,0,-1,"Yes, that's a lot better. Is there anything else?",
lacinda,dlg,EntryList/84/Text,0,-1,"I'm definitely not better in hand-to-hand fighting, but if that's your wish then I'm sure you have your reasons. Is there anything else?",
lacinda,dlg,EntryList/85/Text,0,-1,"Tell me <FirstName>, what do you think I need to do?",
lacinda,dlg,EntryList/86/Text,0,-1,At present I am concentrating on my arcane spellcasting.,
lacinda,dlg,EntryList/87/Text,0,-1,"I am currently trying to remember my thieving days, and build those skills.",
lacinda,dlg,EntryList/88/Text,0,-1,At present I am concentrating on on a little of everything.,
lacinda,dlg,EntryList/89/Text,0,-1,This is definitely my preferred choice. Was there anything else on tactics?,
lacinda,dlg,EntryList/9/Text,0,-1,As you wish. I shall pass by The Sign of Thunder from time to time if you change your mind. I would be pleased if you would let me come with you.,
lacinda,dlg,EntryList/90/Text,0,-1,Yes?,
lacinda,dlg,EntryList/91/Text,0,89922,Is it alright to say I am almost... enjoying myself? I feel like I am finally doing something with meaning.,"""다 완전 끝내줘. 더할 나위 없지. 뭐... 내가 엄청 부자에 글래머한 하플링 아가씨들 하렘에 둘러싸여 있으면 더 좋겠지만... 그건 당장은 안 되겠지, 하하하!"""
lacinda,dlg,EntryList/92/Text,0,-1,"Anyway, was there anything else?",
lacinda,dlg,EntryList/93/Text,0,-1,"I am feeling impatient <FirstName>. I want to get to the bottom of this, and feel like the victory is ours. Otherwise, I am fine.",
lacinda,dlg,EntryList/94/Text,0,89931,"I have a few cuts and bruises, but nothing that dims my spirit. Let's get on with our quest.","""프흣, 난 걱정 마. 그냥 긁힌 상처 몇 개야."""
lacinda,dlg,EntryList/95/Text,0,-1,Unless there was anything else?,
lacinda,dlg,EntryList/96/Text,0,89932,"I've been better, <FirstName>. These wounds won't kill me, but they hurt.","""아까 좀 엉망이 되긴 했지, 헤. 볼 것까지는 없어."""
lacinda,dlg,EntryList/97/Text,0,89933,I am bleeding and badly wounded.,"""그냥... 몇 군데 긁혔을 뿐이야, 별거 아냐."" 그는 얼굴을 찡그리며 빈 팔로 배에서 솟는 심한 피를 틀어막으려 합니다."
lacinda,dlg,EntryList/98/Text,0,-1,I hope you have some healing handy?,
lacinda,dlg,EntryList/99/Text,0,-1,Then I'll have to manage. Was there anything else?,
lacinda,dlg,ReplyList/0/Text,0,-1,Why do you want to come with me?,
lacinda,dlg,ReplyList/10/Text,0,-1,You can join me.,
lacinda,dlg,ReplyList/100/Text,0,-1,Restoration.,
lacinda,dlg,ReplyList/101/Text,0,-1,Shield of faith.,
lacinda,dlg,ReplyList/106/Text,0,-1,Remove diesease.,
lacinda,dlg,ReplyList/115/Text,0,-1,Neutralize poison.,
lacinda,dlg,ReplyList/121/Text,0,-1,Lesser restoration.,
lacinda,dlg,ReplyList/125/Text,0,-1,Greater santuary.,
lacinda,dlg,ReplyList/126/Text,0,-1,Greater restoration.,
lacinda,dlg,ReplyList/127/Text,0,-1,Greater undead.,
lacinda,dlg,ReplyList/130/Text,0,-1,Freedom of movement.,
lacinda,dlg,ReplyList/134/Text,0,-1,Entropic shield.,
lacinda,dlg,ReplyList/136/Text,0,78319,Never mind.,아니야.
lacinda,dlg,ReplyList/14/Text,0,-1,No,
lacinda,dlg,ReplyList/140/Text,0,78364,Eagle's Splendor.,독수리의 위엄
lacinda,dlg,ReplyList/141/Text,0,-1,Divine Favor,
lacinda,dlg,ReplyList/142/Text,0,-1,Death ward.,
lacinda,dlg,ReplyList/143/Text,0,78369,Cure Moderate Wounds,황소의 근력
lacinda,dlg,ReplyList/144/Text,0,78369,Cure Minor Wounds,황소의 근력
lacinda,dlg,ReplyList/145/Text,0,78369,Cure Light Wounds,황소의 근력
lacinda,dlg,ReplyList/15/Text,0,-1,I might be.,
lacinda,dlg,ReplyList/151/Text,0,-1,I've changed my mind. Let's discuss something else.,
lacinda,dlg,ReplyList/152/Text,0,102389,Cast on all the party members.,"""모든 파티원에게 시전해."""
lacinda,dlg,ReplyList/154/Text,0,102397,Cast it on <CUSTOM77102>.,"""<CUSTOM77102>에게 시전해."""
lacinda,dlg,ReplyList/156/Text,0,102398,Cast it on <CUSTOM77101>.,"""<CUSTOM77101>에게 시전해."""
lacinda,dlg,ReplyList/16/Text,0,-1,Yes,
lacinda,dlg,ReplyList/163/Text,0,-1,Bless.,
lacinda,dlg,ReplyList/165/Text,0,-1,Aid.,
lacinda,dlg,ReplyList/166/Text,0,78302,With some training you could improve your skills. Let's take a moment to teach you some useful tricks.<StartHighlight>[Level Lacinda]</Start>.,레벨업을 해줬으면 해.
lacinda,dlg,ReplyList/168/Text,0,-1,Dismount from your horse.,
lacinda,dlg,ReplyList/169/Text,0,-1,Mount up!,
lacinda,dlg,ReplyList/17/Text,0,-1,I'm not interested in riding for you.,
lacinda,dlg,ReplyList/172/Text,0,-1,Let's discuss tactics.,
lacinda,dlg,ReplyList/173/Text,0,-1,"Actually, let's leave it at that for now.",
lacinda,dlg,ReplyList/174/Text,0,-1,Let's discuss something else.,
lacinda,dlg,ReplyList/175/Text,0,-1,Leave the locks on doors and chests and so forth to me. OK?,
lacinda,dlg,ReplyList/176/Text,0,-1,No.,
lacinda,dlg,ReplyList/177/Text,0,-1,Yes.,
lacinda,dlg,ReplyList/178/Text,0,-1,Give me a hand with locks. Some of them are beyond me.,
lacinda,dlg,ReplyList/179/Text,0,-1,No.,
lacinda,dlg,ReplyList/18/Text,0,-1,Goodbye then.,
lacinda,dlg,ReplyList/180/Text,0,-1,Yes.,
lacinda,dlg,ReplyList/181/Text,0,-1,Stop sneaking. I need to know where you are so I don't hit you.,
lacinda,dlg,ReplyList/182/Text,0,-1,No.,
lacinda,dlg,ReplyList/183/Text,0,-1,Yes.,
lacinda,dlg,ReplyList/184/Text,0,102294,"Stay stealthy, but only until the next fight.","""은밀하게 행동해, 하지만 다음 전투까지만."""
lacinda,dlg,ReplyList/185/Text,0,-1,No.,
lacinda,dlg,ReplyList/186/Text,0,-1,Yes.,
lacinda,dlg,ReplyList/187/Text,0,-1,Use creeping tactics when we see enemies.,
lacinda,dlg,ReplyList/188/Text,0,-1,No.,
lacinda,dlg,ReplyList/189/Text,0,-1,Yes.,
lacinda,dlg,ReplyList/19/Text,0,-1,I've changed my mind.,
lacinda,dlg,ReplyList/190/Text,0,-1,Help me look around for things. I think I might be missing stuff.,
lacinda,dlg,ReplyList/191/Text,0,-1,No.,
lacinda,dlg,ReplyList/192/Text,0,-1,Yes.,
lacinda,dlg,ReplyList/193/Text,0,-1,Leave me to do the searching.,
lacinda,dlg,ReplyList/194/Text,0,-1,No.,
lacinda,dlg,ReplyList/195/Text,0,-1,Yes.,
lacinda,dlg,ReplyList/196/Text,0,-1,Attack as soon as you see enemies.,
lacinda,dlg,ReplyList/197/Text,0,-1,No.,
lacinda,dlg,ReplyList/198/Text,0,-1,Yes.,
lacinda,dlg,ReplyList/2/Text,0,-1,What skills do you have that I could use?,
lacinda,dlg,ReplyList/20/Text,0,-1,"Lacinda, I will ride for you.",
lacinda,dlg,ReplyList/200/Text,0,-1,No.,
lacinda,dlg,ReplyList/201/Text,0,-1,Yes.,
lacinda,dlg,ReplyList/202/Text,0,-1,Let's change the distance between us.,
lacinda,dlg,ReplyList/203/Text,0,-1,We're too close together. Keep a good distance from me. We'll be safer that way.,
lacinda,dlg,ReplyList/204/Text,0,-1,No.,
lacinda,dlg,ReplyList/205/Text,0,-1,Yes.,
lacinda,dlg,ReplyList/206/Text,0,-1,"Don't crowd me, but be ready to come to my aid.",
lacinda,dlg,ReplyList/207/Text,0,-1,No.,
lacinda,dlg,ReplyList/208/Text,0,-1,Yes.,
lacinda,dlg,ReplyList/209/Text,0,-1,Get close and stay there.,
lacinda,dlg,ReplyList/21/Text,0,-1,"Lacinda, why do you want someone to ride for you?",
lacinda,dlg,ReplyList/210/Text,0,-1,No.,
lacinda,dlg,ReplyList/211/Text,0,-1,Yes.,
lacinda,dlg,ReplyList/212/Text,0,-1,Move to range.,
lacinda,dlg,ReplyList/213/Text,0,-1,No.,
lacinda,dlg,ReplyList/214/Text,0,-1,Yes.,
lacinda,dlg,ReplyList/215/Text,0,-1,"Well, you're definitely better in hand-to-hand, so get in close to our enemies.",
lacinda,dlg,ReplyList/216/Text,0,-1,No.,
lacinda,dlg,ReplyList/217/Text,0,-1,Yes.,
lacinda,dlg,ReplyList/218/Text,0,-1,I want to discuss your training.,
lacinda,dlg,ReplyList/22/Text,0,-1,I'm not interested. I'll be going.,
lacinda,dlg,ReplyList/220/Text,0,-1,<StartAction>Lacinda will train as she sees fit.</Start>,
lacinda,dlg,ReplyList/221/Text,0,-1,<StartAction>Lacinda will level up as a Rogue only</Start>,
lacinda,dlg,ReplyList/222/Text,0,-1,<StartAction>Lacinda will level up as a Sorcerer only.</Start>,
lacinda,dlg,ReplyList/223/Text,0,-1,Good. I think we are done for the moment.,
lacinda,dlg,ReplyList/224/Text,0,-1,Yes.,
lacinda,dlg,ReplyList/225/Text,0,-1,Let's talk.,
lacinda,dlg,ReplyList/226/Text,0,90208,Is everything OK?,"""어떻게 지내?"""
lacinda,dlg,ReplyList/23/Text,0,-1,Why would you do that?,
lacinda,dlg,ReplyList/231/Text,0,-1,I don't.,
lacinda,dlg,ReplyList/232/Text,0,-1,"No, that's all.",
lacinda,dlg,ReplyList/234/Text,0,-1,I'll see what I have... ,
lacinda,dlg,ReplyList/235/Text,0,-1,Tell me a little about yourself.,
lacinda,dlg,ReplyList/24/Text,0,-1,I will ride for you.,
lacinda,dlg,ReplyList/240/Text,0,-1,You are probably right. They will never trust you.,
lacinda,dlg,ReplyList/241/Text,0,-1,No. You have done enough to prove your loyalty and it has been thrown in your face.,
lacinda,dlg,ReplyList/242/Text,0,-1,"Maybe not, but it's necessary.",
lacinda,dlg,ReplyList/243/Text,0,-1,Yes. Treachery was too deep rooted in your family.,
lacinda,dlg,ReplyList/245/Text,0,-1,Even against Cormyr?,
lacinda,dlg,ReplyList/246/Text,0,-1,No,
lacinda,dlg,ReplyList/247/Text,0,-1,I might,
lacinda,dlg,ReplyList/248/Text,0,-1,Yes,
lacinda,dlg,ReplyList/25/Text,0,-1,I expect to do well.,
lacinda,dlg,ReplyList/250/Text,0,-1,I am honored.,
lacinda,dlg,ReplyList/252/Text,0,-1,"If I was in your position, I would forget being loyal to Cormyr.",
lacinda,dlg,ReplyList/254/Text,0,-1,Stop there. We can talk more later.,
lacinda,dlg,ReplyList/255/Text,0,-1,I'm done for now.,
lacinda,dlg,ReplyList/256/Text,0,-1,Why?,
lacinda,dlg,ReplyList/259/Text,0,-1,I can see why.,
lacinda,dlg,ReplyList/26/Text,0,-1,Fair enough.,
lacinda,dlg,ReplyList/260/Text,0,-1,It sounds unfair to me that you were punished when you weren't involved.,
lacinda,dlg,ReplyList/261/Text,0,-1,The King could have been more merciful to you.,
lacinda,dlg,ReplyList/264/Text,0,-1,"Deserved, though.",
lacinda,dlg,ReplyList/266/Text,0,-1,Then we can talk more later.,
lacinda,dlg,ReplyList/267/Text,0,-1,I'm done for now.,
lacinda,dlg,ReplyList/268/Text,0,-1,Tell me what you're comfortable with.,
lacinda,dlg,ReplyList/27/Text,0,-1,Then I shall leave you.,
lacinda,dlg,ReplyList/270/Text,0,-1,What happened?,
lacinda,dlg,ReplyList/271/Text,0,-1,That's a disgrace!,
lacinda,dlg,ReplyList/272/Text,0,-1,How were you involved?,
lacinda,dlg,ReplyList/274/Text,0,-1,I've heard nothing to make me change my mind about your help.,
lacinda,dlg,ReplyList/275/Text,0,-1,I'll wait until I hear more before I judge you.,
lacinda,dlg,ReplyList/277/Text,0,-1,It's clear to me I don't want your help!,
lacinda,dlg,ReplyList/278/Text,0,-1,"Very well, you can stay.",
lacinda,dlg,ReplyList/28/Text,0,-1,You arrogant cow. That's your loss not mine!,
lacinda,dlg,ReplyList/280/Text,0,-1,No. I do not need you at the moment. Maybe later.,
lacinda,dlg,ReplyList/282/Text,0,-1,Get out of my sight. You disgust me!,
lacinda,dlg,ReplyList/285/Text,0,-1,We don't have time for this now.,
lacinda,dlg,ReplyList/286/Text,0,-1,What is it?,
lacinda,dlg,ReplyList/32/Text,0,-1,<StartCheck>[Taunt]</Start> Pah! You'll gain no honor at all with that cautious attitude!,
lacinda,dlg,ReplyList/35/Text,0,-1,Thank you.,
lacinda,dlg,ReplyList/36/Text,0,-1,"<StartCheck>[Persuade]</Start> I may look poor, but I am still a doughty fighter.",
lacinda,dlg,ReplyList/369/Text,0,-1,Why would that be useful?,
lacinda,dlg,ReplyList/37/Text,0,-1,"<StartCheck>[Bluff]</Start> I have ridden in many jousts before, have no fear on that score.",
lacinda,dlg,ReplyList/370/Text,0,-1,Can you tell me what they might be for?,
lacinda,dlg,ReplyList/38/Text,0,-1,"If I am to ride for you, I should know a little about you first.",
lacinda,dlg,ReplyList/387/Text,0,-1,"Lacinda, you still have to prove yourself.",
lacinda,dlg,ReplyList/388/Text,0,-1,"Kathryn, stop being stupid and stick to our quest.",
lacinda,dlg,ReplyList/390/Text,0,-1,Must you do this now?,
lacinda,dlg,ReplyList/392/Text,0,-1,That is enough. I trust you both. Let's concentrate on the Mythallar.,
lacinda,dlg,ReplyList/4/Text,0,-1,Tell me a little about yourself.,
lacinda,dlg,ReplyList/401/Text,0,-1,You're imagining things.,
lacinda,dlg,ReplyList/408/Text,0,-1,What did you see?,
lacinda,dlg,ReplyList/442/Text,0,-1,Good.,
lacinda,dlg,ReplyList/443/Text,0,-1,Do you think we should expect trouble?,
lacinda,dlg,ReplyList/453/Text,0,78631,I still need your help. Travel with me once more.,가자.
lacinda,dlg,ReplyList/455/Text,0,78632,You should remain here until you recover fully. You are still weak.,여기 있어.
lacinda,dlg,ReplyList/457/Text,0,-1,Thank you.,
lacinda,dlg,ReplyList/458/Text,0,-1,You should have expected it.,
lacinda,dlg,ReplyList/459/Text,0,-1,It was only possible because of your horse.,
lacinda,dlg,ReplyList/460/Text,0,-1,I did it for myself actually.,
lacinda,dlg,ReplyList/461/Text,0,-1,No problem.,
lacinda,dlg,ReplyList/462/Text,0,-1,I did it for myself actually.,
lacinda,dlg,ReplyList/463/Text,0,-1,No problem.,
lacinda,dlg,ReplyList/464/Text,0,-1,"Here is your favor, and your horse returned with thanks.",
lacinda,dlg,ReplyList/47/Text,0,-1,Why don't you ride yourself?,
lacinda,dlg,ReplyList/48/Text,0,-1,The joust?,
lacinda,dlg,ReplyList/50/Text,0,-1,Fine.,
lacinda,dlg,ReplyList/53/Text,0,-1,I'm done.,
lacinda,dlg,ReplyList/54/Text,0,-1,"Thank you for your help, but now it is time we parted company.",
lacinda,dlg,ReplyList/55/Text,0,-1,"Very well, you can stay.",
lacinda,dlg,ReplyList/56/Text,0,-1,No. I do not need you at the moment. Maybe later.,
lacinda,dlg,ReplyList/60/Text,0,-1,Let's discuss your magic use.,
lacinda,dlg,ReplyList/61/Text,0,102287,I don't want you to cast any spells until I say otherwise.,"""내가 달리 말하기 전까지 주문을 시전하지 마."""
lacinda,dlg,ReplyList/62/Text,0,-1,No.,
lacinda,dlg,ReplyList/63/Text,0,-1,Yes.,
lacinda,dlg,ReplyList/64/Text,0,102289,Do not try to use dispel magic spells to remove disabling effects from party members.,"""파티원의 무력화 효과를 제거하기 위해 주문해제를 사용하지 마."""
lacinda,dlg,ReplyList/65/Text,0,102290,Use dispel magic spells to remove disabling effects from party members.,"""파티원의 무력화 효과를 제거하기 위해 주문해제를 사용해."""
lacinda,dlg,ReplyList/66/Text,0,88323,I don't want you to cast any spells until I say otherwise.,"""내가 달리 말하기 전까지는 주문을 사용하지 마."""
lacinda,dlg,ReplyList/67/Text,0,-1,No.,
lacinda,dlg,ReplyList/68/Text,0,-1,Yes.,
lacinda,dlg,ReplyList/69/Text,0,88324,I want you to go ahead and cast spells on your own.,"""앞으로 주문은 네 판단대로 사용해."""
lacinda,dlg,ReplyList/70/Text,0,-1,No.,
lacinda,dlg,ReplyList/71/Text,0,-1,Yes.,
lacinda,dlg,ReplyList/72/Text,0,89479,I need you to cast a group of buffing spells.,"""강화 주문 묶음을 시전해 줘."""
lacinda,dlg,ReplyList/73/Text,0,89480,Never mind.,"""신경 쓰지 마."""
lacinda,dlg,ReplyList/74/Text,0,89587,"No, nothing else.","""아니, 다른 건 없어."""
lacinda,dlg,ReplyList/75/Text,0,-1,Yes.,
lacinda,dlg,ReplyList/76/Text,0,89481,Cast all the buffing spells you have.,"""가진 강화 주문을 모두 시전해."""
lacinda,dlg,ReplyList/77/Text,0,89482,Cast all the buffing spells that last a long time.,"""지속시간이 긴 강화 주문을 모두 시전해."""
lacinda,dlg,ReplyList/78/Text,0,89483,Cast all the short duration buffing spells.,"""지속시간이 짧은 강화 주문을 모두 시전해."""
lacinda,dlg,ReplyList/79/Text,0,89566,I've changed my mind.,"""마음을 바꿨어."""
lacinda,dlg,ReplyList/8/Text,0,-1,Not just now thanks.,
lacinda,dlg,ReplyList/80/Text,0,89567,Cast on all the party members.,"""파티원 전체에게 시전해."""
lacinda,dlg,ReplyList/81/Text,0,89577,Cast it on my animal companion.,"""내 동물 동료에게 시전해."""
lacinda,dlg,ReplyList/82/Text,0,89578,Cast it on my familiar.,"""내 사역마에게 시전해."""
lacinda,dlg,ReplyList/83/Text,0,89579,Cast it on me.,"""나한테 시전해."""
lacinda,dlg,ReplyList/84/Text,0,89580,Cast it on yourself.,"""너한테 시전해."""
lacinda,dlg,ReplyList/87/Text,0,78319,Never mind.,아니야.
lacinda,dlg,ReplyList/99/Text,0,-1,Spell resistance.,
latim,dlg,EntryList/0/Text,0,-1,I must sail on the next tide. There is no time for chatter just now.,
latim,dlg,EntryList/1/Text,0,-1,There is nothing more for us to discuss. I have matters to attend to.,
latim,dlg,EntryList/10/Text,0,-1,"Never! Eleanor will never be taken from me. Prepare to fight, Cormyrian dog!",
latim,dlg,EntryList/11/Text,0,-1,Oh yes! Defend my honor Latim!,
latim,dlg,EntryList/14/Text,0,-1,"Wait! Wait! Eleanor, <he/she>'s too strong for me.",
latim,dlg,EntryList/15/Text,0,-1,"Latim, I think I must go with this <man/woman> or <he/she> will hurt you.",
latim,dlg,EntryList/16/Text,0,-1,"<StartAction>[Success]</Start> Latim, I think I must go with this <man/woman> or <he/she> will hurt you.",
latim,dlg,EntryList/17/Text,0,-1,"Eleanor my flower, if that is your wish. Perhaps we will find some way to be together.",
latim,dlg,EntryList/18/Text,0,-1,"Take care of her now, or you shall have not only me, but my father to answer to.",
latim,dlg,EntryList/19/Text,0,-1,Come <sir/madam>. Let's go.,
latim,dlg,EntryList/2/Text,0,-1,We have plans to make...,
latim,dlg,EntryList/20/Text,0,-1,"My mother would never understand. Latim and I are to marry, but mother just thinks I'm a child.",
latim,dlg,EntryList/21/Text,0,-1,"I am the son of a Sembian Master, a fine husband for any woman. Eleanor has every right to pick me for herself.",
latim,dlg,EntryList/22/Text,0,-1,"Oh, you are so clever to understand. My mother would never be so understanding. Thank you.",
latim,dlg,EntryList/23/Text,0,-1,"May the fortunes of a thousand fair trades be bestowed upon you, Cormyrean.",
latim,dlg,EntryList/24/Text,0,-1,Who are you? What do you think you are doing coming in here?,
latim,dlg,EntryList/25/Text,0,-1,"I am Latim Bey, the son of the Master of this ship.",
latim,dlg,EntryList/26/Text,0,-1,Seized? I have not seized her. We are to be married.,
latim,dlg,EntryList/27/Text,0,-1,"Eleanor is mine and is never coming back to Thunderstone! Get off this ship, Cormyrian.",
latim,dlg,EntryList/3/Text,0,-1,What is it?,
latim,dlg,EntryList/4/Text,0,-1,"I suppose that <he/she> has a point, Eleanor. Imagine if we could never return to Thunderstone, or even to Cormyr. How would you feel?",
latim,dlg,EntryList/5/Text,0,-1,"That's silly. Once everyone sees you and I are happy together, no one is going to think you took me against my will!",
latim,dlg,EntryList/6/Text,0,-1,"<StartAction>[Success]</Start> You are so smart Latim. Yes, of course you are right, but what should we do?",
latim,dlg,EntryList/7/Text,0,-1,"We must talk to your parents and convince them that I am a worthy husband, the son of a Sembian Master no less! I am sure they will see what a great couple we make.",
latim,dlg,EntryList/8/Text,0,-1,"Yes, you are right. Thank you <sir/madam> for your help. Now Latim and I must talk alone. We need to decide how to convince mother and father.",
latim,dlg,EntryList/9/Text,0,-1,"May the fortunes of a thousand fair trades be bestowed upon you, Cormyrean.",
latim,dlg,ReplyList/10/Text,0,-1,<StartCheck>[Strength/Parry/Disarm]</Start> <StartAction>[Wrestle Latim to the ground and disarm him]</Start>.,
latim,dlg,ReplyList/11/Text,0,-1,"<StartAction>[As you wrestle, Eleanor catches you over the back of the head with something heavy, and your senses swim...]</Start>",
latim,dlg,ReplyList/16/Text,0,-1,Bring them on!,
latim,dlg,ReplyList/17/Text,0,-1,She'll be fine. I'm sure she can talk it out with her mother.,
latim,dlg,ReplyList/18/Text,0,-1,Don't threaten me.,
latim,dlg,ReplyList/2/Text,0,-1,"<StartCheck>[Persuade]</Start> You can't just run off together. If you do, the Crown Office will think you have abducted Eleanor.",
latim,dlg,ReplyList/20/Text,0,-1,"<StartAction>[Address Eleanor.]</Start> Eleanor, your mother is looking for you. She is very worried.",
latim,dlg,ReplyList/22/Text,0,-1,"Well if that's how you feel, then I shall not stand in your way.",
latim,dlg,ReplyList/25/Text,0,-1,Who are you?,
latim,dlg,ReplyList/26/Text,0,-1,Why have you seized Eleanor?,
latim,dlg,ReplyList/27/Text,0,-1,I have come to take Eleanor back!,
latim,dlg,ReplyList/6/Text,0,-1,Fine,
latim,dlg,ReplyList/8/Text,0,-1,<StartCheck>[Intimidate]</Start> Hand over Eleanor now or I will take her from you by force.,
latim2,dlg,EntryList/0/Text,0,-1,Are you alright <FirstName>?,
latim2,dlg,EntryList/1/Text,0,-1,"After Eleanor hit you she burst into tears. Latim got angry and got his blade free, so I got you out of there before there was bloodshed. It wasn't worth it for us to push it further.",
latim2,dlg,EntryList/2/Text,0,-1,"Anyway the ship has gone now, with Eleanor on it, so there's nothing more we can do.",
latim2,dlg,EntryList/3/Text,0,-1,I thought it better just to get you out of there before anyone got injured.,
latim2,dlg,ReplyList/0/Text,0,-1,I'm fine.,
latim2,dlg,ReplyList/1/Text,0,-1,What happened?,
latim2,dlg,ReplyList/2/Text,0,-1,Yes you're right. Let's forget about it.,
latim2,dlg,ReplyList/3/Text,0,-1,OK,
latim2,dlg,ReplyList/4/Text,0,-1,You should have got the girl.,
leave,dlg,EntryList/0/Text,0,-1,Are we just going to walk off? Don't you think we should talk to Valetto before we go?,
leave,dlg,EntryList/1/Text,0,-1,It's not far to Thunderstone now anyway. Valetto can manage without us.,
leave,dlg,EntryList/2/Text,0,-1,We should stay and help guard until the caravan is safe in Thunderstone.,
leave,dlg,EntryList/3/Text,0,-1,"Well, for one he might reward us for our help in the battle.",
leave,dlg,ReplyList/0/Text,0,-1,Good point. Let's go and speak to him.,
leave,dlg,ReplyList/1/Text,0,-1,I don't care about Valetto.,
leave,dlg,ReplyList/2/Text,0,-1,Let's go.,
leave,dlg,ReplyList/3/Text,0,-1,Why would we do that?,
londro,dlg,EntryList/0/Text,0,-1,Well met. What can I do for you?,
londro,dlg,EntryList/1/Text,0,-1,What do you need?,
londro,dlg,EntryList/10/Text,0,-1,"Well, it's nose... no use without a witness. Come and see me when you have it.",
londro,dlg,EntryList/100/Text,0,-1,"I am after vengeance Godfroy, not charity, and we'll need money and weapons for it. It's up to you <FirstName>, but I think we should look after ourselves first in future.",
londro,dlg,EntryList/101/Text,0,-1,Ten green turnips... hanging... on... er?,
londro,dlg,EntryList/11/Text,0,-1,Well isn't that great news?,
londro,dlg,EntryList/12/Text,0,-1,I guess I owe you one.,
londro,dlg,EntryList/13/Text,0,-1,I did? Er... .how about a drink instead?,
londro,dlg,EntryList/14/Text,0,-1,"Well, that were... was a little lie. Yep. A little lie. I can't make magic. Not me. Phew, are you hot? It's hot in here eh?",
londro,dlg,EntryList/15/Text,0,-1,Aye!,
londro,dlg,EntryList/16/Text,0,-1,And good luck to ya!,
londro,dlg,EntryList/17/Text,0,-1,Why did you do that?,
londro,dlg,EntryList/18/Text,0,-1,So?,
londro,dlg,EntryList/19/Text,0,-1,I can't stop drinking <FirstName>. It's my life!,
londro,dlg,EntryList/2/Text,0,-1,Well goodbye then.,
londro,dlg,EntryList/20/Text,0,-1,Which was?,
londro,dlg,EntryList/21/Text,0,-1,Do you realise what fools you made us look?,
londro,dlg,EntryList/22/Text,0,-1,What did you have in mind?,
londro,dlg,EntryList/23/Text,0,-1,Wait! Maybe there is an alternative?,
londro,dlg,EntryList/24/Text,0,-1,"My thanks to you, kind <FirstName>!",
londro,dlg,EntryList/25/Text,0,-1,"Pretty generous, when you consider what a worm he is.",
londro,dlg,EntryList/26/Text,0,-1,But no lies next time Londro!,
londro,dlg,EntryList/27/Text,0,-1,"Ah well, easy come, easy go, as they say!",
londro,dlg,EntryList/28/Text,0,-1,Gold? I tol... told you I don't have any.,
londro,dlg,EntryList/29/Text,0,-1,"Aw, come on! That's not fair!",
londro,dlg,EntryList/3/Text,0,-1,Yes?,
londro,dlg,EntryList/30/Text,0,-1,I won't.,
londro,dlg,EntryList/31/Text,0,-1,Bar me? But... ,
londro,dlg,EntryList/32/Text,0,-1,Mander'd never bar me from here. I'm his best customer!,
londro,dlg,EntryList/33/Text,0,-1,"<StartAction>[Success]</Start>Now that's playing dirty, but... oh all right. I swear off the drink damn ye!",
londro,dlg,EntryList/34/Text,0,-1,What? I... I... ,
londro,dlg,EntryList/35/Text,0,-1,You don't flighten... frighten me!,
londro,dlg,EntryList/36/Text,0,-1,"<StartAction>[Success]</Start>Very well, I give you my oath to stop drinking.",
londro,dlg,EntryList/37/Text,0,-1,Aye!,
londro,dlg,EntryList/38/Text,0,-1,Let's just hope he remembers his oath when he's sober!,
londro,dlg,EntryList/39/Text,0,-1,"No, I don't think I want to make an oath like that!",
londro,dlg,EntryList/4/Text,0,-1,"Well I can tell you the price of ale is up. Not much else of note though that I'd know about. I spend all day, every day, in the smithy.",
londro,dlg,EntryList/40/Text,0,-1,"<StartAction>[Success]</Start>Very well, I give you my oath to stop drinking.",
londro,dlg,EntryList/41/Text,0,-1,"Though, I proten..protes... protest!",
londro,dlg,EntryList/42/Text,0,-1,But I don't have any money!,
londro,dlg,EntryList/43/Text,0,-1,"<StartAction>[Success]</Start>Oh... well, alright. I have a few gold coins. Here you are then.",
londro,dlg,EntryList/44/Text,0,-1,But I don't have any money!,
londro,dlg,EntryList/45/Text,0,-1,"<StartAction>[Success]</Start>Oh... well, alright. I have a few gold coins. Here you are then.",
londro,dlg,EntryList/46/Text,0,-1,For you maybe... ,
londro,dlg,EntryList/47/Text,0,-1,I don't have anything more to give you!,
londro,dlg,EntryList/48/Text,0,-1,A deal is a deal Londro!,
londro,dlg,EntryList/49/Text,0,-1,"Look, I can't make it and there's not one to steal. That's just life.",
londro,dlg,EntryList/5/Text,0,-1,Well I doubt it. Look at it. It's all broken! No one could fix that!,
londro,dlg,EntryList/50/Text,0,-1,You are welcome... although let's not forget we made a deal with you.,
londro,dlg,EntryList/51/Text,0,-1,Ach! Well... you tried... that's se main think... thing.,
londro,dlg,EntryList/52/Text,0,-1,Aye!,
londro,dlg,EntryList/53/Text,0,-1,"Oh. Just savings, you know... ",
londro,dlg,EntryList/54/Text,0,-1,"Er... well, I don't think so. It's a bit dangerous outside Morfen you see?",
londro,dlg,EntryList/55/Text,0,-1,Eh? What reward was that my <boy/girl>?,
londro,dlg,EntryList/56/Text,0,-1,<StartCheck>[Bluff]</Start>Eh... well... you failed though didn't ya? So all's fair if we live... leave it at that.,
londro,dlg,EntryList/57/Text,0,-1,What?,
londro,dlg,EntryList/58/Text,0,-1,Well I might have tol... told a lille..little lie on that my friend. Can't make magic. Nope. Not me!,
londro,dlg,EntryList/59/Text,0,-1,"Oh forget it <FirstName>. You're not going to get anything out of him, the useless sot. Let's stop wasting time.",
londro,dlg,EntryList/6/Text,0,-1,Had any luck persuading the Matron yet?,
londro,dlg,EntryList/60/Text,0,-1,I'd have come up with someish... something. But ya failed didnya?,
londro,dlg,EntryList/61/Text,0,-1,I'll drink to that!,
londro,dlg,EntryList/62/Text,0,-1,Let's go. He's a waste of space.,
londro,dlg,EntryList/63/Text,0,-1,Report me if you like. Want a drink?,
londro,dlg,EntryList/64/Text,0,-1,"Well goodbye then. Looks like we're done, doesn't it?",
londro,dlg,EntryList/65/Text,0,-1,Forget it <FirstName>. No one's going to take this seriously.,
londro,dlg,EntryList/66/Text,0,-1,Eh? Sorry... did you say something?,
londro,dlg,EntryList/67/Text,0,-1,Leave him be <FirstName>. That wouldn't help us.,
londro,dlg,EntryList/68/Text,0,-1,Leave him be <FirstName>. That wouldn't help us.,
londro,dlg,EntryList/69/Text,0,-1,Something I'm also beginning to seriously doubt.,
londro,dlg,EntryList/7/Text,0,-1,Why not?,
londro,dlg,EntryList/70/Text,0,-1,"Well, I appreci... apprec... thank you for your help. That's what matters. You tried!",
londro,dlg,EntryList/71/Text,0,-1,Well look at that! He's drunk!,
londro,dlg,EntryList/72/Text,0,-1,Well met. You are new here are you not? I have not seen you before.,
londro,dlg,EntryList/73/Text,0,-1,"I am Londro Hardhelm. I'd like to say welcome to Morfen, but you might find such a welcome as I did.",
londro,dlg,EntryList/74/Text,0,-1,"Not I. I have such worries of my own, and so little money, that I need help myself.",
londro,dlg,EntryList/75/Text,0,-1,Fare thee well.,
londro,dlg,EntryList/76/Text,0,-1,"I am practically a slave here. I came to Morfen an accomplished smith, and yet as soon as I arrived, the Matron seized me and made me work in this smithy for barely a pittance. She makes use of my smithcraft, and yet barely gives me enough to eat!",
londro,dlg,EntryList/77/Text,0,-1,"They just carry on as if nothing is happening. I've even heard them blaming me! I guess Morfen benefits, and only I suffer for it... ",
londro,dlg,EntryList/78/Text,0,-1,"As I said, I am a fine craftsman, better than she.",
londro,dlg,EntryList/79/Text,0,-1,Well a little money would help me... ?,
londro,dlg,EntryList/8/Text,0,-1,"You can find her in the house opposite the Alehouse. Normally there is a wheelbarrow left outside her door, so you shouldn't have much trouble finding it.",
londro,dlg,EntryList/80/Text,0,-1,"What I really could do with is someone to strongarm the Matron. Change the deal so to speak, so I am no longer a slave, but a free dwarf, paid for my services. ",
londro,dlg,EntryList/81/Text,0,-1,I would make it worth your while. I could craft you a magic weapon once I am free to pursue my own craft.,
londro,dlg,EntryList/82/Text,0,-1,"Oh, will my misery never end? Very well then.",
londro,dlg,EntryList/83/Text,0,-1,Oh... I see. Well I suppose I can trade if I must.,
londro,dlg,EntryList/84/Text,0,-1,"After our fields in the King's Forest were blighted by the ghazneths, many folks helped us out. Just because we are in need again doesn't mean we should turn our back on others.",
londro,dlg,EntryList/85/Text,0,-1,"Ah Godfroy, you are too good for us. I'll not deny other folks did help us when we needed it, though we didn't ask.",
londro,dlg,EntryList/86/Text,0,-1,"Personally I wouldn't waste time on him. He's strong enough to help himself, and doesn't look so badly off as we are. But I can see you are tempted <FirstName>, and at least he offers a reward, so it's up to you.",
londro,dlg,EntryList/87/Text,0,-1,Perhaps I can make something for each of you?,
londro,dlg,EntryList/88/Text,0,-1,"I can't. The townsfolk would surely help the Matron recapture me, and Hullack Forest is a dangerous place for those that travel alone.",
londro,dlg,EntryList/89/Text,0,-1,Are you serious <FirstName>? What sort of suggestion is that?,
londro,dlg,EntryList/9/Text,0,-1,"Well fellas, what can... er... what can I do for you?",
londro,dlg,EntryList/90/Text,0,-1,"Her true name is Eladora Palmer, and you can find her in the house opposite the Alehouse. Normally there is a wheelbarrow left outside her door, so you shouldn't have much trouble finding it.",
londro,dlg,EntryList/91/Text,0,-1,"Just force her to pay me properly. That way, I'll have the freedom to make choices, like everyone else.",
londro,dlg,EntryList/92/Text,0,-1,OK,
londro,dlg,EntryList/93/Text,0,-1,"I can't. The townsfolk would surely help the Matron recapture me, and Hullack Forest is a dangerous place for those that travel alone.",
londro,dlg,EntryList/94/Text,0,-1,Are you serious <FirstName>? What sort of suggestion is that?,
londro,dlg,EntryList/95/Text,0,-1,"If you are being treated like a slave, maybe we should help out?",
londro,dlg,EntryList/96/Text,0,-1,Let him help himself. We have problems of our own.,
londro,dlg,EntryList/97/Text,0,-1,"Well my thanks to you, but there is more you could do.",
londro,dlg,EntryList/98/Text,0,-1,Are you mad <FirstName>? It's not as if we have coins to throw away!,
londro,dlg,EntryList/99/Text,0,-1,"We musn't forget the needs of others, just because of our own misfortune.",
londro,dlg,ReplyList/0/Text,0,-1,I am done for now.,
londro,dlg,ReplyList/1/Text,0,-1,Let me see what you have available.,
londro,dlg,ReplyList/10/Text,0,-1,"OK, then goodbye for now.",
londro,dlg,ReplyList/100/Text,0,-1,Very well. I shall be on my way.,
londro,dlg,ReplyList/103/Text,0,-1,I don't have any money to spare.,
londro,dlg,ReplyList/104/Text,0,-1,I could spare some money. <StartAction>[Give 5 gold]</Start>,
londro,dlg,ReplyList/108/Text,0,-1,We can spare it.,
londro,dlg,ReplyList/11/Text,0,-1,Tell me of your troubles. ,
londro,dlg,ReplyList/12/Text,0,-1,I'll go and speak to her now.,
londro,dlg,ReplyList/13/Text,0,-1,I haven't spoken to her yet.,
londro,dlg,ReplyList/14/Text,0,-1,Remind me where to find her.,
londro,dlg,ReplyList/15/Text,0,-1,"I have spoken to the Matron. She has given me a document, witnessed by Mander, that will grant you better pay.",
londro,dlg,ReplyList/16/Text,0,-1,"I have spoken to the Matron. She has given me a document that, when witnessed, will grant you better pay.",
londro,dlg,ReplyList/18/Text,0,-1,"I have spoken to the Matron, and she has promised to pay you more.",
londro,dlg,ReplyList/2/Text,0,-1,I want to ask you about something.,
londro,dlg,ReplyList/20/Text,0,-1,You promised us a magic weapon. Remember?,
londro,dlg,ReplyList/21/Text,0,-1,I would prefer the magic weapon you promised.,
londro,dlg,ReplyList/22/Text,0,-1,I see. Then nevermind. I will leave you then.,
londro,dlg,ReplyList/25/Text,0,-1,I made a promise to get you to stop drinking.,
londro,dlg,ReplyList/26/Text,0,-1,You haven't exactly been honest with us. The Matron by all accounts has treated you well.,
londro,dlg,ReplyList/27/Text,0,-1,"<StartCheck>[Intimidate]</Start>If you don't stop drinking, I'm going to make you regret it.",
londro,dlg,ReplyList/28/Text,0,-1,"Now, we had a deal.",
londro,dlg,ReplyList/29/Text,0,-1,"If you can't make magic, then you'd better come up with an alternative!",
londro,dlg,ReplyList/3/Text,0,-1,I am done.,
londro,dlg,ReplyList/30/Text,0,-1,"We made a deal. No magic weapon, no pay document!",
londro,dlg,ReplyList/31/Text,0,-1,"You can have the document anyway, and I'll forget about it.",
londro,dlg,ReplyList/35/Text,0,-1,"There is no alternative. I will destroy the document, and you can go on as before.",
londro,dlg,ReplyList/36/Text,0,-1,You can give me gold instead of the item you promised.,
londro,dlg,ReplyList/37/Text,0,-1,I want an oath out of you to stop drinking.,
londro,dlg,ReplyList/38/Text,0,-1,Swear it Londro!,
londro,dlg,ReplyList/39/Text,0,-1,<StartCheck>[Bluff]</Start> The barman says he'll bar you from this place if you don't!,
londro,dlg,ReplyList/41/Text,0,-1,"<StartCheck>[Intimidate]</Start> Swear it now, Londro!",
londro,dlg,ReplyList/43/Text,0,-1,Good. Then I guess we have nothing else to discuss now.,
londro,dlg,ReplyList/44/Text,0,-1,Goodbye.,
londro,dlg,ReplyList/46/Text,0,-1,<StartCheck>[Persuade]</Start>It's fair. Give me the oath.,
londro,dlg,ReplyList/48/Text,0,-1,"<StartCheck>[Persuade]</Start> You're drinking with something aren't you? Come on, Londro, fair is fair!",
londro,dlg,ReplyList/49/Text,0,-1,That's better.,
londro,dlg,ReplyList/5/Text,0,-1,I have a question,
londro,dlg,ReplyList/50/Text,0,-1,"<StartCheck>[Intimidate]</Start> Pay up now, or suffer the consequence.",
londro,dlg,ReplyList/51/Text,0,-1,That's better.,
londro,dlg,ReplyList/52/Text,0,-1,Good. Matters are settled. I will leave you then.,
londro,dlg,ReplyList/54/Text,0,-1,You made a promise. You'd better come up with a magic weapon!,
londro,dlg,ReplyList/55/Text,0,-1,"I have spoken to the Matron, but I have been unable to get her to pay you better.",
londro,dlg,ReplyList/56/Text,0,-1,Well I will leave you to it then.,
londro,dlg,ReplyList/58/Text,0,-1,"<StartCheck>[Insight]</Start> One question. If you're so poor, how come you can afford to get drunk?",
londro,dlg,ReplyList/59/Text,0,-1,Why don't you come with us?,
londro,dlg,ReplyList/6/Text,0,-1,What news is there?,
londro,dlg,ReplyList/60/Text,0,-1,"Since I tried to get you some money, can I still have my reward?",
londro,dlg,ReplyList/61/Text,0,-1,You promised to craft a magic item for me.,
londro,dlg,ReplyList/62/Text,0,-1,<StartAction>[Resisted]</Start> Are you sure you can actually make an item?,
londro,dlg,ReplyList/63/Text,0,-1,Can you actually make a magic item?,
londro,dlg,ReplyList/64/Text,0,-1,So you sent me to the Matron based on a lie?,
londro,dlg,ReplyList/66/Text,0,-1,"Fair enough I suppose, since I failed I'll never know if you speak the truth.",
londro,dlg,ReplyList/68/Text,0,-1,I'm going to report you for this!,
londro,dlg,ReplyList/69/Text,0,-1,"No, I've had enough of you.",
londro,dlg,ReplyList/7/Text,0,-1,"Thanks, I'm done",
londro,dlg,ReplyList/71/Text,0,-1,I've half a mind to strike you down.,
londro,dlg,ReplyList/73/Text,0,-1,I can tell you're lying. You cannot fool a paladin.,
londro,dlg,ReplyList/74/Text,0,-1,You don't seem very bothered.,
londro,dlg,ReplyList/75/Text,0,-1,Looks like it.,
londro,dlg,ReplyList/76/Text,0,-1,I am <FullName>. I farmed one of the farms north of here.,
londro,dlg,ReplyList/77/Text,0,-1,I'm looking for help. My farm has been attacked. Can you help me?,
londro,dlg,ReplyList/78/Text,0,-1,"I'm sorry to hear of your problems, but I must go now.",
londro,dlg,ReplyList/8/Text,0,-1,Let me ask you something else.,
londro,dlg,ReplyList/80/Text,0,-1,"Why, what is wrong?",
londro,dlg,ReplyList/81/Text,0,-1,Why? What sort of welcome did you get?,
londro,dlg,ReplyList/82/Text,0,-1,What do the other townsfolk think of that?,
londro,dlg,ReplyList/83/Text,0,-1,Why would the Matron make you a slave?,
londro,dlg,ReplyList/84/Text,0,-1,Is there something I can do to help?,
londro,dlg,ReplyList/85/Text,0,-1,Or?,
londro,dlg,ReplyList/87/Text,0,-1,I have enough troubles of my own at the moment.,
londro,dlg,ReplyList/88/Text,0,-1,"This is something I am never going to help you with, so don't mention it again.",
londro,dlg,ReplyList/89/Text,0,-1,<StartAction>[Address companions]</Start> What do you think?,
londro,dlg,ReplyList/9/Text,0,-1,"I have the remains of my father's sword, which he always said was magic. Is it possible to do anything with this?",
londro,dlg,ReplyList/93/Text,0,-1,Why don't you just steal what you need and go?,
londro,dlg,ReplyList/95/Text,0,-1,"Very well, I will go and deal with this 'Matron'. Who is she and where do I find her?",
londro,dlg,ReplyList/96/Text,0,-1,And what is it you need me to do to her?,
londro,dlg,ReplyList/97/Text,0,-1,I need to trade before I go.,
londro,dlg,ReplyList/98/Text,0,-1,Why don't you just steal what you need and go?,
magnus,dlg,EntryList/0/Text,0,-1,Welcome <FirstName>.,
magnus,dlg,EntryList/1/Text,0,-1,What can I do for you?,
magnus,dlg,EntryList/10/Text,0,-1," I have a special spell that will sweep away all cursed items on you, but the components are expensive, so you will need to pay the 100 golden lions to cover them.",
magnus,dlg,EntryList/11/Text,0,-1,Removing curses gives me great pleasure. That is truly working the will of Tempus...,
magnus,dlg,EntryList/12/Text,0,-1,What ails you?,
magnus,dlg,EntryList/13/Text,0,-1,"Very well. It will cost you a donation of 150 golden lions to the shrine. I will attempt to remove all unnatural ailments that I can from you and any companions, although I cannot guarantee that it will remove whatever ails you.",
magnus,dlg,EntryList/14/Text,0,-1,"Certainly disease is a foul affliction, but not the domain of Tempus. If you wish to be healed, you must donate 100 golden lions to the shrine and I shall attempt to cure you and any companions.",
magnus,dlg,EntryList/15/Text,0,-1,"Those look like the wounds of battle, and fairly taken. Tempus welcomes your courage.",
magnus,dlg,EntryList/16/Text,0,-1,Ask what you need.,
magnus,dlg,EntryList/17/Text,0,-1,Of course. What are you looking for?,
magnus,dlg,EntryList/18/Text,0,-1,"One-armed Magurk's is the place for the best prices and also where most Adventurers go. He's low on stock since the war, but still the best place in town. You'll find his place just north of the square next to the livery.",
magnus,dlg,EntryList/19/Text,0,-1,"Magurk's place backs on to the Six Coffers Trading Coster, the main merchant trader's house in Thunderstone. They have everything, but are more expensive.",
magnus,dlg,EntryList/2/Text,0,-1,Most certainly.,
magnus,dlg,EntryList/20/Text,0,-1,Tournaments run in the fields to the east of town.,
magnus,dlg,EntryList/21/Text,0,-1,"Sir Hawklin's castle is at the south end of Thunderstone. You can't miss it, it's a big stone structure.",
magnus,dlg,EntryList/22/Text,0,-1,It's at the south end of town.,
magnus,dlg,EntryList/23/Text,0,-1,"The Furniture's Fate is probably the most appropriate for you, on the east side of the square next to Wangle's Livery.",
magnus,dlg,EntryList/24/Text,0,-1,I recommend the Sign of Thunder for someone of your stature. It's opposite our shrine.,
magnus,dlg,EntryList/25/Text,0,-1,"But of course my child! Tempus as I am sure you know is the God of War. The Church of Tempus is charged with keeping warfare a thing of rules: preventing the slaying of innocents, and punishing the unjust or the cowardly. Here in Thunderstone there is much work, for many beasts still come from the Hullack Forest; cowardly slayers of innocent farmers.",
magnus,dlg,EntryList/26/Text,0,-1,What more do you need to know?,
magnus,dlg,EntryList/27/Text,0,-1,"Polter's Fort? Well there's a name I have not heard for a while, but I can certainly share a story or two.",
magnus,dlg,EntryList/28/Text,0,-1,"You know the fort itself was never called Polter's Fort? It was originally named Galaghard's Fort, after the king who started building it. After his defeat of the Witch Lords, about 400 years ago, Galaghard started the fort as a way to keep better control over eastern Cormyr. It was never finished though.",
magnus,dlg,EntryList/29/Text,0,-1,"There was an even older foundation at Polter's Fort, and the builders dug something up while building the keep. Legends tell us it was some fearful beast that ate workers each night, but those legends are untrue; the nature of the creature lies in the nickname of the fort: Polter's Fort. It comes from Poltergeist's Fort you see.",
magnus,dlg,EntryList/3/Text,0,-1,From the store? Or maybe you would like a blessing for your father's grave? I hear that it was recently defaced.,
magnus,dlg,EntryList/30/Text,0,-1,"The Poltergeist is a particularly restless spirit, and had they had a priest present with the know-how, they could have laid it to rest easily enough. However the fear spread through the fort, and it was deserted. Very few would venture near it after that, so it seems the Crown gave up on it.",
magnus,dlg,EntryList/31/Text,0,-1,"Since then others have taken up living there from time to time, but never for long. So there it stands deep in the forest, almost complete yet completely deserted.",
magnus,dlg,EntryList/32/Text,0,-1,"Commonly they are tortured spirits that make their presence felt in a semi-malevolent fashion. Often they throw objects, or even use weapons, but what drives them is their continuing torment, not a need to do evil.",
magnus,dlg,EntryList/33/Text,0,-1,"Almost certainly. If for some reason you are thinking of venturing to Polter's Fort, then you must take with you the method to lay this spirit to rest.",
magnus,dlg,EntryList/34/Text,0,-1,"Well, it is true that I have such a thing in my possession, though I don't know who told you.",
magnus,dlg,EntryList/35/Text,0,-1,"I bought it at the market, though that is actually not your business.",
magnus,dlg,EntryList/36/Text,0,-1,"Unicorns are creatures of great magical powers and some of those powers reside in the horn after their deaths. It is said that the horn of a unicorn is a powerful ingredient when crafting magic items, particularly weapons.",
magnus,dlg,EntryList/37/Text,0,-1,"The Shrine of Tempus here in Thunderstone is a humble place, but it is still my duty to serve Tempus in every way that I can. Fine weapons are the friend of true warriors. It is my hope to craft such a weapon and dedicate it to Tempus, the Lord of Battles, so that one day a worthy hero can wield it.",
magnus,dlg,EntryList/38/Text,0,-1,"Alas! That might be so, but it will be a long time before this church can afford to actually make the weapon.",
magnus,dlg,EntryList/39/Text,0,-1,No. Tempus is guiding my hand in this I am sure.,
magnus,dlg,EntryList/4/Text,0,-1,"I have tried to find out, but with no luck. If you haven't spoken to Jenny Drabb, you should try and find her, as she is in the Garden a lot. She might know something. She does the laundry for the Furniture's Fate, among other places, so you might find her there.",
magnus,dlg,EntryList/40/Text,0,-1,Well...I must say that is a convincing argument. ,
magnus,dlg,EntryList/41/Text,0,-1,<StartAction>[Success]</Start> Hmmm. Perhaps I might at that...,
magnus,dlg,EntryList/42/Text,0,-1,What are you willing to offer to the church for the horn?,
magnus,dlg,EntryList/43/Text,0,-1,That is acceptable.,
magnus,dlg,EntryList/44/Text,0,-1,That is acceptable.,
magnus,dlg,EntryList/45/Text,0,-1,So you were merely wasting my time. I see...,
magnus,dlg,EntryList/46/Text,0,-1,That is acceptable.,
magnus,dlg,EntryList/47/Text,0,-1,I am a priest of Tempus. Your threats hold no fear for me. I have walked bloody battlefields with the Lord of Battles at my side and ghazneths in the sky.,
magnus,dlg,EntryList/48/Text,0,-1,"<StartCheck>[Intimidate]</Start> You DARE to threaten me? Fear me and fear Tempus, you miserable worm!",
magnus,dlg,EntryList/49/Text,0,-1,"Well no harm done I suppose, though I judged you to be a stronger <man/woman> than that, a true servant of Tempus. I see I was wrong though.",
magnus,dlg,EntryList/5/Text,0,-1,"Certainly. I can perform a blessing on the grave from the Shrine of Tempus. For a fallen warrior such as your father, those that approach the grave will feel some of the awe he commanded in life. It should offer some protection so that the grave is not vandalized again.",
magnus,dlg,EntryList/50/Text,0,-1,Hmm. You have strength it seems...,
magnus,dlg,EntryList/51/Text,0,-1,"You are a worthy foe, but not such a test that I could not easily overcome you...",
magnus,dlg,EntryList/52/Text,0,-1,"Enough! I shall not surrender the horn to you, though I admit my respect for you has grown. Let us forget about the horn.",
magnus,dlg,EntryList/53/Text,0,-1,<StartAction>[Success]</Start>Very well. You are a worthy opponent. The horn is yours...,
magnus,dlg,EntryList/54/Text,0,-1,"<StartAction>[Success]</Start> Stolen you say? Well, I don't want to get into trouble for having something that is not rightfully mine, so I will return it to you...",
magnus,dlg,EntryList/55/Text,0,-1,"Here you go, the horn is now yours. If you wanted the horn for your own uses, you should take it over to the smith in Wangle's Livery. She is new, but has a reputation for fine craftsmanship.",
magnus,dlg,EntryList/56/Text,0,-1,Was there anything else?,
magnus,dlg,EntryList/57/Text,0,-1,"Then goodbye for now, and the Lord of Battles keep you.",
magnus,dlg,EntryList/58/Text,0,-1,You can make a fine weapon with a unicorn's horn. I had assumed that's why you wanted it.,
magnus,dlg,EntryList/59/Text,0,-1,"Certainly, one moment while I prepare it....",
magnus,dlg,EntryList/6/Text,0,-1,"I ask only for a donation of twenty-five golden lions in return, to further the work of Tempus.",
magnus,dlg,EntryList/60/Text,0,-1,"You will need to sprinkle the Holy Water over the spirit. You cannot just throw the water wholesale and hope, you have to sprinkle it, which means you must first subdue the spirit.",
magnus,dlg,EntryList/61/Text,0,-1,"That will depend on the nature of the Poltergeist, so you will have to use your wits.",
magnus,dlg,EntryList/62/Text,0,-1,"I am indeed very pleased to hear that. This spirit deserved to be released after so long. Tell me, was there any physical form left?",
magnus,dlg,EntryList/63/Text,0,-1,"Ah well, sometimes the items left behind are quite useful.",
magnus,dlg,EntryList/64/Text,0,-1,"Well perhaps you should take it over to the smith in Wangle's Livery if you kept it. Sometimes such old blades can be reforged into a new weapon. Yes, I think Tempus would be pleased by that!",
magnus,dlg,EntryList/65/Text,0,-1,"Welcome, stranger, to the shrine of Tempus here in Thunderstone. The Lord of Battles welcomes you to his church, even if you are not of the faith.",
magnus,dlg,EntryList/66/Text,0,-1,"My name is Magnus. You may seek me out any time you need help, especially if you have battles or trials that have caused you to take wounds.",
magnus,dlg,EntryList/7/Text,0,-1,I shall pass by after the next prayers and bless the grave. Tempus shall watch over your father's body. He was a warrior after all. Was there anything else?,
magnus,dlg,EntryList/8/Text,0,-1,What kind of aid do you need?,
magnus,dlg,EntryList/9/Text,0,-1,A travesty! There is nothing that the Lord of Battles hates more than a cursed weapon or item!,
magnus,dlg,ReplyList/0/Text,0,-1,Good <quarterday> to you Magnus.,
magnus,dlg,ReplyList/1/Text,0,-1,Nothing thanks.,
magnus,dlg,ReplyList/10/Text,0,-1,Please do so. Here is the gold.,
magnus,dlg,ReplyList/101/Text,0,-1,I am <FullName>.,
magnus,dlg,ReplyList/11/Text,0,-1,No,
magnus,dlg,ReplyList/12/Text,0,-1,Yes,
magnus,dlg,ReplyList/13/Text,0,-1,From the store.,
magnus,dlg,ReplyList/14/Text,0,-1,I am unwell. Perhaps you can help me?,
magnus,dlg,ReplyList/15/Text,0,-1,That's all thanks.,
magnus,dlg,ReplyList/16/Text,0,-1,I have a cursed item on me.,
magnus,dlg,ReplyList/18/Text,0,-1,Here you are.,
magnus,dlg,ReplyList/19/Text,0,-1,I need to be cured of a debilitating effect.,
magnus,dlg,ReplyList/2/Text,0,-1,Can I see what you have to sell?,
magnus,dlg,ReplyList/20/Text,0,-1,"I have been weakened by some strange force, and need to be restored to full health.",
magnus,dlg,ReplyList/21/Text,0,-1,I'm not interested. Goodbye.,
magnus,dlg,ReplyList/22/Text,0,-1,Let's discuss something else then.,
magnus,dlg,ReplyList/23/Text,0,-1,Here you are.,
magnus,dlg,ReplyList/24/Text,0,-1,I have a disease.,
magnus,dlg,ReplyList/25/Text,0,-1,I'm not interested. Goodbye.,
magnus,dlg,ReplyList/26/Text,0,-1,Let's discuss something else then.,
magnus,dlg,ReplyList/27/Text,0,-1,Here you are.,
magnus,dlg,ReplyList/28/Text,0,-1,"I need healing for my wounds, if you can spare it?",
magnus,dlg,ReplyList/29/Text,0,-1,My thanks.,
magnus,dlg,ReplyList/3/Text,0,-1,Thanks,
magnus,dlg,ReplyList/30/Text,0,-1,Can I ask you about something else then?,
magnus,dlg,ReplyList/31/Text,0,-1,I have some questions.,
magnus,dlg,ReplyList/32/Text,0,-1,Let's discuss something else.,
magnus,dlg,ReplyList/33/Text,0,-1,Can you help me with directions?,
magnus,dlg,ReplyList/34/Text,0,-1,Where can I find merchants to trade with?,
magnus,dlg,ReplyList/36/Text,0,-1,My thanks to you.,
magnus,dlg,ReplyList/37/Text,0,-1,Where is the tournament ground?,
magnus,dlg,ReplyList/38/Text,0,-1,My thanks to you.,
magnus,dlg,ReplyList/39/Text,0,-1,I need to know the way to Sir Hawklin's castle.,
magnus,dlg,ReplyList/4/Text,0,-1,Do you know who did it?,
magnus,dlg,ReplyList/40/Text,0,-1,My thanks to you.,
magnus,dlg,ReplyList/41/Text,0,-1,My thanks to you.,
magnus,dlg,ReplyList/42/Text,0,-1,I need the nearest inn.,
magnus,dlg,ReplyList/43/Text,0,-1,My thanks to you.,
magnus,dlg,ReplyList/44/Text,0,-1,My thanks to you.,
magnus,dlg,ReplyList/45/Text,0,-1,Thanks. Can I ask something else?,
magnus,dlg,ReplyList/46/Text,0,-1,Tell me a little about Tempus.,
magnus,dlg,ReplyList/47/Text,0,-1,My thanks.,
magnus,dlg,ReplyList/48/Text,0,-1,Let me ask you about something else.,
magnus,dlg,ReplyList/49/Text,0,-1,Can you tell me anything about Polter's Fort?,
magnus,dlg,ReplyList/5/Text,0,-1,"Let me see what you have in store now, please.",
magnus,dlg,ReplyList/51/Text,0,-1,What happened?,
magnus,dlg,ReplyList/52/Text,0,-1,So?,
magnus,dlg,ReplyList/54/Text,0,-1,"Well, enough tales for now. Thanks.",
magnus,dlg,ReplyList/55/Text,0,-1,Can I ask something else?,
magnus,dlg,ReplyList/56/Text,0,-1,What exactly is a Poltergeist?,
magnus,dlg,ReplyList/57/Text,0,-1,Do you think the Poltergeist is still there?,
magnus,dlg,ReplyList/58/Text,0,-1,"If you have a solution, then please give it to me.",
magnus,dlg,ReplyList/59/Text,0,-1,I am looking for something in particular...a unicorn's horn.,
magnus,dlg,ReplyList/6/Text,0,-1,What is this blessing you offered? Can you tell me more about that?,
magnus,dlg,ReplyList/60/Text,0,-1,How did you get hold of the horn?,
magnus,dlg,ReplyList/61/Text,0,-1,<StartCheck>[Persuade]</Start>Perhaps you might sell the horn to me? I'm sure I can offer you more than you bought it for?,
magnus,dlg,ReplyList/62/Text,0,-1,Why would you want the horn?,
magnus,dlg,ReplyList/64/Text,0,-1,Maybe I am that hero and you could give me the weapon?,
magnus,dlg,ReplyList/65/Text,0,-1,<StartCheck>[Persuade]</Start>Perhaps you might sell the horn to me instead so that next time you can afford to craft what you desire?,
magnus,dlg,ReplyList/66/Text,0,-1,"Since you will not give me the horn, let us discuss something else.",
magnus,dlg,ReplyList/67/Text,0,-1,"You are right. I serve Tempus, and that is why I am here asking for the horn. I can feel His hand in this.",
magnus,dlg,ReplyList/69/Text,0,-1,I don't have enough to offer you.,
magnus,dlg,ReplyList/7/Text,0,-1,A blessing?,
magnus,dlg,ReplyList/70/Text,0,-1,1000 golden lions,
magnus,dlg,ReplyList/72/Text,0,-1,600 golden lions,
magnus,dlg,ReplyList/74/Text,0,-1,100 golden lions,
magnus,dlg,ReplyList/75/Text,0,-1,<StartCheck>[Appraise]</Start> The true value of the horn is 500 golden lions. I will offer you that.,
magnus,dlg,ReplyList/77/Text,0,-1,<StartCheck>[Intimidate]</Start>The horn is stolen. If you do not give it to me I will report you to the Crown Office.,
magnus,dlg,ReplyList/79/Text,0,-1,"I am sorry, I was just desperate for the horn.",
magnus,dlg,ReplyList/80/Text,0,-1,<StartAction>[Resisted Option]</Start>I do not fear you Magnus...,
magnus,dlg,ReplyList/81/Text,0,-1,"<StartCheck>[Intimidate]</Start>Yes, as you will find out if you do not surrender the horn NOW!",
magnus,dlg,ReplyList/84/Text,0,-1,My thanks,
magnus,dlg,ReplyList/85/Text,0,-1,No,
magnus,dlg,ReplyList/87/Text,0,-1,Yes,
magnus,dlg,ReplyList/88/Text,0,-1,Why would I want to do that?,
magnus,dlg,ReplyList/89/Text,0,-1,You mentioned you had a solution for dealing with poltergeists. Can I have it?,
magnus,dlg,ReplyList/9/Text,0,-1,I'll see what you have in store.,
magnus,dlg,ReplyList/91/Text,0,-1,Thanks. I'm finished asking questions.,
magnus,dlg,ReplyList/92/Text,0,-1,How do I do that?,
magnus,dlg,ReplyList/93/Text,0,-1,You will be pleased to hear I have exorcised the poltergeist of Polter's Fort.,
magnus,dlg,ReplyList/94/Text,0,-1,No,
magnus,dlg,ReplyList/95/Text,0,-1,"Well, my thanks.",
magnus,dlg,ReplyList/96/Text,0,-1,Let me ask you about something else.,
magnus,dlg,ReplyList/97/Text,0,-1,Well it did leave a broken blade.,
magnus,dlg,ReplyList/98/Text,0,-1,Just a broken blade.,
magnus,dlg,ReplyList/99/Text,0,-1,"Well, my thanks.",
magurk,dlg,EntryList/0/Text,0,-1,"I remember you. <CUSTOM1021> <FirstName> <CUSTOM1053>, they call you.",
magurk,dlg,EntryList/1/Text,0,-1,"Welcome back to my store, <CUSTOM1021> <FirstName> <CUSTOM1053>!",
magurk,dlg,EntryList/10/Text,0,-1,"Anyway, we got wind of an ambush, bandits riding down on us, so we all hid in the coffins. Problem was, I couldn't fit, so I had to get one of my fellas to cut my arm off. It was that or certain death.",
magurk,dlg,EntryList/11/Text,0,-1,"When the bandits saw all the blood around the wagon, they figured another group had already dealt with us and had taken anything worth having!",
magurk,dlg,EntryList/12/Text,0,-1,"A group of kobolds it was. Nasty little creatures, but we never took'em seriously 'till that day. Decided we wanted the gems from the eyes of some statue they were worshipping. Easy job, quickly kill the high priest, hack out those gems and away.",
magurk,dlg,EntryList/13/Text,0,-1,"Before we knew it we were surrounded by forty of the little devils. I got netted, and while I was struggling to get free, one of the little scumbags had my arm off with his cleaver!",
magurk,dlg,EntryList/14/Text,0,-1,"More than you know, <lad/lass>! Now, what are you gonna buy?",
magurk,dlg,EntryList/15/Text,0,-1,"Ah that's a tale to tell, but a lengthy one, but the long n' short of it is, I got a big swing and don't know my own strength.",
magurk,dlg,EntryList/16/Text,0,-1,"Well I was out logging on Thunderstone Peaks, found me a piece o' timber, a real beauty it was! Took aim with my axe, and missed... the timber that is! ",
magurk,dlg,EntryList/17/Text,0,-1,"That's an understatement <Sir/Madam>, that timber was worth a fortune, and me bleeding all over it like a stuck pig! Now you want to buy, or just pass the time o' day asking questions?",
magurk,dlg,EntryList/18/Text,0,-1,Here you go then.,
magurk,dlg,EntryList/19/Text,0,-1,Well certainly. I've got a load of new stock in. Every time I look at the weapons though it reminds me how I lost my arm.,
magurk,dlg,EntryList/2/Text,0,-1,What do you need?,
magurk,dlg,EntryList/20/Text,0,-1,Want to hear the tale?,
magurk,dlg,EntryList/21/Text,0,-1,"Yes, of course you have! Well then... ",
magurk,dlg,EntryList/22/Text,0,-1,"Come on! You don't look like the sort for a regular job! You want to be an adventurer, that's what you want, like I was once.",
magurk,dlg,EntryList/23/Text,0,-1,"Truth is, adventuring is expensive to get started in Cormyr, 'cos the Charter is so expensive, but you could always head for the Dalelands, get started there.",
magurk,dlg,EntryList/24/Text,0,-1,"That old place? I went out there once when I was younger, with a band of fellas. Place was empty, at least the keep was. We didn't go too deep though. I cut my hand on an old piece of metal and the infection got so bad they had to take my arm off.",
magurk,dlg,EntryList/25/Text,0,-1,"Well my arm has come off in stages, that's the truth of it. Now stop askin' difficult questions and buy something.",
magurk,dlg,EntryList/26/Text,0,-1,Suit yourself then.,
magurk,dlg,EntryList/27/Text,0,-1,I see you're making a name for yourself. You'll be wanting the equipment to match your reputation!,
magurk,dlg,EntryList/28/Text,0,-1,"Welcome <Sir/Madam>! I've got the finest goods this side o' Thunderstone. Magurk is my name, how may I help you?",
magurk,dlg,EntryList/29/Text,0,-1,"You can ask, can't guarantee I got the answer though.",
magurk,dlg,EntryList/3/Text,0,-1,"I reckon I know you well enough now <FirstName>. The truth is I lost my arm fair and square in some unimportant battle in some long forgotten little backwater. There's no romance or glamour in it, and probably only I remember the battle. That was the end of my adventuring days, though I was on no adventure.",
magurk,dlg,EntryList/30/Text,0,-1,"Ha! I've got that covered too. Now come on, I've only got one arm and there's more than one customer in here. You looking to buy, or are you just looking?",
magurk,dlg,EntryList/4/Text,0,-1,"I was on the King's crusade against the Tuigan Horde. I'm only glad that I lost my arm in the service of Cormyr, and not because of my own greed, though every day I curse the man who took it.",
magurk,dlg,EntryList/5/Text,0,-1,"Well, that's enough on the subject. Are you going to buy anything?",
magurk,dlg,EntryList/6/Text,0,-1,"Now that's a tale of bravery and romance. How I got my wife you know, though she's dead now, Lathander bless her memory. She was already betrothed to me, but was stolen by slavers.",
magurk,dlg,EntryList/7/Text,0,-1,"Well I followed her to a distant land across the seas, through storms and pirate attacks, right to the port of the slavers... ",
magurk,dlg,EntryList/8/Text,0,-1,"I stole her back the moment she was off the auction block. Gave her new 'master' a smack on the head right in the middle of the market place, and just threw her over my shoulder. Course I got caught. They accused me of theft, and the penalty was my arm. Could have got even worse, but the judge was so stirred by my tale, that he let us both go free.",
magurk,dlg,EntryList/9/Text,0,-1,"I was doing a spot of adventuring down by Hultail in those days. I don't remember why, but for some reason some fellas and I were taking a cart full of empty coffins down to Wheloon.",
magurk,dlg,ReplyList/11/Text,0,-1,"You like a tall story, don't you?",
magurk,dlg,ReplyList/12/Text,0,-1,I'm done for now.,
magurk,dlg,ReplyList/13/Text,0,-1,I want to ask something else.,
magurk,dlg,ReplyList/14/Text,0,-1,Let's see what you have to sell.,
magurk,dlg,ReplyList/16/Text,0,-1,That must have hurt.,
magurk,dlg,ReplyList/17/Text,0,-1,That's a bit embarassing.,
magurk,dlg,ReplyList/18/Text,0,-1,"Sure, show me what you have to offer.",
magurk,dlg,ReplyList/19/Text,0,-1,"Well, can I ask something else?",
magurk,dlg,ReplyList/2/Text,0,-1,I am done.,
magurk,dlg,ReplyList/20/Text,0,-1,I'd like to see what you have to sell.,
magurk,dlg,ReplyList/21/Text,0,-1,Thanks.,
magurk,dlg,ReplyList/23/Text,0,-1,No thanks.,
magurk,dlg,ReplyList/24/Text,0,-1,I've heard it already.,
magurk,dlg,ReplyList/26/Text,0,-1,Go on then.,
magurk,dlg,ReplyList/27/Text,0,-1,Where can I get a job in this town?,
magurk,dlg,ReplyList/29/Text,0,-1,Can you tell me anything about Polter's Fort?,
magurk,dlg,ReplyList/3/Text,0,-1,"How'd you lose your arm, if you don't mind me asking?",
magurk,dlg,ReplyList/30/Text,0,-1,My thanks to you.,
magurk,dlg,ReplyList/31/Text,0,-1,Thanks. Can I ask something else?,
magurk,dlg,ReplyList/32/Text,0,-1,I thought you said you lost your arm a different way?,
magurk,dlg,ReplyList/33/Text,0,-1,"No, I'm going now.",
magurk,dlg,ReplyList/36/Text,0,-1,I want to ask you something.,
magurk,dlg,ReplyList/38/Text,0,-1,What about the other side of Thunderstone?,
magurk,dlg,ReplyList/5/Text,0,-1,I appreciate you telling me.,
mander,dlg,EntryList/0/Text,0,-1,Hello again!,
mander,dlg,EntryList/1/Text,0,-1,"Certainly! I was given it by an adventurer some years ago in return for a favor I had done him. The treasure is still unclaimed as far as I know, mainly because it is guarded. Fighting is not my strength, else I'd go and take a look myself. I can sell you the map if you're interested?",
mander,dlg,EntryList/10/Text,0,-1,"<StartAction>[Success]</Start> Well, I suppose I can knock five golden lions off the price ... call it <CUSTOM1008> golden lions.",
mander,dlg,EntryList/11/Text,0,-1,"Well dear, we're not exactly rich either you know. Besides, I've had to listen to Mander go on about that map for years. I think we deserve a fair price.",
mander,dlg,EntryList/12/Text,0,-1,"<StartAction>[Success]</Start> Well, I suppose I can knock five golden lions off the price ... call it <CUSTOM1008> golden lions.",
mander,dlg,EntryList/13/Text,0,-1,"You should be careful if you're thinking of trying to tackle it, dear. That creature became Curst as a result of stealing a magic sword. Doubtless it has the sword still.",
mander,dlg,EntryList/14/Text,0,-1,"Aye, the legend tells us he was once a ranger who stole a katana from the secret stash of a sorceror. She cursed him as a result. He's been lurking in the marshes ever since.",
mander,dlg,EntryList/15/Text,0,-1,Come back to buy it have you?,
mander,dlg,EntryList/16/Text,0,-1,Well there's not much point since you've already bought it!,
mander,dlg,EntryList/17/Text,0,-1,Here you go! Spirits and ales and a little extra!,
mander,dlg,EntryList/18/Text,0,-1,Or...maybe you'd be interested in this treasure map?,
mander,dlg,EntryList/19/Text,0,-1,Well you seem a bit down on your luck. You should get yourself up to Thunderstone: the big news is about the tournament there. Plenty of opportunities for those on Tymora's good side.,
mander,dlg,EntryList/2/Text,0,-1,"You're not going on about that old map again, are you dear?",
mander,dlg,EntryList/20/Text,0,-1,Sure.,
mander,dlg,EntryList/21/Text,0,-1,"Well, the knights will be jousting of course, but there's plenty of stuff to do for us common folk too; competitions, open market, opportunities to buy or sell, gossip to be had. It's the place to go!",
mander,dlg,EntryList/22/Text,0,-1,What is it?,
mander,dlg,EntryList/23/Text,0,-1,"Hmmm...I see. Seems a shame to give Londro any more money. He just drinks it, but very well.",
mander,dlg,EntryList/24/Text,0,-1,Was there anything else?,
mander,dlg,EntryList/25/Text,0,-1,I think once is enough for this!,
mander,dlg,EntryList/26/Text,0,-1,"Dreadful! Dreadful to hear another such tale! They are far too common. Alas, there's no one in Morfen who can help you, unless...you could try Brondar, our resident wizard, but he alone would not be enough.",
mander,dlg,EntryList/27/Text,0,-1,You're best off heading up to Thunderstone. The troops are stationed there. Nothing else I can tell you on that I'm afraid.,
mander,dlg,EntryList/28/Text,0,-1,The trail will be cold before we get any help! How will I ever avenge Lena?,
mander,dlg,EntryList/29/Text,0,-1,Welcome stranger. I am Mander and this is my alehouse!,
mander,dlg,EntryList/3/Text,0,-1,And why not Mia? It's a genuine map. Why shouldn't I?,
mander,dlg,EntryList/30/Text,0,-1,"Well <FirstName>, we had some Hultail spirits if you are interested, though stock is dwindling...",
mander,dlg,EntryList/4/Text,0,-1,"Because like as not, it's the Curst that guards it, and this fine <man/woman> does not look up to fighting a Curst.",
mander,dlg,EntryList/5/Text,0,-1,"Well the Curst lives in the marsh where it comes close to the road to Thunderstone. That's local knowledge, and you can reach the marsh by following the stream where the road crosses it.",
mander,dlg,EntryList/6/Text,0,-1,"But without the map, you will only find the Curst, not the treasure. That's the point.",
mander,dlg,EntryList/7/Text,0,-1,Hmm ... how about <CUSTOM1008> golden lions?,
mander,dlg,EntryList/8/Text,0,-1,And here's your map. Just make sure you're ready in case the Curst is waiting for you.,
mander,dlg,EntryList/9/Text,0,-1,"Shame, but I can wait another year or two and see if someone else comes along!",
mander,dlg,ReplyList/0/Text,0,-1,Thanks for your time.,
mander,dlg,ReplyList/1/Text,0,-1,Tell me more about this treasure map.,
mander,dlg,ReplyList/10/Text,0,-1,Here you go then.,
mander,dlg,ReplyList/12/Text,0,-1,"<StartCheck>[Bluff]</Start> Ah well, I'm not interested then.",
mander,dlg,ReplyList/13/Text,0,-1,<StartCheck>[Persuade]</Start> Can't you do a bit better? You don't need the money as much as I do.,
mander,dlg,ReplyList/14/Text,0,-1,Tell me more about this Curst.,
mander,dlg,ReplyList/16/Text,0,-1,Let me see what you have to sell.,
mander,dlg,ReplyList/17/Text,0,-1,Thanks,
mander,dlg,ReplyList/19/Text,0,-1,Let me see what you have to sell first.,
mander,dlg,ReplyList/20/Text,0,-1,Treasure map?,
mander,dlg,ReplyList/21/Text,0,-1,What news is there?,
mander,dlg,ReplyList/22/Text,0,-1,Let me ask you something else.,
mander,dlg,ReplyList/23/Text,0,-1,Never mind.,
mander,dlg,ReplyList/24/Text,0,-1,What sort of opportunities?,
mander,dlg,ReplyList/25/Text,0,-1,I want you to witness this document.,
mander,dlg,ReplyList/27/Text,0,-1,Thanks,
mander,dlg,ReplyList/29/Text,0,-1,We need help. Our farms have been attacked by raiders and our families murdered. Who can help us?,
mander,dlg,ReplyList/32/Text,0,-1,Good <quarterday> to you Mander. I am <FirstName>.,
mander,dlg,ReplyList/5/Text,0,-1,Let's talk about something else.,
mander,dlg,ReplyList/6/Text,0,-1,Where do I find this treasure?,
mander,dlg,ReplyList/8/Text,0,-1,How much are you asking for the map?,
mander,dlg,ReplyList/9/Text,0,-1,Forget it. Let's discuss something else.,
manthia,dlg,EntryList/0/Text,0,-1,"Well <FullName>, what is it you need?",
manthia,dlg,EntryList/1/Text,0,-1,Goodbye.,
manthia,dlg,EntryList/10/Text,0,-1,"I shall find you <FirstName>, when the time is right.",
manthia,dlg,EntryList/11/Text,0,-1,"Good luck. We shall meet again. If you bring us some proof of having stopped the hunting, before our next meeting, then we in turn will help you. We can give you a gift that will allow you to ride any horse so well that men will think you a centaur.",
manthia,dlg,EntryList/12/Text,0,-1,We are grateful. Peace of the forest upon you.,
manthia,dlg,EntryList/13/Text,0,-1,"We lead the Forest Folk, but the Forest Folk are one with the forest. We are all forest, and so we are all one.",
manthia,dlg,EntryList/14/Text,0,-1,What else will help you <FirstName>?,
manthia,dlg,EntryList/15/Text,0,-1,"He is a friend of the Forest Folk, for when the Purple Dragons stir from Thunderstone, it is almost always due to him.",
manthia,dlg,EntryList/16/Text,0,-1,"We do. It is not far from here - you just need to travel west <StartAction>[The option to travel to the barrows is now enabled to the west]</Start>. We saw a column of Purple Dragons traveling there on our way to the meeting. Edgar Truesilver was with them. He is a friend of ours, a hunter of raiders. If Hawklin sent you to him, you must hurry.",
manthia,dlg,EntryList/17/Text,0,-1,Wandering in Hullack Forest is a dangerous pastime.,
manthia,dlg,EntryList/18/Text,0,-1,It is not wise to pick a fight with the Forest Folk in our own domain. Do you have a reason to be here?,
manthia,dlg,EntryList/19/Text,0,-1,You are an arrogant one. The forest is not forgiving of misplaced confidence.,
manthia,dlg,EntryList/2/Text,0,-1,"Hmmm. We think you might be our friend, <FullName>. Maybe there is something you can do for us?",
manthia,dlg,EntryList/20/Text,0,-1,"This is the one from Thunderstone, that we have been watching.",
manthia,dlg,EntryList/21/Text,0,-1,Sir Hawklin's messenger? Then perhaps your strange behavior makes more sense. We are called Manthis.,
manthia,dlg,EntryList/22/Text,0,-1,"I thought we were looking for a satyr for information, not for a fight.",
manthia,dlg,EntryList/23/Text,0,-1,Why?,
manthia,dlg,EntryList/24/Text,0,-1,"You tell us why you seek him, and we shall tell you how to find Manthis.",
manthia,dlg,EntryList/25/Text,0,-1,Good. We are glad you came. Not all in Thunderstone can be trusted like Hawklin. We are called Manthis.,
manthia,dlg,EntryList/26/Text,0,-1,"Peace of the Forest on you, <FullName>.",
manthia,dlg,EntryList/27/Text,0,-1,Aye. We will share what we know about these raids. The war made Cormyr forget Hullack Forest for too long. Blight grows here. It needs to be cut away like fungus from a tree.,
manthia,dlg,EntryList/28/Text,0,-1,"Hobgoblin bands are loose in the forest. They attack the farms along the edge of the forest, and slay the Forest Folk they find. But these are just random actions to mask a more calculating purpose: they are ransacking all of the ancient barrows. Why, we do not know.",
manthia,dlg,EntryList/29/Text,0,-1,"That is the strange part. Some of our folk have seen people from Thunderstone, talking to hobgoblins under the eaves of our forest.",
manthia,dlg,EntryList/3/Text,0,-1,"Someone in Thunderstone is hunting the Forest Folk, murdering our families. We don't know who for certain. Can you find a way to stop it?",
manthia,dlg,EntryList/30/Text,0,-1,"The raiders come from an old fort which lies deeper in the forest. Polter's Fort it is called. It is an old place and was at peace with the forest, abandoned for centuries. Now someone lives there again, sending out bands to spoil our forest and kill our young.",
manthia,dlg,EntryList/31/Text,0,-1,You must tell Sir Gilbert Hawklin. He is the only one in Thunderstone who cares about us. He will stop these raids.,
manthia,dlg,EntryList/32/Text,0,-1,"We are glad. Sir Hawklin will intervene. Tell us, is there anything else you need?",
manthia,dlg,EntryList/33/Text,0,-1,"Many raiders already die here in the forest at our hands. Perhaps there is further help we can offer, but first we shall wait to see what Sir Hawklin will do. We are not strong enough to act alone.",
manthia,dlg,EntryList/34/Text,0,-1,We should release the messenger bird immediately to tell Sir Hawklin this information.,
manthia,dlg,EntryList/35/Text,0,-1,We should release the messenger bird immediately to tell Sir Hawklin this information.,
manthia,dlg,EntryList/36/Text,0,-1,At last! Some real news.,
manthia,dlg,EntryList/4/Text,0,-1,"If you bring us some proof of having stopped the hunting, before our next meeting, then we in turn will help you. We can give you a gift that will allow you to ride any horse so well that men will think you a centaur.",
manthia,dlg,EntryList/5/Text,0,-1,"Your choice. We are saddened, but we wish you luck. We will meet again, we are sure of it.",
manthia,dlg,EntryList/6/Text,0,-1,"Alas, we know nothing more, or we would have acted. We suspect one of the lords since many of them like to hunt; the Wyvernspurs, the Huntsilvers and the Huntcrowns in particular.Maybe it is one of them.",
manthia,dlg,EntryList/7/Text,0,-1,"We shall find you <FirstName>, when the time is right.",
manthia,dlg,EntryList/8/Text,0,-1,Good luck. We shall meet again.,
manthia,dlg,EntryList/9/Text,0,-1,"Alas, we know nothing more, or we would have acted. We suspect one of the lords since many of them like to hunt; the Wyvernspurs, the Huntsilvers and the Huntcrowns in particular. Maybe it is one of them.",
manthia,dlg,ReplyList/0/Text,0,-1,"I am done, thanks.",
manthia,dlg,ReplyList/1/Text,0,-1,Goodbye.,
manthia,dlg,ReplyList/10/Text,0,-1,I will find out who is doing the hunting. What else do you know?,
manthia,dlg,ReplyList/11/Text,0,-1,Where can I find you?,
manthia,dlg,ReplyList/12/Text,0,-1,I shall see what I can discover.,
manthia,dlg,ReplyList/14/Text,0,-1,I will find out who is doing the hunting. What else do you know?,
manthia,dlg,ReplyList/15/Text,0,-1,Where can I find you?,
manthia,dlg,ReplyList/16/Text,0,-1,I shall see what I can discover.,
manthia,dlg,ReplyList/17/Text,0,-1,My thanks to you. I shall see what I can find out.,
manthia,dlg,ReplyList/19/Text,0,-1,Why do you call yourself 'we'?,
manthia,dlg,ReplyList/2/Text,0,-1,Tell me what it is and I shall consider it.,
manthia,dlg,ReplyList/20/Text,0,-1,"Er..right, whatever.",
manthia,dlg,ReplyList/21/Text,0,-1,I see.,
manthia,dlg,ReplyList/22/Text,0,-1,What can you tell me about Edgar Truesilver?,
manthia,dlg,ReplyList/23/Text,0,-1,I need you to go over the information on the raids that you promised to Sir Hawklin so I can make note of it.,
manthia,dlg,ReplyList/24/Text,0,-1,Sir Hawklin has asked me to travel to some barrows near the Four Oaks farm. Do you know where that is?,
manthia,dlg,ReplyList/25/Text,0,-1,I could say the same to you.,
manthia,dlg,ReplyList/26/Text,0,-1,None of your business.,
manthia,dlg,ReplyList/27/Text,0,-1,I go where I like.,
manthia,dlg,ReplyList/3/Text,0,-1,I came here because I was ordered. I care nothing for your problems.,
manthia,dlg,ReplyList/31/Text,0,-1,I am seeking Manthis of the Forest Folk.,
manthia,dlg,ReplyList/32/Text,0,-1,Are you Manthis?,
manthia,dlg,ReplyList/33/Text,0,-1,I have come from Sir Gilbert Hawklin.,
manthia,dlg,ReplyList/34/Text,0,-1,I am <FullName>.,
manthia,dlg,ReplyList/35/Text,0,-1,Did you have something you wanted me to tell Sir Hawklin?,
manthia,dlg,ReplyList/36/Text,0,-1,Sir Hawklin said that you have information on the raids that you are prepared to share.,
manthia,dlg,ReplyList/38/Text,0,-1,Where do the raids originate from?,
manthia,dlg,ReplyList/39/Text,0,-1,Do you know who is behind these raids?,
manthia,dlg,ReplyList/4/Text,0,-1,What's in it for me?,
manthia,dlg,ReplyList/40/Text,0,-1,Where do the raids originate from?,
manthia,dlg,ReplyList/42/Text,0,-1,I have already done so.,
manthia,dlg,ReplyList/43/Text,0,-1,I will do so now.,
manthia,dlg,ReplyList/44/Text,0,-1,Can the Forest Folk not do something?,
manthia,dlg,ReplyList/45/Text,0,-1,Thank you for the information.,
manthia,dlg,ReplyList/46/Text,0,-1,Can I ask you something else?,
manthia,dlg,ReplyList/5/Text,0,-1,I am not interested in bribes. I have problems of my own.,
manthia,dlg,ReplyList/6/Text,0,-1,I must decline. I have other duties.,
manthia,dlg,ReplyList/7/Text,0,-1,Goodbye,
manthia,dlg,ReplyList/8/Text,0,-1,"Very well, I shall investigate it if the opportunity arises. What can you tell me?",
manthia,dlg,ReplyList/9/Text,0,-1,"No promises, but if the opportunity presents itself I will investigate.",
manthia2,dlg,EntryList/0/Text,0,-1,Goodbye <FirstName>.,
manthia2,dlg,EntryList/1/Text,0,-1,"We meet again, as we promised.",
manthia2,dlg,EntryList/10/Text,0,-1,"Mostly you will face goblins and hobgoblins. They will be easy to kill though their shamans can summon the Undead. There are ballistae on the walls, and you may also find ogres. ",
manthia2,dlg,EntryList/11/Text,0,-1,"Inside, we believe there are vampires sheltering from daylight. We don't know what else is inside, though the fort does not feel right...not peaceful like it once did.",
manthia2,dlg,EntryList/12/Text,0,-1,"The castle has a square outer wall, with a moat in front and on one side. The main gate is across a drawbridge, but there is also a postern gate on the east side. Both gates have ballistae watching them, two on the main gate, and one on the postern.",
manthia2,dlg,EntryList/13/Text,0,-1,"Some towers also have archers in them, but if the alarm is not raised, most of the guards will be asleep.",
manthia2,dlg,EntryList/14/Text,0,-1,Now we must go. We can hear the whisper of the forest. We are needed.,
manthia2,dlg,EntryList/15/Text,0,-1,Goodbye and good luck <FirstName>. We shall not meet again.,
manthia2,dlg,EntryList/16/Text,0,-1,I asked you before to find out who hunts the Forest Folk. What can you tell us?,
manthia2,dlg,EntryList/17/Text,0,-1,"Huntcrown? We thought so, but we hoped not. He is a lord.",
manthia2,dlg,EntryList/18/Text,0,-1,"He has few redeeming features, but at least he sticks to his oath. Give me the document and the promised reward shall be yours, with the thanks of my people.",
manthia2,dlg,EntryList/19/Text,0,-1,"These gloves were made by Glauros the centaur from the hair of many of our folk. If you wear them, you will be the master of your horse. Take them with our thanks. This is a bright <quarterday>, <FirstName>, though I came for another reason.",
manthia2,dlg,EntryList/2/Text,0,-1,I came to bring you information on Polter's Fort.,
manthia2,dlg,EntryList/20/Text,0,-1,What happened?,
manthia2,dlg,EntryList/21/Text,0,-1,"We tried to get an oath out of him to stop hunting your people, but he pretended he had nothing to do with it!",
manthia2,dlg,EntryList/22/Text,0,-1,Why?,
manthia2,dlg,EntryList/23/Text,0,-1,"Not long ago we had a ball at the castle with many of the nobles from Thunderstone and further afield. At dinner I was sitting next to Lord Marvin Huntcrown. He was going on about hunting and I was only half listening to him, but I remember he was saying how he wished it were legal to hunt unicorns, because he had always wanted a unicorn horn.",
manthia2,dlg,EntryList/24/Text,0,-1,Oh! This is dreadful news! It is not long since a unicorn was slain in this forest!,
manthia2,dlg,EntryList/25/Text,0,-1,Can you prove it was Huntcrown?,
manthia2,dlg,EntryList/26/Text,0,-1,"Kathryn Hawklin, you are young and with secrets of your own, but your heart is good. We think you can be believed.",
manthia2,dlg,EntryList/27/Text,0,-1,"Kathryn Hawklin is young, and with secrets of her own, but her heart is good. If she told you, then we think she can be believed.",
manthia2,dlg,EntryList/28/Text,0,-1,Well thanks...I think!,
manthia2,dlg,EntryList/29/Text,0,-1,"We know Alice Broadhand. She is a dangerous woman and a clever one, but if she told you then it is probably true.",
manthia2,dlg,EntryList/3/Text,0,-1,We offer it anyway. It cannot harm you to listen.,
manthia2,dlg,EntryList/30/Text,0,-1,"We thank you. You did not stop the hunting, but at least now we will watch Lord Huntcrown. One day maybe we will hunt him.",
manthia2,dlg,EntryList/31/Text,0,-1,Why not?,
manthia2,dlg,EntryList/32/Text,0,-1,"Hmmm...yes, though in the forest, the strong survive unless the weak band together. This is nature's way. We will think about it.",
manthia2,dlg,EntryList/33/Text,0,-1,One death deserves another. Or are the Forest Folk less than Lord Huntcrown?,
manthia2,dlg,EntryList/34/Text,0,-1,We see that you told us in faith ... so he shall live.,
manthia2,dlg,EntryList/35/Text,0,-1,We thank you for your help. We offer you information on Polter's Fort as thanks.,
manthia2,dlg,EntryList/36/Text,0,-1,"We are saddened. We hoped you would find something for us. We cannot wait while we are hunted. We shall have to withdraw deeper into the forest. For this reason, we shall not meet again.",
manthia2,dlg,EntryList/37/Text,0,-1,"But before we go, we have something for you.",
manthia2,dlg,EntryList/4/Text,0,-1,As you wish.,
manthia2,dlg,EntryList/5/Text,0,-1,"The fort is almost empty; there are raiders all over the forest. Even so, the fort has defenses of its own, including ballistae on the walls, and a drawbridge that can be easily raised. Your best chance of getting into the main fort is to strike quickly and fast, or get in unseen.",
manthia2,dlg,EntryList/6/Text,0,-1,"Not far ahead is the guardpost, but there may also be scouts around. You need to kill them all, so that none reach the fort with a warning. The hobgoblins at the fort itself often sleep during the <day/night>, relying on this guardpost. You must not let the guards raise the alarm.",
manthia2,dlg,EntryList/7/Text,0,-1,That is all we can tell you for now.,
manthia2,dlg,EntryList/8/Text,0,-1,Just one then we must leave. Ask it.,
manthia2,dlg,EntryList/9/Text,0,-1,There is a gong at the end of the bridge that leads into the castle. Some of the scouts will have orders to run to this gong and ignore you if they see you. You must find a way to kill them first.,
manthia2,dlg,ReplyList/1/Text,0,-1,"I do not want your information, and nor do I trust you.",
manthia2,dlg,ReplyList/10/Text,0,-1,What can I expect to fight?,
manthia2,dlg,ReplyList/12/Text,0,-1,Can you tell me the layout of the castle?,
manthia2,dlg,ReplyList/15/Text,0,-1,Goodbye Manthis.,
manthia2,dlg,ReplyList/16/Text,0,-1,"Wait, one more question.",
manthia2,dlg,ReplyList/18/Text,0,-1,I am certain that Lord Huntcrown is behind it. I have here a written oath from him swearing to never hunt the Forest Folk.,
manthia2,dlg,ReplyList/2/Text,0,-1,I'm not interested.,
manthia2,dlg,ReplyList/20/Text,0,-1,Here you go.,
manthia2,dlg,ReplyList/22/Text,0,-1,"I am certain that Lord Huntcrown is behind it, but I was unable to get any proof.",
manthia2,dlg,ReplyList/23/Text,0,-1,"I tried to get an oath out of Lord Huntcrown, based on information that Alice Broadhand had given me, but Lord Huntcrown denied any knowledge of the hunting.",
manthia2,dlg,ReplyList/24/Text,0,-1,"I tried to get an oath out of Lord Huntcrown, based on information that Kathryn had given me, but Lord Huntcrown denied any knowledge of the hunting.",
manthia2,dlg,ReplyList/25/Text,0,-1,I have suspicions that Lord Huntcrown in Thunderstone may be behind the hunting of your people.,
manthia2,dlg,ReplyList/26/Text,0,-1,<StartAction>[Let Kathryn Hawklin do the talking.]</Start>,
manthia2,dlg,ReplyList/29/Text,0,-1,Kathryn Hawklin told me that Lord Huntcrown had been telling her he wanted to hunt illegal game.,
manthia2,dlg,ReplyList/30/Text,0,-1,I found out from someone called Alice Broadhand that Lord Huntcown was seeking to recover a stolen unicorn horn.,
manthia2,dlg,ReplyList/31/Text,0,-1,I have no proof.,
manthia2,dlg,ReplyList/35/Text,0,-1,Go ahead. He deserves it.,
manthia2,dlg,ReplyList/36/Text,0,-1,You can't do that!,
manthia2,dlg,ReplyList/37/Text,0,-1,"By hunting him, you are no better than he is.",
manthia2,dlg,ReplyList/38/Text,0,-1,He doesn't deserve death for this!,
manthia2,dlg,ReplyList/39/Text,0,-1,"No, you're right. Do what you like.",
manthia2,dlg,ReplyList/4/Text,0,-1,Tell me.,
manthia2,dlg,ReplyList/40/Text,0,-1,I forbid it! I didn't tell you so you could kill him!,
manthia2,dlg,ReplyList/42/Text,0,-1,I have discovered nothing yet.,
manthia2,dlg,ReplyList/7/Text,0,-1,My thanks. This is enough.,
manthia2,dlg,ReplyList/8/Text,0,-1,Wait I have a question!,
manthia2,dlg,ReplyList/9/Text,0,-1,Where is the alarm?,
margery,dlg,EntryList/0/Text,0,-1,What is it now?,
margery,dlg,EntryList/1/Text,0,-1,Do you have any news for me?,
margery,dlg,EntryList/10/Text,0,-1,"Anyway, let's not involve this nice <CUSTOM1050>.",
margery,dlg,EntryList/11/Text,0,-1,I'm sure we can sort this out within the family now. Eleanor and I will discuss this later. Thank you very much for your help.,
margery,dlg,EntryList/12/Text,0,-1,Oh. So you mean she hasn't been snatched?,
margery,dlg,EntryList/13/Text,0,-1,Do you think they will? What if they just run off the moment your back is turned?,
margery,dlg,EntryList/14/Text,0,-1,An honorable Sembian? I suppose you might be right.,
margery,dlg,EntryList/15/Text,0,-1,I suppose talking it over is probably the most sensible action. Maybe I can talk her out of this silliness. ,
margery,dlg,EntryList/16/Text,0,-1,"Yes. That makes sense. My husband will see it my way too I'm sure, and then Eleanor will come back to us. She listens to him.",
margery,dlg,EntryList/17/Text,0,-1,Thanks so much for your help. I don't know what I'd have done without you.,
margery,dlg,EntryList/18/Text,0,-1,We're just glad we could help.,
margery,dlg,EntryList/19/Text,0,-1,But of course!,
margery,dlg,EntryList/2/Text,0,-1,Oh! silly girl!,
margery,dlg,EntryList/20/Text,0,-1,"Yes, but <he/she> means really listen!",
margery,dlg,EntryList/21/Text,0,-1,"Now I think of it, I have heard of Latim Bey's father. He comes in regularly to Thunderstone. I doubt his son would risk the trade by snatching your daughter.",
margery,dlg,EntryList/22/Text,0,-1,"Just because she's young doesn't mean she doesn't know what she is doing, you know!",
margery,dlg,EntryList/23/Text,0,-1,Oh! What if they never come back! You've been tricked!,
margery,dlg,EntryList/24/Text,0,-1,Let them go? Are you MAD?  She's bound to be sold into slavery now! Oh what will I do?,
margery,dlg,EntryList/25/Text,0,-1,Oh you foolish <man/woman>! I have lost my daughter because of you. Why did I trust you?,
margery,dlg,EntryList/26/Text,0,-1,Ruined! My daughter is lost! What can I do!,
margery,dlg,EntryList/27/Text,0,-1,"<StartAction>[Success]</Start> Oh...well, if you're certain?",
margery,dlg,EntryList/28/Text,0,-1,Well in that case I suppose it might be alright...I'll ask my husband what he thinks.,
margery,dlg,EntryList/29/Text,0,-1,Thanks so much for your help. I don't know what I'd have done without you.,
margery,dlg,EntryList/3/Text,0,-1,Oh mother! Please! Latim and I mean to marry!,
margery,dlg,EntryList/30/Text,0,-1,"Well please hurry! My husband is still not back, so I am relying on you.",
margery,dlg,EntryList/31/Text,0,-1,Did you hear? Eleanor has gone! I thought you were going to help me!,
margery,dlg,EntryList/32/Text,0,-1,"I think after all that, Latim and Eleanor will make a lovely couple. Don't you?",
margery,dlg,EntryList/33/Text,0,-1,"I thank you for your help. Please, have a drink with me.",
margery,dlg,EntryList/34/Text,0,-1,Leave me alone will you?,
margery,dlg,EntryList/35/Text,0,-1,Oh please don't disturb me. I am waiting for my husband's return.,
margery,dlg,EntryList/36/Text,0,-1,"No, please, I really don't want to talk.",
margery,dlg,EntryList/37/Text,0,-1,Well...maybe. I wish my husband were here...but...,
margery,dlg,EntryList/38/Text,0,-1,It's my daughter. She's disappeared. I can't find her anywhere. My neighbor said she saw poor Eleanor talking to one of those Sembian merchants. Everyone knows they're just slavers!,
margery,dlg,EntryList/39/Text,0,-1,I'm sure she's been snatched by them! Probably they'll carry her back to Sembia and sell her as a slave! ,
margery,dlg,EntryList/4/Text,0,-1,Latim? Who is this Latim? A Sembian no less! Stop being a silly girl and come home at once!,
margery,dlg,EntryList/40/Text,0,-1,"Oh, what can I do? Please help me!",
margery,dlg,EntryList/41/Text,0,-1,No. No. I'm sure she's been kidnapped!,
margery,dlg,EntryList/42/Text,0,-1,Oh you heartless beast! Go away!,
margery,dlg,EntryList/43/Text,0,-1,Oh you cruel <man/woman>! Are you here to torment me or help me?,
margery,dlg,EntryList/44/Text,0,-1,"Oh yes please do! Try the Crown Office too. Hurim Thiodor said I was being silly, but I am sure he would tell you about those slave traders if a respectable <man/woman> like you asked!",
margery,dlg,EntryList/45/Text,0,-1,"Hurim at the Crown Office I am sure will help, or maybe the docks. Oh do hurry! What if she's being dragged off right now?",
margery,dlg,EntryList/46/Text,0,-1,"A young merchant, my neighbor said. Oh do hurry! What if she's being carried off right now?",
margery,dlg,EntryList/5/Text,0,-1,"But mother! If you only met him, you would see what a fine man he is. Ask this <man/woman>.",
margery,dlg,EntryList/6/Text,0,-1,Oooh! What are you saying!,
margery,dlg,EntryList/7/Text,0,-1,I'm sure this <CUSTOM1050> knows what <he/she>'s saying.,
margery,dlg,EntryList/8/Text,0,-1,That's right! See?,
margery,dlg,EntryList/9/Text,0,-1,"Now I think of it, I have heard of Latim Bey's father. He comes in regularly to Thunderstone. I doubt his son would risk the trade by snatching your daughter.",
margery,dlg,ReplyList/0/Text,0,-1,Nothing.,
margery,dlg,ReplyList/1/Text,0,-1,Can I ask for your help on something?,
margery,dlg,ReplyList/12/Text,0,-1,I'm not getting involved.,
margery,dlg,ReplyList/14/Text,0,-1,I have spoken to them and Eleanor seems besotted with this Sembian.,
margery,dlg,ReplyList/15/Text,0,-1,"No. They mean to be married, but I have persuaded them to come and talk to you about it.",
margery,dlg,ReplyList/16/Text,0,-1,Latim Bey seemed like an honorable man.,
margery,dlg,ReplyList/19/Text,0,-1,I'm glad that's dealt with.,
margery,dlg,ReplyList/2/Text,0,-1,I found her. She has fallen in love with the Sembian merchant your neighbor saw her with.,
margery,dlg,ReplyList/20/Text,0,-1,My pleasure.,
margery,dlg,ReplyList/22/Text,0,-1,Just listen to your daughter too.,
margery,dlg,ReplyList/26/Text,0,-1,I'm sure everything will be fine.,
margery,dlg,ReplyList/28/Text,0,-1,I hadn't thought of that.,
margery,dlg,ReplyList/29/Text,0,-1,"It seemed genuine, so I let them go.",
margery,dlg,ReplyList/3/Text,0,-1,I brought her to you so that you can decide what is best.,
margery,dlg,ReplyList/30/Text,0,-1,Do whatever you want. I am leaving you.,
margery,dlg,ReplyList/31/Text,0,-1,They mean to be married. Don't panic. Eleanor will be safe with her man.,
margery,dlg,ReplyList/32/Text,0,-1,I have done enough. Goodbye.,
margery,dlg,ReplyList/33/Text,0,-1,<StartCheck>[Persuade]</Start> Calm down. I give you my word it was truly love.,
margery,dlg,ReplyList/34/Text,0,-1,I'm certain.,
margery,dlg,ReplyList/35/Text,0,-1,I'm sure everything will be fine.,
margery,dlg,ReplyList/36/Text,0,-1,My pleasure.,
margery,dlg,ReplyList/37/Text,0,-1,"I am still searching, but have not found her yet.",
margery,dlg,ReplyList/39/Text,0,-1,I'll leave you to it.,
margery,dlg,ReplyList/40/Text,0,-1,Perhaps you'd like company?,
margery,dlg,ReplyList/41/Text,0,-1,Tell me what is troubling you. Maybe I can help?,
margery,dlg,ReplyList/45/Text,0,-1,I'm sure she's about. Don't worry yourself.,
margery,dlg,ReplyList/46/Text,0,-1,You're over-reacting. She'll turn up. Stop fussing.,
margery,dlg,ReplyList/48/Text,0,-1,Is there anything in it for me?,
margery,dlg,ReplyList/49/Text,0,-1,I can try and find her for you.,
margery,dlg,ReplyList/50/Text,0,-1,I'll see what I can do.,
margery,dlg,ReplyList/51/Text,0,-1,Any idea where I should try looking?,
margery,dlg,ReplyList/52/Text,0,-1,Can you tell me more about the Sembian your daughter was seen with?,
margery,dlg,ReplyList/53/Text,0,-1,"Why, what is the trouble?",
margery,dlg,ReplyList/6/Text,0,-1,Latim Bey seemed like scum. Probably a slaver.,
margery,dlg,ReplyList/9/Text,0,-1,Latim Bey seemed very honorable and decent.,
market,dlg,EntryList/0/Text,0,-1,What do you need?,
market,dlg,EntryList/1/Text,0,-1,"As I said, I'm not really interested in gossiping.",
market,dlg,EntryList/10/Text,0,-1,"That's not a very sporting thing to do. There's a difference between gathering information on your opponents, and deliberately sabotaging them.",
market,dlg,EntryList/11/Text,0,-1,"There's quite a lot of talk about Lady Arianne FitzCormaeril entering the joust. It's caused quite a stir, not just because she's related to the disgraced Cormaeril's but also she's quite a jouster. The lance is a bit heavy for her though and she often strikes at the base of the shield. Giogi Wyvernspur defeated her in a joust recently by leaning to one side or the other.",
market,dlg,EntryList/12/Text,0,-1,<StartAction>[You may add this to your journal in the completed section if you wish.]</Start>,
market,dlg,EntryList/13/Text,0,-1,Anything more you want?,
market,dlg,EntryList/14/Text,0,-1,"I am watching Arianne with interest. If a FitzCormaeril is gaining acceptance, then maybe a Cormaeril can too.",
market,dlg,EntryList/15/Text,0,-1,"Did you know that Magnus, the priest of Tempus, has six toes on his left foot?",
market,dlg,EntryList/16/Text,0,-1,"Oh, er, perhaps not what you were really after?",
market,dlg,EntryList/17/Text,0,-1,Oh really! Why would we want to hear such a thing?,
market,dlg,EntryList/18/Text,0,-1,Now that is high quality gossip for you <FirstName>! Perhaps we should help the poor fellow out!,
market,dlg,EntryList/19/Text,0,-1,"I reckon Oversword Laheralson must have had an affair with Princess Alusair before she became regent, otherwise there's no way she would put up with his inaction over these raids!",
market,dlg,EntryList/2/Text,0,-1,I told you I'm busy!,
market,dlg,EntryList/20/Text,0,-1,Well I just think it's amazing what people can get away with these days.,
market,dlg,EntryList/21/Text,0,-1,I'd be careful where you voice that opinion about the Princess Regent.,
market,dlg,EntryList/22/Text,0,-1,"Well, I have a right to my opinion, don't I?",
market,dlg,EntryList/23/Text,0,-1,"You do, but there's some who might think ill of such views.",
market,dlg,EntryList/24/Text,0,-1,"The rumor's not a new one though, it has to be said.",
market,dlg,EntryList/25/Text,0,-1,"There was a murder last week. Some unfortunate knight new in to Thunderstone who was lured into the forest and slain. Thiodor Hurim, the Crown's agent, thinks that he was lured out by a woman claiming she had been attacked, and was then set upon.",
market,dlg,EntryList/26/Text,0,-1,"My cousin told me that she saw the merchant Imelda leaving Thunderstone alone one evening. In times like these, who'd want to do a thing like that?",
market,dlg,EntryList/27/Text,0,-1,"Last time Valetto's ship was in Thunderstone, it looked like it had ivory on board. He's supposed to be a lumber merchant. Maybe he's secretly carrying a load for the merchant Imelda? Odd really. Those two always pretend to hate each other.",
market,dlg,EntryList/28/Text,0,-1,There's a lot of movement along the Sembian border at the moment. Could be they're preparing for an invasion. That would explain why the Purple Dragons spend more time in their barracks than chasing raiders. I'm glad they're taking the rumor seriously!,
market,dlg,EntryList/29/Text,0,-1,"I heard that if you want access to stuff and you don't care about who rightfully owns it, then Alice Broadhand is the one for you. She often hangs out in the Six Coffers Trading Coster.",
market,dlg,EntryList/3/Text,0,-1,Tournaments are the best place for gossip aren't they? And I enjoy gossip as much as the next person. Now let me see...,
market,dlg,EntryList/30/Text,0,-1,They say the new smith is excellent and she used to forge magic weapons. Of course nowadays with such a shortage of regular arms she rarely gets the chance.,
market,dlg,EntryList/31/Text,0,-1,I am sure she would welcome the opportunity to work on magic again.,
market,dlg,EntryList/32/Text,0,-1,It is true that she is a very good smith.,
market,dlg,EntryList/33/Text,0,-1,"Sir Gilbert Hawklin has a lovely daughter, but he doesn't let her out much. Maybe she's got some sort of disease?",
market,dlg,EntryList/34/Text,0,-1,It seems a shame to keep her locked up.,
market,dlg,EntryList/35/Text,0,-1,"Well she's standing right in front of you, so that rumor is proved false!",
market,dlg,EntryList/36/Text,0,-1,"Oh! I do beg your pardon my lady. It's just idle gossip, nothing more.",
market,dlg,EntryList/37/Text,0,-1,Well there's a lot of fear in Thunderstone at the moment. Something is stalking the streets at night. My cousin said they'd seen an enormous bear!,
market,dlg,EntryList/38/Text,0,-1,Bad times when Thunderstone is no longer safe...,
market,dlg,EntryList/39/Text,0,-1,Oh really! How silly!,
market,dlg,EntryList/4/Text,0,-1,BROKEN DIALOGUE,
market,dlg,EntryList/40/Text,0,-1,"Well, that's what he said, and he's not one for lies.",
market,dlg,EntryList/41/Text,0,-1,There were rumors going about in town that a War Wizard bought a unicorn horn. That means someone has been hunting the Forest Fold in Hullack Forest. ,
market,dlg,EntryList/42/Text,0,-1,It's sure to bring more trouble. We have enough raids out of Hullack without angering the Forest Folk.,
market,dlg,EntryList/43/Text,0,-1,That's a strange rumor. I think I remember someone saying something similar recently too.,
market,dlg,EntryList/44/Text,0,-1,"This is a very old rumor that has persisted for a long time, but they say there is a castle out on Lake Wyvernwater that rises and falls beneath the waves, and that it can only be found when there is mist on the lake. I don't give it much credence, but you asked for rumors.",
market,dlg,EntryList/45/Text,0,-1,I can't help wondering how Valetto is the only merchant whose ships have not once been pirated.,
market,dlg,EntryList/46/Text,0,-1,"I can't really understand how, with all this piracy on Lake Wyvernwater, no one has once caught any of the pirates.",
market,dlg,EntryList/47/Text,0,-1,There must be some kind of devilry afoot. There's no other explanation.,
market,dlg,EntryList/48/Text,0,-1,I hope you are not insinuating that the navy are not trying? My cousin Ayesunder is the admiral.,
market,dlg,EntryList/49/Text,0,-1,"Oh, my apologies! Of course not. There must be some kind of devilry afoot. There's no other explanation.",
market,dlg,EntryList/5/Text,0,-1,EVER WANT TO ADD ANY _ DO SO HERE.,
market,dlg,EntryList/50/Text,0,-1,Well the latest gossip is all about Sir Gilbert Hawklin. They say he is bankrupt and may have to sell his castle in Thunderstone.,
market,dlg,EntryList/51/Text,0,-1,I think that would be a shame.,
market,dlg,EntryList/52/Text,0,-1,"Well you shouldn't listen to such rubbish. My father's finances are fine, so please stop that gossip!",
market,dlg,EntryList/53/Text,0,-1,"Oh! I do beg your pardon my lady. It's just idle gossip, nothing more.",
market,dlg,EntryList/54/Text,0,-1,We're all discussing the jousting of course...,
market,dlg,EntryList/55/Text,0,-1,Sir Gilbert's nephew Sir Blakeney Hawklin is entering the next joust. He's quite fancied as he has a steady arm and a good strike on the center of the shield.,
market,dlg,EntryList/56/Text,0,-1,"A knight who leans to the right would probably break his lance, conceding the point. Sir Gilbert's popular and any Hawklin does well with the crowd, so they'll enjoy his victories.",
market,dlg,EntryList/57/Text,0,-1,Inuman Insar the gnome will be riding in his first joust. He's quite fancied as he has a steady arm and a good strike on the center of the shield.,
market,dlg,EntryList/58/Text,0,-1,"A knight who leans to the right would probably break his lance, and lose the point. Inuman's popular and if he does well will please the crowd.",
market,dlg,EntryList/59/Text,0,-1,<CUSTOM1065> is meant to be riding in the next joust. She's almost an unknown as she rarely enters the lists. A friend of mine works on her staff and she says <CUSTOM1065> is formidable.,
market,dlg,EntryList/6/Text,0,-1,"There's a rumor about <CUSTOM1068> going around. He's meant to be entering the next joust, and one of his opponents is whispering around that the way to beat him is to avoid lowering the shield and breaking his lance.",
market,dlg,EntryList/60/Text,0,-1,I've heard that her favored strike is high and wide. Her opponents don't think she has the strength so they always duck behind their lances for extra force and end up being unhorsed.,
market,dlg,EntryList/61/Text,0,-1,Would be nice to see a lady win the next tournament I think.,
market,dlg,EntryList/62/Text,0,-1,"I agree. If only it could be me...but, I've chosen another route for now.",
market,dlg,EntryList/63/Text,0,-1,"That's good information if she rides here, for I saw her do the same thing in a tourney in Arabel before the war.",
market,dlg,EntryList/64/Text,0,-1,We're all very excited since it's rumored that <CUSTOM1064> will ride in the next joust!,
market,dlg,EntryList/65/Text,0,-1,"He is a famous jouster. It will be very exciting to watch him, though my cousin said he always aims for the helm. Any knight could beat him if they just ducked their helm down!",
market,dlg,EntryList/66/Text,0,-1,I'd very much like to see <CUSTOM1064> ride. He has a reputation as a doughty fighter on foot too.,
market,dlg,EntryList/67/Text,0,-1,"The main talk is about the next tournament. I reckon <CUSTOM1063> has a good chance, don't you? His main weakness is that he always aims low to the left.",
market,dlg,EntryList/68/Text,0,-1,"He does it too often, but I guess enough opponents lean right for him to win through. Easy points for lance breaks seem to be his speciality.",
market,dlg,EntryList/69/Text,0,-1,It's true. I saw him ride in Marsember once and he did  the same thing there.,
market,dlg,EntryList/7/Text,0,-1,I've no idea if it's true though.,
market,dlg,EntryList/70/Text,0,-1,<CUSTOM1062> is quite fancied in the jousting in the next tournament but he always aims low. I believe one of the other knights will beat him easily as long as they don't lower their shield.,
market,dlg,EntryList/71/Text,0,-1,"I've watched a lot of jousts, and you can easily concede a point that way; they get a clean strike and break their lance.",
market,dlg,EntryList/72/Text,0,-1,"Everyone is talking about young <CUSTOM1061> and that he'll win the next joust, but my cousin said that he almost always goes for the helm.",
market,dlg,EntryList/73/Text,0,-1,His opponent almost always raises their shield in reflex and...bang! They're on the ground!,
market,dlg,EntryList/74/Text,0,-1,<StartAction>[You may add this to your journal in the completed section if you wish.]</Start>,
market,dlg,EntryList/75/Text,0,-1,Anything more you want?,
market,dlg,EntryList/76/Text,0,-1,"Cousin Azar? By Torm, that's absolutely right, he does too!",
market,dlg,EntryList/77/Text,0,-1,His opponent almost always raises their shield in reflex and...bang! They're on the ground!,
market,dlg,EntryList/78/Text,0,-1,A fine customer I reckon you'll be. That's worth a little chatter...,
market,dlg,EntryList/79/Text,0,-1,No,
market,dlg,EntryList/8/Text,0,-1,<StartAction>[You may add this to your journal in the completed section if you wish.]</Start>,
market,dlg,EntryList/80/Text,0,-1,There's money to be earned here. Do you think I have time for this?,
market,dlg,EntryList/81/Text,0,-1,"Nothing that I can think of, and anyway I'm too busy for such nonsense.",
market,dlg,EntryList/82/Text,0,-1,I doubt it.,
market,dlg,EntryList/83/Text,0,-1,Do I look that desperate! Go and bother someone else rather than insulting me with your offers!,
market,dlg,EntryList/84/Text,0,-1,You have a deal! Thanks. Now let me think....,
market,dlg,EntryList/85/Text,0,-1,"Well there's no need to be like that. If it's so important, let me think...",
market,dlg,EntryList/86/Text,0,-1,"I can't very well refuse you if you put it like that, can I? Let me see...",
market,dlg,EntryList/87/Text,0,-1,"I'm a trader. Don't you think it will take a more subtle approach than that to get a deal with me? Now go away, I have customers.",
market,dlg,EntryList/88/Text,0,-1,"I can see you are seriously in need of gossip! Very well, I'll tell you what I know, but keep your news, I shan't have others accuse me of rumor-mongering. Let me see...",
market,dlg,EntryList/89/Text,0,-1,"You have to make your own money these days. Many would choose adventuring, if only the price would come down for the Charter. You'll have to find work for yourself.",
market,dlg,EntryList/9/Text,0,-1,Anything more you want?,
market,dlg,EntryList/90/Text,0,-1,"There's not many jobs now, truth be told. Since the war, many an ex-soldier needs work.",
market,dlg,EntryList/91/Text,0,-1,"Well, Alice Broadhand over at the Six Coffers sometimes has a job that needs doing, but oft times her jobs are not the sort anyone would want.",
market,dlg,EntryList/92/Text,0,-1,"There's no easy way to make money in Thunderstone nowadays. Get yourself in the Archery Tourney or the General Melee if you fancy yourself handy with a weapon. Else, you'll have to look about.",
market,dlg,EntryList/93/Text,0,-1,Well hello there!,
market,dlg,EntryList/94/Text,0,-1,"<CUSTOM1021> <FirstName> <CUSTOM1053>, you grace my store with your presence!",
market,dlg,EntryList/95/Text,0,-1,The finest! The best! Only available here!,
market,dlg,EntryList/96/Text,0,-1,Step up! Step up! See my wares!,
market,dlg,ReplyList/0/Text,0,-1,I am done.,
market,dlg,ReplyList/1/Text,0,-1,Let me see what you have to sell.,
market,dlg,ReplyList/10/Text,0,-1,<StartAction>[No]</Start>,
market,dlg,ReplyList/11/Text,0,-1,<StartAction>[Yes]</Start>,
market,dlg,ReplyList/12/Text,0,-1,My thanks.,
market,dlg,ReplyList/15/Text,0,-1,<StartAction>[No]</Start>,
market,dlg,ReplyList/16/Text,0,-1,<StartAction>[Yes]</Start>,
market,dlg,ReplyList/17/Text,0,-1,My thanks.,
market,dlg,ReplyList/2/Text,0,-1,"I asked you about rumors and points of interest before. Remind me, what did you say?",
market,dlg,ReplyList/20/Text,0,-1,"Not really, but thanks anyway!",
market,dlg,ReplyList/24/Text,0,-1,My thanks.,
market,dlg,ReplyList/29/Text,0,-1,My thanks.,
market,dlg,ReplyList/3/Text,0,-1,I shall leave you to your business.,
market,dlg,ReplyList/30/Text,0,-1,My thanks.,
market,dlg,ReplyList/31/Text,0,-1,My thanks.,
market,dlg,ReplyList/32/Text,0,-1,My thanks.,
market,dlg,ReplyList/33/Text,0,-1,My thanks.,
market,dlg,ReplyList/35/Text,0,-1,My thanks.,
market,dlg,ReplyList/38/Text,0,-1,My thanks.,
market,dlg,ReplyList/4/Text,0,-1,I shall leave you to your business.,
market,dlg,ReplyList/40/Text,0,-1,My thanks.,
market,dlg,ReplyList/42/Text,0,-1,My thanks.,
market,dlg,ReplyList/44/Text,0,-1,My thanks.,
market,dlg,ReplyList/46/Text,0,-1,My thanks.,
market,dlg,ReplyList/48/Text,0,-1,My thanks.,
market,dlg,ReplyList/49/Text,0,-1,My thanks.,
market,dlg,ReplyList/5/Text,0,-1,"I am looking for rumors, points of interest, that sort of thing. Do you know any?",
market,dlg,ReplyList/51/Text,0,-1,My thanks.,
market,dlg,ReplyList/53/Text,0,-1,My thanks.,
market,dlg,ReplyList/55/Text,0,-1,My thanks.,
market,dlg,ReplyList/57/Text,0,-1,My thanks.,
market,dlg,ReplyList/7/Text,0,-1,My thanks.,
market,dlg,ReplyList/74/Text,0,-1,<StartAction>[No]</Start>,
market,dlg,ReplyList/75/Text,0,-1,<StartAction>[Yes]</Start>,
market,dlg,ReplyList/76/Text,0,-1,My thanks.,
market,dlg,ReplyList/78/Text,0,-1,I shall leave you to your business.,
market,dlg,ReplyList/79/Text,0,-1,I shall leave you to your business.,
market,dlg,ReplyList/80/Text,0,-1,I shall leave you to your business.,
market,dlg,ReplyList/81/Text,0,-1,Let me ask something else.,
market,dlg,ReplyList/82/Text,0,-1,Perhaps there is some way I can change your mind?,
market,dlg,ReplyList/83/Text,0,-1,Never mind then.,
market,dlg,ReplyList/84/Text,0,-1,How about a gold piece for a rumor?,
market,dlg,ReplyList/85/Text,0,-1,I shall leave you to your business.,
market,dlg,ReplyList/86/Text,0,-1,<StartCheck>[Intimidate]</Start> I don't like your attitude. Start talking or...,
market,dlg,ReplyList/87/Text,0,-1,<StartCheck>[Persuade]</Start> I am a little down on my luck. Perhaps I can turn the news to good use?,
market,dlg,ReplyList/88/Text,0,-1,"<StartCheck>[Bluff]</Start> Well, I'll tell you a piece of hot news in exchange.",
market,dlg,ReplyList/89/Text,0,-1,Goodbye.,
market,dlg,ReplyList/90/Text,0,-1,Where can I get a job in this town?,
market,dlg,ReplyList/91/Text,0,-1,Thanks. Can I ask something else?,
master,dlg,EntryList/0/Text,0,-1,"Please don't bother me now, <sir/madam>, I must concentrate on the jousting. There will be other tilts today.",
matron,dlg,EntryList/0/Text,0,-1,OPTIONS HERE FOR OUTCOMES OF 1ST CONVERSATION WITH MATRON,
matron,dlg,EntryList/1/Text,0,-1,"Look. If it helps, I promise I will pay him better, but it would help if you could get him to stop drinking all his pay. He is trouble enough as it is!",
matron,dlg,EntryList/10/Text,0,-1,Go ahead...,
matron,dlg,EntryList/11/Text,0,-1,What is it?,
matron,dlg,EntryList/12/Text,0,-1,"Well I'm no mood for chatter. The talk of the village is of course Sir Hawklin's tournament in Thunderstone, but if you're interested in that you should either get yourself up to Thunderstone, or ask someone else. Everyone here is happy to gossip about it for hours.",
matron,dlg,EntryList/13/Text,0,-1,"Well, I am not certain. It is beyond my skills, but I have heard that some smiths can reforge damaged or broken magic items. It is a skill that is sorely needed since the war.",
matron,dlg,EntryList/14/Text,0,-1,Were you away or something? The ghazneths drained most of the Crown's magic reserves. Just getting near one of those dreadful creatures was enough to drain the magic out of items. That's why we have so many cold iron weapons around now. It was the only thing that hurt them.,
matron,dlg,EntryList/15/Text,0,-1,"Feels like I spent my time making nothing else during the war. We're just glad it was worth it, though too many died.",
matron,dlg,EntryList/16/Text,0,-1,I have spent enough time on you. Be gone from my house now!,
matron,dlg,EntryList/17/Text,0,-1,"Greetings to you. I am Eladora Palmer, and you are...?",
matron,dlg,EntryList/18/Text,0,-1,What can I do for you?,
matron,dlg,EntryList/19/Text,0,-1,"Oh no, what has he done this time?",
matron,dlg,EntryList/2/Text,0,-1,Take this to Mander in the Alehouse. He'll witness it. It's a statement that I'll give Londro an increase in his wage. Will that do?,
matron,dlg,EntryList/20/Text,0,-1,Eh? Was he drunk again?,
matron,dlg,EntryList/21/Text,0,-1,Londro is always drunk and getting into trouble.,
matron,dlg,EntryList/22/Text,0,-1,Londro? If he can make magic items then he's been disguising his abilities well!,
matron,dlg,EntryList/23/Text,0,-1,"I don't know who told you he was so poor. I pay him handsomely, especially considering what a hopeless smith he is. Besides, how does he afford to drink if he hasn't got any money?",
matron,dlg,EntryList/25/Text,0,-1,And you clearly take advantage of him!,
matron,dlg,EntryList/26/Text,0,-1,Really?,
matron,dlg,EntryList/27/Text,0,-1,Well I have already given him a place to sleep and a good wage. What else can I do?,
matron,dlg,EntryList/28/Text,0,-1,Sounds like it. I'm not sure Londro's been honest with us.,
matron,dlg,EntryList/29/Text,0,-1,"Maybe I'll forget about the good wage I'm already paying him, aye, and the roof over his head, if he responds like this.",
matron,dlg,EntryList/3/Text,0,-1,Goodbye to you.,
matron,dlg,EntryList/30/Text,0,-1,You would commit murder on the word of a drunk?,
matron,dlg,EntryList/31/Text,0,-1,Slaying me would make you an outlaw across Cormyr!,
matron,dlg,EntryList/32/Text,0,-1,"Hmmm. Well, put like that perhaps we have done as much as we can?",
matron,dlg,EntryList/33/Text,0,-1,"She is right, <FirstName>. This has got out of hand. Let's just go and tell Londro we failed.",
matron,dlg,EntryList/34/Text,0,-1,<StartAction>[Success]</Start>Very well...<StartAction>[The Matron scrawls on a piece of parchment.]</Start> ,
matron,dlg,EntryList/35/Text,0,-1,I will extend still more charity to Londro in the hope that he can make something of himself...,
matron,dlg,EntryList/36/Text,0,-1,I have given enough charity to Londro and he repays me like this...,
matron,dlg,EntryList/37/Text,0,-1,Do so. The ungrateful sot...,
matron,dlg,EntryList/38/Text,0,-1,Perhaps we could take him with us?,
matron,dlg,EntryList/39/Text,0,-1,You are welcome to him!,
matron,dlg,EntryList/4/Text,0,-1,Welcome back. Did you need something more?,
matron,dlg,EntryList/40/Text,0,-1,<StartAction>[Success]</Start>Very well. I suppose I could do something. I'll pay him a little more...<StartAction>[The Matron scrawls on a piece of parchment.]</Start> ,
matron,dlg,EntryList/41/Text,0,-1,...with barely enought to eat!,
matron,dlg,EntryList/42/Text,0,-1,"You are a disgrace, woman, to exploit Londro so!",
matron,dlg,EntryList/43/Text,0,-1,"Well, I suggest you leave my house, since I am resting. You can come back later.",
matron,dlg,EntryList/5/Text,0,-1,What is it you want now?,
matron,dlg,EntryList/6/Text,0,-1,So you said already.,
matron,dlg,EntryList/7/Text,0,-1,"Well that is good news. I am not certain Londro will stick to it, but it was a worthy try.",
matron,dlg,EntryList/8/Text,0,-1,Was there anything else?,
matron,dlg,EntryList/9/Text,0,-1,Then goodbye to you.,
matron,dlg,ReplyList/1/Text,0,-1,"Don't forget your promise, or I'll be coming back!",
matron,dlg,ReplyList/11/Text,0,-1,Yes,
matron,dlg,ReplyList/12/Text,0,-1,I want to ask you about something.,
matron,dlg,ReplyList/13/Text,0,-1,What news is there?,
matron,dlg,ReplyList/14/Text,0,-1,"Thanks, I'll do that.",
matron,dlg,ReplyList/15/Text,0,-1,"I have the remains of my father's sword, which he always said was magic. Is it possible to do anything with this?",
matron,dlg,ReplyList/16/Text,0,-1,Well thanks. Goodbye then.,
matron,dlg,ReplyList/17/Text,0,-1,I have another question.,
matron,dlg,ReplyList/18/Text,0,-1,Why is that?,
matron,dlg,ReplyList/2/Text,0,-1,That sounds reasonable I suppose. I will speak to him,
matron,dlg,ReplyList/21/Text,0,-1,My name is not important.,
matron,dlg,ReplyList/22/Text,0,-1,I am <FullName>.,
matron,dlg,ReplyList/23/Text,0,-1,I want to talk to you about Londro.,
matron,dlg,ReplyList/24/Text,0,-1,"Nothing. The poor soul is working his heart out for you, and you treat him like a slave!",
matron,dlg,ReplyList/25/Text,0,-1,Londro has told me how you treat him like a slave! It is time you changed that.,
matron,dlg,ReplyList/26/Text,0,-1,What do you mean?,
matron,dlg,ReplyList/27/Text,0,-1,He promised to make me a magic item if I saw him freed from his servitude. Will you pay him more?,
matron,dlg,ReplyList/28/Text,0,-1,Perhaps that is because he is so poor that he can find no other escape from his daily drudgery?,
matron,dlg,ReplyList/29/Text,0,-1,You'll not argue your way out of this. Londro was sober and obviously in distress.,
matron,dlg,ReplyList/3/Text,0,-1,That will do fine. I will settle this now.,
matron,dlg,ReplyList/30/Text,0,-1,"No he was not drunk. He told me about how you treat him, forcing him to work all day in the forge.",
matron,dlg,ReplyList/31/Text,0,-1,What are you going to do about it?,
matron,dlg,ReplyList/32/Text,0,-1,Hmmm. Perhaps I have been too hasty.,
matron,dlg,ReplyList/34/Text,0,-1,"<StartCheck>[Intimidate]</Start>If you agree to start paying him properly, maybe I'll forget about it...",
matron,dlg,ReplyList/35/Text,0,-1,I am warning you. I will use force if you do not pay up!,
matron,dlg,ReplyList/4/Text,0,-1,Goodbye.,
matron,dlg,ReplyList/40/Text,0,-1,"<StartCheck>[Persuade]</Start>Isn't there something you can do about it, like paying him better?",
matron,dlg,ReplyList/41/Text,0,-1,Very well. I have tried my best. I will tell Londro that you refused.,
matron,dlg,ReplyList/47/Text,0,-1,"<StartCheck>[Intimidate]</Start> Let's get straight to the point. You'd better start paying Londro properly, or you'll answer to me!",
matron,dlg,ReplyList/48/Text,0,-1,Fine.,
matron,dlg,ReplyList/5/Text,0,-1,Before I go I have a question.,
matron,dlg,ReplyList/6/Text,0,-1,I am done.,
matron,dlg,ReplyList/7/Text,0,-1,I just came to tell you I managed to get an oath out of Londro to stop drinking.,
matron,dlg,ReplyList/9/Text,0,-1,"No, I am done thanks.",
meleemaster,dlg,EntryList/0/Text,0,-1,Step up. Step up if you're wanting to enter the General Melee!,
meleemaster,dlg,EntryList/1/Text,0,-1,"You do that, <sir/madam>.",
meleemaster,dlg,EntryList/2/Text,0,-1,Certainly. What is it?,
meleemaster,dlg,EntryList/3/Text,0,-1,There's several professionals here from other lands that we don't know much about. The half-elf woman Febring Krown is quite fancied. Sir Bron Huntsilver is getting a reputation in the melee too.,
meleemaster,dlg,EntryList/4/Text,0,-1,"Course, not everyone has their names down yet, but Lady Rowen Truesilver will be popular if she enters, since Sir Edgar is her cousin, but Mard Patson's the local champion. The crowd'll be backing him.",
meleemaster,dlg,EntryList/5/Text,0,-1,"Standard Thunderstone rules, <sir/madam>. All combatants fight on foot with blunted weapons and fight until one of them is left. You can enter by yourself or with companions if you like, and you can take whatever you like into the melee. We've got a priest of Lathander at the ready for the more bloody wounds. Never had a death yet!",
meleemaster,dlg,EntryList/6/Text,0,-1,"Though we've had a few close ones...real crowd-pleasers! Anyway, the prize for the most 'kills' is 100 golden lions, and there's also a prize of 20 golden lions for the last man standing.",
meleemaster,dlg,EntryList/7/Text,0,-1,"Very well. Step into the field of battle then <sir/madam> and we'll start the bout, since the list is now full...",
meleemaster,dlg,EntryList/8/Text,0,-1,"I'm sorry <sir/madam>, but we don't want such a large group entering the melee. Your team is too big...You can bring only two companions to help you. Are you afraid that it isn't enought to keep you alive?",
meleemaster,dlg,EntryList/9/Text,0,-1,The general melee is finished for today. I'm sure there are other entertainments though.,
meleemaster,dlg,ReplyList/0/Text,0,-1,I'm not interested.,
meleemaster,dlg,ReplyList/1/Text,0,-1,I'll just prepare myself first.,
meleemaster,dlg,ReplyList/10/Text,0,-1,"Fine, I'll get rid of one.",
meleemaster,dlg,ReplyList/11/Text,0,-1,Thanks.,
meleemaster,dlg,ReplyList/3/Text,0,-1,I have a question.,
meleemaster,dlg,ReplyList/4/Text,0,-1,Who's the favorite?,
meleemaster,dlg,ReplyList/6/Text,0,-1,What are the rules?,
meleemaster,dlg,ReplyList/8/Text,0,-1,I want to enter.,
mia,dlg,EntryList/0/Text,0,-1,"Not now please, dear. I'm a little busy.",
morfen,dlg,EntryList/0/Text,0,-1,What do you need?,
morfen,dlg,EntryList/1/Text,0,-1,"As I said, I'm not really interested in gossiping.",
morfen,dlg,EntryList/10/Text,0,-1,"I reckon Oversword Laheralson must have had an affair with Princess Alusair before she became regent, otherwise there's no way she would put up with his inaction over these raids!",
morfen,dlg,EntryList/11/Text,0,-1,Well I just think it's amazing what people can get away with these days.,
morfen,dlg,EntryList/12/Text,0,-1,I'd be careful where you voice that opinion about the Princess Regent.,
morfen,dlg,EntryList/13/Text,0,-1,"Well, I have a right to my opinion, don't I?",
morfen,dlg,EntryList/14/Text,0,-1,"You do, but there's some who might think ill of such views.",
morfen,dlg,EntryList/15/Text,0,-1,"The rumor's not a new one though, it has to be said.",
morfen,dlg,EntryList/16/Text,0,-1,"There was a murder last week. Some unfortunate knight new in to Thunderstone who was lured into the forest and slain. Thiodor Hurim, the Crown's agent, thinks that he was lured out by a woman claiming she had been attacked, and was then set upon.",
morfen,dlg,EntryList/17/Text,0,-1,We're all speculating about the weaver's daughter. She went up to Thunderstone and never came back. The weaver says she was abducted by the Sembians! Disgraceful that slavery is going on right under our noses!,
morfen,dlg,EntryList/18/Text,0,-1,We're all speculating about the weaver's daughter. She went up to Thunderstone and never came back. The weaver says she was abducted by the Sembians! Not sure if I believe that though...,
morfen,dlg,EntryList/19/Text,0,-1,We're all speculating about the weaver's daughter. She went up to Thunderstone and never came back. The weaver says she was abducted by the Sembians! Not sure if I believe that though...,
morfen,dlg,EntryList/2/Text,0,-1,I told you I am not going to impart such information to strangers. I haven't changed my mind.,
morfen,dlg,EntryList/20/Text,0,-1,"I heard that if you want access to stuff and you don't care about who rightfully owns it, then Alice Broadhand is the one for you. She often hangs out in the Six Coffers Trading Coster in Thunderstone.",
morfen,dlg,EntryList/21/Text,0,-1,They say the new smith in Thunderstone is excellent and used to forge magic weapons. Of course nowadays with such a shortage of regular arms she rarely gets the chance.,
morfen,dlg,EntryList/22/Text,0,-1,I am sure she would welcome the opportunity to work on magic again.,
morfen,dlg,EntryList/23/Text,0,-1,It is true that she is a very good smith.,
morfen,dlg,EntryList/24/Text,0,-1,"Sir Gilbert Hawklin has a lovely daughter, but he doesn't let her out much. Maybe she's got some sort of disease?",
morfen,dlg,EntryList/25/Text,0,-1,It seems a shame to keep her locked up.,
morfen,dlg,EntryList/26/Text,0,-1,"Well she's standing right in front of you, so that rumor is proved false!",
morfen,dlg,EntryList/27/Text,0,-1,"Oh! I do beg your pardon my lady. It's just idle gossip, nothing more.",
morfen,dlg,EntryList/28/Text,0,-1,Well there's a lot of fear in Thunderstone at the moment. Something is stalking the streets at night. My cousin said they'd seen an enormous bear!,
morfen,dlg,EntryList/29/Text,0,-1,Bad times when Thunderstone is no longer safe...,
morfen,dlg,EntryList/3/Text,0,-1,The main talk of course is the tournament up in Thunderstone. Many of the villagers have headed there. Hawklin's tournament is bound to offer opportunities...and gossip if that's your interest. As for rumors...hmm...,
morfen,dlg,EntryList/30/Text,0,-1,Oh really! How silly!,
morfen,dlg,EntryList/31/Text,0,-1,"Well, that's what he said, and he's not one for lies.",
morfen,dlg,EntryList/32/Text,0,-1,There were rumors going about in Thunderstone last time I was there that a War Wizard bought a unicorn horn. That means someone has been hunting the Forest Folk in Hullack Forest. ,
morfen,dlg,EntryList/33/Text,0,-1,It's sure to bring more trouble. We have enough raids out of Hullack without angering the Forest Folk.,
morfen,dlg,EntryList/34/Text,0,-1,That's a strange rumor. I think I remember someone saying something similar recently too.,
morfen,dlg,EntryList/35/Text,0,-1,"This is a very old rumor that has persisted for a long time, but they say there is a castle out on Lake Wyvernwater that rises and falls beneath the waves, and that it can only be found when there is mist on the lake. I don't give it much credence, but you asked for rumors.",
morfen,dlg,EntryList/36/Text,0,-1,I can't help wondering how Valetto is the only merchant whose ships have not once been pirated.,
morfen,dlg,EntryList/37/Text,0,-1,"I can't really understand how, with all this piracy on Lake Wyvernwater, no one has once caught any of the pirates.",
morfen,dlg,EntryList/38/Text,0,-1,There must be some kind of devilry afoot. There's no other explanation.,
morfen,dlg,EntryList/39/Text,0,-1,I hope you are not insinuating that the navy are not trying? My cousin Ayesunder is the admiral.,
morfen,dlg,EntryList/4/Text,0,-1,BROKEN DIALOGUE,
morfen,dlg,EntryList/40/Text,0,-1,"Oh, my apologies! Of course not. There must be some kind of devilry afoot. There's no other explanation.",
morfen,dlg,EntryList/41/Text,0,-1,Well the latest gossip is all about Sir Gilbert Hawklin. They say he is bankrupt and may have to sell his castle in Thunderstone.,
morfen,dlg,EntryList/42/Text,0,-1,"I think that would be a shame. Apparently, he paid for most of the new walls for Thunderstone. There's no justice in it.",
morfen,dlg,EntryList/43/Text,0,-1,"Well you shouldn't listen to such rubbish. My father's finances are fine, so please stop that gossip!",
morfen,dlg,EntryList/44/Text,0,-1,"Oh! I do beg your pardon my lady. It's just idle gossip, nothing more.",
morfen,dlg,EntryList/45/Text,0,-1,We're all discussing the jousting of course...,
morfen,dlg,EntryList/46/Text,0,-1,Sir Gilbert's nephew Sir Blakeney Hawklin is entering the next joust. He's quite fancied as he has a steady arm and a good strike on the center of the shield.,
morfen,dlg,EntryList/47/Text,0,-1,"A knight who leans to the right would probably break his lance, conceding the point. Sir Gilbert's popular and any Hawklin does well with the crowd, so they'll enjoy his victories.",
morfen,dlg,EntryList/48/Text,0,-1,Inuman Insar the gnome will be riding in his first joust. He's quite fancied as he has a steady arm and a good strike on the center of the shield.,
morfen,dlg,EntryList/49/Text,0,-1,"A knight who leans to the right would probably break his lance, and lose the point. Inuman's popular and if he does well will please the crowd.",
morfen,dlg,EntryList/5/Text,0,-1,EVER WANT TO ADD ANY _ DO SO HERE.,
morfen,dlg,EntryList/50/Text,0,-1,<CUSTOM1065> is meant to be riding in the tournament. She's almost an unknown as she rarely enters the lists. A friend of mine works on her staff and she says <CUSTOM1065> is formidable.,
morfen,dlg,EntryList/51/Text,0,-1,I've heard that her favored strike is high and wide. Her opponents don't think she has the strength so they always duck behind their lances for extra force and end up being unhorsed.,
morfen,dlg,EntryList/52/Text,0,-1,Would be nice to see a lady win the next tournament I think.,
morfen,dlg,EntryList/53/Text,0,-1,"I agree. If only it could be me...but, I've chosen another route for now.",
morfen,dlg,EntryList/54/Text,0,-1,"That's good information if she rides here, for I saw her do the same thing in a tourney in Arabel before the war.",
morfen,dlg,EntryList/55/Text,0,-1,We're all very excited since it's rumored that <CUSTOM1064> will ride in tournament! I'm going to go and watch him.,
morfen,dlg,EntryList/56/Text,0,-1,"He is a famous jouster. It will be very exciting to watch him, though my cousin said he always aims for the helm. Any knight could beat him if they just ducked their helm down!",
morfen,dlg,EntryList/57/Text,0,-1,I'd very much like to see <CUSTOM1064> ride. He has a reputation as a doughty fighter on foot too.,
morfen,dlg,EntryList/58/Text,0,-1,"The main talk is about the tournament in Thunderstone. I reckon <CUSTOM1063> has a good chance, don't you? His main weakness is that he always aims low to the left.",
morfen,dlg,EntryList/59/Text,0,-1,"He does it too often, but I guess enough opponents lean right for him to win through. Easy points for lance breaks seem to be his speciality.",
morfen,dlg,EntryList/6/Text,0,-1,"Well, last week Londro drank so much ale that he started throwing axes at the alehouse door. You can see the marks in the wood.",
morfen,dlg,EntryList/60/Text,0,-1,It's true. I saw him ride in Marsember once and he did  the same thing there.,
morfen,dlg,EntryList/61/Text,0,-1,<CUSTOM1062> is quite fancied in the jousting in the next tournament but he always aims low. I believe one of the other knights will beat him easily as long as they don't lower their shield.,
morfen,dlg,EntryList/62/Text,0,-1,"I've watched a lot of jousts, and you can easily concede a point that way; they get a clean strike and break their lance.",
morfen,dlg,EntryList/63/Text,0,-1,"Everyone is talking about young <CUSTOM1061> and that he'll win the next joust, but my cousin said that he almost always goes for the helm.",
morfen,dlg,EntryList/64/Text,0,-1,His opponent almost always raises their shield in reflex and...bang! They're on the ground!,
morfen,dlg,EntryList/65/Text,0,-1,<StartAction>[You may add this to your journal in the completed section if you wish.]</Start>,
morfen,dlg,EntryList/66/Text,0,-1,Anything more you want?,
morfen,dlg,EntryList/67/Text,0,-1,"Cousin Azar? By Torm, that's absolutely right, he does too!",
morfen,dlg,EntryList/68/Text,0,-1,His opponent almost always raises their shield in reflex and...bang! They're on the ground!,
morfen,dlg,EntryList/69/Text,0,-1,Let me see...,
morfen,dlg,EntryList/7/Text,0,-1,"Oh, er, perhaps not what you were really after?",
morfen,dlg,EntryList/70/Text,0,-1,It seems that adventurers have nothing better to do than to pass idle gossip. The rest of us however have lives to lead.,
morfen,dlg,EntryList/71/Text,0,-1,Nothing I want to share.,
morfen,dlg,EntryList/72/Text,0,-1,"If you like gossip, Thunderstone's the place to go. We all have lives to live here.",
morfen,dlg,EntryList/73/Text,0,-1,It takes a little more than a chance meeting for me to start gossiping.,
morfen,dlg,EntryList/74/Text,0,-1,"Nothing that I can think of, and anyway I'm too busy for such nonsense.",
morfen,dlg,EntryList/75/Text,0,-1,I doubt it.,
morfen,dlg,EntryList/76/Text,0,-1,Do I look that desperate! Go and bother someone else rather than insulting me with your offers!,
morfen,dlg,EntryList/77/Text,0,-1,You have a deal! Thanks. Now let me think....,
morfen,dlg,EntryList/78/Text,0,-1,"Well there's no need to be like that. If it's so important, let me think...",
morfen,dlg,EntryList/79/Text,0,-1,"I can't very well refuse you if you put it like that, can I? Let me see...",
morfen,dlg,EntryList/8/Text,0,-1,Oh really! Why would we want to hear such a thing?,
morfen,dlg,EntryList/80/Text,0,-1,Such simple tactics do not work on me. I shall not be gossiping with strangers. Good day to you.,
morfen,dlg,EntryList/81/Text,0,-1,No. I'm not going to gossip whatever you say.,
morfen,dlg,EntryList/82/Text,0,-1,"I can see you are seriously in need of gossip! Very well, I'll tell you what I know, but keep your news, I shan't have others accuse me of rumor-mongering. Let me see...",
morfen,dlg,EntryList/83/Text,0,-1,I don't gossip with strangers about my friends.,
morfen,dlg,EntryList/84/Text,0,-1,That sort of gossip'll cost you an ale.,
morfen,dlg,EntryList/85/Text,0,-1,"Well, you think about whether you'd like to buy me one then.",
morfen,dlg,EntryList/86/Text,0,-1,Which do you want to know about? Londro Hardhelm or the 'Matron'?,
morfen,dlg,EntryList/87/Text,0,-1,"Oh, Eladora's got a heart of gold. She always helps those in need and stays in Morfen even though her skill could find her work in a town. Most people think highly of her here.",
morfen,dlg,EntryList/88/Text,0,-1,"The 'Matron' is a tough woman, and keeps her prices too high in my opinion. Five golden lions for a plow head? What sport of price is that?",
morfen,dlg,EntryList/89/Text,0,-1,"He does his job well enough, despite his circumstances. Can't complain really.",
morfen,dlg,EntryList/9/Text,0,-1,Now that is high quality gossip for you <FirstName>! Perhaps we should help the poor fellow out!,
morfen,dlg,EntryList/90/Text,0,-1,"Londro's a good man, or I should say dwarf, for a story and a drink. Some of the best company in the village!",
morfen,dlg,EntryList/91/Text,0,-1,He's a drunken idiot and totally useless. I don't know why the 'Matron' keeps him on.,
morfen,dlg,EntryList/92/Text,0,-1,Which do you want to know about? Londro Hardhelm or the 'Matron'?,
morfen,dlg,EntryList/93/Text,0,-1,That sort of gossip'll cost you an ale.,
morfen,dlg,EntryList/94/Text,0,-1,Of course. What are you looking for?,
morfen,dlg,EntryList/95/Text,0,-1,Just opposite the alehouse.,
morfen,dlg,EntryList/96/Text,0,-1,"We don't really have shops in Morfen, but there is the smithy of course. Londro or the 'Matron' will sell most things.",
morfen,dlg,EntryList/97/Text,0,-1,Well Brondar has a strange assortment that he'll sell. His house is next door to the alehouse.,
morfen,dlg,EntryList/98/Text,0,-1,"Well, you're in the wrong place! That's in Thunderstone. Head up the road from the east side of the village. If you're quick you might catch the tournament too.",
morfen,dlg,EntryList/99/Text,0,-1,That's in Thunderstone. You need to take the road out of the east side of the village. There's a caravan about to leave. It might be safer if you went with them.,
morfen,dlg,ReplyList/0/Text,0,-1,I am done.,
morfen,dlg,ReplyList/1/Text,0,-1,"I asked you about rumors and points of interest before. Remind me, what did you say?",
morfen,dlg,ReplyList/12/Text,0,-1,My thanks.,
morfen,dlg,ReplyList/17/Text,0,-1,My thanks.,
morfen,dlg,ReplyList/18/Text,0,-1,My thanks.,
morfen,dlg,ReplyList/19/Text,0,-1,My thanks.,
morfen,dlg,ReplyList/2/Text,0,-1,I shall leave you to your business.,
morfen,dlg,ReplyList/20/Text,0,-1,My thanks.,
morfen,dlg,ReplyList/21/Text,0,-1,My thanks.,
morfen,dlg,ReplyList/23/Text,0,-1,My thanks.,
morfen,dlg,ReplyList/26/Text,0,-1,My thanks.,
morfen,dlg,ReplyList/28/Text,0,-1,My thanks.,
morfen,dlg,ReplyList/3/Text,0,-1,I shall leave you to your business.,
morfen,dlg,ReplyList/30/Text,0,-1,My thanks.,
morfen,dlg,ReplyList/32/Text,0,-1,My thanks.,
morfen,dlg,ReplyList/34/Text,0,-1,My thanks.,
morfen,dlg,ReplyList/36/Text,0,-1,My thanks.,
morfen,dlg,ReplyList/37/Text,0,-1,My thanks.,
morfen,dlg,ReplyList/39/Text,0,-1,My thanks.,
morfen,dlg,ReplyList/4/Text,0,-1,"I am looking for rumors, points of interest, that sort of thing. Do you know any?",
morfen,dlg,ReplyList/41/Text,0,-1,My thanks.,
morfen,dlg,ReplyList/43/Text,0,-1,My thanks.,
morfen,dlg,ReplyList/45/Text,0,-1,My thanks.,
morfen,dlg,ReplyList/6/Text,0,-1,My thanks.,
morfen,dlg,ReplyList/60/Text,0,-1,<StartAction>[No]</Start>,
morfen,dlg,ReplyList/61/Text,0,-1,<StartAction>[Yes]</Start>,
morfen,dlg,ReplyList/62/Text,0,-1,My thanks.,
morfen,dlg,ReplyList/64/Text,0,-1,I shall leave you to your business.,
morfen,dlg,ReplyList/65/Text,0,-1,I shall leave you to your business.,
morfen,dlg,ReplyList/66/Text,0,-1,I'll leave you now.,
morfen,dlg,ReplyList/67/Text,0,-1,Let's talk about something else.,
morfen,dlg,ReplyList/68/Text,0,-1,Perhaps there is some way I can change your mind?,
morfen,dlg,ReplyList/69/Text,0,-1,Never mind then.,
morfen,dlg,ReplyList/70/Text,0,-1,How about a gold piece for a rumor?,
morfen,dlg,ReplyList/71/Text,0,-1,I shall leave you to your business.,
morfen,dlg,ReplyList/72/Text,0,-1,<StartCheck>[Intimidate]</Start> I don't like your attitude. Start talking or...,
morfen,dlg,ReplyList/73/Text,0,-1,<StartCheck>[Persuade]</Start> I am a little down on my luck. Perhaps I can turn the news to good use?,
morfen,dlg,ReplyList/74/Text,0,-1,"<StartCheck>[Bluff]</Start> Well, I'll tell you a piece of hot news in exchange.",
morfen,dlg,ReplyList/75/Text,0,-1,Goodbye.,
morfen,dlg,ReplyList/76/Text,0,-1,What can you tell me about the smith here in the village?,
morfen,dlg,ReplyList/77/Text,0,-1,Goodbye then.,
morfen,dlg,ReplyList/78/Text,0,-1,Let me ask something else then.,
morfen,dlg,ReplyList/79/Text,0,-1,I don't have any.,
morfen,dlg,ReplyList/8/Text,0,-1,"Not really, but thanks anyway!",
morfen,dlg,ReplyList/80/Text,0,-1,Here you go.,
morfen,dlg,ReplyList/81/Text,0,-1,Tell me about the 'Matron',
morfen,dlg,ReplyList/82/Text,0,-1,Tell me about Londro Hardhelm,
morfen,dlg,ReplyList/83/Text,0,-1,Can you help me with directions?,
morfen,dlg,ReplyList/84/Text,0,-1,Where is the 'Matron's' house?,
morfen,dlg,ReplyList/85/Text,0,-1,Where can I find merchants to trade with?,
morfen,dlg,ReplyList/86/Text,0,-1,My thanks to you.,
morfen,dlg,ReplyList/87/Text,0,-1,My thanks to you.,
morfen,dlg,ReplyList/88/Text,0,-1,I need to know the way to Sir Hawklin's castle.,
morfen,dlg,ReplyList/89/Text,0,-1,My thanks to you.,
morfen,dlg,ReplyList/90/Text,0,-1,My thanks to you.,
morfen,dlg,ReplyList/91/Text,0,-1,Thanks. Can I ask something else?,
noble,dlg,EntryList/0/Text,0,-1,"Whatever it is you are trying to sell, I am not interested.",
noble,dlg,EntryList/1/Text,0,-1,Uggh! Peasants!,
noble,dlg,EntryList/2/Text,0,-1,Good day to you <CUSTOM1021> <FirstName>.,
noble,dlg,EntryList/3/Text,0,-1,"I hope you will come to my next banquet, <CUSTOM1021> <FirstName>?",
noble,dlg,EntryList/4/Text,0,-1,I am afraid I am busy.,
oilbarrel,dlg,EntryList/0/Text,0,-1,<StartAction>[A hefty barrel of oil. If lit with a tinder it would probably explode in a few seconds.]</Start>,
oilbarrel,dlg,ReplyList/0/Text,0,-1,<StartAction>[Leave the barrel alone]</Start>,
oilbarrel,dlg,ReplyList/1/Text,0,-1,<StartAction>[Use your tinderbox to make a tinder plug and light it.]</Start>,
oilbarrel,dlg,ReplyList/2/Text,0,-1,<StartAction>[Pick up the barrel]</Start>,
oldhelp,dlg,EntryList/0/Text,0,-1,Help! Wait...! Please wait! Help!,
oldman,dlg,EntryList/0/Text,0,-1,I must be going...,
oldman,dlg,EntryList/1/Text,0,-1,I must go and see to Mary's grave...,
oldman,dlg,EntryList/10/Text,0,-1,We have to be practical. We cannot save every person who gets into trouble. Probably we were too late anyway.,
oldman,dlg,EntryList/11/Text,0,-1,Sometimes caution is better than blind bravery. Perhaps it was for the best.,
oldman,dlg,EntryList/12/Text,0,-1,"I am not comfortable with our actions, <FirstName>. I don't think such...cowardice...becomes us.",
oldman,dlg,EntryList/13/Text,0,-1,Is that why we ran? I am ashamed.,
oldman,dlg,EntryList/14/Text,0,-1,"Oh good, you have returned, thank Lathander. I was too scared to wait...",
oldman,dlg,EntryList/15/Text,0,-1,A trap? How do you mean?,
oldman,dlg,EntryList/16/Text,0,-1,Well of course not! What happened to the woman. Did you save her?,
oldman,dlg,EntryList/17/Text,0,-1,Well I am just glad that you came away safely. I am only sorry that I have played an unwitting part in this. I am truly sorry <sir/madam>.,
oldman,dlg,EntryList/18/Text,0,-1,"Well...yes, if it is in my power and does not take me too far from Mary's grave.",
oldman,dlg,EntryList/19/Text,0,-1,Oh! No gold <sir/madam>. I am a pauper. I must go now and tend to Mary...good <quarterday> to you.,
oldman,dlg,EntryList/2/Text,0,-1,Oh Mary...I miss you so much...,
oldman,dlg,EntryList/20/Text,0,-1,I will do so.,
oldman,dlg,EntryList/21/Text,0,-1,Well...I thank you for your help. I shall leave you now.,
oldman,dlg,EntryList/22/Text,0,-1,"She died as she deserved, as the perpetrators of treachery should. I should know about such things...",
oldman,dlg,EntryList/23/Text,0,-1,"She was an evil wizard, but she will not trouble any more innocents.",
oldman,dlg,EntryList/24/Text,0,-1,Don't worry for her. She was part of the trap and met with a fate she deserved.,
oldman,dlg,EntryList/25/Text,0,-1,We did not save her. She was at the very heart of the ruse; the beast that led us into the trap. I think Torm would rejoice at her death.,
oldman,dlg,EntryList/26/Text,0,-1,Me? Involved in a trap?,
oldman,dlg,EntryList/27/Text,0,-1,Oh please! I beg you! Mary needs me!,
oldman,dlg,EntryList/28/Text,0,-1,<StartAction>[He leaps clear in a flash and flees...]</Start>,
oldman,dlg,EntryList/29/Text,0,-1,"What? Oh, I see...this is some sort of test. Well I promise you <sir/madam>, I was not involved in any way.",
oldman,dlg,EntryList/3/Text,0,-1,"Please, I need to look after Mary's grave...",
oldman,dlg,EntryList/30/Text,0,-1,<StartAction>[Success]</Start> What? You are a disgrace! You made a deal with a murderer and you try to say I'm involved? I am going to call the Watch!,
oldman,dlg,EntryList/31/Text,0,-1,"I may be old, but I do not give in to threats, especially when falsely accused.",
oldman,dlg,EntryList/32/Text,0,-1,"<StartAction>[Success]</Start> Oh <sir/madam>, I swear it, I had nothing to do with it! Please don't hurt me. Who will tend to Mary's grave?",
oldman,dlg,EntryList/33/Text,0,-1,You have a twisted mind <FirstName>. I hope you are not wrong with this.,
oldman,dlg,EntryList/34/Text,0,-1,"Er...<FirstName>, I am not so sure.",
oldman,dlg,EntryList/35/Text,0,-1,But he's just an old man!,
oldman,dlg,EntryList/36/Text,0,-1,"Hmmm, that makes some sense...",
oldman,dlg,EntryList/37/Text,0,-1,I must go...,
oldman,dlg,EntryList/4/Text,0,-1,"Oh, that is your family's grave is it? Terrible times we live in. Terrible times. Who would do such a thing as that?",
oldman,dlg,EntryList/5/Text,0,-1,I haven't seen anybody about and I come here a lot. The grave was damaged shortly after the last tournament I think. Maybe Jenny Drabb could tell you as she spends some time here as well.,
oldman,dlg,EntryList/6/Text,0,-1,"She doesn't live in Thunderstone, but in a hamlet nearby, but she does come in to town a lot. I know she stays at the Furniture's Fate most times.",
oldman,dlg,EntryList/7/Text,0,-1,"Oh good, you have returned, thank Lathander. I was too scared to wait...",
oldman,dlg,EntryList/8/Text,0,-1,"Well, I guess we are not the bravest. Let's hope she was alright...",
oldman,dlg,EntryList/9/Text,0,-1,"I have reported it to the Watch, so we have done what we can I suppose. I must get back now to tending Mary's grave....",
oldman,dlg,ReplyList/0/Text,0,-1,Sorry for disturbing you.,
oldman,dlg,ReplyList/1/Text,0,-1,My father's grave has been defaced. Do you know anything about it?,
oldman,dlg,ReplyList/16/Text,0,-1,It was a trap.,
oldman,dlg,ReplyList/17/Text,0,-1,"Don't worry, I know you were not involved.",
oldman,dlg,ReplyList/18/Text,0,-1,She was part of it. I was lured into an ambush.,
oldman,dlg,ReplyList/19/Text,0,-1,I think you should make up for it in some way.,
oldman,dlg,ReplyList/2/Text,0,-1,Did you see anything?,
oldman,dlg,ReplyList/20/Text,0,-1,Tend to the grave. I suppose that is enough.,
oldman,dlg,ReplyList/21/Text,0,-1,I want some gold. What have you got?,
oldman,dlg,ReplyList/23/Text,0,-1,Go and say a penance for the next 7 days to <Deity>.,
oldman,dlg,ReplyList/24/Text,0,-1,So you should be.,
oldman,dlg,ReplyList/25/Text,0,-1,You are forgiven your part.,
oldman,dlg,ReplyList/3/Text,0,-1,That's what I'm asking you.,
oldman,dlg,ReplyList/31/Text,0,-1,I think you were involved.,
oldman,dlg,ReplyList/32/Text,0,-1,I have decided to kill you for your part.,
oldman,dlg,ReplyList/33/Text,0,-1,<StartAction>[Kill the old man]</Start>,
oldman,dlg,ReplyList/35/Text,0,-1,"Don't pretend ignorance. You were part of it, and now I'm going to report you to the Watch.",
oldman,dlg,ReplyList/36/Text,0,-1,"<StartCheck>[Bluff]</Start> It was just a ruse to lure the unwary to their deaths, but we did a deal. The woman in the blue dress said you played your part well.",
oldman,dlg,ReplyList/37/Text,0,-1,<StartCheck>[Intimidate]</Start> Start talking old man. You were involved weren't you?,
oldman,dlg,ReplyList/38/Text,0,-1,Enough! I am done with you.,
oldman,dlg,ReplyList/39/Text,0,-1,"Perhaps I was mistaken, and you were not involved after all.",
oldman,dlg,ReplyList/4/Text,0,-1,Thanks,
oldman,dlg,ReplyList/5/Text,0,-1,Where can I find her?,
oldman,dlg,ReplyList/6/Text,0,-1,Thanks,
oldman,dlg,ReplyList/7/Text,0,-1,I decided not to investigate further.,
oldman,dlg,ReplyList/8/Text,0,-1,"I figured if you weren't going to stick around, nor was I.",
oldman,dlg,ReplyList/9/Text,0,-1,"So was I, so I also ran away.",
pdkbarrow,dlg,EntryList/0/Text,0,-1,Thanks for your help.,
pdkbarrow,dlg,EntryList/1/Text,0,-1,Looks like the battle will soon be ours!,
pdkbarrow,dlg,EntryList/2/Text,0,-1,It's good to be alive!,
pdkbarrow,dlg,EntryList/3/Text,0,-1,My thanks for your help.,
pdkbarrow,dlg,EntryList/4/Text,0,-1,You saved me. I thank you.,
pdkbarrow,dlg,EntryList/5/Text,0,-1,Thanks for your help! I though I was done for!,
pdkbarrow,dlg,EntryList/6/Text,0,-1,I'm glad to hear he's alive. I'll go at once.,
pdkbarrow,dlg,EntryList/7/Text,0,-1,I'm with you.,
pdkbarrow,dlg,EntryList/8/Text,0,-1,That's far enough for me without orders. I'll meet you back at the entrance.,
pdkbarrow,dlg,ReplyList/0/Text,0,-1,Make your way back to the barrow entrance where Edgar Truesilver is waiting.,
pdkbarrow,dlg,ReplyList/1/Text,0,-1,"Follow me, there are more enemies to face.",
pdkbarrow,dlg,ReplyList/2/Text,0,-1,OK,
pdkbarrow,dlg,ReplyList/3/Text,0,-1,OK,
polterblade,dlg,EntryList/0/Text,0,-1,"<StartAction>[The blade shivers slightly in your hand, then you hear a whispered voice on the edge of hearing... ]</Start>",
polterblade,dlg,EntryList/1/Text,0,-1,Freeeeee meeeeeeeeee... .,
polterblade,dlg,EntryList/10/Text,0,-1,It... is not... working.,
polterblade,dlg,EntryList/11/Text,0,-1,<StartAction>[Success]</Start> I... I can feel the bonds breaking!,
polterblade,dlg,EntryList/12/Text,0,-1,Please... pray then.,
polterblade,dlg,EntryList/13/Text,0,-1,<StartAction>[Success]</Start> I... I can feel the bonds breaking!,
polterblade,dlg,EntryList/14/Text,0,-1,Then it... will be... too late. I will be... bound to the... blade... and to you... until I fade.,
polterblade,dlg,EntryList/15/Text,0,-1,No. The blade... has powers... that come... from my strength... but if... you use them... you destroy me... in time.,
polterblade,dlg,EntryList/16/Text,0,-1,Once... I was... a warrior in a time... when Cormanthyr was... a great forest. I dared... to desire an elf... maiden in a time... when elves and men... were not friends. Janielle she was... named. Her father... said we could marry if... I brought him a... locket that was in a... burial chamber where... this fort was later built.,
polterblade,dlg,EntryList/17/Text,0,-1,"I found... the locket, defeating... the Undead... spirits that... guarded it, but... as I came out of... the tomb... Janielle's father was waiting. He took... the locket I handed... to him... then ran me through... with his blade. I fell back... into the barrow. My spine was severed... but I did not die... for many days. Perhaps... I did not die at all.",
polterblade,dlg,EntryList/18/Text,0,-1,"Every day... I urged my body... to move, but it... never... did. I heard one... of the spirits... in the grave calling... to me at... the edge... of my mind. I thought... it was madness. We spoke... a deal... offered to show me how... to move. Then, one day... I felt my arm lift... and I stood... with my sword in... my hand.",
polterblade,dlg,EntryList/19/Text,0,-1,But when... I looked down... my body still lay... on the floor... and the spirit was... within the blade... with me. Stronger... than me... the spirit. Too... strong for... me to break free... even though you ... have defeated it. You... must... free... me.,
polterblade,dlg,EntryList/2/Text,0,-1,You have destroyed... me... Never will I have... the strength to... speak again... ,
polterblade,dlg,EntryList/3/Text,0,-1,<StartAction>[You hear a long whispered sigh from the blade.]</Start>,
polterblade,dlg,EntryList/4/Text,0,-1,My spirit... is trapped... within this blade. Now... I am bound... to you. Please... release me while I have the strength... to break... free.,
polterblade,dlg,EntryList/5/Text,0,-1,You can... only free me... if you have... the blessing... of a priest... Special holy water... or if... you are a priest... yourself... and have... the power.,
polterblade,dlg,EntryList/6/Text,0,-1,It... will not work... We know that... now.,
polterblade,dlg,EntryList/7/Text,0,-1,Then... take the sword... It is better I serve a good <man/woman> for... a few moments.. than lie here for eternity...,
polterblade,dlg,EntryList/8/Text,0,-1,Goodbye... Never will I have... the strength to... speak again... ,
polterblade,dlg,EntryList/9/Text,0,-1,Please... try... ,
polterblade,dlg,ReplyList/1/Text,0,-1,<StartAction>[Take the sword.]</Start>,
polterblade,dlg,ReplyList/10/Text,0,-1,I am a cleric. I will call upon the powers of <Deity> to release your spirit.,
polterblade,dlg,ReplyList/11/Text,0,-1,<StartCheck>[Concentration]</Start> <StartAction>[Pray]</Start>,
polterblade,dlg,ReplyList/13/Text,0,-1,What happens if I can't free you?,
polterblade,dlg,ReplyList/14/Text,0,-1,Will that harm me?,
polterblade,dlg,ReplyList/15/Text,0,-1,Who are you?,
polterblade,dlg,ReplyList/2/Text,0,-1,<StartAction>[Take some of the special Holy Water prepared by Magnus and sprinkle it on the blade.]</Start>,
polterblade,dlg,ReplyList/3/Text,0,-1,<StartAction>[DONE]</Start>,
polterblade,dlg,ReplyList/4/Text,0,-1,How can I free you?,
polterblade,dlg,ReplyList/6/Text,0,-1,I am a paladin. Perhaps my blessing is enough. I will pray to <Deity> for help.,
polterblade,dlg,ReplyList/7/Text,0,-1,I cannot free you. I'm sorry.,
polterblade,dlg,ReplyList/8/Text,0,-1,<StartAction>[Take the sword.]</Start>,
polterblade,dlg,ReplyList/9/Text,0,-1,<StartCheck>[Concentration]</Start> <StartAction>[Pray]</Start>,
prayer,dlg,EntryList/0/Text,0,-1,Can't you see I am praying?,
prisoner,dlg,EntryList/0/Text,0,-1,"<StartAction>[The satyr looks at you with mad eyes. It speaks, but the words are not directed at you.]</Start>",
prisoner,dlg,EntryList/1/Text,0,-1,"They bite in the night, but they die in the day. Destroy their beds, or they won't go away!",
prisoner,dlg,EntryList/2/Text,0,-1,"<StartAction>[The satyr nods, and makes its way painfully out of the cell...]</Start>",
prisoner,dlg,EntryList/3/Text,0,-1,"<StartAction>[A tear trickles from the satyr's eye, but there is no sanity there.]</Start>",
prisoner,dlg,ReplyList/1/Text,0,-1,<StartAction>[Leave the satyr there.]</Start>,
prisoner,dlg,ReplyList/2/Text,0,-1,"Go, you are free. Do you understand?",
prisoner,dlg,ReplyList/4/Text,0,-1,What are you talking about?,
purpledragon1,dlg,EntryList/0/Text,0,-1,STANDARD DIALOGUES GO HERE,
purpledragon1,dlg,EntryList/1/Text,0,-1,What do you need?,
purpledragon1,dlg,EntryList/10/Text,0,-1,"Well there's really three places to head for then. There's a smith in Wangle's Livery, though she has little stock. Or you could try Magurk's place. That's probably the most reasonably priced. The Six Coffers Trading Coster have by far the most stock, though they're a little pricey. You can find all three on the north and east side of the main square.",
purpledragon1,dlg,EntryList/11/Text,0,-1,"One-armed Magurk's is the place for the best prices and also where most Adventurers go. He's low on stock since the war, but still the best place in town. You'll find his place just north of the square next to the livery.",
purpledragon1,dlg,EntryList/12/Text,0,-1,I recommend you head up to the Six Coffers Trading Coster. They have everything. It's on the dockside to the north of the main square.,
purpledragon1,dlg,EntryList/13/Text,0,-1,When the tournament runs you can get access to the grounds by just heading over to the east side of town.,
purpledragon1,dlg,EntryList/14/Text,0,-1,"Sir Hawklin's castle is at the south end of Thunderstone. You can't miss it, it's a big stone structure.",
purpledragon1,dlg,EntryList/15/Text,0,-1,It's at the south end of town.,
purpledragon1,dlg,EntryList/16/Text,0,-1,The Shrine of Tempus caters for all. Head to the main square and it's on the south side.,
purpledragon1,dlg,EntryList/17/Text,0,-1,"Forget the nearest. The best inn is the Furniture's Fate on the east side of the square. The Sign of Thunder, which is nearest to the bridge, isn't half as nice, and of course the Bear's Den is closed now.",
purpledragon1,dlg,EntryList/18/Text,0,-1,"I recommend the Sign of Thunder. It's the one nearest to the bridge. There's the Furniture's Fate of course, which also welcomes travelers, but it really gets too noisy in there. If that's more your sort, it's on the east side of the square.",
purpledragon1,dlg,EntryList/19/Text,0,-1,"Well there's two inns in Thunderstone where you'd be welcome; the Bear's Den is closed now, and the Dragon's Den only welcomes soldiers. The Sign of Thunder is close to the bridge, just a little southeast. The Furniture's Fate is on the east side of the main square. Both are lively places.",
purpledragon1,dlg,EntryList/2/Text,0,-1,"You have to make your own money these days. Many would choose adventuring, if only the price would come down for the Charter. You'll have to find work for yourself.",
purpledragon1,dlg,EntryList/20/Text,0,-1,Best if you're quick. I am on duty.,
purpledragon1,dlg,EntryList/21/Text,0,-1,Adventurers eh? Perhaps I should check your Charter if you don't stop bothering me?,
purpledragon1,dlg,EntryList/22/Text,0,-1,I am on duty. Please do not disturb me now <sir/madam>.,
purpledragon1,dlg,EntryList/23/Text,0,-1,"<CUSTOM1021> <LastName>, what can I do for you?",
purpledragon1,dlg,EntryList/3/Text,0,-1,"There's not many jobs now, truth be told. Since the war, many an ex-soldier needs work.",
purpledragon1,dlg,EntryList/4/Text,0,-1,"Well, Alice Broadhand over at the Six Coffers sometimes has a job that needs doing, but oft times her jobs are not the sort anyone would want.",
purpledragon1,dlg,EntryList/5/Text,0,-1,"There's no easy way to make money in Thunderstone nowadays. Maybe your best hope is the next tournament? If you're prepared to fight, there's a General Melee with cash prizes up for grabs. Last man standing, that sort of thing.",
purpledragon1,dlg,EntryList/6/Text,0,-1,Of course. What are you looking for?,
purpledragon1,dlg,EntryList/7/Text,0,-1,At the south and west corner of town. The gravedigger's place is there too if you need something.,
purpledragon1,dlg,EntryList/8/Text,0,-1,Are you after goods or livestock?,
purpledragon1,dlg,EntryList/9/Text,0,-1,For horses the only place to go is Wangle's Livery on the east side of the square behind the Furniture's Fate.,
purpledragon1,dlg,ReplyList/0/Text,0,-1,Can I ask you a question?,
purpledragon1,dlg,ReplyList/1/Text,0,-1,I'm done.,
purpledragon1,dlg,ReplyList/10/Text,0,-1,My thanks to you.,
purpledragon1,dlg,ReplyList/11/Text,0,-1,Goods,
purpledragon1,dlg,ReplyList/12/Text,0,-1,My thanks to you.,
purpledragon1,dlg,ReplyList/13/Text,0,-1,My thanks to you.,
purpledragon1,dlg,ReplyList/14/Text,0,-1,My thanks to you.,
purpledragon1,dlg,ReplyList/15/Text,0,-1,Where is the tournament ground?,
purpledragon1,dlg,ReplyList/16/Text,0,-1,My thanks to you.,
purpledragon1,dlg,ReplyList/17/Text,0,-1,I need to know the way to Sir Hawklin's castle.,
purpledragon1,dlg,ReplyList/18/Text,0,-1,My thanks to you.,
purpledragon1,dlg,ReplyList/19/Text,0,-1,My thanks to you.,
purpledragon1,dlg,ReplyList/2/Text,0,-1,Where can I get a job in this town?,
purpledragon1,dlg,ReplyList/20/Text,0,-1,I need the nearest place of healing.,
purpledragon1,dlg,ReplyList/21/Text,0,-1,My thanks to you.,
purpledragon1,dlg,ReplyList/22/Text,0,-1,I need the nearest inn.,
purpledragon1,dlg,ReplyList/23/Text,0,-1,My thanks to you.,
purpledragon1,dlg,ReplyList/24/Text,0,-1,My thanks to you.,
purpledragon1,dlg,ReplyList/25/Text,0,-1,My thanks to you.,
purpledragon1,dlg,ReplyList/26/Text,0,-1,Thanks. Can I ask something else?,
purpledragon1,dlg,ReplyList/3/Text,0,-1,I am done.,
purpledragon1,dlg,ReplyList/4/Text,0,-1,Thanks. Can I ask something else?,
purpledragon1,dlg,ReplyList/5/Text,0,-1,Can you help me with directions?,
purpledragon1,dlg,ReplyList/6/Text,0,-1,Where is the cemetery?,
purpledragon1,dlg,ReplyList/7/Text,0,-1,My thanks to you.,
purpledragon1,dlg,ReplyList/8/Text,0,-1,Where can I find merchants to trade with?,
purpledragon1,dlg,ReplyList/9/Text,0,-1,Livestock if that includes horses.,
q3d_debris,dlg,EntryList/0/Text,0,82025,The room ahead does not appear to be safe. The ceiling itself seems precariously close to giving way and crushing anyone underneath it.,앞쪽 복도는 안전해 보이지 않습니다. 천장이 금방이라도 무너져 아래에 있는 이를 깔아뭉갤 듯합니다.
ring1,dlg,EntryList/0/Text,0,-1,Look! What a strange ring!,
rope,dlg,EntryList/0/Text,0,-1,<StartAction>[You could use a rope here. Do you wish to?]</Start>,
rope,dlg,ReplyList/0/Text,0,-1,No.,
rope,dlg,ReplyList/1/Text,0,-1,Yes.,
rope1,dlg,EntryList/0/Text,0,-1,<StartAction>[You could use a rope here to get across the chasm. Do you wish to?]</Start>,
rope1,dlg,ReplyList/0/Text,0,-1,No.,
rope1,dlg,ReplyList/1/Text,0,-1,Yes.,
rope2,dlg,EntryList/0/Text,0,-1,<StartAction>[You can re-use your rope here to get across the chasm. Do you wish to?]</Start>,
rope2,dlg,ReplyList/0/Text,0,-1,No.,
rope2,dlg,ReplyList/1/Text,0,-1,Yes.,
rope2b,dlg,EntryList/0/Text,0,-1,<StartAction>[You can use your rope here to get across the chasm. Do you wish to?]</Start>,
rope2b,dlg,ReplyList/0/Text,0,-1,No.,
rope2b,dlg,ReplyList/1/Text,0,-1,Yes.,
rope3,dlg,EntryList/0/Text,0,-1,<StartAction>[You could use a rope here to get across the sandbar and up the stone stack. Do you wish to?]</Start>,
rope3,dlg,ReplyList/0/Text,0,-1,No.,
rope3,dlg,ReplyList/1/Text,0,-1,Yes.,
rope4,dlg,EntryList/0/Text,0,-1,<StartAction>[You can re-use your rope here to get back. Do you wish to?]</Start>,
rope4,dlg,ReplyList/0/Text,0,-1,No.,
rope4,dlg,ReplyList/1/Text,0,-1,Yes.,
ropenpc,dlg,EntryList/0/Text,0,-1,<FirstName>! I think I could use my rope here...,
sailor,dlg,EntryList/0/Text,0,-1,Ahoy there matey!,
sailor,dlg,EntryList/1/Text,0,-1,A fine day for sailin' it is!,
sailor,dlg,EntryList/10/Text,0,-1,"There's a shrine here, though me and the lads usually find a bottle of Hultail Spirits does the job just as well!",
sailor,dlg,EntryList/11/Text,0,-1,If you want to get drunk and then find a place to spend all your money...well Thunderstone's not the place to do it. You should set sail for Wheloon! Aye! But the Furniture's Fate is not a bad place. You'll find it on the east side of the square.,
sailor,dlg,EntryList/12/Text,0,-1,"<CUSTOM1021> <LastName> <CUSTOM1053>, what be you awantin'?",
sailor,dlg,EntryList/2/Text,0,-1,"I'll be bettin' you're wantin' to be a sailor to sail the high seas! Well it takes a brave heart, I can tell ya!",
sailor,dlg,EntryList/3/Text,0,-1,What can I do for you?,
sailor,dlg,EntryList/4/Text,0,-1,"There's always girls by the docks o' course! Us sailing lads seem to attract them...but I'm thinkin' you mean the girl of Latim Bey, the Master's son. Bright young thing she is. Think they're in the cabin on board ship. Can't imagine what they're up to!",
sailor,dlg,EntryList/5/Text,0,-1,"Well there's no berths on our ship, if that's what you're askin'. Couldn't say what's available in town.",
sailor,dlg,EntryList/6/Text,0,-1,Of course. What are you looking for?,
sailor,dlg,EntryList/7/Text,0,-1,The Six Coffers Trading Coster takes our cargos. You'll find it on the dockside on the east side of town.,
sailor,dlg,EntryList/8/Text,0,-1,When the tournament runs you can get access to the grounds by just heading over to the east side of town.,
sailor,dlg,EntryList/9/Text,0,-1,I'm not a local but I'm guessin' it's the big stone building at the south end of town.,
sailor,dlg,ReplyList/10/Text,0,-1,My thanks to you.,
sailor,dlg,ReplyList/11/Text,0,-1,I need to know the way to Sir Hawklin's castle.,
sailor,dlg,ReplyList/12/Text,0,-1,My thanks to you.,
sailor,dlg,ReplyList/13/Text,0,-1,I need the nearest place of healing.,
sailor,dlg,ReplyList/14/Text,0,-1,My thanks to you.,
sailor,dlg,ReplyList/15/Text,0,-1,I need the nearest inn.,
sailor,dlg,ReplyList/16/Text,0,-1,My thanks to you.,
sailor,dlg,ReplyList/17/Text,0,-1,Thanks. Can I ask something else?,
sailor,dlg,ReplyList/18/Text,0,-1,Nothing.,
sailor,dlg,ReplyList/19/Text,0,-1,I have a question.,
sailor,dlg,ReplyList/2/Text,0,-1,I am done.,
sailor,dlg,ReplyList/3/Text,0,-1,I'm looking for a girl by the name of Eleanor Fullstone. Have you seen any girls by the docks?,
sailor,dlg,ReplyList/4/Text,0,-1,My thanks to you.,
sailor,dlg,ReplyList/5/Text,0,-1,Where can I get a job in this town?,
sailor,dlg,ReplyList/6/Text,0,-1,Can you help me with directions?,
sailor,dlg,ReplyList/7/Text,0,-1,Where can I find merchants to trade with?,
sailor,dlg,ReplyList/8/Text,0,-1,My thanks to you.,
sailor,dlg,ReplyList/9/Text,0,-1,Where is the tournament ground?,
salvatori1,dlg,EntryList/0/Text,0,-1,Dreadful news about your home and family...,
salvatori1,dlg,EntryList/1/Text,0,-1,What can I do for you?,
salvatori1,dlg,EntryList/10/Text,0,-1,"We are. I am Jonas <LastName>, and this is my <brother/sister> <FirstName> <CUSTOM1006>.",
salvatori1,dlg,EntryList/11/Text,0,-1,"Ah yes, you're renting one of my new farms, aren't you? How's it going? A good investment eh?",
salvatori1,dlg,EntryList/12/Text,0,-1,What? That is terrible news! How could this keep happening!,
salvatori1,dlg,EntryList/13/Text,0,-1,"Oh, I am very sorry for your losses... and more of my farms burnt. People killed... where are these raiders coming from?",
salvatori1,dlg,EntryList/14/Text,0,-1,"There are many raids at present. They must be stopped! Families are dying and properties are being destroyed. It's destroying the lumber business too, and Cormyr can ill afford that.",
salvatori1,dlg,EntryList/15/Text,0,-1,These are hard times to do business in. Even worse for those poor wretches just trying to make a living from the land.,
salvatori1,dlg,EntryList/16/Text,0,-1,"And yet there's no one who seems able to stop it, except perhaps Sir Gilbert Hawklin.",
salvatori1,dlg,EntryList/17/Text,0,-1,"Have you heard that Sir Hawklin is holding tournaments in Thunderstone to find worthy men and women to stop the raids? Course you have, it's the talk of the town! A fine friend is Sir Hawklin, but he can barely afford even to pay his own soldiers. I hope his tournaments pay off; someone has to stop these raids.",
salvatori1,dlg,EntryList/18/Text,0,-1,I already do what I can to stop the raids. I don't have any troops. I have to rely on the authorities in Thunderstone and they are too busy worrying about Sembian invasions. The war left Cormyr vulnerable.,
salvatori1,dlg,EntryList/19/Text,0,-1,"Sir Gilbert Hawklin is our best hope. He coordinates a defense of sorts. Unfortunately, he is almost bankrupt from paying for the walls of Thunderstone, so it is I that bankrolls him. Without me, there would be no defense at all. It's a tough time to do business, that's for certain.",
salvatori1,dlg,EntryList/2/Text,0,-1,"Yes, so are we. ",
salvatori1,dlg,EntryList/20/Text,0,-1,The raids hurt me too. I already invest a lot in preventing them. I cannot afford more.,
salvatori1,dlg,EntryList/21/Text,0,-1,"Well, I have a caravan of lumber about to head up to Thunderstone. I can take you on as guards 'till we get there. You should seek out Sir Gilbert Hawklin in Thunderstone, as he may be able to make use of you. He hates these raids and may offer you the hope of revenge.",
salvatori1,dlg,EntryList/22/Text,0,-1,Are you certain? It might be dangerous.,
salvatori1,dlg,EntryList/23/Text,0,-1,"That is your choice of course. I advise you to close any affairs here before you do though, as it is likely the road to Morfen will soon be closed.",
salvatori1,dlg,EntryList/24/Text,0,-1,"No, but I am offering you a safer way to travel to Thunderstone than travelling alone.",
salvatori1,dlg,EntryList/25/Text,0,-1,"It's an offer of safety, not for pay. Take it or leave it. It's all I can offer.",
salvatori1,dlg,EntryList/26/Text,0,-1,"<StartAction>[Success]</Start> Hmmm, I suppose so. Very well, I shall pay you the one way fee of five golden lions.",
salvatori1,dlg,EntryList/27/Text,0,-1,"We're leaving fairly soon, so return when you are ready and we'll set off.",
salvatori1,dlg,EntryList/28/Text,0,-1,Be reasonable. The destruction of my farms hardly leaves me with money to spare!,
salvatori1,dlg,EntryList/29/Text,0,-1,<StartAction>[Success]</Start> Oh very well. Here are a few golden lions to get you started off. ,
salvatori1,dlg,EntryList/3/Text,0,-1,"Here, you will need this. It is a Merchant's Charter that allows you to carry weapons in defense of my caravans for a period of seven days.",
salvatori1,dlg,EntryList/30/Text,0,-1,A pleasure. Was there anything else?,
salvatori1,dlg,EntryList/31/Text,0,-1,Have a heart Valetto! Help us get back on our feet!,
salvatori1,dlg,EntryList/4/Text,0,-1,Let's be on the road then. This could be my last trip to Morfen. You should also finish up anything you need to do here. I reckon the road'll be closed if the raids continue. ,
salvatori1,dlg,EntryList/5/Text,0,-1,Well get on with it then.,
salvatori1,dlg,EntryList/6/Text,0,-1,"Sir Gilbert Hawklin will hold two tournaments in Thunderstone, one of them in a couple of days. He hopes to attract the finest knights in the land. I understand that while the knights are in Thunderstone he hopes to persuade at least some of them to help find and destroy the raiders.",
salvatori1,dlg,EntryList/7/Text,0,-1,"The joust is mainly for knights, though others have been known to enter in the past. If you were thinking of riding, you'd need a horse of course. Alternatively there is usually a general melee that takes place on foot. I understand a good fighter can win a bit in that if they avoid getting their head cracked open!",
salvatori1,dlg,EntryList/8/Text,0,-1,"Well Sir Hawklin is interested in men and women of substance so he will be watching the jousts. Normal jousting rules apply, though I doubt whether Sir Hawklin actually minds who wins and loses, but more who is interested in helping out. I understand the jousting will be for prestige only, with the winner's prize very little, and certainly taking no spoils from the loser.",
salvatori1,dlg,EntryList/9/Text,0,-1,Hello there. Aren't you Patrick <LastName>'s children?,
salvatori1,dlg,ReplyList/1/Text,0,-1,"Nothing else, thanks.",
salvatori1,dlg,ReplyList/10/Text,0,-1,Let me ask something else.,
salvatori1,dlg,ReplyList/11/Text,0,-1,Can anyone enter the tournament?,
salvatori1,dlg,ReplyList/12/Text,0,-1,How will the best knights be judged?,
salvatori1,dlg,ReplyList/14/Text,0,-1,Hello.,
salvatori1,dlg,ReplyList/15/Text,0,-1,We have been raided!,
salvatori1,dlg,ReplyList/16/Text,0,-1,The farm is destroyed and our father and families murdered.,
salvatori1,dlg,ReplyList/18/Text,0,-1,We don't know.,
salvatori1,dlg,ReplyList/19/Text,0,-1,Raiders? This is common?,
salvatori1,dlg,ReplyList/2/Text,0,-1,I am ready to leave.,
salvatori1,dlg,ReplyList/23/Text,0,-1,Thanks for the information. I must go now.,
salvatori1,dlg,ReplyList/24/Text,0,-1,It was your land the raiders attacked. What can you do about it?,
salvatori1,dlg,ReplyList/26/Text,0,-1,"We are penniless. Since we rented from you, maybe you can help us?",
salvatori1,dlg,ReplyList/27/Text,0,-1,We seek revenge. Can you help?,
salvatori1,dlg,ReplyList/28/Text,0,-1,"I see, then I shall leave you.",
salvatori1,dlg,ReplyList/29/Text,0,-1,Is there nothing you can do to help us?,
salvatori1,dlg,ReplyList/30/Text,0,-1,I'm not interested. I will travel alone.,
salvatori1,dlg,ReplyList/31/Text,0,-1,I've changed my mind. I'll come with you.,
salvatori1,dlg,ReplyList/32/Text,0,-1,I will go alone as I said.,
salvatori1,dlg,ReplyList/33/Text,0,-1,Let me ask you about something.,
salvatori1,dlg,ReplyList/34/Text,0,-1,Are you offering to pay us?,
salvatori1,dlg,ReplyList/35/Text,0,-1,<StartCheck>[Persuade]</Start> But there is danger nonetheless. It is only fair that we are paid.,
salvatori1,dlg,ReplyList/36/Text,0,-1,Fine. When do we leave?,
salvatori1,dlg,ReplyList/37/Text,0,-1,Fine. I'll take your offer as a caravan guard. When do we leave?,
salvatori1,dlg,ReplyList/38/Text,0,-1,I will do so.,
salvatori1,dlg,ReplyList/39/Text,0,-1,Why not?,
salvatori1,dlg,ReplyList/40/Text,0,-1,"<StartCheck>[Persuade]</Start> Please, we just need a little money!",
salvatori1,dlg,ReplyList/41/Text,0,-1,Thank you.,
salvatori1,dlg,ReplyList/42/Text,0,-1,No. I shall leave you now.,
salvatori1,dlg,ReplyList/5/Text,0,-1,I have to finish up something before we leave.,
salvatori1,dlg,ReplyList/6/Text,0,-1,I'll be back soon.,
salvatori1,dlg,ReplyList/7/Text,0,-1,<StartAction>[Leave Morfen]</Start>,
salvatori1,dlg,ReplyList/8/Text,0,-1,What can you tell me about these tournaments of Sir Hawklin's?,
salvatori1,dlg,ReplyList/9/Text,0,-1,Thanks. I am done.,
salvatori2,dlg,EntryList/0/Text,0,-1,Make sure the area is secure.,
salvatori2,dlg,EntryList/1/Text,0,-1,Eh?,
salvatori2,dlg,EntryList/10/Text,0,-1,Come <FirstName>. He's done a little to help us. He didn't have to.,
salvatori2,dlg,EntryList/11/Text,0,-1,"<StartCheck>[Persuade]</Start> Come on, Valetto! We've saved your pocket. How about some reward for us?",
salvatori2,dlg,EntryList/12/Text,0,-1,"My pocket's already empty Jonas, because of the raids.",
salvatori2,dlg,EntryList/13/Text,0,-1,"The horse is pay enough. My pocket's already empty Jonas, because of the raids.",
salvatori2,dlg,EntryList/14/Text,0,-1,<StartAction>[Success]</Start> Oh very well then...,
salvatori2,dlg,EntryList/15/Text,0,-1,<StartAction>[Success]</Start> I suppose that's fair.,
salvatori2,dlg,EntryList/16/Text,0,-1,"Here, I'll give you an extra 5 golden lions, plus 2 golden lions for every bandit you killed.",
salvatori2,dlg,EntryList/17/Text,0,-1,"No trouble. As I said though, you may as well head on without us as you're close to Thunderstone, and we'll be stuck here a few more hours yet.",
salvatori2,dlg,EntryList/18/Text,0,-1,Perhaps we'll meet in Thunderstone? The tournament should offer you some opportunities to recover your fortunes.,
salvatori2,dlg,EntryList/19/Text,0,-1,Since you <CUSTOM1023> you deserve a little extra reward. One of the bandit's horses survived. You've earned it. Why don't you take it?,
salvatori2,dlg,EntryList/2/Text,0,-1,"Go on <man/woman>, get yourself to Thunderstone. You've done enough here.",
salvatori2,dlg,EntryList/20/Text,0,-1,"Well it looks like we're in for a beautiful sunrise, should get a nice red sky. Might as well enjoy it, since we're forced to.",
salvatori2,dlg,EntryList/21/Text,0,-1,"We've got a spot of trouble. We'll have to stop here for a moment since the wheel is loose on that wagon. Make yourself useful and scout about, my <lad/lass>. I don't want to get caught unawares on the road.",
salvatori2,dlg,EntryList/22/Text,0,-1,"Safe as anywhere else, and I'd rather have a wagon with a half-working wheel, than one without. If we have to make a run for it I might keep the wagon that way. We're not far from Thunderstone, so we should be fine. Keep your eyes open though.",
salvatori2,dlg,EntryList/23/Text,0,-1,"Still, we can't just sit here and look at it. I have a caravan to look after, and you are supposed to be guarding it.",
salvatori2,dlg,EntryList/3/Text,0,-1,"Ah, you came through eh? A very tough fight that one. I saw that you<CUSTOM1024> <CUSTOM1023>. You kept them busy, that's the main thing and we'd have struggled without you.",
salvatori2,dlg,EntryList/4/Text,0,-1,I think you've earned your passage. You needn't stay with us as we clear up. It's not far to Thunderstone; just across the bridge. You may as well head off without us.,
salvatori2,dlg,EntryList/5/Text,0,-1,Goodbye <FirstName>. I'm sure we shall meet again in Thunderstone!,
salvatori2,dlg,EntryList/6/Text,0,-1,The chance of a fight was included in the original deal.,
salvatori2,dlg,EntryList/7/Text,0,-1,"Let's part here as friends. Maybe in the future I'll be of some service to you, but not right now.",
salvatori2,dlg,EntryList/8/Text,0,-1,Some people are never thankful!,
salvatori2,dlg,EntryList/9/Text,0,-1,"I agree with you, but either way let's just get on shall we?",
salvatori2,dlg,ReplyList/11/Text,0,-1,Fine.,
salvatori2,dlg,ReplyList/15/Text,0,-1,It's not much!,
salvatori2,dlg,ReplyList/16/Text,0,-1,Thanks.,
salvatori2,dlg,ReplyList/18/Text,0,-1,Thanks,
salvatori2,dlg,ReplyList/19/Text,0,-1,Shouldn't we keep moving?,
salvatori2,dlg,ReplyList/20/Text,0,-1,How come?,
salvatori2,dlg,ReplyList/21/Text,0,-1,Fine. I will do so.,
salvatori2,dlg,ReplyList/22/Text,0,-1,Are we safe to stop here?,
salvatori2,dlg,ReplyList/23/Text,0,-1,It is indeed beautiful.,
salvatori2,dlg,ReplyList/3/Text,0,-1,Goodbye then.,
salvatori2,dlg,ReplyList/5/Text,0,-1,<StartCheck>[Persuade]</Start> How about some pay for the extra danger?,
salvatori2,dlg,ReplyList/7/Text,0,-1,It's hard to be friends with someone so miserly.,
salvatori3,dlg,EntryList/0/Text,0,-1,Chokepoint 2,
salvatori3,dlg,EntryList/1/Text,0,-1,"Let's come to a deal <FirstName>. Whatever your mission is here, what concerns me now is my ship. I'll take my ship and sail it from the castle. I'll stop the piracy on Lake Wyvernwater and you can say you have destroyed the pirates. How about it? What would interest you?",
salvatori3,dlg,EntryList/10/Text,0,-1,"I won't permit you to make deals with this man, who stole so much from my family.",
salvatori3,dlg,EntryList/11/Text,0,-1,He must pay!,
salvatori3,dlg,EntryList/12/Text,0,-1,"Then I am out of here! You can deal with this without my help from now on, <FirstName>!",
salvatori3,dlg,EntryList/13/Text,0,-1,Are you actually going through with this?,
salvatori3,dlg,EntryList/14/Text,0,-1,"No, I think 5,000 is enough.",
salvatori3,dlg,EntryList/15/Text,0,-1,"<StartAction>[Success]</Start> 10,000, that's a lot, but I suppose so.",
salvatori3,dlg,EntryList/16/Text,0,-1,"That's too much to ask. You'll bankrupt me! 5,000 golden lions is all I can offer, and that's a fortune.",
salvatori3,dlg,EntryList/17/Text,0,-1,<StartAction>[Success]</Start> OK! OK! You have a deal!,
salvatori3,dlg,EntryList/18/Text,0,-1,He's a rich one. Ask him for money.,
salvatori3,dlg,EntryList/19/Text,0,-1,We should only consider a deal if it's something we can use to save lives.,
salvatori3,dlg,EntryList/2/Text,0,-1,"Money? Let me go free and I'll pay you...well...5,000 golden lions?",
salvatori3,dlg,EntryList/20/Text,0,-1,"A deal, <FirstName>? What could he possibly offer that we want?",
salvatori3,dlg,EntryList/21/Text,0,-1,Then prepare to die!,
salvatori3,dlg,EntryList/22/Text,0,-1,"Your piracy is at an end, Valetto. Now it is time to face the law!",
salvatori3,dlg,EntryList/23/Text,0,-1,What? You scum! Now you shall pay for it...!,
salvatori3,dlg,EntryList/24/Text,0,-1,"Yes, Valetto! How do you feel about that, you treacherous thief!",
salvatori3,dlg,EntryList/25/Text,0,-1,I'm out of here!,
salvatori3,dlg,EntryList/26/Text,0,-1,"Well, <FirstName>, what's it to be?",
salvatori3,dlg,EntryList/27/Text,0,-1,"You have to understand. I'm not a pirate for the fun of it. I have turned to piracy for my master Wyvernvapor. We needed money and land in order to find something, the legendary Wyvern Crown, before it fell into the hands of evil.",
salvatori3,dlg,EntryList/28/Text,0,-1,"I have my own reputation and my life. I put both at risk for what is right. Sometimes the greater good needs some sacrifices to be made along the way. Judge me harshly if you like <FirstName>, but I think you would have done the same in my shoes.",
salvatori3,dlg,EntryList/29/Text,0,-1,We should stay calm and rational. The important thing is that we stop the death and destruction in Cormyr. That's what matters here.,
salvatori3,dlg,EntryList/3/Text,0,-1,I don't have that kind of money on me. I'll have to pay you next time I'm in Thunderstone.,
salvatori3,dlg,EntryList/30/Text,0,-1,"It makes no sense at all. I hope you're not going to just stand by and expect me to take this, <FirstName>!",
salvatori3,dlg,EntryList/31/Text,0,-1,"There is a sort of twisted logic to it, but not one that I buy, to be honest.",
salvatori3,dlg,EntryList/32/Text,0,-1,"I gave Sir Hawklin all the help I could. It's true that I have attacked the ships of his business partner, but against that I have told him many times that Imelda does not guard her ships properly.",
salvatori3,dlg,EntryList/33/Text,0,-1,"Also, I bought his farmland from him for a fair price, when no one else would, because of the raids.",
salvatori3,dlg,EntryList/34/Text,0,-1,Oh come on! What sort of excuse is that?,
salvatori3,dlg,EntryList/35/Text,0,-1,"If it saves lives, perhaps it's the right choice? Evil is not always such an obvious thing.",
salvatori3,dlg,EntryList/36/Text,0,-1,"Well spoken, <CUSTOM1020>. My thoughts exactly.",
salvatori3,dlg,EntryList/37/Text,0,-1,You think the right way to go about it is to strip my father of all his money? That's the best way to leave Cormyr open to evil!,
salvatori3,dlg,EntryList/38/Text,0,-1,"Well, there's a sight I had not expected to see. So you're the one causing the disturbance in the castle, <FirstName>.",
salvatori3,dlg,EntryList/39/Text,0,-1,"I'm disappointed <FirstName>. You seemed such a sensible <lad/lass>, and after all I've done for you.",
salvatori3,dlg,EntryList/4/Text,0,-1,"Well, if I don't you can just reveal I'm a pirate and then I'll have to get out of Cormyr.",
salvatori3,dlg,EntryList/40/Text,0,-1,"Come on <FirstName>! If it hadn't been for me, you would have been stripped of your possessions and jailed by the Purple Dragons! I bought an Adventurer's Charter for you, and never asked for the money it cost.",
salvatori3,dlg,EntryList/41/Text,0,-1,You cannot deny that it served us all that the raids from Polter's Fort were stopped. If you had been thrown in jail there would have been no one to deal with the raiders.,
salvatori3,dlg,EntryList/42/Text,0,-1," As it was, you did a fine job. You got your revenge, Hawklin had his victory and Wyvernvapor had the interference with his plans stopped. Fewer innocents will die in raids and others will avoid the misfortune you suffered.",
salvatori3,dlg,EntryList/43/Text,0,-1,"This is not some kind of business deal, Valetto. If you loved Cormyr, you'd have paid for the Charter yourself, not charged it to Sir Gilbert.",
salvatori3,dlg,EntryList/44/Text,0,-1,"I of all people should be able to recognize a traitor when I see one. I see one standing in front of me, Valetto.",
salvatori3,dlg,EntryList/45/Text,0,-1,"You're a cruel one Valetto. My father has done nothing but help you, but you've burdened him with debts.",
salvatori3,dlg,EntryList/46/Text,0,-1,"I suppose we can thank you for your help, Valetto, though I don't think you actually did it for us.",
salvatori3,dlg,EntryList/47/Text,0,-1,Hawklin could afford it. He was at that time your master.,
salvatori3,dlg,EntryList/48/Text,0,-1,"Then you have a debt to him as well, don't you?",
salvatori3,dlg,EntryList/49/Text,0,-1,"It doesn't matter. The point is, if I had not been there to rescue you, you would even now be sitting in jail. Instead you look like you have done well for yourself. You owe much of that to me whether you like it or not.",
salvatori3,dlg,EntryList/5/Text,0,-1,I will arrange to take my ship out of the castle now.,
salvatori3,dlg,EntryList/6/Text,0,-1,I can't do that. The dragon mustn't find out I've crossed him until I get out...,
salvatori3,dlg,EntryList/7/Text,0,-1,Here...take this as a gesture to seal the deal. You'll find me a good partner. Goodbye now.,
salvatori3,dlg,EntryList/8/Text,0,-1,A strange choice <FirstName>. I hope it is the right one.,
salvatori3,dlg,EntryList/9/Text,0,-1,No! I'll not stand here while you let this dog go!,
salvatori3,dlg,ReplyList/1/Text,0,-1,I could be interested in a deal. What can you offer?,
salvatori3,dlg,ReplyList/12/Text,0,-1,You're right.,
salvatori3,dlg,ReplyList/13/Text,0,-1,"I think his reasons were strong enough, and the money will serve us better than his death.",
salvatori3,dlg,ReplyList/15/Text,0,-1,"That's not good enough. Prepare to die, Valetto!",
salvatori3,dlg,ReplyList/17/Text,0,-1,"<StartCheck>[Persuade]</Start> Make it 10,000 and you have a deal.",
salvatori3,dlg,ReplyList/18/Text,0,-1,<StartCheck>[Intimidate]</Start> Here's the deal. You work for me now. You will give me a quarter share of all loot or I come after you and kill you.,
salvatori3,dlg,ReplyList/2/Text,0,-1,Agreed.,
salvatori3,dlg,ReplyList/22/Text,0,-1,"No deals, Valetto. I came to destroy you.",
salvatori3,dlg,ReplyList/25/Text,0,-1,It's too late. I've already set your ship on fire.,
salvatori3,dlg,ReplyList/3/Text,0,-1,Then the deal's off. Prepare to die.,
salvatori3,dlg,ReplyList/30/Text,0,-1,I suppose that makes some sense.,
salvatori3,dlg,ReplyList/34/Text,0,-1,But you were betraying Sir Hawklin!,
salvatori3,dlg,ReplyList/36/Text,0,-1,You lied and cheated him.,
salvatori3,dlg,ReplyList/38/Text,0,-1,You can't defeat evil by committing more evil!,
salvatori3,dlg,ReplyList/4/Text,0,-1,How do I know you'll pay?,
salvatori3,dlg,ReplyList/43/Text,0,-1,What have you done for me?,
salvatori3,dlg,ReplyList/44/Text,0,-1,You haven't done anything for me.,
salvatori3,dlg,ReplyList/45/Text,0,-1,I didn't ask for it!,
salvatori3,dlg,ReplyList/46/Text,0,-1,You just wanted me to go after the Witch Lord to stop the raids on your farms.,
salvatori3,dlg,ReplyList/5/Text,0,-1,"Fine. I'll take the risk, but if you cross me you'll pay.",
salvatori3,dlg,ReplyList/53/Text,0,-1,You charged the cost to Hawklin.,
salvatori3,dlg,ReplyList/54/Text,0,-1,I don't care about that.,
salvatori3,dlg,ReplyList/55/Text,0,-1,"You have been using us for your own ends, Valetto!",
salvatori3,dlg,ReplyList/56/Text,0,-1,"Hawklin could not afford it, as you know since you have been pirating all his trade.",
salvatori3,dlg,ReplyList/57/Text,0,-1,That's his problem.,
salvatori3,dlg,ReplyList/58/Text,0,-1,I will repay him.,
salvatori3,dlg,ReplyList/59/Text,0,-1,I have already repaid him.,
salvatori3,dlg,ReplyList/6/Text,0,-1,"Yes, leave.",
salvatori3,dlg,ReplyList/7/Text,0,-1,Call off your pirates before you go.,
salvatori3,dlg,ReplyList/8/Text,0,-1,"Alright, just go then.",
salvatori3,dlg,ReplyList/9/Text,0,-1,Goodbye.,
search1,dlg,EntryList/0/Text,0,-1,Remember we are supposed to find that secret entrance?,
search1,dlg,EntryList/1/Text,0,-1, We should search along the outer wall as the most likely spot.,
search1,dlg,EntryList/2/Text,0,-1,Sorry. I just thought I should mention it.,
search1,dlg,ReplyList/0/Text,0,-1,I'm too busy for conversation now.,
search1,dlg,ReplyList/1/Text,0,-1,That's what we're here for.,
search1,dlg,ReplyList/2/Text,0,-1,"Yes, what of it?",
search1,dlg,ReplyList/3/Text,0,-1,That's what I'm doing. I'm not an idiot.,
search1,dlg,ReplyList/5/Text,0,-1,Good idea.,
secretpassage,dlg,EntryList/0/Text,0,-1,<StartAction>[Do you wish to go through the passage?]</Start>,
secretpassage,dlg,EntryList/1/Text,0,-1,<StartAction>[The large boulder against the wall looks like it will move. Do you wish to try and move it?]</Start>,
secretpassage,dlg,EntryList/2/Text,0,-1,"<StartAction>[A small, earth-clogged passage has been revealed...]</Start>",
secretpassage,dlg,ReplyList/0/Text,0,-1,<StartAction>[No]</Start>,
secretpassage,dlg,ReplyList/1/Text,0,-1,<StartAction>[Yes]</Start>,
secretpassage,dlg,ReplyList/2/Text,0,-1,<StartAction>[No]</Start>,
secretpassage,dlg,ReplyList/3/Text,0,-1,<StartAction>[Yes]</Start>,
secretstat,dlg,EntryList/0/Text,0,-1,<StartAction>[There is a small lever between the statue's hands. Do you wish to pull it?]</Start>,
secretstat,dlg,EntryList/1/Text,0,-1,"<StartAction>[The statue swings away to show a short tunnel. You can go through it, but can't see how to get back this way. Do you wish to go through?]</Start>",
secretstat,dlg,EntryList/2/Text,0,-1,<StartAction>[The statue swings back behind you...]</Start>,
secretstat,dlg,ReplyList/0/Text,0,-1,<StartAction>[No]</Start>,
secretstat,dlg,ReplyList/1/Text,0,-1,<StartAction>[Yes]</Start>,
secretstat,dlg,ReplyList/2/Text,0,-1,<StartAction>[No]</Start>,
secretstat,dlg,ReplyList/3/Text,0,-1,<StartAction>[Yes]</Start>,
sembians,dlg,EntryList/0/Text,0,-1,"I don't know about you <FirstName>, but I reckon Alice Broadhand's 'client' is the Sembians.",
sembians,dlg,EntryList/1/Text,0,-1,Even during the war the Sembians were maneuvering along the border offering their 'help' to Cormyr. I heard at one point that Princess Tanalasta had to actually threaten them with war to make them stop. They've always wanted Thunderstone. Access to Hawklin Castle would give them a nice way in.,
sembians,dlg,EntryList/10/Text,0,-1,That's a smart suggestion Godfroy. I like it. It makes sense.,
sembians,dlg,EntryList/11/Text,0,-1,I think we should let others worry about it and just do our job.,
sembians,dlg,EntryList/12/Text,0,-1,"We tell my father of course! You're not actually thinking of doing this task...no, of course you're not.",
sembians,dlg,EntryList/13/Text,0,-1,You had me worried for a moment...,
sembians,dlg,EntryList/14/Text,0,-1,"I think I'll leave you for now, if you don't tell my father.",
sembians,dlg,EntryList/15/Text,0,-1,"Alright then, I don't want to help you anyway!",
sembians,dlg,EntryList/16/Text,0,-1,You know! Our nearest neighbors to the south.,
sembians,dlg,EntryList/2/Text,0,-1,I'll go with whatever you decide.,
sembians,dlg,EntryList/3/Text,0,-1,"I should hope so! Especially after all the trust my father has shown you, this is the least you should do!",
sembians,dlg,EntryList/4/Text,0,-1,Are you serious?,
sembians,dlg,EntryList/5/Text,0,-1,It's your choice.,
sembians,dlg,EntryList/6/Text,0,-1,This is something we should report to Sir Gilbert.,
sembians,dlg,EntryList/7/Text,0,-1,"We do the job, but just watch out backs.",
sembians,dlg,EntryList/8/Text,0,-1,"We've taken the job now, so we have to do it. That's what I think. But we could also tell Hawklin. Maybe he could find out who Broadhand's client is and deal with it that way? We keep our word to Broadhand, but we also keep Hawklin on side.",
sembians,dlg,EntryList/9/Text,0,-1,"I can't say I really care whether Hawklin knows or not <FirstName>, but it would be more knightly behavior.",
sembians,dlg,ReplyList/0/Text,0,-1,"I agree, but we don't care, do we?",
sembians,dlg,ReplyList/1/Text,0,-1,Why would you think so?,
sembians,dlg,ReplyList/13/Text,0,-1,Let's leave it for now.,
sembians,dlg,ReplyList/14/Text,0,-1,"Go on then, get out of here!",
sembians,dlg,ReplyList/16/Text,0,-1,"The Sembians, who are they?",
sembians,dlg,ReplyList/17/Text,0,-1,Thanks. Let's get on.,
sembians,dlg,ReplyList/2/Text,0,-1,Maybe we'll tell Hawklin then.,
sembians,dlg,ReplyList/4/Text,0,-1,Let's forget about the job. We can always do it later if we change our minds.,
sembians,dlg,ReplyList/5/Text,0,-1,Let's just go and get the job done.,
sembians,dlg,ReplyList/6/Text,0,-1,Well I guess it's Hawklin's lookout then.,
sembians,dlg,ReplyList/8/Text,0,-1,So what do you suggest we do?,
silvermirror,dlg,EntryList/0/Text,0,-1,"<StartAction>[This strange mirror reflects a perfect silver, no matter what is put in front of it.]</Start>",
silvermirror,dlg,EntryList/1/Text,0,-1,"<StartAction>[Even though you strike a powerful blow, the mirror does not break.]</Start>",
silvermirror,dlg,ReplyList/0/Text,0,-1,<StartAction>[Leave the mirror alone]</Start>,
silvermirror,dlg,ReplyList/1/Text,0,-1,<StartAction>[Smash the mirror]</Start>,
silvermirror,dlg,ReplyList/2/Text,0,-1,<StartAction>[Pick up the mirror]</Start>,
smith,dlg,EntryList/0/Text,0,-1,ROOT OF ALL OF THE CRAFTING CONVERSATION,
smith,dlg,EntryList/1/Text,0,-1,"Would you like me to use steel or adamantium, or would you first like to check the powers your special ingredient will grant?",
smith,dlg,EntryList/10/Text,0,-1,"I cannot use that many for such a weapon, there simply is not enough metal in the finished weapon.",
smith,dlg,EntryList/11/Text,0,-1,Which special ingredient are you using?,
smith,dlg,EntryList/12/Text,0,-1,"Good. We now have everything we need. The last question I have is if you wish to help me. Two smiths can have better results working together. But I must warn you, if you are no good at crafting weapons, you may even have a detrimental affect.",
smith,dlg,EntryList/13/Text,0,-1,Then let us begin...,
smith,dlg,EntryList/14/Text,0,-1,"There you go. It is a very fine weapon with a good weight and balance to it. I am sure you will enjoy using it, as much as a <man/woman> can enjoy wielding a weapon.",
smith,dlg,EntryList/15/Text,0,-1,Would you like to complement it with something from my store?,
smith,dlg,EntryList/16/Text,0,-1,It appears you do not have the necessary materials ready at the moment. Perhaps we should do this some other time. Would you like something else meanwhile?,
smith,dlg,EntryList/17/Text,0,-1,It appears you do not have enough gold at the moment. Perhaps we should do this some other time. Would you like something else meanwhile?,
smith,dlg,EntryList/18/Text,0,-1,Go on.,
smith,dlg,EntryList/19/Text,0,-1,It looks like you have <CUSTOM1012>.,
smith,dlg,EntryList/2/Text,0,-1,"Now choose what weapon you would like. It needs to be predominantly metal, so it is no good asking for a crossbow for example.",
smith,dlg,EntryList/20/Text,0,-1,"With this many pieces I can make pretty much anything you like. In truth I can't use more than two for daggers and handaxes and such. Of course, if you don't have any of the special ingredients I can't make anything.",
smith,dlg,EntryList/21/Text,0,-1,"I could make a very fine weapon with this lot, or even two smaller ones, assuming you have the special ingredients needed.",
smith,dlg,EntryList/22/Text,0,-1,"With only one piece, you are limited in the weapons I can produce to mainly one-handed weapons. Of course you need special ingredients too.",
smith,dlg,EntryList/23/Text,0,-1,Do you want me to check for the special ingredients needed as well?,
smith,dlg,EntryList/24/Text,0,-1,So...?,
smith,dlg,EntryList/25/Text,0,-1,"Well there are many of them, so I cannot give you a list. They help in the forging of the weapon and grant additional powers to the finished weapon. If you have nothing suitable, the best place to go is the Six Coffers trading Coster. Last time I looked they had Fairy Dust, and that is useful.",
smith,dlg,EntryList/26/Text,0,-1,You don't have any.,
smith,dlg,EntryList/27/Text,0,-1,"Ah, I see you have a unicorn's horn. I am not sure how happy I would be to use that...but, perhaps curiosity could overcome my reluctance. They say ground unicorn horn is a very powerful ingredient for resisting spells, but that it also has other powers. ",
smith,dlg,EntryList/28/Text,0,-1,"Wyvern Blood is a more common ingredient, and its poisonous nature can work well on magic weapons, granting the wielder the ability to resist it, or even to use it to their advantage. Of course wyvern blood has other abilities too.",
smith,dlg,EntryList/29/Text,0,-1,"I see you have a Red Dragon Scale. This is a very unusual item that grants draconic powers on the weapon's wielder, such as the ability to breath fire.",
smith,dlg,EntryList/3/Text,0,-1,"<StartAction>[Based on the amount of material you have, the smith details what she can make...]</Start>",
smith,dlg,EntryList/30/Text,0,-1,"You have Naptha Blend. The explosive properties in this can be controlled, or even magnified, granting fire based virtues to the forged weapon.",
smith,dlg,EntryList/31/Text,0,-1,"Fairy Dust will grant typical properties of the fey folk - sleep, confusion or the ability to resist them.",
smith,dlg,EntryList/32/Text,0,-1,A Bodak's Tooth - this will grant virtues on your weapon for combating or even summoning the Undead.,
smith,dlg,EntryList/33/Text,0,-1,You don't have anything else here.,
smith,dlg,EntryList/34/Text,0,-1,"I can make any item that is predominantly metal, or has a metal blade like an axe. I cannot make a ranged weapon like a bow, nor a whip or a sling for example.",
smith,dlg,EntryList/35/Text,0,-1,"Also, large weapons require more material than just the remains of one item in order to make them, else the original magic becomes too 'diluted'.",
smith,dlg,EntryList/36/Text,0,-1,"Since you are providing the materials, the basic cost of crafting the item is <CUSTOM1010>. If you wish to use adamantium instead, which holds the magic much better, then the cost is <CUSTOM1011>.",
smith,dlg,EntryList/37/Text,0,-1,"Well, I'd be surprised if you had some, but no, I prefer to trust the quality of my own. Here, take a look for yourself.",
smith,dlg,EntryList/38/Text,0,-1,Well there isn't any better available.,
smith,dlg,EntryList/39/Text,0,-1,"<StartAction>[Success]</Start> Why, you're right! There's a tiny crack just here by all the gods. Never mind there is still enough to use.",
smith,dlg,EntryList/4/Text,0,-1,"<StartAction>[Based on the amount of material you have, the smith details what she can make...]</Start>",
smith,dlg,EntryList/40/Text,0,-1,But I will reduce the cost to <CUSTOM1011> for adamantium.,
smith,dlg,EntryList/41/Text,0,-1,"No, not in times like these. I must take the price of the job.",
smith,dlg,EntryList/42/Text,0,-1,<StartAction>[Success]</Start> That is a fair point. There is certainly some reward in the work.,
smith,dlg,EntryList/43/Text,0,-1," Very well, I will reduce both prices: the cost stands at <CUSTOM1010> and <CUSTOM1011> respectively.",
smith,dlg,EntryList/44/Text,0,-1,Well met.,
smith,dlg,EntryList/45/Text,0,-1,"Mostly it is fairly plain, but I have a few items I have crafted myself. Take a look.",
smith,dlg,EntryList/46/Text,0,-1,What do you need?,
smith,dlg,EntryList/47/Text,0,-1,Of course. What are you looking for?,
smith,dlg,EntryList/48/Text,0,-1,Are you after goods or livestock?,
smith,dlg,EntryList/49/Text,0,-1,"Wangle handles the purchase of livestock, and yes that includes horses. He's outside.",
smith,dlg,EntryList/5/Text,0,-1,"<StartAction>[Based on the amount of material you have, the smith details what she can make...]</Start>",
smith,dlg,EntryList/50/Text,0,-1,Then why don't you try my store?,
smith,dlg,EntryList/51/Text,0,-1,When the tournament runs you can get access to the grounds by just heading over to the east side of town.,
smith,dlg,EntryList/52/Text,0,-1,"Sir Hawklin's castle is at the south end of Thunderstone. You can't miss it, it's a big stone structure.",
smith,dlg,EntryList/53/Text,0,-1,It's at the south end of town.,
smith,dlg,EntryList/54/Text,0,-1,The Shrine of Tempus caters for all. Head to the main square and it's on the south side.,
smith,dlg,EntryList/55/Text,0,-1,"I recommend the Sign of Thunder. It's the one nearest to the bridge. There's the Furniture's Fate of course, which also welcomes travelers, but it really gets too noisy in there. If that's more your sort, it's on the east side of the square.",
smith,dlg,EntryList/56/Text,0,-1,"I believe Magnus, the priest in the Shrine of Tempus is the man for history. Perhaps he can help you?",
smith,dlg,EntryList/57/Text,0,-1,"Indeed it is. How interesting. I would like to craft something for you, but that would depend on how many pieces you have. One such as this will certainly make you a magic weapon, but more would be better. In addition, you must get a special ingredient that will bestow additional powers on the weapon.",
smith,dlg,EntryList/58/Text,0,-1,Yes?,
smith,dlg,EntryList/59/Text,0,-1,I do hope you are not some cousin of that fool Londro down in Morfen.,
smith,dlg,EntryList/6/Text,0,-1,"<StartAction>[Based on the amount of material you have, the smith details what she can make...]</Start>",
smith,dlg,EntryList/60/Text,0,-1,Well that is a relief...,
smith,dlg,EntryList/61/Text,0,-1,"There are few other dwarves in this region...or are you a gnome? Anyway, I hope you do not mean trouble.",
smith,dlg,EntryList/62/Text,0,-1,Oh perhaps you are right. I should give you the benefit of the doubt after all...,
smith,dlg,EntryList/63/Text,0,-1,"Well, an elf! It is too long since I have seen half-kin of Cormanthyr...",
smith,dlg,EntryList/64/Text,0,-1,"I have not seen you here, but I welcome another half-elf. We are too few now in Cormyr, friend!",
smith,dlg,EntryList/7/Text,0,-1,"<StartAction>[Based on the amount of material you have, the smith details what she can make...]</Start>",
smith,dlg,EntryList/8/Text,0,-1,And how many of your remains would you like to use?,
smith,dlg,EntryList/9/Text,0,-1,"I cannot use that many for such a weapon, there simply is not enough metal in the finished weapon.",
smith,dlg,ReplyList/0/Text,0,-1,I am ready for you to make me an item.,
smith,dlg,ReplyList/1/Text,0,-1,I've changed my mind. Let me ask about something different.,
smith,dlg,ReplyList/10/Text,0,-1,<StartAction>[BACK]</Start>,
smith,dlg,ReplyList/100/Text,0,-1,My thanks to you.,
smith,dlg,ReplyList/101/Text,0,-1,I need the nearest inn.,
smith,dlg,ReplyList/102/Text,0,-1,My thanks to you.,
smith,dlg,ReplyList/103/Text,0,-1,Thanks. Can I ask something else?,
smith,dlg,ReplyList/104/Text,0,-1,Can you tell me anything about Polter's Fort?,
smith,dlg,ReplyList/105/Text,0,-1,My thanks to you.,
smith,dlg,ReplyList/106/Text,0,-1,I have found the remains of what looks like a magic weapon. Is it possible to do anything with this? ,
smith,dlg,ReplyList/107/Text,0,-1,I want to talk to you about crafting a weapon.,
smith,dlg,ReplyList/108/Text,0,-1,Greetings.,
smith,dlg,ReplyList/109/Text,0,-1,I am not.,
smith,dlg,ReplyList/11/Text,0,-1,A spear.,
smith,dlg,ReplyList/110/Text,0,-1,Why would you say that?,
smith,dlg,ReplyList/111/Text,0,-1,I don't much like your attitude.,
smith,dlg,ReplyList/112/Text,0,-1,Of course not.,
smith,dlg,ReplyList/12/Text,0,-1,A scythe,
smith,dlg,ReplyList/13/Text,0,-1,A halberd.,
smith,dlg,ReplyList/14/Text,0,-1,"A sword, dagger or other blade.",
smith,dlg,ReplyList/15/Text,0,-1,<StartAction>[BACK]</Start>,
smith,dlg,ReplyList/16/Text,0,-1,A shortsword.,
smith,dlg,ReplyList/17/Text,0,-1,A scimitar.,
smith,dlg,ReplyList/18/Text,0,-1,A rapier.,
smith,dlg,ReplyList/19/Text,0,-1,A longsword.,
smith,dlg,ReplyList/2/Text,0,-1,Adamantium,
smith,dlg,ReplyList/20/Text,0,-1,A greatsword.,
smith,dlg,ReplyList/21/Text,0,-1,A dagger.,
smith,dlg,ReplyList/22/Text,0,-1,"A hammer, mace or other blunt weapon.",
smith,dlg,ReplyList/23/Text,0,-1,<StartAction>[BACK]</Start>,
smith,dlg,ReplyList/24/Text,0,-1,A warhammer.,
smith,dlg,ReplyList/25/Text,0,-1,A quarterstaff.,
smith,dlg,ReplyList/26/Text,0,-1,A morningstar.,
smith,dlg,ReplyList/27/Text,0,-1,A mace.,
smith,dlg,ReplyList/28/Text,0,-1,A light hammer.,
smith,dlg,ReplyList/29/Text,0,-1,A light flail.,
smith,dlg,ReplyList/3/Text,0,-1,Steel,
smith,dlg,ReplyList/30/Text,0,-1,A heavy flail.,
smith,dlg,ReplyList/31/Text,0,-1,Something exotic,
smith,dlg,ReplyList/32/Text,0,-1,<StartAction>[BACK]</Start>,
smith,dlg,ReplyList/33/Text,0,-1,A two-bladed sword.,
smith,dlg,ReplyList/34/Text,0,-1,A sickle.,
smith,dlg,ReplyList/35/Text,0,-1,A kukri.,
smith,dlg,ReplyList/36/Text,0,-1,A katana.,
smith,dlg,ReplyList/37/Text,0,-1,A kama.,
smith,dlg,ReplyList/38/Text,0,-1,A dire mace.,
smith,dlg,ReplyList/39/Text,0,-1,Four,
smith,dlg,ReplyList/4/Text,0,-1,An axe.,
smith,dlg,ReplyList/40/Text,0,-1,Three,
smith,dlg,ReplyList/41/Text,0,-1,Two,
smith,dlg,ReplyList/42/Text,0,-1,One,
smith,dlg,ReplyList/43/Text,0,-1,Wyvern Blood.,
smith,dlg,ReplyList/44/Text,0,-1,A Unicorn's horn.,
smith,dlg,ReplyList/45/Text,0,-1,A Red Dragon's scale.,
smith,dlg,ReplyList/46/Text,0,-1,Naptha Blend.,
smith,dlg,ReplyList/47/Text,0,-1,Fairy Dust.,
smith,dlg,ReplyList/48/Text,0,-1,A Bodak's tooth.,
smith,dlg,ReplyList/49/Text,0,-1,I will let you craft it yourself.,
smith,dlg,ReplyList/5/Text,0,-1,<StartAction>[BACK]</Start>,
smith,dlg,ReplyList/50/Text,0,-1,I will help in the crafting.,
smith,dlg,ReplyList/53/Text,0,-1,"No, but thanks for this.",
smith,dlg,ReplyList/54/Text,0,-1,No thanks.,
smith,dlg,ReplyList/55/Text,0,-1,A bastard sword.,
smith,dlg,ReplyList/56/Text,0,-1,I have questions regarding the crafting.,
smith,dlg,ReplyList/57/Text,0,-1,I have various things in my pack. Can you tell me if any more of them are remains of magic items that can be reforged into a weapon? <StartAction>[Show the smith your pack.]</Start>,
smith,dlg,ReplyList/6/Text,0,-1,A greataxe.,
smith,dlg,ReplyList/60/Text,0,-1,No,
smith,dlg,ReplyList/61/Text,0,-1,Yes <StartAction>[Show your pack]</Start>,
smith,dlg,ReplyList/62/Text,0,-1,What are these special ingredients I need?,
smith,dlg,ReplyList/63/Text,0,-1,What item powers can you make from the special ingredients I have? <StartAction>[Show the smith your pack.]</Start>,
smith,dlg,ReplyList/64/Text,0,-1,I will return another time.,
smith,dlg,ReplyList/65/Text,0,-1,What else?,
smith,dlg,ReplyList/66/Text,0,-1,Is there more?,
smith,dlg,ReplyList/67/Text,0,-1,Anything else?,
smith,dlg,ReplyList/68/Text,0,-1,Is there more?,
smith,dlg,ReplyList/69/Text,0,-1,What else?,
smith,dlg,ReplyList/7/Text,0,-1,A battleaxe.,
smith,dlg,ReplyList/70/Text,0,-1,That's enough for now. Let me ask something else.,
smith,dlg,ReplyList/71/Text,0,-1,Anything else?,
smith,dlg,ReplyList/72/Text,0,-1,Thanks. I am done for now.,
smith,dlg,ReplyList/73/Text,0,-1,What can you make?,
smith,dlg,ReplyList/75/Text,0,-1,What is the cost of making the item?,
smith,dlg,ReplyList/76/Text,0,-1,I want to ask about another matter entirely.,
smith,dlg,ReplyList/77/Text,0,-1,I want to go back to my previous questions.,
smith,dlg,ReplyList/78/Text,0,-1,Can I bring my own adamantium?,
smith,dlg,ReplyList/79/Text,0,-1,"<StartCheck>[Appraise]</Start> It's good, but it is not the highest quality I've seen. It certainly doesn't merit your price.",
smith,dlg,ReplyList/8/Text,0,-1,A handaxe.,
smith,dlg,ReplyList/81/Text,0,-1,<StartCheck>[Persuade]</Start> You said yourself you relish such work. Surely you can manage a better price?,
smith,dlg,ReplyList/83/Text,0,-1,Goodbye to you.,
smith,dlg,ReplyList/84/Text,0,-1,Let me see what you have available.,
smith,dlg,ReplyList/86/Text,0,-1,I want to ask you a question.,
smith,dlg,ReplyList/87/Text,0,-1,I am done.,
smith,dlg,ReplyList/88/Text,0,-1,Can you help me with directions?,
smith,dlg,ReplyList/89/Text,0,-1,Where can I find merchants to trade with?,
smith,dlg,ReplyList/9/Text,0,-1,"A spear, scythe or polearm of some sort.",
smith,dlg,ReplyList/90/Text,0,-1,Livestock if that includes horses.,
smith,dlg,ReplyList/91/Text,0,-1,My thanks to you.,
smith,dlg,ReplyList/92/Text,0,-1,Goods,
smith,dlg,ReplyList/93/Text,0,-1,My thanks to you.,
smith,dlg,ReplyList/94/Text,0,-1,Where is the tournament ground?,
smith,dlg,ReplyList/95/Text,0,-1,My thanks to you.,
smith,dlg,ReplyList/96/Text,0,-1,I need to know the way to Sir Hawklin's castle.,
smith,dlg,ReplyList/97/Text,0,-1,My thanks to you.,
smith,dlg,ReplyList/98/Text,0,-1,My thanks to you.,
smith,dlg,ReplyList/99/Text,0,-1,I need the nearest place of healing.,
squirejoust,dlg,EntryList/0/Text,0,-1,XXX  This is the squire of <CUSTOM2010>. STORED HERE - master information is probably extraneous and we need to avoid information overload!,
squirejoust,dlg,EntryList/1/Text,0,-1,"Hello again, <FirstName>. Training is it?",
squirejoust,dlg,EntryList/10/Text,0,-1,"<CUSTOM2009> aims for the Sinister Fess; Sinister being your left, and Fess being halfway up you shield. Sinister Fess is a 'Tournament Strike'; it has a good chance of yielding points without injuring the opponent. In fact you cannot avoid at least a glancing blow from this strike, though it is unlikely to knock you out of the saddle.",
squirejoust,dlg,EntryList/11/Text,0,-1,"With the Sinister Fess strike, <CUSTOM2009> also can position her body how she likes. This makes Sinister Fess an unpredictable strike to counter and can often be the way to a rather slow victory. Don't lean left into her strike and you should be able to defeat her. Why don't you try it?",
squirejoust,dlg,EntryList/12/Text,0,-1,"<CUSTOM2009> uses Fess Pale strikes. This means he aims right at the center of your shield. It's a difficult strike to get right, but will unseat you if you don't drop your shield well out of the way, or duck the strike.",
squirejoust,dlg,EntryList/13/Text,0,-1,"The Fess Pale strike requires very careful aiming, so when he strikes he must hold his body still. Your best chance is therefore to strike anywhere down the centerline of his body; helm, Pale or Base will usually do it. Why don't you try it?",
squirejoust,dlg,EntryList/14/Text,0,-1,"<CUSTOM2009> tries to place the point of his lance where we call Dexter Fess; just to the right of center on your shield. Both Dexter Fess, and Sinister Fess which aims for the same point on the left, are called the 'Tournament Strikes'. This is because they strike clean blows and often give points for a broken lance.",
squirejoust,dlg,EntryList/15/Text,0,-1,"If you know this is your opponent's preference you should lean left or lower your shield, while your opponent cannot lean right or lower their helm. Can you work out how to unhorse them?",
squirejoust,dlg,EntryList/16/Text,0,-1,"<CUSTOM2009> uses Sinister Chief strikes; sinister meaning the opponent's left, and chief being the top of the shield, so she aims high to your left. It's one of those all-rounder strikes, hard to avoid, but unlikely to unhorse you. Equally she has plenty of defensive choice and will be hard to unhorse.",
squirejoust,dlg,EntryList/17/Text,0,-1,Leaning right is your only sure defense against this strike. Can you unhorse her though? Why don't you try?,
squirejoust,dlg,EntryList/18/Text,0,-1,"Ah yes, <CUSTOM2009>. she likes to go for the center of the top of the shield; the pale chief. Some call this strike the ""The Maimer's Aim"" 'cos it has a high chance of glancing from the top of the shield and injuring your opponent, so it's not popular with crowd or knight.",
squirejoust,dlg,EntryList/19/Text,0,-1,"There is only one clear way to be sure of avoiding The Maimer's Aim, or Pale Chief strikes, and that's to lean left. At the same time, your opponent has a limited set of defensive positions they can take, making them vulnerable. Why don't you try and find one?",
squirejoust,dlg,EntryList/2/Text,0,-1,Well hello there. In need of some training?,
squirejoust,dlg,EntryList/20/Text,0,-1,"<CUSTOM2009> favors strikes at the Dexter Chief of the shield. Dexter means the opponent's right, and chief means top, so he's striking high and right. It's a good all-round position; it doesn't make your body rigid so you can be more defensive, and you have a good chance of a true strike without causing injury.",
squirejoust,dlg,EntryList/21/Text,0,-1,"The best defenses against someone who strikes Dexter Chief, is obviously to lean left, or lower your shield, then he'll miss. Why don't you try it out?",
squirejoust,dlg,EntryList/22/Text,0,-1,"<CUSTOM2009> is practicing striking for the helm. Obviously he aims high, so I'll let you work out how to avoid being hit. It's worth knowing though that if you strike for the helm it puts your body in a position where you can't lean or lower your head. This makes you easier to hit.",
squirejoust,dlg,EntryList/23/Text,0,-1,"Good strikes to use against such an opponent are therefore to aim at the center line of your opponent's shield; the pale, or at the base. You could go for his helm, but that makes you as vulnerable to him as he is to you. Why don't you try it out?",
squirejoust,dlg,EntryList/24/Text,0,-1,"I'll be honest with you, most of these squires are pretty useless in a joust, as they always aim in the same place, but that makes them good for training against!",
squirejoust,dlg,EntryList/25/Text,0,-1,Well that suits us too. We're not exactly experts.,
squirejoust,dlg,EntryList/26/Text,0,-1,"Oh, I am sorry <sir/madam>, but you appear to be over-burdened.  You'll never be able to hold the lance like that.  I suggest that you relieve yourself of some of your baggage.",
squirejoust,dlg,EntryList/27/Text,0,-1,"Everyone does a bit of research on their opponents before the joust, and since you're still new to it I suppose that puts you at a disadvantage, so I'll give you a couple.",
squirejoust,dlg,EntryList/28/Text,0,-1,"First of all, <CUSTOM1064> is one of the most famous jousters in the land. You'll hear a lot of rubbish about his favored strike, but he's a great jouster for one reason alone; his opponents never know what he will do. Treat any rumors you hear about him as a guidance only. If he was really so set in his ways he wouldn't keep winning tournaments!",
squirejoust,dlg,EntryList/29/Text,0,-1,"And here's a tip on how to beat <CUSTOM1061> if you meet. He likes to strike for the helm, so aim for the center-line on him, not Sinister or Dexter, and you'll get through the match.",
squirejoust,dlg,EntryList/3/Text,0,-1,"You seem to be missing something. If you wish to joust, you must have a warhorse and suitable armor. We can lend you armor, the jousting helm and a large shield, but a horse is too precious for us to lend and you'll have to buy one if you don't have your own.",
squirejoust,dlg,EntryList/30/Text,0,-1,<StartAction>[You may add this to your journal in the completed section if you wish.]</Start>,
squirejoust,dlg,EntryList/31/Text,0,-1,Anything more you want?,
squirejoust,dlg,EntryList/32/Text,0,-1,"These are the squires of the Lords and Ladies of Thunderstone and Wheloon.  Ocassionally one of these squires may be allowed to joust a tournament in order to prove their readiness to advance.  Many of the squires are from noble families themselves, though of course they wear their master's colors today, so it can be a bit confusing!",
squirejoust,dlg,EntryList/33/Text,0,-1,"You can pick your own colors too, if you like. Just talk to Derry here before you enter the tourney.",
squirejoust,dlg,EntryList/34/Text,0,-1,"Most people think you just have to knock your opponent off their horse, but there's a bit more to it than that. You aim with your lance for your opponent's shield or helm, and they do the same to you. Depending on what happens, you score points. Your accumulated points in each match will be denoted with flags showing the Purple Dragon of Cormyr.",
squirejoust,dlg,EntryList/35/Text,0,-1,"There's no sure way to win a joust, except to know your opponents, but if you want to ride aggressively, choose Pale Fess or Helm. You can use Pale Chief also, but that one's frowned upon as it causes injuries. If you want to ride defensively, choose one of the other strike positions.

",
squirejoust,dlg,EntryList/36/Text,0,-1," Of course, if you ride aggressively, you have more chance of unseating your opponent, but you make yourself more vulnerable. For some strikes you may not be able to lean left or right, or lower your helm. I recommend you try a training match to learn more.",
squirejoust,dlg,EntryList/37/Text,0,-1,"The first one to get to 3 points, wins. You get 1 point if you break your lance; that shows you did a good strike. You get two points if you strike a helm, as that's difficult, and of course the full 3 points if you unhorse your opponent. If you're both on 3 points, you continue 'till one beats the other.",
squirejoust,dlg,EntryList/38/Text,0,-1,"Truth is though, you should learn a little about the jousting positions before you enter the tourney, or you'll be on your rump, fast! That's where I come in. As a rule, the aggressive attacks restrict the attacker's position to more vulnerable seating positions. The defensive attacks permit more defensive postures.",
squirejoust,dlg,EntryList/39/Text,0,-1,"I'll set you up with an opponent, and tell you a bit about their style and how to beat them. Then you can try it for real. Are you ready?",
squirejoust,dlg,EntryList/4/Text,0,-1,Wangle's Livery in town is the place to buy horses. It's just off the main square by the Furniture's Fate.,
squirejoust,dlg,EntryList/40/Text,0,-1,OK! Come back when you're ready.,
squirejoust,dlg,EntryList/41/Text,0,-1,"Bout <CUSTOM2008> is now over! And we have a winner of the match: 
<FullName> now has: <CUSTOM2006> points
<CUSTOM2009> has: <CUSTOM2007> points.
<CUSTOM2009> is the winner of this match.",
squirejoust,dlg,EntryList/42/Text,0,-1,"Bout <CUSTOM2008> is now over! And we have a winner of the match! 
<FullName> now has: <CUSTOM2006> points
<CUSTOM2009> has: <CUSTOM2007> points.
<FullName> is the winner of this match.",
squirejoust,dlg,EntryList/43/Text,0,-1,Would you like to try another squire?,
squirejoust,dlg,EntryList/44/Text,0,-1,Your opponent awaits you.  Are you ready to joust?,
squirejoust,dlg,EntryList/45/Text,0,-1,You are not allowed to train once you have entered the Lists.  I'm sorry <sir/madam>.,
squirejoust,dlg,EntryList/46/Text,0,-1,Go away before I call the guards!,
squirejoust,dlg,EntryList/5/Text,0,-1,"Derry, over at the blue and white tent, can help you with armor as well as colors for your horse.",
squirejoust,dlg,EntryList/6/Text,0,-1,Looks like you are all set. Need anything before we start?,
squirejoust,dlg,EntryList/7/Text,0,-1,Let me see then. Your opponent in this match will be <CUSTOM2009>.,
squirejoust,dlg,EntryList/8/Text,0,-1,"<CUSTOM2009> favors the Base of the shield. That's the bottom of it to you and me. This is a defensive strike if ever there was one, and if you move to left or right she'll plain miss you with it, but it's a good strike to choose if you're two points up on your opponent.",
squirejoust,dlg,EntryList/9/Text,0,-1,"It allows her to put her body wherever she likes, so knocking her off will be difficult. Are you ready to see if you can manage it?",
squirejoust,dlg,ReplyList/0/Text,0,-1,No thanks,
squirejoust,dlg,ReplyList/1/Text,0,-1,Yes,
squirejoust,dlg,ReplyList/18/Text,0,-1,"I've changed my mind, maybe later...",
squirejoust,dlg,ReplyList/2/Text,0,-1,"OK, I'll get one.",
squirejoust,dlg,ReplyList/21/Text,0,-1,Do you have any tips on the other jousters?,
squirejoust,dlg,ReplyList/25/Text,0,-1,<StartAction>[No]</Start>,
squirejoust,dlg,ReplyList/26/Text,0,-1,<StartAction>[Yes]</Start>,
squirejoust,dlg,ReplyList/27/Text,0,-1,Who are these riders I will train against?,
squirejoust,dlg,ReplyList/28/Text,0,-1,Thank you.,
squirejoust,dlg,ReplyList/3/Text,0,-1,Where can I get a warhorse?,
squirejoust,dlg,ReplyList/30/Text,0,-1,Please explain a little bit about jousting.,
squirejoust,dlg,ReplyList/31/Text,0,-1,What are the best tactics?,
squirejoust,dlg,ReplyList/33/Text,0,-1,How does the scoring work?,
squirejoust,dlg,ReplyList/36/Text,0,-1,Let me prepare a bit first.,
squirejoust,dlg,ReplyList/37/Text,0,-1,Can you repeat that?,
squirejoust,dlg,ReplyList/38/Text,0,-1,[CONTINUE],
squirejoust,dlg,ReplyList/39/Text,0,-1,"No, I have something to do first.",
squirejoust,dlg,ReplyList/4/Text,0,-1,Thanks,
squirejoust,dlg,ReplyList/40/Text,0,-1,I am ready,
squirejoust,dlg,ReplyList/5/Text,0,-1,Where can I get armor?,
squirejoust,dlg,ReplyList/6/Text,0,-1,Thank you.  I'll get that right away.,
squirejoust,dlg,ReplyList/7/Text,0,-1,"No, I don't want to joust right now, thanks.",
squirejoust,dlg,ReplyList/8/Text,0,-1,I am ready for a training session.,
stableboy,dlg,EntryList/0/Text,0,-1,I'm scared of horses. Their feet are bigger than my head.,
stableboy,dlg,EntryList/1/Text,0,-1,Don't buy Sugarlump. She has really bad breath.,
stableboy,dlg,EntryList/2/Text,0,-1,"Horses look so nice, but they smell so bad, don't they?",
start,dlg,EntryList/0/Text,0,-1,"A hard day's work, but my Lena will be proud of me, for one! Look how much wood we've chopped!",
start,dlg,EntryList/1/Text,0,-1,"What's that, over the trees? Is it smoke?",
start,dlg,EntryList/2/Text,0,-1,Where?,
start,dlg,EntryList/3/Text,0,-1,"By <Deity>, you're right! It's smoke!",
start,dlg,EntryList/4/Text,0,-1,Quick! We must get back to the farms!,
tenthawker,dlg,EntryList/0/Text,0,-1,"There's a world of wonderful entertainments waitin' for ya inside, <sir/madam>. Why not step inside?",
tenthawker,dlg,EntryList/1/Text,0,-1,"Ya'll be wantin' to try out some of the special entertainments, won't ya?",
tenthawker,dlg,EntryList/2/Text,0,-1,Come on! Get ya'self inside! You don't want to miss the entertainments do ya?,
tenthawker,dlg,EntryList/3/Text,0,-1,Suit ya'self then.,
tenthawker,dlg,EntryList/4/Text,0,-1,All sorts. A tough one like you'd have no trouble winning some money in the  dummy bashing competition!,
tenthawker,dlg,EntryList/5/Text,0,-1,All sorts. Ya look like a wizardly sort. Why not try besting our local War Wizard in a competition o' spell knowledge?,
tenthawker,dlg,EntryList/6/Text,0,-1,All sorts. Ya look like you know a bit about magic though. Why not try besting our local War Wizard in a competition o' spell knowledge?,
tenthawker,dlg,EntryList/7/Text,0,-1,"Get ya'self in there! Go on now, don't be afraid!",
tenthawker,dlg,ReplyList/0/Text,0,-1,Don't pester me!,
tenthawker,dlg,ReplyList/2/Text,0,-1,What's happening inside?,
tenthawker,dlg,ReplyList/3/Text,0,-1,What entertainments are on offer?,
thiodor,dlg,EntryList/0/Text,0,-1,ALWAYS AVAILABLE,
thiodor,dlg,EntryList/1/Text,0,-1,Very well.,
thiodor,dlg,EntryList/10/Text,0,-1,"That is absolutely disgraceful! By Torm, it revolts me!",
thiodor,dlg,EntryList/11/Text,0,-1,"For certain I will investigate this and get to the bottom of it...but truth be told, the punishment is likely to be only some time in the stocks, if I find the culprit and can prove it. That could be difficult.",
thiodor,dlg,EntryList/12/Text,0,-1,"Listen,<CUSTOM1021> <FirstName>, if you want to handle this yourself, then just this once I will turn a blind eye. The law is not adequate here to punish this crime. Your choice.",
thiodor,dlg,EntryList/13/Text,0,-1,Then I shall do whatever I can to bring this criminal to punishment.,
thiodor,dlg,EntryList/14/Text,0,-1,"If you find out nothing, or cannot solve this, then come back to me, and I will investigate it myself.",
thiodor,dlg,EntryList/15/Text,0,-1,Was there anything else?,
thiodor,dlg,EntryList/16/Text,0,-1,Tell me what you know.,
thiodor,dlg,EntryList/17/Text,0,-1,"Hmmm...this certainly looks genuine. I must certainly follow this up, unless...",
thiodor,dlg,EntryList/18/Text,0,-1,Perhaps you'd like to take the note to Sir Hawklin? He has a lot to lose from this and he may want to see it before I do anything.,
thiodor,dlg,EntryList/19/Text,0,-1,Exactly. As long as no one tells her you have this.,
thiodor,dlg,EntryList/2/Text,0,-1,What is it?,
thiodor,dlg,EntryList/20/Text,0,-1,My thanks for bringing this to me. I shall make a full investigation and bring the merchant to justice if that is necessary.,
thiodor,dlg,EntryList/21/Text,0,-1,Was there anything else?,
thiodor,dlg,EntryList/22/Text,0,-1,"Sir Hawklin has already told me himself about the note, so I think that's unlikely.",
thiodor,dlg,EntryList/23/Text,0,-1,"The only proof we have is the note. Not only does that point the finger at Imelda, not Hawklin, but you have already given it away. There's nothing I can do except deal with Imelda, even if Sir Hawklin is involved, which I doubt.",
thiodor,dlg,EntryList/24/Text,0,-1,Which he isn't.,
thiodor,dlg,EntryList/25/Text,0,-1,<StartAction>[Success]</Start> Hmmmm...You have a point.,
thiodor,dlg,EntryList/26/Text,0,-1, Leave this with me. You must continue as if nothing has happened. In the meantime I will investigate it.,
thiodor,dlg,EntryList/27/Text,0,-1,"That unfortunately includes you Lady Kathryn. If I hear you have warned your father, I will have you arrested. If he is innocent, you have nothing to fear.",
thiodor,dlg,EntryList/28/Text,0,-1,"It doesn't mean that I have to stay with this rat though. I'm out of here! You're a dog, <FirstName>. After all I've done for you!",
thiodor,dlg,EntryList/29/Text,0,-1,"Doubtful, <FirstName>. I think you're wrong on that.",
thiodor,dlg,EntryList/3/Text,0,-1,Was there something else?,
thiodor,dlg,EntryList/30/Text,0,-1,What? You think my father is involved? Are you crazy?,
thiodor,dlg,EntryList/31/Text,0,-1,"You find it so easy to believe I might be a traitor with no proof. It's not so simple when it's your own family, is it child?",
thiodor,dlg,EntryList/32/Text,0,-1,My father has nothing to do with this! Withdraw that <FirstName>!,
thiodor,dlg,EntryList/33/Text,0,-1,Sir Hawklin has already told me about the note.,
thiodor,dlg,EntryList/34/Text,0,-1,"I believe he asked you to confront Imelda and bring her to justice? With Hawklin's authority it is fine for you to arrest Imelda and bring her here. In fact you must do so, then I will make sure she is tried.",
thiodor,dlg,EntryList/35/Text,0,-1,"Good. Bring her here for questioning when you find her. If she is not in town, then the tournament will be a sure place to find her.",
thiodor,dlg,EntryList/36/Text,0,-1,"No. I have no evidence. To bring her in without it makes me look like a servant of Sir Hawklin. You get her here, and I can do the rest from there.",
thiodor,dlg,EntryList/37/Text,0,-1,"You needn't tell me any more than that. Complaints against the Sembians are commonplace. No one likes them much, especially since it's rumored they intended to annex this area while we were occupied with the Devil Dragon during the war.",
thiodor,dlg,EntryList/38/Text,0,-1,"There's not much love between Cormyrian and Sembian, and I've investigated such claims as this many times. Oversword Laheralsen too. I admit we'd love to catch the Sembians up to something.",
thiodor,dlg,EntryList/39/Text,0,-1,"But the truth is most Sembians come here for trade, and it's not unknown that a local girl falls for a merchant, or a local lad stows away on board a ship in search of high adventure.",
thiodor,dlg,EntryList/4/Text,0,-1,"Oh, not another one! These raids will be the end of our farming communities...I am sorry to hear of your losses.",
thiodor,dlg,EntryList/40/Text,0,-1,"I'll keep an eye out as I always do, and I'll make sure the Watch know too. Truth be told though, you should probably head over to the docks and just ask about yourself.",
thiodor,dlg,EntryList/41/Text,0,-1,"The Crown Office, and myself, as the Herald in Thunderstone, act on behalf of the Crown in all legal matters: the purchase of Charters like a Merchant's Charter or an Adventurer's Charter, the reporting of crimes, and so forth.",
thiodor,dlg,EntryList/42/Text,0,-1,"I also represent the Crown at official events such as banquets, and the tournaments that Sir Hawklin has arranged.",
thiodor,dlg,EntryList/43/Text,0,-1,An Adventurer's Charter is the legal document that allows a party to freely carry weapons and to keep its spoils - as long as they are gained in a legal fashion. The Adventurer's Charter carries the names of each person in the party. ,
thiodor,dlg,EntryList/44/Text,0,-1,"It used to be the case that any changes to the party meant a new Charter was needed. These days we have other things to worry about though, so generally as long as the leader is unchanged, a new Charter is not needed.",
thiodor,dlg,EntryList/45/Text,0,-1,Was there anything else?,
thiodor,dlg,EntryList/46/Text,0,-1,"Well, you don't look like you have the 1000 golden lions needed, but in any event, I'm not going to grant you a licence until you have been in Thunderstone a bit longer. I don't just hand them out to strangers. I like to see a recommendation.",
thiodor,dlg,EntryList/47/Text,0,-1,"Nothing to do with trust, it's the law.",
thiodor,dlg,EntryList/48/Text,0,-1,"Yes, it is, but like I said, I'll wait until you're in Thunderstone just a little bit longer. You've only just got here.",
thiodor,dlg,EntryList/49/Text,0,-1,"You already have one. I gave Valetto one in your name. Since he paid for it, I assume he gave it to you.",
thiodor,dlg,EntryList/5/Text,0,-1,"Look, I could take all the details down, but the truth is not much can be done...or at least not much will be done.",
thiodor,dlg,EntryList/50/Text,0,-1,"Well the tournaments are Sir Hawklin's idea, though they used to be common across Cormyr before the war. Sir Hawklin is trying to raise knightly ideals and at the same time get some help dealing with the raids out of Hullack Forest.",
thiodor,dlg,EntryList/51/Text,0,-1,The time for discussing tournaments though is at the tournaments.,
thiodor,dlg,EntryList/52/Text,0,-1,Was there anything else?,
thiodor,dlg,EntryList/53/Text,0,-1,Did you bring the fee of 5 golden lions for the licence?,
thiodor,dlg,EntryList/54/Text,0,-1,We're not accepting new burials in the Garden any more.,
thiodor,dlg,EntryList/55/Text,0,-1,What did you say your name was?,
thiodor,dlg,EntryList/56/Text,0,-1,"I know it, but...well, I am not certain it is important enough. Most claims have been dissolved.",
thiodor,dlg,EntryList/57/Text,0,-1,Hmmm....oh very well. You pay 5 golden lions and I'll issue the licence.,
thiodor,dlg,EntryList/58/Text,0,-1,Very well. Return when you do.,
thiodor,dlg,EntryList/59/Text,0,-1,Even so. There's many noble Cormyrians I've been forced to refuse.,
thiodor,dlg,EntryList/6/Text,0,-1,"It's not up to me. I register it, but the local commander Laheralson doesn't rouse himself from Thunderstone much. Thinks it's too risky with the Sembians doing maneuvers along the border.",
thiodor,dlg,EntryList/60/Text,0,-1,<StartAction>[Success]</Start> I remember now. He was Hawklin's squire wasn't he? A fine fellow.,
thiodor,dlg,EntryList/61/Text,0,-1,Very well. You'll need to pay the licence fee. It's 1 golden lion.,
thiodor,dlg,EntryList/62/Text,0,-1,"Very well. Return when you do, though it will cost you the holding fee as well, so it will be 5 when you return.",
thiodor,dlg,EntryList/63/Text,0,-1,Thanks. And here's the licence. Just take it over to the gravedigger's cottage at the west end of the Garden and he'll arrange the grave.,
thiodor,dlg,EntryList/64/Text,0,-1,"In theory everyone entering Thunderstone is meant to, but that's a law we don't enforce any more. ",
thiodor,dlg,EntryList/65/Text,0,-1,But tell me your name anyway.,
thiodor,dlg,EntryList/66/Text,0,-1,Then welcome to Thunderstone. Perhaps there is something you'd like to ask me?,
thiodor,dlg,EntryList/67/Text,0,-1,"As it is I know your name already, so consider it done!",
thiodor,dlg,EntryList/68/Text,0,-1,Greetings. Welcome to the Crown Office. What have you come for?,
thiodor,dlg,EntryList/7/Text,0,-1," You'd be much better off talking straight to Sir Hawklin. That's what I'd advise. He really cares about the raids, and does what he can to stop them.",
thiodor,dlg,EntryList/8/Text,0,-1,That's a disgrace! How will I avenge Lena's death if no one will help us?,
thiodor,dlg,EntryList/9/Text,0,-1,And you would like me to investigate it now?,
thiodor,dlg,ReplyList/0/Text,0,-1,Let's discuss something else.,
thiodor,dlg,ReplyList/1/Text,0,-1,Thanks. I am done.,
thiodor,dlg,ReplyList/11/Text,0,-1,Thanks for the advice. I'll do that.,
thiodor,dlg,ReplyList/13/Text,0,-1,My father's grave has been defaced and vandalized. I want you to find the culprit!,
thiodor,dlg,ReplyList/16/Text,0,-1,"I want this handled the lawful way, and whoever is responsible brought to justice.",
thiodor,dlg,ReplyList/17/Text,0,-1,I'll pursue it myself.,
thiodor,dlg,ReplyList/19/Text,0,-1,No. Goodbye for now.,
thiodor,dlg,ReplyList/2/Text,0,-1,I have something to report.,
thiodor,dlg,ReplyList/20/Text,0,-1,Yes,
thiodor,dlg,ReplyList/21/Text,0,-1,The raids along the edge of the forest are being paid for by someone here in Thunderstone.,
thiodor,dlg,ReplyList/22/Text,0,-1,I have here a document that proves that the merchant Imelda is paying for the raids along the forest edge.,
thiodor,dlg,ReplyList/24/Text,0,-1,Why not? I suppose we can always arrest her later.,
thiodor,dlg,ReplyList/25/Text,0,-1,"No, you can deal with this. It's a matter for the law.",
thiodor,dlg,ReplyList/27/Text,0,-1,No thanks,
thiodor,dlg,ReplyList/28/Text,0,-1,"The merchant Imelda has been paying for them, but I think Hawklin's behind it. He has a note signed in Imelda's name in his possession.",
thiodor,dlg,ReplyList/29/Text,0,-1,<StartCheck>[Persuade]</Start> Can't you see? He is just trying to make it look like he is innocent.,
thiodor,dlg,ReplyList/3/Text,0,-1,Never mind,
thiodor,dlg,ReplyList/36/Text,0,-1,"Oh, then I suppose he is not involved.",
thiodor,dlg,ReplyList/4/Text,0,-1,No.,
thiodor,dlg,ReplyList/41/Text,0,-1,The merchant Imelda has been paying for them. Sir Gilbert Hawklin has the proof.,
thiodor,dlg,ReplyList/43/Text,0,-1,I will do so.,
thiodor,dlg,ReplyList/45/Text,0,-1,I'd rather you did it. You're the law after all.,
thiodor,dlg,ReplyList/46/Text,0,-1,Margery Fullston believes some Sembians may have abducted her daughter...,
thiodor,dlg,ReplyList/49/Text,0,-1,What should I do then?,
thiodor,dlg,ReplyList/5/Text,0,-1,Yes,
thiodor,dlg,ReplyList/50/Text,0,-1,Will you investigate the disappearance?,
thiodor,dlg,ReplyList/51/Text,0,-1,I'll do so.,
thiodor,dlg,ReplyList/52/Text,0,-1,I want to talk about something else.,
thiodor,dlg,ReplyList/53/Text,0,-1,What is the Crown Office for?,
thiodor,dlg,ReplyList/55/Text,0,-1,Thanks.,
thiodor,dlg,ReplyList/56/Text,0,-1,Tell me about Adventurer's Charters.,
thiodor,dlg,ReplyList/58/Text,0,-1,Thanks,
thiodor,dlg,ReplyList/59/Text,0,-1,No thanks,
thiodor,dlg,ReplyList/6/Text,0,-1,"My farm has been destroyed, and our families murdered!",
thiodor,dlg,ReplyList/60/Text,0,-1,Can I buy an Adventurer's Charter?,
thiodor,dlg,ReplyList/61/Text,0,-1,Then I'll leave you for now.,
thiodor,dlg,ReplyList/62/Text,0,-1,It sounds like you don't trust me.,
thiodor,dlg,ReplyList/63/Text,0,-1,I am a squire of Sir Hawklin. Isn't that enough?,
thiodor,dlg,ReplyList/64/Text,0,-1,Then I'm done for now.,
thiodor,dlg,ReplyList/65/Text,0,-1,"OK thanks, I'm done then.",
thiodor,dlg,ReplyList/66/Text,0,-1,Can you tell me more about the tournaments?,
thiodor,dlg,ReplyList/69/Text,0,-1,No thanks,
thiodor,dlg,ReplyList/70/Text,0,-1,I need a licence to bury my father's remains in Kelemvor's Garden.,
thiodor,dlg,ReplyList/71/Text,0,-1,I am done then.,
thiodor,dlg,ReplyList/72/Text,0,-1,I have a family plot.,
thiodor,dlg,ReplyList/73/Text,0,-1,<LastName> is my family name.,
thiodor,dlg,ReplyList/74/Text,0,-1,I am done then.,
thiodor,dlg,ReplyList/75/Text,0,-1,What can I do to change your mind?,
thiodor,dlg,ReplyList/76/Text,0,-1,I don't have that much.,
thiodor,dlg,ReplyList/78/Text,0,-1,Here you go.,
thiodor,dlg,ReplyList/79/Text,0,-1,"<StartCheck>[Persuade]</Start> Please, have a little heart. My father has been murdered and it was his last request.",
thiodor,dlg,ReplyList/8/Text,0,-1,You mean you won't do anything?,
thiodor,dlg,ReplyList/80/Text,0,-1,I am done then.,
thiodor,dlg,ReplyList/82/Text,0,-1,I don't have that much.,
thiodor,dlg,ReplyList/84/Text,0,-1,Here you go.,
thiodor,dlg,ReplyList/85/Text,0,-1,Thanks.,
thiodor,dlg,ReplyList/86/Text,0,-1,Do I need to register my arrival in Thunderstone?,
thiodor,dlg,ReplyList/88/Text,0,-1,I am <CUSTOM1021> <FullName>.,
thiodor,dlg,ReplyList/89/Text,0,-1,"I'm done, thanks.",
thiodor,dlg,ReplyList/9/Text,0,-1,What does that mean?,
thiodor,dlg,ReplyList/90/Text,0,-1,"Yes, I need to discuss something else.",
thiodor,dlg,ReplyList/91/Text,0,-1,"Thanks, I am done for now.",
thiodor,dlg,ReplyList/92/Text,0,-1,Let me ask you something more.,
thiodorarrest,dlg,EntryList/0/Text,0,-1,Hello <CUSTOM1021> <LastName>. Sir Hawklin told me you might be along.,
thiodorarrest,dlg,EntryList/1/Text,0,-1,I see that you have Imelda with you. You can leave her here with me. Sir Hawklin has already briefed me so I'll be taking her over to the barracks cells once we're done.,
thiodorarrest,dlg,EntryList/10/Text,0,-1,Then you have nothing to fear. Cormyrian law is fair.,
thiodorarrest,dlg,EntryList/2/Text,0,-1,But I haven't done anything!,
thiodorarrest,dlg,EntryList/3/Text,0,-1,"Sir Hawklin showed me the document. Likely you'll be tried by Caladnei herself as she is expected in Thunderstone. I should save your breath until then. In the meantime, behave yourself and I'll make sure you're looked after.",
thiodorarrest,dlg,EntryList/4/Text,0,-1,"So <CUSTOM1021> <LastName>, my thanks to you for bringing in Imelda. There's no reward of course, but the Crown appreciates your service. Will you be returning to the tournament now, or do you need something?",
thiodorarrest,dlg,EntryList/5/Text,0,-1,Then I shall no doubt see you there.,
thiodorarrest,dlg,EntryList/6/Text,0,-1,"Caladnei? But...but...I want a fair trial, not magic!",
thiodorarrest,dlg,EntryList/7/Text,0,-1,"The trial will be a normal trial, though Caladnei of course has some very simple ways to find out the truth. If Imelda is guilty, she won't escape discovery.",
thiodorarrest,dlg,EntryList/8/Text,0,-1,I...I...but...,
thiodorarrest,dlg,EntryList/9/Text,0,-1,The Royal Wizard of Cormyr. She is the most powerful wizard in the realm.,
thiodorarrest,dlg,ReplyList/11/Text,0,-1,Who's Caladnei?,
thiodorarrest,dlg,ReplyList/12/Text,0,-1,I see.,
thiodorarrest,dlg,ReplyList/13/Text,0,-1,What will happen to Imelda?,
thiodorarrest,dlg,ReplyList/4/Text,0,-1,I want to talk about something else.,
thiodorarrest,dlg,ReplyList/5/Text,0,-1,<StartAction>[Leave]</Start>I will return to the tournament.,
thiodorarrest,dlg,ReplyList/6/Text,0,-1,<StartAction>[Leave]</Start>,
thiodorarrest,dlg,ReplyList/7/Text,0,-1,What will happen to her?,
thiodorarrest,dlg,ReplyList/9/Text,0,-1,"Afraid of something, are you?",
thiodorjoust,dlg,EntryList/0/Text,0,-1,Would you like to know how the joust is performed <sir/madam>?,
thiodorjoust,dlg,EntryList/1/Text,0,-1,"Jousting is an ancient tradition in Cormyr, where the greatest knights pit their strength and horsemanship against one another. We have some of the best here today, including Sir Baradin Hawklin and Lady Morgana Wyvernspur up from Wheloon. Each hopes to take the title of Champion, and to do so requires the victor to succeed in four matches of this tourney.",
thiodorjoust,dlg,EntryList/10/Text,0,-1,"Derry, over by the blue and white tent, can provide the proper armor for you as well as your horse.",
thiodorjoust,dlg,EntryList/11/Text,0,-1,"If you are looking to enter the Lists for the jousting, I am afraid you will need to show me a suitable horse, and by suitable, I mean a warhorse. Please return only if you have a warhorse.",
thiodorjoust,dlg,EntryList/12/Text,0,-1,"Wangle's Livery in town is the place to buy horses, although those looking to enter a joust usually come ready with one!",
thiodorjoust,dlg,EntryList/13/Text,0,-1,Good day to you <sir/madam>. We are honored to dedicate this tournament to your incredible actions on behalf of Cormyr. As Guest of Honor of course you will be riding. Are you ready to enter?,
thiodorjoust,dlg,EntryList/14/Text,0,-1,"Good day to you <sir/madam>. Would you like to enter the jousting tournament, or are you here for training? If you have not jousted before, I recommend you speak to Squire Mareth here for some training, or are you ready to enter the tournament proper?",
thiodorjoust,dlg,EntryList/15/Text,0,-1,"Very well <sir/madam>, the Lists will be open for a little longer, so when you are ready.",
thiodorjoust,dlg,EntryList/16/Text,0,-1,Welcome back <sir/madam>.  Are you ready to joust?,
thiodorjoust,dlg,EntryList/17/Text,0,-1,"Very well <sir/madam>, the Lists will be open for a little longer, so when you are ready.",
thiodorjoust,dlg,EntryList/18/Text,0,-1,I am afraid that the jousts have finished for the day. I am sure you can find other entertainments still open though.,
thiodorjoust,dlg,EntryList/19/Text,0,-1,"I am sorry <sir/madam> to see you knocked out of the last tournament, but there is another tourney today, so there is another chance to make a name for yourself.  Would you like to re-enter the lists?",
thiodorjoust,dlg,EntryList/2/Text,0,-1,So will you enter now?,
thiodorjoust,dlg,EntryList/20/Text,0,-1,"Remember that you need to be equipped to enter. In particular, you must have a warhorse to ride on. A shield and helmet will be leant to you if you do not have one. When you are ready, please come back and I will enter you in the lists. ",
thiodorjoust,dlg,EntryList/21/Text,0,-1,Very well <sir/madam>.  You appear to be ready.  Are you ready to battle your next opponent now?,
thiodorjoust,dlg,EntryList/22/Text,0,-1,"Very well. Just remember though, once a tourney has started, it will not wait for you. If you have a match, you could forfeit it if you can't be found.",
thiodorjoust,dlg,EntryList/23/Text,0,-1,"Well we'll wait, since you're the Guest of Honor, but please don't be too long.",
thiodorjoust,dlg,EntryList/24/Text,0,-1,What color will your lance be <sir/madam>.,
thiodorjoust,dlg,EntryList/25/Text,0,-1,"Very good <sir/madam>. You will be jousting from the south end, and your accumulated points over a match will be displayed with the purple dragon flag. Your opponent's accumulated points in the match will be tallied with the tower flags. As this is your first tournament joust you will be matched against another novice jouster: <CUSTOM2009>.",
thiodorjoust,dlg,EntryList/26/Text,0,-1,"You will find, <sir/madam> that you are now up against experienced jousters. Opponents who are skilled and hard to beat. Your opponent in this match will be <CUSTOM2009>. <StartAction>[Access your journal and check for any tips you have on this jouster]</Start>",
thiodorjoust,dlg,EntryList/27/Text,0,-1,Very well <sir/madam>. Your opponent in this match will be <CUSTOM2009>. <StartAction>[Access your journal and check for any tips you have discovered for this jouster]</Start>,
thiodorjoust,dlg,EntryList/28/Text,0,-1,"Oh, I am sorry <sir/madam>, but you appear to be over-burdened.  You'll never be able to hold the lance like that.  I suggest that you relieve yourself of some of your baggage.",
thiodorjoust,dlg,EntryList/29/Text,0,-1,"Squire Mareth is organizing the training bouts. She can be found by the red and white tent, but I must tell you further training is not possible once a tourney is underway.",
thiodorjoust,dlg,EntryList/3/Text,0,-1,"You each ride at full tilt towards each other, and try to strike your opponent's shield or helm and unhorse them. Of course at the same time you must avoid being unseated yourself.",
thiodorjoust,dlg,EntryList/30/Text,0,-1,You have defeated all of your opponents <sir/madam>.  You are the Joust Champion!.,
thiodorjoust,dlg,EntryList/31/Text,0,-1,"This match has now been completed after bout <CUSTOM2008>, and we have a winner of the match! The points are as follows:
<CUSTOM1021> <FullName> <CUSTOM1053> has <CUSTOM2006> points
<CUSTOM2009> has <CUSTOM2007> points.
I therefore proclaim <CUSTOM2009> as the winner of this match.",
thiodorjoust,dlg,EntryList/32/Text,0,-1,"You have lost and, therefore, been eliminated from today's tournament. You rode well though, so I hope we will see you in the next tournament. Please enjoy the rest of the jousting.",
thiodorjoust,dlg,EntryList/33/Text,0,-1,"This match has now been completed after bout <CUSTOM2008>, and we have a winner of the match! The points are as follows:
<CUSTOM1021> <FullName> <CUSTOM1053> has <CUSTOM2006> points
<CUSTOM2009> has <CUSTOM2007> points.
I therefore proclaim <CUSTOM1021> <FullName> as the winner of this match.",
thiodorjoust,dlg,EntryList/34/Text,0,-1,Are you ready for your next match?,
thiodorjoust,dlg,EntryList/35/Text,0,-1,You have defeated all of your opponents <sir/madam>.  You are the Joust Champion!,
thiodorjoust,dlg,EntryList/36/Text,0,-1, <CUSTOM2009> opponent is awaiting you.  Are you ready to tilt <sir/madam>?,
thiodorjoust,dlg,EntryList/37/Text,0,-1,Get away from me or I will call the guards!,
thiodorjoust,dlg,EntryList/4/Text,0,-1,"A match is decided when you or your opponent has 3 points, or in the event of a tie, continues until one of you has more points than the other. While you are in a tie break, only 3 flags are displayed; we use a fourth only to denote a winner.

",
thiodorjoust,dlg,EntryList/5/Text,0,-1,"The scoring in the joust is as follows:
1 point is awarded for breaking your lance upon the opponent's shield.
2 points are awarded if you strike your opponent's helm.
3 points are awarded if you unhorse your opponent.",
thiodorjoust,dlg,EntryList/6/Text,0,-1,"If you really know nothing about jousting, or have not entered a tournament before, I advise you to get some training first. Squire Mareth is handling that.  Otherwise you can enter the tournament.",
thiodorjoust,dlg,EntryList/7/Text,0,-1,A good idea. Some of the trainers will probably enter the tourney. It's worth finding out a bit about them before you enter.,
thiodorjoust,dlg,EntryList/8/Text,0,-1,"If you are looking to enter the Lists, I am afraid the joust is not yet open.",
thiodorjoust,dlg,EntryList/9/Text,0,-1,"If you are looking to enter the lists for jousting, I am afraid you must be suitably attired.  Find some good solid armor, a helm and a large but not unwieldy shield.",
thiodorjoust,dlg,ReplyList/0/Text,0,-1,"No, thank you.",
thiodorjoust,dlg,ReplyList/1/Text,0,-1,"Yes, that would be nice.",
thiodorjoust,dlg,ReplyList/10/Text,0,-1,Where can I get the proper armor?,
thiodorjoust,dlg,ReplyList/11/Text,0,-1,Thanks.,
thiodorjoust,dlg,ReplyList/12/Text,0,-1,I will.,
thiodorjoust,dlg,ReplyList/13/Text,0,-1,Where can I get a warhorse?,
thiodorjoust,dlg,ReplyList/14/Text,0,-1,Thanks.,
thiodorjoust,dlg,ReplyList/15/Text,0,-1,Not just now.,
thiodorjoust,dlg,ReplyList/16/Text,0,-1,Thanks,
thiodorjoust,dlg,ReplyList/17/Text,0,-1,I'd like to know a bit about the rules first.,
thiodorjoust,dlg,ReplyList/18/Text,0,-1,Yes.  I am ready to enter the tournament.,
thiodorjoust,dlg,ReplyList/19/Text,0,-1,Not just now.,
thiodorjoust,dlg,ReplyList/2/Text,0,-1,"That is enough for now, thanks.",
thiodorjoust,dlg,ReplyList/20/Text,0,-1,Thanks,
thiodorjoust,dlg,ReplyList/21/Text,0,-1,I'd like to know a bit about the rules first.,
thiodorjoust,dlg,ReplyList/22/Text,0,-1,Yes.  I am ready.,
thiodorjoust,dlg,ReplyList/23/Text,0,-1,No.  Not right now.,
thiodorjoust,dlg,ReplyList/24/Text,0,-1,"Yes, thank you.  I would.",
thiodorjoust,dlg,ReplyList/25/Text,0,-1,I will.,
thiodorjoust,dlg,ReplyList/26/Text,0,-1,"No, I don't want to joust right now, thanks.",
thiodorjoust,dlg,ReplyList/28/Text,0,-1,Yes.  Please arrange the match.,
thiodorjoust,dlg,ReplyList/29/Text,0,-1,Red.,
thiodorjoust,dlg,ReplyList/3/Text,0,-1,And how is the match decided?,
thiodorjoust,dlg,ReplyList/30/Text,0,-1,Black.,
thiodorjoust,dlg,ReplyList/31/Text,0,-1,Blue.,
thiodorjoust,dlg,ReplyList/32/Text,0,-1,Yellow.,
thiodorjoust,dlg,ReplyList/33/Text,0,-1,I'm ready,
thiodorjoust,dlg,ReplyList/34/Text,0,-1,I will.,
thiodorjoust,dlg,ReplyList/35/Text,0,-1,I think I would like a training session first.,
thiodorjoust,dlg,ReplyList/36/Text,0,-1,I shall go and speak to squire Mareth.,
thiodorjoust,dlg,ReplyList/37/Text,0,-1,Please arrange a tourney match for me then.,
thiodorjoust,dlg,ReplyList/40/Text,0,-1,[CONTINUE],
thiodorjoust,dlg,ReplyList/41/Text,0,-1,[END],
thiodorjoust,dlg,ReplyList/6/Text,0,-1,Is that all there is to it?,
thiodorjoust,dlg,ReplyList/7/Text,0,-1,I will go and get some training first.,
thiodorjoust,dlg,ReplyList/9/Text,0,-1,I will.,
tracksbarrow,dlg,EntryList/0/Text,0,-1,A mass of muddy footprints.,
tracksbarrow,dlg,EntryList/1/Text,0,-1,"<StartCheck>[Sign Read]</Start>This ground is much trampled, but you can easily distinguish both human and non-human (but humanoid) tracks, together with the signs of battle.",
tracksbarrow2,dlg,EntryList/0/Text,0,-1,A mass of muddy footprints.,
tracksbarrow2,dlg,EntryList/1/Text,0,-1,<StartCheck>[Sign Read]</Start> Several humanoids from two fighting factions clearly entered the barrow. Deep heel prints and reversed prints reveal that a rearguard action was underway.,
trackscw1,dlg,EntryList/0/Text,0,-1,Hoof marks?,
trackscw1,dlg,EntryList/1/Text,0,-1,"These are hoof marks, <FirstName>. I wonder why a horse would be taken into a portal like this one?",
trackscw1,dlg,EntryList/2/Text,0,-1,"<StartCheck>[Sign Read]</Start> These marks are the prints of horses' hooves, leading into the portal.",
trackscwp1,dlg,EntryList/0/Text,0,-1,Deep grooves in the stone.,
trackscwp1,dlg,EntryList/1/Text,0,-1,Those marks clearly show the boulder can be shifted.,
trackscwp1,dlg,EntryList/2/Text,0,-1,"<StartCheck>[Sign Read]</Start>These heavy scuff marks show that this stone can be pulled aside, though clearly not by a man-sized creature.",
tracksfarms,dlg,EntryList/0/Text,0,-1,The moss here is scuffed. Probably there was a struggle.,
tracksfarms,dlg,EntryList/1/Text,0,-1,"<StartCheck>[Sign Read]</Start>Though hard to read, you can make out two or three clear footprints in some soft moss. The footprints are large, more ogre-sized than hobgoblin.",
trackslw1,dlg,EntryList/0/Text,0,-1,Some sort of animal track.,
trackslw1,dlg,EntryList/1/Text,0,-1,"I wouldn't bother, <FirstName>. Those are just deer prints.",
trackslw1,dlg,EntryList/10/Text,0,-1,"Those tracks are a little strange. Could these be the prints of the White Stag? If so, it is very close by. We should be ready for a chase.",
trackslw1,dlg,EntryList/2/Text,0,-1,"I may not be the best tracker, but even I recognize such prints!",
trackslw1,dlg,EntryList/3/Text,0,-1,"Unless ... they are a little strange. Could these be the prints of the White Stag? If so, it is very close by. We should be ready for a chase.",
trackslw1,dlg,EntryList/4/Text,0,-1,"I wouldn't bother, <FirstName>. Those are just deer prints.",
trackslw1,dlg,EntryList/5/Text,0,-1,Some tracks really aren't worth looking at!,
trackslw1,dlg,EntryList/6/Text,0,-1,"Unless ... they are a little strange. Could these be the prints of the White Stag? If so, it is very close by. We should be ready for a chase.",
trackslw1,dlg,EntryList/7/Text,0,-1,"<StartCheck>[Sign Read]</Start>These are the hoof marks of a deer. They are fresh, just a few minutes old.",
trackslw1,dlg,EntryList/8/Text,0,-1,"Well, there's food around if we need it! Anyone fancy venison?",
trackslw1,dlg,EntryList/9/Text,0,-1,"Those tracks are a little strange. Could these be the prints of the White Stag? If so, it is very close by. We should be ready for a chase.",
trackslwg1,dlg,EntryList/0/Text,0,-1,Either bear prints or scuffs of mud.,
trackslwg1,dlg,EntryList/1/Text,0,-1,"These are strange prints, <FirstName>. This one here is a boot mark, but that one is a cat's print like a puma. The tracks are mixed, so I can't make more out.",
trackslwg1,dlg,EntryList/2/Text,0,-1,"<StartCheck>[Sign Read]</Start>There are boot prints here, but also the prints of an animal, like a cat.",
trackslwyv1,dlg,EntryList/0/Text,0,-1,These might be footprints.,
trackslwyv1,dlg,EntryList/1/Text,0,-1,"That's a boot print. I'd guess a pirate, since a fisherman wouldn't wear a boot like that. They must come up the cliff here.",
trackslwyv1,dlg,EntryList/2/Text,0,-1,<StartCheck>[Sign Read]</Start>The clear print of a booted foot stands out in the turf. The owner came up the cliffs here.,
tracksotr1,dlg,EntryList/0/Text,0,-1,Are these tracks coming out of the stream?,
tracksotr1,dlg,EntryList/1/Text,0,-1,"These are simple tracks to follow. Those are hoof prints, leading into the stream. It must serve as an entrance to the forest.",
tracksotr1,dlg,EntryList/2/Text,0,-1,<StartCheck>[Sign Read]</Start>The tracks of both horses and men lead from the stream. The stream must serve as an entrance to the forest.,
trackspfb1,dlg,EntryList/0/Text,0,-1,Footprints or just depressions in the dust? You can't tell...,
trackspfb1,dlg,EntryList/1/Text,0,-1,"Look here, <FirstName>. You see that? That's the mark of a boot heel, but I'd judge this print is years old, if not decades. No one comes here now for sure.",
trackspfb1,dlg,EntryList/2/Text,0,-1,It's odd that no one bothers with this area any more.,
trackspfb1,dlg,EntryList/3/Text,0,-1,"Hmmm. I wish I hadn't said that, it just makes me worry what's ahead.",
trackspfb1,dlg,EntryList/4/Text,0,-1,<StartCheck>[Sign Read]</Start>These shallow depressions in the dust are all that's left of ancient footprints. This corridor has not been used for years.,
trackspoltershut,dlg,EntryList/0/Text,0,-1,Scuff marks probably from one of the guards of this place.,
trackspoltershut,dlg,EntryList/1/Text,0,-1,"Someone moved into this house recently, <FirstName>. These are humanoid tracks, but not hobgoblin, going into and out of the house. The last set left.",
trackspoltershut,dlg,EntryList/2/Text,0,-1,"<StartCheck>[Sign Read]</Start> The clear print of booted feet; not the hob-nailed boots of hobgoblins, but the boots of another humanoid. There are several sets belonging to the same person. The most recent of them exit the house maybe a day ago.",
tracksthief,dlg,EntryList/0/Text,0,-1,"There are footprints here, but you can't track well enough to judge where they lead.",
tracksthief,dlg,EntryList/1/Text,0,-1,"It's difficult to read, but I can just about make it out. They look like human tracks beside the hooves.",
tracksthief,dlg,EntryList/2/Text,0,-1,If we follow them we might be able to take back what they stole.,
tracksthief,dlg,EntryList/3/Text,0,-1,"It's difficult to read, but I can just about make it out. They look like human tracks beside the hooves.",
tracksthief,dlg,EntryList/4/Text,0,-1,If we follow them we might be able to take back what they stole.,
tracksthief,dlg,EntryList/5/Text,0,-1,<StartCheck>[Sign Read]</Start>Several human sized creatures in footwear came and stole your horse. You can see the tracks leading away.,
tracksthief,dlg,ReplyList/2/Text,0,-1,<StartAction>[Leave the tracks]</Start>,
tracksthief,dlg,ReplyList/3/Text,0,-1,<StartAction>[Follow the tracks]</Start>,
tracksthief,dlg,ReplyList/6/Text,0,-1,<StartAction>[Leave the tracks]</Start>,
tracksthief,dlg,ReplyList/7/Text,0,-1,<StartAction>[Follow the tracks]</Start>,
transition,dlg,EntryList/0/Text,0,-1,<StartAction>[Where do you wish to travel to? Options available are:]</Start>,
transition,dlg,EntryList/1/Text,0,-1,"<StartAction>[You are travelling on <CUSTOM1051> to <CUSTOM1001>. This will take you <CUSTOM1002> <CUSTOM1004> and cost <CUSTOM1003> gold in inn fees, if inns are available on this route.]</Start>",
transition,dlg,EntryList/2/Text,0,-1,"<StartAction>[Not using inns makes travel both faster and free, but it also increases the chance of more dangerous encounters since you will be outside at night and means you arrive at your destination unrested. In certain cases you cannot use inns as they do not exist on the route anyway, or they do but you do not have enough money to afford them, in which case the option will not appear.]</Start>",
transition,dlg,EntryList/3/Text,0,-1,"<StartAction>[The tournament areas are closed presently, as no tournament is in progress...]</Start>",
transition,dlg,EntryList/4/Text,0,-1,"<StartAction>[At night, tournament areas are inaccessible...]</Start>",
transition,dlg,EntryList/5/Text,0,-1,"<StartAction>[The tournament areas are not yet open, but will be when the sun is fully risen...]</Start>",
transition,dlg,ReplyList/0/Text,0,-1,<StartAction>[Stay here.]</Start>,
transition,dlg,ReplyList/1/Text,0,-1,<StartAction>[Collect up all horses in Thunderstone.]</Start>,
transition,dlg,ReplyList/10/Text,0,-1,<StartAction>[Thunderstone Jousting Ground]</Start>,
transition,dlg,ReplyList/11/Text,0,-1,<StartAction>[Thunderstone Tournament Ground]</Start>,
transition,dlg,ReplyList/12/Text,0,-1,<StartAction>[Thunderstone Town Gate]</Start>,
transition,dlg,ReplyList/13/Text,0,-1,<StartAction>[What's the difference between using inns or not?]</Start>,
transition,dlg,ReplyList/14/Text,0,-1,<StartAction>[Travel without using inns.]</Start>,
transition,dlg,ReplyList/15/Text,0,-1,<StartAction>[Travel using inns.]</Start>,
transition,dlg,ReplyList/16/Text,0,-1,<StartAction>[Walk to next area.]</Start>,
transition,dlg,ReplyList/18/Text,0,-1,<StartAction>[Stay here.]</Start>,
transition,dlg,ReplyList/19/Text,0,-1,<StartAction>[Wait until morning.]</Start>,
transition,dlg,ReplyList/2/Text,0,-1,<StartAction>[Collect up all horses in area.]</Start>,
transition,dlg,ReplyList/20/Text,0,-1,<StartAction>[Go somewhere else]</Start>,
transition,dlg,ReplyList/3/Text,0,-1,<StartAction>[Wyvernwater Castle]</Start>,
transition,dlg,ReplyList/4/Text,0,-1,<StartAction>[Lake Wyvernwater]</Start>,
transition,dlg,ReplyList/5/Text,0,-1,<StartAction>[Polter's Fort]</Start>,
transition,dlg,ReplyList/6/Text,0,-1,<StartAction>[The Approach to Polter's Fort]</Start>,
transition,dlg,ReplyList/7/Text,0,-1,<StartAction>[Old Barrow]</Start>,
transition,dlg,ReplyList/8/Text,0,-1,<StartAction>[Meeting the Informant]</Start>,
transition,dlg,ReplyList/9/Text,0,-1,<StartAction>[Hawklin Castle]</Start>,
transitiontest,dlg,EntryList/0/Text,0,-1,"<StartAction>[Where do you wish to travel to? Options available are:]</Start> WHEN YOU ARE FINISHED WITH ALL THE MOUNTED/INN OPTIONS, REMEMBER TO SPLIT THIS INTO THE TEST CONVERSATION AND THE REAL ONE AND REMOVE ALL THE NON OVERLAND BRANCHES FROM THE REAL ONE.",
transitiontest,dlg,EntryList/1/Text,0,-1,<StartAction>[You are travelling on <CUSTOM1051> to <CUSTOM1001>. This will take you <CUSTOM1002> <CUSTOM1004> and <CUSTOM1003> gold in inn fees.]</Start>,
transitiontest,dlg,EntryList/2/Text,0,-1,"<StartAction>[Not using inns makes travel both faster and free, but it also increases the chance of more dangerous encounters since you will be outside at night and means you arrive at your destination unrested. In certain cases you cannot use inns as they do not exist on the route anyway, or they do but you do not have enough money to afford them.]</Start>",
transitiontest,dlg,ReplyList/0/Text,0,-1,TESTING AREA (REMOVE ME),
transitiontest,dlg,ReplyList/1/Text,0,-1,Stay here.,
transitiontest,dlg,ReplyList/10/Text,0,-1,<StartAction>[Old Barrow]</Start>,
transitiontest,dlg,ReplyList/11/Text,0,-1,<StartAction>[Meeting the Informant]</Start>,
transitiontest,dlg,ReplyList/12/Text,0,-1,<StartAction>[Hawklin Castle]</Start>,
transitiontest,dlg,ReplyList/13/Text,0,-1,<StartAction>[Thunderstone Tilting Ground]</Start>,
transitiontest,dlg,ReplyList/14/Text,0,-1,<StartAction>[Thunderstone Tournament Ground]</Start>,
transitiontest,dlg,ReplyList/15/Text,0,-1,<StartAction>[Thunderstone Town]</Start>,
transitiontest,dlg,ReplyList/16/Text,0,-1,<StartAction>[Morfen]</Start> REMOVE ME,
transitiontest,dlg,ReplyList/17/Text,0,-1,<StartAction>[On the road]</Start> REMOVE ME,
transitiontest,dlg,ReplyList/18/Text,0,-1,<StartAction>[Start]</Start>,
transitiontest,dlg,ReplyList/19/Text,0,-1,<StartAction>[What's the difference between using inns or not?]</Start>,
transitiontest,dlg,ReplyList/2/Text,0,-1,<StartAction>[Battlefield]</Start>,
transitiontest,dlg,ReplyList/20/Text,0,-1,<StartAction>[Travel without using inns. CHANGE SETTINGS.]</Start>,
transitiontest,dlg,ReplyList/21/Text,0,-1,<StartAction>[Travel using inns.]</Start>,
transitiontest,dlg,ReplyList/22/Text,0,-1,<StartAction>[Walk to next area of town.]</Start>,
transitiontest,dlg,ReplyList/3/Text,0,-1,<StartAction>[Wyvernwater Castle Sinking]</Start>,
transitiontest,dlg,ReplyList/4/Text,0,-1,<StartAction>[Wyvernwater Castle: Pirate Caves]</Start>,
transitiontest,dlg,ReplyList/5/Text,0,-1,<StartAction>[Wyvernwater Castle: Keep]</Start>,
transitiontest,dlg,ReplyList/6/Text,0,-1,<StartAction>[Wyvernwater Castle]</Start>,
transitiontest,dlg,ReplyList/7/Text,0,-1,<StartAction>[Lake Wyvernwater]</Start>,
transitiontest,dlg,ReplyList/8/Text,0,-1,<StartAction>[Polter's Fort]</Start>,
transitiontest,dlg,ReplyList/9/Text,0,-1,<StartAction>[Polter's Fort Approach]</Start>,
trap,dlg,EntryList/0/Text,0,-1,Another brave fool falls for our trap! Kill them now!,
troubleshooting,dlg,EntryList/0/Text,0,-1,Wyvern Crown of Cormyr - Hot Fix 1 - Troubleshooting guide.,
troubleshooting,dlg,EntryList/1/Text,0,-1,"There is a simple way to fix any of these RARE occurences.

In the chat console type:
##debugmode 1
##dm_runscript fixappearance
##debugmode 0",
troubleshooting,dlg,EntryList/2/Text,0,-1,"There are some console commands that can be used with this hotfix if the need schould arise.

##debugmode 1
##dm_runscript version
##debugmode 0
Will list the version of this patch/hotfix.

##debugmode 1
##dm_runscript removenegeffects
##debugmode 0
Will try to remove any negative effects related to mounted applied to you or your henchmen.  This is only useful for games already in progress before using this hotfix.

##debugmode 1
##dm_spawnitem patch_it_drophrs
##debugmode 0
Will create an item that can be used to destroy a horse if it is problematical and you want it removed from the game.",
troubleshooting,dlg,EntryList/3/Text,0,-1,"This module uses a lot of sounds and graphics are at a level that really pushes this engine.  With that said there are a few things you should consider when dealing with lag.
#1 - Check your sound settings.  If they are not set to use HARDWARE acceleration and are instead on SOFTWARE then you can expect lag.   The CPU has to handle mixing all of the sounds and we used a lot of them in designing this module.
#2 - Check your video settings and see if you can reduce some of them.  This may reduce the lag.
#3 - Your video card should have at least 128MB of RAM and preferably should be something in the Geforce 6xxx series or newer.
#4 - If this still does not fix your problems try posting on the premium module technical support forums at http://nwn.bioware.com/ or posting on the DLA forums at http://www.dladventures.net/",
troubleshooting,dlg,ReplyList/0/Text,0,-1,I do not need to learn about any other troubleshooting steps.,
troubleshooting,dlg,ReplyList/1/Text,0,-1,"Horse on Head, cannot mount due to shape shifted, and other appearance related issues.",
troubleshooting,dlg,ReplyList/2/Text,0,-1,General problems.,
troubleshooting,dlg,ReplyList/3/Text,0,-1,Lag,
wangle,dlg,EntryList/0/Text,0,-1,What do ye need?,
wangle,dlg,EntryList/1/Text,0,-1,Certainly. Are ye buying or enquiring?,
wangle,dlg,EntryList/10/Text,0,-1,I recognize this horse. It belongs to Lacinda. It would be wrong for me to purchase it. How else can I help you?,
wangle,dlg,EntryList/11/Text,0,-1,Ye're pulling my leg aren't ye? That's a magical mount if ever I saw one. Ye think I foolish enough to buy that? I'd only find it gone the next day! Now stop messing about. What is it ye want?,
wangle,dlg,EntryList/12/Text,0,-1,"If ye mount the horse, I can't very well look at it can I? If you're serious about selling your horse, let me take a proper look at it! Or did you want something else?",
wangle,dlg,EntryList/13/Text,0,-1,"Well you're clearly not after chickens, so I guess it's horses you're interested in, and I have a large variety.",
wangle,dlg,EntryList/14/Text,0,-1,Excellent. What color would ye like?,
wangle,dlg,EntryList/15/Text,0,-1,What kind of horse? ,
wangle,dlg,EntryList/16/Text,0,-1,"All horses come with saddles of course, but would ye like to buy this horse with packs for ye to store gear and equipment in? And what about barding?",
wangle,dlg,EntryList/17/Text,0,-1,"Barding, hmm? We have several styles of barding to choose from, each offering similar protection. Please take your pick. <StartAction>[He shows you a number of different styles.]</Start>",
wangle,dlg,EntryList/18/Text,0,-1,"All horses come with saddles of course, but would you like to buy this horse with packs for you to store gear and equipment in?",
wangle,dlg,EntryList/19/Text,0,-1,"Ye can purchase a horse of this kind, equipped this way, for <StartAction><CUSTOM3000></Start>.",
wangle,dlg,EntryList/2/Text,0,-1,"I'll have a look at what ye have, but I'll only look at dismounted horses. I need to check them over properly before I name my price.",
wangle,dlg,EntryList/20/Text,0,-1,Do ye need anything else then?,
wangle,dlg,EntryList/21/Text,0,-1,Ye won't regret that choice my <lad/lass>. That's ye horse just there... ,
wangle,dlg,EntryList/22/Text,0,-1,Do you want another?,
wangle,dlg,EntryList/23/Text,0,-1,"It's a shame, but ye don't have the money. Maybe ye should come back later?",
wangle,dlg,EntryList/24/Text,0,-1,Are you intending to ride in the joust?,
wangle,dlg,EntryList/25/Text,0,-1,"Well if you are, I would like someone to ride for me. If you can persuade me you are worthy, then I would lend you my horse for the jousting.",
wangle,dlg,EntryList/26/Text,0,-1,As you like.,
wangle,dlg,EntryList/27/Text,0,-1,"Shall we continue our discussion now, <mister/missus>? Ye wanted a horse I believe.",
wangle,dlg,EntryList/28/Text,0,-1,In what way?,
wangle,dlg,EntryList/29/Text,0,-1,As ye like. I'll be here all day when ye change your mind!,
wangle,dlg,EntryList/3/Text,0,-1,Let me see.,
wangle,dlg,EntryList/30/Text,0,-1,"I am seeking someone to ride on my behalf. It has fallen out of fashion these days, but it used to be common for ladies, or even for lords, to pick a champion to ride for them in the joust. It is only a sign of prestige or honor. It will cost you nothing.",
wangle,dlg,EntryList/31/Text,0,-1,"Not so fast. I can tell you are down on your luck. Would you bring me honor riding in the joust, or would you go out in the first round?",
wangle,dlg,EntryList/32/Text,0,-1,"Well expectations are not enough for me. I shall seek another knight. It might be you are capable of riding on my behalf in the future, but I think I'll wait and see you ride in a joust first.",
wangle,dlg,EntryList/33/Text,0,-1,"I can see you are not a worthy knight for me. Good day to you, <mister/missus>.",
wangle,dlg,EntryList/34/Text,0,-1,"You always say I'm the one with the temper <FirstName>, but I think we'd do better not to make enemies so early on.",
wangle,dlg,EntryList/35/Text,0,-1,"If we are to be squires, I think we will have to behave better to the nobles, <FirstName>.",
wangle,dlg,EntryList/36/Text,0,-1,I'll gain even less if my champion winds up on <his/her> back in the first pass!,
wangle,dlg,EntryList/37/Text,0,-1,"<StartAction>[Success]</Start> Well, yes, I suppose that is true... then ride for me!",
wangle,dlg,EntryList/38/Text,0,-1,"Here, take this as a token of my favor. You can wear it on your glove. And here, this fine horse in the scale barding is mine. You will find him temperamental, but an excellent warhorse.",
wangle,dlg,EntryList/39/Text,0,-1,Good luck in the joust <FullName>. I shall be watching your progress with interest!,
wangle,dlg,EntryList/4/Text,0,-1,Is this the horse you wish to sell?,
wangle,dlg,EntryList/40/Text,0,-1,"Possibly that's true, but that doesn't make you a good rider.",
wangle,dlg,EntryList/41/Text,0,-1,"<StartAction>[Success]</Start> Yes, you look it. Very well then... ",
wangle,dlg,EntryList/42/Text,0,-1,"Well, you don't look like the sort who's been in many jousts... ",
wangle,dlg,EntryList/43/Text,0,-1,<StartAction>[Success]</Start> Really? Well in that case I'm glad I approached you.,
wangle,dlg,EntryList/44/Text,0,-1,Well... my name is Lacinda Cormaeril...,
wangle,dlg,EntryList/45/Text,0,-1,I see that name does not register with you.,
wangle,dlg,EntryList/46/Text,0,-1," It can be an infamous name in Cormyr. It is true that most Cormaerils were banished from Cormyr after the assassination attempt on King Azoun IV, but my line are just distant cousins of the traitors.",
wangle,dlg,EntryList/47/Text,0,-1,"The King spared us. We were stripped of most of our wealth and titles, but allowed to remain within Cormyr. Many people remain highly suspicious of us even though we had nothing to do with the plot on the King's life.",
wangle,dlg,EntryList/48/Text,0,-1, I won't be branded a traitor like my cousins.,
wangle,dlg,EntryList/49/Text,0,-1,It must have been very difficult to be punished for something you didn't do?,
wangle,dlg,EntryList/5/Text,0,-1,"Well, let me look at another then.",
wangle,dlg,EntryList/50/Text,0,-1,"That is correct, but I remain loyal to the Regent nontheless.",
wangle,dlg,EntryList/51/Text,0,-1,"The Cormaeril's have been disgraced. After they plotted to kill the King... King Azoun IV that is, not the boy... they were banished from Cormyr!",
wangle,dlg,EntryList/52/Text,0,-1,A Cormaeril! No wonder you need someone to ride for you!,
wangle,dlg,EntryList/53/Text,0,-1,"It is not... politically sensible for me to ride around in jousting tournaments. Even if I wished to, those days are gone from me. I have instead pursued the Arcane Arts and I am a registered sorceror, though not a War Wizard of Cormyr.",
wangle,dlg,EntryList/54/Text,0,-1,I could also use a horse if we have enough money to cover it <FirstName>.,
wangle,dlg,EntryList/55/Text,0,-1,"I hope not just one horse <FirstName>. Once you have chosen yours, how about one for me too?",
wangle,dlg,EntryList/56/Text,0,-1,"I think you probably have enough horses for now. I have limited stock, and would prefer to sell to those without.",
wangle,dlg,EntryList/57/Text,0,-1,"Well unless ye just want to look at them, they're not much use without. Ye'll be wantin' a saddle and maybe packs as well. Some horses'll also take barding.",
wangle,dlg,EntryList/58/Text,0,-1,"Barding allows greater protection for your mount, but can only be worn by trained warhorses. Of course you'll need a saddle too for any real sort of riding.",
wangle,dlg,EntryList/59/Text,0,-1,"The packs allow you to carry additional gear on your horse. Even warhorses can make useful pack animals at times. Of course, you'll need a saddle if you want to ride them though.",
wangle,dlg,EntryList/6/Text,0,-1,"Well, I did not see any horses of interest to me at the moment?  How else might I help you?",
wangle,dlg,EntryList/60/Text,0,-1,"Well, you must saddle a horse to ride it, obviously. These are inexpensive, really. They do not offer any extra protection, and by themselves do not allow ye to have your horse carry any gear.",
wangle,dlg,EntryList/61/Text,0,-1,"There's good horses and there's poor horses and everything in between. There's some that'll run away in a fight, and others that'll fight with ye. Depends what you're after. Broadly speaking, there's light and heavy horses, and those that're trained for war.",
wangle,dlg,EntryList/62/Text,0,-1,"Now these are the true knight's steed: sturdy, strong and excellently trained. They'll carry the heaviest loads with the sturdiest of hearts. They'll wear any barding, and are trained for battle; fighting with ye whether you're mounted or not. They're not cheap, but I expect ye want the best aye?",
wangle,dlg,EntryList/63/Text,0,-1,"Light warhorses are stout, trained animals. Think of you're basic cavalry charger. They will fight beside ye in battle even if you're not riding them, and they will carry ye gear if equipped for it. They cost a bit less than the heavy warhorse, but are less sturdy.",
wangle,dlg,EntryList/64/Text,0,-1,"Well a heavy horse is a bit sturdier than a light horse, and carries a bit more weight. If ye want them for battle though, you'll have much the same problems with both. They're easily spooked and ye won't be able to get barding on them either. As a steed though, they're a very good price.",
wangle,dlg,EntryList/65/Text,0,-1,"Light horses are good enough animals if ye just want to ride, or need something to carry equipment. Leave 'em untended and something spooks 'em, or if someone came along, ye might find yourself lacking a horse. They are not trained to wear barding, either, but then they're cheaper than the others.",
wangle,dlg,EntryList/66/Text,0,-1,Anything else ye need to know?,
wangle,dlg,EntryList/67/Text,0,-1,"You have to make your own money these days. Many would choose adventuring, if only the price would come down for the Charter. You'll have to find work for yourself.",
wangle,dlg,EntryList/68/Text,0,-1,"There's not many jobs now, truth be told. Since the war, many an ex-soldier needs work.",
wangle,dlg,EntryList/69/Text,0,-1,"Well, Alice Broadhand over at the Six Coffers sometimes has a job that needs doing, but oft times her jobs are not the sort anyone would want.",
wangle,dlg,EntryList/7/Text,0,-1,I'll give you <CUSTOM112670>.,
wangle,dlg,EntryList/70/Text,0,-1,"There's no easy way to make money in Thunderstone nowadays. Maybe your best hope is the next tournament? If you're prepared to fight, there's a General Melee with cash prize up for grabs. Last man standing, that sort of thing.",
wangle,dlg,EntryList/71/Text,0,-1,Polter's Fort? Not I. Never heard of it!,
wangle,dlg,EntryList/72/Text,0,-1,"I believe Magnus, the priest in the Shrine of Tempus is the man for history. Perhaps he can help ye?",
wangle,dlg,EntryList/73/Text,0,-1,I thought that was just a Folk Tale? Wasn't that the place with the ghost in it that undid the building work every night? Good story that one...,
wangle,dlg,EntryList/74/Text,0,-1,Of course. What are ye looking for?,
wangle,dlg,EntryList/75/Text,0,-1,Are you after goods or livestock?,
wangle,dlg,EntryList/76/Text,0,-1,"Well, that's me ye want to talk to then.",
wangle,dlg,EntryList/77/Text,0,-1,"I have a new smith working for me, and she's something special. Just go into the livery there.",
wangle,dlg,EntryList/78/Text,0,-1,When the tournament runs ye can get access to the grounds by just heading over to the east side of town.,
wangle,dlg,EntryList/79/Text,0,-1,"Sir Hawklin's castle is at the south end of Thunderstone. You can't miss it, it's a big stone structure.",
wangle,dlg,EntryList/8/Text,0,-1,"Well, if you change your mind you know where to find me.  Is there anything else you wished to talk about?",
wangle,dlg,EntryList/80/Text,0,-1,It's at the south end of town.,
wangle,dlg,EntryList/81/Text,0,-1,The Shrine of Tempus caters for all. Head to the main square and it's on the south side.,
wangle,dlg,EntryList/82/Text,0,-1,"Forget the nearest. The best inn is the Furniture's Fate on the east side of the square. The Sign of Thunder, which is nearest to the bridge, isn't half as nice, and of course the Bear's Den is closed now.",
wangle,dlg,EntryList/83/Text,0,-1,"I recommend the Sign of Thunder. It's the one nearest to the bridge. There's the Furniture's Fate of course, which also welcomes travelers, but it really gets too noisy in there. If that's more your sort, it's on the east side of the square.",
wangle,dlg,EntryList/84/Text,0,-1,"Well there's two inns in Thunderstone where you'd be welcome; the Bear's Den is closed now, and the Dragon's Den only welcomes soldiers. The Sign of Thunder is close to the bridge, just a little southeast. The Furniture's Fate is on the east side of the main square. Both are lively places.",
wangle,dlg,EntryList/85/Text,0,-1,Finest livestock in town! Call out ye bids ladies and gentlemen! Oh... yes?,
wangle,dlg,EntryList/9/Text,0,-1,Very good.  I will have a stable boy take this horse to my pastures.  Do ye need anything more?,
wangle,dlg,ReplyList/0/Text,0,-1,I am done.,
wangle,dlg,ReplyList/1/Text,0,-1,Let's talk horses... ,
wangle,dlg,ReplyList/10/Text,0,-1,"No, I'm done.",
wangle,dlg,ReplyList/100/Text,0,-1,Where can I find merchants to trade with?,
wangle,dlg,ReplyList/101/Text,0,-1,Livestock and horses.,
wangle,dlg,ReplyList/102/Text,0,-1,My thanks to you.,
wangle,dlg,ReplyList/103/Text,0,-1,Goods,
wangle,dlg,ReplyList/104/Text,0,-1,My thanks to you.,
wangle,dlg,ReplyList/105/Text,0,-1,Where is the tournament ground?,
wangle,dlg,ReplyList/106/Text,0,-1,My thanks to you.,
wangle,dlg,ReplyList/107/Text,0,-1,I need to know the way to Sir Hawklin's castle.,
wangle,dlg,ReplyList/108/Text,0,-1,My thanks to you.,
wangle,dlg,ReplyList/109/Text,0,-1,My thanks to you.,
wangle,dlg,ReplyList/11/Text,0,-1,Yes.,
wangle,dlg,ReplyList/110/Text,0,-1,I need the nearest place of healing.,
wangle,dlg,ReplyList/111/Text,0,-1,My thanks to you.,
wangle,dlg,ReplyList/112/Text,0,-1,I need the nearest inn.,
wangle,dlg,ReplyList/113/Text,0,-1,My thanks to you.,
wangle,dlg,ReplyList/114/Text,0,-1,My thanks to you.,
wangle,dlg,ReplyList/115/Text,0,-1,My thanks to you.,
wangle,dlg,ReplyList/116/Text,0,-1,Thanks. Can I ask something else?,
wangle,dlg,ReplyList/12/Text,0,-1,I'll take it.,
wangle,dlg,ReplyList/13/Text,0,-1,What do you have to sell?,
wangle,dlg,ReplyList/14/Text,0,-1,I'd like to purchase a horse.,
wangle,dlg,ReplyList/15/Text,0,-1,A black.,
wangle,dlg,ReplyList/16/Text,0,-1,Spotted.,
wangle,dlg,ReplyList/17/Text,0,-1,Steeldust.,
wangle,dlg,ReplyList/18/Text,0,-1,A heavy warhorse.,
wangle,dlg,ReplyList/19/Text,0,-1,A light warhorse.,
wangle,dlg,ReplyList/2/Text,0,-1,I'd like to sell you a horse.,
wangle,dlg,ReplyList/20/Text,0,-1,I want barding and packs as well.,
wangle,dlg,ReplyList/21/Text,0,-1,I'll have barding plus a saddle.,
wangle,dlg,ReplyList/22/Text,0,-1,Give me that heavy barding with the red caparison with the skull on it.,
wangle,dlg,ReplyList/23/Text,0,-1,I think I'll take that leather barding with the purple caparison.,
wangle,dlg,ReplyList/24/Text,0,-1,I'd like the chainmail barding.,
wangle,dlg,ReplyList/25/Text,0,-1,Give me the scale barding with the cyan gilting please.,
wangle,dlg,ReplyList/26/Text,0,-1,I'll take the leather barding with the tan cloth caparison.,
wangle,dlg,ReplyList/27/Text,0,-1,"Just a saddle and packs, please.",
wangle,dlg,ReplyList/28/Text,0,-1,"Just a saddle, thank you. ",
wangle,dlg,ReplyList/29/Text,0,-1,A heavy horse.,
wangle,dlg,ReplyList/3/Text,0,-1,I've changed my mind. Let's discuss something else.,
wangle,dlg,ReplyList/30/Text,0,-1,A light horse.,
wangle,dlg,ReplyList/31/Text,0,-1,"I'd like to purchase a horse with saddle and packs, please.",
wangle,dlg,ReplyList/32/Text,0,-1,"I'd like to purchase a horse with just a saddle, thank you.",
wangle,dlg,ReplyList/33/Text,0,-1,I큩e changed my mind. Maybe later.,
wangle,dlg,ReplyList/34/Text,0,-1,I'm done.,
wangle,dlg,ReplyList/35/Text,0,-1,Yes,
wangle,dlg,ReplyList/36/Text,0,-1,"Ok, I will buy it.",
wangle,dlg,ReplyList/38/Text,0,-1,Let me ask you something.,
wangle,dlg,ReplyList/39/Text,0,-1,I'm done.,
wangle,dlg,ReplyList/4/Text,0,-1,"Well, let me dismount and take things out of packs and you can have a look.",
wangle,dlg,ReplyList/40/Text,0,-1,Yes.,
wangle,dlg,ReplyList/41/Text,0,-1,I'll come back later.,
wangle,dlg,ReplyList/42/Text,0,-1,Chestnut,
wangle,dlg,ReplyList/43/Text,0,-1,No,
wangle,dlg,ReplyList/44/Text,0,-1,I might be.,
wangle,dlg,ReplyList/45/Text,0,-1,Yes,
wangle,dlg,ReplyList/46/Text,0,-1,I'm not interested in riding for you.,
wangle,dlg,ReplyList/48/Text,0,-1,I want to ask something else.,
wangle,dlg,ReplyList/49/Text,0,-1,I've changed my mind.,
wangle,dlg,ReplyList/5/Text,0,-1,The horses I am offering are here and dismounted. Please tell me what price you'll offer for each.,
wangle,dlg,ReplyList/50/Text,0,-1,"Lacinda, I will ride for you.",
wangle,dlg,ReplyList/51/Text,0,-1,"Lacinda, why do you want someone to ride for you?",
wangle,dlg,ReplyList/52/Text,0,-1,I'm not interested. I'll be going.,
wangle,dlg,ReplyList/54/Text,0,-1,"Yes, continue.",
wangle,dlg,ReplyList/55/Text,0,-1,Why would you do that?,
wangle,dlg,ReplyList/56/Text,0,-1,I will ride for you.,
wangle,dlg,ReplyList/57/Text,0,-1,I expect to do well.,
wangle,dlg,ReplyList/58/Text,0,-1,You arrogant cow. That's your loss not mine!,
wangle,dlg,ReplyList/62/Text,0,-1,Fair enough.,
wangle,dlg,ReplyList/63/Text,0,-1,Then I shall leave you.,
wangle,dlg,ReplyList/64/Text,0,-1,<StartCheck>[Taunt]</Start> Pah! You'll gain no honor at all with that cautious attitude!,
wangle,dlg,ReplyList/67/Text,0,-1,Thank you.,
wangle,dlg,ReplyList/68/Text,0,-1,"<StartCheck>[Persuade]</Start> I may look poor, but I am still a doughty fighter.",
wangle,dlg,ReplyList/69/Text,0,-1,"<StartCheck>[Bluff]</Start> I have ridden in many jousts before, have no fear on that score.",
wangle,dlg,ReplyList/7/Text,0,-1,No.,
wangle,dlg,ReplyList/70/Text,0,-1,"If I am to ride for you, I should know a little about you first.",
wangle,dlg,ReplyList/79/Text,0,-1,Why don't you ride yourself?,
wangle,dlg,ReplyList/8/Text,0,-1,Yes.,
wangle,dlg,ReplyList/83/Text,0,-1,Do your horses come with any gear?,
wangle,dlg,ReplyList/84/Text,0,-1,Tell me about barding.,
wangle,dlg,ReplyList/85/Text,0,-1,Tell me about packs.,
wangle,dlg,ReplyList/86/Text,0,-1,I would like to know about saddles.,
wangle,dlg,ReplyList/87/Text,0,-1,What sort of horses do you have?,
wangle,dlg,ReplyList/88/Text,0,-1,I'd like to know about a heavy warhorse.,
wangle,dlg,ReplyList/89/Text,0,-1,I'd like to know about a light warhorse.,
wangle,dlg,ReplyList/9/Text,0,-1,I don't think so.,
wangle,dlg,ReplyList/90/Text,0,-1,I'd like to know about a heavy horse.,
wangle,dlg,ReplyList/91/Text,0,-1,I'd like to know about a light horse.,
wangle,dlg,ReplyList/92/Text,0,-1,I see...,
wangle,dlg,ReplyList/93/Text,0,-1,Let me ask you about something else.,
wangle,dlg,ReplyList/94/Text,0,-1,Where can I get a job in this town?,
wangle,dlg,ReplyList/95/Text,0,-1,Can you tell me anything about Polter's Fort?,
wangle,dlg,ReplyList/96/Text,0,-1,My thanks to you.,
wangle,dlg,ReplyList/97/Text,0,-1,My thanks to you.,
wangle,dlg,ReplyList/98/Text,0,-1,My thanks to you.,
wangle,dlg,ReplyList/99/Text,0,-1,Can you help me with directions?,
watch,dlg,EntryList/0/Text,0,-1,Watchmen! Watchmen! Help!,
witchlord1,dlg,EntryList/0/Text,0,-1,KILL BRANCHES,
witchlord1,dlg,EntryList/1/Text,0,-1,Wait! There is more! I will tell you everything!,
witchlord1,dlg,EntryList/10/Text,0,-1,<StartAction>[Success]</Start> This is all that I have. Take it.,
witchlord1,dlg,EntryList/11/Text,0,-1,I thank thee and assure thee that thy actions will not be without consequences.,
witchlord1,dlg,EntryList/12/Text,0,-1,The dragon is thine enemy. Only by slaying him will thou be at peace.,
witchlord1,dlg,EntryList/13/Text,0,-1,"I am surprised you're willing to trust this thing, but it's your call, <FirstName>.",
witchlord1,dlg,EntryList/14/Text,0,-1,Let us just hope there are no repercussions for this.,
witchlord1,dlg,EntryList/15/Text,0,-1,"I hope you know what you are doing, <FirstName>. That doesn't seem like the peace we sought for our families.",
witchlord1,dlg,EntryList/16/Text,0,-1,"Mortal, thy weapon cannot slay me!",
witchlord1,dlg,EntryList/17/Text,0,-1,I can't even bear to be near this thing. Kill it and let's get out of here.,
witchlord1,dlg,EntryList/18/Text,0,-1,"If this... thing... offers a decent bargain for its life, then it can live. That's what I say.",
witchlord1,dlg,EntryList/19/Text,0,-1,I have told much already. Spare me.,
witchlord1,dlg,EntryList/2/Text,0,-1,Hear me out. You shall not regret it.,
witchlord1,dlg,EntryList/20/Text,0,-1,I don't see how you can even think to bargain with this murderer.,
witchlord1,dlg,EntryList/21/Text,0,-1,"How can you ask <FirstName>? My parents lie dead, and this beast is responsible. We came to find it, and we should kill it now we're here.",
witchlord1,dlg,EntryList/22/Text,0,-1,"<CUSTOM1020>, I am in two minds whether to slay this creature or let it live. I feel the stench of evil radiating from it, but when a creature begs so hard for forgiveness it is hard to deal the blow.",
witchlord1,dlg,EntryList/23/Text,0,-1,Ultimately it is at least in part responsible for the raids on good Cormyrians. For that its life should be forfeit.,
witchlord1,dlg,EntryList/24/Text,0,-1,"Wait, I beseech thee! I am not thine enemy. Why hast thou come to slay me?",
witchlord1,dlg,EntryList/25/Text,0,-1,"I am not thine enemy. I am the slave only, not the master. Everything I do, I am forced to do by him. Even the slaves thou hast encountered are his, not mine.",
witchlord1,dlg,EntryList/26/Text,0,-1,"I may look hideous to thee, but my heart is not evil. My master is a cruel master and he is served by cruel servants. The minions that he makes me use are black and evil creatures. The farms are not their targets, but it is their nature to destroy and ravage whatever they find.",
witchlord1,dlg,EntryList/27/Text,0,-1,"No, my master bids me send his minions forth to raid the barrows that ring the forest to seek an ancient artifact; a crown he calls the Wyvern Crown. In doing so these degenerate creatures destroy the farms of Cormyr, and slay those who live on them.",
witchlord1,dlg,EntryList/28/Text,0,-1,"I know nothing about this crown, but my cruel master makes me search for it in the barrows, so I send his minions forth to bring back any crown they find. Whether it truly exists or no, I do what I am bid. ",
witchlord1,dlg,EntryList/29/Text,0,-1,I am compelled to do his bidding. Thou must believe me; my master is far more powerful than I! I am but ancient bones and long for the peace of oblivion.,
witchlord1,dlg,EntryList/3/Text,0,-1,Spare me! I shall tell thee where my master can be found...,
witchlord1,dlg,EntryList/30/Text,0,-1,"My master is Wyvernvapor, the Mist Dragon. He dwells in his castle upon Lake Wyvernwater. Everything that I do, I do at his command. I do not do it willingly. Oh no! But my master is powerful, too powerful for me.",
witchlord1,dlg,EntryList/31/Text,0,-1,"Wyvernvapor dwells in an ancient castle on a spit of land on the eastern side of Lake Wyvernwater. It is an area that is largely uninhabited, but for some fishermen who scrape a miserable living along the lakeshore, under the eyes of the dragon.",
witchlord1,dlg,EntryList/32/Text,0,-1,"My master is behind many things: the destruction of the farms along the Hullack Forest border, the raids on the ancient barrows, and the piracy upon the lake itself. Though they may seem random deeds of evil, my master is calculating in his methods, and all are aimed at finding the crown he calls the Wyvern Crown.",
witchlord1,dlg,EntryList/33/Text,0,-1,I am compelled to do his bidding and raid the barrows along the forest edge. But I am not his only servant. Oh no! He has one far more willing than I!,
witchlord1,dlg,EntryList/34/Text,0,-1,"The merchant that the Cormyrians call Valetto is his most favored lieutenant. It is Valetto that attacks the ships upon Lake Wyvernwater. Oh yes! He has Lord Hawklin fooled, does Valetto. ",
witchlord1,dlg,EntryList/35/Text,0,-1,"He hides his pirate ship within Wyvernvapor's castle, safe beyond any enemy. Then, when the mist is upon the lake, he attacks the ships of the other merchants, including that of Imelda, Hawklin's own business partner.",
witchlord1,dlg,EntryList/36/Text,0,-1,"Doest thou know what he does with the goods he seizes? The ivory and the gold? Why, he uses it to buy the farms from the very man he has bankrupted: Lord Hawklin! Then from the safety of the farms, his men search the nearby barrows, thus completing his bargain with my master.",
witchlord1,dlg,EntryList/37/Text,0,-1,"It is a foul bargain is it not? But then Valetto's heart is as black as my master's. He is not a slave as I, but a willing servant!",
witchlord1,dlg,EntryList/38/Text,0,-1,"The Cormyrians believe that my master is benevolent. For years they have had no reason to be suspicious of him. But even should they wish to drive him from the lake, they must first find him.",
witchlord1,dlg,EntryList/39/Text,0,-1,"The ancient castle that my master dwells in is a place of magic itself. None who seek the castle can ever find it, unless there is a thick mist upon the lake. At any other time, the castle sinks below the waves, hidden. Within the castle there is a mythallar. It is the magic of this that powers the rise and fall of the castle.",
witchlord1,dlg,EntryList/4/Text,0,-1,"Wait! Doubtless you blame me for the raids, but it is not my fault!",
witchlord1,dlg,EntryList/40/Text,0,-1,"Well, <FullName>, I see that thou hast the Crown. Great power can be thine, if that is what thou desirest. Riches, fame, followers... give me the Crown and it will all be thine, and with it, freedom from the poison in thy veins!",
witchlord1,dlg,EntryList/41/Text,0,-1,"Thou wilt not regret it, <FullName>. I reward my servants well.",
witchlord1,dlg,EntryList/42/Text,0,-1,Let me show thee a vision of our future...,
witchlord1,dlg,EntryList/43/Text,0,-1,"I will stand with you, <FirstName>. My loyalty to you is greater now even than my loyalty to Cormyr. I am certain you shall treat me better than my country.",
witchlord1,dlg,EntryList/44/Text,0,-1,But <FirstName>? How could you sell out? Everything we have fought for is thrown away if you do deals with this creature!,
witchlord1,dlg,EntryList/45/Text,0,-1, I must warn my father...,
witchlord1,dlg,EntryList/46/Text,0,-1,"Why would you do this, <FirstName>?",
witchlord1,dlg,EntryList/47/Text,0,-1,"You can't trust the Witch Lord, <FirstName>! My father has treated you like his own child! This is treachery!",
witchlord1,dlg,EntryList/48/Text,0,-1,"That is not repaying the debts you owe to Cormyr, bringing this vile creature into their lives...",
witchlord1,dlg,EntryList/49/Text,0,-1,"This is not what we came for, <FirstName>. Our families paid in blood! Do not let the Crown call you over to evil!",
witchlord1,dlg,EntryList/5/Text,0,-1,Thou must hear me out! I am not the one responsible for this!,
witchlord1,dlg,EntryList/50/Text,0,-1,"Oh <FirstName>, you are lost to us, just like Jonas was! I must warn others before we are all caught up in this disaster...",
witchlord1,dlg,EntryList/51/Text,0,-1,No! Cormyr is betrayed! I must warn Caladnei...,
witchlord1,dlg,EntryList/52/Text,0,-1,"I offer thee two alternatives: serve me, and power and riches shall be thine. Thwart me, and death shall follow swiftly.",
witchlord1,dlg,EntryList/53/Text,0,-1,I think I shall take the Crown...,
witchlord1,dlg,EntryList/54/Text,0,-1,Thine? I think not.,
witchlord1,dlg,EntryList/55/Text,0,-1,"Give me the Crown, fool! For what purpose couldst thou want it?",
witchlord1,dlg,EntryList/56/Text,0,-1,"That... that is interesting. It is true that if one of us has the Crown, we could truly be a mighty force together... but what wilt thou offer me in such a deal?",
witchlord1,dlg,EntryList/57/Text,0,-1,This bargain interests me. Together we are stronger than alone. I can see a vision of our future.,
witchlord1,dlg,EntryList/58/Text,0,-1,This bargain interests me. Together we are stronger than alone.,
witchlord1,dlg,EntryList/59/Text,0,-1,Yes. This is a good choice. Thou shalt be powerful indeed! <CUSTOM1021> <FirstName> <CUSTOM1053> shall become <Lord/Lady> <FullName> The Terrible!,
witchlord1,dlg,EntryList/6/Text,0,-1,Thank you for sparing me. Thou wilt not regret it.,
witchlord1,dlg,EntryList/60/Text,0,-1, I can see a vision of our future. Let me show it to thee....,
witchlord1,dlg,EntryList/61/Text,0,-1,But <FirstName>? How could you sell out? Everything we have fought for is thrown away if you do deals with this creature!,
witchlord1,dlg,EntryList/62/Text,0,-1, I must warn my father...,
witchlord1,dlg,EntryList/63/Text,0,-1,"Why would you do this, <FirstName>?",
witchlord1,dlg,EntryList/64/Text,0,-1,"You can't trust the Witch Lord, <FirstName>! My father has treated you like his own child! This is treachery!",
witchlord1,dlg,EntryList/65/Text,0,-1,Saying you can protect Cormyr and keep the Crown is no answer!,
witchlord1,dlg,EntryList/66/Text,0,-1,"That is not repaying the debts you owe to Cormyr, bringing this vile creature into their lives...",
witchlord1,dlg,EntryList/67/Text,0,-1,"This is not what we came for, <FirstName>. Our families paid in blood! Do not let the Crown call you over to evil!",
witchlord1,dlg,EntryList/68/Text,0,-1,"It would not be long before the Witch Lord tricked you, <FirstName>. Think! You can not make deals with it!",
witchlord1,dlg,EntryList/69/Text,0,-1,"Oh <FirstName>, you are lost to us, just like Jonas was! I must warn others before we are all caught up in this disaster...",
witchlord1,dlg,EntryList/7/Text,0,-1,Thou I have told everything that I know. I ask for thy mercy.,
witchlord1,dlg,EntryList/70/Text,0,-1,No! Cormyr is betrayed! I must warn Caladnei...,
witchlord1,dlg,EntryList/71/Text,0,-1,"The Crown belongs to the Regent, <FirstName>. What are you doing?",
witchlord1,dlg,EntryList/72/Text,0,-1,What is this tactic? I hope there is a reason for it.,
witchlord1,dlg,EntryList/73/Text,0,-1,"Then thou must defeat me, and the Crown itself. Doest thou really believe thou hast that power?",
witchlord1,dlg,EntryList/74/Text,0,-1,Die then fool!,
witchlord1,dlg,EntryList/75/Text,0,-1,This beast represents all that is evil! We shall never surrender the Crown!,
witchlord1,dlg,EntryList/76/Text,0,-1,This creature cannot be trusted. I at least recognize duplicity when I see it.,
witchlord1,dlg,EntryList/8/Text,0,-1,Thou hast taken whatever thy need already. What more is there?,
witchlord1,dlg,EntryList/9/Text,0,-1,"Here, this is all I have. I have nothing else of value.",
witchlord1,dlg,ReplyList/0/Text,0,-1,Enough of your words. It's time to die!,
witchlord1,dlg,ReplyList/1/Text,0,-1,I have heard enough! Die!,
witchlord1,dlg,ReplyList/10/Text,0,-1,Very well. You may live for now.,
witchlord1,dlg,ReplyList/11/Text,0,-1,Then you must die.,
witchlord1,dlg,ReplyList/12/Text,0,-1,<StartCheck>[Intimidate]</Start> Give me everything you're carrying or I'll kill you and take it.,
witchlord1,dlg,ReplyList/13/Text,0,-1,Now it is time for you to die.,
witchlord1,dlg,ReplyList/14/Text,0,-1,Very well. You may live for now.,
witchlord1,dlg,ReplyList/2/Text,0,-1,I'm going to kill you anyway.,
witchlord1,dlg,ReplyList/20/Text,0,-1,I give no mercy to one like you. Die!,
witchlord1,dlg,ReplyList/21/Text,0,-1,<StartAction>[Attack]</Start>,
witchlord1,dlg,ReplyList/22/Text,0,-1,<StartAction>[Ask a companion]</Start>,
witchlord1,dlg,ReplyList/27/Text,0,-1,You are responsible for the death of my father!,
witchlord1,dlg,ReplyList/28/Text,0,-1,You are evil and deserve death!,
witchlord1,dlg,ReplyList/29/Text,0,-1,Why are you destroying the farms along the forest edge?,
witchlord1,dlg,ReplyList/30/Text,0,-1,Why did you attack my farm and slay my father?,
witchlord1,dlg,ReplyList/31/Text,0,-1,I think you attack the farms deliberately.,
witchlord1,dlg,ReplyList/32/Text,0,-1,It's you that chooses where to raid!,
witchlord1,dlg,ReplyList/35/Text,0,-1,Who is your master? ,
witchlord1,dlg,ReplyList/36/Text,0,-1,Where do I find this Wyvernvapor?,
witchlord1,dlg,ReplyList/37/Text,0,-1,Is Wyvernvapor behind the ships that disappear on the lake? ,
witchlord1,dlg,ReplyList/39/Text,0,-1,Why would Wyvernvapor attack the ships?,
witchlord1,dlg,ReplyList/40/Text,0,-1,Who?,
witchlord1,dlg,ReplyList/44/Text,0,-1,"If there's anything more, you'd better tell me now!",
witchlord1,dlg,ReplyList/45/Text,0,-1,Why has no one destroyed this castle or removed the dragon?,
witchlord1,dlg,ReplyList/47/Text,0,-1,"The Crown is yours, O Master. I will serve you faithfully.",
witchlord1,dlg,ReplyList/53/Text,0,-1,This is the best way to protect Cormyr.,
witchlord1,dlg,ReplyList/54/Text,0,-1,"My mind is made up, Kathryn.",
witchlord1,dlg,ReplyList/56/Text,0,-1,You are right. I will give the Crown to Caladnei.,
witchlord1,dlg,ReplyList/57/Text,0,-1,"You should look to the future, Godfroy, and the opportunities we have ahead.",
witchlord1,dlg,ReplyList/58/Text,0,-1,"I want power, Godfroy, and this is how I intend to get it.",
witchlord1,dlg,ReplyList/61/Text,0,-1,The Crown could be yours... depends what you offer me.,
witchlord1,dlg,ReplyList/62/Text,0,-1,I will keep the Crown and you can serve me.,
witchlord1,dlg,ReplyList/64/Text,0,-1,Never! The Crown is mine now! You will serve me!,
witchlord1,dlg,ReplyList/65/Text,0,-1,The Crown is mine to do with as I see fit.,
witchlord1,dlg,ReplyList/66/Text,0,-1,"I intend to take the Crown for myself, to do with as I feel!",
witchlord1,dlg,ReplyList/67/Text,0,-1,"With the Wyvern Crown, I shall rule Cormyr myself!",
witchlord1,dlg,ReplyList/68/Text,0,-1,I will give the Crown to Caladnei. It belongs to the Royal Family.,
witchlord1,dlg,ReplyList/69/Text,0,-1,The Crown is mine and you will serve me if you do not wish to die!,
witchlord1,dlg,ReplyList/70/Text,0,-1,What do you want?,
witchlord1,dlg,ReplyList/71/Text,0,-1,<StartCheck>[Intimidate]</Start>Nothing. I will compel you to serve me.,
witchlord1,dlg,ReplyList/72/Text,0,-1,<StartCheck>[Persuade]</Start> You will be my Second-in-Command.,
witchlord1,dlg,ReplyList/78/Text,0,-1,"With the Crown, I have the power to protect Cormyr.",
witchlord1,dlg,ReplyList/79/Text,0,-1,"My mind is made up, Kathryn.",
witchlord1,dlg,ReplyList/80/Text,0,-1,"With the Crown, I have the power to do whatever I like.",
witchlord1,dlg,ReplyList/82/Text,0,-1,You are right. I will give the Crown to Caladnei.,
witchlord1,dlg,ReplyList/83/Text,0,-1,"With the Crown, I have the power to protect Cormyr.",
witchlord1,dlg,ReplyList/84/Text,0,-1,"My mind is made up, Godfroy.",
witchlord1,dlg,ReplyList/85/Text,0,-1,"With the Crown, I have the power to do whatever I like.",
witchlord1,dlg,ReplyList/9/Text,0,-1,What you have told me is not enough. You must buy your life.,
witchlord1,dlg,ReplyList/90/Text,0,-1,"Never! The Crown is Cormyr's, and I intend to give it to Caladnei!",
witchlord1,dlg,ReplyList/91/Text,0,-1,I will risk it. Come and take the Crown if you can!,
wyvernvapor,dlg,EntryList/0/Text,0,-1,Yes?,
wyvernvapor,dlg,EntryList/1/Text,0,-1,"The time for talk isss over. You mussst go after the Wyvern Crown, and I will find a way to reach the phylacteriesss. Only the destruction of the phylactery will allow the ssslaying of Szasss Morg...",
wyvernvapor,dlg,EntryList/10/Text,0,-1,You are a fool. Your day will come. What isss it you want?,
wyvernvapor,dlg,EntryList/11/Text,0,-1,This is not posssible. I cannot travel inssstantaneousssly to your ssside...but perhapssss...,
wyvernvapor,dlg,EntryList/12/Text,0,-1,"Very well. Take thisss necklace. It will work only once, but with it you can sssummon a wyvern to your ssside.",
wyvernvapor,dlg,EntryList/13/Text,0,-1,Greed! Alwaysss greed! Give me the ball or I shall take it!,
wyvernvapor,dlg,EntryList/14/Text,0,-1,Fool! You shall pay...,
wyvernvapor,dlg,EntryList/15/Text,0,-1,Greed! Alwaysss greed! Give me the ball or I shall take it!,
wyvernvapor,dlg,EntryList/16/Text,0,-1,You lie! Give it to me!,
wyvernvapor,dlg,EntryList/17/Text,0,-1,"<StartAction>[Success]</Start> For thisss reassson only, will I give you help...",
wyvernvapor,dlg,EntryList/18/Text,0,-1,"Hmmm...Thisss doesss much to calm my anger. There isss sense in you. Perhaps with this I might still recover the phylacteries of the Witch Lords, if the ball will work when returned to itsss pedessstal.",
wyvernvapor,dlg,EntryList/19/Text,0,-1,"But the magic of the Netherese isss not ssso easssy to fix as it isss to break. Doubtlesss the castle will remain below the wavessss for a long time yet. Szass Morg will be your problem until that time. If there is something you need to know to face him, now isss the time to asssk.",
wyvernvapor,dlg,EntryList/2/Text,0,-1,...but  I will not forget what you have done to me. We shall meet again.,
wyvernvapor,dlg,EntryList/20/Text,0,-1,"I do not know all of the Crown'sss powersss, but it isss a great artifact. The Crown is ssset with ioun ssstones and hasss the ability to cassst spells, but it isss alssso a thing of evil. Thossse that wear it become obsessssed with the pursssuit of life, ssso much ssso that they ssseek to avoid death and become lichesss.",
wyvernvapor,dlg,EntryList/21/Text,0,-1,"That, perhapsss, is what became of the Witch Lordsss. Or maybe they gave the Crown these powersss. Who knowsss?",
wyvernvapor,dlg,EntryList/22/Text,0,-1,"I could not be sssure that I had found the phylactery of Szass Morg. What if I had dessstroyed what I had, and found it was not Szass Morg's? I am sssure he would then know I had no power over him and come for me himssself.",
wyvernvapor,dlg,EntryList/23/Text,0,-1,"Szass Morg must have had his sussspicionsss, but he couldn't act. Inssstead he fooled you to come and do hisss work for him.",
wyvernvapor,dlg,EntryList/24/Text,0,-1,"""A wise man knowsss hisss limitsss"". The sssaying isss from your people, but it isss true even ssso.",
wyvernvapor,dlg,EntryList/25/Text,0,-1,"Posssibly, but destroying the phylactery would not kill Szass Morg, just stop him rising again. It'sss the threat of destroying the phylactery that isss power over Szass Morg, and that wasss a better guarantee, until I could find the Wyvern Crown.",
wyvernvapor,dlg,EntryList/26/Text,0,-1,"Now you have ssstripped me of my minionsss and my home, I cannot face the Witch Lord and hisss army. You have brought Szass Morg down on Cormyr. Now you must sssave the kingdom if you care for anyone in it.",
wyvernvapor,dlg,EntryList/27/Text,0,-1,Then find the Wyvern Crown.,
wyvernvapor,dlg,EntryList/28/Text,0,-1,Then let usss hope the Witch Lord doesss not care about you either.,
wyvernvapor,dlg,EntryList/29/Text,0,-1,What you have done isss you have freed the Witch Lordsss! Do you know what that meansss?,
wyvernvapor,dlg,EntryList/3/Text,0,-1,"A fool you may be, but you are my last hope. For that reason alone, I shall not kill you.",
wyvernvapor,dlg,EntryList/30/Text,0,-1,"The Witch Lords are lichesss and powerful enemiesss of Cormyr. When King Galaghard defeated them centuries ago, he could not find all of their phylacteriesss. Sssix of them essscaped and rose again after the battle.",
wyvernvapor,dlg,EntryList/31/Text,0,-1,"Deep within Wyvernwater Cassstle were all the phylacteriesss of the ssurviving Witch Lordsss. Sssome I had found, sssome not. The threat that I held over the phylacteriesss prevented Szass Morg from hisss worssst atrocitiesss. Now that the cassstle isss beneath the wavesss, Szass Morg isss free to ssstrike for the Wyvern Crown without fear of me.
",
wyvernvapor,dlg,EntryList/32/Text,0,-1,And  he will ssstrike! You have removed my hold on him. Only that ssslowed him in hisss sssearch. None of usss can ssstand up to thisss creature if he hasss the Crown. I cannot face Szass Morg even without it. Our only hope isss for Cormyr to regain the Crown.,
wyvernvapor,dlg,EntryList/33/Text,0,-1,"I am not lying, fool! I cannot waste wordsss with you.",
wyvernvapor,dlg,EntryList/34/Text,0,-1,"I'm not so sure, <FirstName>. I have a very bad feeling about this.",
wyvernvapor,dlg,EntryList/35/Text,0,-1,"Take thisss map. I have found which of the barrowsss the Crown liesss in. You mussst claim it for Cormyr before Szass Morg reachesss the barrow that holdsss it. Do not travel alone. If you are caught there, you cannot face the Witch Lord. You must ssstrike for the barrow in force. Sssecure the Crown at all costs.",
wyvernvapor,dlg,EntryList/36/Text,0,-1,"You cannot kill a Witch Lord without it rising again. If you truly slew Szass Morg, then it wasss he that let you, for his own endsss; doubtlesss to get you to come here.",
wyvernvapor,dlg,EntryList/37/Text,0,-1,Fool! Wretched fool! Your ssenselesssnesss will dessstroy usss all! Why have you done thisss to my cassstle?,
wyvernvapor,dlg,EntryList/38/Text,0,-1,Revenge? What have I done that could possssibly deserve the destruction of my home?,
wyvernvapor,dlg,EntryList/39/Text,0,-1,Fool! Szass Morg the Witch Lord isss the one destroying farms! And now you have given him even more power! A chance of getting the Wyvern Crown!,
wyvernvapor,dlg,EntryList/4/Text,0,-1,"Neverthelesss, you must face the consssequencesss of your actionsss. In time you ssshall face me again.",
wyvernvapor,dlg,EntryList/40/Text,0,-1,"The piratesss were my tool in a greater fight. They provided the money, and yesss, the men, to pay for my sssearch, the sssearch for the Wyvern Crown...",
wyvernvapor,dlg,EntryList/41/Text,0,-1,"I hunt the Wyvern Crown in order to ssstop the Witch Lordsss from getting it. Now that the Witch Lord Szass Morg is risssen, the Crown mussst not be hisss. By breaking the power of the Mythallar, and ssslaying my minionssss within, you have rendered me powerless to ssstop Szass Morg!",
wyvernvapor,dlg,EntryList/5/Text,0,-1,Do you ssseek to bargain with me?,
wyvernvapor,dlg,EntryList/6/Text,0,-1,"<StartAction>[Failure]</Start> You have it, and you mussst give it to me.",
wyvernvapor,dlg,EntryList/7/Text,0,-1,<StartAction>[Success]</Start> You are a fool to play with a dragon. Let usss ssstop wasssting time.,
wyvernvapor,dlg,EntryList/8/Text,0,-1,<StartCheck>[Intimidate]</Start> You would be wise to think twice before you try and bargain with a dragon.,
wyvernvapor,dlg,EntryList/9/Text,0,-1,Then give me the ball!,
wyvernvapor,dlg,ReplyList/0/Text,0,-1,I have no more questions.,
wyvernvapor,dlg,ReplyList/10/Text,0,-1,I want something in exchange.,
wyvernvapor,dlg,ReplyList/11/Text,0,-1,"Yes, that's right.",
wyvernvapor,dlg,ReplyList/12/Text,0,-1,<StartAction>[Give way]</Start>You are right...,
wyvernvapor,dlg,ReplyList/13/Text,0,-1,You can have the ball. Here.,
wyvernvapor,dlg,ReplyList/14/Text,0,-1,<StartAction>[Resisted]</Start> I am not afraid of you.,
wyvernvapor,dlg,ReplyList/15/Text,0,-1,I want your help if I meet the Witch Lord.,
wyvernvapor,dlg,ReplyList/17/Text,0,-1,I want gold.,
wyvernvapor,dlg,ReplyList/18/Text,0,-1,Never!,
wyvernvapor,dlg,ReplyList/19/Text,0,-1,A powerful magic item.,
wyvernvapor,dlg,ReplyList/2/Text,0,-1,I might as well kill you now then.,
wyvernvapor,dlg,ReplyList/20/Text,0,-1,<StartCheck>[Persuade]</Start> I just want something to help me against the Witch lord!,
wyvernvapor,dlg,ReplyList/21/Text,0,-1,"No. Here, you can have it.",
wyvernvapor,dlg,ReplyList/23/Text,0,-1,What can you tell me about the Wyvern Crown?,
wyvernvapor,dlg,ReplyList/25/Text,0,-1,Why didn't you destroy the phylacteries while you had the chance?,
wyvernvapor,dlg,ReplyList/26/Text,0,-1,I suppose that makes sense.,
wyvernvapor,dlg,ReplyList/27/Text,0,-1,That's just cowardly!,
wyvernvapor,dlg,ReplyList/29/Text,0,-1,But you might have had the right phylactery and destroyed him!,
wyvernvapor,dlg,ReplyList/3/Text,0,-1,I don't believe anything you've said. Die!,
wyvernvapor,dlg,ReplyList/30/Text,0,-1,Why not get the Crown yourself if you know where it is?,
wyvernvapor,dlg,ReplyList/31/Text,0,-1,I care about Cormyr.,
wyvernvapor,dlg,ReplyList/32/Text,0,-1,I don't care.,
wyvernvapor,dlg,ReplyList/33/Text,0,-1,I want to ask something else.,
wyvernvapor,dlg,ReplyList/34/Text,0,-1,What are you talking about?,
wyvernvapor,dlg,ReplyList/35/Text,0,-1,Tell me.,
wyvernvapor,dlg,ReplyList/38/Text,0,-1,You are lying.,
wyvernvapor,dlg,ReplyList/41/Text,0,-1,How will that happen?,
wyvernvapor,dlg,ReplyList/42/Text,0,-1,What can I do about it?,
wyvernvapor,dlg,ReplyList/43/Text,0,-1,I have already killed the Witch Lord.,
wyvernvapor,dlg,ReplyList/44/Text,0,-1,Why would the Witch Lord want me to come here?,
wyvernvapor,dlg,ReplyList/45/Text,0,-1,How would this Szass Morg rise again?,
wyvernvapor,dlg,ReplyList/46/Text,0,-1,For revenge!,
wyvernvapor,dlg,ReplyList/47/Text,0,-1,You murdered my family and destroyed my farm!,
wyvernvapor,dlg,ReplyList/48/Text,0,-1,What does the Wyvern Crown have to do with it?,
wyvernvapor,dlg,ReplyList/49/Text,0,-1,I don't believe you!,
wyvernvapor,dlg,ReplyList/5/Text,0,-1,I didn't know the phylacteries were in the castle. It's not my fault!,
wyvernvapor,dlg,ReplyList/50/Text,0,-1,To destroy the piracy on the lake.,
wyvernvapor,dlg,ReplyList/51/Text,0,-1,Why do you want the Wyvern Crown?,
wyvernvapor,dlg,ReplyList/52/Text,0,-1,To stop you in your hunt for the Wyvern Crown.,
wyvernvapor,dlg,ReplyList/6/Text,0,-1,We shall see.,
wyvernvapor,dlg,ReplyList/7/Text,0,-1,Goodbye.,
wyvernvapor,dlg,ReplyList/8/Text,0,-1,"I have the crystal ball. If I return it to you, you can restore your castle.",
wyvernvapor,dlg,ReplyList/9/Text,0,-1,"<StartCheck>[Bluff]</Start> Actually I lied, I don't have the ball.",
