Resource,ResType,FieldPath,LangID,StrRef,TextEng,Text
1helmet,uti,DescIdentified,0,-1,A finely crafted helmet imbued with a touch of magic.,
1helmet,uti,Description,0,-1,A fine helmet.,
1helmet,uti,LocalizedName,0,12850,+1 Helmet,
abyssalgloves,uti,DescIdentified,0,-1,"It's not certain whether the fur of these gloves is naturally green, or has been dyed, but whatever it's origin, it is most certainly supernatural and linked in some way to the Undead. While the inside of the gloves is completely safe, touching the outside with anything except extreme caution, causes an intense numbness. On occasion, strong blows with these gloves will release a charge that deals extreme damage to the recipient of the blow.",
abyssalgloves,uti,Description,0,-1,"A pair of gloves, made of green fur. It's not certain whether the fur is naturally green, or has been dyed.",
abyssalgloves,uti,LocalizedName,0,-1,Abyssal Gloves,
acidrobe,uti,DescIdentified,0,-1,"These robes bestow upon the wearer the ability to resist acid, as well as some minor spellcasting.",
acidrobe,uti,Description,0,-1,A fine set of garments.,
acidrobe,uti,LocalizedName,0,-1,Acid Robe,
acidstone,uti,DescIdentified,0,-1,"These strange stones are magic and can be rubbed along a weapon to enhance it's properties. They are particularly coveted by those with crafting skills.

<c ÿÿ>Use: Cast on yourself. The item in your right hand will receive the effect. This item does not work on ranged weapons.<cÿÿÿ>",
acidstone,uti,Description,0,-1,A stone that throbs in the hand.,
acidstone,uti,LocalizedName,0,-1,Acid Stone,
adventurersbad,uti,DescIdentified,0,58570,"This badge, issued by a representative of the Crown, should be worn at all times to denote your legal status as an adventurer. However, if checked, you must also posess a valid Adventurer's Charter.",
adventurersbad,uti,LocalizedName,0,13498,Adventurer's Badge,
adventurerschart,uti,DescIdentified,0,-1,"An Adventurer's Charter with the names of you and your companions on it. This Charter allows you to bear arms and adventure for one year. It used to be obligatory to make sure the names on the Charter match the individuals in a party, but in these difficult times, only the party leader's name is included.",
adventurerschart,uti,LocalizedName,0,-1,Adventurer's Charter,
agentsnote,uti,DescIdentified,0,-1,"This tattered note catches your eye:

""The Master wants you to find any secret ways into Hawklin's castle. If your mission is discovered, you are to find and silence any who know you, then return to Polter's Fort.""

<c ÿÿ>Note: You should pick this note up, but do not need to keep it afterwards.<cÿÿÿ>",
agentsnote,uti,LocalizedName,0,-1,Agent's Note,
amberwand,uti,LocalizedName,0,-1,Amber Wand,
amuletofextraabi,uti,DescIdentified,0,-1,These simple amulets are designed for those with little regard for the law.,
amuletofextraabi,uti,Description,0,-1,An iron colored amulet.,
amuletofextraabi,uti,LocalizedName,0,-1,Amulet of Extra Abilities,
animalfigure,uti,DescIdentified,0,-1,This animal figure can be used to increase strength on two occasions.,
animalfigure,uti,LocalizedName,0,13665,Animal Figure,
archersbracer,uti,DescIdentified,0,-1,An archer never knows when he will find himself in a duel with someone more skilled. These bracers help even the odds.,
archersbracer,uti,Description,0,-1,A armlet with inscriptions around the bands.,
archersbracer,uti,LocalizedName,0,-1,Archer's Bracer,
archersjerkin,uti,DescIdentified,0,-1,"These deceptively plain leather jerkins all came from a single tanner, who used  the blood of eagles in the tanning process. Her fame at making leather jerkins spread, boosted by a secret guild of archers who made their fortunes from winning archery competitions.",
archersjerkin,uti,Description,0,-1,A plain leather jerkin.,
archersjerkin,uti,LocalizedName,0,12835,Archer's Jerkin,
armletofguidance,uti,DescIdentified,0,-1,These armlets were used in the training of monks and acolytes to help them manipulate skills they would later attain for themselves. Many were stolen by those destined never to succeed as monks in their own right.,
armletofguidance,uti,Description,0,-1,A armlet with inscriptions around the bands.,
armletofguidance,uti,LocalizedName,0,-1,Armlet of Guidance,
armoroffrost,uti,DescIdentified,0,-1,"This finely crafted, light mail coat has a pale blue sheen. When the wearer presses their hand against the central ring on the chest, a dagger of ice flies forth. Over time, the mail will recharge as it takes energy from the blows that land on it.

<c ÿÿ>If you use all the charges on the item, it will crumble into dust.<cÿÿÿ>",
armoroffrost,uti,Description,0,-1,"This finely crafted, light mail coat has a pale blue sheen.",
armoroffrost,uti,LocalizedName,0,12842,Armor of Frost,
artillersitarmo,uti,DescIdentified,0,-1,Artillerist armour.,
artillersitarmo,uti,LocalizedName,0,12835,Artillerist Armour,
assaulthorn,uti,DescIdentified,0,62369,"Blowing this horn will order all your troops to try and attack the enemy, committing your reserves.",
assaulthorn,uti,LocalizedName,0,62367,Assault Horn,
attercob,uti,DescIdentified,0,-1,"Attercob, the Spider's Bane.",
attercob,uti,Description,0,-1,A sling inscribed with webbed designs.,
attercob,uti,LocalizedName,0,-1,Attercob,
bagofbeans,uti,DescIdentified,0,62361,"A bag of beans is filled with 5-20 beans. Each of these beans, if carefully removed from the bag, has a weird and wonderful power (or sometimes not so wonderful). Only five beans can be taken from the bag on any given day.",
bagofbeans,uti,Description,0,62360,A bag filled with beans.,
bagofbeans,uti,LocalizedName,0,62359,Bag of Beans,
bagofbones,uti,DescIdentified,0,-1,"This bag of finger bones can be thrown at an enemy, whereupon it will burst open. The bones inside will magically enlarge and assemble themselves into undead skeletons, thereupon attacking their target. The skeletons are incapable of following any command, but will continue to assault the foes of their summoner.",
bagofbones,uti,Description,0,-1,A bag of finger bones or some such.,
bagofbones,uti,LocalizedName,0,-1,Bag of Bones,
bagofsnuff,uti,DescIdentified,0,58560,"A bag of snuff, particularly fashionable at present with the nobility of Cormyr. Taking a sniff causes a fit of sneezing that takes a few seconds to wear off. Adventurers don't find this invention particularly useful.",
bagofsnuff,uti,LocalizedName,0,13488,Bag of Snuff,
bagofwind,uti,DescIdentified,0,90539,"A bag of wind. When opened, a strong gust of wind billows forth, knocking enemies from their feet.",
bagofwind,uti,Description,0,-1,"A loose bag tied off with a string. If anything, it seems to be full of air.",
bagofwind,uti,LocalizedName,0,90538,Bag of Wind,
bandedmail1,uti,LocalizedName,0,12843,Banded Mail,
bandedmailv,uti,DescIdentified,0,-1,"Piecemeal or complete armors of this type offer protection that is equal to banded or splint mail. Some, like this one, have minor enchantments on them, though no maker's mark is upon them.",
bandedmailv,uti,LocalizedName,0,12843,Fine Banded Mail,
bane,uti,DescIdentified,0,-1,"Bane is a black-hafted axe, set with two gold bands. Crafted for the servants of evil, this fearsome axe brings doom upon its victims.",
bane,uti,Description,0,-1,"A black-hafted axe, set with two gold bands.",
bane,uti,LocalizedName,0,-1,Bane,
barbariancloak,uti,DescIdentified,0,66552,These cloaks have earned the nickname 'Barbarian Cloak' because of their peculiar ability to allow the wearer to use brawn at the expense of brains.,
barbariancloak,uti,Description,0,-1,A simple cloak.,
barbariancloak,uti,LocalizedName,0,66551,Barbarian Cloak,
barrelofoil,uti,DescIdentified,0,-1,A barrel of oil. It takes very little intelligence to work out that with a tinderbox you could set this alight...then run for it!,
barrelofoil,uti,LocalizedName,0,-1,Barrel of Oil,
barrowmap,uti,DescIdentified,0,-1,"This map was given to you by the dragon Wyvernvapor. It should help you locate the Wyvern Crown. Unfortunately, the combination of archaic language and unrecognizable landmarks means you cannot work out which barrow holds the Crown. You will need to show this map to Lord Hawklin.",
barrowmap,uti,LocalizedName,0,-1,Barrow Map,
beldinsbelt,uti,DescIdentified,0,-1,"Whenever he was denied something that he desired, Beldin would grasp the buckle of this belt and intimidate his poor victim into submission. After a while, tired of his tactics, merchants began making such belts for themselves. It was not long before blades were drawn and Beldin himself was sent to the grave.",
beldinsbelt,uti,Description,0,-1,A belt of leather.,
beldinsbelt,uti,LocalizedName,0,-1,Beldin's Belt,
beltofabsorbti,uti,DescIdentified,0,-1,"A woven belt with a brass buckle, this belt's true value lies in its ability to deaden blows.",
beltofabsorbti,uti,Description,0,-1,A woven belt with a brass buckle.,
beltofabsorbti,uti,LocalizedName,0,-1,Belt of Absorption,
beltoflight,uti,DescIdentified,0,-1,This leather belt emits light when worn.,
beltoflight,uti,Description,0,-1,A belt of pale leather.,
beltoflight,uti,LocalizedName,0,-1,Belt of Light,
bigbysgloves,uti,DescIdentified,0,-1,"These gloves are nicknamed Bigby's gloves, because of their ability to cast the spell of that name. The likelihood is that these gloves are ancient, and may have served as a method for Bigby to test his spells in order to perfeect them. The gloves absorb the power of blows struck, eventually absorbing enough power to cast a spell. The blows must be struck with an empty hand however, and since the gloves have no other power, this means they are ownly favored by monks. Draining all the charges from the gloves will destroy them.",
bigbysgloves,uti,LocalizedName,0,-1,Bigby's Gloves,
blackenedleathe,uti,DescIdentified,0,-1,This leather has been darkened with a black dye.,
blackenedleathe,uti,LocalizedName,0,12835,Blackened Leather Armor,
blackheartleath,uti,DescIdentified,0,-1,"Probably originating from Westgate, this magic leather makes the wearer a master of trickery. However, those that perceive the wearer, also find something distinctly untrustworthy about them.",
blackheartleath,uti,LocalizedName,0,12842,Blackheart Leather,
blackhelm,uti,LocalizedName,0,-1,Black Jousting Helmet,
blackknight,uti,LocalizedName,0,-1,Black Knight Armor,
blackmail,uti,DescIdentified,0,-1,"These chain shirts were commonly worn by reavers in the early days of Cormyr. Dressed in their black mail shirts, the reavers silently attacked farming families, stealing not only their goods, but their women too, unless the farmers paid them off. The terms 'blackmail' and 'bereaved' soon became commonplace.",
blackmail,uti,Description,0,-1,This mail shirt is made from a dark alloy of metal but otherwise is unremarkable.,
blackmail,uti,LocalizedName,0,-1,Blackmail,
blackshield,uti,LocalizedName,0,-1,Black Shield,
blacksling,uti,DescIdentified,0,-1,This black sling is magical; a new bullet appearing within it as the last is used. It also highly accurate.,
blacksling,uti,Description,0,-1,A black sling. It is not remarkable in any way except its hue.,
blacksling,uti,LocalizedName,0,-1,Black Sling,
blackstaff,uti,DescIdentified,0,-1,"This is a very high quality staff with a shaft of ebony, and mahogany ends tipped with solid steel.  If it strikes the head, a blow from this staff can be so hard it will stun an opponent. Blows to the hands or arms often numb the limb, causing the victim to drop their weapon.",
blackstaff,uti,Description,0,-1,A very high quality staff with a shaft of ebony and mahogany ends tipped with solid steel.,
blackstaff,uti,LocalizedName,0,-1,Blackstaff,
blacksword,uti,DescIdentified,0,13213,This magic sword was in the hands of Jonas when he arrived at the battle for the Wyvern Crown.,
blacksword,uti,LocalizedName,0,14360,Blacksword,
blackwaters,uti,DescIdentified,0,13440,They say one of the ingredients in these potions is blood from a truly evil man...,
blackwaters,uti,LocalizedName,0,13441,Black Waters,
bleeders,uti,DescIdentified,0,13894,"These bullets are coated with some sort of anti-coagulant, leaving the victim to bleed to death.",
bleeders,uti,Description,0,-1,Small stones made for a sling. They are coated in a sticky substance.,
bleeders,uti,LocalizedName,0,13893,Bleeders,
blooddrinker,uti,DescIdentified,0,-1,"Blooddrinker literally saps the strength of the victim. If the sword drinks enough blood, it allows the wielder to temporarily increase his strength. Note that completely draining Blooddrinker will destroy it.",
blooddrinker,uti,Description,0,-1,A black-bladed sword.,
blooddrinker,uti,LocalizedName,0,-1,Blooddrinker,
bloodhelm,uti,DescIdentified,0,-1,"The blood helms belonged to a group of good-aligned paladins, who fell from grace and were twisted into evil ways. The insides of each helm are covered in rust, their peculiar vampiric powers a blasphemy for the metalwork of the helm itself.",
bloodhelm,uti,Description,0,-1,"A cylindrical basinet which is a little old, but still finely made.",
bloodhelm,uti,LocalizedName,0,-1,Blood Helm,
boltsofdivine,uti,DescIdentified,0,13881,These bolts have been blessed by the gods to wreak vengeance on the unworthy.,
boltsofdivine,uti,Description,0,-1,These bolts carry religious symbols.,
boltsofdivine,uti,LocalizedName,0,13882,Bolts of Divine Wrath,
boltsofmighty,uti,DescIdentified,0,13881,These bolts have been blessed by the gods to wreak vengeance on the undead.,
boltsofmighty,uti,Description,0,-1,Bolts that pulse in the hand.,
boltsofmighty,uti,LocalizedName,0,13882,Bolts of Mighty Wrath,
boltsofsapping,uti,DescIdentified,0,13881,"Each bolt is marked with an ancient rune. When the bolt strikes, it seems to drain the strength of the victim.",
boltsofsapping,uti,LocalizedName,0,13882,Bolts of Sapping,
bookofhealers,uti,DescIdentified,0,-1,"This book is crammed full of tips, tricks, remedies and the knowledge of old antidotes. Luckily it's magical nature means that simply scanning more than a few pages transfers all the knowledge into the reader's head forever, at which point the book crumbles in to dust.

<c ÿÿ>Single use, permanent +2 Heal bonus.<cÿÿÿ>
",
bookofhealers,uti,LocalizedName,0,13027,Book of Healers,
bookoflies,uti,DescIdentified,0,-1,"This astonishing book is full of half-truths and deceit that sounds entirely plausible. It's magical nature means that simply scanning more than a few pages makes the reader a master of bluff forever, at which point the book crumbles in to dust.

<c ÿÿ>Single use, permanent +2 Bluff bonus.<cÿÿÿ>
",
bookoflies,uti,LocalizedName,0,13027,Book of Lies,
bookoflore,uti,DescIdentified,0,-1,"This book is crammed full with assorted paraphernalia regarding artifacts, languages, lost lore, ancient history and forgotten wonders. Luckily it's magical nature means that simply scanning more than a few pages transfers all the knowledge into the reader's head forever, at which point the book crumbles in to dust.

<c ÿÿ>Single use, permanent +2 Lore bonus.<cÿÿÿ>
",
bookoflore,uti,LocalizedName,0,13027,Book of Lore,
bookofsmiths,uti,DescIdentified,0,-1,"This book is crammed full of hints and tips on smelting and alloy-making for weaponry. Luckily it's magical nature means that simply scanning more than a few pages transfers all the knowledge into the reader's head forever, at which point the book crumbles in to dust.

<c ÿÿ>Single use, permanent +2 Craft Weapon bonus.<cÿÿÿ>
",
bookofsmiths,uti,LocalizedName,0,13027,Book of Smiths,
bootsofthehar,uti,DescIdentified,0,-1,This boots were specifically made for men and women who typically travel over long distances. They are much prized by adventurers.,
bootsofthehar,uti,Description,0,-1,Simple boots. There is nothing special about them.,
bootsofthehar,uti,LocalizedName,0,-1,Boots of the Hardy,
bootsofthewoo,uti,DescIdentified,0,-1,Woodland folk and fey creatures have been known to give these boots as gifts to those that protect the forests from wanton destruction.,
bootsofthewoo,uti,Description,0,-1,Simple boots. There is nothing special about them.,
bootsofthewoo,uti,LocalizedName,0,-1,Boots of the Woods,
bracerofmalar,uti,DescIdentified,0,-1,"This bracer is clearly dedicated to Malar, The Beastlord. Blessed by Malar, those that wear it can truly enjoy the thirst of the hunt. Followers of Malar will find the bracer has additional powers when it is worn.",
bracerofmalar,uti,Description,0,-1,A somewhat ornate armlet.,
bracerofmalar,uti,LocalizedName,0,-1,Bracer of Malar,
brasstalisman,uti,DescIdentified,0,-1,These minor talismans usually have very basic magic properties.,
brasstalisman,uti,LocalizedName,0,-1,Brass Talisman,
breastplate002,uti,LocalizedName,0,12842,Breastplate,
breastplate1,uti,LocalizedName,0,12842,Breastplate,
breastplatev,uti,DescIdentified,0,-1,"This is a high quality breastplate with minor enchantments on it, though no maker's mark.",
breastplatev,uti,LocalizedName,0,12842,Fine Breastplate,
brightstaramulet,uti,DescIdentified,0,-1,This golden necklace carries a holy pendant that emits a steady low light. The amulet's powers are aimed at those that must combat the Undead.,
brightstaramulet,uti,Description,0,-1,A necklace made from gold with a heavy golden pendant.,
brightstaramulet,uti,LocalizedName,0,-1,Brightstar Amulet,
bronzebreastpla,uti,DescIdentified,0,-1,"This magic breastplate is so soft that it actually absorbs blows, the bronze warping under the force, then springing back into shape.",
bronzebreastpla,uti,LocalizedName,0,12842,Bronze Breastplate,
bronzehelmet,uti,DescIdentified,0,-1,A helmet made of bronze.,
bronzehelmet,uti,LocalizedName,0,90531,Bronze Helmet,
bsoulsucker,uti,DescIdentified,0,-1,"This axe has a powerful enchantment set upon it. When it strikes an opponent, there is a 5% chance that part of the opponent's soul will be drawn into the axe, dealing catastrophic damage (+2-24) and draining 5 constitution. Each time the axe soulsucks an opponent, it uses a charge.",
bsoulsucker,uti,LocalizedName,0,-1,"Battleaxe +1, Soulsucker",
bsoulsucker3,uti,DescIdentified,0,-1,"This daggerhas a powerful enchantment set upon it. When it strikes an opponent, there is a 5% chance that part of the opponent's soul will be drawn into the weapon, dealing catastrophic damage (+2-24) and draining 5 constitution. Each time the dagger soulsucks an opponent, it uses a charge.",
bsoulsucker3,uti,Description,0,-1,A strange looking dagger with a silver tipped blade.,
bsoulsucker3,uti,LocalizedName,0,-1,"Dagger +2, Soulsucker",
caladneisgift,uti,DescIdentified,0,-1,This rod was given to you to help you resist some of the powers of the Witch Lord.,
caladneisgift,uti,LocalizedName,0,-1,Caladnei's Gift,
carnage,uti,DescIdentified,0,-1,This unspectacular-looking flail hides a fearsome magic that grants the wielder incredible speed when striking.,
carnage,uti,Description,0,-1,"A light flail, unspectacular in appearance.",
carnage,uti,LocalizedName,0,-1,Carnage,
catoninetail,uti,DescIdentified,0,90996,"The Cat o' Nine Tails, or affectionately referred to as just the Cat, is a sailor's tool for dealing out punishment. The 'Lick of the Cat' is a simple way to keep discipline on board ship. This is a particularly nasty version, with steel barbs all along the tails, dipped in some kind of resin.",
catoninetail,uti,Description,0,-1,A black-handled whip with many tails.,
catoninetail,uti,LocalizedName,0,90995,Cat o' Nine Tails,
cavalryhorn,uti,DescIdentified,0,62369,A small cavalry horn typically used to rally troops. It seems this horn may have a mild enchantment upon it.,
cavalryhorn,uti,LocalizedName,0,62367,Cavalry Horn,
censer,uti,DescIdentified,0,62369,"A small censer filled with a narcotic that causes drowsiness, slowness of mind or even nausea.",
censer,uti,LocalizedName,0,62367,Censer,
centaurgloves,uti,DescIdentified,0,-1,"Made by the centaur Galuros from the hair of his comrades, these gloves make the wearer almost at one with their horse, a true centaur.",
centaurgloves,uti,LocalizedName,0,-1,Centaur Gloves,
chainmail1,uti,LocalizedName,0,184,Chainmail,
chainmailv,uti,DescIdentified,0,-1,"A fine coat of mail with minor enchantments on it, though no maker's mark.",
chainmailv,uti,LocalizedName,0,184,Fine Chainmail,
chainshirt1,uti,LocalizedName,0,12844,Chain Shirt,
chainshirtb,uti,LocalizedName,0,184,Chain Shirt,
chainshirtv,uti,DescIdentified,0,-1,"A fine suit of scalemale imbued with minor enchantments, though no maker's mark.",
chainshirtv,uti,LocalizedName,0,-1,Fine Chain Shirt,
championsgaunt,uti,DescIdentified,0,-1,These gauntlets are the secret behind several champions' incredible strength.,
championsgaunt,uti,Description,0,-1,"A pair of gauntlets, embroidered with a sword and hammer symbol.",
championsgaunt,uti,LocalizedName,0,-1,Champion's Gauntlets,
championshelm,uti,DescIdentified,0,-1,"The Champion's Helm is a very handsome helm with a stiffened crest, that has greater protection than a standard helm. The magic in the helm also flows through the shoulders of the wearer making their blows strong enough to knock opponents off their feet.",
championshelm,uti,Description,0,-1,A very handsome helm with a stiffened crest.,
championshelm,uti,LocalizedName,0,-1,Champion's Helm,
chaosmail,uti,DescIdentified,0,-1,"Tiny sparks play over the surface of this suit of scalemail. Of unknown origin, chaos mail is made from an alloy melded with energy captured from lightning.",
chaosmail,uti,Description,0,-1,"Scalemail with a surcoat of unknown heraldry. The mail is well made but nothing special, except that it seems slight sparks are always at the edge of sight.",
chaosmail,uti,LocalizedName,0,-1,Chaos Mail,
chaoswhip,uti,DescIdentified,0,90996,"The Chaos Whip is a black-handled whip with many tails. When the whip strikes, it lets off small electric shocks. The combined effect of the shock and the entrapment of some of the tails of the whip make it a dangerous weapon.",
chaoswhip,uti,Description,0,-1,A black-handled whip with many tails.,
chaoswhip,uti,LocalizedName,0,90995,Chaos Whip,
chaunteasscythe,uti,DescIdentified,0,-1,"At first look this is a simple scythe used for cutting grain, but in reality it is a magic item blessed by Chauntea. In the hands of a layman it has some powers, but those who worship Chauntea will find these powers grow in their hands.",
chaunteasscythe,uti,Description,0,-1,A simple scythe used for cutting grain.,
chaunteasscythe,uti,LocalizedName,0,-1,Chauntea's Scythe,
chivalrousplate,uti,DescIdentified,0,-1,"Highly crafted and expertly jointed, this plate would be the desire of any knight. When worn, the wearer becomes more noble in appearance; a leader in the eyes of the beholder.",
chivalrousplate,uti,Description,0,-1,"Highly crafted and expertly jointed, this plate would be the desire of any knight.",
chivalrousplate,uti,LocalizedName,0,-1,Chivalrous Plate,
cloak,uti,LocalizedName,0,-1,Cloak,
cloak001,uti,LocalizedName,0,-1,Cloak,
cloak002,uti,LocalizedName,0,-1,Cloak,
cloakofbluedr,uti,DescIdentified,0,-1,"Dragon cloaks have been specifically designed for the intrepid (or foolhardy) adventurer who seeks the dragon's hoard. By wrapping the cloak around them, the dragon hunter can protect themselves against the terrible breath weapons of these creatures.",
cloakofbluedr,uti,Description,0,-1,"A fine, velvet cloak embroidered with a dragon symbol.",
cloakofbluedr,uti,LocalizedName,0,-1,Cloak of the Blue Dragon,
cloakofcyrric,uti,DescIdentified,0,-1,"This is a fine cloak with the sign of Cyric upon it. These cloaks are used by Cyric's evil followers to aid them as they spread lies and deception across the land. Though the cloak can be worn by anyone, followers of Cyric will find additional powers reside within the cloak when they don it.",
cloakofcyrric,uti,Description,0,-1,A fine cloak with the sign of Cyric upon it.,
cloakofcyrric,uti,LocalizedName,0,-1,Cloak of Cyric,
cloakofdarknes,uti,DescIdentified,0,-1,"This black cloak radiates darkness, hinting at the enchantment within it, ready to be released...",
cloakofdarknes,uti,Description,0,-1,A tattered cloak.,
cloakofdarknes,uti,LocalizedName,0,-1,Cloak of Darkness,
cloakofearth,uti,DescIdentified,0,-1,These old cloaks were made by druids for use in ancient rites that were performed in thunderstorms. The magic within the cloaks is still strong enough to be of practical use.,
cloakofearth,uti,Description,0,-1,"A fancy, collared cloak, made from wool. It has an earthy texture to it.",
cloakofearth,uti,LocalizedName,0,-1,Cloak of Earth,
cloakofgolddr,uti,DescIdentified,0,-1,"Dragon cloaks have been specifically designed for the intrepid (or foolhardy) adventurer who seeks the dragon's hoard. By wrapping the cloak around them, the dragon hunter can protect themselves against the terrible breath weapons of these creatures.",
cloakofgolddr,uti,Description,0,-1,"A fine, velvet cloak embroidered with a dragon symbol.",
cloakofgolddr,uti,LocalizedName,0,-1,Cloak of the Gold Dragon,
cloakofhelm,uti,DescIdentified,0,-1,"This is a fine cloak with the sign of Helm upon it. These cloaks are used by Helm's clerics and Paladins, offering extra protection against the forces of chaos. Though the cloak can be worn by anyone, followers of Helm will find additional powers reside within the cloak when they don it.",
cloakofhelm,uti,Description,0,-1,A fine cloak with the sign of Helm upon it.,
cloakofhelm,uti,LocalizedName,0,-1,Cloak of Helm,
cloakofreddra,uti,DescIdentified,0,-1,"Dragon cloaks have been specifically designed for the intrepid (or foolhardy) adventurer who seeks the dragon's hoard. By wrapping the cloak around them, the dragon hunter can protect themselves against the terrible breath weapons of these creatures.",
cloakofreddra,uti,Description,0,-1,"A fine, velvet cloak embroidered with a dragon symbol.",
cloakofreddra,uti,LocalizedName,0,-1,Cloak of the Red Dragon,
cloakofreflect,uti,DescIdentified,0,66552,"The famous blue dragon hunter, Redgar Sigmundsson, always claimed the most important item in his armory was this cloak. This extraordinary cloak is made of some kind of shiny material that catches and reflects the light. Best used for prtection against lightning, it also offers some protection against other forces.",
cloakofreflect,uti,Description,0,-1,This extraordinary cloak is made of some kind of shiny material that catches and reflects the light.,
cloakofreflect,uti,LocalizedName,0,66551,Cloak of Reflection,
cloakoftheowl,uti,DescIdentified,0,66552,"This blue-dyed woolen cloak is dressed with feathers around the top that have been taken from an owl. The cloak itself imbues upon the wearer some of the advantages of an owl, though if all the feathers should come loose, the cloak loses its powers.",
cloakoftheowl,uti,Description,0,-1,"A blue-dyed woolen cloak, dressed with feathers around the top.",
cloakoftheowl,uti,LocalizedName,0,66551,Cloak of the Owl,
cloakoftorm,uti,DescIdentified,0,-1,"This is a fine cloak with the sign of Torm upon it. These cloaks are used by Torm's clerics and paladins, offering extra protection against the forces of evil. Though the cloak can be worn by anyone, followers of Torm will find additional powers reside within the cloak when they don it.",
cloakoftorm,uti,Description,0,-1,A fine cloak with the sign of Torm upon it.,
cloakoftorm,uti,LocalizedName,0,-1,Cloak of Torm,
cobrabite1d10,uti,LocalizedName,0,13235,Cobra Bite1d10,
cobrabite1d4,uti,LocalizedName,0,13235,Cobra Bite1d4,
cobrabite1d6,uti,LocalizedName,0,13235,Cobra Bite1d6,
coldironblade,uti,DescIdentified,0,-1,"Since the war with the Devil Dragon, these blades are fairly common in Cormyr. They were manufactured in large numbers to equip the Purple Dragons, for it was only with Cold Iron that the ghazneths could be harmed.",
coldironblade,uti,LocalizedName,0,-1,Cold Iron Blade,
coldironblade001,uti,DescIdentified,0,-1,"Since the war with the Devil Dragon, these blades are fairly common in Cormyr. They were manufactured in large numbers to equip the Purple Dragons, for it was only with Cold Iron that the ghazneths could be harmed.",
coldironblade001,uti,LocalizedName,0,-1,Cold Iron Blade,
coldironknife,uti,DescIdentified,0,-1,"Many of these weapons can be found across Cormyr and the surrounding lands, They were forged during the war with the Devil Dragon and carried by many Purple Dragon and noble alike. Only a cold iron blade could wound a ghazneth.",
coldironknife,uti,LocalizedName,0,-1,Cold Iron Knife,
coppertalisman,uti,DescIdentified,0,-1,These minor talismans usually have very basic magic properties.,
coppertalisman,uti,LocalizedName,0,-1,Copper Talisman,
cormaerilshield,uti,DescIdentified,0,-1,A shield bearing the Cormaeril Coat of Arms.,
cormaerilshield,uti,LocalizedName,0,-1,Cormaeril Shield,
crafteddagger,uti,DescIdentified,0,-1,A finely crafted dagger with a hardened alloy blade.,
crafteddagger,uti,Description,0,-1,A strange looking dagger,
crafteddagger,uti,LocalizedName,0,-1,Crafted Dagger,
crusaderhelm,uti,DescIdentified,0,-1,"These cylindrical helms were one of several items made for some of the important nobles of Cormyr when King Azoun IV set out on the Crusade against the Tuigan Horde. Against foes in numbers, courage can easily falter.",
crusaderhelm,uti,Description,0,-1,"A cylindrical basinet which is a little old, but still finely made.",
crusaderhelm,uti,LocalizedName,0,-1,Crusader Helm,
crystalball,uti,DescIdentified,0,48895,"This crystal ball is an ancient magic device that detects the fog on Lake Wyvernwater. The Keeper told you that removing the ball from its resting place will break the link with the Mythallar and the castle would sink back into the lake. 

<c ÿÿ>Destroying the ball will break the link permanently. Use the ball if you wish to do so.<cÿÿÿ>
",
crystalball,uti,LocalizedName,0,48893,Crystal Ball,
curseddagger,uti,DescIdentified,0,-1,This dagger is cursed!,
curseddagger,uti,Description,0,-1,A strange looking dagger,
curseddagger,uti,LocalizedName,0,-1,Cursed Dagger,
dancersboots,uti,DescIdentified,0,-1,The swiftest dancers sometimes used magical aid. These boots make the wearer light-footed and nimble beyond the ordinary.,
dancersboots,uti,Description,0,-1,Simple boots. There is nothing special about them.,
dancersboots,uti,LocalizedName,0,-1,Dancer's Boots,
dancingblades,uti,DescIdentified,0,-1,"Though large, this odd, spear-like weapon is extremely lightweight, crafted from strange alloys. In hand it almost has a life of its own. Any warrior who grasps this weapon finds themselves incredibly fast in combat, capable of astonishing spins and whirls.",
dancingblades,uti,Description,0,-1,"Though large, this odd, spear-like weapon is extremely lightweight, crafted from strange alloys.",
dancingblades,uti,LocalizedName,0,-1,Dancing Blades,
darkarrow,uti,DescIdentified,0,-1,These arrows will drive even the brave away.,
darkarrow,uti,LocalizedName,0,1517,Dark Arrow,
debug_it_hench,uti,DescIdentified,0,-1,"You can target this at a henchman to kill it.     You can target it on a dead henchman to ressurrect them.

This is intended for testing problems with mounted henchmen deaths.",
debug_it_hench,uti,LocalizedName,0,-1,Henchman Death Debug Item,
deepwoodleather,uti,DescIdentified,0,-1,"In the depths of the woods, the most skillfull of rangers ply their skills. Deepwood leather offers the protection of heavier mail suits, while leaving the wearer free to move.",
deepwoodleather,uti,LocalizedName,0,12835,Deepwood Leather,
defender,uti,DescIdentified,0,-1,"This shield, although plain in appearance, hides a strong enchantment that casts a protective field around the bearer.",
defender,uti,LocalizedName,0,-1,Defender,
deftboots,uti,DescIdentified,0,-1,"With a last minute twist, any blow can be partially avoided. This is the secret power of Deft Boots.",
deftboots,uti,Description,0,-1,Simple boots. There is nothing special about them.,
deftboots,uti,LocalizedName,0,-1,Deft Boots,
deneirsdagger,uti,DescIdentified,0,-1,This holy dagger is blessed by Deneir with wards of protection. In the hands of those that worship Deneir its powers grow.,
deneirsdagger,uti,Description,0,-1,An ornate dagger engraved with the symbol of Deneir.,
deneirsdagger,uti,LocalizedName,0,-1,Deneir's Dagger,
diamondgolempr,uti,LocalizedName,0,13152,Diamond Golem Properties,
diamondgreatswo,uti,LocalizedName,0,167,Diamond Greatsword,
dla_gamedart,uti,DescIdentified,0,-1,"This small dart is made of pewter, ivory, and fine fletching from some exotic bird.  It doesn't appear to be very useful in combat, but is perfectly balanced for some kind of game.  There is also a slight vibration to it.",
dla_gamedart,uti,LocalizedName,0,1525,Game Dart,
dla_it_debugdump,uti,DescIdentified,0,-1,"This item can be targetted at a horse, placeable, door, etc. to get additional information which you can include in your mantis bug reports.   This will hopefully help us narrow down certain types of problems faster than in the past.",
dla_it_debugdump,uti,LocalizedName,0,-1,Beta Testers Object Debug Data Dump,
dla_joust_arm001,uti,LocalizedName,0,-1,Red Jousting Armor,
dla_joust_arm002,uti,LocalizedName,0,-1,Hawklin Jousting Armor,
dla_joust_arm003,uti,LocalizedName,0,-1,Colored Jousting Armor,
dla_joust_armor,uti,LocalizedName,0,-1,Jousting Armor,
dla_joust_hel001,uti,LocalizedName,0,-1,Red Jousting Helmet,
dla_joust_hel002,uti,LocalizedName,0,-1,Colored Jousting Helmet,
dla_joust_hel004,uti,LocalizedName,0,-1,Jousting Helmet,
dla_joust_hel006,uti,LocalizedName,0,-1,Jousting Helmet,
dla_joust_helm,uti,LocalizedName,0,-1,Jousting Helmet,
dla_joust_lance1,uti,LocalizedName,0,-1,"Lance, Yellow",
dla_joust_lance2,uti,LocalizedName,0,-1,"Lance, Blue",
dla_joust_lance3,uti,LocalizedName,0,-1,"Lance, Black",
dla_joust_lance4,uti,LocalizedName,0,-1,"Lance, Bare",
dla_joust_lanceb,uti,LocalizedName,0,-1,"Lance, Black Knight",
dla_joust_lanceh,uti,LocalizedName,0,-1,"Lance, Placeholder",
dla_joust_shield,uti,LocalizedName,0,-1,Jousting Shield,
dla_joust_shldh,uti,LocalizedName,0,-1,"Shield, Placeholder",
dla_palhrs_hide,uti,LocalizedName,0,-1,dla_palhrs_hide,
dla_pcproperties,uti,LocalizedName,0,-1,dla_pcproperties,
dragonslayer,uti,DescIdentified,0,-1,"Well crafted and balanced swords, these weapons only come into their own against the mightiest of foe.",
dragonslayer,uti,Description,0,-1,"A finely wrought, two-handed sword, with a winged guard.",
dragonslayer,uti,LocalizedName,0,-1,Dragonslayer,
drelbslong,uti,DescIdentified,0,-1,"Drelb, a famed assassin in the Night Masks, had two blades, both originally stolen from temples of different religions, one dedicated to Malar, the other to Chauntea. This longer blade is dedicated to Chauntea, and her worshippers will be able to unlock the additional powers of the blade.",
drelbslong,uti,Description,0,-1,"A very fine rapier, set with a small inexpensive gemstone.",
drelbslong,uti,LocalizedName,0,-1,Drelb's Long Blade,
drelbsshortbl,uti,DescIdentified,0,-1,"Drelb, a famed assassin in the Night Masks, had two blades, both originally stolen from temples of different religions, one dedicated to Malar, the other to Chauntea. This short blade is dedicated to Malar, and his worshippers will be able to unlock the additional powers of the blade.",
drelbsshortbl,uti,Description,0,-1,A black-bladed sword.,
drelbsshortbl,uti,LocalizedName,0,-1,Drelb's Short Blade,
dress,uti,LocalizedName,0,-1,Dress,
drillmastersbl,uti,DescIdentified,0,-1,"This scimitar has an ornate guard and a hilt wrapped with shagreen dyed black. When frimly gripped, a great calm settles on the wielder allowing superior clarity of thought in battle.",
drillmastersbl,uti,Description,0,-1,A scimitar with an ornate guard. The hilt is wrapped with shagreen dyed black.,
drillmastersbl,uti,LocalizedName,0,-1,Drillmaster's Blade,
drillmastersgl,uti,DescIdentified,0,-1,"When teaching, it can be necessary to be proficient with every weapon..",
drillmastersgl,uti,Description,0,-1,A pair of fine gloves.,
drillmastersgl,uti,LocalizedName,0,-1,Drillmaster's Gloves,
elvenchainmail,uti,DescIdentified,0,13776,"Chainmail armor like this is most likely a relic left over from the elves of Cormanthyr. It is lightweight and masterfully crafted, with colours that blend with the forest on a summer morning.",
elvenchainmail,uti,Description,0,-1,"A suit of chainmail made from a light, flexible steel. To the untrained eye it looks special.",
elvenchainmail,uti,LocalizedName,0,13775,Elven Chainmail,
elvenchainshir,uti,DescIdentified,0,13776,"Chainmail shirts like this one are most likely a relic left over from the elves of Cormanthyr. It is lightweight and masterfully crafted, with colors that blend with the forest on a summer morning.",
elvenchainshir,uti,Description,0,-1,A fine chain shirt made from a lightweight metal of some sort.,
elvenchainshir,uti,LocalizedName,0,13792,Elven Chain Shirt,
elvencloak,uti,DescIdentified,0,66552,"Cormyr lies now in the realm of what was once the elvish realm of Cormanthyr, and some elvish items can still be found. This is one of the most common and most useful of them.",
elvencloak,uti,Description,0,-1,An attractive and slightly ornamental woodsman's cloak.,
elvencloak,uti,LocalizedName,0,66551,Elven Cloak,
emeraldgolempr,uti,LocalizedName,0,13152,Emerald Golem Properties,
emeraldshield,uti,LocalizedName,0,1551,Emerald Shield,
emeraldwarhamme,uti,LocalizedName,0,178,Emerald Warhammer,
emptybottle,uti,DescIdentified,0,-1,"An empty bottle with a stopper.

<c ÿÿ>Note: Bottles are filled by placing them in a container which has a liquid in it. If drunk from they are consumed.<cÿÿÿ>",
emptybottle,uti,LocalizedName,0,13665,Empty Bottle,
enchantingstone,uti,DescIdentified,0,62369,"An enchanting stone can be rubbed on a weapon to temporarily enhance it. The more skillful the crafter, the better the enhancement, which typically lasts about 4 minutes. Truly great weaponsmiths can sometimes make the enhancement stick permanently, although no smith has managed to get one of these stones to work on a weapon that already has an enhancement bonus on it.

<c ÿÿ>Use: Cast on the melee weapon of your choice. Note: Do not use the Enchanting Stone on a weapon that already has a +1 (or more) bonus to hit/damage, nor on a ranged weapon.<cÿÿÿ>",
enchantingstone,uti,LocalizedName,0,62367,Enchanting Stone,
enchantring,uti,DescIdentified,0,-1,"A much enhanced version of the ring of protection, probably made by a minor Artificer.",
enchantring,uti,Description,0,-1,A fine ring.,
enchantring,uti,LocalizedName,0,-1,Enchanted Ring,
endlesscrossbow,uti,DescIdentified,0,-1,"Unspectacular in appearance, but special nevertheless, this crossbow requires no ammunition of its own.",
endlesscrossbow,uti,Description,0,-1,A simple heavy crossbow.,
endlesscrossbow,uti,LocalizedName,0,-1,Endless Crossbow,
fatherhead,uti,DescIdentified,0,48895,"The head of your father. In death his face is calm and noble. With no tools to bury his body, and scavengers about, perhaps you can at least find somewhere to bury his head.",
fatherhead,uti,LocalizedName,0,48893,Your Father's Head,
fearsomewand,uti,DescIdentified,0,14185,"A very basic wand, that is used to frighten enemies.",
fearsomewand,uti,LocalizedName,0,14186,Fearsome Wand,
fightingbrew,uti,DescIdentified,0,13440,"Brewed by goblins and hobgoblins, this potion is used to bolster prowess in battle.",
fightingbrew,uti,Description,0,-1,"A thick, black liquid obtained from a pot.",
fightingbrew,uti,LocalizedName,0,13441,Fighting Brew,
finechainmail,uti,DescIdentified,0,-1,Finely crafted chainmail that weighs much less than it would appear.,
finechainmail,uti,LocalizedName,0,-1,Fine Chainmail,
fineplatemail,uti,DescIdentified,0,-1,"Finely crafted Plate Mail, with reduced weight.",
fineplatemail,uti,LocalizedName,0,-1,Fine Plate,
firecape,uti,DescIdentified,0,66552,"This beautiful, collared cape is made of some soft material, and dyed with vibrant colors.  The lining feels warm to the touch, belying the hidden powers withing the cape. Five times, the wearer can call forth flames to lash their enemies, then the cloak becomes useless.",
firecape,uti,Description,0,-1,"A beautiful, collared cape made of some soft material, and dyed with vibrant colors. The lining of the cape feels warm to the touch.",
firecape,uti,LocalizedName,0,66551,Fire Cape,
fireknife,uti,DescIdentified,0,-1,"The Fire Knives are a group of exiled nobles of Cormyr who seek to destabilize the country through murders. One theory is that they took their name from these weapons - easy to conceal, yet lethal to their foes.",
fireknife,uti,LocalizedName,0,-1,Fire Knife,
fireknifeleath,uti,DescIdentified,0,-1,A fine jerkin of leather darkened and ensorcelled for use by senior members of the Fire Knives. This group of assassins are sworn to the destruction of the nobility of Cormyr.,
fireknifeleath,uti,Description,0,-1,"A fine jerkin of leather, darkened and possibly ensorcelled in some way.",
fireknifeleath,uti,LocalizedName,0,-1,Fire Knife Leather,
firerobe,uti,DescIdentified,0,-1,"These robes bestow upon the wearer the ability to resist fire, as well as some minor spellcasting.",
firerobe,uti,Description,0,-1,A fine set of garments.,
firerobe,uti,LocalizedName,0,-1,Fire Robe,
firestone,uti,DescIdentified,0,-1,"These strange stones are magic and can be rubbed along a weapon to enhance it's properties. They are particularly coveted by those with crafting skills.

<c ÿÿ>Use: Cast on yourself. The item in your right hand will receive the effect. This item does not work on ranged weapons.<cÿÿÿ>",
firestone,uti,Description,0,-1,A stone that throbs in the hand.,
firestone,uti,LocalizedName,0,-1,Fire Stone,
flamearrows,uti,DescIdentified,0,-1,"These arrows have a minor enchantment on them, that makes them burst into flame in flight.",
flamearrows,uti,LocalizedName,0,-1,Flame Arrows,
foeslayer,uti,DescIdentified,0,-1,"Dedicated to Tempus, the Foeslayer is a battleaxe for war, pure and simple. It's fine balance will benefit any wielder, although those that follow Tempus will find it a more powerful weapon, releasing its hidden powers once the axe is in their hands.",
foeslayer,uti,Description,0,-1,A solid and simple battleaxe. There is no mark upon this weapon.,
foeslayer,uti,LocalizedName,0,-1,Foeslayer,
forestersring,uti,DescIdentified,0,13460,"This odd-looking ring is made of some kind of green wood and carved with leaves around the band. As well as slowly healing the wearer, this ring seems to call upon the power of Silvanus to grant other powers. Followers of Silvanus will find the ring has additional hidden benefits.

",
forestersring,uti,Description,0,-1,This odd-looking ring is made of some kind of green wood and carved with leaves around the band.,
forestersring,uti,LocalizedName,0,13459,Forester's Ring,
frenzypotion,uti,DescIdentified,0,13440,"Brewed by goblins and hobgoblins, this potion is used to bolster prowess in battle.",
frenzypotion,uti,Description,0,-1,A murky brew obtained from a pot.,
frenzypotion,uti,LocalizedName,0,13441,Fighting Brew,
frostbrand,uti,DescIdentified,0,-1,"A fine sword with vague rivulets of blue running through the blade. Originally this blade was a fine weapon, but at some point it has been cursed, although some of the original enchantment survives.",
frostbrand,uti,Description,0,-1,A fine sword with vague rivulets of blue running through the blade.,
frostbrand,uti,LocalizedName,0,-1,Frostbrand,
fullplatev,uti,DescIdentified,0,-1,"This beautifully crafted suit of full plate bears no maker's mark, but carries a minor enchantment.",
fullplatev,uti,LocalizedName,0,-1,Fine Full Plate,
ghostseeds,uti,DescIdentified,0,-1,"For a while, these odd seeds became high fashion at balls and social gatherings. They bestow an odd, ghostly effect on those that eat them.",
ghostseeds,uti,Description,0,-1,A collection of seeds with an oily coating.,
ghostseeds,uti,LocalizedName,0,-1,Ghost Seeds,
girdleoffireresi,uti,DescIdentified,0,-1,These belts are found in all walks of life where fire is a common hazard.,
girdleoffireresi,uti,Description,0,-1,A simple belt.,
girdleoffireresi,uti,LocalizedName,0,-1,Girdle of Fire Resistance,
girdleofmight,uti,DescIdentified,0,-1,"Simple in appearance, these belts give the wearer a boost to their strength.",
girdleofmight,uti,LocalizedName,0,-1,Girdle of Might,
girdleoftheho,uti,DescIdentified,0,-1,"These simple belts would pass unnoticed if not for the giant buckle. Of unknown origin, they hold within them hidden clerical powers.",
girdleoftheho,uti,Description,0,-1,A belt of leather with a large buckle.,
girdleoftheho,uti,LocalizedName,0,-1,Girdle of the Holy,
glovesofmis,uti,DescIdentified,0,-1,"Once touched, these gloves magically graft themselves onto the skin. The curse they carry makes the wearer fumble things in their hands.",
glovesofmis,uti,Description,0,-1,A pair of plain gloves.,
glovesofmis,uti,LocalizedName,0,-1,Gloves of Mishandling,
glovesofstriki,uti,DescIdentified,0,-1,"This pair of gloves clearly belongs to an Order of Fighting Monks, though its specific origins are lost.",
glovesofstriki,uti,LocalizedName,0,-1,Gloves of Striking,
golemgem1,uti,DescIdentified,0,-1,"The heart of a shattered Gem Golem, a flawless ruby.",
golemgem1,uti,LocalizedName,0,-1,Ruby Golem Heart,
golemgem2,uti,DescIdentified,0,-1,"The heart of a shattered Gem Golem, a flawless emerald.",
golemgem2,uti,LocalizedName,0,-1,Emerald Golem Heart,
golemgem3,uti,DescIdentified,0,-1,"The heart of a shattered Gem Golem, a flawless diamond.",
golemgem3,uti,LocalizedName,0,-1,Diamond Golem Heart,
golemgem4,uti,DescIdentified,0,-1,"The heart of a shattered Gem Golem, a flawless jewel.",
golemgem4,uti,LocalizedName,0,-1,Sapphire Golem Heart,
golemmace,uti,DescIdentified,0,-1,"Given to you by Caladnei, this mace will help you should you encounter any of the Gem Golems reputed to guard the barrow of the Wyvern Crown.",
golemmace,uti,LocalizedName,0,-1,Golem Mace,
greaterringof,uti,DescIdentified,0,13454,"A simple band of gold, with a single semi-precious stone held in place, solitaire style. This is a superior version of a Ring of Protection.",
greaterringof,uti,Description,0,-1,"A simple band of gold, with a single semi-precious stone held in place, solitaire style.",
greaterringof,uti,LocalizedName,0,13453,Greater Ring of Protection,
greatertruesigh,uti,DescIdentified,0,-1,"These helmets have a thin, transparent material across the eyeslits, that help the wearer see. The aid is magical in nature though, and it takes a while to get used to the strange vision granted. The Greater version of the Truesight helm allows the user to see through illusions so well, that often they can avoid them entirely.",
greatertruesigh,uti,Description,0,-1,A strange helmet.,
greatertruesigh,uti,LocalizedName,0,-1,Greater Truesight Helm,
greatwandoflight,uti,DescIdentified,0,-1,"These wands give light upon a magic command. Unfortunately it takes a smattering of Power to be able to use them, and although available to most, they are not available to all.",
greatwandoflight,uti,Description,0,-1,A simple wand.,
greatwandoflight,uti,LocalizedName,0,-1,Greater Wand of Light,
greencloak,uti,LocalizedName,0,-1,Olive Cloak,
greenheart,uti,DescIdentified,0,-1,"This small shield is made of beech wood, and reinforced with hazel. Blessed by Silvanus, its strengths lie in combatting the unnatural. Worshippers of Silvanus will find the growth of the forest in their veins.

",
greenheart,uti,Description,0,-1,"A small shield made of beech wood, and reinforced with hazel.",
greenheart,uti,LocalizedName,0,-1,Greenheart,
harpbow,uti,DescIdentified,0,-1,"These fine bows are so called because the tension in their strings makes them resonate like a harp when they are used.This is no coincidence, since they were made for a strange order of warrior bards many years ago. Not just highly functional weapons, they also amplify the powers of bardic users, though the slight hum the bow makes can be a nuisance.",
harpbow,uti,Description,0,-1,"A very fine composite longbow, ready strung.",
harpbow,uti,LocalizedName,0,-1,Harp Bow,
hawklinmail,uti,DescIdentified,0,-1,A suit of chainmail with the Hawklin coat of arms.,
hawklinmail,uti,LocalizedName,0,-1,Hawklin Mail,
hawklinplate2,uti,DescIdentified,0,-1,A suit of plate with the Hawklin coat of arms.,
hawklinplate2,uti,LocalizedName,0,-1,Hawklin Plate Mail,
hawklinplatemai,uti,DescIdentified,0,-1,A suit of platel with the Hawklin coat of arms.,
hawklinplatemai,uti,LocalizedName,0,-1,Hawklin Plate Mail,
hawklinshield,uti,DescIdentified,0,-1,A shield bearing the Hawklin Coat of Arms.,
hawklinshield,uti,LocalizedName,0,-1,Hawklin Shield,
helmcloak,uti,LocalizedName,0,-1,Helm Cloak,
helmdragonbronze,uti,DescIdentified,0,-1,"This ornate helm is made from a combination of metal and what look like  dragon scales. Though the scales are immitations, the helm does have some of the powers of a dragon.",
helmdragonbronze,uti,Description,0,-1,An ornate helm made from a combination of metal and what look like scales.,
helmdragonbronze,uti,LocalizedName,0,90531,Helm of the Bronze Dragon,
helmdragonred,uti,DescIdentified,0,-1,"This ornate helm is made from a combination of metal and what look like  dragon scales. Though the scales are immitations, the helm does have some of the powers of a dragon.",
helmdragonred,uti,Description,0,-1,An ornate helm made from a combination of metal and what look like scales.,
helmdragonred,uti,LocalizedName,0,90531,Helm of the Red Dragon,
helmdragonsilver,uti,DescIdentified,0,-1,"This ornate helm is made from a combination of metal and what look like  dragon scales. Though the scales are immitations, the helm does have some of the powers of a dragon.",
helmdragonsilver,uti,Description,0,-1,An ornate helm made from a combination of metal and what look like scales.,
helmdragonsilver,uti,LocalizedName,0,90531,Helm of the Silver Dragon,
helmofstoicism,uti,DescIdentified,0,-1,"There is no knowing who designed or made these ancient helms, but they have proved useful through the ages.",
helmofstoicism,uti,Description,0,-1,An old helmet.,
helmofstoicism,uti,LocalizedName,0,-1,Helm of Stoicism,
helmofthedeep,uti,DescIdentified,0,-1,These odd helmets allow the wearer to breath underwater.,
helmofthedeep,uti,LocalizedName,0,90531,Helm of the Deep,
helmofthesea,uti,DescIdentified,0,-1,This strange helmet is one of several made by the folk that dwell beneath the Lake of Dragons on Cormyr's southern shore.,
helmofthesea,uti,Description,0,-1,An unusual helmet.,
helmofthesea,uti,LocalizedName,0,-1,Helm of the Sea,
heraldsoutfit,uti,DescIdentified,0,-1,A suit of scalemail belonging to the Purple Dragons.,
heraldsoutfit,uti,LocalizedName,0,-1,Herald's Outfit,
hidearmour1,uti,LocalizedName,0,12840,Hide Armor,
hidearmourp1,uti,LocalizedName,0,12840,Hide Armor +1,
hidearmourv,uti,DescIdentified,0,-1,"Probably crafted by a tribal smith, this barbaric looking hide armor has a minor enchantment on it.",
hidearmourv,uti,LocalizedName,0,-1,Fine Hide Armor,
hobgoblincloak,uti,LocalizedName,0,-1,Hobgoblin Cloak,
horsebow,uti,DescIdentified,0,14056,"These wood and horn bows are specially designed for use on horseback. With the magic within them, riding and shooting becomes easy.",
horsebow,uti,LocalizedName,0,14057,Horse Bow,
hostlersclothe,uti,LocalizedName,0,12914,Hostler's Clothes,
hultailspirits,uti,DescIdentified,0,62369,"Hultail Spirits are famous for their potency. The imbiber becomes almost instantly inebriated for a short period of time, but with the drunkenness also come feelings of intense strength and invincibility.

Effects that last for 2 minutes:
Drunk -1 to hit
Strength +1
Will Saves +2.

Effects that last for 2 and a half minutes:
-3 to spot skill.",
hultailspirits,uti,LocalizedName,0,62367,Hultail Spirits,
huntcrownmail,uti,DescIdentified,0,-1,A suit of chainmail with the Huntcrown coat of arms.,
huntcrownmail,uti,LocalizedName,0,-1,Huntcrown Mail,
huntcrownshield,uti,DescIdentified,0,-1,A shield bearing the Huntcrown Coat of Arms.,
huntcrownshield,uti,LocalizedName,0,-1,Huntcrown Shield,
huntcrownsoath,uti,DescIdentified,0,48895,This document is a solemn oath sworn by Lord Marvin Huntcrown not to hunt the Forest Folk of Hullack Forest. This document would be ample proof for Manthis the satyr that you have stopped the hunting of his kin.,
huntcrownsoath,uti,LocalizedName,0,48893,Huntcrown's Oath,
huntersbow,uti,DescIdentified,0,14056,These fine bows certainly make the job of hunting a much easier task.,
huntersbow,uti,LocalizedName,0,14057,Hunter's Bow,
huntmastersclo,uti,DescIdentified,0,-1,"The greatest Masters of the Hunt were not only those that handled their animals best, but also got amongst their pack. When the hunters closed for the kill, the Huntmaster needed protection from the stray arrows of the novice.",
huntmastersclo,uti,Description,0,-1,"A plain, woolen cloak with a dyed edge.",
huntmastersclo,uti,LocalizedName,0,-1,Huntmaster's Cloak,
huntsilvercloak,uti,LocalizedName,0,-1,Huntsilver Cloak,
huntsilvermail,uti,DescIdentified,0,-1,A suit of chainmail with the Huntsilver coat of arms.,
huntsilvermail,uti,LocalizedName,0,-1,Huntsilver Mail,
huntsilvershiel,uti,DescIdentified,0,-1,A shield bearing the Huntsilver Coat of Arms.,
huntsilvershiel,uti,LocalizedName,0,-1,Huntsilver Shield,
hypnoticamulet,uti,DescIdentified,0,-1,This copper necklace holds a strange jewel in it that catches the light in weird angles. The jewel hints at the powers that lie within the amulet; powers of hypnotism and bewilderment.,
hypnoticamulet,uti,Description,0,-1,This copper necklace holds a strange jewel in it that catches the light in weird angles.,
hypnoticamulet,uti,LocalizedName,0,-1,Hypnotic Amulet,
icerobe,uti,DescIdentified,0,-1,"These robes bestow upon the wearer the ability to resist cold, as well as some minor spellcasting.",
icerobe,uti,Description,0,-1,A fine set of garments.,
icerobe,uti,LocalizedName,0,-1,Ice Robe,
icestone,uti,DescIdentified,0,-1,"These strange stones are magic and can be rubbed along a weapon to enhance it's properties. They are particularly coveted by those with crafting skills.

<c ÿÿ>Use: Cast on yourself. The item in your right hand will receive the effect. This item does not work on ranged weapons.<cÿÿÿ>",
icestone,uti,Description,0,-1,A stone that throbs in the hand.,
icestone,uti,LocalizedName,0,-1,Ice Stone,
imeldasnote,uti,DescIdentified,0,-1,"A quick scan of this note reveals it to be from the merchant Imelda, Lord Hawklin's business partner:

Valetto will pay dearly for all of the goods he has stolen from me with his piracy, and for the deaths of my crewmen. I don't care who you work for or how you do it, but I want Valetto to suffer as I have suffered. I am prepared to pay 500 golden lions for every farm of Valetto's that is destroyed.""",
imeldasnote,uti,LocalizedName,0,-1,Imelda's Note,
ironcloak,uti,DescIdentified,0,66552,"This heavy cloak has magically been formed from a sheet of iron. Though a cloak, it offers significant protection. However fire and cold based attacks are conducted easily through the cloak.",
ironcloak,uti,Description,0,-1,"A heavy, iron-grey cloak.",
ironcloak,uti,LocalizedName,0,66551,Ironcloak,
irontalisman,uti,DescIdentified,0,-1,These minor talismans usually have very basic magic properties.,
irontalisman,uti,LocalizedName,0,-1,Iron Talisman,
item,uti,LocalizedName,0,-1,Imelda's Dress,
item001,uti,LocalizedName,0,-1,Szass Morg's Staff,
ivory,uti,DescIdentified,0,58570,"A small piece of ivory. Ivory is an important commodity in Cormyr, and even a small piece is worth something.",
ivory,uti,LocalizedName,0,13498,Ivory,
jewelledring,uti,Description,0,-1,A beautiful ring with some cut gems on it. It should fetch a few gold!,
jewelledring,uti,LocalizedName,0,-1,Jeweled Ring,
jonascharm,uti,DescIdentified,0,58570,A simple charm on a length of rawhide that might be worth a few coppers. You remember that Jonas once had a charm like this one.,
jonascharm,uti,LocalizedName,0,13498,Jonas' Charm,
kamaofthecobr,uti,DescIdentified,0,-1,"This odd kama has strange rainbow-like patterns in the metal. When swung, these colours catch the light, and when tinted with fresh blood can hypnotise the unfortunate victim - just like a cobra.",
kamaofthecobr,uti,Description,0,-1,"A strange Eastern weapon with a many-hued head,",
kamaofthecobr,uti,LocalizedName,0,1534,Kama of the Cobra,
katscoat,uti,DescIdentified,0,-1,"A reinforced leather jerkin with a dark leather cloak, finely made.",
katscoat,uti,LocalizedName,0,12835,Leather Jerkin & Coat,
kemper,uti,DescIdentified,0,-1,"Kemper was the name given to a set of shields capable of absorbing sound from a blow and storing it. After enough sound has been stored, the shield is capable of letting off the sound in a violent burst, or, rather oddly, absorbing the sound around it. However, if the sound from the shield is completely discharged, a kemper becomes useless.",
kemper,uti,Description,0,-1,"A finely crafted shield, clearly magical in nature. It hums slightly.",
kemper,uti,LocalizedName,0,-1,Kemper,
key,uti,DescIdentified,0,-1,A key taken from the raiders of the barrow.,
key,uti,LocalizedName,0,-1,Key,
keyambush,uti,DescIdentified,0,-1,This key came from the woman pretending to be a damsel in distress.,
keyambush,uti,LocalizedName,0,-1,Key from the 'damsel in distress',
keycwcchest1,uti,DescIdentified,0,-1,A key found in the pirates' lair.,
keycwcchest1,uti,LocalizedName,0,-1,Pirate Key,
keycwcchest2,uti,DescIdentified,0,-1,A key found in the pirates' lair.,
keycwcchest2,uti,LocalizedName,0,-1,Pirate Key,
keycwcchest3,uti,DescIdentified,0,-1,A key found in the pirates' lair.,
keycwcchest3,uti,LocalizedName,0,-1,Pirate Key,
keycwcchest4,uti,DescIdentified,0,-1,A key found on Valetto.,
keycwcchest4,uti,LocalizedName,0,-1,Pirate Key,
keycwulchest1,uti,DescIdentified,0,-1,A key found on a pirate.,
keycwulchest1,uti,LocalizedName,0,-1,Pirate Key,
keycwulchest2,uti,DescIdentified,0,-1,A key found on Valetto.,
keycwulchest2,uti,LocalizedName,0,-1,Pirate Key,
keycwuldoor1,uti,DescIdentified,0,-1,A key found on a pirate.,
keycwuldoor1,uti,LocalizedName,0,-1,Pirate Key,
keyhelmchest1,uti,DescIdentified,0,-1,A key from a pirate.,
keyhelmchest1,uti,LocalizedName,0,-1,Key,
keypfbdoorcell,uti,DescIdentified,0,-1,A simple key found in Polter's Fort.,
keypfbdoorcell,uti,LocalizedName,0,-1,Jailor's Key,
keypfbdoorpolter,uti,DescIdentified,0,-1,A simple key found in Polter's Fort. It is old.,
keypfbdoorpolter,uti,LocalizedName,0,-1,Jailor's Key,
keypfllchest1,uti,DescIdentified,0,-1,A key found on a hobgoblin chieftain.,
keypfllchest1,uti,LocalizedName,0,-1,Hobgoblin Key,
keystone1,uti,DescIdentified,0,58570,This odd stone throbs in the hand. Stones such as these were sometimes used by the Netherese as a type of key.,
keystone1,uti,LocalizedName,0,13498,Keystone,
keystone2,uti,DescIdentified,0,58570,This odd stone throbs in the hand. Stones such as these were sometimes used by the Netherese as a type of key.,
keystone2,uti,LocalizedName,0,13498,Keystone,
keystone3,uti,DescIdentified,0,58570,This odd stone throbs in the hand. Stones such as these were sometimes used by the Netherese as a type of key.,
keystone3,uti,LocalizedName,0,13498,Keystone,
keystrongbox,uti,DescIdentified,0,-1,A key to the strongbox in Hawklin Castle.,
keystrongbox,uti,LocalizedName,0,-1,Strongbox Key,
keytfschest,uti,DescIdentified,0,-1,Your father always had this key on him. You know that it unlocked his chest.,
keytfschest,uti,LocalizedName,0,-1,Father's Key,
keywerecat,uti,DescIdentified,0,-1,A key from a bandit.,
keywerecat,uti,LocalizedName,0,-1,Key,
kheotomsointme,uti,DescIdentified,0,-1,"This highly versatile ointment can be rubbed on the skin or swallowed to cure a number of ailments. It contains five doses, whatever it is used for.",
kheotomsointme,uti,LocalizedName,0,-1,Kheotom's Ointment,
lacindaring,uti,DescIdentified,0,-1,"This ring is a family heirloom of the Cormaerils. You met Lacinda Cormaeril and rode as her champion in the tourney in Thunderstone. Grateful for the honor you did her, she granted you this ring.",
lacindaring,uti,LocalizedName,0,-1,Lacinda's Ring,
ladyfigure,uti,DescIdentified,0,-1,This tiny figure of a lady can be used to grant better luck in combat on two occasions.,
ladyfigure,uti,LocalizedName,0,13665,Lady Figure,
ladysfavor,uti,DescIdentified,0,58570,This flower has been given to you to denote the favor of a lady.,
ladysfavor,uti,LocalizedName,0,13498,Lady's Favor,
ladysfavour,uti,DescIdentified,0,58570,This flower has been given to you to denote the favour of a lady.,
ladysfavour,uti,LocalizedName,0,13498,Lady's Favour,
lance,uti,LocalizedName,0,-1,Lance,
largeshield,uti,LocalizedName,0,-1,Large Shield,
largeshield001,uti,LocalizedName,0,-1,Large Shield,
largeshield002,uti,LocalizedName,0,-1,Large Shield,
largeshield003,uti,LocalizedName,0,-1,Large Shield,
largeshield004,uti,LocalizedName,0,-1,Large Shield,
largeshield005,uti,LocalizedName,0,-1,Large Shield,
lathandersmace,uti,DescIdentified,0,-1,These maces are blessed weapons from the church of Lathander. In the hands of a follower of Lathander their powers grow significantly.,
lathandersmace,uti,Description,0,-1,A finely made mace with a symbol on it that looks a bit like a rising sun.,
lathandersmace,uti,LocalizedName,0,-1,Lathander's Mace,
leatherarmor3,uti,LocalizedName,0,12835,Leather Armour,
leatherarmour002,uti,LocalizedName,0,12835,Leather Armor,
leatherarmour1,uti,LocalizedName,0,12835,Leather Armor,
leatherarmourv,uti,DescIdentified,0,-1,"This leather jerkin has no maker's mark, but is imbued with a minor enchantment. Clearly, the heavier protection on the right arm suggests it is for use with a shield.",
leatherarmourv,uti,LocalizedName,0,12835,Fine Leather Armor,
leatherchainhaub,uti,DescIdentified,0,-1,A short mail hauberk and leather trews.,
leatherchainhaub,uti,LocalizedName,0,-1,Leather & Chain Hauberk,
leatherjerkin,uti,DescIdentified,0,-1,"A reinforced leather jerkin with a dark leather cloak, finely made.",
leatherjerkin,uti,LocalizedName,0,12835,Leather Jerkin & Coat,
leatherjerkin001,uti,DescIdentified,0,-1,"A reinforced leather jerkin with a dark leather cloak, finely made.",
leatherjerkin001,uti,LocalizedName,0,12835,Hawklin Leather Jerkin & Coat,
lesserringofp,uti,DescIdentified,0,13454,Such rings as these are commonplace as magic items go. Often they are among the first items that skilled jewelers make when they start experimenting with the design of magical jewelry. ,
lesserringofp,uti,Description,0,-1,A simple gold band adorned with an inexpensive gem.,
lesserringofp,uti,LocalizedName,0,13453,Lesser Ring of Protection,
licence,uti,DescIdentified,0,-1,This license entitles you to bury your father's remains in Kelemvor's Garden (the cemetery) in Thunderstone.,
licence,uti,LocalizedName,0,-1,License,
lifeprotector,uti,DescIdentified,0,13460,"The Life Protector, a ring that slowly heals the wearer. These rings are well known even in fable and the distinctive coloring makes them easily recognizable, though by no means common.",
lifeprotector,uti,LocalizedName,0,13459,Life Protector,
lifestealer,uti,DescIdentified,0,-1,"These vicious weapons are capable of stealing the life of their opponent when they score a succesful hit. Very few of those wielding these weapons remain untainted by a desire for causing death for long, urged on by the surge of life that runs through them each time the weapon bites.",
lifestealer,uti,Description,0,-1,A black-bladed axe with an ivory handle reinforced with iron bands.,
lifestealer,uti,LocalizedName,0,-1,Lifestealer,
lightningaxe,uti,DescIdentified,0,13213,These magic throwing axes discharge huge amounts of electricity on impact. They are almost always found in pairs.,
lightningaxe,uti,Description,0,-1,A throwing axe.,
lightningaxe,uti,LocalizedName,0,14405,Lightning Axe,
lliirasstars,uti,DescIdentified,0,-1,"These simple looking weapons are magically enchanted, causing confusion in those unfortunate enough to be struck squarely by them.",
lliirasstars,uti,Description,0,-1,"Plain, alloyed steel shuriken.",
lliirasstars,uti,LocalizedName,0,-1,Lliira's stars,
longblight,uti,DescIdentified,0,-1,"This odd-shaped spear has a blade that appears to be darkened to almost black with rust, but closer inspection reveals it is made of some strange material. Dedicated to Silvanus, these spears bring blight and putrification on any wound inflicted. If wielded by a follower of Silvanus, the powers within the spear grow.",
longblight,uti,Description,0,-1,"This odd-shaped spear has a blade that appears to be darkened to almost black with rust, but closer inspection reveals it is made of some strange material.",
longblight,uti,LocalizedName,0,-1,Longblight,
longbowyew,uti,DescIdentified,0,-1,"No different from a normal longbow, except this one has been made from Yew by a master Bowyer. The pull of the bow is signifcantly greater than a standard longbow. This will not benefit weaker characters (less than strength 12 cannot even use it), but stronger characters will be able to use the extra pull. The bow is not magic however, so only costs a few gold more than an average longbow.

On equiping, the bow will grant a Mighty bonus dependant on strength:
minimum for a +1 bonus = 14
minimum for a +2 bonus = 17
minimum for a +3 bonus = 20",
longbowyew,uti,LocalizedName,0,-1,"Longbow, Yew",
longswordofhel,uti,DescIdentified,0,-1,"A finely crafted sword with excellent balance, these longswords are dedicated to Helm. Fine weapons in their own right, in the hands of a follower of Helm, they become even more mighty.",
longswordofhel,uti,Description,0,-1,A finely crafted sword with excellent balance.,
longswordofhel,uti,LocalizedName,0,-1,Longsword of Helm,
longswordoftyr,uti,DescIdentified,0,-1,"A finely crafted sword with excellent balance, these longswords are dedicated to Tyr and the destruction of chaos. Fine weapons in their own right, in the hands of a follower of Tyr, they become even more mighty.",
longswordoftyr,uti,Description,0,-1,A finely crafted sword with excellent balance.,
longswordoftyr,uti,LocalizedName,0,-1,Longsword of Tyr,
lsousucker,uti,DescIdentified,0,-1,"This sword has a powerful enchantment set upon it. When it strikes an opponent, there is a 5% chance that part of the opponent's soul will be drawn into the sword, dealing catastrophic damage (+2-24) and draining 5 constitution. Each time the sword soulsucks an opponent, it uses a charge.",
lsousucker,uti,LocalizedName,0,-1,"Longsword +1, Soulsucker",
luckblade,uti,DescIdentified,0,-1,"Luckblades are fine swords with keen serated blades, that also seem to make the wielder lucky when in hand. This is not surprising since they are dedicated to Tymora. Followers of Tymora will find the sword's powers enhanced.",
luckblade,uti,Description,0,-1,A shortsword with an oddly serated edge.,
luckblade,uti,LocalizedName,0,-1,Luckblade,
luckstars,uti,DescIdentified,0,-1,"Blessed by Tymora, these shuriken fly truer than others, and even a glancing blow can have surprising benefits - for the thrower!",
luckstars,uti,Description,0,-1,Plain shuriken made from a bright metal.,
luckstars,uti,LocalizedName,0,-1,Luckstars,
magicaxe,uti,DescIdentified,0,-1,A fine battleaxe with magical properties.,
magicaxe,uti,LocalizedName,0,-1,Magic Axe,
magicbean,uti,DescIdentified,0,-1,A Magic Bean drawn from the Bag of Beans.,
magicbean,uti,LocalizedName,0,-1,Magic Bean,
magicbean2,uti,DescIdentified,0,-1,A Magic Bean drawn from the Bag of Beans.,
magicbean2,uti,LocalizedName,0,-1,Magic Bean,
magicbean3,uti,DescIdentified,0,-1,A Magic Bean drawn from the Bag of Beans.,
magicbean3,uti,LocalizedName,0,-1,Magic Bean,
magicbean4,uti,DescIdentified,0,-1,A Magic Bean drawn from the Bag of Beans.,
magicbean4,uti,LocalizedName,0,-1,Magic Bean,
magicbsword,uti,DescIdentified,0,-1,A magic bastard sword.,
magicbsword,uti,LocalizedName,0,-1,Magic Sword,
magicclaymore,uti,DescIdentified,0,-1,A finely made weapon set with a virtue.,
magicclaymore,uti,LocalizedName,0,-1,Magic Claymore,
magicdagger,uti,DescIdentified,0,-1,A magical dagger with fine lines wrought on the blade.,
magicdagger,uti,LocalizedName,0,-1,Magic Dagger,
magicdart,uti,DescIdentified,0,-1,"Magic darts, though only with minor properties.",
magicdart,uti,LocalizedName,0,-1,Magic Dart,
magicdiremace,uti,DescIdentified,0,-1,A magic dire mace with minor enchantments on it.,
magicdiremace,uti,LocalizedName,0,-1,Magic Dire Mace,
magicdoubleaxe,uti,DescIdentified,0,-1,A fine weapon with a virtue wrought upon it.,
magicdoubleaxe,uti,LocalizedName,0,-1,Magic Double Axe,
magicdoublesword,uti,DescIdentified,0,-1,A finely crafted weapon set with a special virtue.,
magicdoublesword,uti,LocalizedName,0,-1,Magic Double Sword,
magicfootflail,uti,DescIdentified,0,-1,A finely made weapon set with a virtue.,
magicfootflail,uti,LocalizedName,0,-1,Magic Foot Flail,
magicgreataxe,uti,DescIdentified,0,-1,A fine weapon with a virtue wrought upon it.,
magicgreataxe,uti,LocalizedName,0,-1,Magic Greataxe,
magichammer,uti,DescIdentified,0,-1,A finely crafted weapon set with a special virtue.,
magichammer,uti,LocalizedName,0,-1,Magic Hammer,
magichandaxe,uti,DescIdentified,0,-1,A finely made weapon set with a virtue.,
magichandaxe,uti,LocalizedName,0,-1,Magic Handaxe,
magichorseflail,uti,DescIdentified,0,-1,A finely crafted weapon set with a special virtue.,
magichorseflail,uti,LocalizedName,0,-1,Magic Horse Flail,
magickama,uti,DescIdentified,0,-1,A finely made weapon set with a virtue.,
magickama,uti,LocalizedName,0,-1,Magic Kama,
magickukri,uti,DescIdentified,0,-1,A finely crafted weapon set with a special virtue.,
magickukri,uti,LocalizedName,0,-1,Magic Kukri,
magiclongsword,uti,DescIdentified,0,-1,This sword is a finely crafted blade set with a virtue.,
magiclongsword,uti,LocalizedName,0,-1,Magic Longsword,
magicmace,uti,DescIdentified,0,-1,A finely crafted weapon set with a special virtue.,
magicmace,uti,LocalizedName,0,-1,Magic Mace,
magicmap,uti,DescIdentified,0,-1,A magic map spell can be used to reveal (or map) an entire area around the caster.,
magicmap,uti,LocalizedName,0,-1,Magic Map,
magicmorningstar,uti,DescIdentified,0,-1,A finely crafted weapon set with a special virtue.,
magicmorningstar,uti,LocalizedName,0,-1,Magic Morningstar,
magicpoleaxe,uti,DescIdentified,0,-1,A fine weapon with a virtue wrought upon it.,
magicpoleaxe,uti,LocalizedName,0,-1,Magic Poleaxe,
magicrapier,uti,DescIdentified,0,-1,A finely crafted weapon set with a special virtue.,
magicrapier,uti,LocalizedName,0,-1,Magic Rapier,
magicscythe,uti,DescIdentified,0,-1,A finely crafted weapon set with a special virtue.,
magicscythe,uti,LocalizedName,0,-1,Magic Scythe,
magicshortsword,uti,DescIdentified,0,-1,This sword is a finely crafted blade set with a virtue.,
magicshortsword,uti,LocalizedName,0,-1,Magic Shortsword,
magicshuriken,uti,DescIdentified,0,-1,A magic shuriken.,
magicshuriken,uti,LocalizedName,0,-1,Magic Shuriken,
magicsickle,uti,DescIdentified,0,-1,A finely crafted weapon set with a special virtue.,
magicsickle,uti,LocalizedName,0,-1,Magic Sickle,
magicspear,uti,DescIdentified,0,-1,A finely crafted weapon set with a special virtue.,
magicspear,uti,LocalizedName,0,-1,Magic Spear,
magicstaff,uti,DescIdentified,0,-1,A finely crafted weapon set with a special virtue.,
magicstaff,uti,LocalizedName,0,-1,Magic Staff,
magicsword,uti,DescIdentified,0,-1,This sword is a finely crafted blade set with a virtue.,
magicsword,uti,LocalizedName,0,-1,Magic Sword,
magicthrowingaxe,uti,DescIdentified,0,-1,"A finely balanced, magic throwing axe.",
magicthrowingaxe,uti,LocalizedName,0,-1,Magic Throwing Axe,
magictulwar,uti,DescIdentified,0,-1,A finely crafted weapon set with a special virtue.,
magictulwar,uti,LocalizedName,0,-1,Magic Tulwar,
magicwarhammer,uti,DescIdentified,0,-1,A finely crafted weapon set with a special virtue.,
magicwarhammer,uti,LocalizedName,0,-1,Magic Warhammer,
magicwhip,uti,DescIdentified,0,-1,A magic whip  with minor enchantments on it.,
magicwhip,uti,LocalizedName,0,-1,Magic Whip,
mailoffleetnes,uti,DescIdentified,0,-1,"Mail of Fleetness is a suit of chainmail, with a tabbard showing the head of a stag. The quality of the steel links is very fine, reflecting woodland hues under full light. The lightness of the make, and the magic cast cunningly in the joints, both aid the wearer's speed.",
mailoffleetnes,uti,Description,0,-1,"A beautiful suit of chainmail, with a tabbard showing the head of a stag. The quality of the steel links is very fine, reflecting woodland hues under full light.",
mailoffleetnes,uti,LocalizedName,0,-1,Mail of Fleetness,
mailoftheblac,uti,DescIdentified,0,-1,"A suit of mail and plate. In the centre is  what looks like a hole into...nothing. Sliced from a Sphere of Anihilation, the hole swallows many blows that land on the mail. Once a day, darkness can be made to spew forth from the hole.",
mailoftheblac,uti,Description,0,-1,A suit of mail and plate. In the centre is  what looks like a hole into...nothing.,
mailoftheblac,uti,LocalizedName,0,-1,Mail of the Black Heart,
mailoftheeagl,uti,DescIdentified,0,-1,"Named for the surcoat that is an integral part of this magic suit, Mail of the Eagle grants the wearer piercing sight. In addition, the mail absorbs the power of blows. Once enough power has been absorbed it can be released as a burst of energy by the wearer, increasing their speed.

<c ÿÿ>If you use all the charges on the item, it will crumble into dust.<cÿÿÿ>",
mailoftheeagl,uti,Description,0,-1,A suit of full mail with lighter protection for the shield arm.,
mailoftheeagl,uti,LocalizedName,0,-1,Mail of the Eagle,
mailofthenoblehe,uti,DescIdentified,0,-1,"This chainmail has been imbued with magical properties that increase the wearer's defenses, particularly against negative forces.",
mailofthenoblehe,uti,Description,0,-1,Chain mail with a slight blue tint to it.,
mailofthenoblehe,uti,LocalizedName,0,-1,Mail of the Noble Heart,
mailoftheslee,uti,DescIdentified,0,-1,"When the finest knights of Cormyr were enchanted and laid to rest against a future time of emergency, they were each equipped with a suit of mail that was almost peerless in quality. The knights themselves were slain or corrupted by the ghazneths during the war, so very few of these suits survived the appetite of the ghazneths.",
mailoftheslee,uti,Description,0,-1,Very fine but obviously old chainmail.,
mailoftheslee,uti,LocalizedName,0,-1,Mail of the Sleeping Swords,
matronsclothes,uti,LocalizedName,0,12835,Matron's Clothes,
melfsrod,uti,DescIdentified,0,-1,Melf's rods are made by magicians to hold repertoires of acid spells.,
melfsrod,uti,Description,0,-1,A black rod.,
melfsrod,uti,LocalizedName,0,-1,Melf's Rod,
merchantschart,uti,DescIdentified,0,48895,"This Merchant's Charter allows you to carry arms for the period of seven days without Peacestrings, so that you can legally be employed to defend a caravan.",
merchantschart,uti,LocalizedName,0,48893,Merchant's Charter,
merchantsring,uti,DescIdentified,0,-1,"These rings are worn by many a merchant. They have value from the semi-precious stones they hold, but are also wrought with more subtle virtues.",
merchantsring,uti,LocalizedName,0,-1,Merchant's Ring,
message1,uti,DescIdentified,0,-1,"Delivered by messenger bird, this lays out Sir Gilbert Hawklin's reply to your message regarding the source of the raiders. It orders you to join 'Edgar Truesilver' who is hunting raiders targeting a barrow near Four Oaks Farm. However you are not sure where this barrow is. Perhaps Manthis can help you?",
message1,uti,LocalizedName,0,-1,Message,
messengerbird,uti,DescIdentified,0,58570,"This messenger bird was given to you by Sir Gilbert Hawklin. He has told you to release it with information on the origin of the raids, should you uncover the truth.

<c ÿÿ>Note: To release the bird, 'use' it. It is assumed that when you do so you have written and attached the appropriate message. <cÿÿÿ>",
messengerbird,uti,LocalizedName,0,13498,Messenger Bird,
metalhelmet,uti,DescIdentified,0,-1,A metal helmet.,
metalhelmet,uti,LocalizedName,0,90531,Metal Helmet,
metalhelmet001,uti,DescIdentified,0,-1,A metal helmet.,
metalhelmet001,uti,LocalizedName,0,90531,Metal Helmet,
metalhelmet002,uti,DescIdentified,0,-1,A metal helmet.,
metalhelmet002,uti,LocalizedName,0,90531,Metal Helmet,
mililsblade,uti,DescIdentified,0,-1,"This fine rapier, set with a small inexpensive gemstone, is dedicated to Milil, Lord of Song. It's beauty benefits the wearer, but only a follower of Milil will see the true benefits of this weapon. Once in hand, its hidden powers will be revealed to them.",
mililsblade,uti,Description,0,-1,"A very fine rapier, set with a small inexpensive gemstone.",
mililsblade,uti,LocalizedName,0,-1,Milil's Blade,
mindstar,uti,DescIdentified,0,67520,"These strange amulets are used by members of the Night Masks, a shady organisation of thieves and other undesirables  in their work in Westgate. A moment of deep concentration allows the wearer to become more perceptive - without the need to keep concentrating - useful when the bearer needs the mind clear for other things.

A succesful concentration check will grant a bonus equal to the wearer's concentration skill to the following skills for a period of 5 minutes:
spot
search
listen",
mindstar,uti,Description,0,-1,A large stone held on a brass chain. The stone swirls with misty colours.,
mindstar,uti,LocalizedName,0,67521,Mindstar,
mixedblessing,uti,DescIdentified,0,-1,"A suit of leather armor, worked with weird sigils. Almost certainly the work of a mad artificer, this strange armor imbues fear in those who touch it, including the wearer.",
mixedblessing,uti,Description,0,-1,"A suit of leather armor, worked with weird sigils.",
mixedblessing,uti,LocalizedName,0,-1,Mixed Blessing,
moonbane,uti,DescIdentified,0,-1,"Moonbane is made from a white metal and dedicated to the goddess Selune. Clouds seem to move across its surface, a suggestion of the powerful enchantments within - enchantments that are greater in the hands of a follower of Selune.

",
moonbane,uti,Description,0,-1,"A mace made from a white metal. Clouds seem to move across its surface, as if it hides from the sun.",
moonbane,uti,LocalizedName,0,-1,Moonbane,
morphions,uti,DescIdentified,0,-1,"Morphion's Covetous Ring seems like a handy item that increases the user's ability to bargain and deal with money matters. Unfortunately, it is also cursed; the avarice in the face of the wearer cannot be hidden.",
morphions,uti,Description,0,-1,"A beautiful ring, of certain value.",
morphions,uti,LocalizedName,0,-1,Morphion's Covetous Ring,
murderousdust,uti,DescIdentified,0,-1,"When thrown, this lethal dust spreads into a deadly enchanted cloud.",
murderousdust,uti,Description,0,-1,A fine red powder.,
murderousdust,uti,LocalizedName,0,13665,Murderous Dust,
murderoushelm,uti,DescIdentified,0,-1,"They say the enchantments upon these helms are only possible with the blood of virgins slain at midnight on a New Moon, although this may be doubtful considering just how many of these helms can be found.",
murderoushelm,uti,Description,0,-1,An unusual helmet.,
murderoushelm,uti,LocalizedName,0,-1,Murderous Helm,
napthablend,uti,DescIdentified,0,-1,"A bottle of highly explosive blended naptha, an ingredient used often for siege weaponry. It has other uses, the simplest of which is to throw it.",
napthablend,uti,LocalizedName,0,13665,Naptha Blend,
necromulet,uti,DescIdentified,0,-1,Necromulets are special amulets that focus the powers of Necromancers.,
necromulet,uti,Description,0,-1,A strange amulet.,
necromulet,uti,LocalizedName,0,-1,Necromulet,
nightblade,uti,DescIdentified,0,-1,Nightblade is the name of a group of swords used by the Night Masks of Westgate for their assassinations. Even a slight wound is often enough to bring the victim down.,
nightblade,uti,Description,0,-1,A black-bladed sword.,
nightblade,uti,LocalizedName,0,-1,Nightblade,
nightmarehoof,uti,LocalizedName,0,13222,Nightmare Hoof,
nightmaskleather,uti,DescIdentified,0,-1,A fine jerkin of leather darkened and ensorcelled for use by senior members of the Night Masks. The wearer becomes incredibly nimble and stealthy.,
nightmaskleather,uti,Description,0,-1,A fine jerkin of leather darkened and possibly ensorcelled in some way.,
nightmaskleather,uti,LocalizedName,0,-1,Night Mask Leather,
nightpotion,uti,DescIdentified,0,13440,These odd potions were probably made by drow and used when venturing onto the surface.,
nightpotion,uti,LocalizedName,0,13441,Night Potion,
nobleplate,uti,DescIdentified,0,-1,"Though highly ornamental in appearance, this suit of plate is still functional and carries a very minor magic upon it. Probably it belonged to some knightly Order, though the Coat-of-Arms is unfamiliar.",
nobleplate,uti,Description,0,-1,"This suit of plate seems highly ornamental, and probably belongs to some knightly Order.",
nobleplate,uti,LocalizedName,0,-1,Noble Plate,
paddedarmour1,uti,LocalizedName,0,12841,Padded Armour,
paddedarmourv,uti,DescIdentified,0,-1,"These fine clothes are thick enough to constitute some protection, and also carry a minor enchantment.",
paddedarmourv,uti,LocalizedName,0,12841,Fine Padded Armor,
paladinsgloves,uti,DescIdentified,0,-1,These gloves are attuned to the benefit of only the purest of spirits.,
paladinsgloves,uti,Description,0,-1,"A pair of gloves made of an expensive-looking, pale blue leather.",
paladinsgloves,uti,LocalizedName,0,-1,Paladin's Gloves,
patch_it_drophrs,uti,DescIdentified,0,-1,Use this item to eliminate a horse that you cannot get rid of.,
patch_it_drophrs,uti,LocalizedName,0,-1,patch_it_drophrs,
pdhelmet,uti,DescIdentified,0,-1,A helmet usually worn by heavily armored soldiers of the Purple Dragons.,
pdhelmet,uti,LocalizedName,0,90531,Helmet,
pdhelmet001,uti,DescIdentified,0,-1,A helmet usually worn by heavily armored soldiers of the Purple Dragons.,
pdhelmet001,uti,LocalizedName,0,90531,Helmet,
pdkcloak,uti,LocalizedName,0,-1,Purple Dragon Cloak,
pdkplatecloak,uti,DescIdentified,0,-1,A set of armor with the unmistakable colors of the Purple Dragons.,
pdkplatecloak,uti,LocalizedName,0,184,Purple Dragon Platemail,
pdshield1,uti,DescIdentified,0,-1,"A shield from a soldier of Cormyr, a Purple Dragon.

This item is considered stolen if you take it.",
pdshield1,uti,LocalizedName,0,-1,Purple Dragon Shield,
performersarml,uti,DescIdentified,0,-1,"Clearly the armlets of some skilled bard, and some of that skill has become embedded in the armlets.",
performersarml,uti,Description,0,-1,A armlet with inscriptions around the bands.,
performersarml,uti,LocalizedName,0,-1,Performer's Armlets,
pinpointarrows,uti,DescIdentified,0,-1,"It is not known who first crafted Pinpoint arrows, but is almost certain they were an attempt to aid in combat in the dark places. With this solution, a champion could at least find and finish any foe he had hit with an arrow.",
pinpointarrows,uti,LocalizedName,0,-1,Pinpoint Arrows,
pitilesssling,uti,DescIdentified,0,-1,"This sling was wielded by a notorious highway robber. Somewhere along the line, this semi-sentient sling began to absorb some of the cruelty of its owner.",
pitilesssling,uti,Description,0,-1,A sling embroidered with dark markings.,
pitilesssling,uti,LocalizedName,0,-1,Pitiless Sling,
platemail1,uti,LocalizedName,0,12838,Plate Mail,
platemailv,uti,DescIdentified,0,-1,"Not quite up to the same protection of full plate, this plate mail is nevertheless very well crafted and has additional encantations cast upon it.",
platemailv,uti,LocalizedName,0,12838,Fine Plate Mail,
platinumtradeb,uti,DescIdentified,0,48895,This is a large denomination Platinum Trade Bar. Trade Bars are often used in Cormyr and other countries by merchants who are not carrying Cormyrean currency. Platinum Trade Bars are particularly rare.,
platinumtradeb,uti,LocalizedName,0,48893,Platinum Trade Bar,
plotwand,uti,LocalizedName,0,-1,Plot Wand,
poisonersglove,uti,DescIdentified,0,-1,"A pair of green gloves that make even the most uneducated an expert in the use, and avoidance, of poisons.",
poisonersglove,uti,Description,0,-1,A pair of green gloves without any obvious properties.,
poisonersglove,uti,LocalizedName,0,-1,Poisoner's Gloves,
polterblade,uti,DescIdentified,0,-1,"The restless spirit of a poltergeist resides within this blade. Already bested by you, the spirit is now bound by your command. Twice per day its power can be released to flow through you, increasing your strength and dexterity 5 each for a period of a few minutes.",
polterblade,uti,LocalizedName,0,-1,Polterblade,
poltergeistprop,uti,LocalizedName,0,13195,Poltergeist Props,
polymorphjuice,uti,DescIdentified,0,13440,"This thick, bright orange potion is of unknown origin, but grants the drinker the ability to change shape.",
polymorphjuice,uti,LocalizedName,0,13441,Polymorph Juice,
potionofeyes,uti,DescIdentified,0,13440,"The old swamp witch Maya had an uncanny ability to catch those that tried to steal any of her hidden treasures, so much so that everyone believed she had eyes in the back of her head. The truth really lay in her continuous drinking of these potions which she made herself, preferring them to a glass of wine.",
potionofeyes,uti,LocalizedName,0,13441,Potion of Eyes,
potionofprayer,uti,DescIdentified,0,13440,"These are the battle potions of an Order of Tempus, commonly brewed for use by warriors before combat.",
potionofprayer,uti,LocalizedName,0,13441,Potion of Prayer,
potionofprotec,uti,DescIdentified,0,13440,A potion of protection vs magic.,
potionofprotec,uti,LocalizedName,0,13441,Potion of Protection,
potionofstonef,uti,DescIdentified,0,13440,"With skin as hard as stone, there is little that can stop you...",
potionofstonef,uti,LocalizedName,0,13441,Potion of Stoneform,
potionofstonew,uti,DescIdentified,0,13440,"These powerfull potions strengthen the will of the drinker, making them highly resistant to mind-affecting spells and effects.",
potionofstonew,uti,LocalizedName,0,13441,Potion of Stonewill,
prayeramulet,uti,DescIdentified,0,-1,"Prayer Amulets can be used to focus the prayers, thus gaining greater boons from the wearer's deity. They are most effective in the hands of a priest, although they are useable by all.

The power and length of the effect is dependant on the wearer's level, but lasts up to a maximum of 10 rounds. Effects are dependant on deity:

Chauntea = Temporary Hit Points
Deneir = Damage Reduction
Helm = Saving Throw Bonus
Lathander = Saving Throw Bonus
Lliira = Bonus to Lore
Malar = Damage Reduction
Milil = Concealment
Selune = True Seeing
Silvanus = Temporary Hit Points
Tempus = Attack Bonus
Tymora = Bonus to speed
Tyr = Spell Resistance",
prayeramulet,uti,Description,0,-1,This fine amulet is worked with religious symbols of all types.,
prayeramulet,uti,LocalizedName,0,-1,Prayer Amulet,
prayerring,uti,DescIdentified,0,-1,"The Prayer Ring is a more powerful version of the Prayer Amulet, and is used to focus the prayers, thus gaining greater boons from the wearer's deity. They are most effective in the hands of a priest, although they are useable by all.

The power and length of the effect is dependant on the wearer's level, but lasts up to a maximum of 10 rounds. Effects are dependant on deity:

Chauntea = Temporary Hit Points
Deneir = Damage Reduction
Helm = Saving Throw Bonus
Lathander = Saving Throw Bonus
Lliira = Bonus to Lore
Malar = Damage Reduction
Milil = Concealment
Selune = True Seeing
Silvanus = Temporary Hit Points
Tempus = Attack Bonus
Tymora = Bonus to speed
Tyr = Spell Resistance",
prayerring,uti,Description,0,-1,This ring is worked with religious symbols.,
prayerring,uti,LocalizedName,0,-1,Prayer Ring,
precisioncrossb,uti,DescIdentified,0,-1,"When the right point is struck, this light crossbow has the power to drive the bolt home.",
precisioncrossb,uti,LocalizedName,0,-1,Precision Crossbow,
puremight,uti,DescIdentified,0,-1,"This heavy hammer is made from what looks like cast iron crudely attached to a shaft, but the shoddy craftsmanship is just a show. The warhammer is dedicated to Silvanus, with purifying and other powers made greater if the bearer follows Silvanus.
",
puremight,uti,Description,0,-1,"A heavy hammer made from what looks like cast iron crudely attached to a shaft. It's shoddy craftsmanship, or is it just a show?",
puremight,uti,LocalizedName,0,-1,Puremight,
purplecloak,uti,LocalizedName,0,-1,Purple Cloak,
purpledragoncs,uti,DescIdentified,0,-1,A shield displaying the sigil of the Purple Dragon clerics.,
purpledragoncs,uti,LocalizedName,0,-1,Purple Dragon Cleric Shield,
purpledragonki,uti,DescIdentified,0,-1,"The shield of the Purple Dragons, born by nearly every Blade of Cormyr.",
purpledragonki,uti,LocalizedName,0,-1,Purple Dragon Kite,
purpledragonkn,uti,DescIdentified,0,-1,"This shield bears an old Coat-of-Arms of the Purple Dragon Knights. Such shields were given to some of the most worthy knights of Cormyr, enhancing their leadership skills and bolstering their defense.",
purpledragonkn,uti,Description,0,-1,"A shield enscribed with the Purple Dragon, the symbol of Cormyr.",
purpledragonkn,uti,LocalizedName,0,-1,Purple Dragon Knight Shield,
purpledragonli,uti,DescIdentified,0,-1,Light armor belonging to the Purple Dragons.,
purpledragonli,uti,LocalizedName,0,-1,Purple Dragon Light Armor,
purpledragonlmai,uti,DescIdentified,0,-1,A suit of mail belonging to the Purple Dragons.,
purpledragonlmai,uti,LocalizedName,0,-1,Purple Dragon Lionar Mail,
purpledragonma,uti,DescIdentified,0,-1,A suit of scale mail belonging to the Purple Dragons.,
purpledragonma,uti,LocalizedName,0,-1,Purple Dragon Mail,
purpledragonov,uti,DescIdentified,0,-1,A shield displaying the sigil of the Purple Dragons. This particular shield is born only by higher ranking officers.,
purpledragonov,uti,LocalizedName,0,-1,Purple Dragon Oversword Shield,
purpledragonsc,uti,DescIdentified,0,-1,Light armour belonging to the Purple Dragons.,
purpledragonsc,uti,LocalizedName,0,-1,Purple Dragon Scout Armour,
purpledragonscou,uti,DescIdentified,0,-1,A shield displaying the sigil of the Purple Dragon scouts.,
purpledragonscou,uti,LocalizedName,0,-1,Purple Dragon Scout Shield,
purpleknowall,uti,DescIdentified,0,-1,"These odd, purple flowers stay as fresh as the day they are picked for several years. However if the flower is crushed and the tiny drop of sap produced is placed on the tongue, then the drinker feels a wave of insight that can last for several hours. This of course is how the Purple Knowall got its name...",
purpleknowall,uti,Description,0,-1,"A small, purple flower, as fresh as the day it was picked.",
purpleknowall,uti,LocalizedName,0,-1,Purple Knowall,
rbastardsword,uti,DescIdentified,0,-1,This reforged weapon has been crafted from old magic blades to create a powerful magic item.,
rbastardsword,uti,LocalizedName,0,-1,Reforged Bastard Sword,
rbattleaxe,uti,DescIdentified,0,-1,This reforged weapon has been crafted from old magic blades to create a powerful magic item.,
rbattleaxe,uti,LocalizedName,0,-1,Reforged Magic Axe,
rdagger,uti,DescIdentified,0,-1,This reforged weapon has been crafted from old magic blades to create a powerful magic item.,
rdagger,uti,LocalizedName,0,191,Reforged Dagger,
rdiremace,uti,DescIdentified,0,-1,This reforged weapon has been crafted from old magic blades to create a powerful magic item.,
rdiremace,uti,LocalizedName,0,1526,Reforged Dire Mace,
reddragonscale,uti,DescIdentified,0,-1,The scale of a red dragon. Such things fetch a good price as they are used in the crafting of many magic items.,
reddragonscale,uti,LocalizedName,0,13665,Red Dragon Scale,
retreathorn,uti,DescIdentified,0,62369,Blowing this horn will order all your troops to try and disengage and retreat to their original positions.,
retreathorn,uti,LocalizedName,0,62367,Retreat Horn,
rgreataxe,uti,DescIdentified,0,-1,This reforged weapon has been crafted from old magic blades to create a powerful magic item.,
rgreataxe,uti,LocalizedName,0,515,Reforged Greataxe,
rgreatsword,uti,DescIdentified,0,-1,This reforged weapon has been crafted from old magic blades to create a powerful magic item.,
rgreatsword,uti,LocalizedName,0,167,Reforged Greatsword,
rhalberd,uti,DescIdentified,0,-1,This reforged weapon has been crafted from old magic blades to create a powerful magic item.,
rhalberd,uti,LocalizedName,0,175,Reforged Halberd,
rhandaxe,uti,DescIdentified,0,-1,This reforged weapon has been crafted from old magic blades to create a powerful magic item.,
rhandaxe,uti,LocalizedName,0,1532,Reforged Handaxe,
rheavyflail,uti,DescIdentified,0,-1,This reforged weapon has been crafted from old magic blades to create a powerful magic item.,
rheavyflail,uti,LocalizedName,0,1529,Reforged Heavy Flail,
ridersring,uti,DescIdentified,0,-1,"This ribbed, copper ring is used to help train Purple Dragons for the cavalry. With such a ring, a rider can swiftly become used to a horse in a way that would otherwise require a few falls.",
ridersring,uti,Description,0,-1,"A ribbed, copper ring.",
ridersring,uti,LocalizedName,0,-1,Rider's Ring,
ringofchange,uti,DescIdentified,0,-1,"This is a finely wrought ring with a round-cut amethyst set in platinum. The ring can be called upon to transform the wearer 3 times, transforming the wearer into a powerful creature, usually for a few minutes only. It is not known what the form is for this particular ring.",
ringofchange,uti,Description,0,-1,A finely wrought ring with a round-cut amethyst set in platinum.,
ringofchange,uti,LocalizedName,0,-1,Ring of Change,
ringofflame,uti,DescIdentified,0,-1,"The ring of flame, a handy piece for those in need of offensive spells.",
ringofflame,uti,Description,0,-1,A finely wrought ring.,
ringofflame,uti,LocalizedName,0,-1,Ring of Flame,
ringofice,uti,DescIdentified,0,-1,"The ring of ice, a handy piece for those in need of offensive spells.",
ringofice,uti,Description,0,-1,A finely wrought ring.,
ringofice,uti,LocalizedName,0,-1,Ring of Ice,
ringofthecent,uti,DescIdentified,0,-1,"By studying the movements and habits of centaurs, the wizard Drofliss was able to understand how a horse and rider could become as one. His lengthy observations gave rise to these rings, magical ways of making even novice riders experts.",
ringofthecent,uti,Description,0,-1,A plain brass ring.,
ringofthecent,uti,LocalizedName,0,-1,Ring of the Centaur,
ringofthorns,uti,DescIdentified,0,-1,"This magical brass ring carries a number of thorn-like projections on it. Upon a command word, these thorns can be fired from the ring at a chosen enemy.",
ringofthorns,uti,Description,0,-1,This brass ring has several sharp projections on it. The careless could easily cut themselves.,
ringofthorns,uti,LocalizedName,0,-1,Ring of Thorns,
ringofturning,uti,DescIdentified,0,-1,This unadorned band of iron has hidden powers that magnify the ability of those of priestly nature.,
ringofturning,uti,Description,0,-1,A plain iron band.,
ringofturning,uti,LocalizedName,0,-1,Ring of Turning,
ringofwar,uti,DescIdentified,0,-1,"An enhanced version of the ring of protection, probably made by an unknown crafter.",
ringofwar,uti,Description,0,-1,A fine ring with a band of some sort of alloy and adorned with an inexpensive gem.,
ringofwar,uti,LocalizedName,0,-1,Ring of War,
rkama,uti,DescIdentified,0,-1,This reforged weapon has been crafted from old magic blades to create a powerful magic item.,
rkama,uti,LocalizedName,0,1534,Reforged Kama,
rkatana,uti,DescIdentified,0,-1,This reforged weapon has been crafted from old magic blades to create a powerful magic item.,
rkatana,uti,LocalizedName,0,1535,Reforged Katana,
rkukri,uti,DescIdentified,0,-1,This reforged weapon has been crafted from old magic blades to create a powerful magic item.,
rkukri,uti,LocalizedName,0,1536,Reforged Kukri,
rlightflail,uti,DescIdentified,0,-1,This reforged weapon has been crafted from old magic blades to create a powerful magic item.,
rlightflail,uti,LocalizedName,0,176,Reforged Light Flail,
rlighthammer,uti,DescIdentified,0,-1,This reforged weapon has been crafted from old magic blades to create a powerful magic item.,
rlighthammer,uti,LocalizedName,0,1531,Reforged Light Hammer,
rlongsword,uti,DescIdentified,0,-1,This reforged weapon has been crafted from old magic blades to create a powerful magic item.,
rlongsword,uti,LocalizedName,0,166,Reforged Longsword,
rmace,uti,DescIdentified,0,-1,This reforged weapon has been crafted from old magic blades to create a powerful magic item.,
rmace,uti,LocalizedName,0,177,Reforged Mace,
rmagicaxe,uti,DescIdentified,0,-1,This reforged weapon has been crafted from old magic blades to create a powerful magic item.,
rmagicaxe,uti,LocalizedName,0,-1,Reforged Magic Axe,
rmorningstar,uti,DescIdentified,0,-1,This reforged weapon has been crafted from old magic blades to create a powerful magic item.,
rmorningstar,uti,LocalizedName,0,1541,Reforged Morningstar,
robesofmight,uti,DescIdentified,0,-1,"Robes of Might absorb a little of each blow, eventually storing enough force that it can be released by the wearer in a blast of air. If all the force is expelled from the robes, they will become useless, and crumble to dust.",
robesofmight,uti,Description,0,-1,"A set of robes, padded around the chest and waist.",
robesofmight,uti,LocalizedName,0,-1,Robes of Might,
robesofretalia,uti,DescIdentified,0,-1,"Robes of Retaliation absorb a little of each blow, eventually storing enough force that it can be released by the wearer in a blast of magic. If all the force is expelled from the robes, they will become useless, and crumble to dust.",
robesofretalia,uti,Description,0,-1,"A set of robes, padded around the waist and chest areas, with fine embroidery on the sleeves.",
robesofretalia,uti,LocalizedName,0,-1,Robes of Retaliation,
robesofthemoon,uti,DescIdentified,0,-1,"This set of very fine, embroidered robes of ermine, velvet and satin is imbued with powerful magic attuned to arcane spellcasters. It is not known how the robes got their name.",
robesofthemoon,uti,Description,0,-1,"A set of very fine, embroidered robes of ermine, velvet and satin.",
robesofthemoon,uti,LocalizedName,0,-1,Robes of the Moon,
robesofthepuremi,uti,DescIdentified,0,-1,These robes were the property of the most devout monks of some old cult devoted to law.,
robesofthepuremi,uti,Description,0,-1,A set of what look like religious robes.,
robesofthepuremi,uti,LocalizedName,0,-1,Robes of the Pure Minded,
rodofice,uti,DescIdentified,0,-1,These rods are crafted to hold repertoires of ice based spells.,
rodofice,uti,Description,0,-1,A white rod.,
rodofice,uti,LocalizedName,0,-1,Rod of Ice,
rodofresurrect,uti,LocalizedName,0,14166,Rod of Resurrection,
rodofterror,uti,LocalizedName,0,14168,Rod of Terror,
rope,uti,DescIdentified,0,58562,"A length of rope with a rudimentary grapple on one end.

<c ÿÿ>Note: The option to use a rope is given automatically when you approach an area where it is possible to use one - a cliff edge, hole, shaft, etc...but ONLY if you (or a henchman) possess a rope in your inventory.<cÿÿÿ>",
rope,uti,LocalizedName,0,13490,Rope,
royalbandedmai,uti,DescIdentified,0,-1,"This banded armour bears no marks of a specific maker, though it is a fine piece of craftsmanship. The dye used suggests a royal owner, sometime in it's history. Not only is the wearer protected, but also actually healed over time.",
royalbandedmai,uti,LocalizedName,0,12843,Royal Banded Mail,
rquarterstaff,uti,DescIdentified,0,-1,This reforged weapon has been crafted from old magic blades to create a powerful magic item.,
rquarterstaff,uti,LocalizedName,0,1544,Reforged Quarterstaff,
rrapier,uti,DescIdentified,0,-1,This reforged weapon has been crafted from old magic blades to create a powerful magic item.,
rrapier,uti,LocalizedName,0,1545,Reforged Rapier,
rscimitar,uti,DescIdentified,0,-1,This reforged weapon has been crafted from old magic blades to create a powerful magic item.,
rscimitar,uti,LocalizedName,0,1547,Reforged Scimitar,
rscythe,uti,DescIdentified,0,-1,This reforged weapon has been crafted from old magic blades to create a powerful magic item.,
rscythe,uti,LocalizedName,0,1549,Reforged Scythe,
rshortsword,uti,DescIdentified,0,-1,This reforged weapon has been crafted from old magic blades to create a powerful magic item.,
rshortsword,uti,LocalizedName,0,106,Reforged Short Sword,
rsickle,uti,DescIdentified,0,-1,This reforged weapon has been crafted from old magic blades to create a powerful magic item.,
rsickle,uti,LocalizedName,0,1554,Reforged Sickle,
rspear,uti,DescIdentified,0,-1,This reforged weapon has been crafted from old magic blades to create a powerful magic item.,
rspear,uti,LocalizedName,0,1552,Reforged Spear,
rtwoblade,uti,DescIdentified,0,-1,This reforged weapon has been crafted from old magic blades to create a powerful magic item.,
rtwoblade,uti,LocalizedName,0,172,Reforged Two-Bladed Sword,
rubygolemprope,uti,LocalizedName,0,13152,Ruby Golem Properties,
rubyshield,uti,LocalizedName,0,1551,Ruby Shield,
rubywarhammer,uti,LocalizedName,0,178,Ruby Warhammer,
runebracer,uti,DescIdentified,0,-1,"An armlet with inscriptions around the bands, and a single rune clearly inscribed. It has minor protective enchantments upon it.",
runebracer,uti,Description,0,-1,"An armlet with inscriptions around the bands, and a single rune clearly inscribed.",
runebracer,uti,LocalizedName,0,-1,Rune Bracer,
rwarhammer,uti,DescIdentified,0,-1,This reforged weapon has been crafted from old magic blades to create a powerful magic item.,
rwarhammer,uti,LocalizedName,0,178,Reforged Warhammer,
sailorsclothes,uti,LocalizedName,0,12930,Sailor's Clothes,
saintlyhelm,uti,DescIdentified,0,-1,This fine looking helmet has an enchantment upon it protecting the wearer from evil.,
saintlyhelm,uti,Description,0,-1,An unusual helmet.,
saintlyhelm,uti,LocalizedName,0,-1,Saintly Helm,
salvatoriscoat,uti,DescIdentified,0,-1,A fine set of garments complete with overcoat.,
salvatoriscoat,uti,LocalizedName,0,12835,Valetto's Coat,
scalemail1,uti,LocalizedName,0,12837,Scale Mail,
scalemailv,uti,DescIdentified,0,-1,"This scale mail jerkin has no maker's mark, but is imbued with a minor enchantment.",
scalemailv,uti,LocalizedName,0,12837,Fine Scale Mail,
scimitarofspeed,uti,DescIdentified,0,-1,"This strange, unmarked weapon feels remarkably light in the hand...",
scimitarofspeed,uti,Description,0,-1,A heavy bladed scimitar.,
scimitarofspeed,uti,LocalizedName,0,-1,Scimitar of Speed,
scribingarrows,uti,DescIdentified,0,-1,"So called because they 'enscribe' the flesh of the target, these mild magical arrows secrete acid from their tips.",
scribingarrows,uti,Description,0,-1,"So called because they 'enscribe' the flesh of the target, these mild magical arrows secrete acid from their tips.",
scribingarrows,uti,LocalizedName,0,-1,Scribing Arrows,
sentientamulet,uti,DescIdentified,0,67520,"This amulet carries a small, enamel face. It is not ordinary amulet; the face can see and hear, warning the wearer of hidden dangers with whispered words.",
sentientamulet,uti,Description,0,-1,"Carved with an enamel face, this amulet is clearly magical, although you have no idea of its powers.",
sentientamulet,uti,LocalizedName,0,67521,Sentient Amulet,
shard1,uti,DescIdentified,0,58570,"Your father always kept these pieces of his sword safe after the war. The blade itself was broken by the same stroke of the Devil Dragon's tail that wrecked your father's arm. Your father always claimed the weapon was magical, and intended to one day reforge it.",
shard1,uti,LocalizedName,0,13498,Shards of a Magic Blade,
shard2,uti,DescIdentified,0,-1,"All that is left of the fine sword that was once posessed by the poltergeist of Polter's Fort. After you sprinkled it with Holy Water, the weapon was destroyed, leaving only a few fragments.",
shard2,uti,LocalizedName,0,-1,Shards of Broken Blade,
shard3,uti,DescIdentified,0,58570,"Clearly this magical spearhead was once attached to a haft, but whatever became of it is not known to you. Though this spearhead must have lain in the barrow where you found it for ages, it remains untouched by time, and gleams coolly with its own light.",
shard3,uti,LocalizedName,0,13498,Magic Spearhead,
shard4,uti,DescIdentified,0,58570,"It is not clear whether this was the blade of a polearm or axe, but what is clear is that it is magical, emitting a very faint hum. To be of any use it would need to be reforged, though whether it would retain any magic is another question.",
shard4,uti,LocalizedName,0,13498,Broken Blade,
shieldofthetower,uti,DescIdentified,0,-1,"This shield is enscribed with an old Cormyrian heraldric symbol, as evidenced by the Purple Dragon. The device isn't just symbolic though: from the dragon stems the power to breath dragon breath once per day, and from the towers, the strength to resist blows.",
shieldofthetower,uti,Description,0,-1,A shield enscribed with an old Cormyrian heraldric symbol.,
shieldofthetower,uti,LocalizedName,0,-1,Shield of the Tower,
shockingwand,uti,DescIdentified,0,-1,This wand can fire highly charged balls of energy.,
shockingwand,uti,LocalizedName,0,-1,Shocking Wand,
shockrobe,uti,DescIdentified,0,-1,"These robes bestow upon the wearer the ability to resist shock, either electrical or sound, as well as some minor spellcasting.",
shockrobe,uti,Description,0,-1,A fine set of garments.,
shockrobe,uti,LocalizedName,0,-1,Shock Robe,
shockstone,uti,DescIdentified,0,-1,"These strange stones are magic and can be rubbed along a weapon to enhance it's properties. They are particularly coveted by those with crafting skills.

<c ÿÿ>Use: Cast on yourself. The item in your right hand will receive the effect. This item does not work on ranged weapons.<cÿÿÿ>",
shockstone,uti,Description,0,-1,A stone that throbs in the hand.,
shockstone,uti,LocalizedName,0,-1,Shock Stone,
sholywater,uti,DescIdentified,0,62351,A specially prepared vial of Holy Water that is supposed to be used to exorcise poltergeists. It can only be used by sprinkling it on the poltergeist. The difficult part is subduing the poltergeist first.,
sholywater,uti,LocalizedName,0,62349,Specially Prepared Holy Water,
shriekstone,uti,DescIdentified,0,-1,"These strange stones are magic and can be rubbed along a weapon to enhance it's properties. They are particularly coveted by those with crafting skills.

<c ÿÿ>Use: Cast on yourself. The item in your right hand will receive the effect. This item does not work on ranged weapons.<cÿÿÿ>",
shriekstone,uti,Description,0,-1,A stone that throbs in the hand.,
shriekstone,uti,LocalizedName,0,-1,Shriek Stone,
silvanusleathe,uti,DescIdentified,0,-1,"This leather armor is made from the tanned hides of unknown animals and dedicated to Silvanus. It bestows the resistance of a great Oak upon the wearer, and if that wearer worships Silvanus, the powers grow further when the armor is donned.
",
silvanusleathe,uti,Description,0,-1,Leather armour made from the tanned hides of unknown animals.,
silvanusleathe,uti,LocalizedName,0,-1,Silvanus' Leather,
silverarrows,uti,DescIdentified,0,-1,"Silver tipped arrows. Expensive, but useful against werebeasts.",
silverarrows,uti,Description,0,-1,"Silver tipped arrows. Expensive, but useful against werebeasts.",
silverarrows,uti,LocalizedName,0,-1,Silver Arrows,
silverchalice,uti,DescIdentified,0,-1,"This is a small, silver chalice with a leaf motif. Of unknown origin, it fills with a clear liquid each day. When drunk, this liquid has minor healing powers.",
silverchalice,uti,Description,0,-1,"A small, silver chalice with a leaf motif.",
silverchalice,uti,LocalizedName,0,13665,Silver Chalice,
silverknife,uti,DescIdentified,0,-1,A finely crafted dagger with a hardened alloy blade made with silver and cold iron.,
silverknife,uti,Description,0,-1,A strange looking dagger with a silver tipped blade.,
silverknife,uti,LocalizedName,0,-1,Silver Knife,
silvermirror,uti,DescIdentified,0,-1,"This mirror does not reflect, but instead shows a perfect silver sheen.",
silvermirror,uti,LocalizedName,0,-1,Silver Mirror,
silvertradebar,uti,DescIdentified,0,48895,This is a large denomination Silver Trade Bar. Trade Bars are often used in Cormyr and other countries by merchants who are not carrying Cormyrean currency.,
silvertradebar,uti,LocalizedName,0,48893,Silver Trade Bar,
skillstone,uti,DescIdentified,0,-1,"Relics of an ancient time, these stones can be used to place virtues on an item. The results can be unpredictable, even detrimental at times, although are more reliable in the hands of those that can craft.

<c ÿÿ>Use: Cast on the item you wish to receive the effect.<cÿÿÿ>",
skillstone,uti,Description,0,-1,A stone that throbs in the hand.,
skillstone,uti,LocalizedName,0,-1,Skill Stone,
slam2d6dispel,uti,LocalizedName,0,13224,Slam2d6 Dispel,
slicer,uti,DescIdentified,0,-1,"Slicer is very fine sickle with a golden blade and an ebony handle. The blade itself is not gold, but made from some magical alloy that carries a very keen edge - so keen that it is reputed to cause wounds that go beyond the Material Plane, so that preventing the bleeding caused by this weapon is incredibly difficult.",
slicer,uti,Description,0,-1,A very fine sickle with a golden blade and an ebony handle.,
slicer,uti,LocalizedName,0,-1,Slicer,
sliver,uti,DescIdentified,0,-1,"This thin spear has an incredibly sharp tip, and the shaft appears to be made from ebony. The magic that resides in the weapon allows the spear to cut through armour like butter, letting the cold freeze the victim's veins.
",
sliver,uti,Description,0,-1,A thin spear with an incredibly sharp tip. The shaft appears to be made from ebony.,
sliver,uti,LocalizedName,0,-1,Sliver,
smithsclothes,uti,LocalizedName,0,12835,Smith's Clothes,
smithsgloves,uti,DescIdentified,0,-1,"A pair of gloves such as these were reputedly used once by a great smith, who had enhanced them to use in a smithing competition. He had hoped that by enchanting a pair of plain gloves he would escape detection from the judges. Whether he succeeded or not is not recorded, but the idea was soon copied.",
smithsgloves,uti,Description,0,-1,A pair of brown leather gloves.,
smithsgloves,uti,LocalizedName,0,-1,Smith's Gloves,
snakeproperti001,uti,LocalizedName,0,-1,Hybrid Snake Properties,
snakeproperties,uti,LocalizedName,0,-1,Snake Properties,
snakeskincloak,uti,DescIdentified,0,66552,"Made from the skin of a specific species of snake, this cloak is easily adapted for magic. Often the magic takes the form of the snakes it comes from.",
snakeskincloak,uti,Description,0,-1,A long cloak made from the skin of some reptile.,
snakeskincloak,uti,LocalizedName,0,66551,Snakeskin Cloak,
snakestaff,uti,DescIdentified,0,-1,"This staff is made of a dark wood, then bound with iron, and topped with heavy lead ends. Within resides an ancient magic, binding a cobra to the staff. When the staff strikes its opponent, the cobra's head shoots from the tip and attempts to bite. Once per day, the cobra can be released from the staff, though it is not intelligent and will only attack foes that it sees.",
snakestaff,uti,Description,0,-1,"A staff made of a dark wood, then bound with iron, and topped with heavy lead ends.",
snakestaff,uti,LocalizedName,0,-1,Snakestaff,
softleatherboo,uti,DescIdentified,0,-1,"A pair of very fine leather boots. They are not magical, but they are excellent workmanship.",
softleatherboo,uti,LocalizedName,0,-1,Soft Leather Boots,
spellbook1,uti,DescIdentified,0,-1,A book of assorted scrolls and spells.,
spellbook1,uti,LocalizedName,0,13027,Spell Book,
spellbook2,uti,DescIdentified,0,-1,A book of assorted scrolls and spells.,
spellbook2,uti,LocalizedName,0,13027,Spell Book,
spellbook3,uti,DescIdentified,0,-1,A book of assorted scrolls and spells.,
spellbook3,uti,LocalizedName,0,13027,Spell Book,
spellbook4,uti,DescIdentified,0,-1,A book of assorted scrolls and spells.,
spellbook4,uti,LocalizedName,0,13027,Spell Book,
spellbook5,uti,DescIdentified,0,-1,A book of assorted scrolls and spells.,
spellbook5,uti,LocalizedName,0,13027,Journeyman's Spell Book,
spellmantle,uti,DescIdentified,0,66552,"This heavy, velvet cloak with ermine speckles sewn across it is worn over normal clothing or armor. It offers no additional protection except a little warmth, but on a word of command it can be transformed into a magical shield against spells. ",
spellmantle,uti,Description,0,-1,"A heavy, velvet cloak with ermine speckles sewn across it.",
spellmantle,uti,LocalizedName,0,66551,Spell Mantle,
spellprotector,uti,DescIdentified,0,67520,These protective amulets are often commissioned by those of wealth to protect themselves from the deprivations of unscrupulous wizards.,
spellprotector,uti,Description,0,-1,"This amulet is clearly magical, although you have no idea of its powers.",
spellprotector,uti,LocalizedName,0,67521,Spell Protector,
spiderfigurine,uti,DescIdentified,0,-1,This Figurine of Wonderous Power can be used to summon a giant spider 3 times.,
spiderfigurine,uti,Description,0,-1,A figurine of a spider.,
spiderfigurine,uti,LocalizedName,0,-1,Spider Figurine,
spiritualshield,uti,DescIdentified,0,-1,"These deceptively plain shields offer no additional protection to the bearer, unless a special command word is spoken, whereupon lights dance around the bearer. For a short duration of a few minutes, the defenses of the bearer are greatly enhanced, especially against spells and mind based attacks.",
spiritualshield,uti,Description,0,-1,A plain wooden shield with a large metal boss in the center.,
spiritualshield,uti,LocalizedName,0,-1,Spiritual Shield,
splintmail2,uti,LocalizedName,0,12838,Splint Mail,
splintmailv,uti,DescIdentified,0,-1,"Piecemeal or complete armors of this type offer protection that is equal to banded or splint mail. This one has an enchantment on it, though no maker's mark.",
splintmailv,uti,LocalizedName,0,12843,Fine Splint Mail,
staffofpower,uti,LocalizedName,0,14182,Staff of Power,
stalwartring,uti,DescIdentified,0,-1,"This simple silver band is set with two garnets, but its true value lies in the protective spells upon it. Designed for commanders before battle, its powers will benefit anyone whose courage is in danger of wavering.",
stalwartring,uti,Description,0,-1,"This simple silver band is set with two garnets, and should fetch a good price at market.",
stalwartring,uti,LocalizedName,0,-1,Stalwart Ring,
starfire,uti,DescIdentified,0,-1,Starfire generates a static charge when striking something. Eventually the charge builds up so much it can be released in a burst of energy. Note that completely draining Starfire will destroy it.,
starfire,uti,Description,0,-1,Even passing close to this weapon makes the hairs stand up on your skin.,
starfire,uti,LocalizedName,0,-1,Starfire,
studdedblade,uti,DescIdentified,0,-1,"So named because of the stud-like buttons on the hilt, this sword is an unusual magic weapon. Slightly magical in its own right, the sword's buttons have additional powers. It's not certain whether the sword is part mechanical or purely magic driven.",
studdedblade,uti,Description,0,-1,This sword has a number of button-like studs on the hilt. Surely it's magical?,
studdedblade,uti,LocalizedName,0,-1,Studded Blade,
studdedleather1,uti,LocalizedName,0,12835,Studded Leather,
studdedleatherv,uti,DescIdentified,0,-1,"This studded leather jerkin has a very mild magic in it, though no maker's mark.",
studdedleatherv,uti,LocalizedName,0,12835,Fine Studded Leather,
sunblade,uti,DescIdentified,0,-1,"This sword is the size of a bastard sword, but has the handling of a short sword. Its keen blade is particularly dangerous to those of evil alignment or the Undead.",
sunblade,uti,LocalizedName,0,-1,Sun Blade,
superiorlongswo,uti,DescIdentified,0,-1,A superior version of the standard longsword crafted from sprung steel and often commissioned by officers of the Purple Dragons or by minor nobility.,
superiorlongswo,uti,LocalizedName,0,166,Superior Longsword,
superiormace,uti,DescIdentified,0,-1,"This mace has a small, hollow depression in the head, When the mace head strikes with a full blow, the head reverberates, sometimes stunning the victim. It is not known whether the properties of these maces are magical or not.",
superiormace,uti,LocalizedName,0,-1,Superior Mace,
supremeringof,uti,DescIdentified,0,13454,Supreme Rings of Protection are among some of the most powerful protective jewelry that a person is likely to come across in their lifetime.,
supremeringof,uti,Description,0,-1,"A simple band of gold, with a single precious stone held in place solitaire style.",
supremeringof,uti,LocalizedName,0,13453,Supreme Ring of Protection,
swordoflight,uti,DescIdentified,0,-1,"These weapons are crafted for the hands of the good in spirit. Crafted to destroy evil, they have earned the name Swords of Light.",
swordoflight,uti,Description,0,-1,"A finely wrought, two-handed sword, with an ivory laquered grip and steel pommel.",
swordoflight,uti,LocalizedName,0,-1,Sword of Light,
symbolofnature,uti,DescIdentified,0,62369,"This small religious symbol is from an unknown deity. As ancient as the woods themselves, it hides within the power to call lightning down from above.",
symbolofnature,uti,Description,0,62368,A small symbol on a chain.,
symbolofnature,uti,LocalizedName,0,62367,Symbol of Nature,
szassmorgsmac,uti,LocalizedName,0,177,Szass Morg's Mace,
thebrute,uti,DescIdentified,0,-1,"There is nothing subtle about these weapons. Their blades are slightly blunted, and the massive weight behind the axe head makes them more like an enormous hammer than an axe.",
thebrute,uti,Description,0,-1,"A large, heavy greataxe. The blades are blunt.",
thebrute,uti,LocalizedName,0,-1,The Brute,
thebutcher,uti,DescIdentified,0,-1,"Sometimes it's best to sacrifice subtlety for brute force. The Butcher is a weapon for those who love the direct approach. Though heavy and hard to wield, it deals massive damage.",
thebutcher,uti,Description,0,-1,A heavy bladed scimitar.,
thebutcher,uti,LocalizedName,0,-1,The Butcher,
thejoustingman,uti,DescIdentified,0,-1,"Jousting is an ancient tradition in Cormyr and many other lands. In times of peace, it has always been difficult for aspiring knights and lords to find a way to prove their prowess to their peers or their king. Jousting became a method for one knight to prove his superiority over another. Soon such contests became more formal, and even the right to hold a tournament itself became a source of influence. Jousting is now a very popular way to gain fame, influence or even power. 

The aim in a joust is to unseat your opponent from his or her horse, by means of a specially designed jousting lance. These lances are specially designed to break on impact in order to lessen the chance of injuries, but a perfect blow is still more likely to unseat an opponent than leave them in the saddle.

Arcane language has sprung up around jousting, and it is now commonplace to refer to strikes by the area of the shield they aim for:

Pale: the central line running vertically down the shield
Fess: The central line running horizontally across the shield
Chief: The top third of the shield
Base: The bottom third of the shield
Sinister: The left side of the shield
Dexter: The right side of the shield

Scoring
Jousting matches are split into bouts, or 'tilts'. In each bout the two opponents ride at each other. The scoring for a bout is as follows:

Opponent unseated - 3 points
Opponent's helm struck - 2 points
Competitor's own lance breaks - 1 point

When either competitor has reached 3 points, they have won the match. In the case of a tie, the bouts continue until one or other jouster has more points. Typically points are denoted using flags. Most tournament masters use only three flags for each competitor. A fourth flag is only used to denote a winner in the case of a tie-break situation.

Aggressive Strikes
The aggressive strikes in jousting are considered to be Pale Chief, Pale Fess and Helm. Typically these blows are more likely to score points, though the downside of using these strikes is that they limit the knight's seating, in turn making them more vulnerable.

Defensive Strikes
All other strikes are considered defensive. They are still capable of yielding points, and they have an added advantage that the knight who uses them can also change his posture more freely.

Posture
There are several postures a knight can use when jousting. Some blows require careful aiming, and as such the knight cannot lean to one side or the other, nor lower his head. More defensive strikes make it easier to lean to one side, or to duck the head and reduce the target area. Sinister Fess is the only strike that gives total freedom of posture.

Glancing Blows
Not all blows score points, but even so jousting is a difficult and tough sport, and even a glancing blow may unsettle an opponent. Knights that are struck in such a way often become shaken and unable to adjust their posture properly. Those that are struck by a second such blow become stunned and are unable to adjust their posture at all. Even a further glancing blow will unseat a knight in such a situation.

Infamy & Injury
Jousting is a noble sport, conducted by knights. Though the sport is dangerous, it is not considered acceptable behaviour to attempt to injure your opponent; injuries are common enough. Even so, there are those that do use any means to win tourneys, and it is well known for example that Pale Chief is a strike that is more likely to injure the opponent. Knights that consistently injure their opponents soon gain an unchivalrous reputation. Most tournaments now have clerics on hand to heal injuries, so that such tactics do not benefit unscrupulous knights. It is said that the jeers of the crowd have unsettled some unscrupulous  knights, making them more susceptible to glancing blows.",
thejoustingman,uti,Description,0,-1,"Jousting is an ancient tradition in Cormyr and many other lands. In times of peace, it has always been difficult for aspiring knights and lords to find a way to prove their prowess to their peers or their king. Jousting became a method for one knight to prove his superiority over another. Soon such contests became more formal, and even the right to hold a tournament itself became a source of influence. Jousting is now a very popular way to gain fame, influence or even power. 

The aim in a joust is to unseat your opponent from his or her horse, by means of a specially designed jousting lance. These lances are specially designed to break on impact in order to lessen the chance of injuries, but a perfect blow is still more likely to unseat an opponent than leave them in the saddle.

Arcane language has sprung up around jousting, and it is now commonplace to refer to strikes by the area of the shield they aim for:

Pale: the central line running vertically down the shield
Fess: The central line running horizontally across the shield
Chief: The top third of the shield
Base: The bottom third of the shield
Sinister: The left side of the shield
Dexter: The right side of the shield

Scoring
Jousting matches are split into bouts, or 'tilts'. In each bout the two opponents ride at each other. The scoring for a bout is as follows:

Opponent unseated - 3 points
Opponent's helm struck - 2 points
Competitor's own lance breaks - 1 point

When either competitor has reached 3 points, they have won the match. In the case of a tie, the bouts continue until one or other jouster has more points. Typically points are denoted using flags. Most tournament masters use only three flags for each competitor. A fourth flag is only used to denote a winner in the case of a tie-break situation.

Aggressive Strikes
The aggressive strikes in jousting are considered to be Pale Chief, Pale Fess and Helm. Typically these blows are more likely to score points, though the downside of using these strikes is that they limit the knight's seating, in turn making them more vulnerable.

Defensive Strikes
All other strikes are considered defensive. They are still capable of yielding points, and they have an added advantage that the knight who uses them can also change his posture more freely.

Posture
There are several postures a knight can use when jousting. Some blows require careful aiming, and as such the knight cannot lean to one side or the other, nor lower his head. More defensive strikes make it easier to lean to one side, or to duck the head and reduce the target area. Sinister Fess is the only strike that gives total freedom of posture.

Glancing Blows
Not all blows score points, but even so jousting is a difficult and tough sport, and even a glancing blow may unsettle an opponent. Knights that are struck in such a way often become shaken and unable to adjust their posture properly. Those that are struck by a second such blow become stunned and are unable to adjust their posture at all. Even a further glancing blow will unseat a knight in such a situation.

Infamy & Injury
Jousting is a noble sport, conducted by knights. Though the sport is dangerous, it is not considered acceptable behaviour to attempt to injure your opponent; injuries are common enough. Even so, there are those that do use any means to win tourneys, and it is well known for example that Pale Chief is a strike that is more likely to injure the opponent. Knights that consistently injure their opponents soon gain an unchivalrous reputation. Most tournaments now have clerics on hand to heal injuries, so that such tactics do not benefit unscrupulous knights. It is said that the jeers of the crowd have unsettled some unscrupulous  knights, making them more susceptible to glancing blows.
",
thejoustingman,uti,LocalizedName,0,-1,The Jousting Manual,
therighteousbl,uti,DescIdentified,0,-1,"The Righteous Black is the rather strange name given to this high quality plate mail. Though designed specifically for blackguards, anyone can make use of it. It is rumored that other Righteous armors were made in the set.",
therighteousbl,uti,LocalizedName,0,12838,The Righteous Black,
therighteouswh,uti,DescIdentified,0,-1,"The Righteous White is the rather strange name given to this high quality plate mail. Though designed specifically for paladins, anyone can make use of it. It is rumored that other Righteous armors were made in the set.",
therighteouswh,uti,LocalizedName,0,12838,The Righteous White,
thewatcher,uti,DescIdentified,0,-1,"These bastard swords are blessed weapons of the church of Helm. Whilst laymen will certainly find this weapon useful, those who follow Helm will find it more so, unleashing additional hidden powers when they handle the blade.
",
thewatcher,uti,Description,0,-1,A very fine bastard sword engraved with an eye upon a gauntlet.,
thewatcher,uti,LocalizedName,0,-1,The Watcher,
thewitchring,uti,DescIdentified,0,-1,"Robbed of the link to the Witch Lord, this ring is still powerful in its own right, but the risks of wearing it while the Witch Lord still lives are very high. Through this ring, the Witch Lord can control even the strongest willed, making them behave in an evil and malevolent fashion, no matter what the wearer's natural inclination is. In addition, the souls of those slain by the ringbearer directly strengthen the Witch Lord himself.",
thewitchring,uti,LocalizedName,0,-1,The Witch Ring,
thievesboots,uti,DescIdentified,0,-1,"Thieves' boots, crafted for a Guild of Thieves. Even heavily stuffed, they will not fit on small feet.",
thievesboots,uti,Description,0,-1,"Simple boots, rather worn, and in no way special to look at.",
thievesboots,uti,LocalizedName,0,-1,Thieves' Boots,
thunderhead,uti,DescIdentified,0,-1,"This odd-looking poleaxe has a very large blade. Small flashes of electricity run across its surface, discharging in massive shocks when the blade strikes something. Prolonged use of this weapon makes the wielder resistant to shocks.",
thunderhead,uti,Description,0,-1,A strange poleaxe with a very large blade.,
thunderhead,uti,LocalizedName,0,-1,Thunderhead,
thunderstoneshi,uti,DescIdentified,0,-1,"This ancient shield once belonged to an Order of knights far in Thunderstone's past. The Order has long gone, but some of their magic still survives.",
thunderstoneshi,uti,Description,0,-1,"A shield enscribed with an old Cormyrian heraldric symbol, similar to Thunderstone's today.",
thunderstoneshi,uti,LocalizedName,0,-1,Thunderstone Shield,
tinderbox,uti,DescIdentified,0,58570,A tinderbox complete with flint and tinder.,
tinderbox,uti,LocalizedName,0,13498,Tinderbox,
toadstoolchunks,uti,DescIdentified,0,90539,These chunks of toadstool have strong healing properties.,
toadstoolchunks,uti,Description,0,-1,Chunks of toadstool.,
toadstoolchunks,uti,LocalizedName,0,90538,Toadstool Chunks,
townwatchmail,uti,DescIdentified,0,-1,A suit of mail belonging to the militia of Thunderstone.,
townwatchmail,uti,LocalizedName,0,-1,Town Watch Mail,
trappotion,uti,DescIdentified,0,13440,"Work of the Night Masks of Westgate, these potions make a thief's work simple.",
trappotion,uti,LocalizedName,0,13441,Potion of Trap Detection,
treasuremap,uti,DescIdentified,0,-1,"This treasure map shows the location of a swamp on the road to Thunderstone. A route is traced with a dotted line. From where the road crosses the bridge, follow the stream into the forest. This leads to the marsh. The marsh is well detailed: just to the north of a pool, a stone is marked. A note on the map reads: ""Treasure stored beneath this stone"".",
treasuremap,uti,LocalizedName,0,-1,Treasure Map,
tribalcharm,uti,DescIdentified,0,-1,A charm made of bronze and semi-precious stones that carries magical properties capable of lifting curses.,
tribalcharm,uti,Description,0,-1,A charm made of bronze and semi-precious stones.,
tribalcharm,uti,LocalizedName,0,-1,Tribal Charm,
tridentofpinni,uti,DescIdentified,0,-1,"This wide-pronged trident is tipped with a water-resistant, magic essence that runs through the blood of the victim, causing them to become groggy and slow.",
tridentofpinni,uti,Description,0,110846,This three-tined variation of a spear is a favored weapon of some undersea humanoids.,
tridentofpinni,uti,LocalizedName,0,67251,Trident of Pinning,
truesighthelm,uti,DescIdentified,0,-1,"These helmets have a thin, transparent material across the eyeslits, that help the wearer see. The aid is magical in nature though, and it takes a while to get used to the strange vision granted.",
truesighthelm,uti,Description,0,-1,A strange helmet.,
truesighthelm,uti,LocalizedName,0,-1,Truesight Helm,
truesilvercloak,uti,LocalizedName,0,-1,Truesilver Cloak,
truesilvermail,uti,DescIdentified,0,-1,A suit of mail with the Truesilver coat of arms.,
truesilvermail,uti,LocalizedName,0,-1,Truesilver Mail,
truesilvershiel,uti,DescIdentified,0,-1,A shield bearing the Truesilver Coat of Arms.,
truesilvershiel,uti,LocalizedName,0,-1,Truesilver Shield,
trumpet,uti,LocalizedName,0,-1,Trumpet,
twigmask,uti,DescIdentified,0,48895,"This odd mask is seemingly made from woven twigs and branches. When donned, the wearer seems to become less substantial, though keeping the mask in place seems to be unnecessary.",
twigmask,uti,Description,0,48894,This odd mask is seemingly made from woven twigs and branches. ,
twigmask,uti,LocalizedName,0,48893,Twig Mask,
unicornhorn,uti,DescIdentified,0,-1,"The horn of a unicorn. There are few that will buy such an item, but it is highly magical and prized in some spellmaking and crafting.",
unicornhorn,uti,LocalizedName,0,13665,Unicorn Horn,
vampirecoat,uti,DescIdentified,0,-1,"A reinforced leather jerkin with a dark leather cloak, finely made.",
vampirecoat,uti,LocalizedName,0,12835,Vampire Coat,
vampiricdarts,uti,DescIdentified,0,-1,"These magic darts drain the wounded of their life blood, feeding it to the person who threw them.",
vampiricdarts,uti,LocalizedName,0,-1,Vampiric Darts,
vialofdexterit,uti,DescIdentified,0,-1,"Containing only the smallest sip, this potion will increase the drinker's dexterity forever.",
vialofdexterit,uti,LocalizedName,0,-1,Vial of Dexterity,
vialofstrength,uti,DescIdentified,0,-1,"Containing only the smallest sip, this potion will increase the drinker's strength forever.",
vialofstrength,uti,LocalizedName,0,-1,Vial of Strength,
vialofwisdom,uti,DescIdentified,0,-1,"Containing only the smallest sip, this potion will increase the drinker's wisdom forever.",
vialofwisdom,uti,LocalizedName,0,-1,Vial of Wisdom,
wandererscloak,uti,DescIdentified,0,-1,"This tattered cloak is travel-stained and worn, but somehow it seems as if this was how the cloak was actually made. When donned, it is surprisingly warm, and a feeling of protection and well-being envelops the wearer.",
wandererscloak,uti,Description,0,-1,A tattered cloak.,
wandererscloak,uti,LocalizedName,0,-1,Wanderer's Cloak,
wandofdeath,uti,LocalizedName,0,-1,Wand of Death,
wandofdispelli,uti,DescIdentified,0,14203,"Of all the items sold to adventurers and militias, Wands of Arcane Disjunction cause the most dissent and argument among wizards and sorcerers. While the market cannot be denied, some find it disturbing that spellcasters sell the very thing that may mean the death of one of their kind. Sellers don't mind the debate. Controversy means an increase in demand.",
wandofdispelli,uti,LocalizedName,0,14204,Wand of Arcane Disjunction,
wandofflames,uti,LocalizedName,0,-1,Wand of Flames,
wandoflight,uti,DescIdentified,0,-1,These simple wands give light upon a magic command.,
wandoflight,uti,Description,0,-1,A simple wand.,
wandoflight,uti,LocalizedName,0,-1,Wand of Light,
wandoftheheav,uti,LocalizedName,0,14200,Wand of the Heavens,
wandoftrapdet,uti,LocalizedName,0,-1,Wand of Trap Detection,
warriorfigure,uti,DescIdentified,0,-1,This tiny figure of a warrior can be used to grant protection from fear on two occasions.,
warriorfigure,uti,LocalizedName,0,13665,Warrior Figure,
wbwln003,uti,LocalizedName,0,170,Longbow of endless ammo - NPC only,
wc_farmer_f,uti,LocalizedName,0,12923,Farmer Best Clothes Fem,
wc_farmer_m,uti,LocalizedName,0,12923,Farmer Best Clothes Male,
wc_fisher_f,uti,LocalizedName,0,12923,Fisher/sailor Best Clothes Fem,
wc_fisher_m,uti,LocalizedName,0,12923,Fisher/sailor Best Clothes Male,
wc_footsoldier_m,uti,LocalizedName,0,12923,FootSoldier Best Clothes Unisex,
wc_htc_butler,uti,LocalizedName,0,12904,Huntcrown Butler,
wc_htc_helm,uti,LocalizedName,0,84264,Huntcrown Helm,
wc_htc_helm002,uti,LocalizedName,0,84264,Huntsilver Helm,
wc_htc_lord,uti,LocalizedName,0,12904,Lord Huntcrown Chain,
wc_htc_soldier,uti,LocalizedName,0,12904,Huntcrown Soldier,
wc_hunter_m,uti,LocalizedName,0,12923,Hunter Best Clothes Unisex,
wc_hwk_cook,uti,LocalizedName,0,12925,Hawklin Cook,
wc_hwk_nobel_fem,uti,LocalizedName,0,12904,Hawklin Fem Noble Outfit,
wc_hwk_nobel_mal,uti,LocalizedName,0,12904,Hawklin Male Noble Outfit,
wc_hwk_servant,uti,LocalizedName,0,12925,Hawklin Servant,
wc_local_u,uti,LocalizedName,0,12923,Local Everyday Clothes,
wc_local_u2,uti,LocalizedName,0,12923,Local Everyday Clothes,
wc_lservant_f,uti,LocalizedName,0,12923,Lower level Servant Best Clothes fem,
wc_lservant_m,uti,LocalizedName,0,12923,Lower level Servant Best Clothes Male,
wc_servant_f,uti,LocalizedName,0,12923,Upper level Servant Best Clothes fem,
wc_servant_m,uti,LocalizedName,0,12923,Upper level Servant Best Clothes male ,
wcbook1,uti,DescIdentified,0,-1,"The founding of the Kingdom of Cormyr and the identity of the first King in Suzail is debated among scholars.  One minor school of thought considers a farmer known only as  ""Mondar"" the first leader of the settlement of Suzail, and, accordingly, the true ""first king"". 

A more popular theory among historians in the Royal Court holds that Ondeth Obarskyr was, in fact, the first king of Cormyr.  There is no dispute that Ondeth Obarskyr was, in his day, the true leader of his people; however, Ondeth did not style himself as a king. Indeed, Ondeth refused the title of king and any crown that was purported to be granted or affirmed by the elves. Ondeth is famed among his descendants for supposedly vowing loudly ""no title is preferable to one tainted by a false duty of fealty to any elven sovereign"". 

Whatever the case, the court historians generally agree that about 1,350 years ago in The Year of Opening Doors (26 DR)  Faerlthann Obarskyr, son of Ondeth met with the elven King Iliphar Nelnueve, Lord of the Scepters and his court near the ruined site of a famous goblin raid.  There, Iliphar gave to Faerlthann Obarskyr the circlet of Cormanthor from his own brow and the first knights of Cormyr knelt to swear fealty to House Obarskyr.",
wcbook1,uti,LocalizedName,0,-1,House Obarskyr - The Royal Lineage of Cormyr,
wcbook10,uti,DescIdentified,0,-1,"Legends tell of a White Stag that roams eastern Cormyr. This legend is a persistent one. It's older than the lifespan of a normal deer, so it is likely that if the White Stag exists, it is either magic, or a rare mutation of a more common species that occurs more regularly. The legend of the Stag's existence is strongest in Thunderstone, and from time to time there have been local competitions to hunt the Stag in Hullack Forest. A look at the sightings of the Stag point to a more likely place to find it being the shores of Lake Wyvernwater. No one has ever been up close to the Stag - it is reputed to be as swift as the wind, and since no hunter will ever risk a shot for fear of damaging it's hide, the White Stag lives on.",
wcbook10,uti,LocalizedName,0,-1,Legend of the White Stag,
wcbook11,uti,DescIdentified,0,-1,"From each of the Eight great Schools of Magic, the Thayans choose from among their order the greatest to act as Councillor. The progression of the Thayans, and the growing threat this sinister force from the East poses, is very much a consequence of those chosen to sit on their High Council over the years.

In their harsh tongue, the Councillor is a ""Zulkir"", an Arch Wizard. Their names and identities change over the centuries - but one does not change; the Necromancer endures and does not die. Mothers and Old Wives' whisper the name ""zulkir"" to frighten children to stay in bed and eat their suppers. In the East, the name of the Zulkir of Necromancy turns the bowels of even hardened soldiers to water: Szass Tam.",
wcbook11,uti,Description,0,-1,"From each of the Eight great Schools of Magic, the Thayans choose from among their order the greatest to act as Councillor. The progression of the Thayans, and the growing threat this sinister force from the East poses, is very much a consequence of those chosen to sit on their High Council over the years.

In their harsh tongue, the Councillor is a ""Zulkir"", an Arch Wizard. Their names and identities change over the centuries - but one does not change; the Necromancer endures and does not die. Mothers and Old Wives' whisper the name ""zulkir"" to frighten children to stay in bed and eat their suppers. In the East, the name of the Zulkir of Necromancy turns the bowels of even hardened soldiers to water: Szass Tam.",
wcbook11,uti,LocalizedName,0,-1,The Zulkirs of Thay,
wcbook2,uti,DescIdentified,0,-1,"This is a collection of notes, tattered remains of scrolls and a few faded wax rubbings, loosely collected under a pair of green copper cover plates. The patina has discoloured some of the contents. The papers seem random and unconnected, although many are in the ancient tongue of the Netherese.  A cursory reading of the papers reveals the reappearance of one name throughout: Ioulaum.

On one parchment in bold script is the following: ""The secret to the mythallar is apparent, though the means of its manufacture is wholly lost. Despite all efforts, the path to the knowledge is blocked. The gods themselves seem to be actively thwarting its rediscovery. But that which was once known cannot be unknown for all time.  Ioulaum discovered the secret, somewhere relatively early in his life's journey.  It follows that by tracing the paths of his life, one might gain the key insight to its rediscovery."" ",
wcbook2,uti,LocalizedName,0,-1,Ioulaum,
wcbook3,uti,DescIdentified,0,-1,"
A scholarly treatise on the undead.  The ancient manuscript is brittle and rarely illuminating.  One passage is marked and catches the reader's eye:

""It should be observed then that the manner of becoming undead is various: it may be bestowed as a curse by the gods; self-imposed by the spirit that will not depart from its  body such as with a ghost; inflicted upon the flesh by another of the undead, like the  ghoul or vampire, or the undead might be created by some priest or necromancer as a servant.  There are other means as well.

But for all the myriad of manners, gestations and creations of these undead, the lich stands apart, unique. Lichdom is the result of individual choice; never chance.  Lichdom cannot be forced upon anyone. Of such terrible power so as to defy even death itself, those few who achieve lichdom do so obsessed with their own self and a contempt for the natural order of life. A lich does not choose undeath over death; rather, it chooses unlife as its personal answer to oblivion.

It is fortunate that the sheer drive and singleness of purpose necessary to achieve lichdom necessarily precludes much more than a passing interest in the world itself. More fortunate still that the ego and sheer willpower of the lich prevents it from long serving or dealing with those few others of its kind. What hope for the world would there be if such paragons of arcane power could be persuaded to devote their unlives to the same cause - or choose to serve the same master?""",
wcbook3,uti,Description,0,-1,"A scholarly treatise on the undead.  The ancient manuscript is brittle and rarely illuminating.  One passage is marked and catches the reader's eye:

""It should be observed then that the manner of becoming undead is various: it may be bestowed as a curse by the gods; self-imposed by the spirit that will not depart from its  body such as with a ghost; inflicted upon the flesh by another of the undead, like the  ghoul or vampire, or the undead might be created by some priest or necromancer as a servant.  There are other means as well.

But for all the myriad of manners, gestations and creations of these undead, the lich stands apart, unique. Lichdom is the result of individual choice; never chance.  Lichdom cannot be forced upon anyone. Of such terrible power so as to defy even death itself, those few who achieve lichdom do so obsessed with their own self and a contempt for the natural order of life. A lich does not choose undeath over death; rather, it chooses unlife as its personal answer to oblivion.

It is fortunate that the sheer drive and singleness of purpose necessary to achieve lichdom necessarily precludes much more than a passing interest in the world itself. More fortunate still that the ego and sheer willpower of the lich prevents it from long serving or dealing with those few others of its kind. What hope for the world would there be if such paragons of arcane power could be persuaded to devote their unlives to the same cause - or choose to serve the same master?""",
wcbook3,uti,LocalizedName,0,-1,Taxis Necronomia,
wcbook4,uti,DescIdentified,0,-1,"This book by an anonymous author chronicles the role of subterfuge and assassination in the politics of Cormyr over the centuries. In particular, one secret organization of spies and assassins has continuously resurfaced and reappeared in Cormyrean politics - the fabled ""Fire Knives"".

The central tenet of the book details the author's theory that the legend of the Fire Knives is wholly false and deceptive.  

The original Fire Knives began well over four centuries ago, in the wake of Cormyr's destruction of the army of the Witch Lords in 900DR.  The book theorizes that the Fire Knives arose from the ashes of the routed army of the Witch Lords and was secretly lead by some of its human lieutenants who evaded capture.  The author believes that this original group of assassins murdered, poisoned and strangled many members of the Cormyrean nobility in revenge attacks throughout the 10th century before ultimately being rooted out and destroyed by the War Wizards.  

The author details how the presence of ""the Fire Knives"" skips generations in the centuries since their initial appearance, suggesting not a waxing and waning of one organization, but of the creation of many individual organizations over a course of years.  The Fire Knives is thus not one organization, but many groups who each simply chose for their identity ""the Fire Knives"" in order to add prestige and mystery to a new gang with a new agenda.   

Whatever the case, a recent entry in a different hand in pages tucked into the back of the book confirms that the last incarnation of the Fire Knives was shattered four years ago in 1369DR. Stripped of their lands, the remains of the noble Houses of Bleth and Cormaeril were exposed as the current organizers of the Fire Knives. The remnants of those two noble houses hastily fled Cormyr. The whereabouts of the Bleths and Cormaerils are unknown, but in the margin, the word ""Westgate"" is underlined, followed by three large question marks.",
wcbook4,uti,Description,0,-1,"This book by an anonymous author chronicles the role of subterfuge and assassination in the politics of Cormyr over the centuries. In particular, one secret organization of spies and assassins has continuously resurfaced and reappeared in Cormyrean politics - the fabled ""Fire Knives"".

The central tenet of the book details the author's theory that the legend of the Fire Knives is wholly false and deceptive.  

The original Fire Knives began well over four centuries ago, in the wake of Cormyr's destruction of the army of the Witch Lords in 900DR.  The book theorizes that the Fire Knives arose from the ashes of the routed army of the Witch Lords and was secretly lead by some of its human lieutenants who evaded capture.  The author believes that this original group of assassins murdered, poisoned and strangled many members of the Cormyrean nobility in revenge attacks throughout the 10th century before ultimately being rooted out and destroyed by the War Wizards.  

The author details how the presence of ""the Fire Knives"" skips generations in the centuries since their initial appearance, suggesting not a waxing and waning of one organization, but of the creation of many individual organizations over a course of years.  The Fire Knives is thus not one organization, but many groups who each simply chose for their identity ""the Fire Knives"" in order to add prestige and mystery to a new gang with a new agenda.   

Whatever the case, a recent entry in a different hand in pages tucked into the back of the book confirms that the last incarnation of the Fire Knives was shattered four years ago in 1369DR. Stripped of their lands, the remains of the noble Houses of Bleth and Cormaeril were exposed as the current organizers of the Fire Knives. The remnants of those two noble houses hastily fled Cormyr. The whereabouts of the Bleths and Cormaerils are unknown, but in the margin, the word ""Westgate"" is underlined, followed by three large question marks.
",
wcbook4,uti,LocalizedName,0,-1,The Fire Knives,
wcbook5,uti,DescIdentified,0,-1,"The Kingdom of Cormyr, sometimes known as the Wolf Woods, has transformed over the centuries as the abode of dragons, elves and now, humans.

While the elven influence is greatly diminished in present day Cormyr, the remains of the ancient elven kingdom of Cormanthor glitters here and there in its twilight, with ruins and legacies of elder days buried in dark vales and hidden amidst deep moss. 

Nowhere else in Cormyr is this more evident than the Hullack Forest. Once forming the eastern border of Cormyr, the depths of the forest contain not only the secrets of the old elves and their abandoned ruins, but aberrations and other strange ghostly creatures. The forest is wild and often dark. 

Scholars say that the wild creatures of the Hullack are descendants of creatures that the elves once used to stock the edges of the forest of old Cormanthor to dissuade human expansion. In those days the forest was far larger and extended south to the edges of the Vast Swamp.

Despite the efforts of a recent expansion program encouraged by the late King Azoun IV and the heavy labours of many brave settlers and loggers, the Hullack Forest defies pacification and resists attempts to cut it back. The ancient magic of the old growth forest runs deep and its secrets are not easily explored or tamed. Still, little by little, the forest has receded over the centuries and is now but a shadow of its former glory.",
wcbook5,uti,Description,0,-1,"The Kingdom of Cormyr, sometimes known as the Wolf Woods has transformed over over the centuries as the abode of dragons, elves and now, humans.

While the elven influence is greatly diminished in present day Cormyr, the remains of the ancient elven kingdom of Cormanthor glitters here and there in its twilight, with ruins and legacies of elder days buried in dark vales and hidden amidst deep moss. 

Nowhere else in Cormyr is this more evident than the Hullack Forest. Once forming the eastern border of Cormyr, the depths of the forest contain not only the secrets of the old elves and their abandoned ruins, but aberrations and other strange ghostly creatures. The forest is wild and often dark. 

Scholars say that the wild creatures of the Hullack are descendants of creatures that the elves once used to stock the edges of the forest of old Cormanthor to dissuade human expansion. In those days the forest was far larger and extended south to the edges of the Vast Swamp.

Despite the efforts of a recent expansion program encouraged by the late King Azoun IV and the heavy labours of many brave settlers and loggers, the Hullack Forest defies pacification and resists attempts to cut it back. The ancient magic of the old growth forest runs deep and its secrets are not easily explored or tamed. Still, little by little, the forest has receded over the centuries and is now but a shadow of its former glory.",
wcbook5,uti,LocalizedName,0,-1,The Hullack Forest,
wcbook6,uti,DescIdentified,0,-1,"Legend recalls that the Kingdom of Cormyr was in ancient days a heavily forested land inundated by dozens of great dragons of many colors.  Then, as now, the forests of Cormyr were characterized by rich game and served as prime hunting grounds for the great beasts of the Dragon Reach.

While the dragons of Cormyr were many and large, the ""Land of the Purple Dragon"" takes its name from the greatest of the dragons who dwelled in it, Thauglorimorgorus, also called ""Thauglor the Mighty"" and ""Thauglor the Black Doom"".

Thauglor was not a ""purple"" dragon at all, but rather a great black dragon who was so old that his scales had changed color from dark ebony to violet.  In the light, the great wyrm's scales were said to have sparkled a deep, rich purple.

Since those days of the epic battles between Thauglor the Mighty and the great elven king who defeated the dragon in a duel, the sages say the Land of the Purple Dragon has always belonged to Thauglor the Mighty.      
",
wcbook6,uti,Description,0,-1,"Legend recalls that the Kingdom of Cormyr was in ancient days a heavily forested land inundated by dozens of great dragons of many colors.  Then, as now, the forests of Cormyr were characterized by rich game and served as prime hunting grounds for the great beasts of the Dragon Reach.

While the dragons of Cormyr were many and large, the ""Land of the Purple Dragon"" takes its name from the greatest of the dragons who dwelled in it, Thauglorimorgorus, also called ""Thauglor the Mighty"" and ""Thauglor the Black Doom"".

Thauglor was not a ""purple"" dragon at all, but rather a great black dragon who was so old that his scales had changed color from dark ebony to violet.  In the light, the great wyrm's scales were said to have sparkled a deep, rich purple.

Since those days of the epic battles between Thauglor the Mighty and the great elven king who defeated the dragon in a duel, the sages say the Land of the Purple Dragon has always belonged to Thauglor the Mighty.      
",
wcbook6,uti,LocalizedName,0,-1,The Land of the Purple Dragon,
wcbook7,uti,DescIdentified,0,-1,"Just as important as House Obarskyr in the formation of the Royal Court of Cormyr is the position of Royal Magician. 

Unlike that role in many other kingdoms in the Realms, the responsibilities of the Royal Magicians of Cormyr have always been firmly grounded not merely in magical authority but as prime minister to the Crown.  The Royal Magicians' role as politicians and first ministers flowed out of their historical duties as ambassadors to the elven court.

The first of the Royal Magicians was Baerauble.  This human wizard was said to be of the blood of the ancient Netherese, who served Ondeth Obarskyr as advisor and his son Faerlthann as Royal Wizard and ambassador.  An elf-friend, Baerauble and his heirs have served the realm as advisors and court wizards for over a millennia. 

Baerauble's heirs were of mixed human-elf blood and most of them long outlived the Obarskyr kings they served.  It is generally acknowledged that the long lifespans of the Royal Magicians of Cormyr have greatly contributed to the stability and wise rule of the realm over the centuries, though at the cost of perpetuating a persistent conservative leaning within the Royal Court.",
wcbook7,uti,Description,0,-1,"Just as important as House Obarskyr in the formation of the Royal Court of Cormyr is the position of Royal Magician. 

Unlike that role in many other kingdoms in the Realms, the responsibilities of the Royal Magicians of Cormyr have always been firmly grounded not merely in magical authority but as prime minister to the Crown.  The Royal Magicians' role as politicians and first ministers flowed out of their historical duties as ambassadors to the elven court.

The first of the Royal Magicians was Baerauble.  This human wizard was said to be of the blood of the ancient Netherese, who served Ondeth Obarskyr as advisor and his son Faerlthann as Royal Wizard and ambassador.  An elf-friend, Baerauble and his heirs have served the realm as advisors and court wizards for over a millennia. 

Baerauble's heirs were of mixed human-elf blood and most of them long outlived the Obarskyr kings they served.  It is generally acknowledged that the long lifespans of the Royal Magicians of Cormyr have greatly contributed to the stability and wise rule of the realm over the centuries, though at the cost of perpetuating a persistent conservative leaning within the Royal Court.
",
wcbook7,uti,LocalizedName,0,-1,The Royal Magicians of Cormyr,
wcbook8,uti,DescIdentified,0,-1,"Lying to its eastern border and spreading out along the coastline of the Sea of Fallen Stars, Sembia has long been the rival of Cormyr.

A nation dominated by merchants and the rule of gold, Sembia and its merchants are not  content to restrain any trade or refrain from any sale whilst there is still gold remaining in the hands of a potential customer.

Lying to its eastern border and spreading out along the coastline of the Sea of Fallen Stars, Sembia has long been the rival of Cormyr.

A nation dominated by merchants and the rule of gold, Sembia and its merchants are not content to restrain any trade, or refrain from any sale whilst there is still gold remaining in the hands of a potential customer.

Over the years, the Sembian merchant class and the nobility of Cormyr have intermingled from time to time.  While the conservative nature of the Royal Court in Suzail looks down upon the Sembian merchants as lesser beings in the social hierarchy of the realm, there is no denying that the wealth of Sembia is far greater than that of Cormyr and that Sembian gold buys great influence and power. 

There is also no denying that the fortunes of the noble houses of Cormyr have changed much over the years as Sembian gold aids first one house and then another.  
Lying to its eastern border and spreading out along the coastline of the Sea of Fallen Stars, Sembia has long been the rival of Cormyr.

A nation dominated by merchants and the rule of gold, Sembia and its merchants are not content to restrain any trade, or refrain from any sale whilst there is still gold remaining in the hands of a potential customer.

Over the years, the Sembian merchant class and the nobility of Cormyr have intermingled from time to time.  While the conservative nature of the Royal Court in Suzail looks down upon the Sembian merchants as lesser beings in the social hierarchy of the realm, there is no denying that the wealth of Sembia is far greater than that of Cormyr and that Sembian gold buys great influence and power. 

There is also no denying that the fortunes of the noble houses of Cormyr have changed much over the years as Sembian gold aids first one house and then another.  ",
wcbook8,uti,Description,0,-1,"Lying to its eastern border and spreading out along the coastline of the Sea of Fallen Stars, Sembia has long been the rival of Cormyr.

A nation dominated by merchants and the rule of gold, Sembia and its merchants are not content to restrain any trade, or refrain from any sale whilst there is still gold remaining in the hands of a potential customer.

Over the years, the Sembian merchant class and the nobility of Cormyr have intermingled from time to time.  While the conservative nature of the Royal Court in Suzail looks down upon the Sembian merchants as lesser beings in the social hierarchy of the realm, there is no denying that the wealth of Sembia is far greater than that of Cormyr and that Sembian gold buys great influence and power. 

There is also no denying that the fortunes of the noble houses of Cormyr have changed much over the years as Sembian gold aids first one house and then another.",
wcbook8,uti,LocalizedName,0,-1,The Sea of Fallen Stars: Sembia,
wcbook9,uti,DescIdentified,0,-1,"There have been many threats to the Kingdom of Cormyr over the centuries, but no peril has ever been as great as that faced by King Galaghard III and High Wizard Thanderahast in the Year of the Thirsty Sword. 

In that year a great host of goblins, orcs, ogres, and human mercenaries had allied itself with a vast army of undead under the control of a powerful Order of Necromancers from the East, known as the Witch Lords. The Witch Lords' purpose was plain - they meant to conquer and enslave Cormyr.  Master tacticians as well as fell sorcerers, the Witch Lords' lieutenants flew on great shrieking bats, while the most powerful of the great necromancers commanded the battlefield astride large wyverns of the deep forest. Armored in fear as well as steel, the Witch Lords were said to inspire dread in any mortal who gazed upon them.
 
Despite the whole of the marshalled knights of the kingdom and the disciplined Purple Dragons, Cormyr nearly fell to the Witch Lords in a great battle between what was then the border between the Hullack Forest and the Vast Swamp.  But as the necromancers' army was set to sweep aside the left flank of the defenders and encircle the King's remaining knights, an elven army emerged out of the woods and onto the battlefield.

Taking the Witch Lords by surprise, the army of the elves shattered the orc lines. At a stroke, the mortal soldiers of the Witch Lords were broken and fled the field. With grim determination, the remaining undead host of the Witch Lords was put to the sword by the combined might of Cormyr and the elven King, Othorion Keove.  And so it was that the Kingdom of Cormyr was preserved.",
wcbook9,uti,Description,0,-1,"There have been many threats to the Kingdom of Cormyr over the centuries, but no peril has ever been as great as that faced by King Galaghard III and High Wizard Thanderahast in the Year of the Thirsty Sword. 

In that year a great host of goblins, orcs, ogres, and human mercenaries had allied itself with a vast army of undead under the control of a powerful Order of Necromancers from the East, known as the Witch Lords. The Witch Lords' purpose was plain - they meant to conquer and enslave Cormyr.  Master tacticians as well as fell sorcerers, the Witch Lords' lieutenants flew on great shrieking bats, while the most powerful of the great necromancers commanded the battlefield astride large wyverns of the deep forest. Armored in fear as well as steel, the Witch Lords were said to inspire dread in any mortal who gazed upon them.
 
Despite the whole of the marshalled knights of the kingdom and the disciplined Purple Dragons, Cormyr nearly fell to the Witch Lords in a great battle between what was then the border between the Hullack Forest and the Vast Swamp.  But as the necromancers' army was set to sweep aside the left flank of the defenders and encircle the King's remaining knights, an elven army emerged out of the woods and onto the battlefield.

Taking the Witch Lords by surprise, the army of the elves shattered the orc lines. At a stroke, the mortal soldiers of the Witch Lords were broken and fled the field. With grim determination, the remaining undead host of the Witch Lords was put to the sword by the combined might of Cormyr and the elven King, Othorion Keove.  And so it was that the Kingdom of Cormyr was preserved.",
wcbook9,uti,LocalizedName,0,-1,The Year of the Thirsty Sword - 900 DR,
wcjarmor1,uti,DescIdentified,0,-1,"Specifically designed for the joust, this heavy armor protects the wearer from the blows of the opponent's lance.",
wcjarmor1,uti,LocalizedName,0,-1,Jousting Armor,
wcjarmor2,uti,DescIdentified,0,-1,"Specifically designed for the joust, this heavy armor protects the wearer from the blows of the opponent's lance.",
wcjarmor2,uti,LocalizedName,0,-1,Jousting Armor,
wcjarmor3,uti,DescIdentified,0,-1,"Specifically designed for the joust, this heavy armor protects the wearer from the blows of the opponent's lance.",
wcjarmor3,uti,LocalizedName,0,-1,Jousting Armor,
wcjarmor4,uti,DescIdentified,0,-1,"Specifically designed for the joust, this heavy armor protects the wearer from the blows of the opponent's lance.",
wcjarmor4,uti,LocalizedName,0,-1,Jousting Armor,
wcjarmor57,uti,DescIdentified,0,-1,"Specifically designed for the joust, this heavy armor protects the wearer from the blows of the opponent's lance.",
wcjarmor57,uti,LocalizedName,0,-1,Joust Armor,
wcjarmor58,uti,DescIdentified,0,-1,"Specifically designed for the joust, this heavy armor protects the wearer from the blows of the opponent's lance.",
wcjarmor58,uti,LocalizedName,0,-1,Joust Armor,
wcjarmor59,uti,DescIdentified,0,-1,"Specifically designed for the joust, this heavy armor protects the wearer from the blows of the opponent's lance.",
wcjarmor59,uti,LocalizedName,0,-1,Joust Armor,
wcjarmor63,uti,DescIdentified,0,-1,"Specifically designed for the joust, this heavy armor protects the wearer from the blows of the opponent's lance.",
wcjarmor63,uti,LocalizedName,0,-1,Joust Armor,
wcjarmor64,uti,DescIdentified,0,-1,"Specifically designed for the joust, this heavy armor protects the wearer from the blows of the opponent's lance.",
wcjarmor64,uti,LocalizedName,0,-1,Joust Armor,
wcjarmor66,uti,DescIdentified,0,-1,"Specifically designed for the joust, this heavy armor protects the wearer from the blows of the opponent's lance.",
wcjarmor66,uti,LocalizedName,0,-1,Joust Armor,
wcjarmor67,uti,DescIdentified,0,-1,"Specifically designed for the joust, this heavy armor protects the wearer from the blows of the opponent's lance.",
wcjarmor67,uti,LocalizedName,0,-1,Joust Armor,
wcjhelmet57,uti,LocalizedName,0,-1,Joust Helmet,
wcjhelmet58,uti,LocalizedName,0,-1,Joust Helmet,
wcjhelmet59,uti,LocalizedName,0,-1,Joust Helmet,
wcjhelmet63,uti,LocalizedName,0,-1,Joust Helmet,
wcjhelmet64,uti,LocalizedName,0,-1,Joust Helmet,
wcjhelmet66,uti,LocalizedName,0,-1,Joust Helmet,
wcjhelmet67,uti,LocalizedName,0,-1,Joust Helmet,
wcjshield57,uti,LocalizedName,0,-1,Joust Shield,
wcjshield58,uti,LocalizedName,0,-1,Joust Shield,
wcjshield59,uti,LocalizedName,0,-1,Joust Shield,
wcjshield63,uti,LocalizedName,0,-1,Joust Shield,
wcjshield64,uti,LocalizedName,0,-1,Joust Shield,
wcjshield66,uti,LocalizedName,0,-1,Joust Shield,
wcjshield67,uti,LocalizedName,0,-1,Joust Shield,
whitemail,uti,DescIdentified,0,-1,"This suit of sprung-steel splint mail has been magically strengthened by a number of blessings. Varieties for Lathander, Helm, Tyr and Tempus are common across the land, but all of them are used to combat the Undead. Sometimes, followers of those deities will find the suit they pick up has additional powers, unlocked when they don the armor.",
whitemail,uti,Description,0,-1,This suit of splint mail has been made of a very light alloy. It's superior workmanship is obvious.,
whitemail,uti,LocalizedName,0,12838,Whitemail,
whitestagbad,uti,DescIdentified,0,48895,"The hide of the legendary White Stag. This is almost certainly worth a bit of money, though it has unfortunately been badly damaged.",
whitestagbad,uti,LocalizedName,0,48893,White Stag Hide,
whitestaghide,uti,LocalizedName,0,-1,White Stag Hide,
whitestagok,uti,DescIdentified,0,48895,The hide of the legendary White Stag. This is almost certainly worth a bit of money.,
whitestagok,uti,LocalizedName,0,48893,White Stag Hide,
will,uti,DescIdentified,0,-1,"""To whomever it may concern:

I have few wishes for me after my death: my belongings are to be split between my children. My old magic blade, now broken, I would also like kept by one of them and reforged if it is possible to do so.

My only wish for myself after my death is to be buried in the old family graveyard, which can be found in the town of Thunderstone in Cormyr. After my death I would like to return there, and maybe my old bones will watch over Sir Hawklin, who was a good master in life.

My children, if this Will rests in your hands, and I have fallen in battle, please, claim whatever remains of me for burial. I wish you well in your lives. May you continue to make me proud.""

<c ÿÿ>Note: You should pick this document up, but do not need to retain this document afterwards.<cÿÿÿ>",
will,uti,LocalizedName,0,-1,Will,
witnessdoc,uti,DescIdentified,0,48895,"Given to you by the Matron, this document promises to pay Londro Hardhelm a higher wage, though it requires the signature of Mander in the Alehouse in Morfen. It can be given to Londro if you choose.",
witnessdoc,uti,LocalizedName,0,48893,Witness Document,
wizardsboots,uti,DescIdentified,0,-1,"These old boots are more valuable than they appear. It is not certain who put the powers inherent in them on the boots in the first place, but it is certain that being subjected to low level magic has increased these powers over the years.",
wizardsboots,uti,Description,0,-1,"A pair of worn boots, with wierd sigils worked into the leather.",
wizardsboots,uti,LocalizedName,0,-1,Wizard's Boots,
wl1props,uti,LocalizedName,0,12937,Witch Lord  Properties(easy),
woodsmansoutfi,uti,DescIdentified,0,-1,"A fairly common style of outfit worn by men of the woods. The style of this one looks very familiar to you, since Jonas had one that was identical.",
woodsmansoutfi,uti,LocalizedName,0,-1,Woodsman's Outfit,
wyvernblood,uti,DescIdentified,0,-1,"Wyvern blood, used for making inks, and occasionally for tempering metals.",
wyvernblood,uti,LocalizedName,0,13665,Wyvern Blood,
wyverncrownhelm,uti,DescIdentified,0,-1,"The Wyvern Crown of Cormyr is fashioned from pure star metal hewn from the heart of a meteor which crashed into the Wyvernwater long ago. The Crown is studded with numerous jewels, including beljurils, black sapphires, emeralds, and rubies. Set in the center of the Crown is a flawless diamond the size of a human male's fist. When struck by a bright light, the Crown scintillates and sends forth reflective rays in all directions from its gem-tipped spikes.",
wyverncrownhelm,uti,LocalizedName,0,90531,The Wyvern Crown,
wyvernnecklace,uti,DescIdentified,0,67520,"This powerful amulet allows the wearer to summon a Great Wyvern to their aid.  The amulet does not create the wyvern, but teleports them to the wearer's side. As such, it is not a good idea to do this while underground, as wyverns are large creatures, and being immersed in rock is likely to kill them!",
wyvernnecklace,uti,LocalizedName,0,67521,Wyvern Necklace,
wyvernspurmail,uti,DescIdentified,0,-1,A suit of mail with the Wyvernspur coat of arms.,
wyvernspurmail,uti,LocalizedName,0,-1,Wyvernspur Mail,
wyvernspurshiel,uti,DescIdentified,0,-1,A shield bearing the Wyvernspur Coat of Arms.,
wyvernspurshiel,uti,LocalizedName,0,-1,Wyvernspur Shield,
wyverntail1,uti,LocalizedName,0,66580,Wyvern Tail,
wyverntail2,uti,LocalizedName,0,66580,Wyvern Tail,
