Resource,ResType,FieldPath,LangID,StrRef,TextEng,Text
alad_001,dlg,EntryList/0/Text,0,-1,"""...yesss...""",
alad_001,dlg,EntryList/1/Text,0,-1,"""...and Leftovers doesn't like the look of you...""",
alad_001,dlg,EntryList/2/Text,0,-1,"""...the name I had, was eaten... it slid down the throat of my lady... wet and salty... like an oyster... The name I bear is Aladara the Dreamer... a title both present and promise....""",
alad_001,dlg,EntryList/3/Text,0,-1,"""This is my work. I wrest the dregs and firmament from form... it is delivered... elevated... distilled... to the very stuff of dreams... My dark lady feeds from behind the veil of thought.... She will rip it asunder and tear this place from its mooring... and I shall dream and sup at her side forever...""
",
alad_001,dlg,EntryList/4/Text,0,-1,"""Nothing more than you did... to poor, poor Teddy. Now he dreams no more... Sad, I'll have to find another... And this?""",
alad_001,dlg,EntryList/5/Text,0,-1,"""...And who might you be to interrupt... my great work, hmmm? You who know too much? No matter... she sees you. And she sees me too...""",
alad_001,dlg,ReplyList/0/Text,0,-1,"""Well, that's all the nasty babble I can handle. This ends now!"" [Attack]",
alad_001,dlg,ReplyList/1/Text,0,-1,"""I... really don't like the look of that golem.""",
alad_001,dlg,ReplyList/2/Text,0,-1,"""Gross.""",
alad_001,dlg,ReplyList/3/Text,0,-1,"""Who... who are you?""",
alad_001,dlg,ReplyList/4/Text,0,-1,Next,
alad_001,dlg,ReplyList/5/Text,0,-1,"""What in the Nine Hells is going on here?""",
alad_001,dlg,ReplyList/6/Text,0,-1,Next,
alad_001,dlg,ReplyList/7/Text,0,-1,Next,
alad_001,dlg,ReplyList/8/Text,0,-1,Next,
bark_001,dlg,EntryList/0/Text,0,-1,"""Yeah?""",
bark_001,dlg,EntryList/1/Text,0,-1,"""All the drinks, none of the patrons.""",
bark_001,dlg,EntryList/2/Text,0,-1,"""Suit yourself.""",
bark_001,dlg,EntryList/3/Text,0,-1,"[Failure] 
Barkeep: ""Can't say I do. Now, you going to buy something?""",
bark_001,dlg,EntryList/4/Text,0,-1,"[Success]
 Barkeep: ""Not me, but see that lady in the corner booth trying real hard to look like she don't care about anything? She might know a thing or two about what you're after.""",
bark_001,dlg,EntryList/5/Text,0,-1,"""Buy something and we'll call it even.""",
bark_001,dlg,ReplyList/0/Text,0,-1,"""What's good here?""",
bark_001,dlg,ReplyList/1/Text,0,-1,"""Never mind.""",
bark_001,dlg,ReplyList/2/Text,0,-1,"""Let's see, then.""",
bark_001,dlg,ReplyList/3/Text,0,-1,"""Funny. Not funny enough to get me to buy.""",
bark_001,dlg,ReplyList/4/Text,0,-1,"[Persuade] ""I'm looking for something a little stronger than booze. Can you offer something like that?""",
bark_001,dlg,ReplyList/5/Text,0,-1,"""No, sorry.""",
bark_001,dlg,ReplyList/6/Text,0,-1,"""Sure.""",
bark_001,dlg,ReplyList/7/Text,0,-1,"""Thanks.""",
bart_001,dlg,EntryList/0/Text,0,-1,"""Get you something?""",
bart_001,dlg,EntryList/1/Text,0,-1,"""Nuh uh. Haven't stayed alive this long by flapping my jaw. Buy something or beat it. So...""",
bart_001,dlg,ReplyList/0/Text,0,-1,"""I'm alright, thanks.""",
bart_001,dlg,ReplyList/1/Text,0,-1,"""Information.""",
bart_001,dlg,ReplyList/2/Text,0,-1,Next,
bart_001,dlg,ReplyList/3/Text,0,-1,"""What do you have?""",
bilb_001,dlg,EntryList/0/Text,0,-1,"""Somethin' I can help you with?""",
bilb_001,dlg,EntryList/1/Text,0,-1,"""You with the Harmonium?""",
bilb_001,dlg,EntryList/2/Text,0,-1," ""Good. Those Hardheads give me the willies. I follow the laws, of course, like ye should. Them folks just love laws a little too much fer my comfort, ya know? No give to 'em. Anyway, happy to help the flatfoots, how can I help?""",
bilb_001,dlg,EntryList/3/Text,0,-1,"""Not quite sure. Huge explosion rocked the docks here. Some folks say they saw someone run from the fire, but I say that's worldwine talk.""",
bilb_001,dlg,EntryList/4/Text,0,-1,"""Nah. Sorry.""",
bilb_001,dlg,ReplyList/0/Text,0,-1,"""I was wondering if you'd give a statement.",
bilb_001,dlg,ReplyList/1/Text,0,-1,"""No. The local guard.""",
bilb_001,dlg,ReplyList/2/Text,0,-1,"""What happened here?""",
bilb_001,dlg,ReplyList/3/Text,0,-1,"""Just wondering what happened here.""",
bilb_001,dlg,ReplyList/4/Text,0,-1,"""Anything else?""",
bilb_001,dlg,ReplyList/5/Text,0,-1,"""Thank you.""",
bosh_001,dlg,EntryList/0/Text,0,-1,"""Hey cutter. You lost?""",
bosh_001,dlg,EntryList/1/Text,0,-1,"""I know someone who knows about something but I need some stuff to take the time.""",
bosh_001,dlg,EntryList/2/Text,0,-1,"""You dim? Give me some worldwine and I'll tell you what you want to know.""",
bosh_001,dlg,EntryList/3/Text,0,-1,"""That's a shame.""",
bosh_001,dlg,EntryList/4/Text,0,-1,"""You try talking to Kyla there in the corner? Word is she's the one to talk to.""",
bosh_001,dlg,ReplyList/0/Text,0,-1,"""I can find my own way, thanks.""",
bosh_001,dlg,ReplyList/1/Text,0,-1,"""Someone here knows about worldwine, and I need to find them.""",
bosh_001,dlg,ReplyList/2/Text,0,-1,"""What?""",
bosh_001,dlg,ReplyList/3/Text,0,-1,"""I don't have any.""",
bosh_001,dlg,ReplyList/4/Text,0,-1,End Conversation,
bosh_001,dlg,ReplyList/5/Text,0,-1,[Hand over worldwine],
bosh_001,dlg,ReplyList/6/Text,0,-1,End Conversation,
cochrane_001,dlg,EntryList/0/Text,0,-1,"""Well, most of 'em got reassigned to other ships, I'm trying to find a place for the rest. I hear a lot of 'em have gotten into the worldwine dens around Rathole and the like. I'm trying to get them posts as quickly as I can. Nothin' worse *hic* than a sailor without a sea to sail on.""",
cochrane_001,dlg,EntryList/1/Text,0,-1,"""Ya know, another part of the reason I refused that promotion, aside from staying under the wing of Vice Admiral Corano? I didn't want to be doing--"" *Cochrane gestures to the bar* ""--this. You asked me a while back about why I come here and not go to the bars closer to base? The drinks are stronger here, and the sea does make it taste better, but it's because here I can watch folks come and go.""",
cochrane_001,dlg,EntryList/10/Text,0,-1,"""I wonder where it comes from, you know? Being out here in the planes, especially being on a diplomatic vessel like The Velvet Glove, you run into all sorts of stuff. All sorts of ideas. Tough to get some of them out of your head, ya know?"" *Cochrane takes a long draw of mulled wine* ""But, we have it good here, you know?""",
cochrane_001,dlg,EntryList/11/Text,0,-1,"""Yeah, it might.""",
cochrane_001,dlg,EntryList/12/Text,0,-1,"""Yeah, we do... sure."" *takes a drink*
",
cochrane_001,dlg,EntryList/13/Text,0,-1,"""Ha! I should, you're right. My boss is doing an overhaul of the ships, overseeing it personally. My vessel, The Velvet Glove, is the first to go under the knife. Diplomatic vessel. Meets newcomers to Furiae out at sea to make sure they understand the laws and culture we have here.""
",
cochrane_001,dlg,EntryList/14/Text,0,-1,"""She isn't just a pleasure barge, mind you. She packs a punch. The Velvet Glove over the mailed fist, you see? Anyone gets uppity, we're the first to engage, so she's the one what needs the work first. My boss gave me some time off. Too much time off, if you ask me. So, I come here to stay close to the sea. Watch the people.""",
cochrane_001,dlg,EntryList/15/Text,0,-1,"""No problem. I'll be here. Idle hands do the devil's work, so they say, but we have actual devils to do the devil's work, so I'll keep my hands full with drink. Get into less trouble that way.""
",
cochrane_001,dlg,EntryList/16/Text,0,-1,"""See? I'm Captain Cochrane, Navy Officer. And you are?""
",
cochrane_001,dlg,EntryList/17/Text,0,-1,"""Well, it's nice to meet you.""",
cochrane_001,dlg,EntryList/18/Text,0,-1,"""Well, it's nice to meet you, Low Guard.""",
cochrane_001,dlg,EntryList/19/Text,0,-1,...,
cochrane_001,dlg,EntryList/2/Text,0,-1,"""There is a freedom in the Sea Market that you can't find in other parts of the city. When I'm on The Velvet Glove I have structure. I love this city, but I never knew how important it was to me to have the option to just... go. Not knowing where I'd end up. I know on the Glove I can't just sail away, but staring out at the horizon, it felt like I could, and that was enough. So now I come here, drink, and stare.""
",
cochrane_001,dlg,EntryList/20/Text,0,-1,"""Aaaand you're back. Come to keep the landwalking captain without a ship company?""",
cochrane_001,dlg,EntryList/21/Text,0,-1,"""Well, hello again, you!""",
cochrane_001,dlg,EntryList/22/Text,0,-1,"""Hey, Low Guard <FirstName>, buy you another one?""",
cochrane_001,dlg,EntryList/23/Text,0,-1,"""I literally don't have anything better to do right now. And it's better than the alternative going around right now, right? You heard about this worldwine stuff? Nasty business -- but effective, from what I can see. I haven't touched the stuff myself, but I know a few of my sailors have used it. Don't ask me who they are, I won't tell you. You can't touch us anyway. Jurisdiction and all that. Heh.""",
cochrane_001,dlg,EntryList/24/Text,0,-1,"""Hey, you're back,<FirstName>. Buy you another one?""",
cochrane_001,dlg,EntryList/25/Text,0,-1,"""I literally don't have anything better to do right now. And it's better than the alternative going around right now, right? You heard about this worldwine stuff? Nasty business -- but effective, from what I can see. I haven't touched the stuff, but I know a few of my sailors have used it.""
",
cochrane_001,dlg,EntryList/26/Text,0,-1,"""Yeah? Something I can help you with?""
",
cochrane_001,dlg,EntryList/27/Text,0,-1,"""Yeah, well the sea air makes the drinks taste better. Let me buy you a drink. You'll see.""
",
cochrane_001,dlg,EntryList/28/Text,0,-1,"""Your loss.""",
cochrane_001,dlg,EntryList/3/Text,0,-1,"""...I might give worldwine a try. Got nothing else doing. The crew I've seen take it seem to like it, and it's travel of a kind, I suppose. I don't know...""
",
cochrane_001,dlg,EntryList/4/Text,0,-1,"""See? Nothing more dangerous than a sailor with nothing to do. It was good talkin', but why don't you get on out of here. Leave a captain to their thoughts.""
",
cochrane_001,dlg,EntryList/5/Text,0,-1,"""Yeah. Well, yeah. Looks like I'm on leave for a while longer yet. Not only is the Glove going to be in dry dock for a few more days, but now my boss is up to his neck in nonsense and drivel.""
",
cochrane_001,dlg,EntryList/6/Text,0,-1,"""So my boss, right. Oh sorry, this would be Vice Admiral Yenn Corano, long may he sail."" *Cochrane salutes with a fist to her collarbone* ""Most of my boss's family got killed, right in their villa. Right in the Teeth. Guards there don't know what they're doing!""
",
cochrane_001,dlg,EntryList/7/Text,0,-1,"""So my boss *hic* my boss is caught up in all this nonsense. Some nobles say he has to take up his family name for continuity, to show the strength of Furiae. Other families are trying to discredit him because he was one of the only ones not at the villa, so he gets everything. All the holdings. Trying to accuse my boss of having his whole family murdered. Slander and lies!"" *Cochrane spits*
",
cochrane_001,dlg,EntryList/8/Text,0,-1,"""Vice Admiral Yenn Corano is the greatest sailor I've ever served under. During the Arrival he organized the fleet faster than anyone else. Secured our trade routes. Repelled invaders who thought we were ripe for plunder. Hired cartographers to get the lay of the coast here. Nine Hells, he was even the first to think of having a diplomatic vessel. Promoted me right on the spot. Why, I've refused so many promotions to keep serving under him, they've just stopped asking.""
",
cochrane_001,dlg,EntryList/9/Text,0,-1,"""It's a shame what's happening to him now. Makes me sick. Ya know what, I appreciate you listening to me, but I need some time to myself right now. Myself and this here hot wine.""
",
cochrane_001,dlg,ReplyList/0/Text,0,-1,Next,
cochrane_001,dlg,ReplyList/1/Text,0,-1,Next,
cochrane_001,dlg,ReplyList/10/Text,0,-1,"""Could be better.""",
cochrane_001,dlg,ReplyList/11/Text,0,-1,"""Yeah, we do.""",
cochrane_001,dlg,ReplyList/12/Text,0,-1,End Conversation,
cochrane_001,dlg,ReplyList/13/Text,0,-1,Next,
cochrane_001,dlg,ReplyList/14/Text,0,-1,"""Thanks for the drink and the story.""",
cochrane_001,dlg,ReplyList/15/Text,0,-1,End Conversation,
cochrane_001,dlg,ReplyList/16/Text,0,-1,"""<FirstName>""",
cochrane_001,dlg,ReplyList/17/Text,0,-1,"""Low Guard <FirstName>.""",
cochrane_001,dlg,ReplyList/18/Text,0,-1,"""What brings you here? Shouldn't you be on duty?""",
cochrane_001,dlg,ReplyList/19/Text,0,-1,"""Not right now, no.""",
cochrane_001,dlg,ReplyList/2/Text,0,-1,Next,
cochrane_001,dlg,ReplyList/20/Text,0,-1,"""I was wondering what your crew is doing?""",
cochrane_001,dlg,ReplyList/21/Text,0,-1,"""Me again. No time. Sorry.""",
cochrane_001,dlg,ReplyList/22/Text,0,-1,"""You alright, Captain? You seem like you got an early start today.""",
cochrane_001,dlg,ReplyList/23/Text,0,-1,"""No thanks, I'm good.""",
cochrane_001,dlg,ReplyList/24/Text,0,-1,"""You just drinking everyday?""
",
cochrane_001,dlg,ReplyList/25/Text,0,-1,Next,
cochrane_001,dlg,ReplyList/26/Text,0,-1,"""No thanks, I'm good.""",
cochrane_001,dlg,ReplyList/27/Text,0,-1,"""You just drinking everyday?""",
cochrane_001,dlg,ReplyList/28/Text,0,-1,Next,
cochrane_001,dlg,ReplyList/29/Text,0,-1,"""Sorry to bother you.""",
cochrane_001,dlg,ReplyList/3/Text,0,-1,Next,
cochrane_001,dlg,ReplyList/30/Text,0,-1,"""Strange place for a Naval officer to grab a drink. I thought you had your own places in Midtown.""
",
cochrane_001,dlg,ReplyList/31/Text,0,-1,"""I don't drink.""",
cochrane_001,dlg,ReplyList/32/Text,0,-1,End Conversation,
cochrane_001,dlg,ReplyList/33/Text,0,-1,"""Sounds good. Thanks.""",
cochrane_001,dlg,ReplyList/4/Text,0,-1,"End Conversation
",
cochrane_001,dlg,ReplyList/5/Text,0,-1,Next,
cochrane_001,dlg,ReplyList/6/Text,0,-1,Next,
cochrane_001,dlg,ReplyList/7/Text,0,-1,Next,
cochrane_001,dlg,ReplyList/8/Text,0,-1,Next,
cochrane_001,dlg,ReplyList/9/Text,0,-1,"End Conversation
",
corano_no_001,dlg,EntryList/0/Text,0,-1,"""Oh do wipe your shoes! I'd hate to get blood on their lovely carpets.""",
corano_no_001,dlg,EntryList/1/Text,0,-1,"""Oh, how horrid! Winny dear, give them your gem.""",
corano_no_001,dlg,EntryList/10/Text,0,-1,"""All of them, murdered overnight!""",
corano_no_001,dlg,EntryList/11/Text,0,-1,"""And us just here for tea! Perhaps they've left some valuables lying around, dear.""",
corano_no_001,dlg,EntryList/12/Text,0,-1,"""I always did like that painting of back home they had.""",
corano_no_001,dlg,EntryList/13/Text,0,-1,"""Such tragedy!""",
corano_no_001,dlg,EntryList/14/Text,0,-1,"""Ah! Who are you? Come to finish the job??""",
corano_no_001,dlg,EntryList/15/Text,0,-1,"""Oh Winny dear, it's just horrible! I'm too young to die!""",
corano_no_001,dlg,EntryList/16/Text,0,-1,"""We're -- we're barely related to the Coranos! Distant, distant cousins! We weren't even invited to the last holiday gathering! Please, leave us be!""",
corano_no_001,dlg,EntryList/2/Text,0,-1,"""But my mother gave me that gem!""",
corano_no_001,dlg,EntryList/3/Text,0,-1,"""Do you want to end up like the poor Coranos, dear??""",
corano_no_001,dlg,EntryList/4/Text,0,-1,"""I suppose not. I never much liked Mother anyway.""",
corano_no_001,dlg,EntryList/5/Text,0,-1,"""Oh thank the gods. I mean curse the gods! Praise Asmodeus!""",
corano_no_001,dlg,EntryList/6/Text,0,-1,"""I may just faint.""",
corano_no_001,dlg,EntryList/7/Text,0,-1,"""There's blood on the floor! You'll get blood all over your nice robe!""",
corano_no_001,dlg,EntryList/8/Text,0,-1,"""You're quite right, dear. Best not.""",
corano_no_001,dlg,EntryList/9/Text,0,-1,"""Such tragedy! It's just horrible!""",
corano_no_001,dlg,ReplyList/0/Text,0,-1,End Conversation,
corano_no_001,dlg,ReplyList/1/Text,0,-1,Next,
corano_no_001,dlg,ReplyList/10/Text,0,-1,Next,
corano_no_001,dlg,ReplyList/11/Text,0,-1,Next,
corano_no_001,dlg,ReplyList/12/Text,0,-1,Next,
corano_no_001,dlg,ReplyList/13/Text,0,-1,"""I'll just leave you be.""",
corano_no_001,dlg,ReplyList/14/Text,0,-1,End Conversation,
corano_no_001,dlg,ReplyList/15/Text,0,-1,Next,
corano_no_001,dlg,ReplyList/16/Text,0,-1,Next,
corano_no_001,dlg,ReplyList/17/Text,0,-1,"""I'll just leave you be.""",
corano_no_001,dlg,ReplyList/18/Text,0,-1,"""Make it worth my while.""",
corano_no_001,dlg,ReplyList/19/Text,0,-1,"""I'm not going to hurt you.""",
corano_no_001,dlg,ReplyList/2/Text,0,-1,Next,
corano_no_001,dlg,ReplyList/3/Text,0,-1,Next,
corano_no_001,dlg,ReplyList/4/Text,0,-1,End Conversation,
corano_no_001,dlg,ReplyList/5/Text,0,-1,Next,
corano_no_001,dlg,ReplyList/6/Text,0,-1,Next,
corano_no_001,dlg,ReplyList/7/Text,0,-1,Next,
corano_no_001,dlg,ReplyList/8/Text,0,-1,"""I'll just leave you be.""",
corano_no_001,dlg,ReplyList/9/Text,0,-1,"""What happened here?""",
day3g_001,dlg,EntryList/0/Text,0,-1,"[Failure] ""I've noted your number and *will* be reporting this up the chain, you maniac! Now get!""",
day3g_001,dlg,EntryList/1/Text,0,-1,"[Success] ""That's not how we do things, Low Guard. You're way outside of your jurisdiction, but we look out for our own. Get out of here.""",
day3g_001,dlg,EntryList/2/Text,0,-1,"""You there! Stand and declare! The Nine Hells are you doing?!""",
day3g_001,dlg,ReplyList/0/Text,0,-1,"[Show Badge] [Persuade] ""I'm Low Guard <LastName>. This individual was wanted for ties to the worldwine operation. Evidence had been procured.""",
day3g_001,dlg,ReplyList/1/Text,0,-1,"[Show Badge] [Lie] ""This individual attacked me. This was self defense.""",
day3g_001,dlg,ReplyList/2/Text,0,-1,"[Show Badge] [Lie] ""Eliminating treasonous elements. This individual has ties to the revolutionaries and resisted questioning and arrest.""",
daze_001,dlg,EntryList/0/Text,0,-1,"""...The world that is wine.""",
daze_001,dlg,EntryList/1/Text,0,-1," ""So bright and soft and wonderful. That's you... Have you seen you? Because I've seen you and you are so... you. Good job.""",
daze_001,dlg,EntryList/2/Text,0,-1," ""Oh, brethren... oh no... you know it's hard out there. Out there is where you gotta go... you'll find the source out on the street... ready to play. They'll ask you how bad the world is... you just tell 'em about the nightmares and they'll help you out...""",
daze_001,dlg,EntryList/3/Text,0,-1," ""Haha! Hmm. Threats from a dream are wind and wisp... oh... I should write that down... you won't find what you're looking for here... oh no... Outside in the bitter cold, in the big bad world. You tell them you got nightmares. Maybe they can help you, wisp.""",
daze_001,dlg,EntryList/4/Text,0,-1,"""I get it from my friends here... in the streets and the cold bad world... you just tell them you got the nightmares. They'll know...""",
daze_001,dlg,EntryList/5/Text,0,-1,"""Oh... you have no idea... do you? Do you? It makes everything soft. Everything so soft and dreams so vivid.""",
daze_001,dlg,EntryList/6/Text,0,-1,"""Oh... look at you. You shine and sparkle.""",
daze_001,dlg,EntryList/7/Text,0,-1,"""Oh, fine, fine. Just sipping the world.""",
daze_001,dlg,ReplyList/0/Text,0,-1,"""Shine and sparkle, huh?""",
daze_001,dlg,ReplyList/1/Text,0,-1,Next,
daze_001,dlg,ReplyList/10/Text,0,-1,"""Right. I'm out of here.""",
daze_001,dlg,ReplyList/11/Text,0,-1,"""You okay?""",
daze_001,dlg,ReplyList/12/Text,0,-1,Next,
daze_001,dlg,ReplyList/2/Text,0,-1,"[Point out their ring] ""Nice ring, brethren. Listen, I need to know where you get your stuff.""",
daze_001,dlg,ReplyList/3/Text,0,-1,End Conversation,
daze_001,dlg,ReplyList/4/Text,0,-1,"[Show Badge] ""Tell me where you get your worldwine, citizen, and I'll ignore your flagrant intoxication."" ",
daze_001,dlg,ReplyList/5/Text,0,-1,End Conversation,
daze_001,dlg,ReplyList/6/Text,0,-1,"""Where do you get it?""",
daze_001,dlg,ReplyList/7/Text,0,-1,End Conversation,
daze_001,dlg,ReplyList/8/Text,0,-1,"""It's that good, huh?""",
daze_001,dlg,ReplyList/9/Text,0,-1,Next,
dead_001,dlg,EntryList/0/Text,0,-1,Some dead flowers rest in the pot. It's obvious Harasi hasn't been back here in at least a few days.,
diva_001,dlg,EntryList/0/Text,0,-1,"""Move along.""",
diva_001,dlg,EntryList/1/Text,0,-1,"""I thought I told you to get out of here!""",
diva_001,dlg,EntryList/10/Text,0,-1,"""The fires of Avernus it is! You are damn lucky I'm too busy to deal with you right now! Get out of here before I throw you in irons!""",
diva_001,dlg,EntryList/11/Text,0,-1,"""The fires of Avernus they did! You are damn lucky I'm too busy to deal with you right now! Get out of here before I throw you in irons!""",
diva_001,dlg,EntryList/12/Text,0,-1,"""That doesn't... sound like them, but we are understaffed. How did they even find out about this so soon? Anyway, fine. Yes. Go right in and see what you can find out. Don't get in anyone's way!""",
diva_001,dlg,EntryList/13/Text,0,-1,"""You're a bit far afield there, Low Guard <LastName>. This isn't your jurisdiction. I don't know if you're lost or on leave, but you shouldn't be here. As I said, there is a situation here. I have this well in hand. Now get out of here. I have an investigation to run.""",
diva_001,dlg,EntryList/14/Text,0,-1,"""I'm sorry. I suppose I wasn't clear enough. Scram!""",
diva_001,dlg,EntryList/15/Text,0,-1,"[Failure] ""Understood but unnecessary. Get back to your own jurisdiction.""",
diva_001,dlg,EntryList/16/Text,0,-1,"[Success] ""You know, wait, I could use you. Head inside and guard the door. I know it's not glamorous, but it's what we need right now. Don't let anyone in. *whispers* There's been a murder and we don't want it to get out yet.""",
diva_001,dlg,EntryList/17/Text,0,-1,"""Let this Low Guard in. They're here to help out!""",
diva_001,dlg,EntryList/18/Text,0,-1,"""What?! As you can see, there's a... situation... and I'm up to my neck in sh...! *ehem*""",
diva_001,dlg,EntryList/19/Text,0,-1,"""Yes, Low Guard?""",
diva_001,dlg,EntryList/2/Text,0,-1,"""I'm sorry. Yes? How can I help you?""",
diva_001,dlg,EntryList/20/Text,0,-1,"""Very well. Thanks for your help.""",
diva_001,dlg,EntryList/21/Text,0,-1,"""Very well."" ",
diva_001,dlg,EntryList/3/Text,0,-1,"""What?""",
diva_001,dlg,EntryList/4/Text,0,-1,"""That might be a little tricky. As I said, there's a bit of a situation at the moment. Whatever your business is with the Coranos will have to wait.""",
diva_001,dlg,EntryList/5/Text,0,-1,"""Fine by me... Now leave.""",
diva_001,dlg,EntryList/6/Text,0,-1,"""...are you trying to bribe me?""",
diva_001,dlg,EntryList/7/Text,0,-1,"""Correct answer. Get out of here. Right now.""",
diva_001,dlg,EntryList/8/Text,0,-1,"""Oh, is it now? Because that looks like a bribe and I arrest people who try and bribe Guard Captains. Now get out of my face.""",
diva_001,dlg,EntryList/9/Text,0,-1,"""Get. Out. Of. Here.""",
diva_001,dlg,ReplyList/0/Text,0,-1,"""Ya know, talking to you doesn't seem to be worth my time. I'll find another way in.""",
diva_001,dlg,ReplyList/1/Text,0,-1,"""What?""",
diva_001,dlg,ReplyList/10/Text,0,-1,"[Persuade] ""Uh... Captain Flipwiggle heard about the situation and sent me here. Said I had 'good eyes, kid.'""",
diva_001,dlg,ReplyList/11/Text,0,-1,There might be another way to get inside. ,
diva_001,dlg,ReplyList/12/Text,0,-1,End Conversation,
diva_001,dlg,ReplyList/13/Text,0,-1,"""Low Guard <FullName> reporting. I need access to the villa, ma'am, to speak with the Coranos.""
",
diva_001,dlg,ReplyList/14/Text,0,-1,"""Are you certain? I have the time.""",
diva_001,dlg,ReplyList/15/Text,0,-1,There might be another way to get inside.,
diva_001,dlg,ReplyList/16/Text,0,-1,"[Persuade] ""Understood ma'am, just offering to pitch in.""",
diva_001,dlg,ReplyList/17/Text,0,-1,There might be another way to get inside.,
diva_001,dlg,ReplyList/18/Text,0,-1,Next,
diva_001,dlg,ReplyList/19/Text,0,-1,End Conversation,
diva_001,dlg,ReplyList/2/Text,0,-1,"""I need to speak with the Coranos.""",
diva_001,dlg,ReplyList/20/Text,0,-1,Next,
diva_001,dlg,ReplyList/21/Text,0,-1,"""Never mind.""",
diva_001,dlg,ReplyList/22/Text,0,-1,End Conversation,
diva_001,dlg,ReplyList/23/Text,0,-1,"""I need to get back inside.""",
diva_001,dlg,ReplyList/24/Text,0,-1,End Conversation,
diva_001,dlg,ReplyList/3/Text,0,-1,"""You know what, never mind.""",
diva_001,dlg,ReplyList/4/Text,0,-1,"""Would some gold perhaps change your mind?""",
diva_001,dlg,ReplyList/5/Text,0,-1,"""Noooo?""",
diva_001,dlg,ReplyList/6/Text,0,-1,"""It's more of a... donation to the City Guard.""",
diva_001,dlg,ReplyList/7/Text,0,-1,"""Um... yes?""",
diva_001,dlg,ReplyList/8/Text,0,-1,"""This is a matter of life or death!""",
diva_001,dlg,ReplyList/9/Text,0,-1,"[Persuade] ""Uh... Captain Lucenna heard about the situation and sent me here. Said I had 'good eyes, kid.'""",
dlg_door_from_ul,dlg,EntryList/0/Text,0,-1,Are you sure you wish to leave? You're pretty sure you won't have the time to return.,
dlg_door_from_ul,dlg,EntryList/1/Text,0,-1,You shouldn't leave the area until you complete your investigation. You haven't found anything yet that would help you with this lead.,
dlg_door_from_ul,dlg,ReplyList/0/Text,0,-1,Not yet,
dlg_door_from_ul,dlg,ReplyList/1/Text,0,-1,Yes,
dlg_door_to_ulan,dlg,EntryList/0/Text,0,-1,Are you sure you wish to enter the warehouse? You won't be able to return here until your investigation is finished.,
dlg_door_to_ulan,dlg,EntryList/1/Text,0,-1,You do not have time today to further your investigations. You'll have to get some sleep and continue your investigation tomorrow. ,
dlg_door_to_ulan,dlg,ReplyList/0/Text,0,-1,Not yet. I still have a few things to do. ,
dlg_door_to_ulan,dlg,ReplyList/1/Text,0,-1,Yes,
dlg_fs0,dlg,EntryList/0/Text,0,-1,FS ROOT NODE,
dlg_fs0,dlg,EntryList/1/Text,0,-1,"Nothing to say, eh?",
dlg_fs0,dlg,ReplyList/0/Text,0,-1,Day 0 H 1,
dlg_fs0,dlg,ReplyList/1/Text,0,-1,Day 0 H 0,
dlg_fs0,dlg,ReplyList/2/Text,0,-1,No Scripts,
dlg_fs0,dlg,ReplyList/3/Text,0,-1,Nope,
dlg_fs1,dlg,EntryList/0/Text,0,-1,"Furiae Sentinel, Vol. 32, Issue 129 - News in the Gauntleted City",
dlg_fs1,dlg,EntryList/1/Text,0,-1,"Yesterday, Furiae naval forces soundly defeated a group of tanar'ri pirates that had been plaguing trade in and out of our ports. With assistance from our baatezu forces, Captain Yenn Corano soundly routed the demons, sinking their ships and picking deserters out of the sky.",
dlg_fs1,dlg,EntryList/10/Text,0,-1,"An official Proclamation was made in the courts of Hellroost yesterday, as House Cascare condemned the illegal sale and use of the dangerous substance known on the streets as ""worldwine.""",
dlg_fs1,dlg,EntryList/11/Text,0,-1,"Lady Ovida Cascare herself read the proclamation to the court, which called for increased vigilance and harsher penalties for anyone found using, possessing, or selling the arcane concoction. Guard patrols and random searches will increase throughout the city until this plague can be ended.",
dlg_fs1,dlg,EntryList/12/Text,0,-1,"Worldwine is known to be very dangerous to those who imbibe it, causing paralyzation, hallucinations, and death. All citizens of the city are cautioned against its use.",
dlg_fs1,dlg,EntryList/13/Text,0,-1,"Nonetheless, since the substance appeared on Furiae streets a few months ago, its use has reportedly grown greatly, especially in areas such as Rathole, where other illegal activity often flourishes.",
dlg_fs1,dlg,EntryList/14/Text,0,-1,Upstanding citizens of our city are cautioned against travelling to these districts or speaking to anyone who seems suspicious or unfamiliar. The Furiae City Guard is in the midst of investigating its origins and distribution. Any tips or information brought to them will be rewarded.,
dlg_fs1,dlg,EntryList/2/Text,0,-1,"This victory is not only a victory against the forces of chaos that surround us. It is an assertion of dominance over Furiae's corner of the Outer Sea, our new home since the Arrival. It is an assertion that despite our ""prime"" origins, we will not be walked over by the planars that now surround us. We will hold to our way of life.",
dlg_fs1,dlg,EntryList/3/Text,0,-1,"""There are those who think that because we are new to these parts, that we will submit to the unknown,"" Vice Admiral Yenn Corano stated. ""Today, we have proven that we are as strong here as we were before the Arrival. We have proven that Furiae deserves its place here, and we will continue to thrive."" The Corano noble family has long had a proud military tradition in Furiae, and Captain Yenn is a shining example of service to the city.",
dlg_fs1,dlg,EntryList/4/Text,0,-1,"The defeat of the tanar'ri also represents a victory for our baatezu allies in nearby Avernus, in their long-running Blood War against the forces of chaos. We rejoice and give thanks to Zariel to whom Furiae owes so much, for such stout and powerful allies!",
dlg_fs1,dlg,EntryList/5/Text,0,-1,"The city of Furiae has come through tense times since the Arrival, as terrorists continued to fight against our lawful rulers and, as we all know, this necessitated stricter laws and constant vigilance to keep order. That of course changed four years ago when the gates -- and doors -- of our glorious City were once again opened, allowing travel and trade across our new home in the Outlands and the planes beyond.",
dlg_fs1,dlg,EntryList/6/Text,0,-1,"When the gates opened, travellers from across the planes came to our city for the scent of opportunity and the comfort of order. Among these, the Harmonium, a planar faction dedicated to order and law.",
dlg_fs1,dlg,EntryList/7/Text,0,-1,"At first their relationship with the City Guard was a matter of contention, as both appeared to be acting separately towards the same goals. Over time, however, it became clear that there was more that united us than divided us.",
dlg_fs1,dlg,EntryList/8/Text,0,-1,"Over the past few weeks, Sentinel reporters have spoken to members of both organizations and learned that high-ranking City Guards have been meeting with the Harmonium brass in an attempt to delineate roles and responsibilities, as any ordered society should have. These meetings have reportedly gone well, though are ongoing.",
dlg_fs1,dlg,EntryList/9/Text,0,-1,"In the meantime, citizens are encouraged to treat the Harmonium with the same respect for authority as they afford our own guard, and to thank these hard-working men and women for helping to keep our city safe and law-abiding.",
dlg_fs1,dlg,ReplyList/0/Text,0,-1,Close newssheet,
dlg_fs1,dlg,ReplyList/1/Text,0,-1,Naval Victory Secures Safety -- and Dominance,
dlg_fs1,dlg,ReplyList/10/Text,0,-1,Next,
dlg_fs1,dlg,ReplyList/11/Text,0,-1,Next,
dlg_fs1,dlg,ReplyList/12/Text,0,-1,Close newssheet,
dlg_fs1,dlg,ReplyList/13/Text,0,-1,Back to top,
dlg_fs1,dlg,ReplyList/14/Text,0,-1,Proclamation Made Against Dangerous Substance on the Streets,
dlg_fs1,dlg,ReplyList/15/Text,0,-1,Next,
dlg_fs1,dlg,ReplyList/16/Text,0,-1,Next,
dlg_fs1,dlg,ReplyList/17/Text,0,-1,Next,
dlg_fs1,dlg,ReplyList/18/Text,0,-1,Next,
dlg_fs1,dlg,ReplyList/19/Text,0,-1,Close newssheet,
dlg_fs1,dlg,ReplyList/2/Text,0,-1,Next,
dlg_fs1,dlg,ReplyList/20/Text,0,-1,Back to top,
dlg_fs1,dlg,ReplyList/3/Text,0,-1,Next,
dlg_fs1,dlg,ReplyList/4/Text,0,-1,Next,
dlg_fs1,dlg,ReplyList/5/Text,0,-1,Close newssheet,
dlg_fs1,dlg,ReplyList/6/Text,0,-1,Back to top,
dlg_fs1,dlg,ReplyList/7/Text,0,-1,Finding Harmony with the Harmonium,
dlg_fs1,dlg,ReplyList/8/Text,0,-1,Next,
dlg_fs1,dlg,ReplyList/9/Text,0,-1,Next,
dlg_fs2,dlg,EntryList/0/Text,0,-1,"Furiae Sentinel, Vol. 32, Issue 130 - News in the Gauntleted City",
dlg_fs2,dlg,EntryList/1/Text,0,-1,Reports from Court suggest that our illustrious rulers are considering allowing the opening of an official embassy to Sigil in Furiae. The office would take over the now-defunct Great Kingdom Embassy buildings in Midtown.,
dlg_fs2,dlg,EntryList/2/Text,0,-1,"Since the Arrival, Furiae's citizens have been faced with a new reality in the Outer Planes. For several years, our gates were closed to the outside for safety as the city adjusted to its new place and the alliance between House Cascare and our Baatezu allies was secured. Four years ago, the wise decision was made to open the gates to the wider multiverse.",
dlg_fs2,dlg,EntryList/3/Text,0,-1,"Since that event, planar travellers have come to our city bringing trade and prosperity -- as long as they have abided by our ways. These have included the Harmonium and Fraternity of Order, who have been welcomed into our fair City in exchange for their assistance maintaining the law, our law.",
dlg_fs2,dlg,EntryList/4/Text,0,-1,"Citizens are cautioned that travel to Sigil and beyond is still a regulated activity. Proper requests must be filed before travel, and any new doors must be reported to authorities immediately.",
dlg_fs2,dlg,EntryList/5/Text,0,-1,"But given the wide variety of planars who have expressed interest in visiting, trading with, or moving to Furiae, House Cascare has considered the need for some type of Planar Embassy, to help adjust those visitors to our ways, and inform our people of the realities of our new home. Those plans have begun to move bravely forward.",
dlg_fs2,dlg,EntryList/6/Text,0,-1,"Early yesterday, a dangerous act of terrorism was perpetrated in the Sea Market. A warehouse near the docks of the district suddenly exploded, raining debris and fire on the surrounding area.",
dlg_fs2,dlg,EntryList/7/Text,0,-1,"This act was no doubt enacted by the dangerous revolutionary elements that still exist in our city, anarchists with ties to the rebellion from before the Arrival. Such acts target the safety and security that make our city function, sowing chaos and fear. These revolutionaries must be brought to justice, security in the area will be increased.",
dlg_fs2,dlg,EntryList/8/Text,0,-1,"Some witnesses report a gnome and other suspects fleeing the scene. Others suggest a fire elemental may have been released in the area. Until the truth can be determined and the perpetrators brought to justice, security in the area will be increased.",
dlg_fs2,dlg,EntryList/9/Text,0,-1,"Anyone with information is encouraged to bring it to Officer Lucenna of the City Guard, who is spearheading the investigation from the Sea Market guard post. Any viable information will be rewarded.",
dlg_fs2,dlg,ReplyList/0/Text,0,-1,Close newssheet,
dlg_fs2,dlg,ReplyList/1/Text,0,-1,Talks of Sigilian Embassy to Open in Midtown,
dlg_fs2,dlg,ReplyList/10/Text,0,-1,Next,
dlg_fs2,dlg,ReplyList/11/Text,0,-1,Next,
dlg_fs2,dlg,ReplyList/12/Text,0,-1,Close newssheet,
dlg_fs2,dlg,ReplyList/13/Text,0,-1,Back to top,
dlg_fs2,dlg,ReplyList/2/Text,0,-1,Next,
dlg_fs2,dlg,ReplyList/3/Text,0,-1,Next,
dlg_fs2,dlg,ReplyList/4/Text,0,-1,Next,
dlg_fs2,dlg,ReplyList/5/Text,0,-1,Next,
dlg_fs2,dlg,ReplyList/6/Text,0,-1,Close newssheet,
dlg_fs2,dlg,ReplyList/7/Text,0,-1,Back to top,
dlg_fs2,dlg,ReplyList/8/Text,0,-1,Terror at the Sea Market,
dlg_fs2,dlg,ReplyList/9/Text,0,-1,Next,
dlg_fs3,dlg,EntryList/0/Text,0,-1,"Furiae Sentinel, Vol. 32, Issue 131 - News in the Gauntleted City",
dlg_fs3,dlg,EntryList/1/Text,0,-1,The Griffin Bank has announced plans to fund an expedition into the Outlands in the coming days.,
dlg_fs3,dlg,EntryList/10/Text,0,-1,"Today, Furiae wakes to horror. Several members of House Corano, including its matriarch Cassandra Corano, and two children, were murdered in their own home during the night.",
dlg_fs3,dlg,EntryList/11/Text,0,-1,"The Sentinel received an anonymous note of this horrendous event early in the morning as City Guards rushed to the scene to investigate. Early indications suggest a professional assassin, and Furiae Navy Vice Admiral Yenn Corano believes it may have been the act of revolutionaries in the city -- or perhaps even foreign planar interests.",
dlg_fs3,dlg,EntryList/12/Text,0,-1,"""We know there are rebel elements who haven't given up despite the obvious need for order in our new reality, and otherworldly forces of chaos probe at our borders,"" the Vice Admiral said. ""These elements wish to sow chaos in our city. I will not stand by and let them.""",
dlg_fs3,dlg,EntryList/13/Text,0,-1,"House Corano has been an institution of Furiae for over a century. Much of the modern development of the city has been through Corano investment. The Sea Market was originally a Corano development before it was generously sold to the city for redistribution. House Corano still owns and operates many of the piers and warehouses, patriotically supporting the business and economy there. They have also proven themselves great patrons of the arts, bringing more culture to Furiae than any other. Members of high standing have served gloriously in the navy or gone into the Ministry of Asmodeus.",
dlg_fs3,dlg,EntryList/14/Text,0,-1,"It is unclear how the deaths of so many prominent members will affect city affairs, but High Ruler Ovida Cascare says that the Corano estate will be handled smoothly and the city will rebound quickly from this tragic loss.",
dlg_fs3,dlg,EntryList/2/Text,0,-1,"""We still know so little about our current surroundings,"" said Griffin spokesperson Gynara Forge. ""We hope to begin mapping the local Outlands to further the interests of our noble houses, expand property allowances and usable farmland, and benefit all of Furiae.""",
dlg_fs3,dlg,EntryList/3/Text,0,-1,"Indeed, the Arrival caused several of Furiae's noble houses to lose access to significant land holdings on our borders with the Great Kingdom, and without the farms and estates outside the city limits, Furiae has had to rely more and more on foreign trade. If the city is to survive, and thrive, its holdings must expand.",
dlg_fs3,dlg,EntryList/4/Text,0,-1,"There is also talk of specific places of interest in the surrounding area, rumours brought to the city by local travellers; the Griffin Bank may hope to recover items of interest as part of their return on investment for this expedition.",
dlg_fs3,dlg,EntryList/5/Text,0,-1,Interested parties should inquire at the bank with a complete resume of past expedition and adventuring experience.,
dlg_fs3,dlg,EntryList/6/Text,0,-1,"Yesterday, unknown assailants slaughtered several members of the Fraternity of Order in a Midtown municipal building.",
dlg_fs3,dlg,EntryList/7/Text,0,-1,"The Fraternity, one of the factions that came to Furiae in the years since the Arrival, is devoted to understanding law and has aided Furiae's civil functions as record-keepers, lawyers, and judges. These members managed and guarded a building in Midtown that housed legal records and other important documents.",
dlg_fs3,dlg,EntryList/8/Text,0,-1,"Late yesterday, they were found murdered inside the building. Investigators cannot place a specific motive for the murders: some documents in the building seem to have been accessed, but such documents are not kept under lock and key so motive has been hard to pin down.",
dlg_fs3,dlg,EntryList/9/Text,0,-1,A suspect was seen leaving the scene shortly after the incident is believed to have occurred. Any information on this event should be brought immediately to the City Guard.,
dlg_fs3,dlg,ReplyList/0/Text,0,-1,Close newssheet,
dlg_fs3,dlg,ReplyList/1/Text,0,-1,Griffin Bank Funding Planar Expedition,
dlg_fs3,dlg,ReplyList/10/Text,0,-1,Next,
dlg_fs3,dlg,ReplyList/11/Text,0,-1,Next,
dlg_fs3,dlg,ReplyList/12/Text,0,-1,Close newssheet,
dlg_fs3,dlg,ReplyList/13/Text,0,-1,Back to top,
dlg_fs3,dlg,ReplyList/14/Text,0,-1,"House Corano Assassinated! ""This is an attack against all Furiae.""",
dlg_fs3,dlg,ReplyList/15/Text,0,-1,Next,
dlg_fs3,dlg,ReplyList/16/Text,0,-1,Next,
dlg_fs3,dlg,ReplyList/17/Text,0,-1,Next,
dlg_fs3,dlg,ReplyList/18/Text,0,-1,Next,
dlg_fs3,dlg,ReplyList/19/Text,0,-1,Close newssheet,
dlg_fs3,dlg,ReplyList/2/Text,0,-1,Next,
dlg_fs3,dlg,ReplyList/20/Text,0,-1,Back to top,
dlg_fs3,dlg,ReplyList/3/Text,0,-1,Next,
dlg_fs3,dlg,ReplyList/4/Text,0,-1,Next,
dlg_fs3,dlg,ReplyList/5/Text,0,-1,Next,
dlg_fs3,dlg,ReplyList/6/Text,0,-1,Close newssheet,
dlg_fs3,dlg,ReplyList/7/Text,0,-1,Back to top,
dlg_fs3,dlg,ReplyList/8/Text,0,-1,Slaughter in Midtown,
dlg_fs3,dlg,ReplyList/9/Text,0,-1,Next,
dlg_fs4,dlg,EntryList/0/Text,0,-1,"Furiae Sentinel, Vol. 32, Issue 132 - News in the Gauntleted City",
dlg_fs4,dlg,EntryList/1/Text,0,-1,"It was Lady Ovida Cascare and the other noble houses who saved our fair city from the chaos of dangerous anarchists and untrustworthy foreigners. The High Houses' deal with the denizens of the Nine Hells was meant to ensure our safety -- baatezu peacekeepers, a crushed rebellion, and eventually a safe place in the realm of Avernus.",
dlg_fs4,dlg,EntryList/10/Text,0,-1,"Anticipated amongst the celebration are the execution of a swathe of recently-captured anarchists, public whippings, a military parade, and one of the Lifeblood Theater's famed blood plays. Be sure to bring a coat if you're in the splash zone!",
dlg_fs4,dlg,EntryList/11/Text,0,-1,"As a reminder, all servants, slaves, service workers, taxis, and entertainers are expected to do their civic duty and work during the festivities.",
dlg_fs4,dlg,EntryList/2/Text,0,-1,"We have not yet obtained the safety we were guaranteed. We have not reached the land we were promised, rebels and anarchists still stalk the alleys, and the devil guard has waned in effectiveness and morale. Are the devils failing to follow the terms of their own contract? Why has their focus gone elsewhere? How are we citizens of Furiae meant to feel safe and secure?",
dlg_fs4,dlg,EntryList/3/Text,0,-1,"The baatezu are creatures of law. They must be made to see the responsibilities they owe us, the terms of the contract we entered with them. Ovida and the nobility must stand up to Zariel, the leader of Avernus, and demand the safety were promised, as is our contractual right!",
dlg_fs4,dlg,EntryList/4/Text,0,-1,House Cascare has issued an official missive today for the populace of Furiae. All citizens are reminded of their civic duty to help keep law and order in our fair city.,
dlg_fs4,dlg,EntryList/5/Text,0,-1,"If your hear of any revolutionary pursuits, illegal activity (including the use of illicit substances), or treasonous whispers, report them immediately to city authorities.",
dlg_fs4,dlg,EntryList/6/Text,0,-1,You will be rewarded for your loyalty and service. Our city will be safer for it.,
dlg_fs4,dlg,EntryList/7/Text,0,-1,"Despite recent hardships across the city, Furiae institutions are buzzing with anticipation as preparations are already underway for the annual Tax Day festivities.",
dlg_fs4,dlg,EntryList/8/Text,0,-1,"This classic Furiae holiday has persisted for decades in the city, surviving independence from the Great Kingdom, the treacherous civil war within our own walls, and the Arrival. Not just the day when collectors visit all citizens of Furiae for the annual taxation that keeps our city running, it is also an official, celebrated, holiday.",
dlg_fs4,dlg,EntryList/9/Text,0,-1,"Many citizens will not be expected to work on this day, and festival activities, performances, street food, and more will be available throughout the city.",
dlg_fs4,dlg,ReplyList/0/Text,0,-1,Close newssheet,
dlg_fs4,dlg,ReplyList/1/Text,0,-1,Editorial: Devils Not Living Up to Their Promises?,
dlg_fs4,dlg,ReplyList/10/Text,0,-1,Back to top,
dlg_fs4,dlg,ReplyList/11/Text,0,-1,City Prepares for Next Week's Festival,
dlg_fs4,dlg,ReplyList/12/Text,0,-1,Next,
dlg_fs4,dlg,ReplyList/13/Text,0,-1,Next,
dlg_fs4,dlg,ReplyList/14/Text,0,-1,Next,
dlg_fs4,dlg,ReplyList/15/Text,0,-1,Next,
dlg_fs4,dlg,ReplyList/16/Text,0,-1,Close newssheet,
dlg_fs4,dlg,ReplyList/17/Text,0,-1,Back to top,
dlg_fs4,dlg,ReplyList/2/Text,0,-1,Next,
dlg_fs4,dlg,ReplyList/3/Text,0,-1,Next,
dlg_fs4,dlg,ReplyList/4/Text,0,-1,Close newssheet,
dlg_fs4,dlg,ReplyList/5/Text,0,-1,Back to top,
dlg_fs4,dlg,ReplyList/6/Text,0,-1,Reminder of Your Civic Duties,
dlg_fs4,dlg,ReplyList/7/Text,0,-1,Next,
dlg_fs4,dlg,ReplyList/8/Text,0,-1,Next,
dlg_fs4,dlg,ReplyList/9/Text,0,-1,Close newssheet,
dlg_fs5,dlg,EntryList/0/Text,0,-1,"Furiae Sentinel, Vol. 32, Issue 133 - News in the Gauntleted City",
dlg_fs5,dlg,EntryList/1/Text,0,-1,"We here at the Furiae Sentinel would like to formally apologize for yesterday's editorial. The opinions expressed within it are not the opinions of this newssheet. The work escaped the eyes of our censors, but the writer will certainly no longer be contributing to this publication -- nor any publication.",
dlg_fs5,dlg,EntryList/10/Text,0,-1,"The warehouse was being operated by a known planar trader, Ulan Aurintar. Aurintar too was found on the scene, murdered in his own place of business.",
dlg_fs5,dlg,EntryList/11/Text,0,-1,"City Guard investigators have uncovered a horrific scene in the North Market neighborhood. Several eviscerated bodies were found in the basement of an unassuming apartment, including a woman who was once a spiritual advisor to House Corano.",
dlg_fs5,dlg,EntryList/12/Text,0,-1,"The scene was a bloody one, with several of the corpses having clearly been cut open prior ro the deaths of the victims. This horrible, unsanctioned act has the Guard questioning whether there is a serial killer stalking the streets of Furiae.",
dlg_fs5,dlg,EntryList/13/Text,0,-1,"Given the death of the spiritual advisor, a woman known as Aladara, some are wondering if it is connected to the assassinations of the Corano family mere days ago.",
dlg_fs5,dlg,EntryList/14/Text,0,-1,"Investigators and Harmonium agents are keeping their eyes open for any other indicators of this serial killer. Citizens are cautioned not to let strangers into their houses, to lock your doors at all times, and to report any suspicious activity to law enforcement immediately.",
dlg_fs5,dlg,EntryList/15/Text,0,-1,"After the tragedy that struck House Corano two days ago, with several key members of the family assassinated in an attack against the city itself, House Vivadan has stepped up to assist the beleaguered noble family.",
dlg_fs5,dlg,EntryList/16/Text,0,-1,"No longer able to handle all of their previous holdings, Corano has sold their interest in the Lifeblood Theater -- known for its patriotic performances -- to House Vivadan, who have promised to hold to the Theater's storied traditions.",
dlg_fs5,dlg,EntryList/17/Text,0,-1,"House Vivadan has already announced a grand performance in honor of House Corano, in a few weeks time.",
dlg_fs5,dlg,EntryList/18/Text,0,-1,Test Debug,
dlg_fs5,dlg,EntryList/2/Text,0,-1,"We are in full support of our alliance with the devils, and are sure that the rulers of our city will ensure a continued positive relationship with our benefactor and patron, Zariel. We, and indeed all, citizens humbly await our reward of safety, security, and protection in Avernus.",
dlg_fs5,dlg,EntryList/3/Text,0,-1,House Erogoth and House Hamalus have brought competing bids to the Court of Furiae to re-open the quarry west of the city.,
dlg_fs5,dlg,EntryList/4/Text,0,-1,"Seemingly abandoned before the Arrival, the quarry has sat empty for long enough, say representatives of each house. To stay prepared against any act of war from the planes, we must keep our economy -- and fortifications -- strong.",
dlg_fs5,dlg,EntryList/5/Text,0,-1,"Both houses have submitted bids for the land, which otherwise has been claimed by the Furiae government as no legal deed can be found.",
dlg_fs5,dlg,EntryList/6/Text,0,-1,"Yesterday in the Sea Market, unknown assailants broke into a dockside warehouse and massacred everyone who was unfortunate enough to be on the scene. Authorities have discovered this cowardly act of terrorism to be the work of rebel elements in the city.",
dlg_fs5,dlg,EntryList/7/Text,0,-1,"The warehouse was being operated by a known planar trader, Ulan Aurintar. Aurintar has not been seen since the attack, and authorities fear him dead as well.",
dlg_fs5,dlg,EntryList/8/Text,0,-1,"Merchants and travellers all over the district -- and indeed, the city -- are wondering if their legitimate enterprises could be targeted next. What horrific lengths will these rebels and anarchists go to in order to sow chaos?",
dlg_fs5,dlg,EntryList/9/Text,0,-1,"They clearly have no sympathy for the common citizen of Furiae, who depends on the commerce of the market for stability and prosperity. These revolutionary forces must be brought to justice! Citizens are encouraged to report any rebel activity to the authorities.",
dlg_fs5,dlg,ReplyList/0/Text,0,-1,Close newssheet,
dlg_fs5,dlg,ReplyList/1/Text,0,-1,Editorial Apology,
dlg_fs5,dlg,ReplyList/10/Text,0,-1,Businesses Attacked -- Merchants Wonder If They're Next,
dlg_fs5,dlg,ReplyList/11/Text,0,-1,Next,
dlg_fs5,dlg,ReplyList/12/Text,0,-1,Next,
dlg_fs5,dlg,ReplyList/13/Text,0,-1,Next,
dlg_fs5,dlg,ReplyList/14/Text,0,-1,Close newssheet,
dlg_fs5,dlg,ReplyList/15/Text,0,-1,Back to top,
dlg_fs5,dlg,ReplyList/16/Text,0,-1,Next,
dlg_fs5,dlg,ReplyList/17/Text,0,-1,Serial Killer Stalking the City?,
dlg_fs5,dlg,ReplyList/18/Text,0,-1,Next,
dlg_fs5,dlg,ReplyList/19/Text,0,-1,Next,
dlg_fs5,dlg,ReplyList/2/Text,0,-1,Next,
dlg_fs5,dlg,ReplyList/20/Text,0,-1,Next,
dlg_fs5,dlg,ReplyList/21/Text,0,-1,Close newssheet,
dlg_fs5,dlg,ReplyList/22/Text,0,-1,Back to top,
dlg_fs5,dlg,ReplyList/23/Text,0,-1,House Vivadan buys the Lifeblood Theater,
dlg_fs5,dlg,ReplyList/24/Text,0,-1,Next,
dlg_fs5,dlg,ReplyList/25/Text,0,-1,Next,
dlg_fs5,dlg,ReplyList/26/Text,0,-1,Close newssheet,
dlg_fs5,dlg,ReplyList/27/Text,0,-1,Back to top,
dlg_fs5,dlg,ReplyList/28/Text,0,-1,Next,
dlg_fs5,dlg,ReplyList/3/Text,0,-1,Close newssheet,
dlg_fs5,dlg,ReplyList/4/Text,0,-1,Back to top,
dlg_fs5,dlg,ReplyList/5/Text,0,-1,Talks in the Court of Re-Opening Quarry,
dlg_fs5,dlg,ReplyList/6/Text,0,-1,Next,
dlg_fs5,dlg,ReplyList/7/Text,0,-1,Next,
dlg_fs5,dlg,ReplyList/8/Text,0,-1,Close newssheet,
dlg_fs5,dlg,ReplyList/9/Text,0,-1,Back to top,
dlg_fs6,dlg,EntryList/0/Text,0,-1,"Furiae Sentinel, Vol. 32, Issue 134 - News in the Gauntleted City",
dlg_fs6,dlg,EntryList/1/Text,0,-1,"City Investigators have made the first set of arrests during an ongoing investigation into the creation and distribution of the substance known as ""worldwine."" Based on evidence obtained by loyal city investigators, several distributors of the substance, mostly in Rathole and the Sea Market have been apprehended.",
dlg_fs6,dlg,EntryList/10/Text,0,-1,"Yesterday in the Sea Market, unknown assailants broke into a dockside warehouse and massacred everyone who was unfortunate enough to be on the scene. Authorities have discovered this cowardly act of terrorism to be the work of rebel elements in the city.",
dlg_fs6,dlg,EntryList/11/Text,0,-1,"The warehouse was being operated by a known planar trader, Ulan Aurintar. Aurintar has not been seen since the attack, and authorities fear him dead as well.",
dlg_fs6,dlg,EntryList/12/Text,0,-1,"Merchants and travellers all over the district -- and indeed, the city -- are wondering if their legitimate enterprises could be targeted next. What horrific lengths will these rebels and anarchists go to in order to sow chaos?",
dlg_fs6,dlg,EntryList/13/Text,0,-1,"They clearly have no sympathy for the common citizen of Furiae, who depends on the commerce of the market for stability and prosperity. These revolutionary forces must be brought to justice! Citizens are encouraged to report any rebel activity to the authorities.",
dlg_fs6,dlg,EntryList/14/Text,0,-1,"The warehouse was being operated by a known planar trader, Ulan Aurintar. Aurintar too was found on the scene, murdered in his own place of business.",
dlg_fs6,dlg,EntryList/15/Text,0,-1,"City Guard investigators have uncovered a horrific scene in the North Market neighborhood. Several eviscerated bodies were found in the basement of an unassuming apartment, including a woman who was once a spiritual advisor to House Corano.",
dlg_fs6,dlg,EntryList/16/Text,0,-1,"The scene was a bloody one, with several of the corpses having clearly been cut open prior ro the deaths of the victims. This horrible, unsanctioned act has the Guard questioning whether there is a serial killer stalking the streets of Furiae.",
dlg_fs6,dlg,EntryList/17/Text,0,-1,"Given the death of the spiritual advisor, a woman known as Aladara, some are wondering if it is connected to the assassinations of the Corano family mere days ago.",
dlg_fs6,dlg,EntryList/18/Text,0,-1,"Investigators and Harmonium agents are keeping their eyes open for any other indicators of this serial killer. Citizens are cautioned not to let strangers into their houses, to lock your doors at all times, and to report any suspicious activity to law enforcement immediately.",
dlg_fs6,dlg,EntryList/2/Text,0,-1,"Worldwine has plagued our streets for months, weakening our populace and endangering our citizens. Evidence has now been uncovered of the extent of the organization bringing this substance into our city. This first wave of arrests is but the first step to end the sale and distribution of worldwine altogether.",
dlg_fs6,dlg,EntryList/3/Text,0,-1,"""Thanks to several hard-working individuals, some of the major players in the operation have been taken off the streets,"" said investigator Captain Lucenna. Others in the investigation have suggested that the operation may have been the plot of treasonous revolutionaries, seeking to weaken the city.",
dlg_fs6,dlg,EntryList/4/Text,0,-1,"In fact, evidence suggests that the rebels benefit greatly from the use of the substance. Anyone in possession of worldwine will be immediately suspected of rebel leanings and taken in for questioning.",
dlg_fs6,dlg,EntryList/5/Text,0,-1,"As always, citizens who provide information to assist the investigation will be rewarded.",
dlg_fs6,dlg,EntryList/6/Text,0,-1,"Yesterday, opposing groups of mercenaries fought to the death in the halls and rooms of the infamous Soul Trade Inn. Authorities arrived on the scene to help maintain order at the venerable establishment.
",
dlg_fs6,dlg,EntryList/7/Text,0,-1,"The Inn is the largest such business in Furiae, catering to travellers from across the planes since the gates of the city were opened. It has also become home to many who were trapped in the city as a result of the Arrival. As such, it has long been a respected institution by the rulers of Furiae.
",
dlg_fs6,dlg,EntryList/8/Text,0,-1,"""In the wake of this illegal skirmish in our establishment, we will be significantly increasing our private security forces,"" said Federus Norial, proprietor of the inn. ""Our patrons must feel safe. That said, we will also increase screening of those looking for rooms, as some of those killed in the battle seemed to have criminal ties themselves. We were shocked!""",
dlg_fs6,dlg,EntryList/9/Text,0,-1,"This recent attack suggests that no place is safe from criminal activity without significant oversight. The Soul Trade Inn has long been allowed to maintain a level of self-regulation, but in light of these events, law enforcement has suggested it will be increasing its presence in the area.
",
dlg_fs6,dlg,ReplyList/0/Text,0,-1,Close newssheet,
dlg_fs6,dlg,ReplyList/1/Text,0,-1,First String of Arrests Made in Worldwine Investigation,
dlg_fs6,dlg,ReplyList/10/Text,0,-1,Next,
dlg_fs6,dlg,ReplyList/11/Text,0,-1,Next,
dlg_fs6,dlg,ReplyList/12/Text,0,-1,Close newssheet,
dlg_fs6,dlg,ReplyList/13/Text,0,-1,Back to top,
dlg_fs6,dlg,ReplyList/14/Text,0,-1,Businesses Attacked -- Merchants Wonder If They're Next,
dlg_fs6,dlg,ReplyList/15/Text,0,-1,Next,
dlg_fs6,dlg,ReplyList/16/Text,0,-1,Next,
dlg_fs6,dlg,ReplyList/17/Text,0,-1,Next,
dlg_fs6,dlg,ReplyList/18/Text,0,-1,Close newssheet,
dlg_fs6,dlg,ReplyList/19/Text,0,-1,Back to top,
dlg_fs6,dlg,ReplyList/2/Text,0,-1,Next,
dlg_fs6,dlg,ReplyList/20/Text,0,-1,Next,
dlg_fs6,dlg,ReplyList/21/Text,0,-1,Serial Killer Stalking the City?,
dlg_fs6,dlg,ReplyList/22/Text,0,-1,Next,
dlg_fs6,dlg,ReplyList/23/Text,0,-1,Next,
dlg_fs6,dlg,ReplyList/24/Text,0,-1,Next,
dlg_fs6,dlg,ReplyList/25/Text,0,-1,Close newssheet,
dlg_fs6,dlg,ReplyList/26/Text,0,-1,Back to top,
dlg_fs6,dlg,ReplyList/3/Text,0,-1,Next,
dlg_fs6,dlg,ReplyList/4/Text,0,-1,Next,
dlg_fs6,dlg,ReplyList/5/Text,0,-1,Next,
dlg_fs6,dlg,ReplyList/6/Text,0,-1,Close newssheet,
dlg_fs6,dlg,ReplyList/7/Text,0,-1,Back to top,
dlg_fs6,dlg,ReplyList/8/Text,0,-1,Skirmish at the Soul Trade Inn,
dlg_fs6,dlg,ReplyList/9/Text,0,-1,Next,
dlg_hub_door,dlg,EntryList/0/Text,0,-1,Where would you like to go?,
dlg_hub_door,dlg,EntryList/1/Text,0,-1,Are you sure you wish to leave? You're pretty sure you won't have the time to return.,
dlg_hub_door,dlg,EntryList/10/Text,0,-1,"You shouldn't leave the area until you complete your investigation. You haven't learned anything yet that would help you with this lead.
",
dlg_hub_door,dlg,EntryList/11/Text,0,-1,"Are you sure you wish to leave? You're pretty sure you won't have the time to return.
",
dlg_hub_door,dlg,EntryList/12/Text,0,-1,You shouldn't leave the area until you complete your investigation. You haven't found anything yet that would help you with this lead.,
dlg_hub_door,dlg,EntryList/13/Text,0,-1,"Where in the city would you like to travel?
",
dlg_hub_door,dlg,EntryList/14/Text,0,-1,"Are you sure you wish to travel to the Soul Trade Inn? You won't be able to return here until your investigation is finished.
",
dlg_hub_door,dlg,EntryList/15/Text,0,-1,"You do not have time today to further your investigations. You'll have to get some sleep and continue your investigation tomorrow. 
",
dlg_hub_door,dlg,EntryList/16/Text,0,-1,"Are you sure you wish to travel to the North Market district? You won't be able to return here until your investigation is finished.
",
dlg_hub_door,dlg,EntryList/17/Text,0,-1,"You do not have time today to further your investigations. You'll have to get some sleep and continue your investigation tomorrow. 
",
dlg_hub_door,dlg,EntryList/18/Text,0,-1,"Are you sure you wish to travel to the Teeth of Orisaw? You won't be able to return here until your investigation is finished.
",
dlg_hub_door,dlg,EntryList/19/Text,0,-1,"You do not have time today to further your investigations. You'll have to get some sleep and continue your investigation tomorrow. 
",
dlg_hub_door,dlg,EntryList/2/Text,0,-1,You shouldn't leave the area until you complete your investigation. You haven't found anything yet that would help you with this lead.,
dlg_hub_door,dlg,EntryList/20/Text,0,-1,"Are you sure you wish to travel to Rooster's Roost? You won't be able to return here until your investigation is finished.
",
dlg_hub_door,dlg,EntryList/21/Text,0,-1,"You do not have time today to further your investigations. You'll have to get some sleep and continue your investigation tomorrow. 

",
dlg_hub_door,dlg,EntryList/22/Text,0,-1,"Are you sure you wish to travel to Midtown? You won't be able to return here until your investigation is finished.

",
dlg_hub_door,dlg,EntryList/23/Text,0,-1,"You do not have time today to further your investigations. You'll have to get some sleep and continue your investigation tomorrow. 
",
dlg_hub_door,dlg,EntryList/24/Text,0,-1,"Are you sure you wish to travel to Rathole? You won't be able to return here until your investigation is finished.
",
dlg_hub_door,dlg,EntryList/25/Text,0,-1,You do not have time today to further your investigations. You'll have to get some sleep and continue your investigation tomorrow. ,
dlg_hub_door,dlg,EntryList/26/Text,0,-1,You must gather your party before venturing forth,
dlg_hub_door,dlg,EntryList/3/Text,0,-1,Are you sure you wish to leave? You're pretty sure you won't have the time to return.,
dlg_hub_door,dlg,EntryList/4/Text,0,-1,You shouldn't leave the area until you complete your investigation. You haven't found anything yet that would help you with this lead.,
dlg_hub_door,dlg,EntryList/5/Text,0,-1,"Are you sure you wish to leave? You're pretty sure you won't have the time to return.
",
dlg_hub_door,dlg,EntryList/6/Text,0,-1,You shouldn't leave the area until you complete your investigation. You haven't found anything yet that would help you with this lead.,
dlg_hub_door,dlg,EntryList/7/Text,0,-1,"Are you sure you wish to leave? You're pretty sure you won't have the time to return.
",
dlg_hub_door,dlg,EntryList/8/Text,0,-1,"You shouldn't leave the area until you complete your investigation. You haven't found anything yet that would help you with this lead. Perhaps the villa holds records of note.

",
dlg_hub_door,dlg,EntryList/9/Text,0,-1,"Are you sure you wish to leave? You're pretty sure you won't have the time to return.
",
dlg_hub_door,dlg,ReplyList/0/Text,0,-1,Never mind,
dlg_hub_door,dlg,ReplyList/1/Text,0,-1,The Sea Market,
dlg_hub_door,dlg,ReplyList/10/Text,0,-1,Yes,
dlg_hub_door,dlg,ReplyList/11/Text,0,-1,End Conversation,
dlg_hub_door,dlg,ReplyList/12/Text,0,-1,Not yet,
dlg_hub_door,dlg,ReplyList/13/Text,0,-1,Yes,
dlg_hub_door,dlg,ReplyList/14/Text,0,-1,End Conversation,
dlg_hub_door,dlg,ReplyList/15/Text,0,-1,Not yet,
dlg_hub_door,dlg,ReplyList/16/Text,0,-1,Yes,
dlg_hub_door,dlg,ReplyList/17/Text,0,-1,End Conversation,
dlg_hub_door,dlg,ReplyList/18/Text,0,-1,Not Yet,
dlg_hub_door,dlg,ReplyList/19/Text,0,-1,Yes,
dlg_hub_door,dlg,ReplyList/2/Text,0,-1,My neighborhood,
dlg_hub_door,dlg,ReplyList/20/Text,0,-1,End Conversation,
dlg_hub_door,dlg,ReplyList/21/Text,0,-1,Never mind,
dlg_hub_door,dlg,ReplyList/22/Text,0,-1,The Soul Trade Inn in the North Market district,
dlg_hub_door,dlg,ReplyList/23/Text,0,-1,Not yet. I still have a few things to do.,
dlg_hub_door,dlg,ReplyList/24/Text,0,-1,Yes,
dlg_hub_door,dlg,ReplyList/25/Text,0,-1,End Conversation,
dlg_hub_door,dlg,ReplyList/26/Text,0,-1,"Aladara's neighborhood in the North Market district
",
dlg_hub_door,dlg,ReplyList/27/Text,0,-1,Not yet. I still have a few things to do.,
dlg_hub_door,dlg,ReplyList/28/Text,0,-1,Yes,
dlg_hub_door,dlg,ReplyList/29/Text,0,-1,End Conversation,
dlg_hub_door,dlg,ReplyList/3/Text,0,-1,Not yet,
dlg_hub_door,dlg,ReplyList/30/Text,0,-1,The Corano villa in the Teeth of Orisaw,
dlg_hub_door,dlg,ReplyList/31/Text,0,-1,Not yet. I still have a few things to do.,
dlg_hub_door,dlg,ReplyList/32/Text,0,-1,Yes,
dlg_hub_door,dlg,ReplyList/33/Text,0,-1,End Conversation,
dlg_hub_door,dlg,ReplyList/34/Text,0,-1,The Rooster's Roost in the North Market district,
dlg_hub_door,dlg,ReplyList/35/Text,0,-1,Not yet. I still have a few things to do. ,
dlg_hub_door,dlg,ReplyList/36/Text,0,-1,Yes,
dlg_hub_door,dlg,ReplyList/37/Text,0,-1,End Conversation,
dlg_hub_door,dlg,ReplyList/38/Text,0,-1,The municipal district in Midtown,
dlg_hub_door,dlg,ReplyList/39/Text,0,-1,Not yet. I still have a few things to do.,
dlg_hub_door,dlg,ReplyList/4/Text,0,-1,Yes,
dlg_hub_door,dlg,ReplyList/40/Text,0,-1,Yes,
dlg_hub_door,dlg,ReplyList/41/Text,0,-1,End Conversation,
dlg_hub_door,dlg,ReplyList/42/Text,0,-1,The streets of Rathole,
dlg_hub_door,dlg,ReplyList/43/Text,0,-1,Not yet. I still have a few things to do.,
dlg_hub_door,dlg,ReplyList/44/Text,0,-1,Yes,
dlg_hub_door,dlg,ReplyList/45/Text,0,-1,End Conversation,
dlg_hub_door,dlg,ReplyList/46/Text,0,-1,The Sea Market,
dlg_hub_door,dlg,ReplyList/47/Text,0,-1,My neighborhood,
dlg_hub_door,dlg,ReplyList/5/Text,0,-1,End Conversation,
dlg_hub_door,dlg,ReplyList/6/Text,0,-1,Not yet,
dlg_hub_door,dlg,ReplyList/7/Text,0,-1,Yes,
dlg_hub_door,dlg,ReplyList/8/Text,0,-1,End Conversation,
dlg_hub_door,dlg,ReplyList/9/Text,0,-1,Not yet,
dlg_rag0,dlg,EntryList/0/Text,0,-1,"Renegade Rag, #0000",
dlg_rag0,dlg,EntryList/1/Text,0,-1,"What lies do our illustrious leaders peddle to the populace -- and are they co-conspirators in the conflict for control, or puppets to the poisonous poetry of their baatezu taskmasters?
",
dlg_rag0,dlg,EntryList/2/Text,0,-1,"In other words, who actually administers the law in Furiae? Does Ovida own the order? After the Arrival, it seems more and more that the devils deserve that distinction. Are Cascare controlling the courts, or are they in thrall to things of the Nine Hells? Are they perhaps possessed??",
dlg_rag0,dlg,EntryList/3/Text,0,-1,"How can we believe the bloviations our supposed rulers, our precious nobility, when real and actual devils stalk the streets? Nay, Furiae falls no longer under their forces. It is the baatezu we must battle, before Furiae can be free of fascist rule!",
dlg_rag0,dlg,EntryList/4/Text,0,-1,"So remember -- these beasts cannot be burned, cannot be poisoned. Turn to your silver, your lightning if you can, and make our city safe once again!",
dlg_rag0,dlg,ReplyList/0/Text,0,-1,Close newssheet,
dlg_rag0,dlg,ReplyList/1/Text,0,-1,HOUSE CASCARE -- DANGEROUS DEMagogues or clueless conspirators?,
dlg_rag0,dlg,ReplyList/2/Text,0,-1,Next,
dlg_rag0,dlg,ReplyList/3/Text,0,-1,Next,
dlg_rag0,dlg,ReplyList/4/Text,0,-1,Next,
dlg_rag0,dlg,ReplyList/5/Text,0,-1,Close newssheet,
dlg_rag0,dlg,ReplyList/6/Text,0,-1,Back to top,
dlg_rag1,dlg,EntryList/0/Text,0,-1,"Renegade Rag, #1340 - Truth Before Surrender",
dlg_rag1,dlg,EntryList/1/Text,0,-1,"What lies do our illustrious leaders peddle to the populace -- and are they co-conspirators in the conflict for control, or puppets to the poisonous poetry of their baatezu taskmasters?
",
dlg_rag1,dlg,EntryList/2/Text,0,-1,"In other words, who actually administers the law in Furiae? Does Overlord Ovida own the order? After the Arrival, it seems more and more that the devils deserve that distinction. Are House Cascare controlling the courts, or are they in thrall to things of the Nine Hells? Are they perhaps possessed??",
dlg_rag1,dlg,EntryList/3/Text,0,-1,"How can we believe the bloviations of our supposed rulers, our precious nobility, when Real and Actual devils stalk the streets? Nay, Furiae falls no longer under their forces. It is the baatezu we must battle, before Furiae can be free of fascist rule!",
dlg_rag1,dlg,EntryList/4/Text,0,-1,"So remember -- these beasts cannot be burned, cannot be poisoned. Turn to your silver, your lightning if you can, and make our city safe once again!",
dlg_rag1,dlg,ReplyList/0/Text,0,-1,Close newssheet,
dlg_rag1,dlg,ReplyList/1/Text,0,-1,HOUSE CASCARE -- DANGEROUS DEMAGOGUES OR CLUELESS CONSPIRATORS?,
dlg_rag1,dlg,ReplyList/2/Text,0,-1,Next,
dlg_rag1,dlg,ReplyList/3/Text,0,-1,Next,
dlg_rag1,dlg,ReplyList/4/Text,0,-1,Next,
dlg_rag1,dlg,ReplyList/5/Text,0,-1,Close newssheet,
dlg_rag1,dlg,ReplyList/6/Text,0,-1,Back to top,
dlg_rag2,dlg,EntryList/0/Text,0,-1,"Renegade Rag, #1341 - Truth Before Surrender",
dlg_rag2,dlg,EntryList/1/Text,0,-1,"There has been much banter bandied about regarding the recent reception of the street substance known as ""worldwine"". Many perceive it a plague on our people, reducing restless and bereft residents to mindless mannequins who merely accept all that fate foists upon them in their dreamlike dazes.",
dlg_rag2,dlg,EntryList/2/Text,0,-1,"These vocal and virtue-signalling viewers prefer to place blame on the affected for falling into their fugue state, vehemently vowing that these victims deserve all the visitation and vice overrunning the vicinity! But *victims* is what this new potion's purchasers are: victims of a vile system that subjugates those civilians unable to survive under its shackles. Victims who should be vindicated.",
dlg_rag2,dlg,EntryList/3/Text,0,-1,"If you have caught yourself blaming the buzzed Rathole boarders, I understand the impulse, but resist!",
dlg_rag2,dlg,EntryList/4/Text,0,-1,"As we well know, unemployment is a massive and meaningful matter for the city. The Baatezu and House Cascare would have you thanking them for their newfound tolerance of travel and trade in the Outlands. These measures matter to the moneyed and imminent, but remain out of reach for the masses.",
dlg_rag2,dlg,EntryList/5/Text,0,-1,"For some, it must be understood, worldwine is the only relief they can find in a city that seeks to sink and subsume them entirely. It is sad, yes, but it cannot be condemned as evil. That label must be reserved for those who put us in this position in the first place!",
dlg_rag2,dlg,EntryList/6/Text,0,-1,"Further clouding the context, even though only one group guards the method and means to mete out more worldwine, price per potion proceeds to precipitously plummet. Why? This syndicate's savagely savvy sales strategy is centered on showering a stricken and strapped society with a swiftly (but shortly) satisfying substance. A substance they'll soon find they can't survive the next day without.",
dlg_rag2,dlg,EntryList/7/Text,0,-1,"Put plainly, this potent pharmaceutical -- worldwine -- is the only affordable escape at hand for our most dispossessed denizens. Let us not judge them so harshly; let us judge the society that scorned them.",
dlg_rag2,dlg,ReplyList/0/Text,0,-1,Close newssheet,
dlg_rag2,dlg,ReplyList/1/Text,0,-1,WORLDWINE -- PROVIDING NECESSARY RELIEF FOR SOME,
dlg_rag2,dlg,ReplyList/2/Text,0,-1,Next,
dlg_rag2,dlg,ReplyList/3/Text,0,-1,Next,
dlg_rag2,dlg,ReplyList/4/Text,0,-1,Next,
dlg_rag2,dlg,ReplyList/5/Text,0,-1,Next,
dlg_rag2,dlg,ReplyList/6/Text,0,-1,Next,
dlg_rag2,dlg,ReplyList/7/Text,0,-1,Next,
dlg_rag2,dlg,ReplyList/8/Text,0,-1,Close newssheet,
dlg_rag2,dlg,ReplyList/9/Text,0,-1,Back to top,
dlg_rag3,dlg,EntryList/0/Text,0,-1,"Renegade Rag, #1342 - Truth Before Surrender",
dlg_rag3,dlg,EntryList/1/Text,0,-1,"Regret reaches the Rag today as renowned revolutionary Regiallan ""Reggie"" Reillico was removed from the ranks of the rebels.",
dlg_rag3,dlg,EntryList/2/Text,0,-1,"Known for nothing less than nine noteworthy fights with Furiae forces during the pre-Arrival rebellion, Reggie remained devoted to defiance despite the devils in our post-Arrival predicament.",
dlg_rag3,dlg,EntryList/3/Text,0,-1,"Alas, almost a year ago, the vigilante vanished from his veranda. Friends of the paper postulated the Secret Police were perhaps to blame, after a years-long yearning to arrest, arraign, and make him answer for his actions.",
dlg_rag3,dlg,EntryList/4/Text,0,-1,"We must assume that in the year since, Reggie was subjected to Questioning and Torture; the length of that imprisonment gives us hope that he held out against his enemies.",
dlg_rag3,dlg,EntryList/5/Text,0,-1,"Our new planar position also provides hope that he has a happy future despite death. Proof that we persist post-death exists in the Petitioners, and we wish Reggie an exciting existence in the Domain of Trithereon, wherever it may be.",
dlg_rag3,dlg,ReplyList/0/Text,0,-1,Close newssheet,
dlg_rag3,dlg,ReplyList/1/Text,0,-1,SAD DAY AS RENOWNED REVOLUTIONARY EXECUTED,
dlg_rag3,dlg,ReplyList/2/Text,0,-1,Next,
dlg_rag3,dlg,ReplyList/3/Text,0,-1,Next,
dlg_rag3,dlg,ReplyList/4/Text,0,-1,Next,
dlg_rag3,dlg,ReplyList/5/Text,0,-1,Next,
dlg_rag3,dlg,ReplyList/6/Text,0,-1,Close newssheet,
dlg_rag3,dlg,ReplyList/7/Text,0,-1,Back to top,
dlg_rag4,dlg,EntryList/0/Text,0,-1,"Renegade Rag, #1343 - Truth Before Surrender",
dlg_rag4,dlg,EntryList/1/Text,0,-1,"Yesterday, several members of House Corano, one of the Largest Local Landowners, were ASSASSINATED.",
dlg_rag4,dlg,EntryList/2/Text,0,-1,"By all accounts, the murders were bloody, and included Two Children! What Manner of Monster would mandate such a heinous and horrendous happenstance?",
dlg_rag4,dlg,EntryList/3/Text,0,-1,"Why, none other than our own ostensibly righteous rulers, the cowardly Cascares!",
dlg_rag4,dlg,EntryList/4/Text,0,-1,"Cascare has long loomed large over our fragile Furiae, and though both houses had a hand in the deadly deal with the devils during the Pre-Arrival civil war, the Cascares have yearly yearned for increased influence in the matters material such as the navy and economic estates and events!",
dlg_rag4,dlg,EntryList/5/Text,0,-1,"Ridding themselves of their rivals in House Corano, who have holdings throughout the city and garner great favour in the mighty military, gives them greater political power in Furiae and in the eyes of the ever-present evils, perhaps pushing us closer to permanent participation in the plots of Avernus.",
dlg_rag4,dlg,EntryList/6/Text,0,-1,Even now they scramble to secure safety from Sigilian Support -- an angle enviously opposed by the Coranos. What manner of evil are they cooking up in their roosts high above the common man's homes? Dare we wait to find out?,
dlg_rag4,dlg,ReplyList/0/Text,0,-1,Close newssheet,
dlg_rag4,dlg,ReplyList/1/Text,0,-1,HOUSE CORANO ASSASSINATED -- MAKES WAY FOR CASCARE POWER GRAB,
dlg_rag4,dlg,ReplyList/2/Text,0,-1,Next,
dlg_rag4,dlg,ReplyList/3/Text,0,-1,Next,
dlg_rag4,dlg,ReplyList/4/Text,0,-1,Next,
dlg_rag4,dlg,ReplyList/5/Text,0,-1,Next,
dlg_rag4,dlg,ReplyList/6/Text,0,-1,Next,
dlg_rag4,dlg,ReplyList/7/Text,0,-1,Close newssheet,
dlg_rag4,dlg,ReplyList/8/Text,0,-1,Back to top,
dlg_rag5,dlg,EntryList/0/Text,0,-1,"Renegade Rag, #1344 - Truth Before Surrender",
dlg_rag5,dlg,EntryList/1/Text,0,-1,The fight for freedom in Furiae has acquired an additional ally.,
dlg_rag5,dlg,EntryList/2/Text,0,-1,"Yesterday, a slaver's safehouse was Assailed and Assaulted. The despicable degenerates profiting on the sale of mortal lives have largely been slain and will slave no more. Just one of an assortment of such slavery operations in this city, yes, but no doubt a start.",
dlg_rag5,dlg,EntryList/3/Text,0,-1,"Yesterday, someone put a stop to an odious operation in the North Market neighbourhood. Someone was OPERATING on helpless slaves, seemingly solely for pleasure. But that soulless savage has been stopped. Though no victims survived, there will be no more.",
dlg_rag5,dlg,EntryList/4/Text,0,-1,"Yesterday, someone put a stop to an odious operation in the North Market neighbourhood. Someone was OPERATING on helpless slaves, seemingly solely for pleasure. But that soulless savage has been stopped. The surviving victims are safe.",
dlg_rag5,dlg,EntryList/5/Text,0,-1,"These events seem not to be associated to any specific revolutionary exercise, but are certainly welcomed by us at the Rag. Does Furiae have a new vigilante on its streets? Can we anticipate more actions like this? Or was this an isolated incident with more monstrous motives?",
dlg_rag5,dlg,EntryList/6/Text,0,-1,"Only time will tell, but we are hopeful that we really do have a new warrior for the cause of true justice!",
dlg_rag5,dlg,ReplyList/0/Text,0,-1,Close newssheet,
dlg_rag5,dlg,ReplyList/1/Text,0,-1,VIGILANTE WALKS OUR STREETS,
dlg_rag5,dlg,ReplyList/2/Text,0,-1,Next,
dlg_rag5,dlg,ReplyList/3/Text,0,-1,Next,
dlg_rag5,dlg,ReplyList/4/Text,0,-1,Next,
dlg_rag5,dlg,ReplyList/5/Text,0,-1,Next,
dlg_rag5,dlg,ReplyList/6/Text,0,-1,Next,
dlg_rag5,dlg,ReplyList/7/Text,0,-1,Close newssheet,
dlg_rag5,dlg,ReplyList/8/Text,0,-1,Back to top,
dlg_rag6,dlg,EntryList/0/Text,0,-1,"Renegade Rag, #1345 - Truth Before Surrender",
dlg_rag6,dlg,EntryList/1/Text,0,-1,"All across our urban apartments, residents have had restless reposes recently. Many informants notify us that nightmares are the source of the sleeplessness!",
dlg_rag6,dlg,EntryList/2/Text,0,-1,One woman who works with folks who wet their whistle with worldwine reports relatively greater restlessness among those vulnerable voices. Dreamlike days have descended into evening insomnia. Worldwine users wake woefully.,
dlg_rag6,dlg,EntryList/3/Text,0,-1,"This must be a malignant means of stopping the spread of the substance by our devilish despots, perhaps a profane punishment! What rituals do their warlocks recite to remove the substance -- indeed, whole spectrums of civilians -- from the streets?",
dlg_rag6,dlg,EntryList/4/Text,0,-1,"We must resist the resulting tightening of the fist of fascism, for Furiae will fail without the fearless survival of its set-upon citizens. Stand against the servants of evil. Do what you must to survive.",
dlg_rag6,dlg,ReplyList/0/Text,0,-1,Close newssheet,
dlg_rag6,dlg,ReplyList/1/Text,0,-1,SLEEPLESSNESS STRIKES -- DEVILS PROFIT,
dlg_rag6,dlg,ReplyList/2/Text,0,-1,Next,
dlg_rag6,dlg,ReplyList/3/Text,0,-1,Next,
dlg_rag6,dlg,ReplyList/4/Text,0,-1,Next,
dlg_rag6,dlg,ReplyList/5/Text,0,-1,Close newssheet,
dlg_rag6,dlg,ReplyList/6/Text,0,-1,Back to top,
dlg_setup,dlg,EntryList/0/Text,0,-1,"Now that you are prepared, you can start your adventure!",
dlg_setup,dlg,EntryList/1/Text,0,-1,"WELCOME TO DDF 2

Here is some info about the Module. 

Blah blah blah. ",
dlg_setup,dlg,EntryList/2/Text,0,-1,Now you must decide on the Background of the Party. ,
dlg_setup,dlg,ReplyList/0/Text,0,-1,End,
dlg_setup,dlg,ReplyList/1/Text,0,-1,Next,
dlg_setup,dlg,ReplyList/2/Text,0,-1,Next,
dlg_setup,dlg,ReplyList/3/Text,0,-1,I pretty much work for myself,
dlg_setup,dlg,ReplyList/4/Text,0,-1,I am a Cop,
dlg_setup,dlg,ReplyList/5/Text,0,-1,I am a revolutionary,
dmv_001,dlg,EntryList/0/Text,0,-1,"There is a manic gnome trying to get your attention, who clearly may have some answers about the warehouse that just exploded -- best hear what he has to say before you move on.",
dmv_002,dlg,EntryList/0/Text,0,-1,You may sleep here if you wish to move on to the next day and continue your investigations.,
dmv_002,dlg,EntryList/1/Text,0,-1,It's still early and there's work to do; this is no time to sleep. Continue your investigation before returning.,
dmv_002,dlg,EntryList/2/Text,0,-1,"You may sleep in your apartment if you wish to move on to the next day and begin your investigations. You may wish to explore and prepare, first.",
dmv_002,dlg,EntryList/3/Text,0,-1,This isn't a good time to rest now that there is a rattled gnome in your apartment that just blew up a warehouse. Maybe later.,
dmv_002,dlg,ReplyList/0/Text,0,-1,Don't sleep yet,
dmv_002,dlg,ReplyList/1/Text,0,-1,Go to sleep,
dmv_002,dlg,ReplyList/2/Text,0,-1,Go to sleep,
dmv_003,dlg,EntryList/0/Text,0,-1,"Before you leave, you should probably speak to the rattled gnome in your apartment that just blew up a warehouse.",
dmv_004,dlg,EntryList/0/Text,0,-1,"You may sleep in your apartment if you wish to move on to the next day and begin your investigations. You may wish to explore and prepare, first.",
dmv_004,dlg,ReplyList/0/Text,0,-1,Don't sleep yet.,
dmv_004,dlg,ReplyList/1/Text,0,-1,Go to sleep.,
dmv_005,dlg,EntryList/0/Text,0,-1,Are you sure you wish to travel to the Midtown Municipal District? You won't be able to return here until your investigation is finished.,
dmv_005,dlg,ReplyList/0/Text,0,-1,Not yet. I still have a few things to do.,
dmv_005,dlg,ReplyList/1/Text,0,-1,Yes.,
docu_001,dlg,EntryList/0/Text,0,-1,"Various scraps of paper and copies of the Sentinel. It forms a loose tapestry of names, dates, and places, including an article about the warehouse explosion. The question ""Was it the gnome?"" is written in neat hand underneath.",
docu_002,dlg,EntryList/0/Text,0,-1,"Among the documents is the name ""Ulan"" circled several times with the words ""slaves"" and ""sources"" written close by. A smaller scrap of paper reads ""Start here."" 

",
docu_003,dlg,EntryList/0/Text,0,-1,This pile of documents details the comings and goings of the agents of Harasi's part of the worldwine operation. Harasi has started to expand the scope of her dealing by beginning to probe into areas of town held firm by rule of law.,
docu_004,dlg,EntryList/0/Text,0,-1,"A diagram here mentions several names associated with the worldwine operation with threads linking them, one to the other. The threads start with the slaver Ulan and a written question ""How does he get the material for the worldwine? Why is House Corano = best customer? Maybe time to make direct contact. How does the spiritual advisor fit in? Find her steward and squeeze for info.""",
docu_005,dlg,EntryList/0/Text,0,-1,"Dawkins's Sausages -- A title to a butcher specializing in ""Butchery and Meats Fit for a Gentleman""",
docu_005,dlg,ReplyList/0/Text,0,-1,Leave,
docu_006,dlg,EntryList/0/Text,0,-1,"Webb of Lies -- A title for a private investigation firm in Rathole by ""A Consortium of Concerned Citizens and Not 3 Dogs in a Cloak""",
docu_006,dlg,ReplyList/0/Text,0,-1,Leave,
docu_007,dlg,EntryList/0/Text,0,-1,"Patents for various fashionable armors attributed to one Harasi. Particular attention is paid to hidden sheaths and pockets to hold vials, ""in case a Lady gets dehydrated.""",
docu_007,dlg,ReplyList/0/Text,0,-1,Leave,
docu_008,dlg,EntryList/1/Text,0,-1,"A stack of disparate papers outlining the forging and sale of what you figure to be the various components to a printing press. These contracts are all taken out by the same client, Ren A. Gade but the parts are spread across various smiths and tinkerers. ",
docu_008,dlg,EntryList/2/Text,0,-1,"Should someone put this together, it could spell trouble for the operation of the Renegade Rag.",
docu_008,dlg,ReplyList/0/Text,0,-1,Leave,
docu_008,dlg,ReplyList/1/Text,0,-1,Next,
docu_008,dlg,ReplyList/2/Text,0,-1,Leave,
docu_008,dlg,ReplyList/3/Text,0,-1,Destroy documents,
docu_009,dlg,EntryList/0/Text,0,-1,A sheaf of papers crumpled on the ground that appear to be a collection of designs for new guard outfits with several conflicting hands writing in the margins asking for minor changes. ,
docu_009,dlg,EntryList/1/Text,0,-1,"On the last page someone has written across the final iteration of designs in an angry script, ""IF WE DID EVERYTHING THEY'D LOOK LIKE OVERDRESSED CABBAGES! LET ME DO MY JOB!""",
docu_009,dlg,ReplyList/0/Text,0,-1,Next,
docu_009,dlg,ReplyList/1/Text,0,-1,Leave,
docu_010,dlg,EntryList/0/Text,0,-1,"You find a scroll here... It's a copy of the original Revolutionary manifesto, originally spoken from the block in Exsanguination Square, from before the Arrival. It's quite stirring. You can understand why this got people worked up before the speaker was exsanguinated.",
docu_010,dlg,ReplyList/0/Text,0,-1,Leave,
docu_011,dlg,EntryList/0/Text,0,-1,"A small stack of children's books bound in twine with a wooden block tied to it marked ""SEDITIOUS"" in red block letters. Someone really didn't want Furiae children to read about rabbits working together to grow their own garden.",
docu_011,dlg,ReplyList/0/Text,0,-1,Leave,
docu_012,dlg,EntryList/0/Text,0,-1,"You find a small bag here with scraps of paper and a leather book cover inside, torn up and slashed. It seems to be a collection of poetry about freedom, love, and ""thoughtful engagement with your fellow citizens."" A bit more digging reveals it was written by a ""Claudia Corano"" over 100 years ago.",
docu_012,dlg,ReplyList/0/Text,0,-1,Leave,
docu_013,dlg,EntryList/0/Text,0,-1,This blue bound book contains so many varieties of parade patterns and formal etiquette for High City Guards it makes your head spin. You had no idea there were so many ways to bow to nobles.,
docu_013,dlg,ReplyList/0/Text,0,-1,Leave,
docu_014,dlg,EntryList/0/Text,0,-1,"The Cochrane Doctrine --  A rough draft of first contact protocol for The Velvet Glove, Furiae's chief diplomatic vessel and first line of defense. Written by Captain D. Cochrane, the commander of the vessel back when she was a Lieutenant.",
docu_014,dlg,EntryList/1/Text,0,-1,"The document contains notes from a ""Review Board"" about how presumptuous such a ""brash, arrogant young woman must be to dare suggest we need a shift in thought."" The most glowing notes are from Vice Admiral Yenn Corano who pushes for her to be given full command of the vessel.",
docu_014,dlg,ReplyList/0/Text,0,-1,Next,
docu_014,dlg,ReplyList/1/Text,0,-1,Leave,
docu_015,dlg,EntryList/0/Text,0,-1,"""How to Spot Seditious Thoughts and Seditious Ways,"" by Traxelaxius -- This pamphlet is written in both Common and some infernal hand as a handout to the City Guard of Furiae from before The Arrival. It is no longer in circulation.",
docu_015,dlg,ReplyList/0/Text,0,-1,Leave,
docu_016,dlg,EntryList/0/Text,0,-1,"This piece of paper seems to be a list of names of several infernals matched up with names of her informants and suggestions of various deals and contracts they might enter into. The suggested deals appear to benefit the informant, but all seem to have the added benefit of increasing the reach and influence of Harasi herself. It's either a smart or dastardly plan depending on how where you stand when you look at it.",
docu_016,dlg,ReplyList/0/Text,0,-1,End Conversation,
docu_017,dlg,EntryList/0/Text,0,-1,"This scroll seems to be one of many marked ""Possible Recruitment Targets"" along with detailed information on said targets and their comings and goings. Notable on this list is ""Forvor: Perhaps pay for access to planar knowledge for eventual expansion once worldwine is brought to heel."" Harasi is nothing if not ambitious.",
docu_017,dlg,ReplyList/0/Text,0,-1,End Conversation,
door_unopenable,dlg,EntryList/0/Text,0,-1,This is a private residence of no consequence; you can't get inside.,
draft_001,dlg,EntryList/0/Text,0,-1,"This document seems to be an incomplete draft of a journal entry or letter.
",
draft_001,dlg,EntryList/1/Text,0,-1,"I've been thinking, these past few years, about our position, our relationship with our... benefactors. How the original deal was crafted. 
",
draft_001,dlg,EntryList/2/Text,0,-1,"My thoughts bend toward our ultimate destination, Avernus. We would have power, as we were guaranteed. There we would claim our reward, our promised transformation into something much more than human. But the safety we were told would also be ours, I question. It is not a *safe* place. 
",
draft_001,dlg,EntryList/3/Text,0,-1,"It is a blasted landscape of near constant war. Machines of death driven across the wasteland by fiends of every description. An atmosphere thick with brimstone and tar, swarms of flesh-eating bugs, deadly sandstorms. Even given newfound power and eternal life, do you really think we could *thrive* there?
",
draft_001,dlg,EntryList/4/Text,0,-1,"Here, however, in the Outlands, we yet may. For whatever reason we have not yet slipped into Hell. There is a growing contingent of the minor houses -- those who did not sign into the deal, those houses who gain little from our future kingdom in Avernus but the safety we sold them -- who think we're best off here. Trade, wealth, power. I have to say, I'm beginning to agree with them -- contract be damned. 
",
draft_001,dlg,EntryList/5/Text,0,-1,"It is curious -- the Sea Market provides excellent evidence of how a looser grip replaces and even *increases* the wealth of the houses, yet so many would still opt for tighter control when we have so many more options now. Perhaps we could forge a new deal with a different benefactor who could see us free of the yoke of He...",
draft_001,dlg,EntryList/6/Text,0,-1,The draft ends there.,
draft_001,dlg,ReplyList/0/Text,0,-1,Leave,
draft_001,dlg,ReplyList/1/Text,0,-1,Read,
draft_001,dlg,ReplyList/2/Text,0,-1,Next,
draft_001,dlg,ReplyList/3/Text,0,-1,Next,
draft_001,dlg,ReplyList/4/Text,0,-1,Next,
draft_001,dlg,ReplyList/5/Text,0,-1,Next,
draft_001,dlg,ReplyList/6/Text,0,-1,Next,
draft_001,dlg,ReplyList/7/Text,0,-1,Leave,
drav_001,dlg,EntryList/0/Text,0,-1,"""Yessssss?""",
drav_001,dlg,EntryList/1/Text,0,-1,"""Are you with the guard? You have to tell me if you're a guard. It's the law.""",
drav_001,dlg,EntryList/10/Text,0,-1,"""Hmmmmm maybe?""",
drav_001,dlg,EntryList/11/Text,0,-1,"""I dooooooo like gold... Fine! If you wanna feel as good as me, you go talk to Kyla if she isn't in her office back there.""",
drav_001,dlg,EntryList/12/Text,0,-1,"[Failure] ""I don't like important things. Go away.""",
drav_001,dlg,EntryList/13/Text,0,-1,"""Super important?""",
drav_001,dlg,EntryList/14/Text,0,-1,"""Wow""",
drav_001,dlg,EntryList/15/Text,0,-1," ""Well, sure then. Damn. If you wanna feel as good as me, you go talk to Kyla if she isn't in her office back there.""",
drav_001,dlg,EntryList/16/Text,0,-1,"""...I can't believe that worked. Can I lick your badge?""",
drav_001,dlg,EntryList/17/Text,0,-1,"""Fine.""",
drav_001,dlg,EntryList/18/Text,0,-1,"*slurp* ""Tastes like coppers.""",
drav_001,dlg,EntryList/19/Text,0,-1,"""No. You're a guard.""
",
drav_001,dlg,EntryList/2/Text,0,-1,"[Failure] ""You liar! You're just a regular ol' basher like me. I can't believe you lied to me.""",
drav_001,dlg,EntryList/20/Text,0,-1,"[Failure] ""You sssmell like flatfoot and my mother didn't raise no snitch. Take your big flat feet out of here...""",
drav_001,dlg,EntryList/21/Text,0,-1,"[Success] ""Well, that's good to know. If you wanna feel as good as me, and you do because I feel great, you go talk to Kyla if she isn't in her office back there.""",
drav_001,dlg,EntryList/3/Text,0,-1,"""Oh, yeah, totally. Sorry I yelled. If you wanna feel as good as me, you go talk to Kyla if she isn't in her office back there.""",
drav_001,dlg,EntryList/4/Text,0,-1,"[Success] ""...I can't believe that worked. Can I lick your badge?""",
drav_001,dlg,EntryList/5/Text,0,-1,"""Fine.""",
drav_001,dlg,EntryList/6/Text,0,-1,"""That's disappointing.""",
drav_001,dlg,EntryList/7/Text,0,-1,"""No. You're a guard.""",
drav_001,dlg,EntryList/8/Text,0,-1,"""That's good.""
",
drav_001,dlg,EntryList/9/Text,0,-1,"""Oh, yeah! I'm not saying nothing. Go away.""",
drav_001,dlg,ReplyList/0/Text,0,-1,"""Nevermind. You spit all over my boots.""",
drav_001,dlg,ReplyList/1/Text,0,-1,"""Worldwine. Where can I get it?""",
drav_001,dlg,ReplyList/10/Text,0,-1,"""No.""",
drav_001,dlg,ReplyList/11/Text,0,-1,"""So, worldwine?""",
drav_001,dlg,ReplyList/12/Text,0,-1,"""Fine.""",
drav_001,dlg,ReplyList/13/Text,0,-1,"""Can I change your mind?""",
drav_001,dlg,ReplyList/14/Text,0,-1,"""Never mind.""",
drav_001,dlg,ReplyList/15/Text,0,-1,"""How about some gold?""",
drav_001,dlg,ReplyList/16/Text,0,-1,"""Thanks.""",
drav_001,dlg,ReplyList/17/Text,0,-1,"[Persuade] ""It's super important.""",
drav_001,dlg,ReplyList/18/Text,0,-1,End Conversation,
drav_001,dlg,ReplyList/19/Text,0,-1,"""Super important.""",
drav_001,dlg,ReplyList/2/Text,0,-1,"[Lie] ""Yes?""",
drav_001,dlg,ReplyList/20/Text,0,-1,"""Yep""",
drav_001,dlg,ReplyList/21/Text,0,-1,"""Thanks""",
drav_001,dlg,ReplyList/22/Text,0,-1,"""You got me. I'm a guard.""",
drav_001,dlg,ReplyList/23/Text,0,-1,"""Ugh, no!""",
drav_001,dlg,ReplyList/24/Text,0,-1,End Conversation,
drav_001,dlg,ReplyList/25/Text,0,-1,"""Sure?""",
drav_001,dlg,ReplyList/26/Text,0,-1,"""Now will you tell me where you get your worldwine?""",
drav_001,dlg,ReplyList/27/Text,0,-1,End Conversation,
drav_001,dlg,ReplyList/28/Text,0,-1,"[Lie] ""No.""",
drav_001,dlg,ReplyList/29/Text,0,-1,End Conversation,
drav_001,dlg,ReplyList/3/Text,0,-1,"""So... worldwine?""",
drav_001,dlg,ReplyList/30/Text,0,-1,Thanks,
drav_001,dlg,ReplyList/4/Text,0,-1,"""Thanks""",
drav_001,dlg,ReplyList/5/Text,0,-1,"""Ugh, no!""",
drav_001,dlg,ReplyList/6/Text,0,-1,End Conversation,
drav_001,dlg,ReplyList/7/Text,0,-1,"""I... don't have it on me.""",
drav_001,dlg,ReplyList/8/Text,0,-1,"""Now will you tell me where you get your worldwine?""",
drav_001,dlg,ReplyList/9/Text,0,-1,End Conversation,
dslv_001,dlg,EntryList/0/Text,0,-1,"""Ye let that berk go? Do ye even have thinking meat in that skull 'o yours? He's just gunna set up shop somewhere else, the craven bastard he is! I got no words fer someone like ye.""",
dslv_001,dlg,EntryList/1/Text,0,-1,"""Thank ye fer what ya did fer us there.""",
dslv_001,dlg,EntryList/2/Text,0,-1,"""A few, aye. Least I can do for a blood.""",
dslv_001,dlg,EntryList/3/Text,0,-1,"""What do ye need?""",
dslv_001,dlg,EntryList/4/Text,0,-1,"""Sod that.After all that? I thought our freedom 'ad come. Damn you, berk.""",
dslv_001,dlg,EntryList/5/Text,0,-1,"""Blessing on ye, blood.""",
dslv_001,dlg,EntryList/6/Text,0,-1,"""Thank ye, blood.""",
dslv_001,dlg,EntryList/7/Text,0,-1,"""Not the best. Some of these berks got the materials still in em. See there? If you look close ya can see the arm on that one stickin' out. Tha armpits a favorite place fer tha satchels.""",
dslv_001,dlg,EntryList/8/Text,0,-1,"""Too much and not enough. Ulan's got his fingers in burgs all over the lower planes. His ""recruiters"" promise the down an' out a better life, a bit o' coin, some hot food, and then BAM, yer in a ship hold with some wizard givin' you tha wammy and waking up with lumps in ya, on yer way here.""",
dslv_001,dlg,EntryList/9/Text,0,-1,...,
dslv_001,dlg,ReplyList/0/Text,0,-1,"""He got what was coming to him. Are you up for a few questions?""",
dslv_001,dlg,ReplyList/1/Text,0,-1,Next,
dslv_001,dlg,ReplyList/2/Text,0,-1,"""Legally, you are property of the state, now. Stay here and someone will come to collect you.""",
dslv_001,dlg,ReplyList/3/Text,0,-1,"""Here's some gold for a healer. Grab the keys and get out of here.""",
dslv_001,dlg,ReplyList/4/Text,0,-1,"""Grab the keys, get the collars off, and get out of here.""",
dslv_001,dlg,ReplyList/5/Text,0,-1,"""How is everyone doing?""",
dslv_001,dlg,ReplyList/6/Text,0,-1,Next,
dslv_001,dlg,ReplyList/7/Text,0,-1,"""What can you tell me about the slaving operation?""",
dslv_001,dlg,ReplyList/8/Text,0,-1,Next,
endg_001,dlg,EntryList/0/Text,0,-1,"Mog has fled you and the city in a flurry and magic and curses. In this reservoir, surrounded by stores of worldwine, a choice falls to you.
",
endg_001,dlg,EntryList/1/Text,0,-1,"Worldwine is poisonous to all outsiders, regardless of their inherent immunities. Dumping the worldwine into the reservoir will possibly loosen -- if not break -- the devil's hold on Furiae. It could have untold consequences, but maybe they will be worth it.",
endg_001,dlg,EntryList/10/Text,0,-1,"Slowly, you pack up what materials and worldwine you can, thinking of the gold you will be able to extract from the city above...",
endg_001,dlg,EntryList/11/Text,0,-1,"Slowly, you tip each barrel and container over into the rushing water, as the hag would have done -- but she can't feed on the dreams of the afflicted anymore. You wonder how the city will change as you watch the worldwine swirl away...",
endg_001,dlg,EntryList/2/Text,0,-1,"But there is also a lot of potential gold to be had here. There is enough worldwine to last quite some time and turn a tidy profit. Through your investigation, you have a ready-made model to start distribution. Even with a finite stock, the profits would last you the rest of your natural life without a worry. ",
endg_001,dlg,EntryList/3/Text,0,-1,"Worldwine has been a terrible plague on Furiae. With production being rare, if not impossible to replicate again, destroying this store would eliminate worldwine from ever being a threat to anyone -- outsider or addict -- again.",
endg_001,dlg,EntryList/4/Text,0,-1,"The revolutionaries of the city could find a use for even a limited supply of worldwine, a substance that can poison outsiders. It could be a potent weapon in the fight against the devils that help hold a grip on Furiae.",
endg_001,dlg,EntryList/5/Text,0,-1,"The city guard would also want custody of such a large stock of this dangerous arcane substance. There are secrets here that would greatly aid law enforcement, from the store of worldwine, to the distribution network, to the very existence of the tunnels. You would doubtless be greatly rewarded.",
endg_001,dlg,EntryList/6/Text,0,-1,The choice is before you.,
endg_001,dlg,EntryList/7/Text,0,-1,"Slowly, you pack up what materials and worldwine you can, thinking about how Furiae will change with this substance in the hands of the city...",
endg_001,dlg,EntryList/8/Text,0,-1,"Slowly, you pack up what materials and worldwine you can, thinking about how the city will be affected with this substance in the hands of the revolutionaries...",
endg_001,dlg,EntryList/9/Text,0,-1,"You set to work smashing what containers remain, burning ingredients and coating the cave floor with it. You ensure no one ever gets their hands on this substance again...",
endg_001,dlg,ReplyList/0/Text,0,-1,Next,
endg_001,dlg,ReplyList/1/Text,0,-1,Next,
endg_001,dlg,ReplyList/10/Text,0,-1,Destroy it.,
endg_001,dlg,ReplyList/11/Text,0,-1,End Conversation,
endg_001,dlg,ReplyList/12/Text,0,-1,Take it yourself.,
endg_001,dlg,ReplyList/13/Text,0,-1,End Conversation,
endg_001,dlg,ReplyList/14/Text,0,-1,Dump the worldwine in the water.,
endg_001,dlg,ReplyList/15/Text,0,-1,End Conversation,
endg_001,dlg,ReplyList/2/Text,0,-1,Next,
endg_001,dlg,ReplyList/3/Text,0,-1,Next,
endg_001,dlg,ReplyList/4/Text,0,-1,Next,
endg_001,dlg,ReplyList/5/Text,0,-1,Next,
endg_001,dlg,ReplyList/6/Text,0,-1,Take it to the City Guard.,
endg_001,dlg,ReplyList/7/Text,0,-1,End Conversation,
endg_001,dlg,ReplyList/8/Text,0,-1,Take it to the revolutionaries.,
endg_001,dlg,ReplyList/9/Text,0,-1,End Conversation,
epil_001,dlg,EntryList/0/Text,0,-1,"As for Mog she has returned back to wherever she came from, to reunite with her sisters, apparently.  No matter who she was, she held enough knowledge of the planes and its substances to craft and enchant something as powerful as worldwine.",
epil_001,dlg,EntryList/1/Text,0,-1,"Thankfully, she is gone -- but enough of the recipe for worldwine is out there. A substance that can cause poison-like symptoms in outsiders, who are typically immune to such things, could have far reaching consequences... You can only hope that no one else has the skill, dark knowledge, and raw ambition that Mog did. There is nothing you can do now but hope she now lacks the resources to recreate it.",
epil_001,dlg,EntryList/10/Text,0,-1,"Many of the former users of worldwine are forced to take in the realities of their despotic city. Because of this the revolutionaries, despite losing a potential weapon against the devils, see an increase in recruitment. You continue on with your own life, knowing that the city is safe from the threat of worldwine from here on out.",
epil_001,dlg,EntryList/11/Text,0,-1,"The temptation of riches born from worldwine was too much much to bear. You'd already demonstrated your ability to take an organization like this apart and it left you with the contacts, streetsmarts, and knowledge to build one back up.",
epil_001,dlg,EntryList/12/Text,0,-1,After the heat of the investigation dies down you manage to make contact with Harasi in order to arrange a new distribution network. The woman is nothing if not business-minded.,
epil_001,dlg,EntryList/13/Text,0,-1,"It doesn't take long to set up a new network. It also doesn't take long for the remaining supply of worldwine to run out. Without the ability to make more to feed the demand, you decide it's time to get out of the business -- and Furiae -- leaving the city to deal with the aftermath on its own.",
epil_001,dlg,EntryList/14/Text,0,-1,"Shortly after your exodus from Furiae, having paid a fair fee to smuggle yourself out by ship, you hear rumors about the Prime city dealing with crime and riots, the devil rulers cracking down, harsher than ever. You decide it's not your problem anymore, if it ever was.",
epil_001,dlg,EntryList/15/Text,0,-1,"Some of the agents of Harasi's distribution network, mentioned in her notes, remain in the city, and it's fairly easy to track them down and offer them work.",
epil_001,dlg,EntryList/16/Text,0,-1,"It takes a few days after you resolve to empty the remaining worldwine into Furiae's aquifer to see the effects. But effects there are. In the following weeks, productivity takes a sharp downturn as the populace deals with the effects of the substance in the water supply -- even diluted, it creates a dreamlike pall over the city.",
epil_001,dlg,EntryList/17/Text,0,-1,"For their part, the devils are forced to retreat to Hellroost and other strongholds for several weeks before the water is declared ""safe."" Rumors circle that several of them started weakening and becoming sick, a state that the immortal creatures have never had to deal with.",
epil_001,dlg,EntryList/18/Text,0,-1,"It didn't take long for the Revolutionary element in the city to notice and, while it wasn't enough of an effect to foment open rebellion in Furiae once again, they were able to take more than one devil off the board. While harsh punishments were meted out in several corners of the city, the devils are forced to stay out of the public eye for some time.",
epil_001,dlg,EntryList/19/Text,0,-1,"With the devils out of commission for the moment, Lady Ovida was forced to open the door even further to outsiders, bringing in more Harmonium to help with cleanup and control. With them came others: Anarchs, looking to help free the city; Sensates, looking to experience the waves of a culture in flux; Indeps, looking for trade and adventure. With the new influx of visitors, the grip of the Gauntleted Fist loosened in some areas of the city. Perhaps wresting Furiae even further from Avernus' control.",
epil_001,dlg,EntryList/2/Text,0,-1,"Otherwise, the city continues as it has since it found its new home. For now, it seems the fallen angel Zariel is distracted -- something pulls her attention away from this lost prize. But what if that attention returns?",
epil_001,dlg,EntryList/3/Text,0,-1,The ripples of your actions will help create the wave that carries the city into its future. And what shape does that future take? ,
epil_001,dlg,EntryList/4/Text,0,-1,"Such a question can only be answered by citizens of Furiae like you. The Gauntleted City, staring into the very mouth of Avernus, persists in the Outlands, full of stories and intrigue, citizens and rebels, law and chaos. Its future is unclear, but the eyes of the planes are upon it. What manner of stories will they see play out as Furiae moves into an uncertain future among the planes? Only time will tell.",
epil_001,dlg,EntryList/5/Text,0,-1,"After being detained for a full week, the City Guard lets you go, satisfied that you actually had nothing to do with the sale and production of worldwine. You are given a small reward for your work, a medal presented by the Guard (under the watchful presence of a devil) in a very small ceremony in the Teeth of Orisaw. ",
epil_001,dlg,EntryList/6/Text,0,-1,"Your fame is short-lived after the Sentinel reports that the City Guard was responsible for ending the threat, and insinuates blame on the rebel forces still present in the city. For your part you do what the law and your city demands, and try not to pay attention to the rumors flying around the Sea Market that agents of House Cascare have been experimenting with what remains of the worldwine stock... nor think about whether the city has drifted closer to Avernus.",
epil_001,dlg,EntryList/7/Text,0,-1,"The revolutionaries you turned your worldwine samples over to gratefully accept it, and quickly bring you before one of the coordinators of the local cells. After detailing all of the information you gathered on your investigation, from incriminating documents and notes to the location of the last of the stocks of worldwine hidden under Furiae, you are dismissed with a sum of gold, grateful thanks, and a vow of silence.",
epil_001,dlg,EntryList/8/Text,0,-1,"You return to your life, much the same as it was before, albeit a bit more comfortable with some extra gold in your pocket. You also find yourself having to pay less at market. Locals, gruff before, give you a respectful nod. At taverns, your drink is usually filled first. You aren't sure what became of the rest of the worldwine, but you have heard rumors that the revolutionaries are quietly experimenting with it. It seems like it's only a matter of time before worldwine makes an appearance in Furiae once again...",
epil_001,dlg,EntryList/9/Text,0,-1,"Even though the brass of the City Guard claims most of the credit for taking worldwine off the streets, you remain content in the knowledge that you did what you thought was best. After a few very tense weeks of near riots by citizenry from all walks of life dependent on the arcane substance, Furiae settles back into its usual routine. ",
epil_001,dlg,ReplyList/0/Text,0,-1,Next,
epil_001,dlg,ReplyList/1/Text,0,-1,Next,
epil_001,dlg,ReplyList/10/Text,0,-1,Next,
epil_001,dlg,ReplyList/11/Text,0,-1,Next,
epil_001,dlg,ReplyList/12/Text,0,-1,Next,
epil_001,dlg,ReplyList/13/Text,0,-1,Next,
epil_001,dlg,ReplyList/14/Text,0,-1,Next,
epil_001,dlg,ReplyList/15/Text,0,-1,Next,
epil_001,dlg,ReplyList/16/Text,0,-1,Next,
epil_001,dlg,ReplyList/17/Text,0,-1,Next,
epil_001,dlg,ReplyList/18/Text,0,-1,Next,
epil_001,dlg,ReplyList/2/Text,0,-1,Next,
epil_001,dlg,ReplyList/3/Text,0,-1,Next,
epil_001,dlg,ReplyList/4/Text,0,-1,End Conversation,
epil_001,dlg,ReplyList/5/Text,0,-1,Next,
epil_001,dlg,ReplyList/6/Text,0,-1,Next,
epil_001,dlg,ReplyList/7/Text,0,-1,Next,
epil_001,dlg,ReplyList/8/Text,0,-1,Next,
epil_001,dlg,ReplyList/9/Text,0,-1,Next,
fede_001,dlg,EntryList/0/Text,0,-1,"""So, what'll it be?""
",
fede_001,dlg,EntryList/1/Text,0,-1," ""I thought you might. Two gold for the night and a meal.""",
fede_001,dlg,EntryList/10/Text,0,-1,"""Well, hello there! You looking for a room or just a meal? We got both good enough to trade your soul for! My name is Federus and I run this place.""",
fede_001,dlg,EntryList/11/Text,0,-1,"""Just to be clear, we don't have devils here, which is a weird thing to have to say out loud. The place was named well before the Arrival and Furiae had devils in it, but too late to change it now!""",
fede_001,dlg,EntryList/12/Text,0,-1,"""I'm getting real tired of losing business from mercs attacking my patrons. Going to have to get this cleared up and get the Guard in here -- before the Harmonium or worse finds out instead.""",
fede_001,dlg,EntryList/13/Text,0,-1,"""That was self-defense on your part, but you best finish your business fast before they get here.""",
fede_001,dlg,EntryList/14/Text,0,-1,"*lowers voice* ""I'll hold off for a few minutes, brethren, but work fast. Can't just cover up a bunch of bodies.""",
fede_001,dlg,EntryList/2/Text,0,-1,"""Very good.""",
fede_001,dlg,EntryList/3/Text,0,-1,"""Here's your key. Doors over there. Enjoy your stay. Let me know if you want to extend it, cause you just might. Best beds in the city, if you don't mind my saying.""",
fede_001,dlg,EntryList/4/Text,0,-1,"""Looking for that woman is a good way to get -- what was the phrase that planar used? Ah yes -- get in the dead book. What do you want her for?""",
fede_001,dlg,EntryList/5/Text,0,-1,"[Failure] ""That's great. Get a room in the guest wing and you can bring it to her.""",
fede_001,dlg,EntryList/6/Text,0,-1,"[Success] ""Oh. Yes. Right. You must be new. Here is a key. Door's over there. Anything else?""",
fede_001,dlg,EntryList/7/Text,0,-1,"""Huh. Well then, brethren, you'll note the locked door to the guest wing? I expect you'll find what you're looking for in there. Sadly, only guests are allowed... so I hope you enjoy your stay.""",
fede_001,dlg,EntryList/8/Text,0,-1,"[Failure] ""Well, she stays in the guest wing for a reason. Locked up tight. Only guests allowed in there.""",
fede_001,dlg,EntryList/9/Text,0,-1,"(Success) ""I see. It would be a shame if someone like that knew she was in the room in the guest wing at the end of the hall on the right. Also, 'cause we're getting to know each other, here is a fun fact: Did you know I'm sometimes a bit clumsy and drop keys to the guest wing? Happens all the time. Left one of those keys right here for example. Anyone could take it. I should really get more help around here as I need to walk away to do something.""",
fede_001,dlg,ReplyList/0/Text,0,-1,"""I could use a room.""",
fede_001,dlg,ReplyList/1/Text,0,-1,"""Never mind.""",
fede_001,dlg,ReplyList/10/Text,0,-1,Next,
fede_001,dlg,ReplyList/11/Text,0,-1,"[Show ring] ""I think I know of you. I heard Harasi was involved in something with the whole worldwine thing.There might be a group or two out there interested in what she was up to.""",
fede_001,dlg,ReplyList/12/Text,0,-1,End Conversation,
fede_001,dlg,ReplyList/13/Text,0,-1,"[Persuade] ""Looks like you already know she's dangerous. She's involved in some shady dealings and I'm looking into it -- and stopping her if I need to.""",
fede_001,dlg,ReplyList/14/Text,0,-1,Next,
fede_001,dlg,ReplyList/15/Text,0,-1,End Conversation,
fede_001,dlg,ReplyList/16/Text,0,-1,Next,
fede_001,dlg,ReplyList/17/Text,0,-1,Next,
fede_001,dlg,ReplyList/18/Text,0,-1,Next,
fede_001,dlg,ReplyList/19/Text,0,-1,Next,
fede_001,dlg,ReplyList/2/Text,0,-1,"""A meal sounds good right about now. Let's see what you have.""",
fede_001,dlg,ReplyList/20/Text,0,-1,Next,
fede_001,dlg,ReplyList/3/Text,0,-1,End Conversation,
fede_001,dlg,ReplyList/4/Text,0,-1,"""Actually, I changed my mind.""",
fede_001,dlg,ReplyList/5/Text,0,-1,"[Pay] ""Sure.""",
fede_001,dlg,ReplyList/6/Text,0,-1,End Conversation,
fede_001,dlg,ReplyList/7/Text,0,-1,"""I'm looking for a woman named Harasi.""",
fede_001,dlg,ReplyList/8/Text,0,-1,"[Lie] ""I have a delivery for her.""",
fede_001,dlg,ReplyList/9/Text,0,-1,Next,
fest_001,dlg,EntryList/0/Text,0,-1,"""And so tomorrow night... *ehem* Yes?"" ",
fest_001,dlg,EntryList/1/Text,0,-1,"""The woman with a bunch of mercenaries, yes, I've seen her. Good luck getting close to her, though. Anything else? I'm in the middle of something here.""",
fest_001,dlg,EntryList/2/Text,0,-1,"""And so tomorrow night... *ehem* Yes? Ah, nice ring. Can I help you, brethren?""",
fest_001,dlg,EntryList/3/Text,0,-1,"""I certainly can, brethren. That woman has gotten quite a reputation around here. Hard and cold and rude. She stays over in the North Wing. Be careful about asking about her. She has the money and the temperment to hire quite a few mercenaries. Now, excuse me. I have business with my brethren here.""",
fest_001,dlg,ReplyList/0/Text,0,-1,"""Never mind.""",
fest_001,dlg,ReplyList/1/Text,0,-1,"""I'm looking for a woman named Harasi, I was hoping you could help me.""",
fest_001,dlg,ReplyList/2/Text,0,-1,End Conversation,
fest_001,dlg,ReplyList/3/Text,0,-1,"""Never mind.""",
fest_001,dlg,ReplyList/4/Text,0,-1,"""I'm looking for a woman named Harasi, I was hoping you could help me.""",
fest_001,dlg,ReplyList/5/Text,0,-1,End Conversation,
filw_001,dlg,EntryList/0/Text,0,-1,"""Zzzzzzzzzzzzz...""",
filw_001,dlg,EntryList/1/Text,0,-1,"""Well, look at you there. All three of you.""",
filw_001,dlg,EntryList/2/Text,0,-1,"""You look somewhere else, then... I dream the old-fashioned way. Whiskey and passing out!""",
filw_001,dlg,ReplyList/0/Text,0,-1,"""You stink. Never mind.""",
filw_001,dlg,ReplyList/1/Text,0,-1,"""I'm looking for worldwine.""",
filw_001,dlg,ReplyList/2/Text,0,-1,End Conversation,
forv_001,dlg,EntryList/0/Text,0,-1,"""What would you like to know?""",
forv_001,dlg,EntryList/1/Text,0,-1,"""What is time on the Planes, really?""",
forv_001,dlg,EntryList/10/Text,0,-1,"""How about the mission that allowed me to open up my first shop in the Cage?""
",
forv_001,dlg,EntryList/11/Text,0,-1,"""Including this one? Several. So, now it was my 18th summer. I had enjoyed my position as a stock boy and page but eventually proved myself very adept at organization and balancing the books.""
",
forv_001,dlg,EntryList/12/Text,0,-1,"""I had managed to send quite a bit of jink home and visited once or twice to help my parents organize things. Oh, and negotiated an exclusive contract for lodging when the Talon had operations in the area. I did what I had set out to do.""",
forv_001,dlg,EntryList/13/Text,0,-1,"""Belanthus called me his 'Not So Secret Weapon' as far as dealing with contracts and clients, or for when we needed to source equipment, or predict where the market might go. Now that I think about it, Belanthus might have been taking advantage of me. Ha! I miss that shrewd, jolly bastard.""",
forv_001,dlg,EntryList/14/Text,0,-1,"""Anyway, it had come to pass that a party of bloods had discovered a crashed ship with a huge ring around it in the wilds out of town -- that is, in the Outlands -- not too far from an unstable gate. The entire crew in the dead book, no marking, no idea how it got there.""
",
forv_001,dlg,EntryList/15/Text,0,-1,"""I immediately told Belanthus I wanted to get a feel for it, as I had arranged some minor arcane training for myself at that point. We had a right to the wreckage after all, and no one else had found it. Why not use it? There is opportunity in everything, after all.""",
forv_001,dlg,EntryList/16/Text,0,-1," ""I quickly arranged contracts with mages from all around the Outlands, making sure exclusivity remained with the Talons, of course. We made our way out to the site, and the mages I hired began the examination of this wonderful ship. We discovered that the ring held the thing aloft, using the power of trapped elementals, no less. They had escaped in the crash, but we summoned more.""
",
forv_001,dlg,EntryList/17/Text,0,-1,"""Not to belabor the point, but I arranged the repair and retrofit of this ship. It definitely came from a Prime world, we knew that much, but it was ours now. I served on the ship with the unit assigned to it as their own field quartermaster. In a way, the hold of that ship was my first shop.""
",
forv_001,dlg,EntryList/18/Text,0,-1,"""With the freedom I enjoyed there, I forged many of the relationships that fuel my business today. I left the Talons some years later with my increased wages, and money from my cut of the adventures I'd had, and opened my first shop in Sigil. The very shop where Luicil and I met.""",
forv_001,dlg,EntryList/19/Text,0,-1,"""And one far from over, I dare say.""",
forv_001,dlg,EntryList/2/Text,0,-1,"""He won't tell you. You should stop asking.""",
forv_001,dlg,EntryList/20/Text,0,-1,"""Indeed I was. And don't knock what many might consider a lowly station -- there is opportunity everywhere. And that stock boy helped the Silver Talons... er... acquire and repair an airship, I'll have you know.""",
forv_001,dlg,EntryList/21/Text,0,-1,"""So, I had been given a position as a stock boy and page. Polishing weapons, inventorying potions, that sort of thing. I proved myself... Luicil would say I poked my head where it didn't belong, but what does he know? Their stock room was in incredible disarray, no organization, no method.""",
forv_001,dlg,EntryList/22/Text,0,-1,"""I set those berks right as quickly as I could. You see, I could feel my sight starting to fade. It had always been a bit of a problem, which I had compensated for back at the farm...""",
forv_001,dlg,EntryList/23/Text,0,-1,"""But it was getting worse and I felt that this would be a race against the clock. I adjusted and learned how to deal with the encroaching darkness until I simply couldn't any more.""",
forv_001,dlg,EntryList/24/Text,0,-1,"""It was my immediate superior, Belanthus the Quartermaster, a huge pot-bellied basher with a booming laugh and cheeks rosy from bub, who, without my asking, started bringing in all sorts of cutters, all of them blind, to work alongside me, teaching me to deal with my new situation.""",
forv_001,dlg,EntryList/25/Text,0,-1,"""Healers were also consulted, but there was nothing they could do. And this was Sigil. Very hard to find clerics with strong enough of a connection to a Power, and besides, that level of healing was far more than I could afford at the time.""",
forv_001,dlg,EntryList/26/Text,0,-1,"""I had never asked, and he never mentioned it. He just carried on as if I had gotten taller or changed my hair. I was very lucky, and adjusted to my new situation as quickly as I could. It still took some time. One doesn't adjust to a situation like that overnight, but I had been dealing with the loss of my vision my whole life. I could accept it.""",
forv_001,dlg,EntryList/27/Text,0,-1,"""There were tears of course, I was angry for quite some time, but Belanthus didn't treat me any differently than he had to, and I was determined to not treat myself any differently, either.""",
forv_001,dlg,EntryList/28/Text,0,-1,"""Well. Anyway. More later?"" ",
forv_001,dlg,EntryList/29/Text,0,-1,"""Absolutely. I won't even charge a mummers fee! I believe I was telling you about my days as a young cutter, no more than 12 summers, off to join an adventurers guild, head filled with thoughts of fortune and coin, yes?""",
forv_001,dlg,EntryList/3/Text,0,-1,"""It's not every day that the Land gets a new burg, fully formed and whole. I had to take the opportunity to set up shop, literally. You remember, the devils kept visitors away from Furiae for a full six years after you lot came here. I was ready when they finally relented. Filed all of the paperwork with the Guvners within the first week and here we are.""",
forv_001,dlg,EntryList/30/Text,0,-1,"""Wonderful. In preparation for my trip, I had left my parents and sibling with detailed instructions on the many deals and relationships I had built up that helped keep the kip running. I did this under the guise of spreading the work around so I could take on more. Once that was done, I packed a rucksack and left, off to the big city to find a door to Sigil.""
",
forv_001,dlg,EntryList/31/Text,0,-1,"""It's a good thing I was not a shy young man, nor shy toward some hard labor, for I paid my way to the City on the Spire with work and fast dealings. My first step through the door to the Cage was incredible. The stories of the adventurers could not have prepared me, or anyone, for the sights, smells, and sentients I would encounter.""",
forv_001,dlg,EntryList/32/Text,0,-1,"""I had saved up enough jangle on my journey there, a full year after I set out, and found my way to the Silver Talons headquarters in the Hive Ward. Me, now a spry young man of 13 summers, marching up to the reception desk -- normally reserved for clients, I would find out later -- and demanding entrance to their organization.""",
forv_001,dlg,EntryList/33/Text,0,-1,"""I was nearly laughed out of the building. But I was determined to do this so I could see my family safe. I had already sent coin back home with some trusted bloods and would continue to do so.""",
forv_001,dlg,EntryList/34/Text,0,-1,"""I kept coming back, day after day, demanding a place among them. Eventually, they relented and gave me a position as a stock boy and page. I'm very glad they had, because that's when my sight had started to go...""",
forv_001,dlg,EntryList/35/Text,0,-1,"""Well, I think that's enough reminiscing for one day, don't you? I'm sure we both have better things to do. Come back later though, and we can pick this up."" ",
forv_001,dlg,EntryList/36/Text,0,-1,"""Well, I suppose I do, aye. Have you rattled the bone box with Luicil, by the way? If you're interested in stories, he loves to tell the one about how we met. He got me back into being an adventurer for a tick -- and with the jink I made from that endeavor, I opened this shop.""
",
forv_001,dlg,EntryList/37/Text,0,-1,"""Oh, well, of a kind. When I was a boy -- I was sighted back then, or near enough. I've had vision problems. Sometimes it was good. Sometimes it was bad.""
",
forv_001,dlg,EntryList/38/Text,0,-1,"""I was born in a small farming burg here in the Outlands, feeding the Gate town Tradegate, outside Bytopia. I was always interested in adventuring. I was interested in the economics of it all, you know?""
",
forv_001,dlg,EntryList/39/Text,0,-1,"""My family was always very poor, and I grew a shining to numbers and making the jink stretch as far as I could in clever ways. Making the best deals with local suppliers, scheduling shared rides on carts for market days, and using our spare rooms for guests.""
",
forv_001,dlg,EntryList/4/Text,0,-1,"""And he dragged me along for the ride. Loves talking about the paperwork too. Very proud.""",
forv_001,dlg,EntryList/40/Text,0,-1,"""We had hosted quite a few traveling planars and primes alike at our farm because of that, and their chant delighted me. One fateful night, a small band of these bloods that had come to stay with us told me of their company based in Sigil, called the Silver Talons.""
",
forv_001,dlg,EntryList/41/Text,0,-1,"""I whiled away the night absolutely grilling them about how it all worked and by the time they left the next morning, I had decided the best way to serve my family was to make as much money as I possibly could.""",
forv_001,dlg,EntryList/42/Text,0,-1,"""Joining the Silver Talons seemed the way to do it. Adventurers always seem to have a disproportionate amount of jink compared to common folk, don't you think?""",
forv_001,dlg,EntryList/43/Text,0,-1,"""Well, I'm sure you have things to do, yes? We can pick this up later.""
",
forv_001,dlg,EntryList/44/Text,0,-1,"""Here, let me see that piece of shine.""",
forv_001,dlg,EntryList/45/Text,0,-1,"""Hmm, yes I've seen something like this before...  This here is a ring of sending, part of a set if I am not mistaken. It will communicate with anyone else who has such a ring, or all of them if the barer wishes. Not the most secure means of communication should someone else get their hands on one and learn the dark of it...""",
forv_001,dlg,EntryList/46/Text,0,-1,"""Allow me to show you. I think I know what you need, if you have the jink.""",
forv_001,dlg,EntryList/47/Text,0,-1,"""That is Luicil, my ward and confidant. Very knowledgeable about the Planes from an academic standpoint. If you had questions about those topics, he'd be the blood to ask.""",
forv_001,dlg,EntryList/48/Text,0,-1,"""Oh, I'm a bit more than 'ward and confidant' and you know it.""",
forv_001,dlg,EntryList/49/Text,0,-1,"""Yes, but I don't need to announce it to every curious cutter, now do I?""",
forv_001,dlg,EntryList/5/Text,0,-1,"""Hush, you. The less I need to deal with the Guvners, the better.""",
forv_001,dlg,EntryList/50/Text,0,-1,"""Only if they're into it.""",
forv_001,dlg,EntryList/51/Text,0,-1,"""Plenty of chant. What would you like to know?""",
forv_001,dlg,EntryList/52/Text,0,-1,"""I don't, no. Would never touch the bub myself, but I admit its existence has me curious. I hear it can negatively affect outsiders, and that has me interested. Academically speaking, of course.""",
forv_001,dlg,EntryList/53/Text,0,-1,"""Ah, the Guvners. Yes, they do have quite the presence here, don't they? Well, once the devils opened up shop they moved right into several municipal buildings and took over the burg's paperwork and bureaucratic functions, which the local high-up folks were only too happy to part with.""",
forv_001,dlg,EntryList/54/Text,0,-1,"""One of the many Factions of the planes, an organization from Sigil. They believe if you can understand all the laws of the multiverse, all Law, you understand the multiverse itself. Thus, they are a little, ah, obsessed with knowing the dark of every law they can find. I'm sure you can see why they were attracted to a burg brought to the Outlands by devils. Devils are evil, no doubt, but they follow very, very specific rules.""",
forv_001,dlg,EntryList/55/Text,0,-1,"""Luicil would be the better person to ask for that dark. I can tell you that it is the Plane of Neutrality. It 'rests' (for various values of 'rests') around the Spire, which according to certain points of view rests at the conflux of the various concepts of good and evil, law and chaos.""",
forv_001,dlg,EntryList/56/Text,0,-1,"""One of my favorite subjects. I'm an open book.""",
forv_001,dlg,EntryList/57/Text,0,-1,"""More like an open ledger.""",
forv_001,dlg,EntryList/58/Text,0,-1,"""What would you like to know?""",
forv_001,dlg,EntryList/59/Text,0,-1,"""Oh, bits and bobs. Most of my wares come from Sigil, so this is to say from all over the Planes. If you want it, I can get it, and if I can't get it, you don't want it.""",
forv_001,dlg,EntryList/6/Text,0,-1,"""The Cage: Sigil, the City of Doors. Resplendent and terrible and, not unlike myself, very well connected.""",
forv_001,dlg,EntryList/60/Text,0,-1,"""I swear he waits all day just to use that line!""",
forv_001,dlg,EntryList/61/Text,0,-1,"""Well, I've been in business for ages, but setting up the first shop in a burg new to the Outlands was too good of an opportunity to pass up. Ever since the 'ruling class,' shall we say, opened up Furiae's borders four years ago, I've been here.""",
forv_001,dlg,EntryList/62/Text,0,-1,"""Welcome back! I'm starting to learn your footfalls now. I like your determined tread. It's the step of a blood.""",
forv_001,dlg,EntryList/63/Text,0,-1,"""Well said. Very well said.""",
forv_001,dlg,EntryList/64/Text,0,-1,"""Only for my very best customers.""",
forv_001,dlg,EntryList/65/Text,0,-1,"""The city is lucky to have you. As I am to have you in my shop once again.""",
forv_001,dlg,EntryList/66/Text,0,-1,"""Welcome back! Lots of activity out there today. The chant is that a warehouse exploded. You wouldn't happen to know anything about that, hmmm?""
",
forv_001,dlg,EntryList/67/Text,0,-1,"""I feel safer already.""",
forv_001,dlg,EntryList/68/Text,0,-1,"""Hmmm... that sounds like someone acting the berk.""",
forv_001,dlg,EntryList/69/Text,0,-1,"""Oh, A member of the City Guard are you? Now I'm getting the dark of it. Glad to have a body like you out there.""",
forv_001,dlg,EntryList/7/Text,0,-1,"""Oh, dear. Well, I suppose the devils and high-ups here do keep a tight hold on the dark that comes in and out of the burg. Sigil, yes, the Cage, the City on the Spire, the City of Doors. The city at the center of the hub through which almost every planar traveler visits. Sigil. My home.""",
forv_001,dlg,EntryList/70/Text,0,-1,"""Hello cutter, and welcome to Forvor's Favors! Feel free to browse about. I think I probably have just the shine for you!""",
forv_001,dlg,EntryList/71/Text,0,-1,"""I've heard that voice before. You've been in once or twice before?""",
forv_001,dlg,EntryList/72/Text,0,-1,"""That would be when I just opened up, yes, only about four years ago? Just after I opened, I would imagine.""",
forv_001,dlg,EntryList/73/Text,0,-1,"""One must have in this business.""",
forv_001,dlg,EntryList/8/Text,0,-1,"""Much like the city itself.""",
forv_001,dlg,EntryList/9/Text,0,-1,"""So, how can Forvor favor you?""",
forv_001,dlg,ReplyList/0/Text,0,-1,"""I had other questions.""",
forv_001,dlg,ReplyList/1/Text,0,-1,"""How old are you?""",
forv_001,dlg,ReplyList/10/Text,0,-1,"""That tells me everything and nothing.""",
forv_001,dlg,ReplyList/11/Text,0,-1,Next,
forv_001,dlg,ReplyList/12/Text,0,-1,"""Any more tales from your youth, Forvor?""",
forv_001,dlg,ReplyList/13/Text,0,-1,"""How many shops do you have?""
",
forv_001,dlg,ReplyList/14/Text,0,-1,Next,
forv_001,dlg,ReplyList/15/Text,0,-1,Next,
forv_001,dlg,ReplyList/16/Text,0,-1,Next,
forv_001,dlg,ReplyList/17/Text,0,-1,Next,
forv_001,dlg,ReplyList/18/Text,0,-1,Next,
forv_001,dlg,ReplyList/19/Text,0,-1,Next,
forv_001,dlg,ReplyList/2/Text,0,-1,Next,
forv_001,dlg,ReplyList/20/Text,0,-1,Next,
forv_001,dlg,ReplyList/21/Text,0,-1,"""That's... that's quite a career.""
",
forv_001,dlg,ReplyList/22/Text,0,-1,Next,
forv_001,dlg,ReplyList/23/Text,0,-1,"""So, Forvor, you were telling me about your exciting days as a stock boy with the Silver Talons in Sigil?""",
forv_001,dlg,ReplyList/24/Text,0,-1,Next,
forv_001,dlg,ReplyList/25/Text,0,-1,Next,
forv_001,dlg,ReplyList/26/Text,0,-1,Next,
forv_001,dlg,ReplyList/27/Text,0,-1,Next,
forv_001,dlg,ReplyList/28/Text,0,-1,Next,
forv_001,dlg,ReplyList/29/Text,0,-1,Next,
forv_001,dlg,ReplyList/3/Text,0,-1,Next,
forv_001,dlg,ReplyList/30/Text,0,-1,Next,
forv_001,dlg,ReplyList/31/Text,0,-1,Next,
forv_001,dlg,ReplyList/32/Text,0,-1,Next,
forv_001,dlg,ReplyList/33/Text,0,-1,"""You were telling me about your days before meeting Luicil? I'd like to hear more, if you're willing.""",
forv_001,dlg,ReplyList/34/Text,0,-1,"""Something like that.""",
forv_001,dlg,ReplyList/35/Text,0,-1,Next,
forv_001,dlg,ReplyList/36/Text,0,-1,Next,
forv_001,dlg,ReplyList/37/Text,0,-1,Next,
forv_001,dlg,ReplyList/38/Text,0,-1,Next,
forv_001,dlg,ReplyList/39/Text,0,-1,Next,
forv_001,dlg,ReplyList/4/Text,0,-1,"""What brought you here?""",
forv_001,dlg,ReplyList/40/Text,0,-1,Next,
forv_001,dlg,ReplyList/41/Text,0,-1,"""Got any good stories?""",
forv_001,dlg,ReplyList/42/Text,0,-1,"""You were an adventurer before meeting him?""",
forv_001,dlg,ReplyList/43/Text,0,-1,Next,
forv_001,dlg,ReplyList/44/Text,0,-1,Next,
forv_001,dlg,ReplyList/45/Text,0,-1,Next,
forv_001,dlg,ReplyList/46/Text,0,-1,Next,
forv_001,dlg,ReplyList/47/Text,0,-1,Next,
forv_001,dlg,ReplyList/48/Text,0,-1,Next,
forv_001,dlg,ReplyList/49/Text,0,-1,Next,
forv_001,dlg,ReplyList/5/Text,0,-1,Next,
forv_001,dlg,ReplyList/50/Text,0,-1,"""I found this ring. Can you identify it for me? It's obviously magic.""",
forv_001,dlg,ReplyList/51/Text,0,-1,Next,
forv_001,dlg,ReplyList/52/Text,0,-1,"""Thanks!""",
forv_001,dlg,ReplyList/53/Text,0,-1,"""What do you have for sale?""",
forv_001,dlg,ReplyList/54/Text,0,-1,"""Thank you for your time. I should go.""",
forv_001,dlg,ReplyList/55/Text,0,-1,"""I'm okay, thanks.""",
forv_001,dlg,ReplyList/56/Text,0,-1,"""Who is the half-elf?""",
forv_001,dlg,ReplyList/57/Text,0,-1,Next,
forv_001,dlg,ReplyList/58/Text,0,-1,Next,
forv_001,dlg,ReplyList/59/Text,0,-1,Next,
forv_001,dlg,ReplyList/6/Text,0,-1,Next,
forv_001,dlg,ReplyList/60/Text,0,-1,Next,
forv_001,dlg,ReplyList/61/Text,0,-1,"""Heard anything about the city?""",
forv_001,dlg,ReplyList/62/Text,0,-1,"""I don't suppose you know anything about worldwine?""",
forv_001,dlg,ReplyList/63/Text,0,-1,Next,
forv_001,dlg,ReplyList/64/Text,0,-1,"""Tell me about the Fraternity of Order.""",
forv_001,dlg,ReplyList/65/Text,0,-1,"""But who are they?""",
forv_001,dlg,ReplyList/66/Text,0,-1,Next,
forv_001,dlg,ReplyList/67/Text,0,-1,"""You seem knowledgeable. What can you tell me about the Outlands?""",
forv_001,dlg,ReplyList/68/Text,0,-1,Next,
forv_001,dlg,ReplyList/69/Text,0,-1,"""I wanted to talk about you.""",
forv_001,dlg,ReplyList/7/Text,0,-1,Next,
forv_001,dlg,ReplyList/70/Text,0,-1,Next,
forv_001,dlg,ReplyList/71/Text,0,-1,Next,
forv_001,dlg,ReplyList/72/Text,0,-1,"""I wanted to talk about your shop.""",
forv_001,dlg,ReplyList/73/Text,0,-1,"""I had other questions.""",
forv_001,dlg,ReplyList/74/Text,0,-1,"""What do you sell?""",
forv_001,dlg,ReplyList/75/Text,0,-1,Next,
forv_001,dlg,ReplyList/76/Text,0,-1,Next,
forv_001,dlg,ReplyList/77/Text,0,-1,"""How long have you been in business?""",
forv_001,dlg,ReplyList/78/Text,0,-1,Next,
forv_001,dlg,ReplyList/79/Text,0,-1,"""Walk enough with the people, and you walk in step with them.""",
forv_001,dlg,ReplyList/8/Text,0,-1,"""Where are you from?""",
forv_001,dlg,ReplyList/80/Text,0,-1,Next,
forv_001,dlg,ReplyList/81/Text,0,-1,"""Always quick with a compliment, aren't you?""",
forv_001,dlg,ReplyList/82/Text,0,-1,Next,
forv_001,dlg,ReplyList/83/Text,0,-1,"""Walk enough of a beat, it just kind of happens.""",
forv_001,dlg,ReplyList/84/Text,0,-1,Next,
forv_001,dlg,ReplyList/85/Text,0,-1,"""Odd... right? I'm certain a concerned, freedom loving citizen is looking into it on behalf of the people.""",
forv_001,dlg,ReplyList/86/Text,0,-1,Next,
forv_001,dlg,ReplyList/87/Text,0,-1,"""I'm sure I don't know what you're talking about.""",
forv_001,dlg,ReplyList/88/Text,0,-1,"""Perhaps.""",
forv_001,dlg,ReplyList/89/Text,0,-1,"""It might be a matter I'm looking into.""",
forv_001,dlg,ReplyList/9/Text,0,-1,"""Sigil?""",
forv_001,dlg,ReplyList/90/Text,0,-1,Next,
forv_001,dlg,ReplyList/91/Text,0,-1,"""Thank you.""",
forv_001,dlg,ReplyList/92/Text,0,-1,"""Once or twice, yes.""",
forv_001,dlg,ReplyList/93/Text,0,-1,"""Excellent memory.""",
forv_001,dlg,ReplyList/94/Text,0,-1,Next,
gclerk_001,dlg,EntryList/0/Text,0,-1,"""Very well, what would you like to know?""",
gclerk_001,dlg,EntryList/1/Text,0,-1,"""For what purpose?""",
gclerk_001,dlg,EntryList/10/Text,0,-1,"""They are not technically under the auspices of the city, but do assist in maintaining law and order, and are thus allowed to continue to operate. Similarly, the Fraternity of Order -- sometimes called the Guvners -- help handle the city's laws and bureaucracy.""",
gclerk_001,dlg,EntryList/11/Text,0,-1,"""The baatezu, of course, help oversee all of it and... well... handle the hard stuff. And thank Asmodeus for all of it, because this city was a madhouse after the rebellion in Furiae back on Oerth and the shift here.""",
gclerk_001,dlg,EntryList/12/Text,0,-1,"""May I help you?""",
gclerk_001,dlg,EntryList/13/Text,0,-1,"""The Low Guard needs a refresher, huh?""",
gclerk_001,dlg,EntryList/14/Text,0,-1,"""Ah, a possible recruit.""",
gclerk_001,dlg,EntryList/2/Text,0,-1,"""Fine. Present your identification and complete these forms."" ",
gclerk_001,dlg,EntryList/3/Text,0,-1,...several hours later...,
gclerk_001,dlg,EntryList/4/Text,0,-1,"""Everything seems to be in order. Here you are. Anything else?""",
gclerk_001,dlg,EntryList/5/Text,0,-1,"""Short of joining the Guard, you don't, citizen.""",
gclerk_001,dlg,EntryList/6/Text,0,-1,"[Failure] ""Not likely. The Sentinel always goes through the proper channels! I would arrest you myself if I didn't have so much damned paperwork to get through. Get out of here, citizen, before I change my mind.""",
gclerk_001,dlg,EntryList/7/Text,0,-1,"[Success] ""Well, if it's for the Sentinel... Okay, I'm deep in paperwork here, but I don't see the harm in your looking round. Here, take this and I'll talk to you on my break.""",
gclerk_001,dlg,EntryList/8/Text,0,-1," ""A warehouse just blew up and I'm up to my eyeballs in paperwork from the Fraternity of Order. Interesting enough?""",
gclerk_001,dlg,EntryList/9/Text,0,-1,"""Ugh. It's quite simple. The Guard patrols the streets and backs the law, as dictated by the rulers of the city -- that is, the nobility. The Harmonium, since moving into the city after Lady Ovida opened our gates to the Outlands a few years ago, erm, *assist*.""",
gclerk_001,dlg,ReplyList/0/Text,0,-1,"""How do I request a key for access to the jails and armory here?""",
gclerk_001,dlg,ReplyList/1/Text,0,-1,"""The incident with the warehouse has increased activity in this area and I will need the equipment to deal with potential problems and access to the jail to bring folks in.""",
gclerk_001,dlg,ReplyList/10/Text,0,-1,"""Got time for another question?""",
gclerk_001,dlg,ReplyList/11/Text,0,-1,"""There seem to be several groups involved with the law. How does enforcement work in Furiae?""",
gclerk_001,dlg,ReplyList/12/Text,0,-1,Next,
gclerk_001,dlg,ReplyList/13/Text,0,-1,Next,
gclerk_001,dlg,ReplyList/14/Text,0,-1,"""Thank you.""",
gclerk_001,dlg,ReplyList/15/Text,0,-1,"""Never mind.""",
gclerk_001,dlg,ReplyList/16/Text,0,-1,"""Hello, I was looking for some information about the Guards?""",
gclerk_001,dlg,ReplyList/17/Text,0,-1,Next,
gclerk_001,dlg,ReplyList/18/Text,0,-1,Next,
gclerk_001,dlg,ReplyList/2/Text,0,-1,Next,
gclerk_001,dlg,ReplyList/3/Text,0,-1,Next,
gclerk_001,dlg,ReplyList/4/Text,0,-1,Next,
gclerk_001,dlg,ReplyList/5/Text,0,-1,"""How do I get access to the jail and armory?""",
gclerk_001,dlg,ReplyList/6/Text,0,-1,"""You know what, never mind.""",
gclerk_001,dlg,ReplyList/7/Text,0,-1,"[Lie] ""Well, you see, I'm with the Sentinel and we're doing an expose on the Guards of the Sea Market. We'd like to take a look around and maybe interview an obviously knowledgeable, well organized clerk like yourself.""",
gclerk_001,dlg,ReplyList/8/Text,0,-1,"""Oh. Well, that makes sense. I had another question.""",
gclerk_001,dlg,ReplyList/9/Text,0,-1,"""Anything interesting going on?""",
guvc_001,dlg,EntryList/0/Text,0,-1,"""How can I help you?""",
guvc_001,dlg,EntryList/1/Text,0,-1,"""I certainly don't have time to help a rude body and I don't even know how you got in here. Find it yourself.""",
guvc_001,dlg,EntryList/2/Text,0,-1,"""I'm afraid I don't have the time to help you, but feel free to look through the stacks yourself.""",
guvc_001,dlg,EntryList/3/Text,0,-1,...,
guvc_001,dlg,ReplyList/0/Text,0,-1,"""Nevermind. I'll find it myself.""",
guvc_001,dlg,ReplyList/1/Text,0,-1,"""Yeah, pencil pusher. Rustle me up some some information.  Need to know who holds the deed to the warehouse that blew up yesterday.""",
guvc_001,dlg,ReplyList/2/Text,0,-1,"""Yes. I need to know who owns the warehouse that was destroyed yesterday in the Sea Market.""",
guvg_001,dlg,EntryList/0/Text,0,-1,"""If you don't know you can fill out Requesting Information Form 225.""",
guvg_001,dlg,EntryList/1/Text,0,-1,"""There is always time to be properly organized, berk.""",
guvg_001,dlg,EntryList/10/Text,0,-1,"""These look good. Very nice penmanship, And here I thought you an addle-cove. I must say.""",
guvg_001,dlg,EntryList/11/Text,0,-1,"""One more!""",
guvg_001,dlg,EntryList/12/Text,0,-1,...,
guvg_001,dlg,EntryList/13/Text,0,-1,"""All done! You should consider joining the Order, blood.""
",
guvg_001,dlg,EntryList/14/Text,0,-1,"""You may enter.""",
guvg_001,dlg,EntryList/15/Text,0,-1,"""Entry is not permitted without authorization, berk. State your business.""",
guvg_001,dlg,EntryList/16/Text,0,-1,"[Failure] ""That... doesn't make any sense. Are you trying to peel me, berk? Get out.""",
guvg_001,dlg,EntryList/17/Text,0,-1,"[Success] ""I... uh... what?""",
guvg_001,dlg,EntryList/18/Text,0,-1,"""They... they have a point. Most of the forms are inside.""",
guvg_001,dlg,EntryList/19/Text,0,-1,"""Yes. Right. Uh... yes. Go in and get the forms you need, I guess?""",
guvg_001,dlg,EntryList/2/Text,0,-1,"""Always.""",
guvg_001,dlg,EntryList/20/Text,0,-1,"""What's protocol here? I don't know... just... just come back out here with the proper forms filled out...""",
guvg_001,dlg,EntryList/21/Text,0,-1,"[Success] ""The courts would be a better place to learn about the law, clueless. The records here are not for public perusal.""",
guvg_001,dlg,EntryList/22/Text,0,-1,"[Success] ""It *is* great. And you clueless can come to no better place to learn about its wonder. The beauty of the law rests in records and forms. The very structure of all things follows the rule of law. Learn the laws and learn truth. Know the dark of the truth and know peace and power in equal measure.""",
guvg_001,dlg,EntryList/23/Text,0,-1,"""That... had some shine on it, it did.""",
guvg_001,dlg,EntryList/24/Text,0,-1,"""Thank you. Anyway, please proceed.""",
guvg_001,dlg,EntryList/25/Text,0,-1,"[Failure] ""There is no law that states we are under any obligation to assist the City Guard. You have no authority here. Be gone, berk.""",
guvg_001,dlg,EntryList/26/Text,0,-1,"[Success] ""Yes, of course. After some leatherhead, no doubt. Who am I to stand in the way of the law?""",
guvg_001,dlg,EntryList/27/Text,0,-1,"""Oh, you.""",
guvg_001,dlg,EntryList/28/Text,0,-1,"""Stand and declare, basher!"" ",
guvg_001,dlg,EntryList/3/Text,0,-1,"""Yes.""",
guvg_001,dlg,EntryList/4/Text,0,-1,"""I see everything is in order. To gain entrance one must file forms 52.134, 52.135, and form 82.35. I have them here.""",
guvg_001,dlg,EntryList/5/Text,0,-1,"""Have it your way, berk.""",
guvg_001,dlg,EntryList/6/Text,0,-1,...,
guvg_001,dlg,EntryList/7/Text,0,-1,"""Excellent. I see that you know your way around the system. Aren't you a proper blood?""",
guvg_001,dlg,EntryList/8/Text,0,-1,"""Now if you'll just fill out forms 23.25, and form 25.23, you'll be one your way.""",
guvg_001,dlg,EntryList/9/Text,0,-1,...,
guvg_001,dlg,ReplyList/0/Text,0,-1,"""I don't really have time for paperwork.""",
guvg_001,dlg,ReplyList/1/Text,0,-1,Next,
guvg_001,dlg,ReplyList/10/Text,0,-1,"""Oh, my aching head. Two more still? Fine."" [Fill out forms]",
guvg_001,dlg,ReplyList/11/Text,0,-1,Next,
guvg_001,dlg,ReplyList/12/Text,0,-1,Next,
guvg_001,dlg,ReplyList/13/Text,0,-1,"""Fine""",
guvg_001,dlg,ReplyList/14/Text,0,-1,Next,
guvg_001,dlg,ReplyList/15/Text,0,-1,Next,
guvg_001,dlg,ReplyList/16/Text,0,-1,End Conversation,
guvg_001,dlg,ReplyList/17/Text,0,-1,[Attack],
guvg_001,dlg,ReplyList/18/Text,0,-1,"""I don't have the patience for this.""",
guvg_001,dlg,ReplyList/19/Text,0,-1,"[Persuade] ""Authorization is not permitted without entry.""",
guvg_001,dlg,ReplyList/2/Text,0,-1,Next,
guvg_001,dlg,ReplyList/20/Text,0,-1,End Conversation,
guvg_001,dlg,ReplyList/21/Text,0,-1,Next,
guvg_001,dlg,ReplyList/22/Text,0,-1,Next,
guvg_001,dlg,ReplyList/23/Text,0,-1,Next,
guvg_001,dlg,ReplyList/24/Text,0,-1,End Conversation,
guvg_001,dlg,ReplyList/25/Text,0,-1,"[Persuade] ""I've come to learn more about the inner workings of the law. I've heard it's great.""",
guvg_001,dlg,ReplyList/26/Text,0,-1,End Conversation,
guvg_001,dlg,ReplyList/27/Text,0,-1,Next,
guvg_001,dlg,ReplyList/28/Text,0,-1,Next,
guvg_001,dlg,ReplyList/29/Text,0,-1,End Conversation,
guvg_001,dlg,ReplyList/3/Text,0,-1,Next,
guvg_001,dlg,ReplyList/30/Text,0,-1,"[Persuade] ""I am a member of the City Guard, Low Guard <FirstName> and I request entrance. The records inside will help me with an investigation.""",
guvg_001,dlg,ReplyList/31/Text,0,-1,End Conversation,
guvg_001,dlg,ReplyList/32/Text,0,-1,End Conversation,
guvg_001,dlg,ReplyList/33/Text,0,-1,"""I seek deeds and records. How do I acquire authorization?""",
guvg_001,dlg,ReplyList/34/Text,0,-1,Next,
guvg_001,dlg,ReplyList/35/Text,0,-1,Next,
guvg_001,dlg,ReplyList/4/Text,0,-1,"""Ugh, this is going to take forever, isn't it?"" [Fill out form]",
guvg_001,dlg,ReplyList/5/Text,0,-1,"""There's got to be another way into this place. I'm not filling out any more documents.""",
guvg_001,dlg,ReplyList/6/Text,0,-1,End Conversation,
guvg_001,dlg,ReplyList/7/Text,0,-1,"""I have a headache already."" [Fill out forms]",
guvg_001,dlg,ReplyList/8/Text,0,-1,Next,
guvg_001,dlg,ReplyList/9/Text,0,-1,Next,
hame_001,dlg,EntryList/0/Text,0,-1," ""Yes? Can't you see I'm eating?""",
hame_001,dlg,EntryList/1/Text,0,-1,"""Do you often walk up to random strangers and harangue them with questions? Leave me to my meal. Powers below, the nerve of some people.""",
hame_001,dlg,ReplyList/0/Text,0,-1,"""Never mind.""",
hame_001,dlg,ReplyList/1/Text,0,-1,"""Have you seen a woman named Harasi around here?",
hame_001,dlg,ReplyList/2/Text,0,-1,End Conversation,
hara_001,dlg,EntryList/0/Text,0,-1,"""You better hope you're lost or we're going to have some problems. First off, who are you?""",
hara_001,dlg,EntryList/1/Text,0,-1,"""Lots of talk about problems being bandied about. Let me offer a simple solution. Kill them!""",
hara_001,dlg,EntryList/10/Text,0,-1,This intense woman stares at you until you go away. ,
hara_001,dlg,EntryList/11/Text,0,-1,This intense woman doesn't look like she wants to be spoken to. By anyone. Ever.,
hara_001,dlg,EntryList/12/Text,0,-1,"""Wait! WAIT!""",
hara_001,dlg,EntryList/13/Text,0,-1," ""You seem like a reasonable <race>. I bet all of this information I have back here will help you along dismantling the organization or taking it over or whatever it is you're up to. Take this ring too. It's magic and links to the other members. I don't know how. Take it all and let me go.""",
hara_001,dlg,EntryList/14/Text,0,-1,"""You're with the revolutionaries, right? Wanna get out from under the booted heel of the devils and nobles, right? I have information here that can help you unlock the whole thing, maybe even figure out why worldwine hurts outsiders. This ring too. Links to the rest of them by magic. Let me go and it's all yours.""",
hara_001,dlg,EntryList/15/Text,0,-1,"""Look, you're obviously a *tough* cobble polisher. Let me go and I'll make it worth your while. Names, links, any information you want you can turn over to the Guard. I figured out most of the operation. This ring links to the other members. It's magic and it's yours. Just let me go and I'll disappear.""
",
hara_001,dlg,EntryList/16/Text,0,-1,"""I've had just about enough of this.""",
hara_001,dlg,EntryList/2/Text,0,-1,"""You didn't answer my question.""",
hara_001,dlg,EntryList/3/Text,0,-1,"""<FirstName>. Simple. Has a nice ring to it. I like simple. For example: attack!""",
hara_001,dlg,EntryList/4/Text,0,-1,"""Good to know. I don't have time to deal with people fighting for a lost cause. Work within the way things are, you idiot. No use fighting the tide. Goodbye.""",
hara_001,dlg,EntryList/5/Text,0,-1,"""Just going to come out and say it, huh? Time to die, cobble polisher. I'll just pay off whoever comes looking for you.""",
hara_001,dlg,EntryList/6/Text,0,-1,"[Failure] ""I don't know how you got in here, but I won't be pushed around in my own damn place. Time for you to die. Federus can put the cleaning bill on my tab.""",
hara_001,dlg,EntryList/7/Text,0,-1,"[Success] ""I'll note my mercs outside didn't stop you, unless you snuck past them... either way you're determined, if you got this far... Looks like it's in my best interests to quit while I'm ahead.""",
hara_001,dlg,EntryList/8/Text,0,-1,"""I'm a practical woman. I can't make any money if I'm dead. Okay everyone, we're done here. Pack it in.""",
hara_001,dlg,EntryList/9/Text,0,-1,"""You know enough and seem very capable. So, I'm out. Good luck to you. There is more to all this than you might have bargained for. This ring is part of it. It's all yours. I won't forget you gave me a choice.""",
hara_001,dlg,ReplyList/0/Text,0,-1,"""Just a concerned citizen trying to get by, trying to solve a problem. A problem you're a part of.""",
hara_001,dlg,ReplyList/1/Text,0,-1,End Conversation,
hara_001,dlg,ReplyList/10/Text,0,-1,"[Intimidate] ""No, I didn't. Now choose. Get out of town or die.""",
hara_001,dlg,ReplyList/11/Text,0,-1,End Conversation,
hara_001,dlg,ReplyList/12/Text,0,-1,"""Surprisingly reasonable.""",
hara_001,dlg,ReplyList/13/Text,0,-1," ""Just like that?""",
hara_001,dlg,ReplyList/14/Text,0,-1,End Conversation,
hara_001,dlg,ReplyList/15/Text,0,-1,"""You already have a problem. Me."" [Attack]",
hara_001,dlg,ReplyList/16/Text,0,-1,Next,
hara_001,dlg,ReplyList/17/Text,0,-1,"""I can't let you live.""",
hara_001,dlg,ReplyList/18/Text,0,-1,"""Works for me. Get out of here.""",
hara_001,dlg,ReplyList/19/Text,0,-1,"""No. You're too dangerous.""",
hara_001,dlg,ReplyList/2/Text,0,-1,"""You're a hard woman to track down, but ask enough questions and someone always talks. I know you're the main supplier for worldwine so I'm giving you a choice. Leave, right now, with what you have on you. Your notes, supply, and everything else here is mine to do with as I wish. OR, you can try and fight, and it ends up the same.""",
hara_001,dlg,ReplyList/20/Text,0,-1,"""For the sake of the revolution, I'll let you go. Pray to whatever power you want we don't meet again.""",
hara_001,dlg,ReplyList/21/Text,0,-1,"""Can't risk it.""",
hara_001,dlg,ReplyList/22/Text,0,-1,"""Get out of here before I change my mind.""",
hara_001,dlg,ReplyList/23/Text,0,-1,End Conversation,
hara_001,dlg,ReplyList/3/Text,0,-1,"""<FirstName>.""",
hara_001,dlg,ReplyList/4/Text,0,-1,End Conversation,
hara_001,dlg,ReplyList/5/Text,0,-1,"""Just a member of a group interested in the liberation of the city. I go by <FullName>.""
",
hara_001,dlg,ReplyList/6/Text,0,-1,End Conversation,
hara_001,dlg,ReplyList/7/Text,0,-1,"""Low Guard <FullName>.""",
hara_001,dlg,ReplyList/8/Text,0,-1,End Conversation,
hara_001,dlg,ReplyList/9/Text,0,-1,"""On second thought, better to kill you all.""",
harasi_papers_01,dlg,EntryList/0/Text,0,-1,"This pile of papers on the desk seem to be reports from various vagrants and street-rats detailing the patrol routes of several devils. The patrols are consistent with military protocol and precision. Harasi has scrawled the word ""pathetic"" several times next to the designation of a few of the devils, along with the phrase, ""Predictability is death.""
",
harasi_papers_01,dlg,ReplyList/0/Text,0,-1,End Conversation,
hgua_001,dlg,EntryList/0/Text,0,-1,"""Identify!""",
hgua_001,dlg,EntryList/1/Text,0,-1,"""What do you think?""",
hgua_001,dlg,EntryList/10/Text,0,-1,"*the Harmonium guard searches your belongings* ""Nothing illegal here. Very well -- move along, but I'm watching you.""
",
hgua_001,dlg,EntryList/11/Text,0,-1,"[Failure] ""Plane Pox, Wipple Wickets, Flux Mux... I've heard them all. What do you have on you?""",
hgua_001,dlg,EntryList/12/Text,0,-1,"[Succeed] ""Plane pox! I've heard about that. What are you doing here? Get yourself to a healer straight away!""",
hgua_001,dlg,EntryList/13/Text,0,-1,"""Oh, one of the redundant. The law dictates I be civil, but the law can be... refined. What is your purpose here?""",
hgua_001,dlg,EntryList/14/Text,0,-1,"[Failure] ""I haven't seen you around before. Just watch yourself, Redundant.""",
hgua_001,dlg,EntryList/15/Text,0,-1,"[Success] ""I thought I'd seen you around here. You may pass. Serve the law... for as long as you're able, Redundant.""",
hgua_001,dlg,EntryList/16/Text,0,-1,"""What?""",
hgua_001,dlg,EntryList/17/Text,0,-1,"""I... yes, of course. Very well. Be on your way. Serve the law... for as long as you're able.""",
hgua_001,dlg,EntryList/18/Text,0,-1,"""What is the nature of the matter?""",
hgua_001,dlg,EntryList/19/Text,0,-1,"""Hmph. I don't want to get embroiled in that mess. Carry on.""",
hgua_001,dlg,EntryList/2/Text,0,-1,"""Looks like the prime knows the dark of it.""",
hgua_001,dlg,EntryList/20/Text,0,-1,"""I... *grumbles* a Low Guard is not. Very well. Carry on, but I'm watching you.""",
hgua_001,dlg,EntryList/3/Text,0,-1,"""What are you doing here, citizen?""",
hgua_001,dlg,EntryList/4/Text,0,-1,"""Hmm.""",
hgua_001,dlg,EntryList/5/Text,0,-1,"[Success] Harmonium Guard: ""Oh, well, be sure to file form 255.25 Gifts to the Harmonium and Form 255.26 Further Gratitude to the Harmonium.""",
hgua_001,dlg,EntryList/6/Text,0,-1,"[Failure] ""Hmm.""",
hgua_001,dlg,EntryList/7/Text,0,-1,"[Success] ""Hm. For a prime burg, it's not a bad area. Move along and know that we are watching you.""",
hgua_001,dlg,EntryList/8/Text,0,-1,"[Failure] ""Submit for inspection.""",
hgua_001,dlg,EntryList/9/Text,0,-1,"*the Harmonium guard searches your belongings* ""Illegal anarchist propaganda?? I'll be taking this, citizen! A word of warning. The next time you think of having something like this on you, take a stroll past Exsanguination Square and smell the copper in the stone. Now get out of here!""",
hgua_001,dlg,ReplyList/0/Text,0,-1,"""Any chance I can say no?""",
hgua_001,dlg,ReplyList/1/Text,0,-1,"""Not a chance?""",
hgua_001,dlg,ReplyList/10/Text,0,-1,"""I have nothing to hide.""",
hgua_001,dlg,ReplyList/11/Text,0,-1,"""I have nothing to hide.""",
hgua_001,dlg,ReplyList/12/Text,0,-1,"[Lie] ""I have a rare form of plane pox!""",
hgua_001,dlg,ReplyList/13/Text,0,-1,Next,
hgua_001,dlg,ReplyList/14/Text,0,-1,Next,
hgua_001,dlg,ReplyList/15/Text,0,-1,"""I will. Thank you!""",
hgua_001,dlg,ReplyList/16/Text,0,-1,"""Low Guard <FirstName>. Here is my badge.""
",
hgua_001,dlg,ReplyList/17/Text,0,-1,"[Persuade] ""This is my beat.""",
hgua_001,dlg,ReplyList/18/Text,0,-1,"""Statute 5.362.""",
hgua_001,dlg,ReplyList/19/Text,0,-1,"""According to statute 5.3-62 of the Arrival Accord, the Harmonium: Furiae Branch is to assist local authority on request in an active investigation and not interfere should assistance not be requested. I am on an active investigation and not requesting assistance.""",
hgua_001,dlg,ReplyList/2/Text,0,-1,Next,
hgua_001,dlg,ReplyList/20/Text,0,-1,"""I'm investigating a Guard matter.""",
hgua_001,dlg,ReplyList/21/Text,0,-1,"""I'm looking into worldwine.""",
hgua_001,dlg,ReplyList/22/Text,0,-1,"""I'm not bound by law to tell you.""",
hgua_001,dlg,ReplyList/3/Text,0,-1,"""<FullName>, nice to meet you.""",
hgua_001,dlg,ReplyList/4/Text,0,-1,"[Persuade] ""I've come to personally thank the Harmonium for performing such a great service to our fair city since the Arrival.""",
hgua_001,dlg,ReplyList/5/Text,0,-1,Next,
hgua_001,dlg,ReplyList/6/Text,0,-1,"""I'll be sure to.""",
hgua_001,dlg,ReplyList/7/Text,0,-1,"[Lie] ""Just on a stroll.""",
hgua_001,dlg,ReplyList/8/Text,0,-1,Next,
hgua_001,dlg,ReplyList/9/Text,0,-1,"[Persuade] ""I've come to look at some building records.""",
hist_rec_001,dlg,EntryList/0/Text,0,-1,A section of documents on the history of Furiae.,
hist_rec_001,dlg,EntryList/1/Text,0,-1,"This volume is bound neatly and seems to be not a collection of notes, but a bound manuscript continuing the tale of Furiae. Certain citizens, ignorant and ungrateful of the goodwill of the nobles, began a seditious rebellion. Fortunately, due to the foresight of our ruler, Lady Ovida, devils aligned with our good and righteous city came to our aid in time of greatest need. A contract was forged to strike down the rebellion once and for all.
",
hist_rec_001,dlg,EntryList/2/Text,0,-1,"More yellowed papers reveal deeper history of Furiae. After its independence, Furiae became a hotbed of intrigue as several nations used its apparent neutrality as a stage for spycraft and espionage against each other. The combination of the ungrateful citizens and the constant outside influence caused Furiae to more tightly control its borders.
",
hist_rec_001,dlg,EntryList/3/Text,0,-1,"This sheaf of moldering papers seem to be a draft detailing Furiae's history as once part of the old Great Kingdom on the continent of Oerik on the world of Oerth. Furiae declared itself an independent city-state from the Great Kingdom many years before The Arrival, using its naval power and vast agriculture as leverage. It immediately adopted stern laws for ""the safety of its people.""",
hist_rec_001,dlg,ReplyList/0/Text,0,-1,Leave,
hist_rec_001,dlg,ReplyList/1/Text,0,-1,"A History of Furiae and Its People vol. III
",
hist_rec_001,dlg,ReplyList/2/Text,0,-1,"A History of Furiae and Its People vol. II
",
hist_rec_001,dlg,ReplyList/3/Text,0,-1,"A History of Furiae and Its People vol. I
",
ingm_001,dlg,EntryList/0/Text,0,-1,"""Ugh, this is going to take FOREVER to clean... you be sure to call on me, though.""",
ingm_001,dlg,EntryList/1/Text,0,-1,"""You looking for a date? You look sweet as a sugar plumb... pluuumb... Do you pronounce the 'b' *hic*""
",
ingm_001,dlg,EntryList/2/Text,0,-1,"""I can take you places worldwine can't, <race>... promise. *hic*"" Ingmora throws up on herself and the floor and her companions.
",
ingm_001,dlg,ReplyList/0/Text,0,-1,"""Oh, I'm good. And out of here.""",
ingm_001,dlg,ReplyList/1/Text,0,-1,"""No, thank you. I'm looking for someone who might know about worldwine.""
",
ingm_001,dlg,ReplyList/2/Text,0,-1,"""I'm done.""",
intro_001,dlg,EntryList/0/Text,0,-1,"Welcome to Furiae, a city that teeters on the very edge of the Outlands, constantly threatening to fall into Avernus, the first layer of the Nine Hells of Baator. Called the city of the Gauntleted Fist, Furiae is ruled by the Lady Ovida of House Cascare, servant of Archdevil Zariel. ",
intro_001,dlg,EntryList/1/Text,0,-1,"In order to quell a civil war on Oerth, Ovida made a literal deal with a devil. She bade her new baatezu allies quell the uprising and take a place in the ranks of rulership. In return, and with many of the noble houses' agreement and consent, she offered Zariel the city itself -- and all the people therein.",
intro_001,dlg,EntryList/2/Text,0,-1,"Not everything went according to plan. Curiously, the contract was not ironclad. The devils were not completely successful in quelling the uprising -- enough revolutionary forces remained in the city, fighting against the oppressive government with word and deed, to prevent Furiae's philosophical heart from bending completely toward evil. 
",
intro_001,dlg,EntryList/3/Text,0,-1,"Instead of falling to Avernus, the city-state materialized in the Outlands, the infinite plane of Neutrality. Now, many forces are vying to win Furiae's heart through its people. ",
intro_001,dlg,EntryList/4/Text,0,-1,You count yourself among those people. An ordinary citizen about to find themselves in extraordinary circumstances. Do you wish to save this city? Help to topple it into Avernus? Or simply survive?,
intro_001,dlg,EntryList/5/Text,0,-1,"Note that, like the city itself, your alignment is mutable and may change with your decisions. With all this in mind, where does your background lie?
",
intro_001,dlg,EntryList/6/Text,0,-1,"And with that done, welcome to Furiae, and be sure to refer to your journal as your investigation develops.

You find yourself walking through the Sea Market one afternoon when a sudden disturbance nearby catches your attention...",
intro_001,dlg,ReplyList/0/Text,0,-1,Next,
intro_001,dlg,ReplyList/1/Text,0,-1,Next,
intro_001,dlg,ReplyList/2/Text,0,-1,Next,
intro_001,dlg,ReplyList/3/Text,0,-1,Next,
intro_001,dlg,ReplyList/4/Text,0,-1,End Conversation,
intro_001,dlg,ReplyList/5/Text,0,-1,Next,
intro_001,dlg,ReplyList/6/Text,0,-1,"An independent, unaffiliated with any of the organizations in the city, beholden to none.",
intro_001,dlg,ReplyList/7/Text,0,-1,"Low Guard, a low-level member of the City Guard, walking the beat.",
intro_001,dlg,ReplyList/8/Text,0,-1,"A revolutionary, a minor member of the groups trying to free Furiae from fascism.",
intro_001,dlg,ReplyList/9/Text,0,-1,End,
ivyw_001,dlg,EntryList/0/Text,0,-1,"It looks like the ivy on this wall could support your weight if you wanted to climb it. It won't be easy, but you can always try again. Climb up?",
ivyw_001,dlg,EntryList/1/Text,0,-1,You make your way inside the villa walls.,
ivyw_001,dlg,ReplyList/0/Text,0,-1,I want to look around a bit more first.,
ivyw_001,dlg,ReplyList/1/Text,0,-1,Yes,
jour_001,dlg,EntryList/0/Text,0,-1,"A small journal. Most of the entries are quite mundane. This Harasi woman seems to have a love of the theater and several entries are reviews of plays from the past, peppered with enough profanity to make a sailor blush. More recent entries are about her relationship with Kyla along with notes to herself about how ""overcomplicating things can get you killed.""",
jour_001,dlg,EntryList/1/Text,0,-1,"One entry of note to your investigation reads, ""I'm so close to putting it all together, but there has to be something else behind it all. Whoever heads the operation doesn't seem to care about the coin. I don't trust anyone who doesn't care about coin. Remove them from the operation.""",
jour_001,dlg,ReplyList/0/Text,0,-1,Next,
jour_001,dlg,ReplyList/1/Text,0,-1,End,
kari_001,dlg,EntryList/0/Text,0,-1,"""Anything else?""",
kari_001,dlg,EntryList/1/Text,0,-1,"""Yes, can I help you?""",
kari_001,dlg,EntryList/10/Text,0,-1,"""Probably not much. That whole building exploded a little while ago. I think I saw someone running out of it, but couldn't tell you what they look like.""",
kari_001,dlg,EntryList/11/Text,0,-1,"""No, I'm sorry.""",
kari_001,dlg,EntryList/2/Text,0,-1,"""Oh, is this for the Sentinel?""",
kari_001,dlg,EntryList/3/Text,0,-1,"""Probably not much. That whole building exploded a little while ago. I think I saw someone running out of it, but couldn't tell you what they look like.""",
kari_001,dlg,EntryList/4/Text,0,-1,"[Failure] ""You don't look like a reporter.""",
kari_001,dlg,EntryList/5/Text,0,-1,"""Not you.""",
kari_001,dlg,EntryList/6/Text,0,-1,"[Success] ""Oh, I love the Sentinel. Read it every day.""",
kari_001,dlg,EntryList/7/Text,0,-1,"""That whole building exploded a little while ago. I think I saw someone running out of it, but couldn't tell you what they look like.""",
kari_001,dlg,EntryList/8/Text,0,-1," ""Yes, of course. I -- I'm a law-abiding citizen. How can I help?""",
kari_001,dlg,EntryList/9/Text,0,-1,"""I don't know much. That whole building exploded a little while ago. I think I saw someone running out of it, but couldn't tell you what they look like.""",
kari_001,dlg,ReplyList/0/Text,0,-1,"""Nothing. Thank you for your time.""",
kari_001,dlg,ReplyList/1/Text,0,-1,"""I have more questions.""",
kari_001,dlg,ReplyList/10/Text,0,-1,"""What happened here?""",
kari_001,dlg,ReplyList/11/Text,0,-1,Next,
kari_001,dlg,ReplyList/12/Text,0,-1,"""Can you tell me what happened here?""",
kari_001,dlg,ReplyList/13/Text,0,-1,"""Anything else?""",
kari_001,dlg,ReplyList/14/Text,0,-1,"""Thank you for your time.""",
kari_001,dlg,ReplyList/2/Text,0,-1,"""I was wondering if I could ask you a few questions.""",
kari_001,dlg,ReplyList/3/Text,0,-1,"""Not even a little. Just curious. Can you tell me what happened here?""",
kari_001,dlg,ReplyList/4/Text,0,-1,Next,
kari_001,dlg,ReplyList/5/Text,0,-1,"[Lie] ""Sure.""",
kari_001,dlg,ReplyList/6/Text,0,-1,"""Oh, what does a reporter look like?""",
kari_001,dlg,ReplyList/7/Text,0,-1,"""In your own words, can you tell me about what happened here?""",
kari_001,dlg,ReplyList/8/Text,0,-1,Next,
kari_001,dlg,ReplyList/9/Text,0,-1,"""I'm taking statements.""",
kark_001,dlg,EntryList/0/Text,0,-1,"""You, however, do not. I'm going to hollow out your skull and use your skin for slippers!""",
kark_001,dlg,EntryList/1/Text,0,-1,"""You, however, do not. I'm going to hollow out your skull and use your skin for slippers! Shall we kill them, my sweet acolyte?""",
kark_001,dlg,EntryList/10/Text,0,-1,"""Grahhhh! Fine! Take it! Take this damn city. It's yours! We got what we wanted from it anyway. The damage is done. Dear sweet Maggie and Peg are still out there, playing the Blood War for our ends, our power. Zariel's delicious tragedy.""",
kark_001,dlg,EntryList/11/Text,0,-1,"""This has been only a part, my part. Damn you... but know this. I will never forget you. When you lay your head down at night, satisfied with yourself, see my face behind your eyelids and know I am only one nightmare away.""",
kark_001,dlg,EntryList/2/Text,0,-1,"""You did promise to show me what dreams taste like.""",
kark_001,dlg,EntryList/3/Text,0,-1,"""So I did. For now, let us be the nightmare.""",
kark_001,dlg,EntryList/4/Text,0,-1,"""Raaaaaagh! So, you come. Bringing my plans, my city, my part of our delicious plot crashing down. My dreams!""",
kark_001,dlg,EntryList/5/Text,0,-1,"""Dear Maggie will never let me hear the end of it. But no matter. It was a success after all and sundry. Stealing Zariel's *spits* precious city out from under her, stealing her dream, adding to her sweet anguish!""",
kark_001,dlg,EntryList/6/Text,0,-1,"""I corrupted the barrister's mind, her agent, her envoy to Furiae all those years ago. I meddled with the dreams of devils and twisted Law itself, altering the contract -- and making so many fine nightmares to feed on in the process. My only regret is Zariel's attention has turned elsewhere. So many cities in her sights. Her own tragedies come to the fore...""",
kark_001,dlg,EntryList/7/Text,0,-1,"""So I'm going to take this stain of a city, with its plots and intrigue and petty pleasures, its devils and its wretched law, and make the whole place a waking nightmare.""",
kark_001,dlg,EntryList/8/Text,0,-1,"""The whole city will drink deep of worldwine when I simply pour it all into the water supply. Bottle by damned bottle.""",
kark_001,dlg,EntryList/9/Text,0,-1,"""Outsiders will die. I will crunch and feed on the dreams of the desperate. No more plots for Furiae, oh no. *You* drove me to this... Furiae dies and I will move on to some other city. I can start again. I have a *very* long time.""",
kark_001,dlg,ReplyList/0/Text,0,-1,End Conversation,
kark_001,dlg,ReplyList/1/Text,0,-1,Next,
kark_001,dlg,ReplyList/10/Text,0,-1,Next,
kark_001,dlg,ReplyList/11/Text,0,-1,End Conversation,
kark_001,dlg,ReplyList/2/Text,0,-1,Next,
kark_001,dlg,ReplyList/3/Text,0,-1,Next,
kark_001,dlg,ReplyList/4/Text,0,-1,Next,
kark_001,dlg,ReplyList/5/Text,0,-1,Next,
kark_001,dlg,ReplyList/6/Text,0,-1,Next,
kark_001,dlg,ReplyList/7/Text,0,-1,Next,
kark_001,dlg,ReplyList/8/Text,0,-1,Next,
kark_001,dlg,ReplyList/9/Text,0,-1,Next,
kelt_001,dlg,EntryList/0/Text,0,-1,"""You need something?""",
kelt_001,dlg,EntryList/1/Text,0,-1,"""Name's Kelten, and you remember it. Going to be champion one day. Lucky you. You get to say you met me before I got all famous.""
",
kelt_001,dlg,EntryList/2/Text,0,-1,"""Oh, are you now? I might know a thing or two about a thing or two, and you look like you can handle yourself. Tell you what. I haven't had a fight in a few nights. Gotta keep yourself in the public's eye if you want to make coin, you know. Pits are closed right now but how 'bout we make a show of a strength content? You beat me, I'll help you out. What do you say?""
",
kelt_001,dlg,EntryList/3/Text,0,-1,"[Failure] ""Aha! Got you this time. All you cutters see that? Kelten's still got it. Good luck with your thing though.""
",
kelt_001,dlg,EntryList/4/Text,0,-1,"[Success] ""Oof... not bad. Going to feel that for weeks. You've got some arms on you. Anyway, a deal is a deal. You're looking for the woman named Kyla. She deals to everyone here. Keeps an office in the back too. Just about everyone is too scared or loyal to say anything, but she's who you want to talk to.""",
kelt_001,dlg,EntryList/5/Text,0,-1,End Conversation,
kelt_001,dlg,EntryList/6/Text,0,-1,"""Suit yourself.""
",
kelt_001,dlg,ReplyList/0/Text,0,-1,"""Nope. Not a thing.""",
kelt_001,dlg,ReplyList/1/Text,0,-1,"""Who are you?""",
kelt_001,dlg,ReplyList/2/Text,0,-1,"""Lucky me.""",
kelt_001,dlg,ReplyList/3/Text,0,-1,"""Information about worldwine is what I'm after.""
",
kelt_001,dlg,ReplyList/4/Text,0,-1,"""Sounds good.""
",
kelt_001,dlg,ReplyList/5/Text,0,-1,"""Thanks""",
kelt_001,dlg,ReplyList/6/Text,0,-1,"""Appreciate it.""",
kelt_001,dlg,ReplyList/7/Text,0,-1,"""I'm not really strong.""",
kelt_001,dlg,ReplyList/8/Text,0,-1,End Conversation,
kres_001,dlg,EntryList/0/Text,0,-1,"""I killed fifteen men with a fish one time.""
",
kres_001,dlg,EntryList/1/Text,0,-1,"""Yeah. I'll tell ya this tale. Ol' Kresh figures you stop by and flap your bonebox with 'im enough, I can let this one go. Don't ask for more than this cause you ain't gonna get it.""",
kres_001,dlg,EntryList/10/Text,0,-1,"""Heard them Coranos out on the Teeth got themselves written in the deadbook. Heard they were involved in buying a lot of slaves. Ha! Serves 'em right if you ask me. Whatever blood did the deed has my thanks.""",
kres_001,dlg,EntryList/11/Text,0,-1,"""You hear about them revolutionaries around town? Seems they might have a thing tor two to do with trying to clean this place up. I mean, right here, where I do sit ain't so bad. These here docks.""",
kres_001,dlg,EntryList/12/Text,0,-1,"""Ain't no devil or law-lover going to mess *that much* with the flow of money comin' in and out of the city. But the rest of the place ain't so lucky. You get out there, you do what you can, blood. These are some scary times.""",
kres_001,dlg,EntryList/13/Text,0,-1,"""I'm sure you do. Don't mean you can't keep an eye peeled for others while you're at it. I ONLY GOT THE ONE! *ahem* So, you buyin'?""
",
kres_001,dlg,EntryList/14/Text,0,-1,"""Good. So, you buying?""
",
kres_001,dlg,EntryList/15/Text,0,-1,"""Well, looks like 'ol Kresh got in your head, he did! Ha! I appreciate that, basher. I do love me some conversation. As to where I'm from, well... I'd rather not say. Let the past stay the past. Left that place behind a while back, gave myself a new name! Mine, all mine, Kresh Chainbreaker! Handsome name fer a handsome fellow, a blood if you ever met one, and I'll slap anyone says otherwise.""
",
kres_001,dlg,EntryList/16/Text,0,-1,"""Yeah. Chainbreaker. Didn't ya hear me? The place I'm from, big on slavery! Kinda like here. Can't say I'm a fan myself, but I did for myself what I hope a few more can do for themselves.""
",
kres_001,dlg,EntryList/17/Text,0,-1,"""See this broken tusk o' mine? Orc symbol for 'Slave' etched into the gold cap, all scratched out? Did that myself. Symbology! Broke my chains, got the Hells out of there. Got myself here.""",
kres_001,dlg,EntryList/18/Text,0,-1," ""So, you gonna buy something or you just come ta look upon the mighty and fetching countenance of ol' Kresh?""
",
kres_001,dlg,EntryList/19/Text,0,-1,"""You wanna know about me? Ha! Most folks in this berg don't care one whit about a random fishslinger. I mean, I only got to Furiae a little while back, ya see. All legal like, of course. Everything in this town is all legal like.""
",
kres_001,dlg,EntryList/2/Text,0,-1,"""So, back when I was a slave... well, let's say this was during the transition period from slave ta free, yeah? No, in tha beginnin', my whole village was captured and taken to an island fort. We was all divided up, given jobs. Most water I'd ever seen before that was a few streams, maybe a river, and tha's the truth of it.""",
kres_001,dlg,EntryList/20/Text,0,-1,"""That paperwork was a pain in the brainbox, if you don't mind my sayin', and even if you do, it don't make it any less true! Ha! Felt like this was as good a place as any to ply my trade. Besides, the Outlands are a ways away from where I started. I have my here fish, you see. I like fish.""",
kres_001,dlg,EntryList/21/Text,0,-1,"""What do you wanna know? I got fish here. You want fish, basher? I got fish. Weird fish. Fish from all over, literally! I try 'em all myself and usually take those what no one else will. Not on account of freshness basher, oh no, but on account of you never know what sort of things these boats that come in are going to pull up from the deep! It gets wild down there.""",
kres_001,dlg,EntryList/22/Text,0,-1,"""See, the currents run the length and breadth of the planes. Don't know how some fish is going to go down the gullet for prime and planar alike! So your buddy Kresh here tries 'em all his ownself. Got me a hearty stomach right here, so I'll know if some stringy elf or curious gnome will be able to handle it. Also, I can speak to the taste like a true gormand! Ha!""
",
kres_001,dlg,EntryList/23/Text,0,-1,"""About fish? What's there else ta say, basher? You want fish, you get some fish. Maybe come back later if you want to flap the bone box. Ol' Kresh is tired.""",
kres_001,dlg,EntryList/24/Text,0,-1,"""So, what do you wanna know?""",
kres_001,dlg,EntryList/25/Text,0,-1,"""Plenty and more. Run by a body name of Ulan. Brings slaves here from all over, refugees from the Blood War, mostly. Breaks 'em in out of town, ships 'em here. I sees 'em using a secret door round the back when they want 'ta keep away from pryin' eyes. Kresh sees 'em though.""",
kres_001,dlg,EntryList/26/Text,0,-1,"""You want some fish? Cause I got some fish.""
",
kres_001,dlg,EntryList/27/Text,0,-1,"""Suit yourself.""",
kres_001,dlg,EntryList/28/Text,0,-1,"""Really depends on the haul from the day and where the planar currents are swimmin'. That's one big ocean and a lot of crazy comes out of it on any given day, but don't you worry none. I personally eat one of everythin' I sell ta make sure it's fit fer consumption The one with the four eyes is good eatin'.""",
kres_001,dlg,EntryList/29/Text,0,-1," ""What kind of information? Not much round these docks gets past 'ol Kresh. I keep an eye out fer trouble. Get it, cause a tha' patch! CAUSE I ONLY GOT THE ONE EYE! HAHAHAHAHAHA! Cause slavers took it!""",
kres_001,dlg,EntryList/3/Text,0,-1,"""The ocean was a wonder to me and I took to it like a... like a... I'm sure there's a phrase here. Just ain't comin' to mind. Huh. Anyway, I get put on fishin' detail. Start learning knots, nets, the whole shebang.""",
kres_001,dlg,EntryList/30/Text,0,-1,"""Anyway, you wanna know something, you pay up. You seem like a nice 'un. 20 gold and I'll tell ya anything you wanna know that happens round here.""",
kres_001,dlg,EntryList/31/Text,0,-1,"""Then I'd tell ya anything ya wanted ta know fer free cause a body should do somethin' to tweak their noses and you look like a troublemaker.""",
kres_001,dlg,EntryList/32/Text,0,-1,"""Nice ring, brethren.""",
kres_001,dlg,EntryList/4/Text,0,-1,"""They had a little boat, a trawler, there to help feed the guards and castle staff. Couple of weeks on tha' water and I'm pulling in huge hauls and catching all manner of liquid nightmare. One day I pull up this real hard, and I mean diamond hard flapping beast of a fish. Three eyes, long as my arm, snout sharp as a vorpal blade.""",
kres_001,dlg,EntryList/5/Text,0,-1,"""See, at this point me and me kin had been on the island for a while. The guards, see, they started to get complacent. I figure the ocean, such as it was, gave me a gift. I grabbed that fish by its tail and whipped the guards on the boat 'til they stopped moving. Took that trawler back, and killed a bunch more.""
",
kres_001,dlg,EntryList/6/Text,0,-1,"""Grabbed as many of my kin as I could, took that trawler, and set out to sea. Anywhere bein' better than there. We get picked up by a shippin' boat that lost a few hands to some sea horror or another, and there we were, just as you please. Did that for a few years. Heard about Furiae. Set up shop.""
",
kres_001,dlg,EntryList/7/Text,0,-1,"""So? You buying?""",
kres_001,dlg,EntryList/8/Text,0,-1," ""May a power strike me down. So, what about this one? It tastes like pepper.""
",
kres_001,dlg,EntryList/9/Text,0,-1,"""Yeah? So buy something. I like the pink one.""",
kres_001,dlg,ReplyList/0/Text,0,-1,"""What? No. Wait. What?""",
kres_001,dlg,ReplyList/1/Text,0,-1,Next,
kres_001,dlg,ReplyList/10/Text,0,-1,Next,
kres_001,dlg,ReplyList/11/Text,0,-1,Next,
kres_001,dlg,ReplyList/12/Text,0,-1,Next,
kres_001,dlg,ReplyList/13/Text,0,-1,"""I look out for myself.""",
kres_001,dlg,ReplyList/14/Text,0,-1,Next,
kres_001,dlg,ReplyList/15/Text,0,-1,"""I'll do that.""",
kres_001,dlg,ReplyList/16/Text,0,-1,Next,
kres_001,dlg,ReplyList/17/Text,0,-1,"""Let's talk about something else.""",
kres_001,dlg,ReplyList/18/Text,0,-1,"""Chainbreaker?""",
kres_001,dlg,ReplyList/19/Text,0,-1,Next,
kres_001,dlg,ReplyList/2/Text,0,-1,Next,
kres_001,dlg,ReplyList/20/Text,0,-1,Next,
kres_001,dlg,ReplyList/21/Text,0,-1,Next,
kres_001,dlg,ReplyList/22/Text,0,-1,Next,
kres_001,dlg,ReplyList/23/Text,0,-1,"""Let's talk about something else.""",
kres_001,dlg,ReplyList/24/Text,0,-1,"""Anything else?""",
kres_001,dlg,ReplyList/25/Text,0,-1,Next,
kres_001,dlg,ReplyList/26/Text,0,-1,"""That sure is something. Tell me more.""",
kres_001,dlg,ReplyList/27/Text,0,-1,Next,
kres_001,dlg,ReplyList/28/Text,0,-1,"""What do you know about the warehouse?""",
kres_001,dlg,ReplyList/29/Text,0,-1,"""That's all I need. Thanks.""",
kres_001,dlg,ReplyList/3/Text,0,-1,Next,
kres_001,dlg,ReplyList/30/Text,0,-1,"""You know what? I'm good.""",
kres_001,dlg,ReplyList/31/Text,0,-1,"""Got any interesting stories, Kresh?""",
kres_001,dlg,ReplyList/32/Text,0,-1,"""What's news today, Kresh?""",
kres_001,dlg,ReplyList/33/Text,0,-1,"""You mentioned you recently got here. Where are you from?""",
kres_001,dlg,ReplyList/34/Text,0,-1,"""Tell me about yourself.""",
kres_001,dlg,ReplyList/35/Text,0,-1,"""Sure, what do you have?""
",
kres_001,dlg,ReplyList/36/Text,0,-1,"""What kind of fish?""",
kres_001,dlg,ReplyList/37/Text,0,-1,"""I think I'm good for now. Thanks. I did have some questions.""",
kres_001,dlg,ReplyList/38/Text,0,-1,"""I'm more looking for information.""",
kres_001,dlg,ReplyList/39/Text,0,-1,Next,
kres_001,dlg,ReplyList/4/Text,0,-1,Next,
kres_001,dlg,ReplyList/40/Text,0,-1,"""Well, you don't seem to like slavers. What if I told you I'm here to look into the slavers in that warehouse over there?""",
kres_001,dlg,ReplyList/41/Text,0,-1,Next,
kres_001,dlg,ReplyList/42/Text,0,-1,"""No way. Good luck with your fish.""",
kres_001,dlg,ReplyList/43/Text,0,-1,Pay 20 gold,
kres_001,dlg,ReplyList/44/Text,0,-1,Next,
kres_001,dlg,ReplyList/5/Text,0,-1,Next,
kres_001,dlg,ReplyList/6/Text,0,-1,Next,
kres_001,dlg,ReplyList/7/Text,0,-1,"""That cannot be true.""",
kres_001,dlg,ReplyList/8/Text,0,-1,Next,
kres_001,dlg,ReplyList/9/Text,0,-1,"""That's... that's amazing.""",
kyla_001,dlg,EntryList/0/Text,0,-1,"""Powers be! What?!""",
kyla_001,dlg,EntryList/1/Text,0,-1,"""Yeah? What do you want?"" ",
kyla_001,dlg,EntryList/10/Text,0,-1,"""You know it.""",
kyla_001,dlg,EntryList/11/Text,0,-1,"""You thick? Go away.""",
kyla_001,dlg,EntryList/12/Text,0,-1,"""You'd better have a good reason for bothering me.""",
kyla_001,dlg,EntryList/13/Text,0,-1,"""So?""",
kyla_001,dlg,EntryList/14/Text,0,-1,"""Did you, now? Because I haven't heard enough about *you* to care to talk.""",
kyla_001,dlg,EntryList/15/Text,0,-1,"""Not someone interested in idle chatter with a stranger. If I don't know you, I don't talk to you.""",
kyla_001,dlg,EntryList/16/Text,0,-1,"""So why are you bothering me? I don't know you and I don't know anything about worldwine.""",
kyla_001,dlg,EntryList/17/Text,0,-1,"""So why are you bothering me? I don't know you and I don't know anything about worldwine. You aren't going to find any sympathy here, either... what do you call yourselves? Brethren? You people have made things harder on the folks around here, not better.""",
kyla_001,dlg,EntryList/18/Text,0,-1,"""So why are you bothering me? I don't know you and I don't know anything about worldwine. And before you reach for your badge, don't look surprised you reek of low guard, no one here cares. Not even your fellow officers.""",
kyla_001,dlg,EntryList/19/Text,0,-1,"""Unless you've got something interesting to say, I've got nothing for you. Now, leave me alone. I have better things to do than talk to you.""",
kyla_001,dlg,EntryList/2/Text,0,-1,"*growls* ""What do you want?""",
kyla_001,dlg,EntryList/20/Text,0,-1,"""And it's still more interesting than talking to you.""",
kyla_001,dlg,EntryList/3/Text,0,-1,"""Fine. Her name is Harasi. I put her up in a room here. I get all of my stock directly from her, best of the bunch. She's dangerous. If you go after her, you're going to wind up hurt.""",
kyla_001,dlg,EntryList/4/Text,0,-1,"""Get what you need and get out. I hope your curiosity gets you killed.""",
kyla_001,dlg,EntryList/5/Text,0,-1," ""Well look at that. You actually took the time here. I like my security and I like to know that who I'm talking to really means business. You picked the right woman to do business with, not like those slingers out on the street. My deal is here in the Roost and stays in the Roost. All secure and under control. You buy from me and, as I'm sure you saw, go dream in the back, safe as a dragon's hoard. My stuff doesn't come cheap, but me and my folks here look after you. You looking to buy?""
",
kyla_001,dlg,EntryList/6/Text,0,-1," ""You should be impressed. I run a tight ship, as you can see. We get the pick of the best stuff available from the only supplier, Harasi. I keep a room for her here and make sure her needs are taken care of, she makes sure my needs are taken care of, and in turn your needs are taken care of. I get the first bottles of every batch.""",
kyla_001,dlg,EntryList/7/Text,0,-1,"""Look, I know the supplier, the only supplier, intimately. We keep a room for her here in the Roost and I ensure that our business relationship is tight. Harasi is the only supplier, and we get the pick of it before it hits the streets. You can't get better.""",
kyla_001,dlg,EntryList/8/Text,0,-1,"""Nah. Would if I could, but I just can't crack it. It comes from my associate, Harasi, only supplier in town. Anyone who sells gets it from her. But me? I keep a room for her here in the back. Get it the freshest. Get it direct. The business ties stay tight.""",
kyla_001,dlg,EntryList/9/Text,0,-1,"""It's a new experience, I get it. You take your time, but know you'll eventually come home to Roost.""",
kyla_001,dlg,ReplyList/0/Text,0,-1,"""Never mind.""",
kyla_001,dlg,ReplyList/1/Text,0,-1,"""Kyla, was it? Well Kyla, I found a ledger that looks like it's been regularly tampered with by someone the Roost's owners are in business with. Shady business. I suppose I should point out those errors to the owners, shouldn't I? It's the right thing to do, wouldn't you say? That is... unless someone had some information that I'd just *have* to follow up on right away. If I did I don't think I'd have the time to tell anyone here anything.""",
kyla_001,dlg,ReplyList/10/Text,0,-1,End Conversation,
kyla_001,dlg,ReplyList/11/Text,0,-1,"""I'll take a bottle. Pleasure doing business.""",
kyla_001,dlg,ReplyList/12/Text,0,-1,End Conversation,
kyla_001,dlg,ReplyList/13/Text,0,-1,Next,
kyla_001,dlg,ReplyList/14/Text,0,-1,"""I heard you were the one to see about worldwine.""",
kyla_001,dlg,ReplyList/15/Text,0,-1,End Conversation,
kyla_001,dlg,ReplyList/16/Text,0,-1,"""Okay, never mind.""",
kyla_001,dlg,ReplyList/17/Text,0,-1,"""Who are you?""",
kyla_001,dlg,ReplyList/18/Text,0,-1,End Conversation,
kyla_001,dlg,ReplyList/19/Text,0,-1,"""I'm looking for information on worldwine.""",
kyla_001,dlg,ReplyList/2/Text,0,-1,"""Just tell me who your supplier is and I'll go away.""",
kyla_001,dlg,ReplyList/20/Text,0,-1,Next,
kyla_001,dlg,ReplyList/21/Text,0,-1,"""It looks like you're just staring at a wall.""",
kyla_001,dlg,ReplyList/22/Text,0,-1,End Conversation,
kyla_001,dlg,ReplyList/3/Text,0,-1,"""I'm going to go have a look. Remember, if she's as dangerous as you say, it's probably best neither of us mention this little talk, right?""",
kyla_001,dlg,ReplyList/4/Text,0,-1,End Conversation,
kyla_001,dlg,ReplyList/5/Text,0,-1,"""Look, everyone here says you're the one to go to. Let's talk about worldwine.""",
kyla_001,dlg,ReplyList/6/Text,0,-1,"""I'm impressed. Tell me more.""",
kyla_001,dlg,ReplyList/7/Text,0,-1,"""I saw that. Before I trust you with quite literally my life, where do you get your supply? There are some counterfeits out there and I want to make sure mine is pure. I want to know everything is 'in house.'""",
kyla_001,dlg,ReplyList/8/Text,0,-1,"""That's very clever. You make the stuff too?""",
kyla_001,dlg,ReplyList/9/Text,0,-1,"""I'll need to think about it.""",
lamb_001,dlg,EntryList/0/Text,0,-1,"""...so then I said, ""That's not a Minotaur, that's a LARGEtaur! Bahahahahaha! Hehe... Hmm? Yeah?""",
lamb_001,dlg,EntryList/1/Text,0,-1,"""Harasi? Why you looking for that one? I mean, she's a looker, no doubt, but she doesn't like a good joke. I've tried catching her coming out of room cause it's all private for guests and such like, but... yeah. I'd rather not a knife in my guts.""",
lamb_001,dlg,ReplyList/0/Text,0,-1,"""Never mind.""",
lamb_001,dlg,ReplyList/1/Text,0,-1,"""Have you seen a woman named Harasi around?""",
lamb_001,dlg,ReplyList/2/Text,0,-1,End Conversation,
lian_001,dlg,EntryList/0/Text,0,-1,"""Oi there, blood. You fancy needing a, uh, helper? Got me some quick fingers and a quick blade if you're hiring.""",
lian_001,dlg,EntryList/1/Text,0,-1,"""Looking for a roguish one, Prime? I can do what needs doing for 50 jangle a week.""",
lian_001,dlg,EntryList/10/Text,0,-1,"*shrugs* ""It's your jink. Well, now that I think on it, it's mine now. Ta!""",
lian_001,dlg,EntryList/2/Text,0,-1,"""I'm far better company than them, I can promise you that.. Ah well, come back if some sense breaks into your cage.""",
lian_001,dlg,EntryList/3/Text,0,-1,"""Ah, here I am rattling my bonebox at a sod without two to rub together. Come back if you find the jink, eh?""",
lian_001,dlg,EntryList/4/Text,0,-1,"""Your loss, bubber. Come back if some sense makes its way into your cage.""",
lian_001,dlg,EntryList/5/Text,0,-1,"""Banging. Let's get moving before the Guvners catch the dark, eh?""",
lian_001,dlg,EntryList/6/Text,0,-1,"""What don't I do? Well I don't do finger painting, I suppose. But I'm good with me blade, or, uh, opening that what don't want to be opened, eh?""",
lian_001,dlg,EntryList/7/Text,0,-1,"""Oi.""",
lian_001,dlg,EntryList/8/Text,0,-1,"""There ain't no refunds on an incomplete contract, blood.""",
lian_001,dlg,EntryList/9/Text,0,-1,"""Just rattling your bonebox, eh? Let's get moving.""",
lian_001,dlg,ReplyList/0/Text,0,-1,Next,
lian_001,dlg,ReplyList/1/Text,0,-1,"""I don't really have room to bring on more companions.""",
lian_001,dlg,ReplyList/10/Text,0,-1,Next,
lian_001,dlg,ReplyList/11/Text,0,-1,"""I think we should part ways, I've no more need for you.""",
lian_001,dlg,ReplyList/12/Text,0,-1,"""Actually, never mind.""",
lian_001,dlg,ReplyList/13/Text,0,-1,End Conversation,
lian_001,dlg,ReplyList/14/Text,0,-1,"""I'm sure. Farewell.""",
lian_001,dlg,ReplyList/15/Text,0,-1,End Conversation,
lian_001,dlg,ReplyList/2/Text,0,-1,End Conversation,
lian_001,dlg,ReplyList/3/Text,0,-1,"""I can't afford that, sorry.""",
lian_001,dlg,ReplyList/4/Text,0,-1,End Conversation,
lian_001,dlg,ReplyList/5/Text,0,-1,"""No thanks.""",
lian_001,dlg,ReplyList/6/Text,0,-1,End Conversation,
lian_001,dlg,ReplyList/7/Text,0,-1,"""You're hired.""",
lian_001,dlg,ReplyList/8/Text,0,-1,End Conversation,
lian_001,dlg,ReplyList/9/Text,0,-1,"""What is it you do?""",
lieutenant_d6,dlg,EntryList/0/Text,0,-1,"""Oh, nothing as of yet. But our investigation is sure to turn up something, eventually. It's amazing how evidence can just... appear out of the blue, if you catch my meaning.""",
lieutenant_d6,dlg,EntryList/1/Text,0,-1,"[Failure] ""Feeble... Looks like we'll just have to search your plague-bearing body before we burn it.""",
lieutenant_d6,dlg,EntryList/10/Text,0,-1,"""I knew we could come to an arrangement. Have a pleasant day, <FirstName>.""",
lieutenant_d6,dlg,EntryList/11/Text,0,-1,"""It seems you've been getting into quite a bit of trouble.""",
lieutenant_d6,dlg,EntryList/12/Text,0,-1,"""Captain Lucenna says you're not worth bothering with, but I'm not convinced.""",
lieutenant_d6,dlg,EntryList/13/Text,0,-1,"""Several folks have mentioned a missing gnome possibly in your company and *reads intently* possibly on fire... that can't be right.""",
lieutenant_d6,dlg,EntryList/14/Text,0,-1,"""An innkeeper at the Soul Trade Inn reported deadly combat inside the facility. A patron saw someone matching your description.""",
lieutenant_d6,dlg,EntryList/15/Text,0,-1,"""There is an investigation into a warehouse in the Sea Market with an astonishing number of bodies in it along with some curious notes about worldwine. And a prominent business entity is missing.""",
lieutenant_d6,dlg,EntryList/16/Text,0,-1,"""There was that murder of an innocent woman in North Market, a peaceful spiritualist...""",
lieutenant_d6,dlg,EntryList/17/Text,0,-1,"""A little bird told us you've been associating with a bad crowd at the Rooster's Roost tavern. They do some questionably-legal things there, you know..""",
lieutenant_d6,dlg,EntryList/18/Text,0,-1,"""Witnesses have described someone matching your description involved in fights and murder in the Rathole district.""",
lieutenant_d6,dlg,EntryList/19/Text,0,-1,"""Let's see here. You were spotted at the villa of the Corano family. As you, and most of Furiae, know that family was the victim of some brutal murders...""",
lieutenant_d6,dlg,EntryList/2/Text,0,-1,"[Success] ""Uh... no. No thank you. Just get back. We must have been mistaken. We'll be going. Uh... yes. Good day citizen!""",
lieutenant_d6,dlg,EntryList/20/Text,0,-1,"""Reports that you've been involved in the deaths of innocent citizens of the city. Most troubling. Most troubling.""",
lieutenant_d6,dlg,EntryList/21/Text,0,-1,"""See, we've heard tell of you being in the right place at the right time, or the wrong place at the wrong time, depending on how you look at it. You've been around a lot of disturbances of the peace -- and some folks who seem to be involved in the worldwine problem. And we'd like to just, say, chat about it.""",
lieutenant_d6,dlg,EntryList/22/Text,0,-1,"*flips pages in a notebook* ""Yes, quite a number of reports indeed...""",
lieutenant_d6,dlg,EntryList/23/Text,0,-1,"""Well hello there,  <FirstName>. It is  <FirstName>, isn't it? We'd like to ask you a few questions.""",
lieutenant_d6,dlg,EntryList/24/Text,0,-1,"""You misunderstand me. It's not optional.""",
lieutenant_d6,dlg,EntryList/25/Text,0,-1,"*makes a note* ""Feeling guilty, <FirstName>?""",
lieutenant_d6,dlg,EntryList/26/Text,0,-1,I have nothing to say to you. ,
lieutenant_d6,dlg,EntryList/27/Text,0,-1,Debug Options,
lieutenant_d6,dlg,EntryList/3/Text,0,-1,"""Well, such activities must have yielded quite a bit of evidence -- such as coins, for example. That evidence should really be turned over, don't you think? I think such a civic-minded gesture would really help to prevent further, wasteful, lines of inquiry.""",
lieutenant_d6,dlg,EntryList/4/Text,0,-1,"""It seems like the suspect didn't submit to questioning and the lawbreaker had to be put down. That look about right, all?""",
lieutenant_d6,dlg,EntryList/5/Text,0,-1,"""I thought you might be the civic-minded sort. I told you all this would work. C'mon, drinks are on me.""",
lieutenant_d6,dlg,EntryList/6/Text,0,-1,"""This investigation of yours, Low Guard, is getting tiresome and troublesome. Not to mention, getting in the way of similar, official investigations. Namely, mine. Ours."" ",
lieutenant_d6,dlg,EntryList/7/Text,0,-1,"""Because it seems to me that a low guard is grandstanding and trying to reach too far above their station. Lots of evidence happens to be lying about when investigating matters such as these, and we won't be cut out of the money or the glory.""",
lieutenant_d6,dlg,EntryList/8/Text,0,-1,"[Failure] ""Pfff... You know what I think? I think you got lucky. I think you got wind of something going down over worldwine and you're picking the bones of an organization eating itself alive to further your career. I think your luck runs out today.""",
lieutenant_d6,dlg,EntryList/9/Text,0,-1,"[Success] ""I... Perhaps we have been too hasty. I praise you initiative, Low Guard. I... uh... see great things for you in the future.""",
lieutenant_d6,dlg,ReplyList/0/Text,0,-1,"""It's also amazing how nosy fellows such as yourself can end up suddenly dead on, what I can't help but notice, is a mostly-empty street."" [Attack]",
lieutenant_d6,dlg,ReplyList/1/Text,0,-1,"[Persuade] ""Oh, that couldn't have been me. I've been sick all week. It's just been awful... over the bucket the entire time... I had to have so many new pairs of pants made... It was so... so green... I might even still be contagious... Let me describe it to you for your notebook there...""",
lieutenant_d6,dlg,ReplyList/10/Text,0,-1,"[Persuade] ""That's a terrible, terrible way to behave. So, unless you want to be reported to the higher ups, I suggest you walk away. And before you get any ideas of attacking, consider whether or not you believe me capable of half of what you've just accused me of. Think hard.""",
lieutenant_d6,dlg,ReplyList/11/Text,0,-1,End Conversation,
lieutenant_d6,dlg,ReplyList/12/Text,0,-1,End Conversation,
lieutenant_d6,dlg,ReplyList/13/Text,0,-1,"""Really? Look, if you just want a cut, here. Just leave me be."" [Pay 50 gp]",
lieutenant_d6,dlg,ReplyList/14/Text,0,-1,End Conversation,
lieutenant_d6,dlg,ReplyList/15/Text,0,-1,"""That's a shame. Looks like the guard is going to lose some officers today."" [Attack]",
lieutenant_d6,dlg,ReplyList/16/Text,0,-1,"""And what proof do you have that any of this is me?""",
lieutenant_d6,dlg,ReplyList/17/Text,0,-1,"""Well, as you just listed, I'm very busy and I simply don't have time for this."" [Attack]",
lieutenant_d6,dlg,ReplyList/18/Text,0,-1,"""And what proof do you have that any of this is me?""",
lieutenant_d6,dlg,ReplyList/19/Text,0,-1,"""Well, as you just listed, I'm very busy and I simply don't have time for this."" [Attack]",
lieutenant_d6,dlg,ReplyList/2/Text,0,-1,End Conversation,
lieutenant_d6,dlg,ReplyList/20/Text,0,-1,Next,
lieutenant_d6,dlg,ReplyList/21/Text,0,-1,Next,
lieutenant_d6,dlg,ReplyList/22/Text,0,-1,Next,
lieutenant_d6,dlg,ReplyList/23/Text,0,-1,Next,
lieutenant_d6,dlg,ReplyList/24/Text,0,-1,Next,
lieutenant_d6,dlg,ReplyList/25/Text,0,-1,Next,
lieutenant_d6,dlg,ReplyList/26/Text,0,-1,Next,
lieutenant_d6,dlg,ReplyList/27/Text,0,-1,Next,
lieutenant_d6,dlg,ReplyList/28/Text,0,-1,Next,
lieutenant_d6,dlg,ReplyList/29/Text,0,-1,Next,
lieutenant_d6,dlg,ReplyList/3/Text,0,-1,End Conversation,
lieutenant_d6,dlg,ReplyList/30/Text,0,-1,Next,
lieutenant_d6,dlg,ReplyList/31/Text,0,-1,Next,
lieutenant_d6,dlg,ReplyList/32/Text,0,-1,Next,
lieutenant_d6,dlg,ReplyList/33/Text,0,-1,Next,
lieutenant_d6,dlg,ReplyList/34/Text,0,-1,Next,
lieutenant_d6,dlg,ReplyList/35/Text,0,-1,Next,
lieutenant_d6,dlg,ReplyList/36/Text,0,-1,Next,
lieutenant_d6,dlg,ReplyList/37/Text,0,-1,Next,
lieutenant_d6,dlg,ReplyList/38/Text,0,-1,Next,
lieutenant_d6,dlg,ReplyList/39/Text,0,-1,Next,
lieutenant_d6,dlg,ReplyList/4/Text,0,-1,"""What do you want?""",
lieutenant_d6,dlg,ReplyList/40/Text,0,-1,Next,
lieutenant_d6,dlg,ReplyList/41/Text,0,-1,Next,
lieutenant_d6,dlg,ReplyList/42/Text,0,-1,Next,
lieutenant_d6,dlg,ReplyList/43/Text,0,-1,Next,
lieutenant_d6,dlg,ReplyList/44/Text,0,-1,Next,
lieutenant_d6,dlg,ReplyList/45/Text,0,-1,Next,
lieutenant_d6,dlg,ReplyList/46/Text,0,-1,Next,
lieutenant_d6,dlg,ReplyList/47/Text,0,-1,Next,
lieutenant_d6,dlg,ReplyList/48/Text,0,-1,Next,
lieutenant_d6,dlg,ReplyList/49/Text,0,-1,Next,
lieutenant_d6,dlg,ReplyList/5/Text,0,-1,"""How about no?""",
lieutenant_d6,dlg,ReplyList/50/Text,0,-1,Next,
lieutenant_d6,dlg,ReplyList/51/Text,0,-1,Next,
lieutenant_d6,dlg,ReplyList/52/Text,0,-1,Next,
lieutenant_d6,dlg,ReplyList/53/Text,0,-1,Next,
lieutenant_d6,dlg,ReplyList/54/Text,0,-1,Next,
lieutenant_d6,dlg,ReplyList/55/Text,0,-1,Next,
lieutenant_d6,dlg,ReplyList/56/Text,0,-1,Next,
lieutenant_d6,dlg,ReplyList/57/Text,0,-1,"""I don't have time for this!"" [Attack]",
lieutenant_d6,dlg,ReplyList/58/Text,0,-1,"""I don't have time for this.""",
lieutenant_d6,dlg,ReplyList/59/Text,0,-1,Next,
lieutenant_d6,dlg,ReplyList/6/Text,0,-1,End Conversation,
lieutenant_d6,dlg,ReplyList/60/Text,0,-1,"""Go ahead.""",
lieutenant_d6,dlg,ReplyList/61/Text,0,-1,"""Uh oh.""",
lieutenant_d6,dlg,ReplyList/62/Text,0,-1,Next,
lieutenant_d6,dlg,ReplyList/63/Text,0,-1,End Conversation,
lieutenant_d6,dlg,ReplyList/64/Text,0,-1,Bribe,
lieutenant_d6,dlg,ReplyList/7/Text,0,-1,"""Fine, if it will get you to leave and stop getting in my way."" [Pay 50 gp]",
lieutenant_d6,dlg,ReplyList/8/Text,0,-1,End Conversation,
lieutenant_d6,dlg,ReplyList/9/Text,0,-1,"""You're a fellow guard, why would you even be getting in the way?""",
long_001,dlg,EntryList/0/Text,0,-1,"""Look. Arresting someone this close to the municipal building is twice the paperwork, I haven't eaten, and I'm cranky. I'm going to assume you're lost. So, you are lost, yes?""",
long_001,dlg,EntryList/1/Text,0,-1,"""I don't speak with the press.""",
long_001,dlg,EntryList/2/Text,0,-1,"""Municipal guards aren't allowed to speak with the press without both parties filling out 'Sentinel / City Guard Relations' forms 1 - 47. It's not happening.""",
long_001,dlg,EntryList/3/Text,0,-1,"""I said, no.""",
long_001,dlg,EntryList/4/Text,0,-1,"""Then walk in the front door and file the correct paperwork. What are you doing back here?""",
long_001,dlg,EntryList/5/Text,0,-1,"[Failure] ""Look, buddy, I do too, but if you skip the paperwork, I'm going to have to do even more. So it's not happening.""",
long_001,dlg,EntryList/6/Text,0,-1,"""I get it.""",
long_001,dlg,EntryList/7/Text,0,-1,"""Not this way you don't. Now get out of here before I clap you in irons.""",
long_001,dlg,EntryList/8/Text,0,-1,"""I thought so. Get on out of here.""",
long_001,dlg,ReplyList/0/Text,0,-1,"""I'm with the Sentinel. We're doing a piece on Low Guards. Could we step inside for an interview?""",
long_001,dlg,ReplyList/1/Text,0,-1,"""Oh?""",
long_001,dlg,ReplyList/2/Text,0,-1,"""What about...""",
long_001,dlg,ReplyList/3/Text,0,-1,"""I'm with the City Guard. I need access to these premises.""",
long_001,dlg,ReplyList/4/Text,0,-1,"[Persuade] ""I really hate paperwork.""",
long_001,dlg,ReplyList/5/Text,0,-1,"""Fine. Ugh.""",
long_001,dlg,ReplyList/6/Text,0,-1,"""No, I need to get in there.""",
long_001,dlg,ReplyList/7/Text,0,-1,"""Yes. Yes I am. But I think I just found my way.""",
luce_001,dlg,EntryList/0/Text,0,-1,"""Now, did you see anything earlier today after the explosion?""",
luce_001,dlg,EntryList/1/Text,0,-1,"""Anything else?""",
luce_001,dlg,EntryList/10/Text,0,-1,"""Hmmm... Unlikely. There haven't been any incursions from the Plane of Fire in... Oh. This was a joke, yes? I'll remind you that this is a serious investigation.""",
luce_001,dlg,EntryList/11/Text,0,-1,"""I'll ask again -- did you see anything earlier today that may help discover the cause of the explosion?""",
luce_001,dlg,EntryList/12/Text,0,-1,"[Failure] ""Are you sure?""",
luce_001,dlg,EntryList/13/Text,0,-1,"""Oh?""",
luce_001,dlg,EntryList/14/Text,0,-1,"""Hm. Disappointing. Well... if you *do* remember anything miraculously, be sure to let me know.""",
luce_001,dlg,EntryList/15/Text,0,-1,"[Success] ""Disappointing. Thank you citizen.""",
luce_001,dlg,EntryList/16/Text,0,-1,"""I saw you around earlier today. I was wondering if you saw anything of interest?""",
luce_001,dlg,EntryList/17/Text,0,-1,"""You -- I saw you around the Sea Market when that warehouse exploded. I was wondering if you saw anything of interest.""",
luce_001,dlg,EntryList/18/Text,0,-1,"""Lucenna, City Guard captain and lead investigator. And you are?""",
luce_001,dlg,EntryList/19/Text,0,-1,"[Failure] ""Mhm. Very well, Citizen 'Funkbottom.'""",
luce_001,dlg,EntryList/2/Text,0,-1,"""Very well. Thank you for your time, Citizen.""",
luce_001,dlg,EntryList/20/Text,0,-1,"[Success] ""Very well, er, Citizen Funkbottom.""",
luce_001,dlg,EntryList/21/Text,0,-1,"""Oh, likewise... ehem... Noted, citizen.",
luce_001,dlg,EntryList/22/Text,0,-1,"""What was that, citizen?""",
luce_001,dlg,EntryList/23/Text,0,-1,"""I thought not.""",
luce_001,dlg,EntryList/24/Text,0,-1,"""It's good to meet you, Low Guard. How's the beat?""",
luce_001,dlg,EntryList/25/Text,0,-1,"""Just so.""",
luce_001,dlg,EntryList/26/Text,0,-1,...,
luce_001,dlg,EntryList/27/Text,0,-1,"""Oh, it's you.""",
luce_001,dlg,EntryList/28/Text,0,-1,"""Have you perhaps remembered anything from earlier today about the warehouse?""",
luce_001,dlg,EntryList/29/Text,0,-1,"""Is that so? Looks like he and I are going to have us a chat. Thank you, citizen. Here, take this informants fee. It's not much, but it comes with my gratitude.""",
luce_001,dlg,EntryList/3/Text,0,-1,"""As a citizen should. Well done. Um... well. I'll track them down, then.. Thank you.""",
luce_001,dlg,EntryList/30/Text,0,-1,"""What are you doing?!""",
luce_001,dlg,EntryList/31/Text,0,-1,"""Is that so? You're coming with me. You and I are going to have us a chat. Thank you, citizen. Here, take this small informant's fee.""",
luce_001,dlg,EntryList/32/Text,0,-1,"""Nine Hells take you! Damn you!""",
luce_001,dlg,EntryList/33/Text,0,-1,"""Hmf. Very well. Let me or one of the guards know if you *do* remember anything. Farewell.""",
luce_001,dlg,EntryList/34/Text,0,-1,"""Hmf. Very well. Let me know if you *do* remember anything. Farewell.""",
luce_001,dlg,EntryList/35/Text,0,-1,"""Thank you for your help earlier. It's good to know there are folks like you in this city.""",
luce_001,dlg,EntryList/36/Text,0,-1,"""Well, see you around.""",
luce_001,dlg,EntryList/37/Text,0,-1,"""Thank you for your help earlier. It's good to know there are folks like you in this city. Your intentions are in the right place, just be careful. It's... easy to lose hope.""",
luce_001,dlg,EntryList/38/Text,0,-1,"""Well, see you around.""",
luce_001,dlg,EntryList/4/Text,0,-1,"""Most excellent, Low Guard. Well done. Perhaps I will stop by and ask them some questions. Here, don't say the higher ups don't care for those that walk the Low beat.""",
luce_001,dlg,EntryList/5/Text,0,-1,"""Do you know where this person is now? I would like to take them in for questioning.""",
luce_001,dlg,EntryList/6/Text,0,-1,"""Disappointing. Thank you, citizen.""",
luce_001,dlg,EntryList/7/Text,0,-1,"""That was close, eh?!""",
luce_001,dlg,EntryList/8/Text,0,-1,"""No! What have you done, eh? Why?""",
luce_001,dlg,EntryList/9/Text,0,-1,"""Very well, come with me. Thank you for your service, citizen. I'll take them to the guard post for questioning.""",
luce_001,dlg,ReplyList/0/Text,0,-1,"""Just the explosion and someone running from the scene.""",
luce_001,dlg,ReplyList/1/Text,0,-1,"""No. No that's pretty much the whole of it.""",
luce_001,dlg,ReplyList/10/Text,0,-1,"""Right here, in fact. They've been following me around and I don't know why.""",
luce_001,dlg,ReplyList/11/Text,0,-1,Next,
luce_001,dlg,ReplyList/12/Text,0,-1,End Conversation,
luce_001,dlg,ReplyList/13/Text,0,-1,"""I overheard someone say they thought it was a flame elemental breaking wind.""",
luce_001,dlg,ReplyList/14/Text,0,-1,Next,
luce_001,dlg,ReplyList/15/Text,0,-1,"[Lie] ""I did not. I pretty much went straight home.""",
luce_001,dlg,ReplyList/16/Text,0,-1,"""Erm, no.""",
luce_001,dlg,ReplyList/17/Text,0,-1,Next,
luce_001,dlg,ReplyList/18/Text,0,-1,"""Um. Yes, for sure.""",
luce_001,dlg,ReplyList/19/Text,0,-1,"""Who do I have the pleasure of speaking with?""",
luce_001,dlg,ReplyList/2/Text,0,-1,End Conversation,
luce_001,dlg,ReplyList/20/Text,0,-1,"""I'm sorry, who are you?""",
luce_001,dlg,ReplyList/21/Text,0,-1,"[Lie] ""Fizzlebilly Funkbottom.""",
luce_001,dlg,ReplyList/22/Text,0,-1,Next,
luce_001,dlg,ReplyList/23/Text,0,-1,Next,
luce_001,dlg,ReplyList/24/Text,0,-1,"""<FullName>, nice to meet you.""",
luce_001,dlg,ReplyList/25/Text,0,-1,Next,
luce_001,dlg,ReplyList/26/Text,0,-1,"""Great...""",
luce_001,dlg,ReplyList/27/Text,0,-1,"""Nothing at all.""",
luce_001,dlg,ReplyList/28/Text,0,-1,Next,
luce_001,dlg,ReplyList/29/Text,0,-1,"""Low Guard <FullName>, Ma'am.""",
luce_001,dlg,ReplyList/3/Text,0,-1,"""I found and turned the individual in.""",
luce_001,dlg,ReplyList/30/Text,0,-1,"""Boots to the pavement, eyes forward.""",
luce_001,dlg,ReplyList/31/Text,0,-1,Next,
luce_001,dlg,ReplyList/32/Text,0,-1,Next,
luce_001,dlg,ReplyList/33/Text,0,-1,"""As a matter of fact, I know where the one who blew up the warehouse and knows a few things about worldwine manufacture can be found. He's disguised as a gnome with blue hair.""",
luce_001,dlg,ReplyList/34/Text,0,-1,End Conversation,
luce_001,dlg,ReplyList/35/Text,0,-1,"""As a matter of fact, this person I have with me was the one who blew it up and knows a few things about worldwine manufacture.""",
luce_001,dlg,ReplyList/36/Text,0,-1,Next,
luce_001,dlg,ReplyList/37/Text,0,-1,Next,
luce_001,dlg,ReplyList/38/Text,0,-1,End Conversation,
luce_001,dlg,ReplyList/39/Text,0,-1,"""Nothing I haven't already said.""",
luce_001,dlg,ReplyList/4/Text,0,-1,End Conversation,
luce_001,dlg,ReplyList/40/Text,0,-1,End Conversation,
luce_001,dlg,ReplyList/41/Text,0,-1,End Conversation,
luce_001,dlg,ReplyList/42/Text,0,-1,"""You're welcome.""",
luce_001,dlg,ReplyList/43/Text,0,-1,End Conversation,
luce_001,dlg,ReplyList/44/Text,0,-1,"""You're welcome.""",
luce_001,dlg,ReplyList/45/Text,0,-1,End Conversation,
luce_001,dlg,ReplyList/5/Text,0,-1,End Conversation,
luce_001,dlg,ReplyList/6/Text,0,-1,"""In fact, yes. I met someone just after the explosion.""",
luce_001,dlg,ReplyList/7/Text,0,-1,"""Oh, um, no. Sorry.""",
luce_001,dlg,ReplyList/8/Text,0,-1,Next,
luce_001,dlg,ReplyList/9/Text,0,-1,End Conversation,
luic_001,dlg,EntryList/0/Text,0,-1,"""One of my favorite topics. I could keep you here all day giving you the chant about the intricacies of the Planes. What would you like to know?""",
luic_001,dlg,EntryList/1/Text,0,-1," ""I haven't had much of a chance to wander, recently, but I hear a lot of scuttlebutt... I suppose it's alright as far as former Prime cities go. It is ripe for intrigue, I can tell you that much. So many factions fighting in their own way lends itself to such interesting experiences and developments...""",
luic_001,dlg,EntryList/10/Text,0,-1,"""Some are based around elements, such as the Plane of Fire, and some around concepts such as Good, Evil, and Law. All push and pull in their respective layers, jockeying for dominance. The one we occupy currently is called the Outlands, or simply the Land to most planars.""",
luic_001,dlg,EntryList/11/Text,0,-1,"""He could. Please don't encourage him.""",
luic_001,dlg,EntryList/12/Text,0,-1,"""Please *do* encourage me.""",
luic_001,dlg,EntryList/13/Text,0,-1,"""Well, you're in for it now.""",
luic_001,dlg,EntryList/14/Text,0,-1,"""Take the gate-towns -- twelve towns in the Outlands, each on the border of one of the Outer Planes. Metaphysically of course; there are no physical borders between infinite spaces. Each is very close in philosophy to the plane it borders, thus its proximity -- but not quite. Excelsior for instance is very much like Mount Celestia, but just neutral *enough* that it remains in the Outlands.""",
luic_001,dlg,EntryList/15/Text,0,-1,"""Should it tip just a little more towards the forces of law and good -- perhaps if the archons decided to annex it for some reason -- then it would slip fully into Mount Celestia, disappearing from the Outlands.""",
luic_001,dlg,EntryList/16/Text,0,-1,"""Something to consider, given our precarious position. I imagine the baatezu would quite like Furiae all to themselves, should they be able to fully stamp out what chaos and good remains. ...At which point, I would likely return to Sigil. I've tried the Nine Hells of Baator. Several times. Not to my taste.""",
luic_001,dlg,EntryList/17/Text,0,-1,"""Ask away, but make it interesting, hmmm?""",
luic_001,dlg,EntryList/18/Text,0,-1,"""Oh, exciting for a time, but short lived. We were extremely capable, don't get me wrong -- I put my prodigious knowledge of the planes to very good use, and Forvor has devised many items that help him avoid dangers and fight, if he must.""
",
luic_001,dlg,EntryList/19/Text,0,-1,"""But Forvor was already past what you might call peak adventuring age, being human, and he had businesses to run. We had our fun together out in the planes, but he also certainly didn't need the wealth that adventuring could bring -- he earned all he needed to with his various ventures, because he is so very good at business. I suppose I'm turning into a bit of a homebody, now!""
",
luic_001,dlg,EntryList/2/Text,0,-1,"""Ah, well. Let me tell you something that might be of interest to a prime like you. Did you know in the planes that the heart and soul of a place can, in a sense, move it? That the very philosophy a location adheres to can shift *where* in the universe it ends up?""",
luic_001,dlg,EntryList/20/Text,0,-1,"""Perhaps the best stories come from a time when I was travelling with another band of adventurers and Forvor was... I suppose 'managing' us is most accurate. Finding us work, equipping us.""",
luic_001,dlg,EntryList/21/Text,0,-1,"""The man I was travelling with got embroiled in a pit fight in the City of Brass and had to take on a vrock one-on-one. Stabbed the demon, then shoved an immovable rod right into the wound and locked it in place. Watched as the thing flew away without its guts.""",
luic_001,dlg,EntryList/22/Text,0,-1,"""But we prefer Sigil and the Outlands now, mostly. Neutral though it may be, it's also, in its way, the most unpredictable. Look at where we are right now -- Furiae. A whole city, brought to the planes by devilish contract. Nearly into Avernus itself. That's some grand magic. And from such a storied prime world as Oerth, no less. I'm certain there are some powers out there none too happy about that.""
",
luic_001,dlg,EntryList/23/Text,0,-1,"""Oh, there was the time Forvor and I found a dragon's hoard after the dragon had already passed. Forvor used the gold to expand his operations and opened this shop! I'm still spending my portion.""
",
luic_001,dlg,EntryList/24/Text,0,-1,"""Well, you got more details about the thing that matters more. That man over there."" ",
luic_001,dlg,EntryList/25/Text,0,-1,"""Of course. I'd hate to leave you in suspense. Unless you enjoy being suspended. I've learned a few things from a... ehem... yes... anyway. I believe I had just finished telling you about Forvor using the awesome power of making the rigid-minded wildly uncomfortable, yes?""",
luic_001,dlg,EntryList/26/Text,0,-1,"""Forvor had just driven the Hardheads out and was chuckling to himself, all while sitting on top of the box I was trapped in. I heard him get up, open the back door to have a listen, then shuffle back toward where I lay. He opened the chest very slowly and after my eyes had adjusted to the light, I realized he had a wand pointed at me.""
",
luic_001,dlg,EntryList/27/Text,0,-1,"""He smiled and asked me what I had done. I told him, scandalous details and all. He laughed that wonderful laugh again and dropped the wand to his side, putting out his other hand to help me out of the chest.""",
luic_001,dlg,EntryList/28/Text,0,-1,"""I took it, while asking him how he knew I wasn't lying or dangerous. He tapped a necklace he wore and whispered 'magic,' then asked me my name. I told him and asked his. Then he asked me if I wanted to get dinner. All of that running had probably made me hungry.""",
luic_001,dlg,EntryList/29/Text,0,-1,"""And so we went to dinner. And again after that. And again. Talking and laughing and eating. Making love in the evening and doing my will around Sigil in the day. Soon after that he even came out  adventuring with me sometimes. But that might be for another time.""",
luic_001,dlg,EntryList/3/Text,0,-1,"""Oh, you sweetling. That's because you are from the Prime Material Plane. Born there. Raised there. It's not always a flattering term. We, Forvor and I, are Planars, as you would know us. Born here on the planes. You are in a distinct minority out here.""",
luic_001,dlg,EntryList/30/Text,0,-1,"""Oh, yes.""",
luic_001,dlg,EntryList/31/Text,0,-1,"""I'm sure you would. Get comfortable... now where was I?""",
luic_001,dlg,EntryList/32/Text,0,-1," ""Ah, yes. I was fleeing from some Hardheads, picked my way into the back of some apothecary shop, and Forvor, the sweet, was working there and motioned for me to hide in a chest. Right, got it.""
",
luic_001,dlg,EntryList/33/Text,0,-1,"""So, I'm on the run from the Hardheads and, unknown to me, they're about to bust in there any moment. I ran for the chest. Of course, I did not miss the fact that the man holding it open was so delicious.""",
luic_001,dlg,EntryList/34/Text,0,-1,"""Strong coiled muscles in his arms, that delightful beard (which he hasn't changed in years, by the way), and I noted he smelled like leather oil and sandalwood. It's amazing what you notice when you're betting your life on the kindness of stranger.""",
luic_001,dlg,EntryList/35/Text,0,-1,"""So, I jump into the chest, and the lid slams shut just as I hear the back door burst open. The Hardheads start asking questions and I hear the man sit down on the lid of the chest.""
",
luic_001,dlg,EntryList/36/Text,0,-1,"""Then Forvor, as I'd come to learn his name to be, started yelling and crying, asking questions like, 'Who are you?', 'What are you doing in here?', 'Please stop yelling, I cannot see!' and generally making quite the scene.""",
luic_001,dlg,EntryList/37/Text,0,-1," ""Eventually, the discomfort brought on by the blind stock boy wins out, and the Hardheads move on. As soon as the door shuts, I hear a chuckle -- a warm, wonderful chuckle that vibrates the box I'm trapped inside. I could listen to that laugh forever. So I decided, given the chance, I would."" *Luicil is silent and gazes at you*
",
luic_001,dlg,EntryList/38/Text,0,-1," ""Oh, see, now I know I have you. Yet another reason to chat with me again sometime.""",
luic_001,dlg,EntryList/39/Text,0,-1,"""It just so happens I do. Got some time?""",
luic_001,dlg,EntryList/4/Text,0,-1,"""And I'll tell you this for free: there are also those know as Petitioners. They are souls who have died, believed in some Power or another, and been spirited away to their reward, such as they believe, here on the planes.""",
luic_001,dlg,EntryList/40/Text,0,-1,"""Ah, too bad.""",
luic_001,dlg,EntryList/41/Text,0,-1,"""Well then, let me tell you about the time Forvor and I met, shall I? You see, Forvor always had a little shop somewhere or other in Sigil. Wherever he goes, really. I always tell him if I ever were to go broke, I could probably just cut him and coins would fall out. Gold is in the blood's blood, you see?""",
luic_001,dlg,EntryList/42/Text,0,-1,"""So, there I was, on the run from some Hardheads after a bit of a disagreement about what one was allowed to do in public, when I picked my way through a back alley door looking for a place to lay low.""",
luic_001,dlg,EntryList/43/Text,0,-1,"""I was delighted to find that I had made my way into a stock room, full of shelves of potions, tinctures, and the like. Wide lanes between them. Plenty of places to hide. I could climb to the top of a stack, should the Hardheads come bursting in there. I was not so delighted to find the man I would come to know to be Forvor puttering around this back room.""",
luic_001,dlg,EntryList/44/Text,0,-1," ""I was certain he hadn't seen me -- I didn't know about his impairment at the time, mind you. However, I was rather wrong. He knew I was there. Further, he could hear the Hardheads coming down the alley. I hadn't given them the slip I thought I had. With nary a word, he motioned to a storage chest at the end of a stack, opened it, and pointed inside..."" *Luicil is silent for a long while*
",
luic_001,dlg,EntryList/45/Text,0,-1,"""Hmmm... why don't I tell you more later? I'd like to give you a reason to come back.""",
luic_001,dlg,EntryList/46/Text,0,-1,"""Oh, I wouldn't deprive Forvor the chance to flex that marvelous brain of his and give you the dark of this little bauble.""",
luic_001,dlg,EntryList/47/Text,0,-1,"""Go ask Forvor.""",
luic_001,dlg,EntryList/48/Text,0,-1,"""Go ask Forvor what?""",
luic_001,dlg,EntryList/49/Text,0,-1,"""Torrid details of our love life.""",
luic_001,dlg,EntryList/5/Text,0,-1,"""Quite more than most, but not as much as some. The City of Doors rests on top of the Spire in the center of the Outlands. It's a wonderful place where one can find all sorts of anything to get into if you know the chant. Portals and doors leading to every-which-where for the proper key. Delights born of Sigil and brought in by the homesick. All overseen by the Lady of Pain.""",
luic_001,dlg,EntryList/50/Text,0,-1,"""I would deprive you of the recounting.""",
luic_001,dlg,EntryList/51/Text,0,-1,"""See, this is why we work.""",
luic_001,dlg,EntryList/52/Text,0,-1,"""Then I can't tell you anything he already didn't, aside from that it's fairly plain looking and I wouldn't be caught dead wearing something so... drab. *smiles*""",
luic_001,dlg,EntryList/53/Text,0,-1,"""How unfortunate.""",
luic_001,dlg,EntryList/54/Text,0,-1,"""Tired of my company already? Alas. No matter, I'm sure Forvor is missing my endless wit. Good luck out there.""",
luic_001,dlg,EntryList/55/Text,0,-1,"""That... sounds wonderful actually. It depends on if Forvor could stand to do without me for a while.""",
luic_001,dlg,EntryList/56/Text,0,-1,"""Of course. Go have your fun and see what you can do about landing a magic supplier off the books.""",
luic_001,dlg,EntryList/57/Text,0,-1,"""Smashing! Let's be off.""",
luic_001,dlg,EntryList/58/Text,0,-1,"""Oh, no. No, no, dear. I've feel I've enjoyed the width and breadth of near-death quite enough for a while, thank you. I feel as though I should experience more of this shop for now. Really get into the smell of musty tomes and feel the boredom of sorting inventory. Maybe really relish the heat from a cup of tea.""",
luic_001,dlg,EntryList/59/Text,0,-1,"""Probably more than he is comfortable with. For example, did you know he has the most adorable freckle right on his...""",
luic_001,dlg,EntryList/6/Text,0,-1,"""Oh yes. An entity so powerful that she single-handedly keeps Sigil out of the hands of the Powers, what you might know as gods. Sigil is under her care, her watch. Just don't get in her way should you ever see her, and never try and touch her. Or worship her. Or, well, you get mazed. Don't ask.""",
luic_001,dlg,EntryList/60/Text,0,-1,"""Luicil!""",
luic_001,dlg,EntryList/61/Text,0,-1,"""Ha ha! It would be better to just ask him.""",
luic_001,dlg,EntryList/62/Text,0,-1,"""Now *that* is a patently false statement.""",
luic_001,dlg,EntryList/63/Text,0,-1,"""It's quite a pleasant sensation, but I can see how overuse could lead one to eschewing all others, and I can't have that. There is simply too much of the world to taste.""",
luic_001,dlg,EntryList/64/Text,0,-1,"""Not even a little, but I can tell from the effects some of the ingredients are quite rare or at least cleverly put together.""",
luic_001,dlg,EntryList/65/Text,0,-1,"""Cleverly indeed!""",
luic_001,dlg,EntryList/66/Text,0,-1,"""Oh, me? I'm a humble...""",
luic_001,dlg,EntryList/67/Text,0,-1,"""Ha!""",
luic_001,dlg,EntryList/68/Text,0,-1,"""... *ehem* As I was saying, I'm simply a humble boy from Sigil trying to make his way in the planes through study and experience. I belong to a Faction of like-minded individuals called the Sensates. We seek to experience all there is in this multiverse of ours so we may better understand it. I do so enjoy... experiencing things, don't I Forvor?""",
luic_001,dlg,EntryList/69/Text,0,-1,*clears his throat*,
luic_001,dlg,EntryList/7/Text,0,-1,"""Ah, the infinite plane of Neutrality, at the center of which -- for certain values of *center* --  rests the infinitely tall Spire. On top of that, you'll find the City of Doors, Sigil. That's with a *g*, like giggle. The Land's nature is much like that of most Prime worlds. Approximately.""",
luic_001,dlg,EntryList/70/Text,0,-1,"""Quite so.""",
luic_001,dlg,EntryList/71/Text,0,-1,"""Well... hello there, you. Have some questions, perhaps?""",
luic_001,dlg,EntryList/72/Text,0,-1,"""Well... hello there, you. I assume based on your conversation with Forvor over there, you have some questions for me?""",
luic_001,dlg,EntryList/73/Text,0,-1,"""Oh, welcome back. More questions for me, come to enjoy my company, or just getting away from the crowds and commotion outside?""",
luic_001,dlg,EntryList/8/Text,0,-1,"""Ah, I do love... educating primes. How much do you know about them?""",
luic_001,dlg,EntryList/9/Text,0,-1,"""I wonder how much pretending I'd have to do. Hmmm... how do I keep this short? In the multiverse we live in, there are several Planes, layers of existence or dimensions if you will, in which the many forms of life and post-life dwell.""",
luic_001,dlg,ReplyList/0/Text,0,-1,"""I wanted to ask about something else.""",
luic_001,dlg,ReplyList/1/Text,0,-1,"""What are your impressions of Furiae?""",
luic_001,dlg,ReplyList/10/Text,0,-1,"""What can you tell me about Sigil?""",
luic_001,dlg,ReplyList/11/Text,0,-1,"""I'd like to ask about something else.""",
luic_001,dlg,ReplyList/12/Text,0,-1,"""The Lady of Pain?""",
luic_001,dlg,ReplyList/13/Text,0,-1,"""Oh. How about another topic?""",
luic_001,dlg,ReplyList/14/Text,0,-1,"""What can you tell me about the Outlands?""",
luic_001,dlg,ReplyList/15/Text,0,-1,"""Fair enough. I'd like to talk about something else.""",
luic_001,dlg,ReplyList/16/Text,0,-1,"""Okay. I have another question.""",
luic_001,dlg,ReplyList/17/Text,0,-1,"""What can you tell me about the Planes in general?""",
luic_001,dlg,ReplyList/18/Text,0,-1,"""Enough, I suppose. I'd like to ask about something else.""",
luic_001,dlg,ReplyList/19/Text,0,-1,"""Let's pretend I don't know anything.""",
luic_001,dlg,ReplyList/2/Text,0,-1,"""I have other questions.""",
luic_001,dlg,ReplyList/20/Text,0,-1,Next,
luic_001,dlg,ReplyList/21/Text,0,-1,"""It sounds like you could talk for a while about this.""",
luic_001,dlg,ReplyList/22/Text,0,-1,Next,
luic_001,dlg,ReplyList/23/Text,0,-1,"""Alright. Tell me more.""",
luic_001,dlg,ReplyList/24/Text,0,-1,Next,
luic_001,dlg,ReplyList/25/Text,0,-1,"""I'd rather ask about something else.""",
luic_001,dlg,ReplyList/26/Text,0,-1,Next,
luic_001,dlg,ReplyList/27/Text,0,-1,Next,
luic_001,dlg,ReplyList/28/Text,0,-1,"""I've got other questions.""",
luic_001,dlg,ReplyList/29/Text,0,-1,"""So, what was adventuring with Forvor like?.""
",
luic_001,dlg,ReplyList/3/Text,0,-1,"""How does Furiae fit into all this?""",
luic_001,dlg,ReplyList/30/Text,0,-1,Next,
luic_001,dlg,ReplyList/31/Text,0,-1,Next,
luic_001,dlg,ReplyList/32/Text,0,-1,Next,
luic_001,dlg,ReplyList/33/Text,0,-1,Next,
luic_001,dlg,ReplyList/34/Text,0,-1,Next,
luic_001,dlg,ReplyList/35/Text,0,-1,"""Kind of burying the lede, don't you think?""
",
luic_001,dlg,ReplyList/36/Text,0,-1,Next,
luic_001,dlg,ReplyList/37/Text,0,-1,"""So, now can I get more of the story about you and Forvor?""",
luic_001,dlg,ReplyList/38/Text,0,-1,Next,
luic_001,dlg,ReplyList/39/Text,0,-1,Next,
luic_001,dlg,ReplyList/4/Text,0,-1,"""I'm not really interested. Perhaps I could ask a different question?""",
luic_001,dlg,ReplyList/40/Text,0,-1,Next,
luic_001,dlg,ReplyList/41/Text,0,-1,Next,
luic_001,dlg,ReplyList/42/Text,0,-1,"""You're going to make me wait again, aren't you?""",
luic_001,dlg,ReplyList/43/Text,0,-1,Next,
luic_001,dlg,ReplyList/44/Text,0,-1,"""I'd like to hear more about how you and Forvor met.""",
luic_001,dlg,ReplyList/45/Text,0,-1,"""I think you'd just crawled into a chest at Forvor's behest?""",
luic_001,dlg,ReplyList/46/Text,0,-1,Next,
luic_001,dlg,ReplyList/47/Text,0,-1,Next,
luic_001,dlg,ReplyList/48/Text,0,-1,Next,
luic_001,dlg,ReplyList/49/Text,0,-1,Next,
luic_001,dlg,ReplyList/5/Text,0,-1,"""I'd heard something to that effect.""",
luic_001,dlg,ReplyList/50/Text,0,-1,Next,
luic_001,dlg,ReplyList/51/Text,0,-1,"""...Aaaaaand?""
",
luic_001,dlg,ReplyList/52/Text,0,-1,"""Ugh!""",
luic_001,dlg,ReplyList/53/Text,0,-1,"""So, Luicil, I'm sure you must have some good stories.""",
luic_001,dlg,ReplyList/54/Text,0,-1,"""Not right now.""",
luic_001,dlg,ReplyList/55/Text,0,-1,Next,
luic_001,dlg,ReplyList/56/Text,0,-1,"""I could spare a few moments, absolutely.""",
luic_001,dlg,ReplyList/57/Text,0,-1,Next,
luic_001,dlg,ReplyList/58/Text,0,-1,Next,
luic_001,dlg,ReplyList/59/Text,0,-1,Next,
luic_001,dlg,ReplyList/6/Text,0,-1,"""I did not.""",
luic_001,dlg,ReplyList/60/Text,0,-1,"""Well, did you get in?""",
luic_001,dlg,ReplyList/61/Text,0,-1,Next,
luic_001,dlg,ReplyList/62/Text,0,-1,"""I was hoping you might identify this ring for me. I'm certain it's magic.""
",
luic_001,dlg,ReplyList/63/Text,0,-1,"""So, go ask Forvor?""",
luic_001,dlg,ReplyList/64/Text,0,-1,Next,
luic_001,dlg,ReplyList/65/Text,0,-1,Next,
luic_001,dlg,ReplyList/66/Text,0,-1,Next,
luic_001,dlg,ReplyList/67/Text,0,-1,Next,
luic_001,dlg,ReplyList/68/Text,0,-1,Next,
luic_001,dlg,ReplyList/69/Text,0,-1,"""I already did.""",
luic_001,dlg,ReplyList/7/Text,0,-1,"""Why does everyone keep calling me a Prime?""",
luic_001,dlg,ReplyList/70/Text,0,-1,Next,
luic_001,dlg,ReplyList/71/Text,0,-1,"""I don't have the time.""",
luic_001,dlg,ReplyList/72/Text,0,-1,"""I think we'd better split up for now.""",
luic_001,dlg,ReplyList/73/Text,0,-1,End Conversation,
luic_001,dlg,ReplyList/74/Text,0,-1,"""Why don't you come with me? I'm sure someone as learned as you could help me look into the worldwine problem.""",
luic_001,dlg,ReplyList/75/Text,0,-1,Next,
luic_001,dlg,ReplyList/76/Text,0,-1,Next,
luic_001,dlg,ReplyList/77/Text,0,-1,End Conversation,
luic_001,dlg,ReplyList/78/Text,0,-1,"""I'd like you to come back out there with me.""",
luic_001,dlg,ReplyList/79/Text,0,-1,Next,
luic_001,dlg,ReplyList/8/Text,0,-1,Next,
luic_001,dlg,ReplyList/80/Text,0,-1,"""What can you tell me about Forvor and his shop?""",
luic_001,dlg,ReplyList/81/Text,0,-1,Next,
luic_001,dlg,ReplyList/82/Text,0,-1,Next,
luic_001,dlg,ReplyList/83/Text,0,-1,"""I will, thank you. May I ask another question?""",
luic_001,dlg,ReplyList/84/Text,0,-1,"""Well, you're no fun.""",
luic_001,dlg,ReplyList/85/Text,0,-1,"""Up for more questions?""",
luic_001,dlg,ReplyList/86/Text,0,-1,"""What do you know about worldwine?""",
luic_001,dlg,ReplyList/87/Text,0,-1,"""Do you know where it comes from?""",
luic_001,dlg,ReplyList/88/Text,0,-1,Next,
luic_001,dlg,ReplyList/89/Text,0,-1,"""Interesting. I'd like to ask something else."" ",
luic_001,dlg,ReplyList/9/Text,0,-1,"""I have another question.""",
luic_001,dlg,ReplyList/90/Text,0,-1,"""I was wondering If I could find out more about you?""",
luic_001,dlg,ReplyList/91/Text,0,-1,Next,
luic_001,dlg,ReplyList/92/Text,0,-1,Next,
luic_001,dlg,ReplyList/93/Text,0,-1,Next,
luic_001,dlg,ReplyList/94/Text,0,-1,Next,
luic_001,dlg,ReplyList/95/Text,0,-1,Next,
luic_001,dlg,ReplyList/96/Text,0,-1,"""I have some questions about the Planes...""",
luic_001,dlg,ReplyList/97/Text,0,-1,Next,
luic_001,dlg,ReplyList/98/Text,0,-1,Next,
luic_001,dlg,ReplyList/99/Text,0,-1,Next,
merc_001,dlg,EntryList/0/Text,0,-1,"""Hey, you there. You seem to be sticking your nose where it doesn't belong. Me and the crew here think you should leave before you get hurt. Only going to ask once.""",
merc_001,dlg,EntryList/1/Text,0,-1,"""You know, it'll be faster if we just show you.""",
merc_001,dlg,EntryList/2/Text,0,-1,"""You're going to arrest *all* of us? This I have to see.""",
merc_001,dlg,EntryList/3/Text,0,-1,"""Yeah, that's the problem. I thought I was clear.""",
merc_001,dlg,ReplyList/0/Text,0,-1,"""Looks like it is."" [Attack]",
merc_001,dlg,ReplyList/1/Text,0,-1,"""And if I refuse?""",
merc_001,dlg,ReplyList/2/Text,0,-1,End Conversation,
merc_001,dlg,ReplyList/3/Text,0,-1,"""You know what, you're all under arrest.""",
merc_001,dlg,ReplyList/4/Text,0,-1,End Conversation,
merc_001,dlg,ReplyList/5/Text,0,-1,"""I'm just asking a few questions.""",
midb_001,dlg,EntryList/0/Text,0,-1,"""Nice, yes?""",
midb_001,dlg,EntryList/1/Text,0,-1,"""Just a man of means and business filing some paperwork for a few new holdings.""",
midb_001,dlg,EntryList/2/Text,0,-1,"""Oh well, and you didn't hear this from me, the baatezu just happened to find printing press materials in the basement of his shop, no doubt for that Renegade Rag you hear about. They didn't find the press, mind you, but the material was enough to implicate him. I'm certain some law-abiding employee of his must have mentioned it to the guard and I'm sure they were richly rewarded. Working the system *ahem* working within the system, always pays!""",
midb_001,dlg,EntryList/3/Text,0,-1,"""Oh, yes. The so-called revolutionaries that plague our fair city because they chaff under a just rule of order and structure. Look at me! I'm a law-abiding citizen and have done quite well for myself.""",
midb_001,dlg,EntryList/4/Text,0,-1,"""A fine day indeed, don't you think?""",
midb_001,dlg,EntryList/5/Text,0,-1,"""I just saw one of my rivals, I'm in the textiles business don't you know, get arrested for *treasonous acts and sedition*. Now I get to scoop up their holdings *and* see one of the rabble-rousers start their way through our perfect system to Exsanguination Square.""",
midb_001,dlg,ReplyList/0/Text,0,-1,"""I don't have time for this.""",
midb_001,dlg,ReplyList/1/Text,0,-1,"""Who are you?""",
midb_001,dlg,ReplyList/10/Text,0,-1,Next,
midb_001,dlg,ReplyList/11/Text,0,-1,"""What are you so happy about?""",
midb_001,dlg,ReplyList/12/Text,0,-1,Next,
midb_001,dlg,ReplyList/2/Text,0,-1,Next,
midb_001,dlg,ReplyList/3/Text,0,-1,"""What did your rival do?""",
midb_001,dlg,ReplyList/4/Text,0,-1,"""Well, that's a story.""",
midb_001,dlg,ReplyList/5/Text,0,-1,"""One always has to be careful when navigating the pathways of the law. It's so easy to make a wrong turn. You have a good day, sir.""",
midb_001,dlg,ReplyList/6/Text,0,-1,"""You disgust me.""",
midb_001,dlg,ReplyList/7/Text,0,-1,"""I'm certain everyone always gets their due.""",
midb_001,dlg,ReplyList/8/Text,0,-1,"""Sounds like a smart citizen.""",
midb_001,dlg,ReplyList/9/Text,0,-1,"""Rabble-rousers?""",
nmal_000,dlg,EntryList/0/Text,0,-1,"""...how it all must haunt you... you tore me away from my Teddy bear and now your fitful rest shall match my own...""",
nmal_001,dlg,EntryList/0/Text,0,-1," ""... Aladara the Dreamer is going to make you her new Teddy... I'll be here when you dream... every night... watching you... holding you... eating you...""",
nmal_001,dlg,EntryList/1/Text,0,-1,"""...You may have disrupted our ring, but you cannot stop the dreams. All will join in dream...""",
nmal_001,dlg,EntryList/2/Text,0,-1,"""... and the dreams will consume all.""",
nmal_001,dlg,ReplyList/0/Text,0,-1,Next,
nmal_001,dlg,ReplyList/1/Text,0,-1,Next,
nmha_001,dlg,EntryList/0/Text,0,-1,"""When I get to you, I'm just going to leave the knife in. You'll feel it there, cold and hard. Something in you that shouldn't be where it is. Just when you think you're the safest.""",
nmha_001,dlg,EntryList/1/Text,0,-1,"""That's how she comes for you. For the whole city. When it thinks it's safe. When it sleeps. When it dreams.""",
nmha_001,dlg,EntryList/2/Text,0,-1,"""This city dances on a knife's edge, wicked and quick. What will push it over, dreamer?""",
nmha_001,dlg,ReplyList/0/Text,0,-1,Next,
nmha_001,dlg,ReplyList/1/Text,0,-1,Next,
nmka_000,dlg,EntryList/0/Text,0,-1,"""Let the thread go, or you will find yourself *hung* from it...""",
nmka_000,dlg,ReplyList/0/Text,0,-1,End Conversation,
nmka_001,dlg,EntryList/0/Text,0,-1,"""You had your chance! You had your choice! You could have lived in blissful ignorance, but no! You had to have motivation, purpose! Anathema! Vile moving thing!""",
nmka_001,dlg,EntryList/1/Text,0,-1,"""I gave you the chance to lay down! To do nothing! Like this whole damn city does... Now, now this place will pay for your purpose! You ruined my feast, now the price will be paid.""",
nmka_001,dlg,EntryList/2/Text,0,-1,"""Such careful plans, such wonderful thoughts from my sisters, such failure added to the Fallen, such a brew. Now come to an end.""",
nmka_001,dlg,EntryList/3/Text,0,-1,"""The time is up for you. The time is up for this whole city. Tonight, I will gorge myself, rejoin my sisters, and prepare for the future.""",
nmka_001,dlg,ReplyList/0/Text,0,-1,Next,
nmka_001,dlg,ReplyList/1/Text,0,-1,Next,
nmka_001,dlg,ReplyList/2/Text,0,-1,Next,
nmka_001,dlg,ReplyList/3/Text,0,-1,End Conversation,
nmse_001,dlg,EntryList/0/Text,0,-1,"Furiae Sentinel, Vol. 13, Issue 1313 - News in the Gauntleted City You Are Ruining",
nmse_001,dlg,EntryList/1/Text,0,-1,"After the tragedy that struck House Corano two days ago, which wouldn't have happened were it not for you, everyone was killed in an attack against the city itself. House Vivadan has stepped up to assist the beleaguered noble family, who are dead and it's your fault. The children screamed.",
nmse_001,dlg,EntryList/2/Text,0,-1,"No longer able to handle all of their previous interests, Corano has sold their interest in the lifeblood that spilled on the floor, warm and sticky. Soaking into the carpets. They'll scrub and scrub and never get it clean. Like your hands. No matter what you do.",
nmse_001,dlg,EntryList/3/Text,0,-1,You'll never be clean. You'll never be clean. You'll never be clean. You'll never be clean. You'll never be clean. You'll never be clean. You'll never be clean. You'll never be clean. You'll never be clean.,
nmse_001,dlg,ReplyList/0/Text,0,-1,> Close newssheet,
nmse_001,dlg,ReplyList/1/Text,0,-1,> House Vivadan lies at the Lifeblood Theater,
nmse_001,dlg,ReplyList/2/Text,0,-1,Next,
nmse_001,dlg,ReplyList/3/Text,0,-1,Next,
nmse_001,dlg,ReplyList/4/Text,0,-1,> This doesn't matter. You don't matter.,
nmse_001,dlg,ReplyList/5/Text,0,-1,> You'll never be clean.,
nmul_000,dlg,EntryList/0/Text,0,-1,"""...The wheels of commerce turn, with or without us... And out here... the most valuable currency is minds, dreams -- souls...""",
nmul_001,dlg,EntryList/0/Text,0,-1,"""You have choices, we all have choices. Some can give choices to others. Some can take them from others, like I did. Like you did in turn to us. Don't go thinking you're any better.""",
nmul_001,dlg,EntryList/1/Text,0,-1,"""And now the whole city loses its choice. Teetering on the brink of the Nine Hells. And soon -- who knows?""",
nmul_001,dlg,EntryList/2/Text,0,-1,"""The dreamers continue to dream. The dream will soon come to an end. Just as you will.""",
nmul_001,dlg,ReplyList/0/Text,0,-1,Next,
nmul_001,dlg,ReplyList/1/Text,0,-1,Next,
nmys_001,dlg,EntryList/0/Text,0,-1,"""From my depths I see you, little one. Scurrying around your out-of-place town... trying so desperately to fit it all together... Stop, and I shall look at you no more...""",
note_001,dlg,EntryList/0/Text,0,-1,"A note, scrawled on the back of a ledger page detailing enormous profits, is stapled to the wall with a long stiletto blade and reads, ""There is money to be made, but who profits the most? Who runs the operation?""",
pape_001,dlg,EntryList/0/Text,0,-1,"A crumpled article about a ball by the Corano family, meant to be held in a few days time at their villa in the Teeth to announce the opening of a new play. A few notes in a measured hand reading ""Why do they need so many slaves? Find the connection,"" and a torn up invitation to the ball.",
pele_001,dlg,EntryList/0/Text,0,-1,"""Heh. Ehehehehe.""",
pele_001,dlg,EntryList/1/Text,0,-1,"""Nope. Pweehehehehehe.""",
pele_001,dlg,EntryList/2/Text,0,-1,"""Lots and more, but I'm not telling you.""",
pele_001,dlg,EntryList/3/Text,0,-1,"""Pfffft. Pelen ain't tellin'. Ehehehehehe.""",
pele_001,dlg,ReplyList/0/Text,0,-1,"""Whatever you're laughing at, I want no part of it.""",
pele_001,dlg,ReplyList/1/Text,0,-1,"""Hey chuckles, you know anything about worldwine?""",
pele_001,dlg,ReplyList/2/Text,0,-1,End Conversation,
pele_001,dlg,ReplyList/3/Text,0,-1,"""Know anything about worldwine?""
",
pele_001,dlg,ReplyList/4/Text,0,-1,"""Anything I can do to convince you to share?""",
pele_001,dlg,ReplyList/5/Text,0,-1,End Conversation,
pele_001,dlg,ReplyList/6/Text,0,-1,"""Fine.""",
plac_001,dlg,EntryList/0/Text,0,-1,This book pile contains two items of note.,
plac_001,dlg,EntryList/1/Text,0,-1,Sea Market warehouse adequate. Production proceeds apace. Keep the City Guard away. Find a way to dispose of production waste.,
plac_001,dlg,EntryList/2/Text,0,-1,"My Dearest Farasano,

I wanted to thank you so much for taking care of my housing needs. I agree with you. Rathole is no place for the advisor of so prestigious a house as Corano. The North Market is very comfortable and exactly the kind of quiet I need for my studies and meditations.

I see great things coming for this city, thanks to you.

Your advisor, in this life and the next,
Aladara",
plac_001,dlg,ReplyList/0/Text,0,-1,Examine a note.,
plac_001,dlg,ReplyList/1/Text,0,-1,Stop examining.,
plac_001,dlg,ReplyList/2/Text,0,-1,Examine a letter.,
plac_001,dlg,ReplyList/3/Text,0,-1,Stop examining.,
plac_002,dlg,EntryList/0/Text,0,-1,This book pile contains two items of note.,
plac_002,dlg,EntryList/1/Text,0,-1,"These documents detail the deeds and ownership of several warehouses in the Sea Market district, including one rented out to a slaver named Ulan Aurintar. Attached are receipts for the purchase of a very large number of slaves from Ulan, including notes that reference to the quality of the slaves ""post-recovery."" It doesn't detail what they are recovering from.",
plac_002,dlg,EntryList/2/Text,0,-1,This collection of documents includes the deed for a building in the North Market District being rented by one Aladara the Dreamer. It's notarized by the Fraternity of Order. Farasano Corano paid more for her building than you would likely see in a lifetime of adventuring.,
plac_002,dlg,ReplyList/0/Text,0,-1,Examine Sea Market Warehouse Deeds.,
plac_002,dlg,ReplyList/1/Text,0,-1,Stop examining.,
plac_002,dlg,ReplyList/2/Text,0,-1,Examine North Market Property Deeds.,
plac_002,dlg,ReplyList/3/Text,0,-1,Stop examining.,
plac_003,dlg,EntryList/0/Text,0,-1,"For a woman so obviously unstable, she was able to be straightforward and meticulous, when called upon. This ledger is proof of that. It details the process of the surgery performed on slaves procured from one Ulan Aurintar from the Sea Market -- via Farasano Corano. The raw materials for worldwine were smuggled into the city *inside* the bodies of the slaves, then transported to Quillian at the now destroyed warehouse for processing.

A note is included that the ""loss rate"" of the slaves is ""within acceptable parameters."" It also notes that Ulan is upset that it is cutting into his profit margins and he has made noises about backing out but ""it won't matter soon.""

The ledger also details the street level operations run by a woman called Harasi who, along with her crew, were collecting, selling, and storing the worldwine itself. Aladara seems to think she is based out of the Soul Trade Inn, though seems mostly unconcerned with her operations.",
plac_003,dlg,EntryList/1/Text,0,-1,"Finally, there is angry note near the back of the ledger that reads: ""Warehouse destroyed. Only acceptable alchemist missing or dead. Find a new blasted alchemist or the lady will be displeased!"" It is underlined several times in what looks like blood. There are only blank pages thereafter.",
plac_003,dlg,ReplyList/0/Text,0,-1,Next,
plac_004,dlg,EntryList/0/Text,0,-1,"Several entries fill this ledger in a loose, flowing hand.

One entry you see is a note Ulan wrote to himself. It mentions needing to use the secret door in the back of the warehouse more -- now that the Coranos are no longer ""laundering"" them, the slaves needed to be delivered directly to a woman named Aladara for ""processing."" He curses the hassle and lack of efficiency in the process of masking slaves as penitent to a ""spiritual advisor.""",
plac_004,dlg,EntryList/1/Text,0,-1,"Another entry details the difficulty of finding priests and healers in order to get the supplies into the slaves, largely without them knowing. He writes about how ""these fools don't understand the lengths he has to go through to get the job done."" What follows is a list of blackmail options and leverages that he planned to levy against the operation in order to increase his profit margin, due to Aladara's ""prime world heavy handedness"" and the slaves' lack of ""re-sale"" value after she was done with them. You note that his profit margins already seemed surprisingly high, thanks to a rather large share of worldwine revenue.",
plac_004,dlg,EntryList/2/Text,0,-1,"A woman named Harasi is mentioned in an entry detailing profit lines and a cost benefit analysis of no longer having the Coranos as part of the operation. Ulan writes that Harasi, the woman in charge of the street-level dealings, is horning in on several aspects of the operation and trying to ""take a bigger piece of my pie."" Ulan muses on whether or not to ""cut her in on a larger slice"" ",
plac_004,dlg,ReplyList/0/Text,0,-1,Next,
plac_004,dlg,ReplyList/1/Text,0,-1,Next,
play_001,dlg,EntryList/0/Text,0,-1,Several playbills from the Lifeblood Theatre.,
pren_001,dlg,EntryList/0/Text,0,-1,"""Mmmm... yes? Can't you see I'm reading and not at all very drunk. I am a great wizard, you know. Or I would be if these words would go into my head and stay there.""
",
pren_001,dlg,EntryList/1/Text,0,-1,"""You know, I'm not sure. Must be good because I just read the same paragraph four times.""",
pren_001,dlg,EntryList/2/Text,0,-1," ""Aren't we all looking for something in this great wide world? A great philosoaper... philosomer... thinker once said, 'He who seeks and does not find, will go out of their gods-damned mind.' Sobering if you think about it. Hopefully not too sobering.""
",
pren_001,dlg,EntryList/3/Text,0,-1,"""What does anyone know, really? That thinker also said, 'I don't know, you know? No? Then know.' Pretty deep.""",
pren_001,dlg,EntryList/4/Text,0,-1,"""And what is need? What do we need? Need is a funny word. Need. Neeeeed. Neee...""
",
pren_001,dlg,EntryList/5/Text,0,-1,"""Yeah?""",
pren_001,dlg,EntryList/6/Text,0,-1," ""Oh... just ask Kyla over there. That's where I get mine.""

",
pren_001,dlg,EntryList/7/Text,0,-1,"""Nope.""",
pren_001,dlg,ReplyList/0/Text,0,-1,"""I'll leave you to it then.""",
pren_001,dlg,ReplyList/1/Text,0,-1,"""What are you reading?""",
pren_001,dlg,ReplyList/2/Text,0,-1,End Conversation,
pren_001,dlg,ReplyList/3/Text,0,-1,"""I'm looking for information about worldwine.""",
pren_001,dlg,ReplyList/4/Text,0,-1,"""Fascinating. You seem like a knowledgeable fellow. What do you know about worldwine.""",
pren_001,dlg,ReplyList/5/Text,0,-1,"""Look, I'm just need to...""",
pren_001,dlg,ReplyList/6/Text,0,-1,"""Hey! HEY!""",
pren_001,dlg,ReplyList/7/Text,0,-1,"""Worldwine. Where?""",
pren_001,dlg,ReplyList/8/Text,0,-1,"""That's not regular wine you're drinking, is it?""",
pren_001,dlg,ReplyList/9/Text,0,-1,"""Great. I think we're done here.""",
prod_001,dlg,EntryList/0/Text,0,-1,Sea Market Warehouses -- Property Deeds,
prod_001,dlg,EntryList/1/Text,0,-1,"Dock Warehouse Pier 63 -- Held by the Corano Family
Corano Villa, Teeth of Orisaw, Furiae",
prod_001,dlg,ReplyList/0/Text,0,-1,Search for Quillian's warehouse,
prod_001,dlg,ReplyList/1/Text,0,-1,Leave,
quill_001,dlg,EntryList/0/Text,0,-1,"""So I blew it all up! Worldwine is *not* particularly, uh, healthy, eh? And now I need someplace to hide.""",
quill_001,dlg,EntryList/1/Text,0,-1,"""No, no! Like I said, I was their alchemist, I guess maybe the only one in the city with the know-how to make it. That's why they locked me up! I didn't *run* the operation or anything. And, yeah, it's poison to outsiders, eh. All outsiders. Enough of it can kill one, if you could trick them into drinking it. Can we not talk about this here? I did just blow up a warehouse. It's still on fire.""",
quill_001,dlg,EntryList/10/Text,0,-1,"""Okay, good, a dialogue, eh. That's good! So, I perhaps exploded the warehouse over there where I was being forced to make worldwine -- perhaps you've heard of it? I now expect to be on the run from my former employers, eh.""",
quill_001,dlg,EntryList/11/Text,0,-1,"""Oh, you! You HAVE to help me, eh! I mean, you don't HAVE to, but it would be GREAT if you did, for many reasons.""
",
quill_001,dlg,EntryList/12/Text,0,-1,"""No, wait! I have potions, eh? Payment maybe? Coin is a fine motivator and I *need* help...""",
quill_001,dlg,EntryList/13/Text,0,-1,"""Here, anything to get you listening.""",
quill_001,dlg,EntryList/14/Text,0,-1,"""I'm fine, I'm used to it, eh? It's how you know something worked. Please, listen.""",
quill_001,dlg,EntryList/15/Text,0,-1,"""I may have done something and it may have to do with my needing help, eh.""",
quill_001,dlg,EntryList/2/Text,0,-1,"""Whatever works! Let's go!""",
quill_001,dlg,EntryList/3/Text,0,-1,"""Wait, eh! I bet a lot of folks would pay good money for information on the operation! And do you know how much coin these people have stashed away? There's potential for real profit here...!""",
quill_001,dlg,EntryList/4/Text,0,-1,"""Good! Believe me... I understand the motivation. Let's go.""",
quill_001,dlg,EntryList/5/Text,0,-1,"""No! No, please. They probably have eyes and ears in the Guard. They probably have eyes and ears everywhere. Please, if you hide me I will help you bring them in, I'll tell you everything I know, eh. You could cripple the whole operation, eh!""",
quill_001,dlg,EntryList/6/Text,0,-1,"""Money, yes! Believe me, I understand the motivation. Shall we?""",
quill_001,dlg,EntryList/7/Text,0,-1,"""Yes, eh. Of course! Any answer you'll need has likely vanished in the wreckage, but I'll help however I can. The place had to have an owner. In for a copper, in for an exploded warehouse, I always say.""",
quill_001,dlg,EntryList/8/Text,0,-1,"""Well, maybe not always, eh, but I may start.""",
quill_001,dlg,EntryList/9/Text,0,-1,"""I am... or *was* their alchemist. They blackmailed me, eh! I didn't WANT to. They brought the materials and I synthesized it for them, locked in that warehouse. They never let me out! Said they'd hurt my family! But I had to do *something.*""",
quill_001,dlg,ReplyList/0/Text,0,-1,"""The devils hate worldwine. It's poison to them or something, I heard. You helped put it on the streets?""",
quill_001,dlg,ReplyList/1/Text,0,-1,"""It would be good to get it off the streets. Fine, I'll hide you for now, but you'll need to answer some questions.""",
quill_001,dlg,ReplyList/10/Text,0,-1,"""That concoction is highly illegal in this city, and you say you were part of the operation? I'm taking you in.""",
quill_001,dlg,ReplyList/11/Text,0,-1,"""I just want worldwine off the streets, but you make a good point. Let's see what you have to say.""",
quill_001,dlg,ReplyList/12/Text,0,-1,"""I don't care about that. But... your information could be worth something. Fine, let's go.""",
quill_001,dlg,ReplyList/13/Text,0,-1,"""Hmm... You make a good point, gnome. You're coming with me.""",
quill_001,dlg,ReplyList/14/Text,0,-1,"""That concoction is highly illegal in this city and you say you were part of the operation? I'm turning you over to the City Guard.""",
quill_001,dlg,ReplyList/15/Text,0,-1,"""I'll hide you, but you'll need to answer some questions.""",
quill_001,dlg,ReplyList/16/Text,0,-1,"""You always say that?""",
quill_001,dlg,ReplyList/17/Text,0,-1,End Conversation,
quill_001,dlg,ReplyList/18/Text,0,-1,Next,
quill_001,dlg,ReplyList/19/Text,0,-1,"""Worldwine is extremely illegal! Tell me how you're involved.""",
quill_001,dlg,ReplyList/2/Text,0,-1,"""All right, I'm taking you in.""",
quill_001,dlg,ReplyList/20/Text,0,-1,"""You *made* worldwine? Worldwine has been a major headache for the baatezu.""",
quill_001,dlg,ReplyList/21/Text,0,-1,"""How are you involved? Worldwine has been a plague on this city. I've seen people get lost in it.""",
quill_001,dlg,ReplyList/22/Text,0,-1,"""Like hells I do. I'm getting out of here. There was just a huge explosion!""",
quill_001,dlg,ReplyList/23/Text,0,-1,"""I guess that's not necessary -- just talk fast, gnome.""",
quill_001,dlg,ReplyList/24/Text,0,-1,"""Show me what you've got, and I'm listening.""",
quill_001,dlg,ReplyList/25/Text,0,-1,Next,
quill_001,dlg,ReplyList/26/Text,0,-1,"""Are you okay? You seem to be lightly on fire.""",
quill_001,dlg,ReplyList/27/Text,0,-1,"""Alright, citizen, I'm listening.""",
quill_001,dlg,ReplyList/28/Text,0,-1,"""Alright, calm down, I'm listening.""",
quill_001,dlg,ReplyList/29/Text,0,-1,"""Powers be! What just happened?""",
quill_001,dlg,ReplyList/3/Text,0,-1,"""I think I'm just going to turn you over to the City Guard.""",
quill_001,dlg,ReplyList/30/Text,0,-1,"""Alright, citizen, I'm listening.""",
quill_001,dlg,ReplyList/31/Text,0,-1,"""Alright, calm down, I'm listening.""",
quill_001,dlg,ReplyList/4/Text,0,-1,"""If worldwine can hurt the devils, I want to hear more about it.""",
quill_001,dlg,ReplyList/5/Text,0,-1,"""Yeah, I'm not really the hero type, sorry... but good luck with all that!""",
quill_001,dlg,ReplyList/6/Text,0,-1,"""It would be good to get it off the streets. Fine, I'll hide you for now, but you'll need to answer some questions.""",
quill_001,dlg,ReplyList/7/Text,0,-1,"""All right, I'm taking you in.""",
quill_001,dlg,ReplyList/8/Text,0,-1,"""I think I'm just going to turn you over to the City Guard.""",
quill_001,dlg,ReplyList/9/Text,0,-1,"""Well, I do like coin. Let's at least hear what you have to say, I suppose.""",
quill_002,dlg,EntryList/0/Text,0,-1,"""It's good to be aboard! I'll do everything I can to help you get to the bottom of this horrible affair. Now, what say we get prepared then get some rest? Big day looking into highly illegal substances tomorrow, eh?""",
quill_002,dlg,EntryList/1/Text,0,-1,"""I'll answer what I can.""",
quill_002,dlg,EntryList/10/Text,0,-1,"""Well, doesn't that sound familiar.""",
quill_002,dlg,EntryList/11/Text,0,-1,"Oh, thank you! I promise to not be a burden. Please let me know what you find.",
quill_002,dlg,EntryList/12/Text,0,-1,"""That warehouse is going to be your best bet for more information, I think. I just kept my head down and did my job, but someone's gotta own it, eh? Maybe they're involved. That, or find who's actually selling the stuff... I'm just happy to be out.""",
quill_002,dlg,EntryList/13/Text,0,-1,"""So, what do you want to know, eh?""",
quill_002,dlg,EntryList/14/Text,0,-1,"""Yeah?""",
quill_002,dlg,EntryList/15/Text,0,-1,"""Some potions of fire resistance, the volatile remains of worldwine manufacture, and a spark, eh.""",
quill_002,dlg,EntryList/16/Text,0,-1,"""Well, it was locked, eh.""",
quill_002,dlg,EntryList/17/Text,0,-1,"""Let's not dwell too much on that, hmm?""",
quill_002,dlg,EntryList/18/Text,0,-1,"""I admit, I don't know much. I've spent a long time locked in that warehouse, I don't even know how my family is doing! My part was simple. Make worldwine, eh. A halfling called Teddy would bring me the materials, I'd make the worldwine, and then put them in a dinghy on a tether below the warehouse.""",
quill_002,dlg,EntryList/19/Text,0,-1,"""The dinghy would be pulled away, come back with food, and the whole process would start again. I thought about using it to escape, but *someone* had to be on the other end of that rope and I couldn't take the chance.""",
quill_002,dlg,EntryList/2/Text,0,-1,"""I can't seem to, no. Eh, one problem at a time! I'll deal with that later.""",
quill_002,dlg,EntryList/20/Text,0,-1,"""Teddy is a halfling that would bring me the worldwine materials. You know, eh, he'd bring them to me in a handled basket like he was off to market. I don't think he knew anything, eh, but it he might be worth talking to if you can find him. Just be nice. The strength of his innocence could rip a hole in the Planes.""",
quill_002,dlg,EntryList/21/Text,0,-1,"""I could go into the ingredients, but they come from all over the Planes, real strange stuff. Needless to say, it's highly magical. The effect is a dreamlike state if awake, and pleasant dreams if asleep. A couple of the ingredients though, when combined? Very bad news for folks who aren't mortal like you and me. Well, worse news. Worldwine is bad for everyone.""",
quill_002,dlg,EntryList/22/Text,0,-1,"""In a large enough dose, I suppose, yes. Good luck getting the baatezu to down it though! By my reckoning, once they discovered its effects on them, they made it the most illegal thing in Furiae proper -- not that a lot is illegal here provided you fill out the proper forms with the Harmonium, eh?""",
quill_002,dlg,EntryList/23/Text,0,-1,"""I did some potion work for the wrong people a little too well. I had some repeat customers, usually for potions of fire resistance, healing potions, that sort of thing, that kept coming back asking for more and more esoteric mixtures and tinctures. Apparently one of those mixtures was worldwine.""",
quill_002,dlg,EntryList/24/Text,0,-1,"""I filled their requests without fail. The coin was VERY good, so I didn't blink when the client requested I not test the effect of what I was making. Before I knew it, I was taken from my shop, thrown in that warehouse, locked up, and told my family would be killed if I didn't make more worldwine. I was apparently the only one in the city to pass their secret alchemical tests.""",
quill_002,dlg,EntryList/25/Text,0,-1,"""No, eh. They locked me in there and the threat against my family was enough to keep me docile, eh.""",
quill_002,dlg,EntryList/26/Text,0,-1,"""Haven't you ever just had enough?""",
quill_002,dlg,EntryList/27/Text,0,-1,"""It's nice to meet you, <FirstName>.""",
quill_002,dlg,EntryList/28/Text,0,-1,"""You helped me out of a tight spot, friend, what do I call you?""",
quill_002,dlg,EntryList/29/Text,0,-1,"""Really, eh?!""",
quill_002,dlg,EntryList/3/Text,0,-1,"""Quite so, I just don't look like this. Always wanted blue hair. There's just something about a gnome with blue hair.""",
quill_002,dlg,EntryList/30/Text,0,-1,"""After Furiae got dragged to the Outlands, I try not to assume.""",
quill_002,dlg,EntryList/31/Text,0,-1,"""Seriously, if you hadn't brought me here, I'm sure they would have found me. They had me locked up in that warehouse for I don't know how long, making batches after batches of worldwine.""",
quill_002,dlg,EntryList/32/Text,0,-1,"""Thank you, so so much. I don't know what they would have done if they had found me.""",
quill_002,dlg,EntryList/33/Text,0,-1,"""Yes, of course, eh.""",
quill_002,dlg,EntryList/34/Text,0,-1,"""Not one for pleasantries, are you?""",
quill_002,dlg,EntryList/35/Text,0,-1,"""Are you sure?""",
quill_002,dlg,EntryList/36/Text,0,-1,"""Yes, yes of course. That's fair. May I remind you of the agents that these drug smugglers most likely have in the guard?""",
quill_002,dlg,EntryList/4/Text,0,-1,"""That's... feasible.""",
quill_002,dlg,EntryList/5/Text,0,-1,"""So, I guess we should talk about the gnome in the room, eh?""",
quill_002,dlg,EntryList/6/Text,0,-1,"""Oh, I'd be happy to. And don't worry about me being spotted. I... eh, liberated... this ring from a vendor in the Sea Market just before I ran into you. Black market fella. I'm under an illusion right now and... eh... can't seem to take the ring off...""",
quill_002,dlg,EntryList/7/Text,0,-1,"""Alright... alright. Thank you at least for getting me out of there. Good luck with your search.""",
quill_002,dlg,EntryList/8/Text,0,-1,"""This is marginally acceptable, eh. This will help give me a start to go find my family.""",
quill_002,dlg,EntryList/9/Text,0,-1,"""No, please no! I won't be safe there. I won't, I won't!""",
quill_002,dlg,ReplyList/0/Text,0,-1,"""You can't take the ring off?""",
quill_002,dlg,ReplyList/1/Text,0,-1,"""That's all for now.""",
quill_002,dlg,ReplyList/10/Text,0,-1,"""I don't know where you'll go, but you can't stay here.""",
quill_002,dlg,ReplyList/11/Text,0,-1,"""You can't stay here, I'm afraid, but here is some coin to help you on your way. Good luck.""",
quill_002,dlg,ReplyList/12/Text,0,-1,"""I'm turning you in! You can tell everything you just told me to the guards.""",
quill_002,dlg,ReplyList/13/Text,0,-1,"""You can hide here, but I expect you to work for it.""",
quill_002,dlg,ReplyList/14/Text,0,-1,"""You can hide here until I figure this out.""",
quill_002,dlg,ReplyList/15/Text,0,-1,End Conversation,
quill_002,dlg,ReplyList/16/Text,0,-1,Next,
quill_002,dlg,ReplyList/17/Text,0,-1,"""Well, that's all I need to know. With what you've told me, I can maybe find out more about this whole thing.""",
quill_002,dlg,ReplyList/18/Text,0,-1,"""Worldwine is creating major problems for the populace of the city users, commoners, nobility, everyone -- the operation must be stopped.""",
quill_002,dlg,ReplyList/19/Text,0,-1,"""It's highly illegal and the operation must be stopped.""",
quill_002,dlg,ReplyList/2/Text,0,-1,"""I had a few more questions.""",
quill_002,dlg,ReplyList/20/Text,0,-1,"""If I can get my hands on the whole operation, it could be used against our oppressors...""",
quill_002,dlg,ReplyList/21/Text,0,-1,"""There's gotta be some profit in this stuff, whoever I sell the information to.""",
quill_002,dlg,ReplyList/22/Text,0,-1,"""The rebel elements of the city could really benefit from learning more about worldwine and how it gets onto the streets.""",
quill_002,dlg,ReplyList/23/Text,0,-1,"""How did you blow up the warehouse?""",
quill_002,dlg,ReplyList/24/Text,0,-1,"""Wait, you blew up the warehouse while you were *inside?!*""",
quill_002,dlg,ReplyList/25/Text,0,-1,"""How do you still have clothes?""",
quill_002,dlg,ReplyList/26/Text,0,-1,Next,
quill_002,dlg,ReplyList/27/Text,0,-1,"""Tell me about the worldwine operation.""",
quill_002,dlg,ReplyList/28/Text,0,-1,Next,
quill_002,dlg,ReplyList/29/Text,0,-1,"""Tell me more about Teddy.""",
quill_002,dlg,ReplyList/3/Text,0,-1,"""So are you actually a gnome?""",
quill_002,dlg,ReplyList/30/Text,0,-1,Next,
quill_002,dlg,ReplyList/31/Text,0,-1,"""Tell me about worldwine.""",
quill_002,dlg,ReplyList/32/Text,0,-1,"""Is it lethal to outsiders?""",
quill_002,dlg,ReplyList/33/Text,0,-1,Next,
quill_002,dlg,ReplyList/34/Text,0,-1,"""How did you end up in that warehouse?""",
quill_002,dlg,ReplyList/35/Text,0,-1,Next,
quill_002,dlg,ReplyList/36/Text,0,-1,"""Weren't there guards?""",
quill_002,dlg,ReplyList/37/Text,0,-1,"""So why now?""",
quill_002,dlg,ReplyList/38/Text,0,-1,Next,
quill_002,dlg,ReplyList/39/Text,0,-1,Next,
quill_002,dlg,ReplyList/4/Text,0,-1,"""So you could be naked under there?""",
quill_002,dlg,ReplyList/40/Text,0,-1,"""My name is unpronounceable to your fleshy tongue and even one syllable uttered aloud would drive you mad! However, <FirstName> will do.""",
quill_002,dlg,ReplyList/41/Text,0,-1,"""No, but you believed me there for half a second.""",
quill_002,dlg,ReplyList/42/Text,0,-1,Next,
quill_002,dlg,ReplyList/43/Text,0,-1,"""<FullName>.""",
quill_002,dlg,ReplyList/44/Text,0,-1,"""Call me <FirstName>.""",
quill_002,dlg,ReplyList/45/Text,0,-1,"""My name is <FullName>.""",
quill_002,dlg,ReplyList/46/Text,0,-1,Next,
quill_002,dlg,ReplyList/47/Text,0,-1,"""You're welcome. the people of this city are scared and hurting. Worldwine is an easy out. Just let me know where to start and maybe we can help.""",
quill_002,dlg,ReplyList/48/Text,0,-1,"""You're safe here. Now, tell me what I need to know.""",
quill_002,dlg,ReplyList/49/Text,0,-1,Next,
quill_002,dlg,ReplyList/5/Text,0,-1,"""That's all for now.""",
quill_002,dlg,ReplyList/50/Text,0,-1,"""Okay, gnome. Spill. What's in this for me?""",
quill_002,dlg,ReplyList/51/Text,0,-1,"""I am being pleasant.""",
quill_002,dlg,ReplyList/52/Text,0,-1,Next,
quill_002,dlg,ReplyList/53/Text,0,-1,"""Don't thank me yet. I still haven't decided what to do with you.""",
quill_002,dlg,ReplyList/54/Text,0,-1,"""Noted.""",
quill_002,dlg,ReplyList/6/Text,0,-1,"""I had a few more questions.""",
quill_002,dlg,ReplyList/7/Text,0,-1,"""How about you help me in my investigation? Might be a bit of trouble if they see you though.""",
quill_002,dlg,ReplyList/8/Text,0,-1,"""Then let's go.""",
quill_002,dlg,ReplyList/9/Text,0,-1,"""I had a few more questions.""",
quill_003,dlg,EntryList/0/Text,0,-1,"""Yes, eh?""",
quill_003,dlg,EntryList/1/Text,0,-1,"""What do you want to know?""",
quill_003,dlg,EntryList/10/Text,0,-1,"""No, eh. They locked me in there and the threat against my family was enough to keep me docile, eh.""",
quill_003,dlg,EntryList/11/Text,0,-1,"""Haven't you ever just had enough?""",
quill_003,dlg,EntryList/12/Text,0,-1,"""Oh, that's normal. Everyone does, always. They just don't always realize it, eh.""",
quill_003,dlg,EntryList/13/Text,0,-1,"""Oh. Alright, eh. It's dangerous for a gnome out there... where should I go?""
",
quill_003,dlg,EntryList/14/Text,0,-1,"""Excellent! You won't regret it!""
",
quill_003,dlg,EntryList/15/Text,0,-1,"""Alright... alright. Thank you at least for getting me out of there. Good luck with your search.""
",
quill_003,dlg,EntryList/16/Text,0,-1,"""This is marginally acceptable, eh. This will help give me a start to go find my family.""",
quill_003,dlg,EntryList/17/Text,0,-1,"""No, please no! I won't be safe there. I won't, I won't!""
",
quill_003,dlg,EntryList/18/Text,0,-1,"""Well, doesn't that sound familiar.""",
quill_003,dlg,EntryList/19/Text,0,-1,"""Oh, thank you! I promise to not be a burden. Please let me know what you find.""",
quill_003,dlg,EntryList/2/Text,0,-1,"Some potions of fire resistance, the volatile remains of worldwine manufacture, and a spark, eh.",
quill_003,dlg,EntryList/20/Text,0,-1,"""I'm not a bag of holding, can't just keep reaching in and grabbing more stuff, eh. I need time to make potions! And clean my lab, er, the kitchen. Come back tomorrow.""",
quill_003,dlg,EntryList/21/Text,0,-1,"""Of course, of course!  Mixed you up a potion. Here you are, eh!""",
quill_003,dlg,EntryList/22/Text,0,-1,"""No, please no. No...""",
quill_003,dlg,EntryList/23/Text,0,-1,"""Hey, you're back!""",
quill_003,dlg,EntryList/3/Text,0,-1,"Well, it was locked, eh.",
quill_003,dlg,EntryList/4/Text,0,-1,"Let's not dwell too much on that, hmm?",
quill_003,dlg,EntryList/5/Text,0,-1,"""I admit, I don't know much. I've spent a long time locked in that warehouse, I don't even know how my family is doing! My part was simple, make worldwine, eh. A halfling called Teddy would bring me the materials, I'd make the worldwine, and then put them in a dinghy on a tether below the warehouse. The dinghy would be pulled away, come back with food, and the whole process would start again.""",
quill_003,dlg,EntryList/6/Text,0,-1,"""Teddy is a halfling that would bring me the worldwine materials. You know, eh, he'd bring them to me in a handled basket like he was off to market. I don't think he knew anything, eh, but it he might be worth talking to if you can find him. Just be nice. The strength of his innocence could rip a hole in the Planes.""",
quill_003,dlg,EntryList/7/Text,0,-1,"""I could go into the ingredients, but they come from all over the Planes, real strange stuff. Needless to say, it's highly magical. The effect is a dreamlike state if awake, and pleasant dreams if asleep. A couple of the ingredients though, when combined? Real bad news for folks who aren't mortal like you and me. I assume.""",
quill_003,dlg,EntryList/8/Text,0,-1,"""In a large enough dose, I suppose, yes. Good luck getting the baatezu to down it though! I figure once they discovered its effects on them, they made it the most illegal thing in Furiae -- not that a lot is illegal here, eh.""",
quill_003,dlg,EntryList/9/Text,0,-1,"""I did some potion work for the wrong people a little too well. I had some repeat customers, usually for potions of fire resistance, healing potions, that sort of thing, that kept coming back asking for more and more esoteric mixtures and tinctures. Apparently one of those mixtures was worldwine. I filled their requests without fail. The coin was VERY good, so I didn't pay attention too closely to what the effects might be of what I was making. Before I knew it, I was taken from my shop, thrown in that warehouse, locked up, and told my family would be killed if I didn't make more worldwine. I was apparently the only one in the city to pass their alchemical tests.""",
quill_003,dlg,ReplyList/0/Text,0,-1,"""Never mind.""",
quill_003,dlg,ReplyList/1/Text,0,-1,"""I wanted to ask about worldwine again.""",
quill_003,dlg,ReplyList/10/Text,0,-1,"""Tell me about worldwine.""",
quill_003,dlg,ReplyList/11/Text,0,-1,"""Is it lethal?""",
quill_003,dlg,ReplyList/12/Text,0,-1,Next,
quill_003,dlg,ReplyList/13/Text,0,-1,"""How did you end up in that warehouse?""",
quill_003,dlg,ReplyList/14/Text,0,-1,"""Weren't there guards?""",
quill_003,dlg,ReplyList/15/Text,0,-1,"""So why now?""",
quill_003,dlg,ReplyList/16/Text,0,-1,Next,
quill_003,dlg,ReplyList/17/Text,0,-1,"""I think I need a gnome.""",
quill_003,dlg,ReplyList/18/Text,0,-1,"""I think we should split up for now.""",
quill_003,dlg,ReplyList/19/Text,0,-1,"""Actually, never mind. You can stay.""
",
quill_003,dlg,ReplyList/2/Text,0,-1,"""That's all I need to know.""",
quill_003,dlg,ReplyList/20/Text,0,-1,End Conversation,
quill_003,dlg,ReplyList/21/Text,0,-1,"""I don't know where you'll go, but you can't stay with me."" 
",
quill_003,dlg,ReplyList/22/Text,0,-1,End Conversation,
quill_003,dlg,ReplyList/23/Text,0,-1,"""You can't stay with me, I'm afraid, but here is some coin to help you on your way. Good luck.""",
quill_003,dlg,ReplyList/24/Text,0,-1,End Conversation,
quill_003,dlg,ReplyList/25/Text,0,-1,"""I'm turning you in! You can tell everything you just told me to the guards."" 
",
quill_003,dlg,ReplyList/26/Text,0,-1,End Conversation,
quill_003,dlg,ReplyList/27/Text,0,-1,"""You can hide at my place, but I expect you to work for it.""",
quill_003,dlg,ReplyList/28/Text,0,-1,End Conversation,
quill_003,dlg,ReplyList/29/Text,0,-1,"""You can hide at my place until I figure this out.""
",
quill_003,dlg,ReplyList/3/Text,0,-1,"""How did you blow up the warehouse?""",
quill_003,dlg,ReplyList/30/Text,0,-1,End Conversation,
quill_003,dlg,ReplyList/31/Text,0,-1,"""I'm here for some promised payment.""",
quill_003,dlg,ReplyList/32/Text,0,-1,"""I've changed my mind. I'm turning you in.""",
quill_003,dlg,ReplyList/33/Text,0,-1,Next,
quill_003,dlg,ReplyList/4/Text,0,-1,"Wait, you blew up the warehouse while you were inside?!",
quill_003,dlg,ReplyList/5/Text,0,-1,How do you still have clothes?,
quill_003,dlg,ReplyList/6/Text,0,-1,Next,
quill_003,dlg,ReplyList/7/Text,0,-1,"""Tell me about the worldwine operation.""",
quill_003,dlg,ReplyList/8/Text,0,-1,"""Tell me more about Teddy.""",
quill_003,dlg,ReplyList/9/Text,0,-1,Next,
quill_004,dlg,EntryList/0/Text,0,-1,"""It's good to be aboard! I'll do everything I can to help you get to the bottom of this horrible affair. Where do we start?""",
quill_004,dlg,EntryList/1/Text,0,-1,"""I'll answer what I can.""",
quill_004,dlg,EntryList/10/Text,0,-1,"""I admit, I don't know much. I've spent a long time locked in that warehouse, I don't even know how my family is doing! My part was simple, make worldwine, eh. A halfling called Teddy would bring me the materials, I'd make the worldwine, and then put them in a dinghy on a tether below the warehouse. The dinghy would be pulled away, come back with food, and the whole process would start again.""",
quill_004,dlg,EntryList/11/Text,0,-1,"""Teddy is a halfling that would bring me the worldwine materials. You know, eh, he'd bring them to me in a handled basket like he was off to market. I don't think he knew anything, eh, but it he might be worth talking to if you can find him. Just be nice. The strength of his innocence could rip a hole in the Planes.""",
quill_004,dlg,EntryList/12/Text,0,-1,"""I could go into the ingredients, but they come from all over the Planes, real strange stuff. Needless to say, it's highly magical. The effect is a dreamlike state if awake, and pleasant dreams if asleep. A couple of the ingredients though, when combined? Real bad news for folks who aren't mortal like you and me. I assume.""",
quill_004,dlg,EntryList/13/Text,0,-1,"""In a large enough dose, I suppose, yes. Good luck getting the baatezu to down it though! I figure once they discovered its effects on them, they made it the most illegal thing in Furiae -- not that a lot is illegal here, eh.""",
quill_004,dlg,EntryList/14/Text,0,-1,"""I did some potion work for the wrong people a little too well. I had some repeat customers, usually for potions of fire resistance, healing potions, that sort of thing, that kept coming back asking for more and more esoteric mixtures and tinctures. Apparently one of those mixtures was worldwine. I filled their requests without fail. The coin was VERY good, so I didn't pay attention too closely to what the effects might be of what I was making. Before I knew it, I was taken from my shop, thrown in that warehouse, locked up, and told my family would be killed if I didn't make more worldwine. I was apparently the only one in the city to pass their alchemical tests.""",
quill_004,dlg,EntryList/15/Text,0,-1,"""No, eh. They locked me in there and the threat against my family was enough to keep me docile, eh.""",
quill_004,dlg,EntryList/16/Text,0,-1,"""Haven't you ever just had enough?""",
quill_004,dlg,EntryList/17/Text,0,-1,"""Oh, I'd be happy to. And don't worry about me being spotted so much. I... eh, liberated... this ring from a vendor in the Sea Market just before I ran into you. Black market fella. I'm under an illusion right now and... eh... can't seem to take the ring off...""",
quill_004,dlg,EntryList/18/Text,0,-1,"""No, please no! I won't be safe there. I won't, I won't!""",
quill_004,dlg,EntryList/19/Text,0,-1,"""Well, doesn't that sound familiar. Hm. Well, it's better than staying on the streets, eh?""",
quill_004,dlg,EntryList/2/Text,0,-1,"""I can't seem to, no. Eh, one problem at a time! I'll deal with that later.""",
quill_004,dlg,EntryList/20/Text,0,-1,"""Oh, thank you! I promise to not be a burden. Please let me know what you find.""",
quill_004,dlg,EntryList/21/Text,0,-1,"""Oh, it's you.""",
quill_004,dlg,EntryList/3/Text,0,-1,"""Quite so, I just don't look like this. Always wanted blue hair, though. There's just something about a gnome with blue hair.""",
quill_004,dlg,EntryList/4/Text,0,-1,"""That's feasible, yes.""",
quill_004,dlg,EntryList/5/Text,0,-1,"""Yes, eh?""",
quill_004,dlg,EntryList/6/Text,0,-1,"""What do you want to know?""",
quill_004,dlg,EntryList/7/Text,0,-1,"""Some potions of fire resistance, the volatile remains of worldwine manufacture, and a spark, eh.""",
quill_004,dlg,EntryList/8/Text,0,-1,"""Well, it was locked, eh.""",
quill_004,dlg,EntryList/9/Text,0,-1,"""Let's not dwell too much on that, hmm?""",
quill_004,dlg,ReplyList/0/Text,0,-1,"""That's all for now.""",
quill_004,dlg,ReplyList/1/Text,0,-1,"""You can't take the ring off?""",
quill_004,dlg,ReplyList/10/Text,0,-1,"""That's all I need to know.""",
quill_004,dlg,ReplyList/11/Text,0,-1,"""How did you blow up the warehouse?""",
quill_004,dlg,ReplyList/12/Text,0,-1,"""Wait, you blew up the warehouse while you were inside?!""",
quill_004,dlg,ReplyList/13/Text,0,-1,"""How do you still have clothes?""",
quill_004,dlg,ReplyList/14/Text,0,-1,Next,
quill_004,dlg,ReplyList/15/Text,0,-1,"""Tell me about the worldwine operation.""",
quill_004,dlg,ReplyList/16/Text,0,-1,"""Tell me more about Teddy.""",
quill_004,dlg,ReplyList/17/Text,0,-1,Next,
quill_004,dlg,ReplyList/18/Text,0,-1,"""Tell me about worldwine.""",
quill_004,dlg,ReplyList/19/Text,0,-1,"""Is it lethal?""",
quill_004,dlg,ReplyList/2/Text,0,-1,"""That's all for now.""",
quill_004,dlg,ReplyList/20/Text,0,-1,Next,
quill_004,dlg,ReplyList/21/Text,0,-1,"""How did you end up in that warehouse?""",
quill_004,dlg,ReplyList/22/Text,0,-1,"""Weren't there guards?""",
quill_004,dlg,ReplyList/23/Text,0,-1,"""So why now?""",
quill_004,dlg,ReplyList/24/Text,0,-1,Next,
quill_004,dlg,ReplyList/25/Text,0,-1,"""I had a thought. How about you help me in my investigation? Might be a bit of trouble if they see you, though.""",
quill_004,dlg,ReplyList/26/Text,0,-1,"""Then let's go.""",
quill_004,dlg,ReplyList/27/Text,0,-1,"""I had a few more questions.""",
quill_004,dlg,ReplyList/28/Text,0,-1,"""I changed my mind. I'm turning you in. It's for the best. You can tell everything you just told me to the guards.""",
quill_004,dlg,ReplyList/29/Text,0,-1,"""You can stay at my place, but I expect you to work for it.""",
quill_004,dlg,ReplyList/3/Text,0,-1,"""I had a few more questions.""",
quill_004,dlg,ReplyList/30/Text,0,-1,"""Hey Quillian, I changed my mind. You can stay at my place until we figure things out...""",
quill_004,dlg,ReplyList/31/Text,0,-1,Next,
quill_004,dlg,ReplyList/4/Text,0,-1,"""With the illusion and all, I was wondering if you're actually a gnome?""",
quill_004,dlg,ReplyList/5/Text,0,-1,"""So you could be naked under there?""",
quill_004,dlg,ReplyList/6/Text,0,-1,"""That's all for now.""",
quill_004,dlg,ReplyList/7/Text,0,-1,"""I had a few more questions.""",
quill_004,dlg,ReplyList/8/Text,0,-1,"""Never mind.""",
quill_004,dlg,ReplyList/9/Text,0,-1,"""I wanted to ask about worldwine again.""",
quill_005,dlg,EntryList/0/Text,0,-1,"""You! Damn you! Have you come to gloat or something, you monster?""",
quill_005,dlg,EntryList/1/Text,0,-1,"""Awkward?! AWKWARD?! You had me put in jail, eh? I'm the victim here! I told that Lucenna woman everything I know and she said she'd try, TRY, to keep me out of Exsanguination Square! TRY! Just... just go away.""",
quill_005,dlg,EntryList/2/Text,0,-1,"""If this city falls to rot and ruin, it will be because of people like you, eh. You and your blindness. Following the law, eh, and doing what's right aren't always the same thing.""",
quill_005,dlg,EntryList/3/Text,0,-1,"""Tell them... eh? I already spoke to that Lucenna woman and told her everything I know. She said she was going to do her best at keeping me from 'climbing the leafless tree.' Do you know what that is, eh? A gallows!""",
quill_005,dlg,EntryList/4/Text,0,-1,"""It certainly wasn't you!""",
quill_005,dlg,EntryList/5/Text,0,-1,"""Just... just leave me alone. You've done enough. You done enough to me and my family both, eh.""",
quill_005,dlg,ReplyList/0/Text,0,-1,"""Well, this is awkward.""",
quill_005,dlg,ReplyList/1/Text,0,-1,"""You broke the law. Plain and simple.""",
quill_005,dlg,ReplyList/2/Text,0,-1,"""Look, this is the safest place for you. Tell them what you know and everything will be fine.""",
quill_005,dlg,ReplyList/3/Text,0,-1,"""Well, at least you have someone on your side in here.""",
ragp_001,dlg,EntryList/0/Text,0,-1,"""Of course.""",
ragp_001,dlg,EntryList/1/Text,0,-1,"""Here. While others fight with sword and spell for coin and glory, the true prizes are hearts and minds. We fight for the soul of this city.""",
ragp_001,dlg,EntryList/10/Text,0,-1,"""Don't mention it. Seriously. And come back tomorrow for another.""",
ragp_001,dlg,EntryList/11/Text,0,-1,"""No. My rags aren't for the likes of you.""",
ragp_001,dlg,EntryList/12/Text,0,-1,"[Success] Yes, but they might not be what you expect. My rags contain truth. My rags wipe away the stains things like the Sentinel place on your mind. My rags make you clean.""",
ragp_001,dlg,EntryList/13/Text,0,-1,"[Failure] ""No.""",
ragp_001,dlg,EntryList/14/Text,0,-1,"""One of us, then. Here, brethren, and know. Come back to me daily for your dose of truth.""",
ragp_001,dlg,EntryList/15/Text,0,-1,"""Don't mention it. Seriously. To anyone.""",
ragp_001,dlg,EntryList/16/Text,0,-1,"""...""",
ragp_001,dlg,EntryList/2/Text,0,-1,"""Don't mention it. Seriously. And come back tomorrow for another.""",
ragp_001,dlg,EntryList/3/Text,0,-1,"""I sell rags. No more. No less.""",
ragp_001,dlg,EntryList/4/Text,0,-1,"""Here. A rag, just for you. I sell rags. That's all I do, Low Guard. Ask me again, and I'll tell you the same."" *gives you a worthless dirty rag*",
ragp_001,dlg,EntryList/5/Text,0,-1,"""I'm the Rag Peddler. It has a ring to it, don't you think?""",
ragp_001,dlg,EntryList/6/Text,0,-1,"""Oh? Now why would you think that?""",
ragp_001,dlg,EntryList/7/Text,0,-1,"""I am and do not lie. I sell rags.""",
ragp_001,dlg,EntryList/8/Text,0,-1,"""That depends on you.""",
ragp_001,dlg,EntryList/9/Text,0,-1,"""A satisfied customer. Enjoy your dose of the truth.""",
ragp_001,dlg,ReplyList/0/Text,0,-1,"""What *exactly* are you doing out here?""",
ragp_001,dlg,ReplyList/1/Text,0,-1,"""Thank you.""",
ragp_001,dlg,ReplyList/10/Text,0,-1,"""I would like one rag, please.""",
ragp_001,dlg,ReplyList/11/Text,0,-1,"""Thank you.""",
ragp_001,dlg,ReplyList/12/Text,0,-1,End Conversation,
ragp_001,dlg,ReplyList/13/Text,0,-1,"""All right then.""",
ragp_001,dlg,ReplyList/14/Text,0,-1,"[Persuade] ""These must be some valuable rags since you're out here selling them. Might I have a look?""",
ragp_001,dlg,ReplyList/15/Text,0,-1,"""That's not for me, but, uh, good luck with your truth slinging, and the... wiping.""",
ragp_001,dlg,ReplyList/16/Text,0,-1,"""Interesting. Can I ask you some questions?""",
ragp_001,dlg,ReplyList/17/Text,0,-1,"""Well, okay then.""",
ragp_001,dlg,ReplyList/18/Text,0,-1,*show your ring*,
ragp_001,dlg,ReplyList/19/Text,0,-1,"""Understood, and thank you.""",
ragp_001,dlg,ReplyList/2/Text,0,-1,"[Show Badge] ""I demand you tell me what you're doing here, citizen. I know you're up to something seditious!""",
ragp_001,dlg,ReplyList/20/Text,0,-1,End Conversation,
ragp_001,dlg,ReplyList/21/Text,0,-1,"""And who might you be?""",
ragp_001,dlg,ReplyList/3/Text,0,-1,"""Show me!""",
ragp_001,dlg,ReplyList/4/Text,0,-1,End Conversation,
ragp_001,dlg,ReplyList/5/Text,0,-1,"""This is weird. You're weird. I'm out of here.""",
ragp_001,dlg,ReplyList/6/Text,0,-1,"""It does have a ring to it, I suppose. I feel like I'm missing something here.""",
ragp_001,dlg,ReplyList/7/Text,0,-1,"""Because you're just selling rags out on the street.""",
ragp_001,dlg,ReplyList/8/Text,0,-1,"""You're not going to tell me what I'm missing, are you?""",
ragp_001,dlg,ReplyList/9/Text,0,-1,Next,
rece_001,dlg,EntryList/0/Text,0,-1,"A few receipts for promissory notes to mercenary companies reveals she has sent several of them into Furiae and the Outlands proper, searching for ""alchemists of renown"" along with ""students of the arcane specializing in rings.""",
rece_002,dlg,EntryList/0/Text,0,-1,"A receipt from Harmonds Habadashery lays on the ground. Harasi ordered a set of studded leather armor with a long black leather coat to match, filled with hidden pockets and sheaths. The description reads, ""Working with local armorers to fashion leather armor suitable for a night at either the theater or the pits for one 'First Name: Harasi, Family Name: Justwritethedamnreceipt.'""",
ring_001,dlg,EntryList/0/Text,0,-1,You don't want to give your investigation away -- better to wait for them to give themselves up by trying to contact you.,
ring_001,dlg,EntryList/1/Text,0,-1," Voice of Shavann: ""Gods damn it all. I'm out of contact for three days and it all goes to shit. Wait, if the others are dead, where are their rings?""",
ring_001,dlg,EntryList/10/Text,0,-1,"Voice of Shavann: ""What? How could you let this happen??""",
ring_001,dlg,EntryList/11/Text,0,-1,"Voice of Ulan: ""Me?? Now look here, I had -- you know what, nevermind. Just bring your stock through the tunnels and I'll meet you there.""",
ring_001,dlg,EntryList/12/Text,0,-1,"Voice of Harasi: ""Where have you been? Haven't you heard? Someone's been messing with the whole operation. The alchemist is gone, the witch is dead, and I haven't heard from Ulan."" ",
ring_001,dlg,EntryList/13/Text,0,-1,"Voice of Shavann: ""Then what now? I got these slaves!""",
ring_001,dlg,EntryList/14/Text,0,-1,"Voice of Harasi: ""Bring 'em deeper into the tunnels and await further instructions.""",
ring_001,dlg,EntryList/15/Text,0,-1,"A voice buzzes through your mind, at once distant and intimate.",
ring_001,dlg,EntryList/16/Text,0,-1,"Voice of Shavann: ""This is Shavann to all and sundry. I landed my craft about a half an hour ago and am bringing the nextloadof slaves through the tunnels to Rathole. Acknowledge. ...Powers, I'm tired.""",
ring_001,dlg,EntryList/2/Text,0,-1,"Voice of Shavann: ""Shit. We've been compromised! Don't use these rings any more. I'll be in touch through mundane means. Don't you dare leave town.""",
ring_001,dlg,EntryList/3/Text,0,-1,"Voice of Shavann: ""*growls* Not if I find you first, sod.""",
ring_001,dlg,EntryList/4/Text,0,-1,"Voice of Shavann:""Oh, bugger this.""",
ring_001,dlg,EntryList/5/Text,0,-1,"Voice of Shavann: ""Who is this? You know what, it doesn't matter. When I find you, I'm going to dance on your guts!""",
ring_001,dlg,EntryList/6/Text,0,-1,"Voice of Aladara: ""Ahh, the next batch arrives.... sadly, our operation has been compromised, my sweetling. The others are dead or gone... dreamers no more.""",
ring_001,dlg,EntryList/7/Text,0,-1,"Voice of Shavann: ""What are you on about? Who is this? Are you the witch what handles the slaves? What in the Nine Hells do I do with them now??""",
ring_001,dlg,EntryList/8/Text,0,-1,"Voice of Aladara: ""Bring them through the tunnels. You will receive further instructions when you are there... Our plans are not done yet, my dear. Merely... expanded.""",
ring_001,dlg,EntryList/9/Text,0,-1,"Voice of Ulan: ""Shavann? Where in the Nine Hells have you been? The whole operation is piked. No one is left to manufacture the stuff, and the distribution is all buggered.""",
ring_001,dlg,ReplyList/0/Text,0,-1,[Stay silent],
ring_001,dlg,ReplyList/1/Text,0,-1,"""I'm coming for you.""",
ring_001,dlg,ReplyList/10/Text,0,-1,Next,
ring_001,dlg,ReplyList/11/Text,0,-1,Next,
ring_001,dlg,ReplyList/12/Text,0,-1,Next,
ring_001,dlg,ReplyList/13/Text,0,-1,Next,
ring_001,dlg,ReplyList/14/Text,0,-1,Next,
ring_001,dlg,ReplyList/15/Text,0,-1,Next,
ring_001,dlg,ReplyList/16/Text,0,-1,Next,
ring_001,dlg,ReplyList/17/Text,0,-1,Next,
ring_001,dlg,ReplyList/2/Text,0,-1,[make a rude noise],
ring_001,dlg,ReplyList/3/Text,0,-1,"""Who knows?""",
ring_001,dlg,ReplyList/4/Text,0,-1,Smuggler's tunnels? There are rumours there's access to these tunnels through a cellar north of your apartment...,
ring_001,dlg,ReplyList/5/Text,0,-1,Next,
ring_001,dlg,ReplyList/6/Text,0,-1,Next,
ring_001,dlg,ReplyList/7/Text,0,-1,Next,
ring_001,dlg,ReplyList/8/Text,0,-1,Next,
ring_001,dlg,ReplyList/9/Text,0,-1,Next,
rss_001,dlg,EntryList/0/Text,0,-1,"""Ha! You think you could handle it, berk? Besides, too damn big. We show up with one and this little berg would think war is comin' and they wouldn't be wrong.""",
rss_001,dlg,EntryList/1/Text,0,-1,"""Yeah! And paperwork gives us hives. Why do you think his name is Rash?""",
rss_001,dlg,EntryList/10/Text,0,-1,"""Infernal war rig enthusiasts, you might say.""",
rss_001,dlg,EntryList/11/Text,0,-1,"""Watch yer back.""",
rss_001,dlg,EntryList/12/Text,0,-1,"""You! Prime! If you've got the coin for planar steel, then you NEED some planar steel!""",
rss_001,dlg,EntryList/13/Text,0,-1,"""Liberated heroically and reforged from the finest derelicts the Blood War ever spat out!""",
rss_001,dlg,EntryList/14/Text,0,-1,"""We got better weapons an' armor than any of these other sods, crafted from free-range artisanal reclaimed hellsteel!""",
rss_001,dlg,EntryList/15/Text,0,-1,"""And we ain't, basher. Get outta here.""",
rss_001,dlg,EntryList/2/Text,0,-1,"""What a waste it would be! Nowhere to drive 'em in this place. No armies to plow through, blades spinning and body parts flying... Tell ya what though, you ever find yourself in the wastes, you come see us with the right coin and we'll set you right up.""",
rss_001,dlg,EntryList/3/Text,0,-1,"""Come visit the wastes sometime, if you can find your way out of this bloody berg, prime.""",
rss_001,dlg,EntryList/4/Text,0,-1,"""Ain't nothin' better to fight the Blood War, berk.""",
rss_001,dlg,EntryList/5/Text,0,-1,"""Just imagine a horseless wagon twenty feet long with wheels made of bone and blade and big as an orc tearing across the wastes of Avernus, it's belly full of the forces of the damned ready to get their bad attitudes all over the poor sods dumb enough to be at wherever it's going.""",
rss_001,dlg,EntryList/6/Text,0,-1,"""And no one better to keep 'em running smooth than Rash, Skids, and Scrapper, and that's no lie.""",
rss_001,dlg,EntryList/7/Text,0,-1,"""And it would be unwise to disagree.""",
rss_001,dlg,EntryList/8/Text,0,-1,"""Smiths.""",
rss_001,dlg,EntryList/9/Text,0,-1,"""Mechanists.""",
rss_001,dlg,ReplyList/0/Text,0,-1,Next,
rss_001,dlg,ReplyList/1/Text,0,-1,Next,
rss_001,dlg,ReplyList/10/Text,0,-1,"""That sounds great. I'll take one.""",
rss_001,dlg,ReplyList/11/Text,0,-1,Next,
rss_001,dlg,ReplyList/12/Text,0,-1,Next,
rss_001,dlg,ReplyList/13/Text,0,-1,"""Alright, then. See ya.""",
rss_001,dlg,ReplyList/14/Text,0,-1,End Conversation,
rss_001,dlg,ReplyList/15/Text,0,-1,"""Alright. What have you got?""",
rss_001,dlg,ReplyList/16/Text,0,-1,"""Infernal war rigs? What's a rig?""",
rss_001,dlg,ReplyList/17/Text,0,-1,Next,
rss_001,dlg,ReplyList/18/Text,0,-1,Next,
rss_001,dlg,ReplyList/19/Text,0,-1,"""I'm good.""",
rss_001,dlg,ReplyList/2/Text,0,-1,"""I'd best be off, I think.""",
rss_001,dlg,ReplyList/20/Text,0,-1,End Conversation,
rss_001,dlg,ReplyList/21/Text,0,-1,"""Who are you three?""",
rss_001,dlg,ReplyList/22/Text,0,-1,"""Let's see what you have.""",
rss_001,dlg,ReplyList/3/Text,0,-1,End Conversation,
rss_001,dlg,ReplyList/4/Text,0,-1,"""Alright, then. Let's see what you have.""",
rss_001,dlg,ReplyList/5/Text,0,-1,Next,
rss_001,dlg,ReplyList/6/Text,0,-1,Next,
rss_001,dlg,ReplyList/7/Text,0,-1,"""If you say so.""",
rss_001,dlg,ReplyList/8/Text,0,-1,End Conversation,
rss_001,dlg,ReplyList/9/Text,0,-1,"""Let's see what you have.""",
shav_001_other,dlg,EntryList/0/Text,0,-1,"""Wait, I recognize that voice. You're the one who got into our ring network.""",
shav_001_other,dlg,EntryList/1/Text,0,-1,"""Any other day, I would be happy to rip you apart, berk. But, not today. I don't even know what the chant is here. I keep hearing this horrible voice in my head telling me the dreams will stop if I bring all the worldwine and everything down here. I'm so tired. I just... want to sleep.""",
shav_001_other,dlg,EntryList/10/Text,0,-1,"""I'm telling you I don't know. What, you think just because I'm a tiefling that I understand why we're hearing the same weird voice in our heads blackmailing us with nightmares?""",
shav_001_other,dlg,EntryList/11/Text,0,-1,"""YES! Those horns can't just be for show!""",
shav_001_other,dlg,EntryList/12/Text,0,-1,"""For the last time you bloodthirsty beast of a woman, I don't know. I was called here, same as you, bringing as many of the mules and worldwine as I had. I just want to sleep!""",
shav_001_other,dlg,EntryList/13/Text,0,-1,"""Yeah, you should... wait...""",
shav_001_other,dlg,EntryList/14/Text,0,-1,"""Ha! He should only be so luck... huh...""",
shav_001_other,dlg,EntryList/15/Text,0,-1,"""Oh, hello. Just a moment I need to finish this conv... buh...""",
shav_001_other,dlg,EntryList/2/Text,0,-1,"""Maybe if I kill you, the voice will be happy and let me sleep.""",
shav_001_other,dlg,EntryList/3/Text,0,-1,"""I'm going to use your corpse as a pillow.""",
shav_001_other,dlg,EntryList/4/Text,0,-1,"""Who are you? What are doing down here? Ugh, this has been a terrible, terrible day.""",
shav_001_other,dlg,EntryList/5/Text,0,-1,"""Who are you? What are doing down here? So Harasi disappears and now I need to deal with this berk? Ugh, this has been a terrible, terrible day.""",
shav_001_other,dlg,EntryList/6/Text,0,-1,"""Who are you? What are doing down here? Ugh, this has been a terrible, terrible day.""",
shav_001_other,dlg,EntryList/7/Text,0,-1,"""Sure, it's been that kind of day. WHY THE HELL NOT?!""",
shav_001_other,dlg,EntryList/8/Text,0,-1,"""Sure, it's been that kind of day. If you don't help me, Ulan, I'll kill you myself. LET'S DO IT!""",
shav_001_other,dlg,EntryList/9/Text,0,-1,"""Sure, it's been that kind of day. Not like I liked Harasi anyway and now, NOW, I get to KILL someone.""",
shav_001_other,dlg,ReplyList/0/Text,0,-1,Next,
shav_001_other,dlg,ReplyList/1/Text,0,-1,"""Tell me what you know.""",
shav_001_other,dlg,ReplyList/10/Text,0,-1,"""I can come back later.""",
shav_001_other,dlg,ReplyList/11/Text,0,-1,"""Lover's quarrel?""",
shav_001_other,dlg,ReplyList/12/Text,0,-1,"""Um, hello?""",
shav_001_other,dlg,ReplyList/13/Text,0,-1,Next,
shav_001_other,dlg,ReplyList/14/Text,0,-1,Next,
shav_001_other,dlg,ReplyList/2/Text,0,-1,"""I'm taking you in.""",
shav_001_other,dlg,ReplyList/3/Text,0,-1,"""You should be ashamed of what you've done.""",
shav_001_other,dlg,ReplyList/4/Text,0,-1,"""You've stopped listening, haven't you?""",
shav_001_other,dlg,ReplyList/5/Text,0,-1,[Attack],
shav_001_other,dlg,ReplyList/6/Text,0,-1,"""You're going to...""",
shav_001_other,dlg,ReplyList/7/Text,0,-1,"""I've come...""",
shav_001_other,dlg,ReplyList/8/Text,0,-1,Next,
shav_001_other,dlg,ReplyList/9/Text,0,-1,Next,
shav_002,dlg,EntryList/0/Text,0,-1,"""What part of 'leave me be' don't you get?""",
shav_002,dlg,EntryList/1/Text,0,-1,"""Nnn.""",
shav_002,dlg,EntryList/2/Text,0,-1,"""See that you do.""",
shav_002,dlg,EntryList/3/Text,0,-1,"""You been to the fight pits here, you've seen me. Now scram and let me drink in peace. I'm too tired for questions.""",
shav_002,dlg,EntryList/4/Text,0,-1,"""No. I'll buy my own damn drinks. You're lucky I'm too tired to beat your ass. Now go away before I get my second wind and beat you with a barstool.""",
shav_002,dlg,EntryList/5/Text,0,-1,"""You wanna know who I am, buy a ticket to the fights. Otherwise, get lost.""",
shav_002,dlg,ReplyList/0/Text,0,-1,"""I'll leave you be.""",
shav_002,dlg,ReplyList/1/Text,0,-1,End Conversation,
shav_002,dlg,ReplyList/2/Text,0,-1,"""Haven't I seen you somewhere before?""",
shav_002,dlg,ReplyList/3/Text,0,-1,End Conversation,
shav_002,dlg,ReplyList/4/Text,0,-1,"""Buy you a drink?""",
shav_002,dlg,ReplyList/5/Text,0,-1,End Conversation,
shav_002,dlg,ReplyList/6/Text,0,-1,"""Hello. Who are you?""",
shav_002,dlg,ReplyList/7/Text,0,-1,End Conversation,
shyl_001,dlg,EntryList/0/Text,0,-1,The intimidating individual in the black suit of armor before you radiates violence. Looking at them creates a feeling within you akin to looking over the side of a cliff: you want to back away. ,
skylar_001,dlg,EntryList/0/Text,0,-1,"""In need of a merc? I got a strong right hook. And a stronger sword. Just say the word.""",
skylar_001,dlg,EntryList/1/Text,0,-1," ""So, looking to hire? It's 50 gp a week.""",
skylar_001,dlg,EntryList/10/Text,0,-1,"""Sure thing. Shall we?""",
skylar_001,dlg,EntryList/11/Text,0,-1," *shrugs* ""Suit yourself. Good luck.""",
skylar_001,dlg,EntryList/2/Text,0,-1,"""Suit yourself. You ever need a better breed of fighter, you come find me. I'll be here.""",
skylar_001,dlg,EntryList/3/Text,0,-1,"""Too bad. Come back if you find the funds.""",
skylar_001,dlg,EntryList/4/Text,0,-1,"""Suit yourself. You ever need someone to stand between you and those that want you dead, you come find me.""",
skylar_001,dlg,EntryList/5/Text,0,-1,"""Great. Then let's get moving.""",
skylar_001,dlg,EntryList/6/Text,0,-1,"""It's pretty simple. I'm a big strong lass with a big strong sword. You need protection, I'm your woman. Need someone killed -- well, I can do that too, so long as it's within the bounds of the law, mind.""",
skylar_001,dlg,EntryList/7/Text,0,-1,"""What do you need?""",
skylar_001,dlg,EntryList/8/Text,0,-1,"""Sure thing. Lead on, boss.""",
skylar_001,dlg,EntryList/9/Text,0,-1," ""You sure? You paid for a week.""",
skylar_001,dlg,ReplyList/0/Text,0,-1,Next,
skylar_001,dlg,ReplyList/1/Text,0,-1,"""I don't really have room to bring on more companions.""",
skylar_001,dlg,ReplyList/10/Text,0,-1,Next,
skylar_001,dlg,ReplyList/11/Text,0,-1,"""Actually, never mind.""",
skylar_001,dlg,ReplyList/12/Text,0,-1,End Conversation,
skylar_001,dlg,ReplyList/13/Text,0,-1,"""I think we should part ways, I've no more need for you.""
",
skylar_001,dlg,ReplyList/14/Text,0,-1,"""Actually, never mind.""",
skylar_001,dlg,ReplyList/15/Text,0,-1,End Conversation,
skylar_001,dlg,ReplyList/16/Text,0,-1,"""Yes, I'm sure. Farewell.""",
skylar_001,dlg,ReplyList/17/Text,0,-1,End Conversation,
skylar_001,dlg,ReplyList/2/Text,0,-1,End Conversation,
skylar_001,dlg,ReplyList/3/Text,0,-1,"""I can't afford that, sorry.""",
skylar_001,dlg,ReplyList/4/Text,0,-1,End Conversation,
skylar_001,dlg,ReplyList/5/Text,0,-1,"""No thanks.""",
skylar_001,dlg,ReplyList/6/Text,0,-1,End Conversation,
skylar_001,dlg,ReplyList/7/Text,0,-1,"""You're hired.""",
skylar_001,dlg,ReplyList/8/Text,0,-1,End Conversation,
skylar_001,dlg,ReplyList/9/Text,0,-1,"""What is it you do?""",
slave_001,dlg,EntryList/0/Text,0,-1,"""...""",
slave_001,dlg,EntryList/1/Text,0,-1,"""Thank you... thank you so much.""",
slave_001,dlg,EntryList/2/Text,0,-1,"""Oh gods...""",
slave_001,dlg,EntryList/3/Text,0,-1,"""This barmy was... cutting something out of us.... I don't even remember it being put in. I'm right glad you put her in the dead book. *spits*""",
slave_001,dlg,EntryList/4/Text,0,-1,"""I... I think so. It was horrible, but I... I think I can make it out of here.""",
slave_001,dlg,ReplyList/0/Text,0,-1,"""Stay here. The authorities will be here soon.""",
slave_001,dlg,ReplyList/1/Text,0,-1,End Conversation,
slave_001,dlg,ReplyList/2/Text,0,-1,"""Go find a healer... a *real* healer, to help you out.""",
slave_001,dlg,ReplyList/3/Text,0,-1,"""Get out of here.""",
slave_001,dlg,ReplyList/4/Text,0,-1,"""What was going on here?""",
slave_001,dlg,ReplyList/5/Text,0,-1,Next,
slave_001,dlg,ReplyList/6/Text,0,-1,"""Are you alright?""",
slave_001,dlg,ReplyList/7/Text,0,-1,Next,
slave_002,dlg,EntryList/0/Text,0,-1,"""Uh... ugh...""",
slave_002,dlg,EntryList/1/Text,0,-1,*wimpers*,
slave_002,dlg,EntryList/2/Text,0,-1,"""I... don't... ugh...""",
slave_002,dlg,EntryList/3/Text,0,-1,"""...um... yes.""",
slave_002,dlg,EntryList/4/Text,0,-1,"""....I... no. I can't.""",
slave_002,dlg,EntryList/5/Text,0,-1,"""I can still feel it in me... like a lump in my stomach... in the heel of my foot...""",
slave_002,dlg,ReplyList/0/Text,0,-1,End Conversation,
slave_002,dlg,ReplyList/1/Text,0,-1,"""Stay here. The authorities will be here soon.""",
slave_002,dlg,ReplyList/2/Text,0,-1,End Conversation,
slave_002,dlg,ReplyList/3/Text,0,-1,"""Go find some help.""",
slave_002,dlg,ReplyList/4/Text,0,-1,"""Get out of here.""",
slave_002,dlg,ReplyList/5/Text,0,-1,"""What was going on here?""",
slave_002,dlg,ReplyList/6/Text,0,-1,Next,
slave_002,dlg,ReplyList/7/Text,0,-1,"""Are you going to be okay?""",
slave_002,dlg,ReplyList/8/Text,0,-1,Next,
slave_003,dlg,EntryList/0/Text,0,-1,"On a closer look at the corpses, it seems that they were all in various stages of surgery. It looks like packages of the materials to make worldwine were placed inside their bodies to be smuggled into the city. ",
slave_003,dlg,EntryList/1/Text,0,-1,Aladara was in the middle of performing several surgeries at once using a combination of practical techniques and healing magic. You note that no pain killing herbs or medicine seem to be present.,
slave_003,dlg,ReplyList/0/Text,0,-1,Next,
slavg_001,dlg,EntryList/0/Text,0,-1,"""Oi! What do you think yer doin', huh? Ya can't go any farther, cutter, unless you wanna end up hurt.""",
slavg_001,dlg,EntryList/1/Text,0,-1,"""Ain't yer pig, ain't yer farm, berk.""",
slavg_001,dlg,EntryList/2/Text,0,-1,"[Failure] ""The Abyss's anus ya do. We know who does and who doesn't. Go on and get, berk.""
",
slavg_001,dlg,ReplyList/0/Text,0,-1,"""Oh, I think I can."" [Attack]",
slavg_001,dlg,ReplyList/1/Text,0,-1,"""Oh, sorry, I'll be leaving.""",
slavg_001,dlg,ReplyList/2/Text,0,-1,"""Why not?""",
slavg_001,dlg,ReplyList/3/Text,0,-1,"[Persuade] ""Oh, I have business inside.""",
smktbartender001,dlg,EntryList/0/Text,0,-1,"""What can I get you?""",
smktbartender001,dlg,ReplyList/0/Text,0,-1,"""Nothing, thanks.""",
smktbartender001,dlg,ReplyList/1/Text,0,-1,"""What do you have?""",
store_gear,dlg,EntryList/0/Text,0,-1,"""Welcome to my shop. Would you like to see my wares?""",
store_gear,dlg,ReplyList/0/Text,0,-1,"""No, thanks.""",
store_gear,dlg,ReplyList/1/Text,0,-1,"""Yes. I'd like to see what you have for sale.""",
store_gems,dlg,EntryList/0/Text,0,-1,"""Welcome to my shop. Would you like to see my wares?""",
store_gems,dlg,ReplyList/0/Text,0,-1,"""No, thanks.""",
store_gems,dlg,ReplyList/1/Text,0,-1,"""Yes. I'd like to see what you have for sale.""",
store_junk,dlg,EntryList/0/Text,0,-1,"""Welcome to my shop. Would you like to see my wares?""",
store_junk,dlg,ReplyList/0/Text,0,-1,"""No, thanks.""",
store_junk,dlg,ReplyList/1/Text,0,-1,"""Yes. I'd like to see what you have for sale.""",
tag_001,dlg,EntryList/0/Text,0,-1,"""So, worldwine, right? On first glance, it's addictive, terrible, and can ruin lives... I want to be clear that I feel like it needs to be taken off the street and out of the hands of the populace. But, BUT, what about its other effects? The right people could exploit those and use them FOR the people, yeah?""",
tag_001,dlg,EntryList/1/Text,0,-1,"""I mean, it puts you in this dreamlike state right? The magic in it puts you half asleep and half awake, IF you take it when you're up.""",
tag_001,dlg,EntryList/10/Text,0,-1,"""Any excuse for more control in the guise of safety, to get us closer to our 'allies' in Avernus. This wouldn't be the smart play for us anyway because we're already the scapegoat for everything.""",
tag_001,dlg,EntryList/11/Text,0,-1,"""Looks like the Vice Admiral is getting the whole lot, too. Gonna have to sell off most of it, I bet... Heard he was a good guy, as far as nobles go, but I wouldn't count on him staying that way if he's forced out of his military position and into court. Power corrupts and all that.""
",
tag_001,dlg,EntryList/12/Text,0,-1,"""Puts him closer to the devils, too. That's their whole job, to corrupt and tempt. *shudders* Glad I haven't seen too many...""",
tag_001,dlg,EntryList/13/Text,0,-1,"""They're pure evil, or close to. That... that seems like dangerous thinking, if you don't mind my saying. Anyway, I'll see you around. I got some thinking to do myself.""
",
tag_001,dlg,EntryList/14/Text,0,-1,"""Yeah... I think I'll just stick to where I'm at. Take care of right here. This community. Sometimes it's all too big and you need to focus on the ground under your feet, ya know? Anyway, see ya around?""
",
tag_001,dlg,EntryList/15/Text,0,-1,"""The way I and a bunch of my friends peep it is that worldwine is an indication of a larger sickness. Like in the colder months when you start sneezing. You know that you're going to start feeling sick. You don't try to stop the sneezing, you try and get rest and drink soup or whatever gross unguent your grandmother told you works.""
",
tag_001,dlg,EntryList/16/Text,0,-1,"""Folks have a choice, I get that. But take it back to the body. If you're healthy and working right, you're less likely to get sick in the first place. Only dealing with the one thing you can *see* lets all the other problems fester. Gotta heal the body to get rid of the discomfort, ya know? And make no mistake, Furiae is sick.""
",
tag_001,dlg,EntryList/17/Text,0,-1,"""Devils walking the streets and having a direct hand in how we're ruled, nobles in the Teeth not even caring about the common folks, a clash of ideals between the different districts and even between Furiae and the rest of the Outlands... It's a mess. The more Furiae tries to resist change, the more things like this are gonna happen.""
",
tag_001,dlg,EntryList/18/Text,0,-1,"""It's why the civil war happened back with the Great Kingdom. I was too young to remember much, but my Ma told me all about it. Mark my words, once the worldwine thing gets sorted, something else will crop up unless we do something about it.""",
tag_001,dlg,EntryList/19/Text,0,-1," ""Oh, ya know. *wink* Folks. It always comes down to folks. See ya around, <FirstName>.""
",
tag_001,dlg,EntryList/2/Text,0,-1,"""But, if you take it when you're about to go to bed, well, sometimes it can give you some limited control over your dreams... And *whispers* some of my brethren found out that if you focus enough, you can even enter other people's dreams!""",
tag_001,dlg,EntryList/20/Text,0,-1," ""You know it. See you around, yeah?""",
tag_001,dlg,EntryList/21/Text,0,-1,"""Those in the Teeth have the biggest bite. Speak up too loud and bite they do. And they can bite lots of ways. Like a panther, slinking in the dark. They take away your business licence, your livelihood in a maze of paperwork and the guard shows up, polite as you please, to tell you you don't own this business any more.""",
tag_001,dlg,EntryList/22/Text,0,-1,"""They can bite like a dragon, all fury and fire. They can send the guard to come rough you up and burn your building to the ground. Or take your family away for 'sedition.' Maybe they bite like a snake, striking and sinking in its venom before you know what's happened.""
",
tag_001,dlg,EntryList/23/Text,0,-1,"""They put the word in the right ears and turn family and friends against you. You never know who's listening, so we all got to listen, you hear me?""",
tag_001,dlg,EntryList/24/Text,0,-1,"""Ha! I get that a lot. See you around, yeah?""
",
tag_001,dlg,EntryList/25/Text,0,-1,"""Alright, alright, alright. I'll see you around. We're all in this together.""",
tag_001,dlg,EntryList/26/Text,0,-1,"""Gotta be. Gotta be. It's all about connections around here. Keep your eyes open and your ears peeled! Wait, no... keep your peeled eyes in your open... no. Yeah, just paying attention. All about getting to know the community, cause what is a city if not a community, even if some don't think that way, am I right?""",
tag_001,dlg,EntryList/27/Text,0,-1,"""Shame, a dang shame you think that way, but you keep on keeping on. Just don't become part of the problem that needs to be solved.""
",
tag_001,dlg,EntryList/28/Text,0,-1,"""Let's say I am. Here, I probably shouldn't give this to you, and don't ask me where I got it, but if you don't get the word out there, then no one can listen."" ",
tag_001,dlg,EntryList/29/Text,0,-1,"""Don't forget us little people out here, yeah?""
",
tag_001,dlg,EntryList/3/Text,0,-1,"""Wild, right? So some of my brethren have been using it to coordinate with each other in a way that can't be tracked! Devils and magic can snag magic messages, sure. Also, magical communication is expensive, but with worldwine? Ho HO! Yeah. I mean, we have to use it in controlled, limited ways, of course. It's still really addictive!""
",
tag_001,dlg,EntryList/30/Text,0,-1,"""Hey <FirstName>! I wanted to ask you something, and your answer doesn't go past me, swear to the gods, but all this stuff I'm reading about how the worldwine operation is getting taken down, that's you, right?""
",
tag_001,dlg,EntryList/31/Text,0,-1,"""Well, that's a 'yes' if I ever heard one. Don't worry, my lips are sealed. It's just that... well... I wanted to ask you if you think worldwine is all bad.""",
tag_001,dlg,EntryList/32/Text,0,-1,"""Yeah, okay. Good. It's important to have that open mind."" 
",
tag_001,dlg,EntryList/33/Text,0,-1,"""Yeah, I thought you might think that way. But, ya know, maybe consider looking at it different?""",
tag_001,dlg,EntryList/34/Text,0,-1,"""Yeah, fair enough.""",
tag_001,dlg,EntryList/35/Text,0,-1,"""I hope you can figure this out... the right way.""
",
tag_001,dlg,EntryList/36/Text,0,-1,"*quickly folds up a wrinkled newssheet* ""Hey <FirstName>, you hear about these murders in the Teeth? The Coranos? Looks like living in the Teeth can get you bit!""",
tag_001,dlg,EntryList/37/Text,0,-1,"""Well, I dunno. Only so many teeth jokes you can make, I guess. Still, a whole family. Brutal, yeah?""",
tag_001,dlg,EntryList/38/Text,0,-1,"""Yeah. I mean, the whole family like that? Here, get some truth in your eyes. You didn't get it from me, ya hear?"" 
",
tag_001,dlg,EntryList/39/Text,0,-1,"""Does it, though?""",
tag_001,dlg,EntryList/4/Text,0,-1," ""Also, ya know, worldwine is poisonous, maybe even deadly to outsiders. That really gives us primes an edge against forces like the devils that can otherwise bathe in toxins and feel just fine -- maybe even refreshed. They wouldn't expect that kind of strike against them. I mean, worldwine might be the key to freeing this whole city from their grip!""
",
tag_001,dlg,EntryList/40/Text,0,-1,"""Yeah. Go do what you need to. Keep your eyes peeled.""",
tag_001,dlg,EntryList/41/Text,0,-1,"""Good luck, buddy. I'll be watching out for you.""",
tag_001,dlg,EntryList/42/Text,0,-1,"""Hey hey hey! If it isn't... you! Wait... wait... don't tell me... <FirstName>, right? Ha! Got it in one!""
",
tag_001,dlg,EntryList/43/Text,0,-1,"""Good to be seen, except when it isn't, ya know? Plenty of folks here with their eyes closed. Makes me a bit sad, seeing folks riding worldwine.""
",
tag_001,dlg,EntryList/44/Text,0,-1,"""Hm. I suppose so. Seems a symptom of a larger cause though, ya know? And it is causing real harm...""",
tag_001,dlg,EntryList/45/Text,0,-1," ""Yeah... yeah. Step back and take the long view and you see that we're all part of one big body here in the city. Here, got another one for ya. Put your eyes on that.""",
tag_001,dlg,EntryList/46/Text,0,-1,"""I can see how someone might see it that way, but I try and take the long view, ya know? Who knows when and if we'll get drawn somewhere else, maybe? Gotta take the long view.""
",
tag_001,dlg,EntryList/47/Text,0,-1,"""No worries. You worry about you. I'll be here. Eyes open.""",
tag_001,dlg,EntryList/48/Text,0,-1,"""Keep your eyes open out there."" ",
tag_001,dlg,EntryList/49/Text,0,-1,"""Hey, hey. Name's Tag. Nice to meetcha.""
",
tag_001,dlg,EntryList/5/Text,0,-1,"""...If we could figure out how to make it. None of our wizards, sorcerers, or priests have been able to figure it out. It's tricky, from what I understand. They don't tell me much, but I'm always listening. So, ya know, maybe consider this kind of stuff as you stride boldly forward, or whatever, yeah?""
",
tag_001,dlg,EntryList/50/Text,0,-1,"""Hey brethren. Nice ring. You got a name? Mine's Tag."" 
",
tag_001,dlg,EntryList/6/Text,0,-1,"""Well, then let's hope your moral compass is all tuned up, yeah? Good luck out there, yeah?""
",
tag_001,dlg,EntryList/7/Text,0,-1,"""That's all I can ask, really. You take care, and good luck.""
",
tag_001,dlg,EntryList/8/Text,0,-1,"""I'm all for change, but that seems a bit extreme... I dunno. Some of my... uh... brethren think it's great, but there were kids there, ya know? And before you ask, they didn't have anything to do with it. Fighting is necessary sometimes, ya know, but not murder. Not kids.""
",
tag_001,dlg,EntryList/9/Text,0,-1,"""I mean, I've heard some folks talk like this, but it wasn't any of us. Every group has its extremists, right? Even the Factions have their good and their bad. But this isn't the way. If anything, this will cause the city to come down harder.""",
tag_001,dlg,ReplyList/0/Text,0,-1,Next,
tag_001,dlg,ReplyList/1/Text,0,-1,Next,
tag_001,dlg,ReplyList/10/Text,0,-1,Next,
tag_001,dlg,ReplyList/11/Text,0,-1,Next,
tag_001,dlg,ReplyList/12/Text,0,-1,"""They're creatures, just like any other.""
",
tag_001,dlg,ReplyList/13/Text,0,-1,"""I... wouldn't recommend it.""",
tag_001,dlg,ReplyList/14/Text,0,-1,End Conversation ,
tag_001,dlg,ReplyList/15/Text,0,-1,Next,
tag_001,dlg,ReplyList/16/Text,0,-1,Next,
tag_001,dlg,ReplyList/17/Text,0,-1,Next,
tag_001,dlg,ReplyList/18/Text,0,-1,"""Who's this 'we'?""",
tag_001,dlg,ReplyList/19/Text,0,-1,"""I'm sure there are folks out there fighting the good fight, Tag.""",
tag_001,dlg,ReplyList/2/Text,0,-1,Next,
tag_001,dlg,ReplyList/20/Text,0,-1,"End Conversation 
",
tag_001,dlg,ReplyList/21/Text,0,-1,Next,
tag_001,dlg,ReplyList/22/Text,0,-1,Next,
tag_001,dlg,ReplyList/23/Text,0,-1,"""I can't help, but hear you.""
",
tag_001,dlg,ReplyList/24/Text,0,-1,End Conversation ,
tag_001,dlg,ReplyList/25/Text,0,-1,"""I hear you, but I have to run.""",
tag_001,dlg,ReplyList/26/Text,0,-1,"""No. A city is a collection of laws and rules keeping people in line and safe. Everyone is generally out for themselves.""
",
tag_001,dlg,ReplyList/27/Text,0,-1,Next,
tag_001,dlg,ReplyList/28/Text,0,-1,"""Let's just say you are. We all have to stick together. If only for safety.""",
tag_001,dlg,ReplyList/29/Text,0,-1,Next,
tag_001,dlg,ReplyList/3/Text,0,-1,Next,
tag_001,dlg,ReplyList/30/Text,0,-1,"""Might be, why?""",
tag_001,dlg,ReplyList/31/Text,0,-1,"""I wouldn't say it's *inherently* bad. It... has its uses.""
",
tag_001,dlg,ReplyList/32/Text,0,-1,Next,
tag_001,dlg,ReplyList/33/Text,0,-1,"""Absolutely. It's a plague on this city and needs to be ended, one way or the other.""
",
tag_001,dlg,ReplyList/34/Text,0,-1,Next,
tag_001,dlg,ReplyList/35/Text,0,-1,"""Uh... I gotta go.""",
tag_001,dlg,ReplyList/36/Text,0,-1,End Conversation,
tag_001,dlg,ReplyList/37/Text,0,-1,"""You've said something like that before.""
",
tag_001,dlg,ReplyList/38/Text,0,-1,"""Yeah... It's terrible.""",
tag_001,dlg,ReplyList/39/Text,0,-1,Next,
tag_001,dlg,ReplyList/4/Text,0,-1,Next,
tag_001,dlg,ReplyList/40/Text,0,-1,"""Serves 'em right.""
",
tag_001,dlg,ReplyList/41/Text,0,-1,Next,
tag_001,dlg,ReplyList/42/Text,0,-1,"""Sorry, I gotta run, Tag.""",
tag_001,dlg,ReplyList/43/Text,0,-1,End Conversation,
tag_001,dlg,ReplyList/44/Text,0,-1,"""Good to see you Tag.""",
tag_001,dlg,ReplyList/45/Text,0,-1,"""Who can blame them? I'd take any escape from this cursed city, too.""",
tag_001,dlg,ReplyList/46/Text,0,-1,Next,
tag_001,dlg,ReplyList/47/Text,0,-1,"""It's sad in its way, like the city itself is sick.""",
tag_001,dlg,ReplyList/48/Text,0,-1,Next,
tag_001,dlg,ReplyList/49/Text,0,-1,"""It's disgusting, but they make their choices.""",
tag_001,dlg,ReplyList/5/Text,0,-1,"""I'll do what I feel is best, Tag.""",
tag_001,dlg,ReplyList/50/Text,0,-1,Next,
tag_001,dlg,ReplyList/51/Text,0,-1,"""Sorry, no time. Things to do.""",
tag_001,dlg,ReplyList/52/Text,0,-1,End Conversation,
tag_001,dlg,ReplyList/53/Text,0,-1,"""<FirstName>. Well, aren't you friendly?""",
tag_001,dlg,ReplyList/54/Text,0,-1,"""Yeah, I don't have the time for you."" ",
tag_001,dlg,ReplyList/55/Text,0,-1,"""<FirstName>. Well, aren't you friendly?""",
tag_001,dlg,ReplyList/56/Text,0,-1,"""Yeah, I don't have the time for you."" ",
tag_001,dlg,ReplyList/6/Text,0,-1,"""I'll think about it.""",
tag_001,dlg,ReplyList/7/Text,0,-1,End Conversation,
tag_001,dlg,ReplyList/8/Text,0,-1,Next,
tag_001,dlg,ReplyList/9/Text,0,-1,Next,
tedd_003,dlg,EntryList/0/Text,0,-1,"""I must insist you not disturb her meditations. Even *I'm* not allowed downstairs. It's her private area and she is in the middle of her spiritual rites.""",
tedd_003,dlg,EntryList/1/Text,0,-1,End Conversation,
tedd_003,dlg,EntryList/2/Text,0,-1,"""I must insist you stand back and keep your voice down. You might disturb the lady!""",
tedd_003,dlg,EntryList/3/Text,0,-1,"""I'm sorry, but no.""",
tedd_003,dlg,ReplyList/0/Text,0,-1,[Attack],
tedd_003,dlg,ReplyList/1/Text,0,-1,"""Out of the way!""",
tedd_003,dlg,ReplyList/2/Text,0,-1,There may be a way to distract him or sneak past.,
tedd_003,dlg,ReplyList/3/Text,0,-1,"""I need to speak with her.""",
tedd_003,dlg,ReplyList/4/Text,0,-1,There may be a way to distract him or sneak past.,
tedd_099,dlg,EntryList/0/Text,0,-1,"""How can I help you?""",
tedd_099,dlg,EntryList/1/Text,0,-1,"""Why? Is something... Oh gods, is something wrong?""",
tedd_099,dlg,EntryList/10/Text,0,-1,"""Hello again.""",
tedd_099,dlg,EntryList/11/Text,0,-1,"""Oh, hello. I'm in a bit of a hurry, but... um...""
",
tedd_099,dlg,EntryList/12/Text,0,-1,"""Oh, hello again. You were there in the Sea Markets when the warehouse went up. I'm in a bit of a hurry, but... um... "" ",
tedd_099,dlg,EntryList/13/Text,0,-1,"""Can I help you?"" ",
tedd_099,dlg,EntryList/14/Text,0,-1,"""Oh, this? I'm not sure. Could be anything, I'm sorry, I really must be going...""",
tedd_099,dlg,EntryList/15/Text,0,-1,"""Uh.. yes... just found out something that shook me is all. I'll be fine. Must be going.""",
tedd_099,dlg,EntryList/16/Text,0,-1,"""Oh... um... just doing some shopping and... uh... running errands. Chatting. I like chatting.""",
tedd_099,dlg,EntryList/17/Text,0,-1,"""Oh, just running an errand for my employer, the wonderful Aladara. She's the spiritual advisor to the Corano family. Did I mention that already? I'm sorry, I'm a little distracted. She's wonderful.""",
tedd_099,dlg,EntryList/18/Text,0,-1,"""Oh, just stewarding. You know, steward things.""",
tedd_099,dlg,EntryList/19/Text,0,-1,"""I... um... I think someone was murdered...?  That's why we have all these law types around. I don't mind the City Guard so much, but that devil being here makes me nervous. It must be pretty bad inside.""",
tedd_099,dlg,EntryList/2/Text,0,-1,"[Failure] ""I'll make you some tea then.""",
tedd_099,dlg,EntryList/20/Text,0,-1,"""Oh, my name is Teddy Hearthstoker, steward to Aladara, spiritualist and advisor to the Coranos noble family.""",
tedd_099,dlg,EntryList/21/Text,0,-1,"""Oh... oh no... I hope he's alright. Oh no...""",
tedd_099,dlg,EntryList/22/Text,0,-1,"""Oh... Um... I'm sorry. I don't know anything. I really need to go.""",
tedd_099,dlg,EntryList/23/Text,0,-1,"""Nothing, officer. I just really need to go. Sorry I couldn't be more help.""",
tedd_099,dlg,EntryList/24/Text,0,-1,"""Um, yes. I'm sure I don't know anything about it. ... I hope he's okay. Oh no.""",
tedd_099,dlg,EntryList/25/Text,0,-1,"""Um... I need to go. I'm sorry.""",
tedd_099,dlg,EntryList/26/Text,0,-1,"""Um... nothing. No one. I need to go. I'm sorry.""",
tedd_099,dlg,EntryList/27/Text,0,-1,"""Um, yes. Fine, just fine. I have to go.""",
tedd_099,dlg,EntryList/28/Text,0,-1,"""I'm sorry. I have places to be. I... I have to go. I'm sorry.""",
tedd_099,dlg,EntryList/29/Text,0,-1,"I'm sorry. I have places to be, I ... I have to go. I'm sorry.",
tedd_099,dlg,EntryList/3/Text,0,-1,"[Success] ""Oh... oh my. Alright, yes. I know of one. There is a bucket over there. I *just* cleaned, so do be careful. And don't go downstairs. I'll be right back!""",
tedd_099,dlg,EntryList/30/Text,0,-1,Debug Tests,
tedd_099,dlg,EntryList/4/Text,0,-1,"[Failure] ""Oh, no, I'm really sorry, she said absolutely no one should be let in... As long as I'm here I won't let anyone in!""
",
tedd_099,dlg,EntryList/5/Text,0,-1,"[Success] ""Oh! Are... are you sure? I... I suppose you can go down then...""",
tedd_099,dlg,EntryList/6/Text,0,-1,"""If you're asking if she is single, I don't know. I don't ask about her personal life. That would be rude.""",
tedd_099,dlg,EntryList/7/Text,0,-1,"""Downstairs in the middle of her meditations. She is not to be disturbed.""",
tedd_099,dlg,EntryList/8/Text,0,-1,"""Hello.""",
tedd_099,dlg,EntryList/9/Text,0,-1,"""Have you come to make an appointment with Aladara the Dreamer, spiritual advisor to the Coranos? Ah -- formerly. Such a tragedy there. Anyway. My lady of visions isn't seeing anyone right now. She is deep in meditations. Walking the dreams, she calls it. So poetic. Anyway, would you like to make an appointment?""",
tedd_099,dlg,ReplyList/0/Text,0,-1,"""Never mind.""",
tedd_099,dlg,ReplyList/1/Text,0,-1,"""I'm so sorry...""",
tedd_099,dlg,ReplyList/10/Text,0,-1,Next,
tedd_099,dlg,ReplyList/11/Text,0,-1,"""Where is Aladara right now? I need to speak with her.""",
tedd_099,dlg,ReplyList/12/Text,0,-1,Next,
tedd_099,dlg,ReplyList/13/Text,0,-1,Next,
tedd_099,dlg,ReplyList/14/Text,0,-1,Next,
tedd_099,dlg,ReplyList/15/Text,0,-1,Next,
tedd_099,dlg,ReplyList/16/Text,0,-1,Next,
tedd_099,dlg,ReplyList/17/Text,0,-1,Next,
tedd_099,dlg,ReplyList/18/Text,0,-1,"""Thank you for your time.""",
tedd_099,dlg,ReplyList/19/Text,0,-1,"""Nevermind.""",
tedd_099,dlg,ReplyList/2/Text,0,-1,End Conversation,
tedd_099,dlg,ReplyList/20/Text,0,-1,"""What's in the package?""",
tedd_099,dlg,ReplyList/21/Text,0,-1,"""Very well.""",
tedd_099,dlg,ReplyList/22/Text,0,-1,"""Are you alright?""",
tedd_099,dlg,ReplyList/23/Text,0,-1,"""What were you doing at the Sea Markets when the warehouse went up?""",
tedd_099,dlg,ReplyList/24/Text,0,-1,Next,
tedd_099,dlg,ReplyList/25/Text,0,-1,"""What's your business here?""",
tedd_099,dlg,ReplyList/26/Text,0,-1,"""What are you doing here?""",
tedd_099,dlg,ReplyList/27/Text,0,-1,"""Noted.""",
tedd_099,dlg,ReplyList/28/Text,0,-1,"""What's the errand?""",
tedd_099,dlg,ReplyList/29/Text,0,-1,Next,
tedd_099,dlg,ReplyList/3/Text,0,-1,"[Lie] *clutch stomach* ""I'm not feeling very well. Here, take this coin and go buy me some medicine. I think I saw an apothecary close by. Hurry!""",
tedd_099,dlg,ReplyList/30/Text,0,-1,"""Do you know what happened here?""",
tedd_099,dlg,ReplyList/31/Text,0,-1,Next,
tedd_099,dlg,ReplyList/32/Text,0,-1,"""Sorry, who are you again?""",
tedd_099,dlg,ReplyList/33/Text,0,-1,"""Sorry, who are you?""",
tedd_099,dlg,ReplyList/34/Text,0,-1,Next,
tedd_099,dlg,ReplyList/35/Text,0,-1,"""I'm taking statements on what happened here.""",
tedd_099,dlg,ReplyList/36/Text,0,-1,"""What's the hurry?""",
tedd_099,dlg,ReplyList/37/Text,0,-1,"""I was wondering if I could ask you about the explosion.""",
tedd_099,dlg,ReplyList/38/Text,0,-1,"""I'm sure he's alright.""",
tedd_099,dlg,ReplyList/39/Text,0,-1,"""You hope who's okay?""",
tedd_099,dlg,ReplyList/4/Text,0,-1,End Conversation,
tedd_099,dlg,ReplyList/40/Text,0,-1,"""Are you alright?""",
tedd_099,dlg,ReplyList/41/Text,0,-1,"""What's the hurry?""",
tedd_099,dlg,ReplyList/42/Text,0,-1,End Conversation,
tedd_099,dlg,ReplyList/43/Text,0,-1,End Conversation,
tedd_099,dlg,ReplyList/44/Text,0,-1,Next,
tedd_099,dlg,ReplyList/5/Text,0,-1,End Conversation,
tedd_099,dlg,ReplyList/6/Text,0,-1,"[Lie] ""I have extremely important news for your mistress. About the spirit world. She actually summoned me here in her meditation. Trust me, she'll want to see me.""",
tedd_099,dlg,ReplyList/7/Text,0,-1,Next,
tedd_099,dlg,ReplyList/8/Text,0,-1,End Conversation,
tedd_099,dlg,ReplyList/9/Text,0,-1,"""Do you know if Aladara is up to anything?""",
tele_001,dlg,EntryList/0/Text,0,-1,"""What'll it be?""",
tele_001,dlg,EntryList/1/Text,0,-1,"""Back for more, huh? You know how it goes, clink for drink.""",
tele_001,dlg,EntryList/10/Text,0,-1,"[Failure] ""Teleth also knows when to shut his mouth.""",
tele_001,dlg,EntryList/11/Text,0,-1,"""What in the... I don't know you. Baatezu's backside, <Race>. What makes you think I'll just out and tell you that?""",
tele_001,dlg,EntryList/12/Text,0,-1,"[Success] ""Ah... Then you'll be looking for a woman, all done up in leather armor most like, named Harasi. She's been around here recently. Got a place I think, couple alleys over. Remember, Teleth sent you. That's Teleth, with a 'T.'""",
tele_001,dlg,EntryList/13/Text,0,-1,"[Success] ""Well, you might want to look on down to the Rooster's Roost. I heard tell there might be something there to help you out. You tell them Teleth sent you, yeah?""",
tele_001,dlg,EntryList/14/Text,0,-1,"[Failure] ""Well, if you've so much coin on you, you can share some with Teleth, yeah?""",
tele_001,dlg,EntryList/15/Text,0,-1,"""Low Guard, huh? You might have noticed a severe lack of your buddies around here. No one is going to miss you.""",
tele_001,dlg,EntryList/16/Text,0,-1,"""Oh, you think you're tough do ya? Well, Teleth is as hard as the cobbles in the street!""",
tele_001,dlg,EntryList/17/Text,0,-1,"""Then let's talk. I've got some of that dreaming drink right here...Makes life here a bit easier when you can just drift for a while.""",
tele_001,dlg,EntryList/18/Text,0,-1," ""You look like you need something, friend.""",
tele_001,dlg,EntryList/2/Text,0,-1,"""First time, huh? No one comes out and says 'I want to buy some worldwine.' Sheesh. You really need this stuff to loosen up. Alright, I've got the goods here. Forty silver.""
",
tele_001,dlg,EntryList/3/Text,0,-1,"""You let me know when you make up your mind, yeah?""",
tele_001,dlg,EntryList/4/Text,0,-1,"""Name's Teleth, best worldwine on the street, ask anyone. I know how to get the best stuff, cause Teleth has the gift of gab, he does.""",
tele_001,dlg,EntryList/5/Text,0,-1,"[Success] ""You bet, I do. I talk directly to *Harasi.* She heads the whole thing, see. Has an apartment around here, you know. I seen it. We go way back. Well, her and I might not talk... but I know someone who knows her so I go right to...""",
tele_001,dlg,EntryList/6/Text,0,-1,"[Success] ""You bet, I do. I walk right on down to the Rooster's Roost and talk right to *Harasi.* She heads the whole thing, see. We go way back. Well, her and I might not talk... but I know someone who knows her so I go right to...""",
tele_001,dlg,EntryList/7/Text,0,-1," ""Hey! Nobody interrupts Teleth!""",
tele_001,dlg,EntryList/8/Text,0,-1,"*ten minutes pass* ""...and that's how Teleth got himself a bunny.""",
tele_001,dlg,EntryList/9/Text,0,-1,"""No problem... what were we talking about?""",
tele_001,dlg,ReplyList/0/Text,0,-1,"""You know what? Never mind.""",
tele_001,dlg,ReplyList/1/Text,0,-1,"""I want to buy some worldwine.""",
tele_001,dlg,ReplyList/10/Text,0,-1,End Conversation,
tele_001,dlg,ReplyList/11/Text,0,-1,"""I'd like to ask something else.""",
tele_001,dlg,ReplyList/12/Text,0,-1,"""Where does worldwine come from?""",
tele_001,dlg,ReplyList/13/Text,0,-1,"[Lie] ""I'm an... 'investor,' shall we say, looking to help support the operation. I've got the funds and just think how grateful your employers will be when they hear you helped them make a lot of coin? I'd certainly be grateful.""",
tele_001,dlg,ReplyList/14/Text,0,-1,"[Show Badge] ""Because if you don't, I'll haul you right in.""
",
tele_001,dlg,ReplyList/15/Text,0,-1,"""Because I'll kill you if you don't.""",
tele_001,dlg,ReplyList/16/Text,0,-1,Next,
tele_001,dlg,ReplyList/17/Text,0,-1,"""Never mind.""",
tele_001,dlg,ReplyList/18/Text,0,-1,"""I'm having a problem with nightmares.""",
tele_001,dlg,ReplyList/19/Text,0,-1,"[Flash some gold] ""Maybe you can help me.""",
tele_001,dlg,ReplyList/2/Text,0,-1,"""I changed my mind.""",
tele_001,dlg,ReplyList/3/Text,0,-1,Next,
tele_001,dlg,ReplyList/4/Text,0,-1,"""Done.""
",
tele_001,dlg,ReplyList/5/Text,0,-1,"""Who are you?""",
tele_001,dlg,ReplyList/6/Text,0,-1,"[Persuade] ""Oh, for sure. You must know *just* who to talk to for the best stuff.""",
tele_001,dlg,ReplyList/7/Text,0,-1,"""Okay, I've heard enough.""",
tele_001,dlg,ReplyList/8/Text,0,-1,Listen patiently.,
tele_001,dlg,ReplyList/9/Text,0,-1,"""Well, this has been a time. Thank you.""",
tera_001,dlg,EntryList/0/Text,0,-1,"""Yeah, well, this is *cough* nothing to what I'll look like later. Sounded like they're going to trot me out to Exsanguination Square once they're done with their blasted paperwork. The Fraternity of Order must clear cut *cough* whole forests with the amount of damn paperwork they go through.""",
tera_001,dlg,EntryList/1/Text,0,-1,"""Ah, stuff yer law. Believing in that law got me here. Thought I was all covered and safe, but their fear *cough* made them deaf to the law that was supposed to protect me. Powers damn noble. So you take that law talk right out of here and leave me to my fate.""",
tera_001,dlg,EntryList/10/Text,0,-1,"""Guard caught me breaking into one of the warehouses down at the docks, threw me in here. The noble who hired me said it was all perfectly legal business crime. Papers were all taken care of. Said they'd look out for me. *cough* Where are they now. Huh?""",
tera_001,dlg,EntryList/11/Text,0,-1,"""*cough* Let that be a lesson for you. Always get a copy of the contract.""",
tera_001,dlg,EntryList/12/Text,0,-1,"""Tarana Clank, sneakthief extraordinaire. *cough* Well, less extraordinaire, what with the broken bones and all.""",
tera_001,dlg,EntryList/13/Text,0,-1,"""Nice ta meetcha.""",
tera_001,dlg,EntryList/14/Text,0,-1,"""So, who are you?""",
tera_001,dlg,EntryList/15/Text,0,-1,"""Sure. Fine. But you're not going to get any more information out of me than the professional did, I promise you that.""",
tera_001,dlg,EntryList/16/Text,0,-1,"""Terana. Terana Clank. It's nice to talk to someone not actively beating on me.""
",
tera_001,dlg,EntryList/17/Text,0,-1,"""As well as I can be after several rounds of torture. The Guard beat me pretty good.""",
tera_001,dlg,EntryList/18/Text,0,-1,"""Hello? Is someone there?""",
tera_001,dlg,EntryList/19/Text,0,-1,"""Well *cough* aren't you a charmer?""",
tera_001,dlg,EntryList/2/Text,0,-1,"""Yeah, me too. Now go on. Get. I made my peace and you seem like the type with important things to do. *cough* Thanks for chattin'.""",
tera_001,dlg,EntryList/20/Text,0,-1,"""Hi."" *cough*",
tera_001,dlg,EntryList/3/Text,0,-1," ""That's sweet, but unless you wanna fight through all of the guard AND carry my broken keister out of here, I don't think that's an option. You should get out of here. I've rolled my dice and made my peace.""",
tera_001,dlg,EntryList/4/Text,0,-1,"""I think I get yer meaning... and yeah... *cough* You get me. Tell you what, if you can get me some of that worldwine, I could work with that. *cough* They might want me gone, but I won't let them take me. *cough, cough* I'll go my way. I hope you're not all lip service. I want to make this choice. Ain't the dying I'm scared of. It's the pain.""",
tera_001,dlg,EntryList/5/Text,0,-1,"""You... don't offer hope when you can't give it. *cough* Get. Out. How dare you make my last moments this much more *cough* miserable... how dare you..."" *sobs*",
tera_001,dlg,EntryList/6/Text,0,-1,"""*cough* I can't thank you enough. Now get out of here. *cough cough* I want... I need to be alone.""
",
tera_001,dlg,EntryList/7/Text,0,-1,"""Ask your questions. I'm not going anywhere.""",
tera_001,dlg,EntryList/8/Text,0,-1,"""Yeah, they picked me up for breaking and entering, but started laying into me convinced that I was one of the revolutionaries stirring things up. *cough* """,
tera_001,dlg,EntryList/9/Text,0,-1,"""Tried to make me give up my 'comrades and chaosmen.' No comrades to give up, and *chaosmen*? *Chaosfolk* more like. It's the planes. *cough* They got words for things we haven't even thought of yet. Hell, I saw a flaming wheel of eyes one time, right in the Sea Market.""",
tera_001,dlg,ReplyList/0/Text,0,-1,"""The law demands...""",
tera_001,dlg,ReplyList/1/Text,0,-1,"""I'm sorry.""",
tera_001,dlg,ReplyList/10/Text,0,-1,"""No more questions, but I have to say you're looking a bit pale.""",
tera_001,dlg,ReplyList/11/Text,0,-1,"""Looks like they hurt you pretty bad.""",
tera_001,dlg,ReplyList/12/Text,0,-1,Next,
tera_001,dlg,ReplyList/13/Text,0,-1,"""Back to my questions.""",
tera_001,dlg,ReplyList/14/Text,0,-1,"""Why are you in here?""",
tera_001,dlg,ReplyList/15/Text,0,-1,Next,
tera_001,dlg,ReplyList/16/Text,0,-1,"""Back to my questions.""",
tera_001,dlg,ReplyList/17/Text,0,-1,"""What's your name?""",
tera_001,dlg,ReplyList/18/Text,0,-1,"""<FullName>""",
tera_001,dlg,ReplyList/19/Text,0,-1,"""Back to my questions.""",
tera_001,dlg,ReplyList/2/Text,0,-1,"""There has to be something we can do.""",
tera_001,dlg,ReplyList/20/Text,0,-1,"""I'll ask the questions here.""",
tera_001,dlg,ReplyList/21/Text,0,-1,Next,
tera_001,dlg,ReplyList/22/Text,0,-1,"""I'm <FirstName>. Nice to meet you.""",
tera_001,dlg,ReplyList/23/Text,0,-1,"""Mind if I ask you some questions?""",
tera_001,dlg,ReplyList/24/Text,0,-1,"""No one important. Are you alright?""",
tera_001,dlg,ReplyList/25/Text,0,-1,"""Mind if I ask you some questions?""",
tera_001,dlg,ReplyList/26/Text,0,-1,"""Whoof. You look like a baatezu's backside.""",
tera_001,dlg,ReplyList/27/Text,0,-1,Next,
tera_001,dlg,ReplyList/28/Text,0,-1,"""Hello.""",
tera_001,dlg,ReplyList/29/Text,0,-1,Next,
tera_001,dlg,ReplyList/3/Text,0,-1,"""I... I may have a solution. I don't think I can get you out of here, but what If I could find something... something that could help you to make your choice on your own terms...""",
tera_001,dlg,ReplyList/4/Text,0,-1,"""I think I know what you need. I'll be back.""",
tera_001,dlg,ReplyList/5/Text,0,-1,"""Actually, I don't think I can do this.""",
tera_001,dlg,ReplyList/6/Text,0,-1,End Conversation,
tera_001,dlg,ReplyList/7/Text,0,-1,"""Here. I have what you need. Take all of it and it should... make things easier.""
",
tera_001,dlg,ReplyList/8/Text,0,-1,End Conversation,
tera_001,dlg,ReplyList/9/Text,0,-1,"""I'm sorry.""",
testing,dlg,EntryList/0/Text,0,-1,This dialog exists to test various variables and settings. ,
testing,dlg,ReplyList/0/Text,0,-1,Teleport to Your Apartment,
testing,dlg,ReplyList/1/Text,0,-1,You should only see this if you have finished your initial dialog with Quillian.,
trac_001,dlg,EntryList/0/Text,0,-1,"""So, whadya say?""",
trac_001,dlg,EntryList/1/Text,0,-1," ""That's fine. Trace here was about ta sing us a little tune. Ain't that right Trace?""
",
trac_001,dlg,EntryList/10/Text,0,-1,"""And you don't have ta be. Just let Trace knock you around for a little while.""
",
trac_001,dlg,EntryList/11/Text,0,-1,"""Suit yourself.""",
trac_001,dlg,EntryList/12/Text,0,-1,"""You look like you know your way around a fight! How about taking on my big boy, Trace, here? They call 'im Trace 'cause after he's done with ya, the Low Guard has ta draw a line around the body! Ha!""
",
trac_001,dlg,EntryList/13/Text,0,-1,"""Hrrn.""",
trac_001,dlg,EntryList/14/Text,0,-1,"""I know I've used that line before, big guy, but THEY haven't heard it yet, now have they?""",
trac_001,dlg,EntryList/2/Text,0,-1,"""Hrrn.""",
trac_001,dlg,EntryList/3/Text,0,-1,"""Beautiful.""",
trac_001,dlg,EntryList/4/Text,0,-1,"""Ohhh... that kinda info don't come cheap. How about you give my lad here a wrastle and I'll tell ya what you wanna know, yeah?""",
trac_001,dlg,EntryList/5/Text,0,-1," ""Awww... he ain't that big. Trace, hunch over. You're scaring away opponents.""
",
trac_001,dlg,EntryList/6/Text,0,-1,"""Hrrn.""",
trac_001,dlg,EntryList/7/Text,0,-1,...,
trac_001,dlg,EntryList/8/Text,0,-1,"""Hell of a match. Hell of a match. Trace didn't even beat you with your own arm. You got a devil's own luck I tell you, and I know a couple of devils personally.""
",
trac_001,dlg,EntryList/9/Text,0,-1,"""So, worldwine. You want that woman over there named Kyla. She's the slinger round here. Got a deal with the owners from what I hear. You be careful around that one. The curious tend to wind up disappeared.""
",
trac_001,dlg,ReplyList/0/Text,0,-1,"""I don't have time for this.""",
trac_001,dlg,ReplyList/1/Text,0,-1,Next,
trac_001,dlg,ReplyList/10/Text,0,-1,Next,
trac_001,dlg,ReplyList/11/Text,0,-1,"""Thanks.""",
trac_001,dlg,ReplyList/12/Text,0,-1,"""I'm not really a fighter.""
",
trac_001,dlg,ReplyList/13/Text,0,-1,"""How about 'No.'""",
trac_001,dlg,ReplyList/14/Text,0,-1,Next,
trac_001,dlg,ReplyList/15/Text,0,-1,Next,
trac_001,dlg,ReplyList/16/Text,0,-1,Next,
trac_001,dlg,ReplyList/17/Text,0,-1,Next,
trac_001,dlg,ReplyList/2/Text,0,-1,Next,
trac_001,dlg,ReplyList/3/Text,0,-1,End Conversation,
trac_001,dlg,ReplyList/4/Text,0,-1,"""You seem like someone who keeps their ear to the ground. I'm looking for someone here dealing in worldwine.""",
trac_001,dlg,ReplyList/5/Text,0,-1,"""Not a chance. Look at that guy.""",
trac_001,dlg,ReplyList/6/Text,0,-1,Next,
trac_001,dlg,ReplyList/7/Text,0,-1,Next,
trac_001,dlg,ReplyList/8/Text,0,-1,"""Deal.""",
trac_001,dlg,ReplyList/9/Text,0,-1,Next,
trin_001,dlg,EntryList/0/Text,0,-1,"""You're looking for a woman called Harasi Finas. She's the real network, if you know what I mean. The distributor's distributor. I've seen her around here, too. I think she might have a safehouse nearby.""",
trin_001,dlg,EntryList/1/Text,0,-1,"""Be careful. She's a sharp one.""",
trin_001,dlg,EntryList/10/Text,0,-1,"""Yeah? You and half the Hole. How bad?""",
trin_001,dlg,EntryList/11/Text,0,-1,"""Take it easy, mate. But... well, you make your own choices...""",
trin_001,dlg,EntryList/12/Text,0,-1,"[Failure] ""Obviously need coin? Look, I earn my keep, same as anyone. I don't need your bribe, your pity. Leave me alone before I call out for someone to come take care of you.""",
trin_001,dlg,EntryList/13/Text,0,-1,"""Then you've got a problem. Now get out of here. Questions like that can get someone hurt.""",
trin_001,dlg,EntryList/14/Text,0,-1,"""Let's see the coin, then. How much you looking for?""",
trin_001,dlg,EntryList/15/Text,0,-1,"""Of course you have.""",
trin_001,dlg,EntryList/16/Text,0,-1,"""Yvathal's rear, you want to get robbed, flashing that amount of jink around? I'll give you what I got but that's more than I can supply.""",
trin_001,dlg,EntryList/17/Text,0,-1,"""Pleasure doing business.""",
trin_001,dlg,EntryList/18/Text,0,-1,"""Yeah.""",
trin_001,dlg,EntryList/19/Text,0,-1,"""Do you? And what makes you think I can help with that?""",
trin_001,dlg,EntryList/2/Text,0,-1,"""I started doing this at the Rooster's Roost. It's an establishment in North Market, near the gate. You might wanna look there if you wanna know about worldwine. Go armed, though. Too many questions asked there usually get very final answers.""",
trin_001,dlg,EntryList/20/Text,0,-1,"[Failure] ""What are you, a cop? I ain't talkin'.""",
trin_001,dlg,EntryList/21/Text,0,-1,"""What?""",
trin_001,dlg,EntryList/22/Text,0,-1,"""Just another Rathole rat. Don't pretend like you care.""",
trin_001,dlg,EntryList/23/Text,0,-1,"[Failure] ""Do I look like I care?""",
trin_001,dlg,EntryList/24/Text,0,-1,"""You guessed right.""",
trin_001,dlg,EntryList/25/Text,0,-1,"[Success] ""Look at you, all polite. Trina. Name's Trina.""",
trin_001,dlg,EntryList/26/Text,0,-1,"""Charmed, I'm sure.""",
trin_001,dlg,EntryList/27/Text,0,-1,"[Failure] ""Just cause I know your name doesn't mean we're chums. Get out of here. They'd kill me if I told.""",
trin_001,dlg,EntryList/28/Text,0,-1,"""Well don't.""",
trin_001,dlg,EntryList/3/Text,0,-1,"""Don't tell them I sent you.""",
trin_001,dlg,EntryList/4/Text,0,-1,"""Alright. It'll cost you. I don't owe them anything anyway, but you don't tell 'em where you learned it from or Harasi will have them cut and gut me, you hear?""",
trin_001,dlg,EntryList/5/Text,0,-1,"""100 gold coins, and I'll tell you where I pick up my bottles.""",
trin_001,dlg,EntryList/6/Text,0,-1,"""So?""",
trin_001,dlg,EntryList/7/Text,0,-1,"[Failure] ""How about no?""",
trin_001,dlg,EntryList/8/Text,0,-1,"[Success] ""Ugh, fine.""",
trin_001,dlg,EntryList/9/Text,0,-1,"""Then I got nothing for you.""",
trin_001,dlg,ReplyList/0/Text,0,-1,"""Thanks.""",
trin_001,dlg,ReplyList/1/Text,0,-1,"""Thanks.""",
trin_001,dlg,ReplyList/10/Text,0,-1,"""Look, I'm just going to need a bigger supplier, you know?""",
trin_001,dlg,ReplyList/11/Text,0,-1,Next,
trin_001,dlg,ReplyList/12/Text,0,-1,"[Persuade] ""Enough to pay for it. You obviously need coin. Tell me what you know and I'll make it worth your while.""",
trin_001,dlg,ReplyList/13/Text,0,-1,"""Real bad.""",
trin_001,dlg,ReplyList/14/Text,0,-1,"""I've changed my mind.""",
trin_001,dlg,ReplyList/15/Text,0,-1,Next,
trin_001,dlg,ReplyList/16/Text,0,-1,"[Pay 30 gold] ""How about this much?""",
trin_001,dlg,ReplyList/17/Text,0,-1,"""And where could I get more?""",
trin_001,dlg,ReplyList/18/Text,0,-1,"""Done.""",
trin_001,dlg,ReplyList/19/Text,0,-1,"[Pay 3 gold] ""One.""",
trin_001,dlg,ReplyList/2/Text,0,-1,"""I hear you.""",
trin_001,dlg,ReplyList/20/Text,0,-1,"""Thanks.""",
trin_001,dlg,ReplyList/21/Text,0,-1,"""I'd love to know where you get your supply from.""",
trin_001,dlg,ReplyList/22/Text,0,-1,"""I changed my mind.""",
trin_001,dlg,ReplyList/23/Text,0,-1,"""I'm having nightmares.""",
trin_001,dlg,ReplyList/24/Text,0,-1,"[Persuade] ""I can make it worth your while.""",
trin_001,dlg,ReplyList/25/Text,0,-1,"""I should go.""",
trin_001,dlg,ReplyList/26/Text,0,-1,"""I need some worldwine.""",
trin_001,dlg,ReplyList/27/Text,0,-1,"""Who are you?""",
trin_001,dlg,ReplyList/28/Text,0,-1,"[Persuade] ""Hard as it might be to believe, I actually do care. What's your name? Mine's <FullName>.""",
trin_001,dlg,ReplyList/29/Text,0,-1,"""Guess not.""",
trin_001,dlg,ReplyList/3/Text,0,-1,Next,
trin_001,dlg,ReplyList/30/Text,0,-1,"""Nice to meet you, Trina.""",
trin_001,dlg,ReplyList/31/Text,0,-1,"""I'd like to ask something else.""",
trin_001,dlg,ReplyList/32/Text,0,-1,"[Persuade] ""Look, I'm trying to find out who I go to to get my hands on some worldwine, in bulk. Can I ask you who to go to?""",
trin_001,dlg,ReplyList/33/Text,0,-1,"""Okayyy. I'll leave you alone then.""",
trin_001,dlg,ReplyList/34/Text,0,-1,"""Just thought I'd ask.""",
trin_001,dlg,ReplyList/35/Text,0,-1,Next,
trin_001,dlg,ReplyList/36/Text,0,-1,"""I want to know where worldwine comes from.""",
trin_001,dlg,ReplyList/4/Text,0,-1,"[Persuade] ""How about 50 gold?""",
trin_001,dlg,ReplyList/5/Text,0,-1,Next,
trin_001,dlg,ReplyList/6/Text,0,-1,Next,
trin_001,dlg,ReplyList/7/Text,0,-1,"""Not a chance.""",
trin_001,dlg,ReplyList/8/Text,0,-1,"""Deal.""",
trin_001,dlg,ReplyList/9/Text,0,-1,"""Never mind.""",
trish_001,dlg,EntryList/0/Text,0,-1,"""Are you there?""",
trish_001,dlg,EntryList/1/Text,0,-1,"""Then the wine does its job...""",
trish_001,dlg,EntryList/2/Text,0,-1,"""And it drank me...""",
trish_001,dlg,EntryList/3/Text,0,-1,"""...""",
trish_001,dlg,EntryList/4/Text,0,-1,"""...""",
trish_001,dlg,EntryList/5/Text,0,-1,"""I have drank the wine of the world and can see its expanse.""",
trish_001,dlg,EntryList/6/Text,0,-1,"""And worldwine is on me. I can taste the dream of the whole of the Outlands. I ride its waves...""",
trish_001,dlg,EntryList/7/Text,0,-1,"""Are you sure?""",
trish_001,dlg,EntryList/8/Text,0,-1,"""No, and that's wonderful...""",
trish_001,dlg,ReplyList/0/Text,0,-1,"""Um... no?""",
trish_001,dlg,ReplyList/1/Text,0,-1,"""Did you drink worldwine, perhaps?""",
trish_001,dlg,ReplyList/10/Text,0,-1,"""Yes.""",
trish_001,dlg,ReplyList/11/Text,0,-1,"""Well, this was an existential crisis I wasn't planning on",
trish_001,dlg,ReplyList/2/Text,0,-1,"""Where did you get it?""",
trish_001,dlg,ReplyList/3/Text,0,-1,"""Hello?""",
trish_001,dlg,ReplyList/4/Text,0,-1,"""I'm not going to get much here.""",
trish_001,dlg,ReplyList/5/Text,0,-1,"""Is something wrong? Do you need help?""",
trish_001,dlg,ReplyList/6/Text,0,-1,"""Ah. You are on worldwine.""",
trish_001,dlg,ReplyList/7/Text,0,-1,"""Aaaand she fell asleep.""",
trish_001,dlg,ReplyList/8/Text,0,-1,"""Uh... yeah.""",
trish_001,dlg,ReplyList/9/Text,0,-1,"""Are YOU sure?""",
tunn_001,dlg,EntryList/0/Text,0,-1,"Are you sure you wish to travel down to the tunnels? This may very well be the end of your investigation, for better or for worse: once you enter them, you won't be able to come back. Make sure you are as prepared as possible.",
tunn_001,dlg,ReplyList/0/Text,0,-1,Not yet. I still have a few things to do.,
tunn_001,dlg,ReplyList/1/Text,0,-1,I'm ready.,
ulan_001,dlg,EntryList/0/Text,0,-1,"""Who... who *are* you? What do you want here?""",
ulan_001,dlg,EntryList/1/Text,0,-1,"[Failure] ""You think I'm supposed to believe that? Kill them!""",
ulan_001,dlg,EntryList/2/Text,0,-1,"[Success] ""As much as I hate losing a potential customer, I'm afraid you'll need to die. You've cost me too much.""",
ulan_001,dlg,EntryList/3/Text,0,-1,"""It's been *you* causing all the trouble? You've cost me much and more, berk! It looks like the only way out of this is to pen your name in the deadbook.""",
ulan_001,dlg,ReplyList/0/Text,0,-1,"""I don't have time to waste listening to a slaver."" [Attack]",
ulan_001,dlg,ReplyList/1/Text,0,-1,"[Bluff] ""I just came to buy some slaves and these men attacked me! I'm going to bring this matter up to the Fraternity of Order! I never!""",
ulan_001,dlg,ReplyList/2/Text,0,-1,"""My investigation into worldwine led me here. To you.""",
ulan_002,dlg,EntryList/0/Text,0,-1,"""Yes?""",
ulan_002,dlg,EntryList/1/Text,0,-1,"""I don't know much, I swear. None of us really know who else is involved, or how -- whoever's in charge keeps it insulated.""",
ulan_002,dlg,EntryList/2/Text,0,-1,"""I'll tell you whatever I can!""",
ulan_002,dlg,EntryList/3/Text,0,-1,"""Yes! Please let me go, I'll do anything! I'll just -- I'll disappear! Leave the city! You'll never see me again!""",
ulan_002,dlg,EntryList/4/Text,0,-1,"""...no? 'No' seems like the right answer here.""",
ulan_002,dlg,EntryList/5/Text,0,-1,"""No -- no, there's one other, I could never find out her name. She's supposed to be bringing in some more slaves soon...""",
ulan_002,dlg,EntryList/6/Text,0,-1,"""... money. It's always money. What else could it be for? That's all that matters. That's all that ever matters!""",
ulan_002,dlg,EntryList/7/Text,0,-1,"""I don't really know, I told you! The Coranos were funding it mostly, buying my slaves to be processed... After the alchemist got away we've had to change things up... I've made some notes in my ledger, please just let me live and you can have it all!""",
ulan_002,dlg,EntryList/8/Text,0,-1,"""I was tasked with smuggling the raw ingredients for worldwine into the city. I, of course, demanded a major part of the profits. The ingredients come from all over the planes, but you can pick them up in the right markets if you know where to look... Slavery being legal here, we smuggled them inside the slaves. The proper application of the right spells made it easy. The devils don't know a thing.""",
ulan_002,dlg,EntryList/9/Text,0,-1,"""Wait! Wait... alright! I give up. I don't deserve to die! Take what you want, but consider this... I can tell you everything I know and... and you'll have a powerful ally in the underworld!""",
ulan_002,dlg,ReplyList/0/Text,0,-1,"""Tell me what you know about worldwine.""",
ulan_002,dlg,ReplyList/1/Text,0,-1,Next,
ulan_002,dlg,ReplyList/10/Text,0,-1,"""What's the goal of the worldwine operation?""",
ulan_002,dlg,ReplyList/11/Text,0,-1,Next,
ulan_002,dlg,ReplyList/12/Text,0,-1,"""Who else is involved in the worldwine operation?""",
ulan_002,dlg,ReplyList/13/Text,0,-1,Next,
ulan_002,dlg,ReplyList/14/Text,0,-1,"""What was your involvement?",
ulan_002,dlg,ReplyList/15/Text,0,-1,Next,
ulan_002,dlg,ReplyList/16/Text,0,-1,"""Get out of here. You're not longer part of the problem and therefore no longer my problem."" [Let Ulan go]",
ulan_002,dlg,ReplyList/17/Text,0,-1,"""I'll have the City Guard come and get you later. Slavery might be legal in Furiae, but worldwine set you on the path to Exsanguination Square."" [Knock Ulan out]",
ulan_002,dlg,ReplyList/18/Text,0,-1,"""You bound the will of others to your own. You deserve death and more."" [Kill him]",
ulan_002,dlg,ReplyList/19/Text,0,-1,"""No."" [Kill him]",
ulan_002,dlg,ReplyList/2/Text,0,-1,"""Good. Now what do we do with you?""",
ulan_002,dlg,ReplyList/20/Text,0,-1,Next,
ulan_002,dlg,ReplyList/3/Text,0,-1,"""If I let you go, what will you do?""",
ulan_002,dlg,ReplyList/4/Text,0,-1,"""And will you keep slaving?""",
ulan_002,dlg,ReplyList/5/Text,0,-1,"""Oh I don't really care if you do.""",
ulan_002,dlg,ReplyList/6/Text,0,-1,"""Correct.""",
ulan_002,dlg,ReplyList/7/Text,0,-1,"""Good enough.""",
ulan_002,dlg,ReplyList/8/Text,0,-1,"""Are you the only slaver involved?""",
ulan_002,dlg,ReplyList/9/Text,0,-1,Next,
wake_002,dlg,EntryList/0/Text,0,-1,"You wake, your head in a fog, feeling dazed. The nightmares are preventing you from getting enough rest. And more than that -- you feel *drained*.",
wake_002,dlg,EntryList/1/Text,0,-1,"You're not sure you could survive many more nights like that. You wonder how anyone could, let alone the whole city.",
wake_002,dlg,EntryList/2/Text,0,-1,Time is up.,
wake_002,dlg,ReplyList/0/Text,0,-1,Next,
wake_002,dlg,ReplyList/1/Text,0,-1,Next,
ware_001,dlg,EntryList/0/Text,0,-1,"That warehouse is exceptionally well-guarded -- perhaps there's some other way to get inside. You could take a look around, or perhaps ask someone who might know this area better than you. Especially if they're no fan of slavery.",
yvon_001,dlg,EntryList/0/Text,0,-1,"""So?""",
yvon_001,dlg,EntryList/1/Text,0,-1,"""Who, Teddy? He is around at times. Usually running errands for his mistress, Aladara. Head's too full of her and her 'good works' for much of anything else. If that berk didn't have someone looking out, everyone would have a laugh at him.""",
yvon_001,dlg,EntryList/2/Text,0,-1,"""As... the principal administrator I am in charge of everyone and oversee the children directly... the children... *gasps softly*""",
yvon_001,dlg,EntryList/3/Text,0,-1,"""...aye, please.""",
yvon_001,dlg,EntryList/4/Text,0,-1,"""I -- I don't know. It's been in the family for generations. It's never... *sobs* I'm sorry.""",
yvon_001,dlg,EntryList/5/Text,0,-1,"""I suppose... Farasano had a study, just nearby. Why, will it help... tell us who -- who did this thing?""",
yvon_001,dlg,EntryList/6/Text,0,-1,"""Name's Yvonne... I run the household. Principal administrator of employed and purchased staff here at the villa... in charge of... Ran... the household... *sobs* I'm so sorry... I'm just... They're all... I don't know what's ta become of me. This all happened so fast, last night. Slaves my age don't... *takes a deep breath* Sorry, yes. What else do ye need?""",
yvon_001,dlg,EntryList/7/Text,0,-1,"""Do ye not see tha collar? It's not been a bad life. The little ones love me... loved me... *sobs* I'm sorry, what else did ye need?""",
yvon_001,dlg,EntryList/8/Text,0,-1,"""Do ye not see tha blood? Murder and death. They're all dead, ye stupid git! I woke this morn ta blood and sunder! It's yer job ta figure out why instead of rattlin yer bone box my way! ... Sorry, sorry... All the Coranos livin' here are in the deadbook now. Even the little ones... Ye city guards are cruel makin' me say this again. I already spoke to yer captain outside... Between you, the Harmonium, and tha devils... it's too much... too much...""",
yvon_001,dlg,EntryList/9/Text,0,-1,"""What's all this then? I already spoke to the guards and inspectors, what's one more then? I've already been through the Nine Hells and back again... what's one more? *sighs miserably*""",
yvon_001,dlg,ReplyList/0/Text,0,-1,"""You know, it would be quicker just to search your corpse."" [Attack Yvonne]",
yvon_001,dlg,ReplyList/1/Text,0,-1,"""I'm sorry. I'll leave you alone.""",
yvon_001,dlg,ReplyList/10/Text,0,-1,"""So you would know where the Coranos might have kept any important documents?""",
yvon_001,dlg,ReplyList/11/Text,0,-1,"""I don't know.""",
yvon_001,dlg,ReplyList/12/Text,0,-1,"""It might.""",
yvon_001,dlg,ReplyList/13/Text,0,-1,"""Who might you be?""",
yvon_001,dlg,ReplyList/14/Text,0,-1,"""I had another question.""",
yvon_001,dlg,ReplyList/15/Text,0,-1,"""So you're a slave?""",
yvon_001,dlg,ReplyList/16/Text,0,-1,Next,
yvon_001,dlg,ReplyList/17/Text,0,-1,"""What happened here?""",
yvon_001,dlg,ReplyList/18/Text,0,-1,"""I think that's enough.""",
yvon_001,dlg,ReplyList/19/Text,0,-1,"""Let me ask something else.""",
yvon_001,dlg,ReplyList/2/Text,0,-1,"""Tell me about the halfling you just spoke with.""",
yvon_001,dlg,ReplyList/20/Text,0,-1,Next,
yvon_001,dlg,ReplyList/3/Text,0,-1,Next,
yvon_001,dlg,ReplyList/4/Text,0,-1,"""What do you do in the household?""",
yvon_001,dlg,ReplyList/5/Text,0,-1,"""I'll move on to a different topic.""",
yvon_001,dlg,ReplyList/6/Text,0,-1,Next,
yvon_001,dlg,ReplyList/7/Text,0,-1,"""Anything you can tell me about the house?""",
yvon_001,dlg,ReplyList/8/Text,0,-1,"""I'm sorry.""",
yvon_001,dlg,ReplyList/9/Text,0,-1,"""Alright then.""",
