Resource,ResType,FieldPath,LangID,StrRef,TextEng,Text
area,git,Door List/3/Description,0,9078,A typical wooden door.,
area,git,Door List/4/Description,0,9078,A typical wooden door.,
area,git,Placeable List/28/LocName,0,5656,Rucksack,
area,git,Placeable List/31/LocName,0,66692,Dead Flowers,
area,git,Placeable List/40/Description,0,84574,Various scraps of paper.,
area,git,Placeable List/40/LocName,0,84561,Documents,
area,git,Placeable List/41/Description,0,84574,Various scraps of paper.,
area,git,Placeable List/41/LocName,0,84561,Documents,
area,git,Placeable List/43/Description,0,84574,Various scraps of paper.,
area,git,Placeable List/43/LocName,0,84561,Papers,
area,git,Placeable List/44/Description,0,84574,Various scraps of paper.,
area,git,Placeable List/44/LocName,0,84561,Playbills,
area,git,Placeable List/46/LocName,0,5800,Journal,
area002,git,Placeable List/79/Description,0,14662,"You look about you, suspicious, but see nothing.",
area002,git,Placeable List/79/LocName,0,5800,Destiny,
area002,git,Placeable List/80/Description,0,14533,A portal glows softly before you. You wonder where it leads.,
area003,git,Creature List/0/FirstName,0,12574,Leftovers,
area003,git,Creature List/1/Equip_ItemList/0/LocalizedName,0,-1,male surgery slave,
area003,git,Creature List/1/FirstName,0,-1,Slave,
area003,git,Creature List/2/Equip_ItemList/0/LocalizedName,0,-1,female surgery slave,
area003,git,Creature List/2/FirstName,0,-1,Slave,
area003,git,Creature List/3/FirstName,0,-1,Slave,
area003,git,Creature List/4/Equip_ItemList/0/LocalizedName,0,-1,female surgery slave 2,
area003,git,Creature List/4/FirstName,0,-1,Slave,
area003,git,Creature List/5/Equip_ItemList/0/LocalizedName,0,-1,female surgery slave,
area003,git,Creature List/5/FirstName,0,-1,Slave,
area003,git,Creature List/6/Description,0,-1,"This woman is the very picture of a seer. Her long dark hair is held in a tangled ponytail. She wears a set of blood-speckled grey robes, as tattered, torn, and frayed as her unfocused gaze. A collection of beads and baubles rests around her neck, making soft clicking sounds when she moves.",
area003,git,Creature List/6/Equip_ItemList/0/LocalizedName,0,-1,Aladara's Armor,
area003,git,Creature List/6/Equip_ItemList/1/DescIdentified,0,-1,A Ring of Sending.,
area003,git,Creature List/6/Equip_ItemList/1/Description,0,-1,A plain-looking silver ring.,
area003,git,Creature List/6/Equip_ItemList/1/LocalizedName,0,-1,Ring of Sending,
area003,git,Creature List/6/FirstName,0,-1,Aladara,
area003,git,Door List/1/LocName,0,5349,Door,
area003,git,Door List/2/LocName,0,5349,Door,
area003,git,Placeable List/12/LocName,0,5737,Slave,
area003,git,Placeable List/23/Description,0,14600,Either he owned little to begin with or this man was stripped of all he had.,
area003,git,Placeable List/23/LocName,0,14601,Bloody Corpse,
area003,git,Placeable List/5/LocName,0,5737,Slave,
area003,git,Placeable List/58/Description,0,14662,A bloodied notebook containing ghastly anatomy diagrams.,
area003,git,Placeable List/58/ItemList/0/DescIdentified,0,-1,"For a woman so obviously unstable, she was able to be straightforward and meticulous, when called upon. This ledger is proof of that. It details the process of the surgery performed on slaves procured from one Ulan Aurintar from the Sea Market -- via Farasano Corano. The raw materials for worldwine were smuggled into the city *inside* the bodies of the slaves, then transported to Quillian at the now destroyed warehouse for processing.

A note is included that the ""loss rate"" of the slaves is ""within acceptable parameters."" It also notes that Ulan is upset that it is cutting into his profit margins and he has made noises about backing out but ""it won't matter soon.""

The ledger also details the street level operations run by a woman called Harasi who, along with her crew, were collecting, selling, and storing the worldwine itself. Aladara seems to think she is based out of the Soul Trade Inn, though seems mostly unconcerned with her operations.

Finally, there is angry note near the back of the ledger that reads: ""Warehouse destroyed. Only acceptable alchemist missing or dead. Find a new blasted alchemist or the lady will be displeased!"" It is underlined several times in what looks like blood. There are only blank pages thereafter.",
area003,git,Placeable List/58/ItemList/0/Description,0,-1,"For a woman so obviously unstable, she was able to be straightforward and meticulous, when called upon. This ledger is proof of that. It details the process of the surgery performed on slaves procured from one Ulan Aurintar from the Sea Market -- via Farasano Corano. The raw materials for worldwine were smuggled into the city *inside* the bodies of the slaves, then transported to Quillian at the now destroyed warehouse for processing.

A note is included that the ""loss rate"" of the slaves is ""within acceptable parameters."" It also notes that Ulan is upset that it is cutting into his profit margins and he has made noises about backing out but ""it won't matter soon.""

The ledger also details the street level operations run by a woman called Harasi who, along with her crew, were collecting, selling, and storing the worldwine itself. Aladara seems to think she is based out of the Soul Trade Inn, though seems mostly unconcerned with her operations.

Finally, there is angry note near the back of the ledger that reads: ""Warehouse destroyed. Only acceptable alchemist missing or dead. Find a new blasted alchemist or the lady will be displeased!"" It is underlined several times in what looks like blood. There are only blank pages thereafter.",
area003,git,Placeable List/58/ItemList/0/LocalizedName,0,-1,Bloody Ledger,
area003,git,Placeable List/58/LocName,0,5800,Ledger,
area003,git,Placeable List/59/Description,0,14662,A noteworthy bottle.,
area003,git,Placeable List/59/ItemList/0/DescIdentified,0,-1,"A small, slightly-bloody package of reagents. You're not sure what most of them are -- plants, dusts, more gruesome things perhaps. Somehow, though, these can ultimately be used to create worldwine. For now, they seem mostly harmless -- though who knows what ingesting them might do.",
area003,git,Placeable List/59/ItemList/0/Description,0,-1,"A small, slightly-bloody package of reagents. You're not sure what most of them are -- plants, dusts, more gruesome things perhaps. Somehow, though, these can ultimately be used to create worldwine. For now, they seem mostly harmless -- though who knows what ingesting them might do.",
area003,git,Placeable List/59/ItemList/0/LocalizedName,0,-1,Raw Worldwine Potion,
area003,git,Placeable List/59/LocName,0,5800,Bottle,
area003,git,Placeable List/67/Description,0,14572,"The faint outline of dried blood streaks toward the nearby wall, as if something were dragged through it.",
area003,git,Placeable List/68/Description,0,14752,"A well appointed wine rack rests here, stocked with some surprisingly rare vintages.",
area003,git,Placeable List/68/LocName,0,5748,Wine Rack,
area003,git,Placeable List/69/LocName,0,14549,Larder,
area003,git,Placeable List/7/Description,0,6792,There is nothing special about this object.,
area003,git,Placeable List/7/LocName,0,5737,Slave,
area003,git,TriggerList/1/LocalizedName,0,14759,AladaraDialog,
area003,git,TriggerList/3/LocalizedName,0,14759,Secret Door,
area004,git,Door List/0/LocName,0,5349,Door,
area004,git,Door List/2/Description,0,9078,A typical wooden door.,
area004,git,Placeable List/5/Description,0,14708,"A wide assortment of tea from all over the Planes, along with a tea kettle that has seen better days.",
area004,git,Placeable List/5/LocName,0,14709,Cloth Bags,
area004,git,Placeable List/52/Description,0,76386,"A collection of hand-woven decorations adorn the wall, made from what looks like beads and small bones. Probably from an animal. Probably.",
area004,git,Placeable List/53/Description,0,68880,"A painting depicting a scene from the Sea Market. The lower left of the frame is engraved with the words ""From Teddy.""",
area004,git,Placeable List/8/Description,0,14756,This stove is well used and immaculately clean. It's obviously cared for a great deal.,
area004,git,WaypointList/0/LocalizedName,0,14817,AladaraAptTeddy,
area004,git,WaypointList/1/LocalizedName,0,14817,AladaraAptTeddySentry,
area005,git,Creature List/0/Description,0,-1,"The merchant stands before you, all smiles and warmth shining in blind, white eyes. Were you to describe the broad shouldered human, it would be with the words: well kept. His short brown hair is cut to perfectly flow into his close trimmed beard. His clothes are immaculately put together, yet he wears them casually, almost effortlessly. No easy feat.",
area005,git,Creature List/0/Equip_ItemList/0/LocalizedName,0,-1,Forvor's Armor,
area005,git,Creature List/0/FirstName,0,-1,Forvor,
area005,git,Creature List/1/Description,0,-1,"The half-elf clearly favors the elven side of his heritage. Tall and lithe, he doesn't move so much as glide, his long dark hair moving behind his as if trying to catch up. His attire favors the flashy in a low cut vest, billowy shirt, and equally billowy pants. His features, beautiful by nearly any race's standard, contain equal parts interested and amused at any given moment. His left eyebrow threatens to float off of his face at any given moment.",
area005,git,Creature List/1/Equip_ItemList/0/LocalizedName,0,-1,Luicil's Armor,
area005,git,Creature List/1/FirstName,0,-1,Luicil,
area005,git,Door List/0/LocName,0,5349,Door to Your Neighborhood,
area005,git,StoreList/0/LocName,0,14813,MerchantForvor,
area006,git,Creature List/3/Equip_ItemList/0/LocalizedName,0,-1,Karkualii's Claws,
area006,git,Creature List/3/Equip_ItemList/1/LocalizedName,0,-1,Karkualii's Claws,
area006,git,Creature List/3/Equip_ItemList/2/LocalizedName,0,-1,Karkualii's Bite,
area006,git,Creature List/3/FirstName,0,-1,Mog,
area006,git,Creature List/4/Equip_ItemList/0/LocalizedName,0,-1,Cultist Outfit,
area006,git,Creature List/4/FirstName,0,-1,Cultist,
area006,git,Creature List/5/Equip_ItemList/0/LocalizedName,0,-1,Cultist Outfit,
area006,git,Creature List/5/FirstName,0,-1,Cultist,
area006,git,Creature List/6/Equip_ItemList/0/LocalizedName,0,-1,Cultist Outfit,
area006,git,Creature List/6/FirstName,0,-1,Cultist,
area006,git,Creature List/7/Equip_ItemList/0/LocalizedName,0,-1,Cultist Outfit,
area006,git,Creature List/7/FirstName,0,-1,Cultist,
area006,git,Creature List/8/Equip_ItemList/0/LocalizedName,0,-1,Cultist Outfit,
area006,git,Creature List/8/FirstName,0,-1,Cultist,
area006,git,Door List/0/Description,0,9076,"Bound in iron strips, this stone door hangs heavily upon its stout hinges.",
area006,git,Door List/0/LocName,0,5349,Thick Stone Door,
area006,git,Placeable List/103/Description,0,6792,There is nothing special about this object.,
area006,git,Placeable List/73/Description,0,14596,"Metal studs poke through the woodwork of this ornate chest. Judging by the fine craftsmanship, this strongbox appears to have been intended for public display.",
area006,git,Placeable List/74/LocName,0,68939,Barrel,
area006,git,Placeable List/81/LocName,0,68869,Ornate Chest,
area006,git,TriggerList/4/LocalizedName,0,14759,1.DDF_NPC_Karkualii_FINAL,
area006,git,WaypointList/0/MapNote,0,14815,To Undercity,
area006,git,WaypointList/1/MapNote,0,14815,Pot of Worldwine,
area006,git,WaypointList/2/LocalizedName,0,14817,Aladara Start in Lair,
area007,git,Creature List/0/Equip_ItemList/0/LocalizedName,0,13798,City Guard Armor,
area007,git,Creature List/0/FirstName,0,-1,City Guard Clerk,
area007,git,Creature List/1/Equip_ItemList/0/LocalizedName,0,-1,City Guard Teeth Helmet,
area007,git,Creature List/1/Equip_ItemList/1/LocalizedName,0,13798,City Guard Armor,
area007,git,Creature List/1/FirstName,0,-1,City Guard,
area007,git,Creature List/1/ItemList/4/LocalizedName,0,13798,City Guard Armor,
area007,git,Creature List/2/Equip_ItemList/0/LocalizedName,0,-1,City Guard Teeth Helmet,
area007,git,Creature List/2/Equip_ItemList/1/LocalizedName,0,13798,City Guard Armor,
area007,git,Creature List/2/FirstName,0,-1,City Guard,
area007,git,Creature List/2/ItemList/4/LocalizedName,0,13798,City Guard Armor,
area007,git,Creature List/3/Equip_ItemList/0/LocalizedName,0,-1,Terana Clank Clothes,
area007,git,Creature List/3/FirstName,0,-1,Terana,
area007,git,Creature List/3/LastName,0,-1,Clank,
area007,git,Door List/5/LocName,0,5349,Door,
area007,git,Door List/6/LocName,0,5349,Door,
area007,git,Placeable List/21/Description,0,14577,A sturdy rack for storing weapons.,
area007,git,Placeable List/21/LocName,0,14578,Weapon Rack,
area007,git,Placeable List/22/Description,0,14577,A sturdy rack for storing weapons.,
area007,git,Placeable List/22/LocName,0,14578,Weapon Rack,
area007,git,Placeable List/23/Description,0,14577,A sturdy rack for storing weapons.,
area007,git,Placeable List/23/LocName,0,14578,Weapon Rack,
area007,git,WaypointList/2/LocalizedName,0,14817,FromSeaMarket2,
area007,git,WaypointList/3/LocalizedName,0,14817,FromSeaMarket,
area008,git,Creature List/0/Equip_ItemList/0/LocalizedName,0,-1,Slaves of Ulan Mens Clothes,
area008,git,Creature List/0/FirstName,0,-1,Slave,
area008,git,Creature List/1/Equip_ItemList/0/LocalizedName,0,-1,Slaves of Ulan Womens Clothes,
area008,git,Creature List/1/FirstName,0,-1,Slave,
area008,git,Creature List/10/Equip_ItemList/0/LocalizedName,0,-1,Slaves of Ulan Mens Clothes,
area008,git,Creature List/10/FirstName,0,-1,Slave,
area008,git,Creature List/2/Equip_ItemList/0/LocalizedName,0,-1,Slaves of Ulan Mens Clothes,
area008,git,Creature List/2/FirstName,0,-1,Slave,
area008,git,Creature List/3/Equip_ItemList/0/LocalizedName,0,-1,Slaves of Ulan Womens Clothes,
area008,git,Creature List/3/FirstName,0,-1,Slave,
area008,git,Creature List/4/Equip_ItemList/0/LocalizedName,0,-1,Slaves of Ulan Mens Clothes,
area008,git,Creature List/4/FirstName,0,-1,Slave,
area008,git,Creature List/5/Equip_ItemList/0/LocalizedName,0,-1,Slaves of Ulan Womens Clothes,
area008,git,Creature List/5/FirstName,0,-1,Slave,
area008,git,Creature List/6/Equip_ItemList/0/LocalizedName,0,-1,Slaves of Ulan Mens Clothes,
area008,git,Creature List/6/FirstName,0,-1,Slave,
area008,git,Creature List/7/Equip_ItemList/0/LocalizedName,0,-1,Slaves of Ulan Womens Clothes,
area008,git,Creature List/7/FirstName,0,-1,Slave,
area008,git,Creature List/8/Equip_ItemList/0/LocalizedName,0,-1,Slaves of Ulan Mens Clothes,
area008,git,Creature List/8/FirstName,0,-1,Slave,
area008,git,Creature List/9/Equip_ItemList/0/LocalizedName,0,-1,Slaves of Ulan Mens Clothes,
area008,git,Creature List/9/FirstName,0,-1,Slave,
area008,git,Door List/4/LocName,0,5349,Door,
area008,git,Door List/5/LocName,0,5349,Locked Guard Post Door,
area008,git,Door List/6/LocName,0,5349,Locked Guard Post Door,
area008,git,Door List/7/LocName,0,5349,Door,
area008,git,Encounter List/0/LocalizedName,0,-1,Ulan Warehouse Encounter,
area008,git,Placeable List/103/Description,0,84576,"This document, ratified in triplicate by the Fraternity of Order, details the sale of this warehouse to House Corano.",
area008,git,Placeable List/103/LocName,0,84563,Bill of Sale,
area008,git,Placeable List/104/Description,0,14662,"Nails, chains, and metal working hammers fill these crates, along with not a small number of manacles.",
area008,git,Placeable List/104/LocName,0,5800,Crate,
area008,git,Placeable List/105/Description,0,84576,"A detailed list of stock from a ship called ""The Flesh Peddler."" It lists the number of slaves, including condition and losses, along with a passenger manifesto and extra cargo information.",
area008,git,Placeable List/105/LocName,0,84563,Shipping Manifest,
area008,git,Placeable List/108/Description,0,14653,These bales of hay appear to be used to change out the bedding of the slaves. They seem to be unused and smell faintly of rot.,
area008,git,Placeable List/108/LocName,0,14654,Hay Bales,
area008,git,Placeable List/80/Description,0,68936,"A pile of books, carelessly discarded.",
area008,git,Placeable List/80/ItemList/0/DescIdentified,0,-1,"Several entries fill this ledger in a loose, flowing hand.

One entry you see is a note Ulan wrote to himself. It mentions needing to use the secret door in the back of the warehouse more -- now that the Coranos are no longer ""laundering"" them, the slaves needed to be delivered directly to a woman named Aladara for ""processing."" He curses the hassle and lack of efficiency in the process of masking slaves as penitent to a ""spiritual advisor.""

Another entry details the difficulty of finding priests and healers in order to get the supplies into the slaves, largely without them knowing. He writes about how ""these fools don't understand the lengths he has to go through to get the job done."" What follows is a list of blackmail options and leverages that he planned to levy against the operation in order to increase his profit margin, due to Aladara's ""prime world heavy handedness"" and the slaves' lack of ""re-sale"" value after she was done with them. You note that his profit margins already seemed surprisingly high, thanks to a rather large share of worldwine revenue.

A woman named Harasi is mentioned in an entry detailing profit lines and a cost benefit analysis of no longer having the Coranos as part of the operation. Ulan writes that Harasi, the woman in charge of the street-level dealings, is horning in on several aspects of the operation and trying to ""take a bigger piece of my pie."" Ulan muses on whether or not to ""cut her in on a larger slice"" or ""make the woman choke on it."" No further pastry based metaphor, or information, is detailed.",
area008,git,Placeable List/80/ItemList/0/Description,0,-1,"Several entries fill this ledger in a loose, flowing hand.

One entry you see is a note Ulan wrote to himself. It mentions needing to use the secret door in the back of the warehouse more -- now that the Coranos are no longer ""laundering"" them, the slaves needed to be delivered directly to a woman named Aladara for ""processing."" He curses the hassle and lack of efficiency in the process of masking slaves as penitent to a ""spiritual advisor.""

Another entry details the difficulty of finding priests and healers in order to get the supplies into the slaves, largely without them knowing. He writes about how ""these fools don't understand the lengths he has to go through to get the job done."" What follows is a list of blackmail options and leverages that he planned to levy against the operation in order to increase his profit margin, due to Aladara's ""prime world heavy handedness"" and the slaves' lack of ""re-sale"" value after she was done with them. You note that his profit margins already seemed surprisingly high, thanks to a rather large share of worldwine revenue.

A woman named Harasi is mentioned in an entry detailing profit lines and a cost benefit analysis of no longer having the Coranos as part of the operation. Ulan writes that Harasi, the woman in charge of the street-level dealings, is horning in on several aspects of the operation and trying to ""take a bigger piece of my pie."" Ulan muses on whether or not to ""cut her in on a larger slice"" or ""make the woman choke on it."" No further pastry based metaphor, or information, is detailed.",
area008,git,Placeable List/80/ItemList/0/LocalizedName,0,-1,Grimy Ledger,
area008,git,Placeable List/82/LocName,0,68939,Chest,
area008,git,Placeable List/90/ItemList/0/LocalizedName,0,-1,Slaves of Ulan Mens Clothes,
area008,git,Placeable List/90/ItemList/1/LocalizedName,0,-1,Slaves of Ulan Womens Clothes,
area008,git,Placeable List/91/ItemList/0/LocalizedName,0,-1,Slaver Outfit,
area008,git,SoundList/0/LocName,0,67827,Coughs ,
area008,git,WaypointList/0/LocalizedName,0,14817,UlansWarehouseArrivalFront,
area008,git,WaypointList/1/LocalizedName,0,14817,UlanWaypoint,
area008,git,WaypointList/2/LocalizedName,0,14817,Slave Exit Point,
area008,git,WaypointList/3/MapNote,0,14815,Area Exit,
area009,git,Creature List/0/Equip_ItemList/0/LocalizedName,0,-1,Parton rundown clothes,
area009,git,Creature List/0/FirstName,0,-1,Patron,
area009,git,Creature List/1/Equip_ItemList/0/LocalizedName,0,-1,Parton rundown clothes,
area009,git,Creature List/1/FirstName,0,-1,Patron,
area009,git,Creature List/2/Equip_ItemList/0/LocalizedName,0,-1,Parton rundown clothes3,
area009,git,Creature List/2/FirstName,0,-1,Patron,
area009,git,Creature List/3/Equip_ItemList/0/LocalizedName,0,-1,Rundowninnkeeper,
area009,git,Creature List/3/FirstName,0,-1,Innkeeper,
area009,git,Creature List/4/FirstName,0,-1,Dazed Patron,
area009,git,Creature List/4/ItemList/0/DescIdentified,0,-1,"A bottle of a thick, sweet-looking purple liquid. Worldwine is said to cause a dreamlike state in mortals. Wherever the substance itself originally came from, the *container* looks like a repurposed spirits bottle, from a tavern called Rooster's Roost.",
area009,git,Creature List/4/ItemList/0/Description,0,-1,"A bottle of a thick, sweet-looking purple liquid. Worldwine is said to cause a dreamlike state in mortals. Wherever the substance itself originally came from, the *container* looks like a repurposed spirits bottle, from a tavern called Rooster's Roost.",
area009,git,Creature List/4/ItemList/0/LocalizedName,0,-1,Worldwine Potion,
area009,git,Door List/1/Description,0,9078,A typical wooden door.,
area009,git,Door List/2/Description,0,9078,A typical wooden door.,
area009,git,Encounter List/0/LocalizedName,0,-1,Rathole NPC's 1,
area009,git,StoreList/0/LocName,0,14813,General Store,
area010,git,Creature List/1/FirstName,0,2925,Warband Thug,
area010,git,Creature List/10/FirstName,0,2933,Warband Sneaker,
area010,git,Creature List/11/FirstName,0,2933,Warband Sneaker,
area010,git,Creature List/12/FirstName,0,110637,Warband Slasher,
area010,git,Creature List/13/FirstName,0,110637,Warband Slasher,
area010,git,Creature List/14/FirstName,0,110637,Warband Slasher,
area010,git,Creature List/15/FirstName,0,2933,Warband Sneaker,
area010,git,Creature List/16/FirstName,0,2926,Warband Spirit Talker,
area010,git,Creature List/17/FirstName,0,2926,Warband Spirit Talker,
area010,git,Creature List/18/FirstName,0,12668,Warband Master,
area010,git,Creature List/2/FirstName,0,2925,Warband Thug,
area010,git,Creature List/3/FirstName,0,2925,Warband Thug,
area010,git,Creature List/4/FirstName,0,2925,Warband Thug,
area010,git,Creature List/5/FirstName,0,2934,Warband Fixer,
area010,git,Creature List/6/FirstName,0,2934,Warband Fixer,
area010,git,Creature List/7/FirstName,0,2933,Warband Sneaker,
area010,git,Creature List/8/FirstName,0,2933,Warband Sneaker,
area010,git,Creature List/9/FirstName,0,2933,Warband Sneaker,
area010,git,Door List/2/Description,0,-1,A solid stone door with a central keyhole. Scrape marks on the floor suggest someone might have used it recently.,
area010,git,Door List/3/Description,0,9076,"Bound in iron strips, this stone door hangs heavily upon its stout hinges.",
area010,git,Door List/3/LocName,0,5349,Thick Stone Door,
area010,git,Encounter List/0/LocalizedName,0,-1,Ochre Jelly in Smuggler's Tunnels,
area010,git,Encounter List/1/LocalizedName,0,-1,Ochre Jelly in Smuggler's Tunnels,
area010,git,Encounter List/2/LocalizedName,0,-1,Stink Beetles in Smuggler's Tunnels,
area010,git,Encounter List/3/LocalizedName,0,-1,Stink Beetles,
area010,git,Encounter List/4/LocalizedName,0,-1,Warband NPCs,
area010,git,Encounter List/5/LocalizedName,0,-1,Warband NPCs,
area010,git,Encounter List/6/LocalizedName,0,-1,Warband NPCs,
area010,git,Placeable List/13/ItemList/0/Description,0,-1,A thick and rusted iron key.,
area010,git,Placeable List/13/ItemList/0/LocalizedName,0,-1,Iron Key,
area010,git,Placeable List/21/LocName,0,68869,Chest,
area010,git,Placeable List/29/ItemList/0/Description,0,-1,A thick and rusted iron key.,
area010,git,Placeable List/29/ItemList/0/LocalizedName,0,-1,Iron Key,
area010,git,Placeable List/35/Description,0,14531,"This dirty, undernourished person seems to have recently died from slash-wounds.",
area010,git,Placeable List/37/Description,0,12330,"Bloody, three-toed footprints taper off into the darkness.",
area010,git,Placeable List/39/Description,0,12330,"Bloody, three-toed footprints taper off into the darkness.",
area010,git,Placeable List/50/LocName,0,68938,Barrel,
area010,git,Placeable List/51/LocName,0,68938,Barrel,
area010,git,Placeable List/52/LocName,0,68938,Barrel,
area010,git,Placeable List/53/LocName,0,68938,Barrel,
area010,git,Placeable List/55/Description,0,14708,"Oiled sacks filled with hardtack. It does not spoil easily, but it's exceptionally dry. It would keep you filled, but wholly unsatisfied.",
area010,git,Placeable List/55/LocName,0,14709,Sacks,
area010,git,Placeable List/65/Description,0,14635,"These iron rings, driven into the stone, are used to lash ships to the dock with rope. There seem to be many more rings than necessary to secure  the ship.",
area010,git,Placeable List/65/LocName,0,14636,Iron Rings,
area010,git,Placeable List/66/Description,0,14635,This chain and manacles set was tossed aside. The inside of the manacles are red with what could be rust or blood.,
area010,git,Placeable List/66/LocName,0,14636,Discarded Chain,
area010,git,Placeable List/67/Description,0,14662,"The ship appears to be empty, and there are indications that it was vacated in a hurry.",
area010,git,Placeable List/67/LocName,0,5800,"""The Red Tide""",
area010,git,WaypointList/2/MapNote,0,14815,To Undercity,
area011,git,Creature List/0/Equip_ItemList/0/LocalizedName,0,-1,Barkeep Clothes,
area011,git,Creature List/0/FirstName,0,-1,Barkeep,
area011,git,Creature List/1/Equip_ItemList/0/LocalizedName,0,-1,Shavann's Armor,
area011,git,Creature List/1/FirstName,0,-1,Shavann,
area011,git,Creature List/10/FirstName,0,-1,Kelten,
area011,git,Creature List/11/FirstName,0,-1,Sketch,
area011,git,Creature List/12/FirstName,0,-1,Trace,
area011,git,Creature List/13/Description,0,-1,A bouncer to keep Roosters patrons in line.,
area011,git,Creature List/13/FirstName,0,12372,Bouncer,
area011,git,Creature List/14/Description,0,-1,A mercenary hired to keep Roosters patrons in line.,
area011,git,Creature List/14/FirstName,0,12372,Mercenary Guard,
area011,git,Creature List/15/Description,0,-1,A mercenary hired to keep Roosters patrons in line.,
area011,git,Creature List/15/FirstName,0,12372,Mercenary Guard,
area011,git,Creature List/2/FirstName,0,-1,Bosh,
area011,git,Creature List/3/Equip_ItemList/0/LocalizedName,0,-1,Dravien Clothes,
area011,git,Creature List/3/FirstName,0,-1,Dravien,
area011,git,Creature List/4/Equip_ItemList/0/LocalizedName,0,-1,Filwit Clothes,
area011,git,Creature List/4/FirstName,0,-1,Filwit,
area011,git,Creature List/5/FirstName,0,-1,Ingmora,
area011,git,Creature List/5/ItemList/4/LocalizedName,0,-1,Junk Merchant Clothes,
area011,git,Creature List/5/ItemList/5/LocalizedName,0,-1,Karina Commoner Clothes,
area011,git,Creature List/6/Equip_ItemList/0/LocalizedName,0,-1,Barkeep Clothes,
area011,git,Creature List/6/FirstName,0,-1,Prentice,
area011,git,Creature List/7/Equip_ItemList/0/LocalizedName,0,-1,Commoner 1 Clothes,
area011,git,Creature List/7/FirstName,0,-1,Sleepy Commoner,
area011,git,Creature List/7/ItemList/2/DescIdentified,0,-1,"A bottle of a thick, sweet-looking purple liquid. Worldwine is said to cause a dreamlike state in mortals. Wherever the substance itself originally came from, the *container* looks like a repurposed spirits bottle, from a tavern called Rooster's Roost.",
area011,git,Creature List/7/ItemList/2/Description,0,-1,"A bottle of a thick, sweet-looking purple liquid. Worldwine is said to cause a dreamlike state in mortals. Wherever the substance itself originally came from, the *container* looks like a repurposed spirits bottle, from a tavern called Rooster's Roost.",
area011,git,Creature List/7/ItemList/2/LocalizedName,0,-1,Worldwine Potion,
area011,git,Creature List/8/Description,0,-1,"This woman lounges here like she owns the place, her eyes flitting above the activity in the room as if keeping tabs on it all. She narrows her eyes at your approach.",
area011,git,Creature List/8/Equip_ItemList/0/LocalizedName,0,-1,Kyla Clothes,
area011,git,Creature List/8/FirstName,0,-1,Kyla,
area011,git,Creature List/8/ItemList/1/DescIdentified,0,-1,"A bottle of a thick, sweet-looking purple liquid. Worldwine is said to cause a dreamlike state in mortals. Wherever the substance itself originally came from, the *container* looks like a repurposed spirits bottle, from a tavern called Rooster's Roost.",
area011,git,Creature List/8/ItemList/1/Description,0,-1,"A bottle of a thick, sweet-looking purple liquid. Worldwine is said to cause a dreamlike state in mortals. Wherever the substance itself originally came from, the *container* looks like a repurposed spirits bottle, from a tavern called Rooster's Roost.",
area011,git,Creature List/8/ItemList/1/LocalizedName,0,-1,Worldwine Potion,
area011,git,Creature List/8/ItemList/2/DescIdentified,0,-1,"A bottle of a thick, sweet-looking purple liquid. Worldwine is said to cause a dreamlike state in mortals. Wherever the substance itself originally came from, the *container* looks like a repurposed spirits bottle, from a tavern called Rooster's Roost.",
area011,git,Creature List/8/ItemList/2/Description,0,-1,"A bottle of a thick, sweet-looking purple liquid. Worldwine is said to cause a dreamlike state in mortals. Wherever the substance itself originally came from, the *container* looks like a repurposed spirits bottle, from a tavern called Rooster's Roost.",
area011,git,Creature List/8/ItemList/2/LocalizedName,0,-1,Worldwine Potion,
area011,git,Creature List/9/Description,0,12415,"This flightless, domesticated bird is prized both for its tender meat and for the eggs it lays on an almost daily basis.",
area011,git,Creature List/9/FirstName,0,12416,Roosters Rooster,
area011,git,Placeable List/0/LocName,0,84565,Dresser,
area011,git,Placeable List/23/LocName,0,68861,Bar,
area011,git,Placeable List/37/LocName,0,5800,Invisible Interactive Object,
area011,git,Placeable List/38/LocName,0,5800,Invisible Interactive Object,
area011,git,Placeable List/39/ItemList/1/Description,0,13026,"This note and ledger detail that a woman named Kyla is sharing a portion of her profits with the owners of the Rooster's Roost in exchange for room, board, and a promise to always mention that they've never seen Kyla before in their lives if anyone asks. It looks like Kyla runs her whole section of her operation from the Roost. 

The ledger the note was attached to has a number of discrepancies in it, from recorded income totals to some weird changes in handwriting. It looks like someone is doctoring the ledger in order to skim off the top. No one has noticed, as it seems like they only pay attention to the bottom line. The only one who could benefit from such errors would be Kyla, who could use this to reduce what she pays to the owners of the Rooster's Roost.",
area011,git,Placeable List/39/ItemList/1/LocalizedName,0,13025,Rooster's Roost Ledger,
area011,git,Placeable List/39/LocName,0,68938,Chest,
area011,git,Placeable List/5/Description,0,14700,"A yellowed and stained signboard that reads ""SEAT YOURSELF!""",
area011,git,Placeable List/5/LocName,0,14701,"""Seat Yourself!""",
area011,git,Placeable List/9/LocName,0,84565,Dresser,
area011,git,StoreList/0/LocName,0,-1,MerchantBarkeep,
area011,git,WaypointList/1/MapNote,0,14815,Area Exit,
area011,git,WaypointList/2/MapNote,0,14815,Harasi's Apartment,
coranovilla001,git,Creature List/0/Description,0,-1,"This stout dwarf wears an expression that could break rocks and lesser men on her well lined face. Her plain house dress is layered with what may either be flour or dust, possibly both. She, like the loose bun she keeps on the top of her head, is otherwise well kept. The only otherwise outstanding feature is the collar around her neck, marking her for a slave.",
coranovilla001,git,Creature List/0/Equip_ItemList/0/LocalizedName,0,-1,Yvonne's Outfit,
coranovilla001,git,Creature List/0/FirstName,0,-1,Yvonne,
coranovilla001,git,Creature List/0/ItemList/2/DescIdentified,0,-1,A Ring of Sending.,
coranovilla001,git,Creature List/0/ItemList/2/Description,0,-1,A plain-looking silver ring.,
coranovilla001,git,Creature List/0/ItemList/2/LocalizedName,0,-1,Ring of Sending,
coranovilla001,git,Creature List/1/Equip_ItemList/0/LocalizedName,0,-1,Farasano Correlano's Outfit,
coranovilla001,git,Creature List/1/FirstName,0,-1,Farasano,
coranovilla001,git,Creature List/1/LastName,0,-1,Corano,
coranovilla001,git,Creature List/10/Equip_ItemList/0/LocalizedName,0,-1,Noble Garb 6,
coranovilla001,git,Creature List/10/FirstName,0,-1,Muffy,
coranovilla001,git,Creature List/11/Equip_ItemList/0/LocalizedName,0,-1,Noble Garb 8,
coranovilla001,git,Creature List/11/FirstName,0,-1,Noble Citizen,
coranovilla001,git,Creature List/12/Equip_ItemList/0/LocalizedName,0,-1,Noble Garb 7,
coranovilla001,git,Creature List/12/FirstName,0,-1,Noble Citizen,
coranovilla001,git,Creature List/13/Equip_ItemList/0/LocalizedName,0,-1,Noble Garb 7,
coranovilla001,git,Creature List/13/FirstName,0,-1,Noble Citizen,
coranovilla001,git,Creature List/2/Equip_ItemList/0/LocalizedName,0,-1,City Guard Teeth Helmet,
coranovilla001,git,Creature List/2/Equip_ItemList/1/LocalizedName,0,13798,City Guard Teeth Armor,
coranovilla001,git,Creature List/2/FirstName,0,-1,City Guard,
coranovilla001,git,Creature List/3/Equip_ItemList/0/LocalizedName,0,-1,City Guard Teeth Helmet,
coranovilla001,git,Creature List/3/Equip_ItemList/1/LocalizedName,0,13798,City Guard Teeth Armor,
coranovilla001,git,Creature List/3/FirstName,0,-1,City Guard,
coranovilla001,git,Creature List/4/Equip_ItemList/0/LocalizedName,0,-1,City Guard Teeth Helmet,
coranovilla001,git,Creature List/4/Equip_ItemList/1/LocalizedName,0,13798,City Guard Teeth Armor,
coranovilla001,git,Creature List/4/FirstName,0,-1,City Guard,
coranovilla001,git,Creature List/5/Equip_ItemList/0/LocalizedName,0,-1,City Guard Teeth Helmet,
coranovilla001,git,Creature List/5/Equip_ItemList/1/LocalizedName,0,13798,City Guard Teeth Armor,
coranovilla001,git,Creature List/5/FirstName,0,-1,City Guard,
coranovilla001,git,Creature List/6/Equip_ItemList/0/LocalizedName,0,-1,City Guard Teeth Helmet,
coranovilla001,git,Creature List/6/Equip_ItemList/1/LocalizedName,0,13798,City Guard Teeth Armor,
coranovilla001,git,Creature List/6/FirstName,0,-1,City Guard,
coranovilla001,git,Creature List/7/Equip_ItemList/0/LocalizedName,0,-1,City Guard Teeth Helmet,
coranovilla001,git,Creature List/7/Equip_ItemList/1/LocalizedName,0,13798,City Guard Teeth Armor,
coranovilla001,git,Creature List/7/FirstName,0,-1,City Guard,
coranovilla001,git,Creature List/8/Equip_ItemList/0/LocalizedName,0,-1,City Guard Teeth Helmet,
coranovilla001,git,Creature List/8/Equip_ItemList/1/LocalizedName,0,13798,City Guard Teeth Armor,
coranovilla001,git,Creature List/8/FirstName,0,-1,City Guard,
coranovilla001,git,Creature List/9/Equip_ItemList/0/LocalizedName,0,-1,Noble Garb 5,
coranovilla001,git,Creature List/9/FirstName,0,-1,Winthrop,
coranovilla001,git,Door List/3/LocName,0,5349,Door,
coranovilla001,git,Door List/4/LocName,0,5349,BackDoor,
coranovilla001,git,Placeable List/0/Description,0,68936,A pile of books and documents.,
coranovilla001,git,Placeable List/0/LocName,0,68935,Book Piles,
coranovilla001,git,Placeable List/1/ItemList/0/Description,0,-1,This collection of documents includes the deed for a building in the North Market District being rented by one Aladara the Dreamer. It's notarized by the Fraternity of Order. Farasano Corano paid more for her building than you would likely see in a lifetime of adventuring.,
coranovilla001,git,Placeable List/1/ItemList/0/LocalizedName,0,-1,North Market Property Deeds,
coranovilla001,git,Placeable List/1/ItemList/3/Description,0,-1,"These documents detail the deeds and ownership of several warehouses in the Sea Market district, including one rented out to a slaver named Ulan Aurintar. Attached are receipts for the purchase of a very large number of slaves from Ulan, including notes that reference to the quality of the slaves ""post-recovery."" It doesn't detail what they are recovering from.",
coranovilla001,git,Placeable List/1/ItemList/3/LocalizedName,0,-1,Sea Market Warehouse Deeds,
coranovilla001,git,Placeable List/28/Description,0,14572,Such a large pool of blood tells the tale of someone who put up one hell of a fight.,
coranovilla001,git,Placeable List/28/LocName,0,5789,Pool of Blood,
coranovilla001,git,Placeable List/33/Description,0,84598,Among the wreckage is a decanter containing an alcohol that looks like liquid gold and smells about as expensive.,
coranovilla001,git,Placeable List/33/LocName,0,84592,Broken Shelves,
coranovilla001,git,Placeable List/70/Description,0,14597,This box is filled with some very expensive and sweet smelling pipeweed.,
coranovilla001,git,Placeable List/70/LocName,0,5348,Tobacco Box,
coranovilla001,git,Placeable List/71/Description,0,68936,One of the books details the theorized layout of the Inner and Outer planes.,
coranovilla001,git,Placeable List/71/LocName,0,68935,Book Piles,
coranovilla001,git,Placeable List/72/Description,0,14572,This streaked blood and single footprint indicates that this was the point of entry for a single assassin. Chilling to think one person may have been responsible for all the death here.,
coranovilla001,git,Placeable List/72/LocName,0,5789,Bloody Footprint,
coranovilla001,git,SoundList/6/LocName,0,67826,coughs and whispers,
coranovilla001,git,TriggerList/0/LocalizedName,0,14759,Send Teddy to Limbo,
firstnightmare,git,Creature List/1/Description,0,-1,"This woman is the very picture of a seer. Her long dark hair is held in a tangled ponytail. She wears a set of blood-speckled grey robes, as tattered, torn, and frayed as her unfocused gaze. A collection of beads and baubles rests around her neck, making soft clicking sounds when she moves.",
firstnightmare,git,Creature List/1/Equip_ItemList/0/LocalizedName,0,-1,Aladara's Armor,
firstnightmare,git,Creature List/1/FirstName,0,-1,Aladara,
firstnightmare,git,Creature List/10/Description,0,-1,A ghastly shadow.,
firstnightmare,git,Creature List/10/FirstName,0,-1,Nightmare Shadow,
firstnightmare,git,Creature List/11/Description,0,-1,A ghastly shadow.,
firstnightmare,git,Creature List/11/FirstName,0,-1,Nightmare Shadow,
firstnightmare,git,Creature List/12/Description,0,-1,A ghastly shadow.,
firstnightmare,git,Creature List/12/FirstName,0,-1,Nightmare Shadow,
firstnightmare,git,Creature List/13/Description,0,-1,A ghastly shadow.,
firstnightmare,git,Creature List/13/FirstName,0,-1,Nightmare Shadow,
firstnightmare,git,Creature List/14/Description,0,-1,A ghastly shadow.,
firstnightmare,git,Creature List/14/FirstName,0,-1,Nightmare Shadow,
firstnightmare,git,Creature List/15/Description,0,-1,A ghastly shadow.,
firstnightmare,git,Creature List/15/FirstName,0,-1,Nightmare Shadow,
firstnightmare,git,Creature List/16/Description,0,-1,A ghastly shadow.,
firstnightmare,git,Creature List/16/FirstName,0,-1,Nightmare Shadow,
firstnightmare,git,Creature List/2/Description,0,-1,"This tiefling is adorned head to toe in fine black silks of every texture imaginable, offsetting the gold necklace and rings that serve as his accessories. His long face is crowned in two horns, which curl alongside his cheeks, framing an almost perpetual sneer. Everything about Ulan seems to be crafted specifically  to make sure those looking at him know that he believes he is better than whatever activity he is engaging in at the time.",
firstnightmare,git,Creature List/2/Equip_ItemList/0/LocalizedName,0,-1,Ulan's Armor,
firstnightmare,git,Creature List/2/FirstName,0,-1,Ulan,
firstnightmare,git,Creature List/2/LastName,0,-1, Aurintar,
firstnightmare,git,Creature List/3/Description,0,-1,A ghastly shadow.,
firstnightmare,git,Creature List/3/FirstName,0,-1,Nightmare Shadow,
firstnightmare,git,Creature List/4/Description,0,-1,A ghastly shadow.,
firstnightmare,git,Creature List/4/FirstName,0,-1,Nightmare Shadow,
firstnightmare,git,Creature List/5/Description,0,-1,A ghastly shadow.,
firstnightmare,git,Creature List/5/FirstName,0,-1,Nightmare Shadow,
firstnightmare,git,Creature List/6/Description,0,-1,A ghastly shadow.,
firstnightmare,git,Creature List/6/FirstName,0,-1,Nightmare Shadow,
firstnightmare,git,Creature List/7/Description,0,-1,A ghastly shadow.,
firstnightmare,git,Creature List/7/FirstName,0,-1,Nightmare Shadow,
firstnightmare,git,Creature List/8/Description,0,-1,A ghastly shadow.,
firstnightmare,git,Creature List/8/FirstName,0,-1,Nightmare Shadow,
firstnightmare,git,Creature List/9/Description,0,-1,A ghastly shadow.,
firstnightmare,git,Creature List/9/FirstName,0,-1,Nightmare Shadow,
firstnightmare,git,Placeable List/0/Description,0,14662,"You look about you, suspicious, but see nothing.",
firstnightmare,git,Placeable List/0/LocName,0,5800,Mysterious Voice,
firstnightmare,git,TriggerList/0/LocalizedName,0,14759,1.P_N1_MYSTERIOUS_VOICE.nmys_001,
firstnightmare,git,TriggerList/1/LocalizedName,0,14759,1.DDF_NPC_AladaraExplode,
firstnightmare,git,TriggerList/2/LocalizedName,0,14759,1.DDF_NPC_Ulan_FN,
firstnightmare,git,WaypointList/0/LocalizedName,0,-1,ddf_SpawnPoint_FirstNightmare01,
harasissoulapt,git,Encounter List/0/LocalizedName,0,-1,Harasi's Soul Trade Apartment,
harasissoulapt,git,Placeable List/17/LocName,0,5656,Rucksack,
harasissoulapt,git,Placeable List/20/LocName,0,66692,Dead Flowers,
harasissoulapt,git,Placeable List/28/Description,0,84574,Various scraps of paper.,
harasissoulapt,git,Placeable List/28/LocName,0,84561,Documents,
harasissoulapt,git,Placeable List/29/Description,0,84574,Various scraps of paper.,
harasissoulapt,git,Placeable List/29/LocName,0,84561,Documents,
harasissoulapt,git,Placeable List/30/LocName,0,84563,Note,
harasissoulapt,git,Placeable List/31/Description,0,84574,Various scraps of paper.,
harasissoulapt,git,Placeable List/31/LocName,0,84561,Papers,
harasissoulapt,git,Placeable List/32/Description,0,84576,A simple sheet of paper.,
harasissoulapt,git,Placeable List/32/LocName,0,84563,Receipt,
harasissoulapt,git,Placeable List/67/Description,0,84574,Various scraps of paper.,
harasissoulapt,git,Placeable List/67/LocName,0,84561,Receipts,
harasissoulapt,git,Placeable List/68/Description,0,84574,Various scraps of paper.,
harasissoulapt,git,Placeable List/68/LocName,0,84561,Documents,
harasissoulapt,git,Placeable List/69/Description,0,84574,Various scraps of paper.,
harasissoulapt,git,Placeable List/69/LocName,0,84561,Documents,
harasissoulapt,git,TriggerList/0/LocalizedName,0,14759,TriggerHarasiSoulApt,
limbo,git,Creature List/0/Description,0,-1,"Squat, round, and happy, Teddy is the very picture of halfling contentment. His features are round and his constant smile makes them even rounder. You feel like he must have been an adorable baby. He wears his servant's clothes with pride and keeps his curly brown hair well kept, as would be expected for his station.",
limbo,git,Creature List/0/Equip_ItemList/0/LocalizedName,0,-1,Teddy's Outfit,
limbo,git,Creature List/0/FirstName,0,-1,Teddy,
limbo,git,Creature List/1/Description,0,-1,"Everything about Lucenna's appearance screams, ""capable."" The tall human woman wears her immaculate full mithril plate with the ease and comfort of a veteran soldier. A blue half cape is splashed across her back, cut by a prim blond ponytail. She leans on a halberd, her hand on the hilt of one of two daggers slung to her belt, a bemused expression on her soft but battleworn features.",
limbo,git,Creature List/1/Equip_ItemList/0/LocalizedName,0,13798,Lucenna's Armor,
limbo,git,Creature List/1/FirstName,0,-1,Lucenna,
limbo,git,Creature List/2/Description,0,-1,"A knife in human form, Harasi is one severe woman. Everything about her has an edge. The sharp cut of her long black hair is offset by the brown hue of her skin. She moves as smoothly and quietly as a blade clearing a scabbard in the dark. Her eyes are almost constantly narrowed at whatever she is looking at, as if she suspects the entire world of lying to her.",
limbo,git,Creature List/2/Equip_ItemList/0/LocalizedName,0,13717,Harasi's Light Armor,
limbo,git,Creature List/2/FirstName,0,-1,Harasi,
limbo,git,Creature List/2/ItemList/7/DescIdentified,0,-1,A Ring of Sending.,
limbo,git,Creature List/2/ItemList/7/Description,0,-1,A plain-looking silver ring.,
limbo,git,Creature List/2/ItemList/7/LocalizedName,0,-1,Ring of Sending,
limbo,git,Creature List/2/LastName,0,-1,Finas,
limbo,git,Creature List/3/Equip_ItemList/0/LocalizedName,0,-1,Slaver Outfit,
limbo,git,Creature List/3/FirstName,0,-1,Slaver Guard,
midtownmunicipal,git,Creature List/0/Equip_ItemList/0/LocalizedName,0,-1,City Guard Teeth Helmet,
midtownmunicipal,git,Creature List/0/Equip_ItemList/1/LocalizedName,0,13798,City Guard Armor,
midtownmunicipal,git,Creature List/0/FirstName,0,-1,City Guard,
midtownmunicipal,git,Creature List/1/Equip_ItemList/0/LocalizedName,0,-1,Harmonium Guard Helmet,
midtownmunicipal,git,Creature List/1/Equip_ItemList/1/LocalizedName,0,13798,Harmonium Guard Armor,
midtownmunicipal,git,Creature List/1/FirstName,0,-1,Harmonium Guard,
midtownmunicipal,git,Creature List/2/Equip_ItemList/0/LocalizedName,0,-1,Harmonium Guard Helmet,
midtownmunicipal,git,Creature List/2/Equip_ItemList/1/LocalizedName,0,13798,Harmonium Guard Armor,
midtownmunicipal,git,Creature List/2/FirstName,0,-1,Harmonium Guard,
midtownmunicipal,git,Creature List/3/Equip_ItemList/0/LocalizedName,0,12928,Baatezu Guard Armor,
midtownmunicipal,git,Creature List/3/FirstName,0,-1,Cambion,
midtownmunicipal,git,Creature List/4/Equip_ItemList/0/LocalizedName,0,12928,Baatezu Guard Armor,
midtownmunicipal,git,Creature List/4/FirstName,0,-1,Cambion,
midtownmunicipal,git,Creature List/5/FirstName,0,-1,Businessman,
midtownmunicipal,git,Creature List/6/Equip_ItemList/0/LocalizedName,0,-1,City Guard Teeth Helmet,
midtownmunicipal,git,Creature List/6/Equip_ItemList/1/LocalizedName,0,13798,Guvner Guard Armor,
midtownmunicipal,git,Creature List/6/FirstName,0,-1,Fraternity of Order Guard,
midtownmunicipal,git,Creature List/7/Equip_ItemList/0/LocalizedName,0,-1,Harmonium Guard Helmet,
midtownmunicipal,git,Creature List/7/Equip_ItemList/1/LocalizedName,0,13798,Harmonium Guard Armor,
midtownmunicipal,git,Creature List/7/FirstName,0,-1,Harmonium Guard,
midtownmunicipal,git,Creature List/8/Equip_ItemList/0/LocalizedName,0,-1,Noble Garb 1,
midtownmunicipal,git,Creature List/8/FirstName,0,-1,Citizen,
midtownmunicipal,git,Door List/4/Description,0,-1,Nothing to see here.,
midtownmunicipal,git,Door List/4/LocName,0,-1,Unusable Door,
midtownmunicipal,git,Encounter List/0/LocalizedName,0,-1,Mid-town NPCs,
midtownmunicipal,git,Placeable List/0/LocName,0,14688,"""Records Building""",
midtownmunicipal,git,Placeable List/12/Description,0,-1,A door mat,
midtownmunicipal,git,Placeable List/12/LocName,0,-1,Entrance to Records Building,
midtownmunicipal,git,Placeable List/15/LocName,0,14616,"""To Sea Market""",
midtownmunicipal,git,Placeable List/16/LocName,0,14616,"""To Sea Market""",
midtownmunicipal,git,Placeable List/2/Description,0,41263,A wooden door.,
midtownmunicipal,git,Placeable List/2/LocName,0,63463,Records Building Door,
midtownmunicipal,git,Placeable List/22/Description,0,6792,A basket with crumbs.,
midtownmunicipal,git,Placeable List/22/LocName,0,111668,Bread Basket,
midtownmunicipal,git,Placeable List/23/LocName,0,5656,Cloth Bag,
midtownmunicipal,git,Placeable List/24/Description,0,84576,"A scrap of paper with a dusting of flour, it says ""Back in 2 bells.. give or take a few."".",
midtownmunicipal,git,Placeable List/24/LocName,0,84563,Handwritten Note,
midtownmunicipal,git,Placeable List/37/Description,0,-1,The flag of Furiae.,
midtownmunicipal,git,Placeable List/37/LocName,0,-1,DDF Flag C01,
midtownmunicipal,git,Placeable List/38/Description,0,-1,The flag of Furiae.,
midtownmunicipal,git,Placeable List/38/LocName,0,-1,DDF Flag C01,
midtownmunicipal,git,Placeable List/5/Description,0,14662,The aroma of fresh baked goods is trapped behind this window.,
midtownmunicipal,git,Placeable List/5/LocName,0,5800,Bakery Window,
midtownmunicipal,git,Placeable List/9/LocName,0,14616,"""Boggart's Bakery""",
midtownmunicipal,git,TriggerList/0/LocalizedName,0,14759,New Generic,
midtownmunicipal,git,WaypointList/13/MapNote,0,14815,Area Exit,
midtownmunicipal,git,WaypointList/14/MapNote,0,14815,Municipal Records Building,
midtownmunicipal,git,WaypointList/15/LocalizedName,0,14814,Map Note,
midtownmunicipal,git,WaypointList/15/MapNote,0,14815,Back Door of Municipal Records Building,
midtownmunicipal,git,WaypointList/16/LocalizedName,0,14814,Map Note,
midtownmunicipal,git,WaypointList/16/MapNote,0,14815,Bakery,
northmarket,git,Creature List/0/Equip_ItemList/0/LocalizedName,0,-1,City Guard Teeth Helmet,
northmarket,git,Creature List/0/Equip_ItemList/1/LocalizedName,0,13798,City Guard Armor,
northmarket,git,Creature List/0/FirstName,0,-1,City Guard,
northmarket,git,Creature List/1/Equip_ItemList/0/LocalizedName,0,-1,City Guard Teeth Helmet,
northmarket,git,Creature List/1/Equip_ItemList/1/LocalizedName,0,13798,City Guard Armor Municipal,
northmarket,git,Creature List/1/FirstName,0,-1,City Guard,
northmarket,git,Creature List/2/Equip_ItemList/0/LocalizedName,0,-1,Commoner Garb,
northmarket,git,Creature List/2/FirstName,0,-1,Citizen,
northmarket,git,Creature List/3/Equip_ItemList/0/LocalizedName,0,-1,Commoner Garb,
northmarket,git,Creature List/3/FirstName,0,-1,Citizen,
northmarket,git,Creature List/4/Equip_ItemList/0/LocalizedName,0,-1,Commoner Garb,
northmarket,git,Creature List/4/FirstName,0,-1,Citizen,
northmarket,git,Creature List/5/Equip_ItemList/0/LocalizedName,0,-1,Commoner Garb,
northmarket,git,Creature List/5/FirstName,0,-1,Citizen,
northmarket,git,Door List/2/Description,0,-1,Nothing to see here.,
northmarket,git,Door List/2/LocName,0,-1,Unusable Door,
northmarket,git,Door List/3/Description,0,-1,Nothing to see here.,
northmarket,git,Door List/3/LocName,0,-1,Unusable Door,
northmarket,git,Door List/4/Description,0,-1,Nothing to see here.,
northmarket,git,Door List/4/LocName,0,-1,Unusable Door,
northmarket,git,Door List/5/Description,0,-1,Nothing to see here.,
northmarket,git,Door List/5/LocName,0,-1,Unusable Door,
northmarket,git,Encounter List/0/LocalizedName,0,-1,NorthMarket NPCs 1,
northmarket,git,Encounter List/1/LocalizedName,0,-1,NorthMarket NPCs 2,
northmarket,git,Placeable List/0/Description,0,68960,This window is ajar.,
northmarket,git,Placeable List/0/LocName,0,68959,Partially Open Window,
northmarket,git,Placeable List/20/ItemList/0/LocalizedName,0,-1,Commoner Garb,
northmarket,git,Placeable List/20/ItemList/1/LocalizedName,0,-1,Commoner Garb,
northmarket,git,Placeable List/20/ItemList/2/LocalizedName,0,-1,Commoner Garb,
northmarket,git,Placeable List/3/Description,0,14619,A banner denoting the neighborhood entrance.,
northmarket,git,Placeable List/4/Description,0,14619,A banner denoting the neighborhood entrance.,
northmarket,git,Placeable List/5/Description,0,-1,A door mat,
northmarket,git,Placeable List/5/LocName,0,-1,Entrance to Apartment,
northmarket,git,WaypointList/2/MapNote,0,14815,Area Exit,
northmarket,git,WaypointList/3/MapNote,0,14815,Aladara's Apartment,
ratholestreets,git,Creature List/0/Equip_ItemList/0/LocalizedName,0,-1,City Guard Teeth Helmet,
ratholestreets,git,Creature List/0/Equip_ItemList/1/LocalizedName,0,13798,City Guard Armor,
ratholestreets,git,Creature List/0/FirstName,0,-1,City Guard,
ratholestreets,git,Creature List/1/Equip_ItemList/0/LocalizedName,0,-1,City Guard Teeth Helmet,
ratholestreets,git,Creature List/1/Equip_ItemList/1/LocalizedName,0,13798,City Guard Armor,
ratholestreets,git,Creature List/1/FirstName,0,-1,City Guard,
ratholestreets,git,Creature List/2/Equip_ItemList/0/LocalizedName,0,-1,Trina Morningdew Clothes,
ratholestreets,git,Creature List/2/FirstName,0,-1,Trina,
ratholestreets,git,Creature List/2/ItemList/2/DescIdentified,0,-1,"A bottle of a thick, sweet-looking purple liquid. Worldwine is said to cause a dreamlike state in mortals. Wherever the substance itself originally came from, the *container* looks like a repurposed spirits bottle, from a tavern called Rooster's Roost.",
ratholestreets,git,Creature List/2/ItemList/2/Description,0,-1,"A bottle of a thick, sweet-looking purple liquid. Worldwine is said to cause a dreamlike state in mortals. Wherever the substance itself originally came from, the *container* looks like a repurposed spirits bottle, from a tavern called Rooster's Roost.",
ratholestreets,git,Creature List/2/ItemList/2/LocalizedName,0,-1,Worldwine Potion,
ratholestreets,git,Creature List/2/ItemList/3/DescIdentified,0,-1,"A bottle of a thick, sweet-looking purple liquid. Worldwine is said to cause a dreamlike state in mortals. Wherever the substance itself originally came from, the *container* looks like a repurposed spirits bottle, from a tavern called Rooster's Roost.",
ratholestreets,git,Creature List/2/ItemList/3/Description,0,-1,"A bottle of a thick, sweet-looking purple liquid. Worldwine is said to cause a dreamlike state in mortals. Wherever the substance itself originally came from, the *container* looks like a repurposed spirits bottle, from a tavern called Rooster's Roost.",
ratholestreets,git,Creature List/2/ItemList/3/LocalizedName,0,-1,Worldwine Potion,
ratholestreets,git,Creature List/2/LastName,0,-1,Morningdew,
ratholestreets,git,Creature List/3/Equip_ItemList/0/LocalizedName,0,-1,Teleth Clothes,
ratholestreets,git,Creature List/3/FirstName,0,-1,Teleth,
ratholestreets,git,Creature List/3/ItemList/3/DescIdentified,0,-1,"A bottle of a thick, sweet-looking purple liquid. Worldwine is said to cause a dreamlike state in mortals. Wherever the substance itself originally came from, the *container* looks like a repurposed spirits bottle, from a tavern called Rooster's Roost.",
ratholestreets,git,Creature List/3/ItemList/3/Description,0,-1,"A bottle of a thick, sweet-looking purple liquid. Worldwine is said to cause a dreamlike state in mortals. Wherever the substance itself originally came from, the *container* looks like a repurposed spirits bottle, from a tavern called Rooster's Roost.",
ratholestreets,git,Creature List/3/ItemList/3/LocalizedName,0,-1,Worldwine Potion,
ratholestreets,git,Creature List/3/ItemList/4/DescIdentified,0,-1,"A bottle of a thick, sweet-looking purple liquid. Worldwine is said to cause a dreamlike state in mortals. Wherever the substance itself originally came from, the *container* looks like a repurposed spirits bottle, from a tavern called Rooster's Roost.",
ratholestreets,git,Creature List/3/ItemList/4/Description,0,-1,"A bottle of a thick, sweet-looking purple liquid. Worldwine is said to cause a dreamlike state in mortals. Wherever the substance itself originally came from, the *container* looks like a repurposed spirits bottle, from a tavern called Rooster's Roost.",
ratholestreets,git,Creature List/3/ItemList/4/LocalizedName,0,-1,Worldwine Potion,
ratholestreets,git,Creature List/3/LastName,0,-1,Horner,
ratholestreets,git,Creature List/4/Equip_ItemList/0/LocalizedName,0,-1,City Guard Teeth Helmet,
ratholestreets,git,Creature List/4/Equip_ItemList/1/LocalizedName,0,13798,City Guard Armor,
ratholestreets,git,Creature List/4/FirstName,0,-1,City Guard,
ratholestreets,git,Creature List/5/Equip_ItemList/0/LocalizedName,0,-1,City Guard Teeth Helmet,
ratholestreets,git,Creature List/5/Equip_ItemList/1/LocalizedName,0,13798,City Guard Armor,
ratholestreets,git,Creature List/5/FirstName,0,-1,City Guard,
ratholestreets,git,Door List/0/LocName,0,5349,Inn Door,
ratholestreets,git,Door List/1/LocName,0,5349,Gate,
ratholestreets,git,Door List/2/LocName,0,5349,Door,
ratholestreets,git,Door List/3/Description,0,-1,This is a private residence of no consequence; you can't get inside.,
ratholestreets,git,Door List/3/LocName,0,-1,Unusable Door,
ratholestreets,git,Door List/4/Description,0,-1,This is a private residence of no consequence; you can't get inside.,
ratholestreets,git,Door List/4/LocName,0,-1,Unusable Door,
ratholestreets,git,Door List/5/Description,0,-1,This is a private residence of no consequence; you can't get inside.,
ratholestreets,git,Door List/5/LocName,0,-1,Unusable Door,
ratholestreets,git,Door List/6/Description,0,-1,This is a private residence of no consequence; you can't get inside.,
ratholestreets,git,Door List/6/LocName,0,-1,Unusable Door,
ratholestreets,git,Encounter List/0/LocalizedName,0,-1,Rathole Ruffian Encounter,
ratholestreets,git,Encounter List/1/LocalizedName,0,-1,RatsEncounter,
ratholestreets,git,Encounter List/2/LocalizedName,0,-1,RatsEncounter,
ratholestreets,git,Encounter List/3/LocalizedName,0,-1,Rathole NPC's 2,
ratholestreets,git,Encounter List/4/LocalizedName,0,-1,Rathole NPC's 1,
ratholestreets,git,Encounter List/5/LocalizedName,0,-1,RatsEncounter,
ratholestreets,git,Placeable List/0/Description,0,68926,A sturdy stone door leading to another part of Rathole. It's locked from the other side.,
ratholestreets,git,Placeable List/1/Description,0,14717,"""The Devil's Beard Inn""",
ratholestreets,git,Placeable List/2/Description,0,-1,A door mat,
ratholestreets,git,Placeable List/2/LocName,0,-1,Entrance to Inn,
ratholestreets,git,Placeable List/20/Description,0,110864,"A small shrine to Trithereon, Oerth's god of liberty",
ratholestreets,git,Placeable List/20/LocName,0,110794,Shrine of Trithereon,
ratholestreets,git,Placeable List/22/Description,0,-1,The flag of Furiae.,
ratholestreets,git,Placeable List/22/LocName,0,-1,DDF Flag B01,
ratholestreets,git,Placeable List/23/Description,0,-1,The flag of Furiae.,
ratholestreets,git,Placeable List/23/LocName,0,-1,DDF Flag C01,
ratholestreets,git,Placeable List/24/Description,0,-1,The flag of Furiae.,
ratholestreets,git,Placeable List/24/LocName,0,-1,DDF Flag C01,
ratholestreets,git,Placeable List/9/Description,0,-1,A door mat,
ratholestreets,git,Placeable List/9/LocName,0,-1,Entrance to Apartment,
ratholestreets,git,WaypointList/11/LocalizedName,0,-1,NW_STOP,
ratholestreets,git,WaypointList/5/MapNote,0,14815,Area Exit,
ratholestreets,git,WaypointList/6/MapNote,0,14815,Inn,
ratholestreets,git,WaypointList/7/MapNote,0,14815,Harasi's Apartment,
recordbuilding,git,Creature List/0/Equip_ItemList/0/LocalizedName,0,-1,City Guard Teeth Helmet,
recordbuilding,git,Creature List/0/Equip_ItemList/1/LocalizedName,0,13798,Guvner Guard Armor,
recordbuilding,git,Creature List/0/FirstName,0,-1,Fraternity of Order Guard,
recordbuilding,git,Creature List/1/Equip_ItemList/0/LocalizedName,0,-1,City Guard Teeth Helmet,
recordbuilding,git,Creature List/1/Equip_ItemList/1/LocalizedName,0,13798,Guvner Guard Armor,
recordbuilding,git,Creature List/1/FirstName,0,-1,Fraternity of Order Guard,
recordbuilding,git,Creature List/2/Equip_ItemList/0/LocalizedName,0,13798,Guvner Guard Armor,
recordbuilding,git,Creature List/2/FirstName,0,-1,Fraternity of Order Clerk,
recordbuilding,git,Door List/2/LocName,0,5349,Door,
recordbuilding,git,Placeable List/27/Description,0,68936,A pile of record books waiting to be refiled.,
recordbuilding,git,Placeable List/27/LocName,0,68935,Book Pile,
recordbuilding,git,Placeable List/28/Description,0,68934,"""The Care and Keeping of Records""  A well worn book on the topic of record keeping best practices passed down through the ages.",
recordbuilding,git,Placeable List/28/LocName,0,68933,Tome,
recordbuilding,git,Placeable List/5/Description,0,66696,"Stuffed with tomes of all shapes and sizes, this bookcase stores a wealth of knowledge.",
seamarket,git,Creature List/0/Description,0,-1,"The gnome, Quilian, stands before you hunched over, the result of hours of work. His brown skin is covered in small patches of dirt and ash he absently wipes at. It doesn't help. Blue hair sticks out of his peaked cap, also patched with grime of an indeterminate nature. His belt is lashed with pouches and it seems the other clothes he wears, from his half robe to his vest to his belt, are made of pockets. He constantly looks around and you'd swear his image shimmers and wavers out of the corner of your eye.",
seamarket,git,Creature List/0/Equip_ItemList/0/LocalizedName,0,-1,Unused Armor,
seamarket,git,Creature List/0/FirstName,0,-1,Quillian,
seamarket,git,Creature List/1/Equip_ItemList/0/LocalizedName,0,-1,City Guard Teeth Helmet,
seamarket,git,Creature List/1/Equip_ItemList/1/LocalizedName,0,13798,City Guard Armor,
seamarket,git,Creature List/1/FirstName,0,-1,City Guard,
seamarket,git,Creature List/10/Equip_ItemList/0/LocalizedName,0,-1,Commoner Shyla Whisperer Clothes,
seamarket,git,Creature List/10/FirstName,0,-1,Citizen,
seamarket,git,Creature List/11/Equip_ItemList/0/LocalizedName,0,-1,Commoner Shyla Whisperer Clothes,
seamarket,git,Creature List/11/FirstName,0,-1,Citizen,
seamarket,git,Creature List/12/Description,0,-1,"A collection of hellish jet black spikes and horns that serves as Shylia's full plate looms over you. You presume Shylia, a gigantic, intimidating human is in there because you can feel her glaring at you, the room, and probably at someone two planes over. She grips a spiked chain so wicked looking that other spiked chains probably call it ""Ma'am.""",
seamarket,git,Creature List/12/Equip_ItemList/0/LocalizedName,0,-1,Shaylia's Helmet,
seamarket,git,Creature List/12/Equip_ItemList/1/LocalizedName,0,-1,Shaylia's Armor,
seamarket,git,Creature List/12/Equip_ItemList/2/LocalizedName,0,-1,Chain Whip,
seamarket,git,Creature List/12/FirstName,0,-1,Shylia,
seamarket,git,Creature List/12/LastName,0,-1,the Shackles,
seamarket,git,Creature List/13/Equip_ItemList/0/LocalizedName,0,-1,Karina Commoner Clothes,
seamarket,git,Creature List/13/FirstName,0,-1,Karina,
seamarket,git,Creature List/14/FirstName,0,-1,Bilbang,
seamarket,git,Creature List/15/Equip_ItemList/0/LocalizedName,0,-1,Slaves of Ulan Mens Clothes,
seamarket,git,Creature List/15/FirstName,0,-1,Slave,
seamarket,git,Creature List/16/Equip_ItemList/0/LocalizedName,0,-1,Slaves of Ulan Womens Clothes,
seamarket,git,Creature List/16/FirstName,0,-1,Slave,
seamarket,git,Creature List/17/Equip_ItemList/0/LocalizedName,0,-1,Slaves of Ulan Mens Clothes,
seamarket,git,Creature List/17/FirstName,0,-1,Slave,
seamarket,git,Creature List/18/Equip_ItemList/0/LocalizedName,0,-1,Slaves of Ulan Womens Clothes,
seamarket,git,Creature List/18/FirstName,0,-1,Slave,
seamarket,git,Creature List/19/Equip_ItemList/0/LocalizedName,0,-1,Slaves of Ulan Mens Clothes,
seamarket,git,Creature List/19/FirstName,0,-1,Slave,
seamarket,git,Creature List/2/Equip_ItemList/0/LocalizedName,0,-1,City Guard Teeth Helmet,
seamarket,git,Creature List/2/Equip_ItemList/1/LocalizedName,0,13798,City Guard Armor,
seamarket,git,Creature List/2/FirstName,0,-1,City Guard,
seamarket,git,Creature List/20/Equip_ItemList/0/LocalizedName,0,-1,Slaver Outfit,
seamarket,git,Creature List/20/FirstName,0,-1,Slave Auctioneer,
seamarket,git,Creature List/21/Description,0,-1,"This tiefling is adorned head to toe in fine black silks of every texture imaginable, offsetting the gold necklace and rings that serve as his accessories. His long face is crowned in two horns, which curl alongside his cheeks, framing an almost perpetual sneer. Everything about Ulan seems to be crafted specifically  to make sure those looking at him know that he believes he is better than whatever activity he is engaging in at the time.",
seamarket,git,Creature List/21/Equip_ItemList/0/LocalizedName,0,-1,Ulan's Armor,
seamarket,git,Creature List/21/FirstName,0,-1,Ulan,
seamarket,git,Creature List/21/ItemList/10/DescIdentified,0,-1,A Ring of Sending.,
seamarket,git,Creature List/21/ItemList/10/Description,0,-1,A plain-looking silver ring.,
seamarket,git,Creature List/21/ItemList/10/LocalizedName,0,-1,Ring of Sending,
seamarket,git,Creature List/21/LastName,0,-1, Aurintar,
seamarket,git,Creature List/22/Description,0,-1,"The half-orc in front of you is all muscles and glaring. His right good eye stares with a force, always taking in the scene. His perpetual frown is pierced by two short,  jutting tusks, one broken but completed with a golden cap etched with an orcish glyph. He has adorned himself with a cap, loose shirt, and vest. His hands are wrapped in fingerless leather gloves. You can see the knuckles seem to be a bit worn.",
seamarket,git,Creature List/22/Equip_ItemList/0/LocalizedName,0,-1,Kresh Clothes,
seamarket,git,Creature List/22/FirstName,0,-1,Kresh,
seamarket,git,Creature List/22/LastName,0,-1,Chainbreaker,
seamarket,git,Creature List/23/Equip_ItemList/0/LocalizedName,0,-1,Slaver Outfit,
seamarket,git,Creature List/23/FirstName,0,-1,Slaver Guard,
seamarket,git,Creature List/26/FirstName,0,12618,Citizen,
seamarket,git,Creature List/29/FirstName,0,12416,Skinny Chicken,
seamarket,git,Creature List/3/Equip_ItemList/0/LocalizedName,0,-1,City Guard Teeth Helmet,
seamarket,git,Creature List/3/Equip_ItemList/1/LocalizedName,0,13798,City Guard Teeth Armor,
seamarket,git,Creature List/3/FirstName,0,-1,City Guard,
seamarket,git,Creature List/30/Description,0,12456,This dog is sniffing around and whining.  You assume he is looking for his owner in the place he last saw him.,
seamarket,git,Creature List/30/FirstName,0,12457,Lost Dog,
seamarket,git,Creature List/34/Description,0,-1,"This creature is a salamander, a type of fire elemental with the lower body of a serpent and the upper body of a man. He's wearing the heavy apron of a smith or mechanic, festooned with tools and scraps of metal off some infernal contraption, covered in grease and scars.",
seamarket,git,Creature List/34/FirstName,0,-1,Scrapper,
seamarket,git,Creature List/35/Description,0,-1,"This creature is a salamander, a type of fire elemental with the lower body of a serpent and the upper body of a man. He's wearing the heavy apron of a smith or mechanic, festooned with tools and scraps of metal off some infernal contraption, covered in grease and scars.",
seamarket,git,Creature List/35/FirstName,0,-1,Rash,
seamarket,git,Creature List/36/Description,0,-1,"This creature is a salamander, a type of fire elemental with the lower body of a serpent and the upper body of a man. He's wearing the heavy apron of a smith or mechanic, festooned with tools and scraps of metal off some infernal contraption, covered in grease and scars.",
seamarket,git,Creature List/36/FirstName,0,-1,Skids,
seamarket,git,Creature List/37/Description,0,-1,"The woman at the bar sports the kind of slump that comes with exceptional boredom. Her demeanor is at counterpoint to her features as everything else about her says career officer. A well muscled form lays beneath layers of studded leather armor. The hands that hold her drink are well calloused, but kept. Her hair is pulled back into a tight tail which makes her features even sharper. A bored sigh can be heard escaping her lips at times.",
seamarket,git,Creature List/37/Equip_ItemList/0/LocalizedName,0,-1,Cochrane Armor,
seamarket,git,Creature List/37/FirstName,0,-1,Cochrane,
seamarket,git,Creature List/38/Equip_ItemList/0/LocalizedName,0,-1,North End Merchant Clothes,
seamarket,git,Creature List/38/FirstName,0,-1,Citizen,
seamarket,git,Creature List/39/Equip_ItemList/0/LocalizedName,0,-1,Commoner Garb,
seamarket,git,Creature List/39/FirstName,0,-1,Citizen,
seamarket,git,Creature List/4/Equip_ItemList/0/LocalizedName,0,-1,City Guard Teeth Helmet,
seamarket,git,Creature List/4/Equip_ItemList/1/LocalizedName,0,13798,City Guard Armor,
seamarket,git,Creature List/4/FirstName,0,-1,City Guard,
seamarket,git,Creature List/40/Equip_ItemList/0/LocalizedName,0,-1,Commoner Garb,
seamarket,git,Creature List/40/FirstName,0,-1,Citizen,
seamarket,git,Creature List/41/Equip_ItemList/0/LocalizedName,0,-1,Commoner Garb,
seamarket,git,Creature List/41/FirstName,0,-1,Citizen,
seamarket,git,Creature List/42/Equip_ItemList/0/LocalizedName,0,-1,City Guard Teeth Helmet,
seamarket,git,Creature List/42/Equip_ItemList/1/LocalizedName,0,13798,City Guard Armor,
seamarket,git,Creature List/42/FirstName,0,-1,City Guard,
seamarket,git,Creature List/43/Equip_ItemList/0/LocalizedName,0,-1,City Guard Teeth Helmet,
seamarket,git,Creature List/43/Equip_ItemList/1/LocalizedName,0,13798,City Guard Armor,
seamarket,git,Creature List/43/FirstName,0,-1,City Guard,
seamarket,git,Creature List/43/ItemList/4/LocalizedName,0,13798,City Guard Armor,
seamarket,git,Creature List/44/Equip_ItemList/0/LocalizedName,0,-1,City Guard Teeth Helmet,
seamarket,git,Creature List/44/Equip_ItemList/1/LocalizedName,0,13798,City Guard Armor,
seamarket,git,Creature List/44/FirstName,0,-1,City Guard,
seamarket,git,Creature List/45/Equip_ItemList/0/LocalizedName,0,-1,City Guard Teeth Helmet,
seamarket,git,Creature List/45/Equip_ItemList/1/LocalizedName,0,13798,City Guard Armor,
seamarket,git,Creature List/45/FirstName,0,-1,City Guard,
seamarket,git,Creature List/46/Equip_ItemList/0/LocalizedName,0,-1,City Guard Teeth Helmet,
seamarket,git,Creature List/46/Equip_ItemList/1/LocalizedName,0,13798,City Guard Armor,
seamarket,git,Creature List/46/FirstName,0,-1,City Guard,
seamarket,git,Creature List/47/Equip_ItemList/0/LocalizedName,0,-1,City Guard Teeth Helmet,
seamarket,git,Creature List/47/Equip_ItemList/1/LocalizedName,0,13798,City Guard Armor,
seamarket,git,Creature List/47/FirstName,0,-1,City Guard,
seamarket,git,Creature List/48/Equip_ItemList/0/LocalizedName,0,-1,City Guard Teeth Helmet,
seamarket,git,Creature List/48/Equip_ItemList/1/LocalizedName,0,13798,City Guard Armor,
seamarket,git,Creature List/48/FirstName,0,-1,City Guard,
seamarket,git,Creature List/49/Equip_ItemList/0/LocalizedName,0,-1,City Guard Teeth Helmet,
seamarket,git,Creature List/49/Equip_ItemList/1/LocalizedName,0,13798,City Guard Armor,
seamarket,git,Creature List/49/FirstName,0,-1,City Guard,
seamarket,git,Creature List/5/Equip_ItemList/0/LocalizedName,0,-1,Gems Merchant Clothes,
seamarket,git,Creature List/5/FirstName,0,-1,Gems Merchant,
seamarket,git,Creature List/50/Equip_ItemList/0/LocalizedName,0,-1,City Guard Teeth Helmet,
seamarket,git,Creature List/50/Equip_ItemList/1/LocalizedName,0,13798,City Guard Armor,
seamarket,git,Creature List/50/FirstName,0,-1,City Guard,
seamarket,git,Creature List/51/Equip_ItemList/0/LocalizedName,0,-1,City Guard Teeth Helmet,
seamarket,git,Creature List/51/Equip_ItemList/1/LocalizedName,0,13798,City Guard Armor,
seamarket,git,Creature List/51/FirstName,0,-1,City Guard,
seamarket,git,Creature List/51/ItemList/4/LocalizedName,0,13798,City Guard Armor,
seamarket,git,Creature List/52/Equip_ItemList/0/LocalizedName,0,-1,City Guard Teeth Helmet,
seamarket,git,Creature List/52/Equip_ItemList/1/LocalizedName,0,13798,City Guard Armor,
seamarket,git,Creature List/52/FirstName,0,-1,City Guard,
seamarket,git,Creature List/53/Equip_ItemList/0/LocalizedName,0,-1,City Guard Teeth Helmet,
seamarket,git,Creature List/53/Equip_ItemList/1/LocalizedName,0,13798,City Guard Armor,
seamarket,git,Creature List/53/FirstName,0,-1,City Guard,
seamarket,git,Creature List/53/ItemList/4/LocalizedName,0,13798,City Guard Armor,
seamarket,git,Creature List/54/Equip_ItemList/0/LocalizedName,0,-1,Commoner 2 Clothes,
seamarket,git,Creature List/54/FirstName,0,-1,Bartender,
seamarket,git,Creature List/55/Equip_ItemList/0/LocalizedName,0,-1,City Guard Teeth Helmet,
seamarket,git,Creature List/55/Equip_ItemList/1/LocalizedName,0,13798,City Guard Armor,
seamarket,git,Creature List/55/FirstName,0,-1,City Guard,
seamarket,git,Creature List/56/Equip_ItemList/0/LocalizedName,0,-1,City Guard Teeth Helmet,
seamarket,git,Creature List/56/Equip_ItemList/1/LocalizedName,0,13798,City Guard Armor,
seamarket,git,Creature List/56/FirstName,0,-1,City Guard,
seamarket,git,Creature List/6/Equip_ItemList/0/LocalizedName,0,-1,Junk Merchant Clothes,
seamarket,git,Creature List/6/FirstName,0,-1,Junk Merchant,
seamarket,git,Creature List/62/Description,0,-1,"Small and wiry, this person keeps a close eye on the goings-on around them, even as you approach. Black and purple leathers clad a body that seems ready to pounce or flee at any moment, and a well-crafted rapier hangs at their side.",
seamarket,git,Creature List/62/FirstName,0,-1,Lian,
seamarket,git,Creature List/63/Description,0,-1,"Tall, strong, and intimidating, this woman looks like the perfect military mercenary -- and she'd have to be to have survived as a warrior this long in such an inhospitable locale.",
seamarket,git,Creature List/63/FirstName,0,-1,Skylar,
seamarket,git,Creature List/64/Equip_ItemList/0/LocalizedName,0,-1,Commoner Garb,
seamarket,git,Creature List/64/FirstName,0,-1,Citizen,
seamarket,git,Creature List/65/Equip_ItemList/0/LocalizedName,0,-1,Commoner Garb,
seamarket,git,Creature List/65/FirstName,0,-1,Citizen,
seamarket,git,Creature List/7/FirstName,0,-1,Citizen,
seamarket,git,Creature List/8/Equip_ItemList/0/LocalizedName,0,-1,Commoner 2 Clothes,
seamarket,git,Creature List/8/FirstName,0,-1,Citizen,
seamarket,git,Creature List/9/Equip_ItemList/0/LocalizedName,0,-1,Commoner 1 Clothes,
seamarket,git,Creature List/9/FirstName,0,-1,Citizen,
seamarket,git,Door List/11/Description,0,-1,Nothing to see here.,
seamarket,git,Door List/11/LocName,0,-1,Unusable Door,
seamarket,git,Door List/12/Description,0,-1,Nothing to see here.,
seamarket,git,Door List/12/LocName,0,-1,Unusable Door,
seamarket,git,Door List/13/Description,0,-1,Nothing to see here.,
seamarket,git,Door List/13/LocName,0,-1,Unusable Door,
seamarket,git,Door List/14/Description,0,-1,Nothing to see here.,
seamarket,git,Door List/14/LocName,0,-1,Unusable Door,
seamarket,git,Door List/15/Description,0,-1,Nothing to see here.,
seamarket,git,Door List/15/LocName,0,-1,Unusable Door,
seamarket,git,Door List/16/Description,0,-1,Nothing to see here.,
seamarket,git,Door List/16/LocName,0,-1,Unusable Door,
seamarket,git,Door List/5/LocName,0,5349,Door,
seamarket,git,Encounter List/0/LocalizedName,0,-1,Guards Outside Ulans Warehouse,
seamarket,git,Encounter List/1/LocalizedName,0,-1,Guards Outside Ulans Warehouse,
seamarket,git,Encounter List/2/LocalizedName,0,-1,SeaMarket Merchant Commoners,
seamarket,git,Encounter List/3/LocalizedName,0,-1,SeaMarket Merchant Commoners2,
seamarket,git,Encounter List/4/LocalizedName,0,-1,SeaMarket Merchant Citizens North,
seamarket,git,Encounter List/5/LocalizedName,0,-1,SeaMarket Slave Area Commoners1,
seamarket,git,Encounter List/6/LocalizedName,0,-1,SeaMarket Merchant Citizens North,
seamarket,git,Placeable List/147/LocName,0,5800,Sea Market,
seamarket,git,Placeable List/173/Description,0,6792,A basket of dirty clothes.,
seamarket,git,Placeable List/173/LocName,0,111668,Basket of Dirty Clothes,
seamarket,git,Placeable List/175/Description,0,14563,"Saundra's Laundry
If the door be locked, don't bother to knock.",
seamarket,git,Placeable List/175/LocName,0,14561,Saundra's Laundry,
seamarket,git,Placeable List/179/LocName,0,14616,Sea Market Exit,
seamarket,git,Placeable List/180/LocName,0,14616,Sea Market Exit,
seamarket,git,Placeable List/184/Description,0,-1,A door mat,
seamarket,git,Placeable List/184/LocName,0,-1,Entrance to City Guard Post,
seamarket,git,Placeable List/233/Description,0,14618,A banner - stitched and dyed - denoting a point of interest.,
seamarket,git,Placeable List/233/LocName,0,14616,Sea Market Exit,
seamarket,git,Placeable List/234/Description,0,14618,A banner - stitched and dyed - denoting a point of interest.,
seamarket,git,Placeable List/234/LocName,0,14616,Sea Market Exit,
seamarket,git,Placeable List/258/Description,0,6792,There is nothing special about this object.,
seamarket,git,Placeable List/258/LocName,0,111222,Sea Market Exit,
seamarket,git,Placeable List/259/LocName,0,111222,Sea Market Exit,
seamarket,git,Placeable List/278/LocName,0,14616,Sea Market Exit,
seamarket,git,Placeable List/279/LocName,0,14616,Sea Market Exit,
seamarket,git,Placeable List/289/Description,0,14618,A banner - stitched and dyed - denoting a point of interest.,
seamarket,git,Placeable List/289/LocName,0,14616,South Market Banner,
seamarket,git,Placeable List/290/Description,0,14618,A banner - stitched and dyed - denoting a point of interest.,
seamarket,git,Placeable List/290/LocName,0,14616,South Market Banner,
seamarket,git,Placeable List/294/Description,0,14560,A marker denoting a point of interest.,
seamarket,git,Placeable List/294/LocName,0,14561,A weather worn sign,
seamarket,git,Placeable List/298/Description,0,14715,"Left arrow- ""To Merchants"" 
Right arrow- ""To Slave Auction, Guard Post and Warehouses""",
seamarket,git,Placeable List/364/Description,0,14690,"This fountain erected in celebration of Furiae's independence from the Great Kingdom, long may the Gauntlet stand.",
seamarket,git,Placeable List/364/LocName,0,14688,"Independence Fountain - This fountain erected in celebration of Furiae's independence from the Great Kingdom, long may the Gauntlet stand.",
seamarket,git,Placeable List/365/Description,0,14691,NOTICE: Planar Travellers Must Visit Customs and Inspection,
seamarket,git,Placeable List/365/LocName,0,14688,Customs Notice,
seamarket,git,Placeable List/366/Description,0,14691,NOTICE: Planar Travellers Must Visit Customs and Inspection,
seamarket,git,Placeable List/366/LocName,0,14688,Customs Notice,
seamarket,git,Placeable List/367/Description,0,14691,NOTICE: Planar Travellers Must Visit Customs and Inspection,
seamarket,git,Placeable List/367/LocName,0,14688,Customs Notice,
seamarket,git,Placeable List/368/Description,0,14717,"Furiae Customs and Inspection Office
All Planar Travellers Must Visit Customs and Inspection",
seamarket,git,Placeable List/368/LocName,0,5732,Customs and Inspection Office,
seamarket,git,Placeable List/369/Description,0,14691,NOTICE: Planar Travellers Must Visit Customs and Inspection,
seamarket,git,Placeable List/369/LocName,0,14688,Customs Notice,
seamarket,git,Placeable List/378/Description,0,-1,A door mat,
seamarket,git,Placeable List/378/LocName,0,-1,Entrance to City Guard Post,
seamarket,git,Placeable List/379/Description,0,-1,The flag of Furiae.,
seamarket,git,Placeable List/379/LocName,0,-1,DDF Flag B01,
seamarket,git,Placeable List/380/Description,0,-1,The flag of Furiae.,
seamarket,git,Placeable List/380/LocName,0,-1,DDF Flag B01,
seamarket,git,Placeable List/381/Description,0,-1,The flag of Furiae.,
seamarket,git,Placeable List/381/LocName,0,-1,DDF Flag D01,
seamarket,git,Placeable List/385/Description,0,14610,"The old wagon lies empty, abandoned, like a faithful pet that still expects its master to come home.",
seamarket,git,Placeable List/385/LocName,0,14611,UlanWarehouseCageBlocker,
seamarket,git,SoundList/62/LocName,0,67870,Laundry Woman,
seamarket,git,SoundList/63/LocName,0,67870,Laundry Woman,
seamarket,git,SoundList/68/LocName,0,-1,chicken,
seamarket,git,SoundList/75/LocName,0,-1,INITIAL_EXPLOSION,
seamarket,git,StoreList/0/LocName,0,-1,MerchantJunk,
seamarket,git,StoreList/1/LocName,0,-1,MerchantGems,
seamarket,git,StoreList/2/LocName,0,-1,MerchantGear,
seamarket,git,StoreList/6/LocName,0,-1,kresh_merchant,
seamarket,git,TriggerList/0/LocalizedName,0,14759,0.ULAN_WHOUSE_DESCRIPTION,
seamarket,git,TriggerList/1/LocalizedName,0,14759,GuardDialog,
seamarket,git,TriggerList/2/LocalizedName,0,14759,StartCinemaIncitingIncident,
seamarket,git,TriggerList/3/LocalizedName,0,14760,Area Transition,
seamarket,git,TriggerList/5/LocalizedName,0,68970,Secret Walldoor Stone,
seamarket,git,WaypointList/0/LocalizedName,0,14817,Waypoint,
seamarket,git,WaypointList/157/LocalizedName,0,-1,WP_Walk_DDF_NPC_Teddy,
seamarket,git,WaypointList/158/LocalizedName,0,-1,WP_Walk_DDF_NPC_Teddy,
seamarket,git,WaypointList/32/LocalizedName,0,14817,UlanWarehouseCageBlockerWaypoint,
seamarket,git,WaypointList/39/LocalizedName,0,-1,UlanWGuard1,
seamarket,git,WaypointList/40/LocalizedName,0,-1,UlanWGuard1,
seamarket,git,WaypointList/41/LocalizedName,0,-1,UlanWGuard2,
seamarket,git,WaypointList/42/LocalizedName,0,-1,UlanWGuard2,
seamarket,git,WaypointList/43/LocalizedName,0,-1,UlanWGuard2,
seamarket,git,WaypointList/44/LocalizedName,0,-1,UlanWGuard2,
seamarket,git,WaypointList/45/LocalizedName,0,14817,Ulan Secret Door Waypoint,
seamarket,git,WaypointList/55/LocalizedName,0,-1,UlanWGuardBow,
seamarket,git,WaypointList/56/LocalizedName,0,-1,UlanWGuardBow,
seamarket,git,WaypointList/57/LocalizedName,0,-1,WP_Walk_DDF_NPC_Teddy,
seamarket,git,WaypointList/58/LocalizedName,0,-1,WP_Walk_DDF_NPC_Teddy,
seamarket,git,WaypointList/59/LocalizedName,0,-1,WP_Walk_DDF_NPC_Teddy,
seamarket,git,WaypointList/60/LocalizedName,0,-1,WP_Walk_DDF_NPC_Teddy,
seamarket,git,WaypointList/61/LocalizedName,0,-1,WP_Walk_DDF_NPC_Teddy,
seamarket,git,WaypointList/62/LocalizedName,0,-1,WP_Walk_DDF_NPC_Teddy,
seamarket,git,WaypointList/63/LocalizedName,0,-1,WP_Walk_DDF_NPC_Teddy,
seamarket,git,WaypointList/66/LocalizedName,0,14814,Map Note,
seamarket,git,WaypointList/66/MapNote,0,14815,Ulan's Warehouse,
seamarket,git,WaypointList/67/MapNote,0,14815,Destroyed Warehouse,
seamarket,git,WaypointList/68/LocalizedName,0,14814,City Guard,
seamarket,git,WaypointList/68/MapNote,0,14815,City Guard Outpost,
seamarket,git,WaypointList/69/LocalizedName,0,14814,Area Exit,
seamarket,git,WaypointList/69/MapNote,0,14815,Area Exit,
seamarket,git,WaypointList/70/LocalizedName,0,14814,Area Exit,
seamarket,git,WaypointList/70/MapNote,0,14815,Area Exit,
seamarket,git,WaypointList/71/LocalizedName,0,14814,Area Exit,
seamarket,git,WaypointList/71/MapNote,0,14815,Area Exit,
seamarket,git,WaypointList/72/LocalizedName,0,14814,Area Exit,
seamarket,git,WaypointList/72/MapNote,0,14815,Area Exit,
seamarket,git,WaypointList/73/LocalizedName,0,14814,Kresh,
seamarket,git,WaypointList/73/MapNote,0,14815,Kresh,
seamarket,git,WaypointList/74/LocalizedName,0,14814,Cochrane,
seamarket,git,WaypointList/74/MapNote,0,14815,Cochrane,
seamarket,git,WaypointList/75/LocalizedName,0,-1,CochraneBar,
seamarket,git,WaypointList/99/LocalizedName,0,14816,Post,
seamarketguar001,git,Creature List/0/Equip_ItemList/0/LocalizedName,0,-1,City Guard Teeth Helmet,
seamarketguar001,git,Creature List/0/Equip_ItemList/1/LocalizedName,0,13798,City Guard Armor,
seamarketguar001,git,Creature List/0/FirstName,0,-1,City Guard,
seamarketguar001,git,Creature List/1/Equip_ItemList/0/LocalizedName,0,-1,City Guard Teeth Helmet,
seamarketguar001,git,Creature List/1/Equip_ItemList/1/LocalizedName,0,13798,City Guard Armor,
seamarketguar001,git,Creature List/1/FirstName,0,-1,City Guard,
seamarketguar001,git,Creature List/2/Equip_ItemList/0/LocalizedName,0,-1,City Guard Teeth Helmet,
seamarketguar001,git,Creature List/2/Equip_ItemList/1/LocalizedName,0,13798,City Guard Armor,
seamarketguar001,git,Creature List/2/FirstName,0,-1,City Guard,
secondnightmare,git,Creature List/0/Description,0,12826,"Corpses reanimated through necromancy, Zombies are mindless undead that shamble about, trying to satiate the dull ache of hunger in their decaying gut.",
secondnightmare,git,Creature List/0/FirstName,0,12827,Slave Zombie,
secondnightmare,git,Creature List/1/FirstName,0,12827,Slave Zombie,
secondnightmare,git,Creature List/10/FirstName,0,12827,Slave Zombie,
secondnightmare,git,Creature List/11/FirstName,0,12827,Slave Zombie,
secondnightmare,git,Creature List/12/Description,0,12826,"Corpses reanimated through necromancy, Zombies are mindless undead that shamble about, trying to satiate the dull ache of hunger in their decaying gut.",
secondnightmare,git,Creature List/12/FirstName,0,12827,Slave Zombie,
secondnightmare,git,Creature List/13/FirstName,0,12827,Slave Zombie,
secondnightmare,git,Creature List/14/Description,0,-1,"This woman is the very picture of a seer. Her long dark hair is held in a tangled ponytail. She wears a set of blood-speckled grey robes, as tattered, torn, and frayed as her unfocused gaze. A collection of beads and baubles rests around her neck, making soft clicking sounds when she moves.",
secondnightmare,git,Creature List/14/Equip_ItemList/0/LocalizedName,0,-1,Aladara's Armor,
secondnightmare,git,Creature List/14/FirstName,0,-1,Aladara,
secondnightmare,git,Creature List/15/Description,0,-1,"A knife in human form, Harasi is one severe woman. Everything about her has an edge. The sharp cut of her long black hair is offset by the brown hue of her skin. She moves as smoothly and quietly as a blade clearing a scabbard in the dark. Her eyes are almost constantly narrowed at whatever she is looking at, as if she suspects the entire world of lying to her.",
secondnightmare,git,Creature List/15/Equip_ItemList/0/LocalizedName,0,13717,Harasi's Light Armor,
secondnightmare,git,Creature List/15/FirstName,0,-1,Harasi,
secondnightmare,git,Creature List/15/LastName,0,-1,Finas,
secondnightmare,git,Creature List/16/Equip_ItemList/0/LocalizedName,0,-1,Ulan's Armor,
secondnightmare,git,Creature List/16/FirstName,0,-1,Ulan,
secondnightmare,git,Creature List/16/LastName,0,-1, Aurintar,
secondnightmare,git,Creature List/17/Description,0,-1,"This creature, bent over and twisted as if by the weight of evil deeds and thoughts cast over a long, long life, fills your gaze. Her skin is the deep blue of a late twilight sky and clad in a long tattered robe adorned with small round skulls of around halfling size. Her face is as long and sharp as her teeth which fill a grinning mouth, lit by the dim, harsh, pulsing red glow of her eyes. She looks back at you, hungry and mad.",
secondnightmare,git,Creature List/17/Equip_ItemList/0/LocalizedName,0,-1,Karkualii's Claws,
secondnightmare,git,Creature List/17/Equip_ItemList/1/LocalizedName,0,-1,Karkualii's Claws,
secondnightmare,git,Creature List/17/Equip_ItemList/2/LocalizedName,0,-1,Karkualii's Bite,
secondnightmare,git,Creature List/17/FirstName,0,-1,Mog,
secondnightmare,git,Creature List/2/Description,0,12826,"Corpses reanimated through necromancy, Zombies are mindless undead that shamble about, trying to satiate the dull ache of hunger in their decaying gut.",
secondnightmare,git,Creature List/2/FirstName,0,12827,Slave Zombie,
secondnightmare,git,Creature List/3/FirstName,0,12827,Slave Zombie,
secondnightmare,git,Creature List/4/Description,0,12826,"Corpses reanimated through necromancy, Zombies are mindless undead that shamble about, trying to satiate the dull ache of hunger in their decaying gut.",
secondnightmare,git,Creature List/4/FirstName,0,12827,Slave Zombie,
secondnightmare,git,Creature List/5/Description,0,12826,"Corpses reanimated through necromancy, Zombies are mindless undead that shamble about, trying to satiate the dull ache of hunger in their decaying gut.",
secondnightmare,git,Creature List/5/FirstName,0,12827,Slave Zombie,
secondnightmare,git,Creature List/6/FirstName,0,12827,Slave Zombie,
secondnightmare,git,Creature List/7/Description,0,12826,"Corpses reanimated through necromancy, Zombies are mindless undead that shamble about, trying to satiate the dull ache of hunger in their decaying gut.",
secondnightmare,git,Creature List/7/FirstName,0,12827,Slave Zombie,
secondnightmare,git,Creature List/8/FirstName,0,12827,Slave Zombie,
secondnightmare,git,Creature List/9/Description,0,12826,"Corpses reanimated through necromancy, Zombies are mindless undead that shamble about, trying to satiate the dull ache of hunger in their decaying gut.",
secondnightmare,git,Creature List/9/FirstName,0,12827,Slave Zombie,
secondnightmare,git,TriggerList/0/LocalizedName,0,14759,1.DDF_NPC_AladaraDead,
secondnightmare,git,TriggerList/1/LocalizedName,0,14759,1.DDF_NPC_HarasiNightmare,
secondnightmare,git,TriggerList/2/LocalizedName,0,14759,1.DDF_NPC_Ulan_SN,
secondnightmare,git,TriggerList/3/LocalizedName,0,14759,1.DDF_NPC_Karkualii_Nightmare2,
secondnightmare,git,WaypointList/0/LocalizedName,0,-1,ddf_SpawnPoint_SecondNightmare01,
smoothies,git,Creature List/0/Description,0,-1,"Black hair, pulled in a bun, rests atop stern face that has seen its share of scars and combat. Divala stands like a woman who has earned her place, even if that place makes her a bit uncomfortable. She wears her half plate comfortably and it is polished to a mirror finish. Everything about her attire speaks to her station as a High Guard. Her boots, clean but well worn and comfortable, are the only thing about her appearance that seem a little out of place.",
smoothies,git,Creature List/0/Equip_ItemList/0/LocalizedName,0,13798,Lucenna's Armor,
smoothies,git,Creature List/0/FirstName,0,-1,Captain Divala,
smoothies,git,Creature List/1/Equip_ItemList/0/LocalizedName,0,-1,City Guard Teeth Helmet,
smoothies,git,Creature List/1/Equip_ItemList/1/LocalizedName,0,13798,City Guard Armor,
smoothies,git,Creature List/1/FirstName,0,-1,City Guard,
smoothies,git,Creature List/10/Equip_ItemList/0/LocalizedName,0,-1,Noble Garb 2,
smoothies,git,Creature List/10/FirstName,0,-1,Noble,
smoothies,git,Creature List/11/Equip_ItemList/0/LocalizedName,0,-1,Noble Garb 2,
smoothies,git,Creature List/11/FirstName,0,-1,Noble,
smoothies,git,Creature List/12/Equip_ItemList/0/LocalizedName,0,12928,Devil 1 Outfit,
smoothies,git,Creature List/12/FirstName,0,-1,Cambion,
smoothies,git,Creature List/13/Description,0,111457,"Horses make useful beasts of burden, and the best of them also make good warhorses.",
smoothies,git,Creature List/13/FirstName,0,111456,Nugget the Horse,
smoothies,git,Creature List/14/Equip_ItemList/0/LocalizedName,0,-1,Commoner Garb,
smoothies,git,Creature List/14/FirstName,0,-1,Citizen,
smoothies,git,Creature List/15/Equip_ItemList/0/LocalizedName,0,-1,Commoner Garb,
smoothies,git,Creature List/15/FirstName,0,-1,Citizen,
smoothies,git,Creature List/16/Equip_ItemList/0/LocalizedName,0,-1,Noble Garb 7,
smoothies,git,Creature List/16/FirstName,0,-1,Nobel Citizen,
smoothies,git,Creature List/18/Equip_ItemList/0/LocalizedName,0,-1,Commoner Garb,
smoothies,git,Creature List/18/FirstName,0,-1,Nobel Citizen,
smoothies,git,Creature List/19/Description,0,111457,"Horses make useful beasts of burden, and the best of them also make good entertainers.",
smoothies,git,Creature List/19/FirstName,0,111456,Dancer the Horse,
smoothies,git,Creature List/2/Equip_ItemList/0/LocalizedName,0,-1,City Guard Teeth Helmet,
smoothies,git,Creature List/2/Equip_ItemList/1/LocalizedName,0,13798,City Guard Armor,
smoothies,git,Creature List/2/FirstName,0,-1,City Guard,
smoothies,git,Creature List/20/Description,0,111457,"Horses make useful beasts of burden, and the best of them also make good oat eaters.",
smoothies,git,Creature List/20/FirstName,0,111456,James the Legn't Horse,
smoothies,git,Creature List/3/Equip_ItemList/0/LocalizedName,0,-1,City Guard Teeth Helmet,
smoothies,git,Creature List/3/Equip_ItemList/1/LocalizedName,0,13798,City Guard Teeth Armor,
smoothies,git,Creature List/3/FirstName,0,-1,City Guard,
smoothies,git,Creature List/4/Equip_ItemList/0/LocalizedName,0,-1,City Guard Teeth Helmet,
smoothies,git,Creature List/4/Equip_ItemList/1/LocalizedName,0,13798,City Guard Armor,
smoothies,git,Creature List/4/FirstName,0,-1,City Guard,
smoothies,git,Creature List/5/Equip_ItemList/0/LocalizedName,0,-1,City Guard Teeth Helmet,
smoothies,git,Creature List/5/Equip_ItemList/1/LocalizedName,0,13798,City Guard Armor,
smoothies,git,Creature List/5/FirstName,0,-1,City Guard,
smoothies,git,Creature List/6/Equip_ItemList/0/LocalizedName,0,-1,City Guard Teeth Helmet,
smoothies,git,Creature List/6/Equip_ItemList/1/LocalizedName,0,13798,City Guard Armor,
smoothies,git,Creature List/6/FirstName,0,-1,City Guard,
smoothies,git,Creature List/7/Equip_ItemList/0/LocalizedName,0,-1,City Guard Teeth Helmet,
smoothies,git,Creature List/7/Equip_ItemList/1/LocalizedName,0,13798,City Guard Armor,
smoothies,git,Creature List/7/FirstName,0,-1,City Guard,
smoothies,git,Creature List/8/Equip_ItemList/0/LocalizedName,0,-1,Noble Garb 1,
smoothies,git,Creature List/8/FirstName,0,-1,Noble,
smoothies,git,Creature List/9/Equip_ItemList/0/LocalizedName,0,-1,Noble Garb 1,
smoothies,git,Creature List/9/FirstName,0,-1,Noble,
smoothies,git,Door List/0/LocName,0,5349,Door,
smoothies,git,Door List/3/Description,0,-1,Nothing to see here.,
smoothies,git,Door List/3/LocName,0,-1,Unusable Door,
smoothies,git,Door List/4/Description,0,-1,Nothing to see here.,
smoothies,git,Door List/4/LocName,0,-1,Unusable Door,
smoothies,git,Door List/5/Description,0,-1,Nothing to see here.,
smoothies,git,Door List/5/LocName,0,-1,Unusable Door,
smoothies,git,Door List/6/Description,0,-1,Nothing to see here.,
smoothies,git,Door List/6/LocName,0,-1,Unusable Door,
smoothies,git,Encounter List/0/LocalizedName,0,-1,Teeth NPC Nobels 2,
smoothies,git,Placeable List/100/Description,0,-1,A door mat,
smoothies,git,Placeable List/100/LocName,0,-1,Entrance to Villa,
smoothies,git,Placeable List/174/Description,0,84168,"Zariel, Ruler of the First, Resplendent Ally of Furiae",
smoothies,git,Placeable List/174/LocName,0,83422,"Zariel, Ruler of the First, Resplendent Ally of Furiae",
smoothies,git,Placeable List/195/Description,0,-1,The flag of Furiae.,
smoothies,git,Placeable List/195/LocName,0,-1,DDF Flag B01,
smoothies,git,Placeable List/196/Description,0,-1,The flag of Furiae.,
smoothies,git,Placeable List/196/LocName,0,-1,DDF Flag B01,
smoothies,git,TriggerList/0/LocalizedName,0,14759,Teddy_Diva_Talk,
smoothies,git,WaypointList/10/MapNote,0,14815,Corano Villa Back Door,
smoothies,git,WaypointList/5/LocalizedName,0,14817,Waypoint,
smoothies,git,WaypointList/8/MapNote,0,14815,Area Exit,
smoothies,git,WaypointList/9/MapNote,0,14815,Corano Villa,
soultradeinn,git,Creature List/0/Equip_ItemList/0/LocalizedName,0,-1,Hamel Clothes,
soultradeinn,git,Creature List/0/FirstName,0,-1,Hamel,
soultradeinn,git,Creature List/1/FirstName,0,-1,Lambert,
soultradeinn,git,Creature List/2/Equip_ItemList/0/LocalizedName,0,-1,Festrina Clothes,
soultradeinn,git,Creature List/2/FirstName,0,-1,Festirna,
soultradeinn,git,Creature List/3/Description,0,-1,"This man holds himself professionally. This is no ""clean-the-mug-with-the-dirty-rag"" barkeep; he runs a clean establishment, the largest inn in the city. He keeps an eye on the goings on around him at all times.",
soultradeinn,git,Creature List/3/Equip_ItemList/0/LocalizedName,0,-1,Federus Innkeeper,
soultradeinn,git,Creature List/3/FirstName,0,-1,Federus,
soultradeinn,git,Creature List/3/LastName,0,-1,Norial,
soultradeinn,git,Door List/1/Description,0,9078,A typical wooden door.,
soultradeinn,git,Door List/2/Description,0,9078,A typical wooden door.,
soultradeinn,git,Door List/4/LocName,0,5349,Door,
soultradeinn,git,Door List/5/Description,0,9078,"Fashioned from rough-hewn wood, this simple door swings on ill-fitting hinges.",
soultradeinn,git,Door List/5/LocName,0,5349,Door,
soultradeinn,git,Encounter List/0/LocalizedName,0,-1,NPC Soul Trade1,
soultradeinn,git,TriggerList/0/LocalizedName,0,14760,DoorToHarasiSoulApt,
soultradeinn,git,TriggerList/1/LocalizedName,0,14759,Set Visited Wing Flag,
soultradeinn,git,WaypointList/1/MapNote,0,14815,Area Exit,
soultradeinn,git,WaypointList/2/MapNote,0,14815,Harasi's Suite,
the_end,git,Placeable List/73/Description,0,14662,"You look about you, suspicious, but see nothing.",
the_end,git,Placeable List/73/LocName,0,5800,Destiny,
the_end,git,Placeable List/74/LocName,0,5800,Narrator,
the_end,git,TriggerList/0/LocalizedName,0,14759,1.end_dialog_object,
the_end,git,WaypointList/0/LocalizedName,0,14817,TheEndArrival,
tunnels01,git,Creature List/0/Equip_ItemList/0/LocalizedName,0,111450,Bite4d6,
tunnels01,git,Creature List/0/FirstName,0,111448,Demonic Spider,
tunnels01,git,Creature List/1/Description,0,-1,"The woman you're looking at is more scar than human. Her milk-pale skin, pulled taut above bulging muscle, is lined with scars cutting swaths through tattoos intricate and bold. Her flesh and very countenance tell the tale of countless battles fought on distant fields. He eyes are bloodshot and always seem on the verge of going wide and wild. She wears what would be described as the garb of a gladiator on countless planes and strides through the world as if it were her arena.",
tunnels01,git,Creature List/1/Equip_ItemList/0/LocalizedName,0,-1,Shavann's Armor,
tunnels01,git,Creature List/1/FirstName,0,-1,Shavann,
tunnels01,git,Creature List/10/Equip_ItemList/0/LocalizedName,0,-1,Slaver Outfit,
tunnels01,git,Creature List/10/FirstName,0,-1,Slaver Guard,
tunnels01,git,Creature List/11/Equip_ItemList/0/LocalizedName,0,-1,Slaver Outfit,
tunnels01,git,Creature List/11/FirstName,0,-1,Slaver Muscle,
tunnels01,git,Creature List/12/Equip_ItemList/0/LocalizedName,0,-1,Slaver Outfit,
tunnels01,git,Creature List/12/FirstName,0,-1,Slaver Shadow,
tunnels01,git,Creature List/13/Equip_ItemList/0/LocalizedName,0,-1,Slaver Outfit,
tunnels01,git,Creature List/13/FirstName,0,-1,Slaver Shadow,
tunnels01,git,Creature List/14/Equip_ItemList/0/LocalizedName,0,-1,Ulan's Armor,
tunnels01,git,Creature List/14/FirstName,0,-1,Ulan,
tunnels01,git,Creature List/14/ItemList/11/DescIdentified,0,-1,A Ring of Sending.,
tunnels01,git,Creature List/14/ItemList/11/Description,0,-1,A plain-looking silver ring.,
tunnels01,git,Creature List/14/ItemList/11/LocalizedName,0,-1,Ring of Sending,
tunnels01,git,Creature List/14/ItemList/8/DescIdentified,0,-1,"Several entries fill this ledger in a loose, flowing hand.

One entry you see is a note Ulan wrote to himself. It mentions needing to use the secret door in the back of the warehouse more -- now that the Coranos are no longer ""laundering"" them, the slaves needed to be delivered directly to a woman named Aladara for ""processing."" He curses the hassle and lack of efficiency in the process of masking slaves as penitent to a ""spiritual advisor.""

Another entry details the difficulty of finding priests and healers in order to get the supplies into the slaves, largely without them knowing. He writes about how ""these fools don't understand the lengths he has to go through to get the job done."" What follows is a list of blackmail options and leverages that he planned to levy against the operation in order to increase his profit margin, due to Aladara's ""prime world heavy handedness"" and the slaves' lack of ""re-sale"" value after she was done with them. You note that his profit margins already seemed surprisingly high, thanks to a rather large share of worldwine revenue.

A woman named Harasi is mentioned in an entry detailing profit lines and a cost benefit analysis of no longer having the Coranos as part of the operation. Ulan writes that Harasi, the woman in charge of the street-level dealings, is horning in on several aspects of the operation and trying to ""take a bigger piece of my pie."" Ulan muses on whether or not to ""cut her in on a larger slice"" or ""make the woman choke on it."" No further pastry based metaphor, or information, is detailed.",
tunnels01,git,Creature List/14/ItemList/8/Description,0,-1,"Several entries fill this ledger in a loose, flowing hand.

One entry you see is a note Ulan wrote to himself. It mentions needing to use the secret door in the back of the warehouse more -- now that the Coranos are no longer ""laundering"" them, the slaves needed to be delivered directly to a woman named Aladara for ""processing."" He curses the hassle and lack of efficiency in the process of masking slaves as penitent to a ""spiritual advisor.""

Another entry details the difficulty of finding priests and healers in order to get the supplies into the slaves, largely without them knowing. He writes about how ""these fools don't understand the lengths he has to go through to get the job done."" What follows is a list of blackmail options and leverages that he planned to levy against the operation in order to increase his profit margin, due to Aladara's ""prime world heavy handedness"" and the slaves' lack of ""re-sale"" value after she was done with them. You note that his profit margins already seemed surprisingly high, thanks to a rather large share of worldwine revenue.

A woman named Harasi is mentioned in an entry detailing profit lines and a cost benefit analysis of no longer having the Coranos as part of the operation. Ulan writes that Harasi, the woman in charge of the street-level dealings, is horning in on several aspects of the operation and trying to ""take a bigger piece of my pie."" Ulan muses on whether or not to ""cut her in on a larger slice"" or ""make the woman choke on it."" No further pastry based metaphor, or information, is detailed.",
tunnels01,git,Creature List/14/ItemList/8/LocalizedName,0,-1,Grimy Ledger,
tunnels01,git,Creature List/14/LastName,0,-1, Aurintar,
tunnels01,git,Creature List/2/FirstName,0,-1,Slave,
tunnels01,git,Creature List/3/FirstName,0,-1,Slave,
tunnels01,git,Creature List/4/FirstName,0,-1,Slave,
tunnels01,git,Creature List/5/FirstName,0,-1,Slave,
tunnels01,git,Creature List/6/FirstName,0,-1,Slave,
tunnels01,git,Creature List/7/FirstName,0,-1,Slave,
tunnels01,git,Creature List/8/FirstName,0,-1,Slave,
tunnels01,git,Creature List/9/Equip_ItemList/0/LocalizedName,0,-1,Slaver Outfit,
tunnels01,git,Creature List/9/FirstName,0,-1,Slaver Caster,
tunnels01,git,Creature List/9/LastName,0,-1,Slaver,
tunnels01,git,Door List/1/Description,0,9076,"Bound in iron strips, this stone door hangs heavily upon its stout hinges.",
tunnels01,git,Door List/1/LocName,0,5349,Thick Stone Door,
tunnels01,git,Door List/13/Description,0,9076,"Bound in iron strips, this stone door hangs heavily upon its stout hinges.",
tunnels01,git,Door List/13/LocName,0,5349,Thick Stone Door,
tunnels01,git,Door List/14/Description,0,9076,"Bound in iron strips, this stone door hangs heavily upon its stout hinges.",
tunnels01,git,Door List/14/LocName,0,5349,Thick Stone Door,
tunnels01,git,Door List/15/Description,0,9076,"Bound in iron strips, this stone door hangs heavily upon its stout hinges.",
tunnels01,git,Door List/15/LocName,0,5349,Thick Stone Door,
tunnels01,git,Door List/2/Description,0,9076,"Bound in iron strips, this stone door hangs heavily upon its stout hinges.",
tunnels01,git,Door List/2/LocName,0,5349,Thick Stone Door,
tunnels01,git,Door List/3/Description,0,9076,"Bound in iron strips, this stone door hangs heavily upon its stout hinges.",
tunnels01,git,Door List/3/LocName,0,5349,Thick Stone Door,
tunnels01,git,Door List/4/Description,0,9076,"Bound in iron strips, this stone door hangs heavily upon its stout hinges.",
tunnels01,git,Door List/4/LocName,0,5349,Thick Stone Door,
tunnels01,git,Door List/5/Description,0,9076,"Bound in iron strips, this stone door hangs heavily upon its stout hinges.",
tunnels01,git,Door List/5/LocName,0,5349,Thick Stone Door,
tunnels01,git,Door List/6/LocName,0,5349,Door,
tunnels01,git,Door List/7/LocName,0,5349,Door,
tunnels01,git,Encounter List/0/LocalizedName,0,-1,Undercity Spiders,
tunnels01,git,Encounter List/1/LocalizedName,0,-1,Undercity Spiders,
tunnels01,git,Encounter List/2/LocalizedName,0,-1,Undercity Spiders,
tunnels01,git,Placeable List/226/LocName,0,68938,Barrel,
tunnels01,git,Placeable List/227/LocName,0,68938,Barrel,
tunnels01,git,TriggerList/0/LocalizedName,0,14759,Start Shavann Dialog,
tunnels01,git,TriggerList/1/LocalizedName,0,-1,Generic Trigger 001,
tunnels01,git,WaypointList/1/LocalizedName,0,14817,Test Undercity Waypoint,
tunnels01,git,WaypointList/2/LocalizedName,0,14814,Map Note,
tunnels01,git,WaypointList/2/MapNote,0,14815,To Tunnels,
tunnels01,git,WaypointList/3/LocalizedName,0,14814,Map Note,
tunnels01,git,WaypointList/3/MapNote,0,14815,To Lair,
yourapartment,git,Placeable List/10/Description,0,14756,You've spent many a night staring into the flame of this stove.,
yourapartment,git,Placeable List/10/LocName,0,14757,Oven,
yourapartment,git,Placeable List/28/Description,0,68960,"The view isn't great, but it's yours.",
yourapartment,git,Placeable List/6/Description,0,68856,"Well-made and covered in soft blankets, this bed would clearly comfort all but the most pampered of royalty.",
yourapartment,git,Placeable List/67/Description,0,68936,"You have a, some would say obsessive, tendency to take copious notes. No matter what you're doing. There are some old journals here -- you keep your current one on you.",
yourapartment,git,Placeable List/68/Description,0,14585,It might be time to organize the contents of this dresser.,
yourapartment,git,Placeable List/68/LocName,0,5650,Dresser,
yourapartment,git,Placeable List/71/Description,0,14752,Newsstand,
yourapartment,git,Placeable List/71/LocName,0,5748,Newsstand,
yourapartment,git,Placeable List/72/Description,0,14662,"You look about you, suspicious, but see nothing.",
yourapartment,git,Placeable List/72/LocName,0,5800,Narrator,
yourapartment,git,WaypointList/0/LocalizedName,0,14817,Waypoint,
yourapartmentnm,git,Placeable List/6/Description,0,68856,"Well-made and covered in soft blankets, this bed would clearly comfort all but the most pampered of royalty.",
yourapartmentnm,git,Placeable List/74/LocName,0,5748,Newsstand,
yourneighborhood,git,Creature List/0/FirstName,0,-1,Jerkins,
yourneighborhood,git,Creature List/1/FirstName,0,-1,Thrashgar,
yourneighborhood,git,Creature List/10/Equip_ItemList/0/LocalizedName,0,-1,Commoner Garb,
yourneighborhood,git,Creature List/10/FirstName,0,-1,Citizen,
yourneighborhood,git,Creature List/11/Equip_ItemList/0/LocalizedName,0,-1,Terana Clank Clothes,
yourneighborhood,git,Creature List/11/FirstName,0,-1,Citizen,
yourneighborhood,git,Creature List/12/Equip_ItemList/0/LocalizedName,0,-1,Commoner 2 Clothes,
yourneighborhood,git,Creature List/12/FirstName,0,-1,Citizen,
yourneighborhood,git,Creature List/13/Description,0,111457,"Horses make useful beasts of burden, and the best of them also make good best friends.",
yourneighborhood,git,Creature List/13/FirstName,0,111456,Rosey,
yourneighborhood,git,Creature List/14/Equip_ItemList/0/LocalizedName,0,-1,City Guard Teeth Helmet,
yourneighborhood,git,Creature List/14/Equip_ItemList/1/LocalizedName,0,13798,City Guard Armor,
yourneighborhood,git,Creature List/14/FirstName,0,-1,City Guard,
yourneighborhood,git,Creature List/15/Equip_ItemList/0/LocalizedName,0,-1,City Guard Teeth Helmet,
yourneighborhood,git,Creature List/15/Equip_ItemList/1/LocalizedName,0,13798,City Guard Armor,
yourneighborhood,git,Creature List/15/FirstName,0,-1,City Guard,
yourneighborhood,git,Creature List/16/Equip_ItemList/0/LocalizedName,0,-1,City Guard Teeth Helmet,
yourneighborhood,git,Creature List/16/Equip_ItemList/1/LocalizedName,0,13798,City Guard Armor,
yourneighborhood,git,Creature List/16/FirstName,0,-1,City Guard,
yourneighborhood,git,Creature List/17/Equip_ItemList/0/LocalizedName,0,-1,City Guard Teeth Helmet,
yourneighborhood,git,Creature List/17/Equip_ItemList/1/LocalizedName,0,13798,City Guard Armor,
yourneighborhood,git,Creature List/17/FirstName,0,-1,City Guard,
yourneighborhood,git,Creature List/18/Equip_ItemList/0/LocalizedName,0,-1,City Guard Teeth Helmet,
yourneighborhood,git,Creature List/18/Equip_ItemList/1/LocalizedName,0,13798,City Guard Armor,
yourneighborhood,git,Creature List/18/FirstName,0,-1,City Guard,
yourneighborhood,git,Creature List/2/Equip_ItemList/0/LocalizedName,0,-1,Worldwine Fanatic Outfit,
yourneighborhood,git,Creature List/2/FirstName,0,-1,Trishana,
yourneighborhood,git,Creature List/3/FirstName,0,-1,Rag Peddler,
yourneighborhood,git,Creature List/4/Description,0,12415,"This flightless, domesticated bird is prized both for its tender meat and for the eggs it lays on an almost daily basis.  This one is red.",
yourneighborhood,git,Creature List/4/FirstName,0,12416,Red Hen,
yourneighborhood,git,Creature List/5/Description,0,-1,"This human is friendliness in the shape of a man, yet otherwise unremarkable. The kind of person you would have a rousing talk with at a tavern, yet not be able to describe well after. The smile found on his round face is warm and invites conversation. A crumpled paper is tucked under his arm, nestled against plain, brown, linen clothing. His eyes never stay on one sight for too long.",
yourneighborhood,git,Creature List/5/Equip_ItemList/0/LocalizedName,0,-1,Tag Clothes,
yourneighborhood,git,Creature List/5/FirstName,0,-1,Tag,
yourneighborhood,git,Creature List/6/Equip_ItemList/0/LocalizedName,0,-1,Barkeep Clothes,
yourneighborhood,git,Creature List/6/FirstName,0,-1,Citizen,
yourneighborhood,git,Creature List/7/Equip_ItemList/0/LocalizedName,0,-1,Commoner Garb,
yourneighborhood,git,Creature List/7/FirstName,0,-1,Citizen,
yourneighborhood,git,Creature List/8/Equip_ItemList/0/LocalizedName,0,-1,Commoner 3 Clothes,
yourneighborhood,git,Creature List/8/FirstName,0,-1,Citizen,
yourneighborhood,git,Creature List/9/Equip_ItemList/0/LocalizedName,0,-1,Commoner Garb,
yourneighborhood,git,Creature List/9/FirstName,0,-1,Citizen,
yourneighborhood,git,Door List/1/LocName,0,5349,Forvor's Shop Door,
yourneighborhood,git,Door List/3/LocName,0,5349,Your Apartment Door,
yourneighborhood,git,Door List/4/Description,0,9071,Rust pocks the once-smooth surface of this metal-plated door.,
yourneighborhood,git,Door List/4/LocName,0,5349,Rusted Iron Door,
yourneighborhood,git,Door List/6/Description,0,-1,Nothing to see here.,
yourneighborhood,git,Door List/6/LocName,0,-1,Unusable Door,
yourneighborhood,git,Door List/7/Description,0,-1,Nothing to see here.,
yourneighborhood,git,Door List/7/LocName,0,-1,Unusable Door,
yourneighborhood,git,Encounter List/0/LocalizedName,0,-1,Rat Hole Rat,
yourneighborhood,git,Encounter List/1/LocalizedName,0,-1,Day 6 Lieutenant Dialog,
yourneighborhood,git,Placeable List/0/LocName,0,5732,"""To Rathole""",
yourneighborhood,git,Placeable List/16/LocName,0,5800,CHAIR_JerkinsSit,
yourneighborhood,git,Placeable List/17/LocName,0,5800,CHAIR_ThrashgarSit,
yourneighborhood,git,Placeable List/18/LocName,0,14561,"""Forvor's Favors""",
yourneighborhood,git,Placeable List/20/Description,0,14544,"This steel cage seems to be rigged to lift upwards, allowing a person to walk through.",
yourneighborhood,git,Placeable List/20/LocName,0,14545,Strong Steel Cage,
yourneighborhood,git,Placeable List/23/Description,0,-1,A door mat,
yourneighborhood,git,Placeable List/23/LocName,0,-1,Entrance to Your Apartment,
yourneighborhood,git,Placeable List/24/Description,0,-1,A door mat,
yourneighborhood,git,Placeable List/24/LocName,0,-1,Entrance to Forvor's Shop,
yourneighborhood,git,Placeable List/40/LocName,0,14616,Neighborhood Exit,
yourneighborhood,git,Placeable List/41/LocName,0,14616,Neighborhood Exit,
yourneighborhood,git,Placeable List/42/LocName,0,14616,Neighborhood Exit,
yourneighborhood,git,Placeable List/43/LocName,0,14616,Neighborhood Exit,
yourneighborhood,git,WaypointList/10/LocalizedName,0,14814,Map Note,
yourneighborhood,git,WaypointList/10/MapNote,0,14815,Entrance to Smuggler's Tunnels,
yourneighborhood,git,WaypointList/11/LocalizedName,0,14817,LieutenantDaySix,
yourneighborhood,git,WaypointList/2/LocalizedName,0,14817,Quillian Hangout,
yourneighborhood,git,WaypointList/4/LocalizedName,0,14814,Map Note,
yourneighborhood,git,WaypointList/4/MapNote,0,14815,Your Apartment,
yourneighborhood,git,WaypointList/5/LocalizedName,0,14814,Map Note,
yourneighborhood,git,WaypointList/5/MapNote,0,14815,Area Exit,
yourneighborhood,git,WaypointList/6/LocalizedName,0,14814,Map Note,
yourneighborhood,git,WaypointList/6/MapNote,0,14815,Area Exit,
yourneighborhood,git,WaypointList/7/LocalizedName,0,14814,Map Note,
yourneighborhood,git,WaypointList/7/MapNote,0,14815,Area Exit,
yourneighborhood,git,WaypointList/8/LocalizedName,0,14814,Map Note,
yourneighborhood,git,WaypointList/8/MapNote,0,14815,Forvor's Favors,
yourneighborhood,git,WaypointList/9/LocalizedName,0,14814,Map Note,
yourneighborhood,git,WaypointList/9/MapNote,0,14815,Tag,
