StrRef,Flags,SoundRef,VolumeVariance,PitchVariance,SoundLength
3000,7,P_FemaJ034,0,0,0.0
3230,7,vs_fdruggf_attk,0,0,0.0
3231,7,vs_fdruggf_bat1,0,0,0.0
3232,7,vs_fdruggf_bat2,0,0,0.0
3233,7,vs_fdruggf_bat3,0,0,0.0
3234,7,vs_fdruggf_heal,0,0,0.0
3235,7,vs_fdruggf_help,0,0,0.0
3236,7,vs_fdruggf_enmy,0,0,0.0
3237,7,vs_fdruggf_flee,0,0,0.0
3238,7,vs_fdruggf_tant,0,0,0.0
3239,7,vs_fdruggf_gard,0,0,0.0
3240,7,vs_fdruggf_hold,0,0,0.0
3241,7,vs_fdruggf_dyin,0,0,0.0
3242,7,vs_fdruggf_sick,0,0,0.0
3243,7,vs_fdruggf_spel,0,0,0.0
3244,7,vs_fdruggf_inff,0,0,0.0
3245,7,vs_fdruggf_foll,0,0,0.0
3246,7,vs_fdruggf_look,0,0,0.0
3247,7,vs_fdruggf_grup,0,0,0.0
3248,7,vs_fdruggf_move,0,0,0.0
3249,7,vs_fdruggf_pick,0,0,0.0
3250,7,vs_fdruggf_srch,0,0,0.0
3251,7,vs_fdruggf_hide,0,0,0.0
3252,7,vs_fdruggf_can,0,0,0.0
3253,7,vs_fdruggf_cant,0,0,0.0
3254,7,vs_fdruggf_done,0,0,0.0
3255,7,vs_fdruggf_encm,0,0,0.0
3256,7,vs_fdruggf_slct,0,0,0.0
3257,7,vs_fdruggf_hi,0,0,0.0
3258,7,vs_fdruggf_yes,0,0,0.0
3259,7,vs_fdruggf_no,0,0,0.0
3260,7,vs_fdruggf_stop,0,0,0.0
3261,7,vs_fdruggf_rest,0,0,0.0
3262,7,vs_fdruggf_bore,0,0,0.0
3263,7,vs_fdruggf_bye,0,0,0.0
3264,7,vs_fdruggf_thnx,0,0,0.0
3265,7,vs_fdruggf_haha,0,0,0.0
3266,7,vs_fdruggf_cuss,0,0,0.0
3267,7,vs_fdruggf_vict,0,0,0.0
3268,7,vs_fdruggf_say,0,0,0.0
3269,7,vs_fdruggf_good,0,0,0.0
3270,7,vs_fdruggf_bad,0,0,0.0
3271,7,vs_fdruggf_warn,0,0,0.0
3272,7,vs_fdumbm_attk,0,0,0.0
3273,7,vs_fdumbm_bat1,0,0,0.0
3274,7,vs_fdumbm_bat2,0,0,0.0
3275,7,vs_fdumbm_bat3,0,0,0.0
3276,7,vs_fdumbm_heal,0,0,0.0
3277,7,vs_fdumbm_help,0,0,0.0
3278,7,vs_fdumbm_enmy,0,0,0.0
3279,7,vs_fdumbm_flee,0,0,0.0
3280,7,vs_fdumbm_tant,0,0,0.0
3281,7,vs_fdumbm_gard,0,0,0.0
3282,7,vs_fdumbm_hold,0,0,0.0
3283,7,vs_fdumbm_dyin,0,0,0.0
3284,7,vs_fdumbm_sick,0,0,0.0
3285,7,vs_fdumbm_spel,0,0,0.0
3286,7,vs_fdumbm_inff,0,0,0.0
3287,7,vs_fdumbm_foll,0,0,0.0
3288,7,vs_fdumbm_look,0,0,0.0
3289,7,vs_fdumbm_grup,0,0,0.0
3290,7,vs_fdumbm_move,0,0,0.0
3291,7,vs_fdumbm_pick,0,0,0.0
3292,7,vs_fdumbm_srch,0,0,0.0
3293,7,vs_fdumbm_hide,0,0,0.0
3294,7,vs_fdumbm_can,0,0,0.0
3295,7,vs_fdumbm_cant,0,0,0.0
3296,7,vs_fdumbm_done,0,0,0.0
3297,7,vs_fdumbm_encm,0,0,0.0
3298,7,vs_fdumbm_slct,0,0,0.0
3299,7,vs_fdumbm_hi,0,0,0.0
3300,7,vs_fdumbm_yes,0,0,0.0
3301,7,vs_fdumbm_no,0,0,0.0
3302,7,vs_fdumbm_stop,0,0,0.0
3303,7,vs_fdumbm_rest,0,0,0.0
3304,7,vs_fdumbm_bore,0,0,0.0
3305,7,vs_fdumbm_bye,0,0,0.0
3306,7,vs_fdumbm_thnx,0,0,0.0
3307,7,vs_fdumbm_cuss,0,0,0.0
3308,7,vs_fdumbm_vict,0,0,0.0
3309,7,vs_fdumbm_say,0,0,0.0
3310,7,vs_fdumbm_good,0,0,0.0
3311,7,vs_fdumbm_bad,0,0,0.0
3312,7,vs_fdumbm_warn,0,0,0.0
3313,7,vs_ffeistm_attk,0,0,0.0
3314,7,vs_ffeistm_bat1,0,0,0.0
3315,7,vs_ffeistm_bat2,0,0,0.0
3316,7,vs_ffeistm_bat3,0,0,0.0
3317,7,vs_ffeistm_heal,0,0,0.0
3318,7,vs_ffeistm_help,0,0,0.0
3319,7,vs_ffeistm_enmy,0,0,0.0
3320,7,vs_ffeistm_flee,0,0,0.0
3321,7,vs_ffeistm_tant,0,0,0.0
3322,7,vs_ffeistm_gard,0,0,0.0
3323,7,vs_ffeistm_hold,0,0,0.0
3324,7,vs_ffeistm_dyin,0,0,0.0
3325,7,vs_ffeistm_sick,0,0,0.0
3326,7,vs_ffeistm_spel,0,0,0.0
3327,7,vs_ffeistm_inff,0,0,0.0
3328,7,vs_ffeistm_foll,0,0,0.0
3329,7,vs_ffeistm_look,0,0,0.0
3330,7,vs_ffeistm_grup,0,0,0.0
3331,7,vs_ffeistm_move,0,0,0.0
3332,7,vs_ffeistm_pick,0,0,0.0
3333,7,vs_ffeistm_srch,0,0,0.0
3334,7,vs_ffeistm_hide,0,0,0.0
3335,7,vs_ffeistm_can,0,0,0.0
3336,7,vs_ffeistm_cant,0,0,0.0
3337,7,vs_ffeistm_done,0,0,0.0
3338,7,vs_ffeistm_encm,0,0,0.0
3339,7,vs_ffeistm_slct,0,0,0.0
3340,7,vs_ffeistm_hi,0,0,0.0
3341,7,vs_ffeistm_yes,0,0,0.0
3342,7,vs_ffeistm_no,0,0,0.0
3343,7,vs_ffeistm_stop,0,0,0.0
3344,7,vs_ffeistm_rest,0,0,0.0
3345,7,vs_ffeistm_bye,0,0,0.0
3346,7,vs_ffeistm_thnx,0,0,0.0
3347,7,vs_ffeistm_cuss,0,0,0.0
3348,7,vs_ffeistm_vict,0,0,0.0
3349,7,vs_ffeistm_say,0,0,0.0
3350,7,vs_ffeistm_good,0,0,0.0
3351,7,vs_ffeistm_bad,0,0,0.0
3352,7,vs_ffeistm_warn,0,0,0.0
3353,7,vs_fhuskyf_attk,0,0,0.0
3354,7,vs_fhuskyf_bat1,0,0,0.0
3355,7,vs_fhuskyf_bat2,0,0,0.0
3356,7,vs_fhuskyf_bat3,0,0,0.0
3357,7,vs_fhuskyf_heal,0,0,0.0
3358,7,vs_fhuskyf_help,0,0,0.0
3359,7,vs_fhuskyf_enmy,0,0,0.0
3360,7,vs_fhuskyf_flee,0,0,0.0
3361,7,vs_fhuskyf_tant,0,0,0.0
3362,7,vs_fhuskyf_gard,0,0,0.0
3363,7,vs_fhuskyf_hold,0,0,0.0
3364,7,vs_fhuskyf_dyin,0,0,0.0
3365,7,vs_fhuskyf_sick,0,0,0.0
3366,7,vs_fhuskyf_spel,0,0,0.0
3367,7,vs_fhuskyf_inff,0,0,0.0
3368,7,vs_fhuskyf_foll,0,0,0.0
3369,7,vs_fhuskyf_look,0,0,0.0
3370,7,vs_fhuskyf_grup,0,0,0.0
3371,7,vs_fhuskyf_move,0,0,0.0
3372,7,vs_fhuskyf_pick,0,0,0.0
3373,7,vs_fhuskyf_srch,0,0,0.0
3374,7,vs_fhuskyf_hide,0,0,0.0
3375,7,vs_fhuskyf_can,0,0,0.0
3376,7,vs_fhuskyf_cant,0,0,0.0
3377,7,vs_fhuskyf_done,0,0,0.0
3378,7,vs_fhuskyf_encm,0,0,0.0
3379,7,vs_fhuskyf_slct,0,0,0.0
3380,7,vs_fhuskyf_hi,0,0,0.0
3381,7,vs_fhuskyf_yes,0,0,0.0
3382,7,vs_fhuskyf_no,0,0,0.0
3383,7,vs_fhuskyf_stop,0,0,0.0
3384,7,vs_fhuskyf_rest,0,0,0.0
3385,7,vs_fhuskyf_bore,0,0,0.0
3386,7,vs_fhuskyf_bye,0,0,0.0
3387,7,vs_fhuskyf_thnx,0,0,0.0
3388,7,vs_fhuskyf_cuss,0,0,0.0
3389,7,vs_fhuskyf_vict,0,0,0.0
3390,7,vs_fhuskyf_say,0,0,0.0
3391,7,vs_fhuskyf_good,0,0,0.0
3392,7,vs_fhuskyf_bad,0,0,0.0
3393,7,vs_fhuskyf_warn,0,0,0.0
3394,7,vs_fpowerm_attk,0,0,0.0
3395,7,vs_fpowerm_bat1,0,0,0.0
3396,7,vs_fpowerm_bat2,0,0,0.0
3397,7,vs_fpowerm_bat3,0,0,0.0
3398,7,vs_fpowerm_heal,0,0,0.0
3399,7,vs_fpowerm_help,0,0,0.0
3400,7,vs_fpowerm_enmy,0,0,0.0
3401,7,vs_fpowerm_flee,0,0,0.0
3402,7,vs_fpowerm_tant,0,0,0.0
3403,7,vs_fpowerm_gard,0,0,0.0
3404,7,vs_fpowerm_hold,0,0,0.0
3405,7,vs_fpowerm_dyin,0,0,0.0
3406,7,vs_fpowerm_sick,0,0,0.0
3407,7,vs_fpowerm_spel,0,0,0.0
3408,7,vs_fpowerm_inff,0,0,0.0
3409,7,vs_fpowerm_foll,0,0,0.0
3410,7,vs_fpowerm_look,0,0,0.0
3411,7,vs_fpowerm_grup,0,0,0.0
3412,7,vs_fpowerm_move,0,0,0.0
3413,7,vs_fpowerm_pick,0,0,0.0
3414,7,vs_fpowerm_srch,0,0,0.0
3415,7,vs_fpowerm_hide,0,0,0.0
3416,7,vs_fpowerm_can,0,0,0.0
3417,7,vs_fpowerm_cant,0,0,0.0
3418,7,vs_fpowerm_done,0,0,0.0
3419,7,vs_fpowerm_encm,0,0,0.0
3420,7,vs_fpowerm_slct,0,0,0.0
3421,7,vs_fpowerm_hi,0,0,0.0
3422,7,vs_fpowerm_yes,0,0,0.0
3423,7,vs_fpowerm_no,0,0,0.0
3424,7,vs_fpowerm_stop,0,0,0.0
3425,7,vs_fpowerm_rest,0,0,0.0
3426,7,vs_fpowerm_bore,0,0,0.0
3427,7,vs_fpowerm_bye,0,0,0.0
3428,7,vs_fpowerm_thnx,0,0,0.0
3429,7,vs_fpowerm_cuss,0,0,0.0
3430,7,vs_fpowerm_vict,0,0,0.0
3431,7,vs_fpowerm_say,0,0,0.0
3432,7,vs_fpowerm_good,0,0,0.0
3433,7,vs_fpowerm_bad,0,0,0.0
3434,7,vs_fpowerm_warn,0,0,0.0
3435,7,vs_fpsychm_attk,0,0,0.0
3436,7,vs_fpsychm_bat1,0,0,0.0
3437,7,vs_fpsychm_bat2,0,0,0.0
3438,7,vs_fpsychm_bat3,0,0,0.0
3439,7,vs_fpsychm_heal,0,0,0.0
3440,7,vs_fpsychm_help,0,0,0.0
3441,7,vs_fpsychm_enmy,0,0,0.0
3442,7,vs_fpsychm_flee,0,0,0.0
3443,7,vs_fpsychm_tant,0,0,0.0
3444,7,vs_fpsychm_gard,0,0,0.0
3445,7,vs_fpsychm_hold,0,0,0.0
3446,7,vs_fpsychm_dyin,0,0,0.0
3447,7,vs_fpsychm_sick,0,0,0.0
3448,7,vs_fpsychm_spel,0,0,0.0
3449,7,vs_fpsychm_inff,0,0,0.0
3450,7,vs_fpsychm_foll,0,0,0.0
3451,7,vs_fpsychm_look,0,0,0.0
3452,7,vs_fpsychm_grup,0,0,0.0
3453,7,vs_fpsychm_move,0,0,0.0
3454,7,vs_fpsychm_pick,0,0,0.0
3455,7,vs_fpsychm_srch,0,0,0.0
3456,7,vs_fpsychm_hide,0,0,0.0
3457,7,vs_fpsychm_can,0,0,0.0
3458,7,vs_fpsychm_cant,0,0,0.0
3459,7,vs_fpsychm_done,0,0,0.0
3460,7,vs_fpsychm_encm,0,0,0.0
3461,7,vs_fpsychm_slct,0,0,0.0
3462,7,vs_fpsychm_hi,0,0,0.0
3463,7,vs_fpsychm_yes,0,0,0.0
3464,7,vs_fpsychm_no,0,0,0.0
3465,7,vs_fpsychm_stop,0,0,0.0
3466,7,vs_fpsychm_rest,0,0,0.0
3467,7,vs_fpsychm_bore,0,0,0.0
3468,7,vs_fpsychm_bye,0,0,0.0
3469,7,vs_fpsychm_thnx,0,0,0.0
3470,7,vs_fpsychm_cuss,0,0,0.0
3471,7,vs_fpsychm_vict,0,0,0.0
3472,7,vs_fpsychm_say,0,0,0.0
3473,7,vs_fpsychm_good,0,0,0.0
3474,7,vs_fpsychm_bad,0,0,0.0
3475,7,vs_fpsychm_warn,0,0,0.0
3476,7,vs_fquietf_attk,0,0,0.0
3477,7,vs_fquietf_bat1,0,0,0.0
3478,7,vs_fquietf_bat2,0,0,0.0
3479,7,vs_fquietf_bat3,0,0,0.0
3480,7,vs_fquietf_heal,0,0,0.0
3481,7,vs_fquietf_help,0,0,0.0
3482,7,vs_fquietf_enmy,0,0,0.0
3483,7,vs_fquietf_flee,0,0,0.0
3484,7,vs_fquietf_tant,0,0,0.0
3485,7,vs_fquietf_gard,0,0,0.0
3486,7,vs_fquietf_hold,0,0,0.0
3487,7,vs_fquietf_dyin,0,0,0.0
3488,7,vs_fquietf_sick,0,0,0.0
3489,7,vs_fquietf_spel,0,0,0.0
3490,7,vs_fquietf_inff,0,0,0.0
3491,7,vs_fquietf_foll,0,0,0.0
3492,7,vs_fquietf_look,0,0,0.0
3493,7,vs_fquietf_grup,0,0,0.0
3494,7,vs_fquietf_move,0,0,0.0
3495,7,vs_fquietf_pick,0,0,0.0
3496,7,vs_fquietf_srch,0,0,0.0
3497,7,vs_fquietf_hide,0,0,0.0
3498,7,vs_fquietf_can,0,0,0.0
3499,7,vs_fquietf_cant,0,0,0.0
3500,7,vs_fquietf_done,0,0,0.0
3501,7,vs_fquietf_encm,0,0,0.0
3502,7,vs_fquietf_slct,0,0,0.0
3503,7,vs_fquietf_hi,0,0,0.0
3504,7,vs_fquietf_yes,0,0,0.0
3505,7,vs_fquietf_no,0,0,0.0
3506,7,vs_fquietf_stop,0,0,0.0
3507,7,vs_fquietf_rest,0,0,0.0
3508,7,vs_fquietf_bore,0,0,0.0
3509,7,vs_fquietf_bye,0,0,0.0
3510,7,vs_fquietf_thnx,0,0,0.0
3511,7,vs_fquietf_cuss,0,0,0.0
3512,7,vs_fquietf_vict,0,0,0.0
3513,7,vs_fquietf_say,0,0,0.0
3514,7,vs_fquietf_good,0,0,0.0
3515,7,vs_fquietf_bad,0,0,0.0
3516,7,vs_fquietf_warn,0,0,0.0
3517,7,vs_fsubtlem_attk,0,0,0.0
3518,7,vs_fsubtlem_bat1,0,0,0.0
3519,7,vs_fsubtlem_bat2,0,0,0.0
3520,7,vs_fsubtlem_bat3,0,0,0.0
3521,7,vs_fsubtlem_heal,0,0,0.0
3522,7,vs_fsubtlem_help,0,0,0.0
3523,7,vs_fsubtlem_enmy,0,0,0.0
3524,7,vs_fsubtlem_flee,0,0,0.0
3525,7,vs_fsubtlem_tant,0,0,0.0
3526,7,vs_fsubtlem_gard,0,0,0.0
3527,7,vs_fsubtlem_hold,0,0,0.0
3528,7,vs_fsubtlem_dyin,0,0,0.0
3529,7,vs_fsubtlem_sick,0,0,0.0
3530,7,vs_fsubtlem_spel,0,0,0.0
3531,7,vs_fsubtlem_inff,0,0,0.0
3532,7,vs_fsubtlem_foll,0,0,0.0
3533,7,vs_fsubtlem_look,0,0,0.0
3534,7,vs_fsubtlem_grup,0,0,0.0
3535,7,vs_fsubtlem_move,0,0,0.0
3536,7,vs_fsubtlem_pick,0,0,0.0
3537,7,vs_fsubtlem_srch,0,0,0.0
3538,7,vs_fsubtlem_hide,0,0,0.0
3539,7,vs_fsubtlem_can,0,0,0.0
3540,7,vs_fsubtlem_cant,0,0,0.0
3541,7,vs_fsubtlem_done,0,0,0.0
3542,7,vs_fsubtlem_encm,0,0,0.0
3543,7,vs_fsubtlem_slct,0,0,0.0
3544,7,vs_fsubtlem_hi,0,0,0.0
3545,7,vs_fsubtlem_yes,0,0,0.0
3546,7,vs_fsubtlem_no,0,0,0.0
3547,7,vs_fsubtlem_stop,0,0,0.0
3548,7,vs_fsubtlem_rest,0,0,0.0
3549,7,vs_fsubtlem_bore,0,0,0.0
3550,7,vs_fsubtlem_bye,0,0,0.0
3551,7,vs_fsubtlem_thnx,0,0,0.0
3552,7,vs_fsubtlem_haha,0,0,0.0
3553,7,vs_fsubtlem_cuss,0,0,0.0
3554,7,vs_fsubtlem_vict,0,0,0.0
3555,7,vs_fsubtlem_say,0,0,0.0
3556,7,vs_fsubtlem_good,0,0,0.0
3557,7,vs_fsubtlem_bad,0,0,0.0
3558,7,vs_fsubtlem_warn,0,0,0.0
4100,7,N_Maugr056,0,0,0.0
4101,7,N_Maugr058,0,0,0.0
4102,7,N_Maugr062,0,0,0.0
4103,7,N_Maugr063,0,0,0.0
4104,7,N_Maugr064,0,0,0.0
4105,7,N_Maugr065,0,0,0.0
4106,7,N_Maugr066,0,0,0.0
4107,7,N_Maugr067,0,0,0.0
4108,7,N_Morag001,0,0,0.0
4109,7,N_Morag002,0,0,0.0
4110,7,N_Morag003,0,0,0.0
4111,7,N_Morag004,0,0,0.0
4112,7,N_Morag005,0,0,0.0
4113,7,N_Morag006,0,0,0.0
4114,7,N_Morag007,0,0,0.0
4115,7,N_Morag008,0,0,0.0
4116,7,N_Morag009,0,0,0.0
4117,7,N_Morag011,0,0,0.0
4118,7,N_Morag013,0,0,0.0
4119,7,N_Morag022,0,0,0.0
4120,7,N_Morag023,0,0,0.0
4130,7,N_Morag033,0,0,0.0
4131,7,N_Morag034,0,0,0.0
4132,7,N_Morag035,0,0,0.0
4133,7,N_Morag036,0,0,0.0
4134,7,N_Morag038,0,0,0.0
4135,7,N_Morag040,0,0,0.0
4136,7,N_Morag042,0,0,0.0
4137,7,N_Morag043,0,0,0.0
4138,7,N_Morag045,0,0,0.0
4139,7,N_Morag046,0,0,0.0
4140,7,N_Morag047,0,0,0.0
4141,7,N_Morag048,0,0,0.0
4142,7,N_Morag049,0,0,0.0
4143,7,N_Morag051,0,0,0.0
4144,7,N_Morag052,0,0,0.0
4145,7,N_Morag053,0,0,0.0
4146,7,N_Morag056,0,0,0.0
4147,7,N_Morag058,0,0,0.0
4148,7,N_Morag062,0,0,0.0
4149,7,N_Morag063,0,0,0.0
4150,7,N_Morag064,0,0,0.0
4151,7,N_Morag065,0,0,0.0
4152,7,N_Morag066,0,0,0.0
4153,7,N_Morag067,0,0,0.0
4154,7,N_Morre001,0,0,0.0
4155,7,N_Morre002,0,0,0.0
4156,7,N_Morre003,0,0,0.0
4157,7,N_Morre004,0,0,0.0
4158,7,N_Morre005,0,0,0.0
4159,7,N_Morre006,0,0,0.0
4160,7,N_Morre007,0,0,0.0
4161,7,N_Morre008,0,0,0.0
4162,7,N_Morre009,0,0,0.0
4163,7,N_Morre011,0,0,0.0
4164,7,N_Morre013,0,0,0.0
4165,7,N_Morre022,0,0,0.0
4167,7,N_Morre024,0,0,0.0
4168,7,N_Morre025,0,0,0.0
4169,7,N_Morre026,0,0,0.0
4170,7,N_Morre027,0,0,0.0
4171,7,N_Morre028,0,0,0.0
4172,7,N_Morre029,0,0,0.0
4173,7,N_Morre030,0,0,0.0
4174,7,N_Morre031,0,0,0.0
4175,7,N_Morre032,0,0,0.0
4176,7,N_Morre033,0,0,0.0
4177,7,N_Morre034,0,0,0.0
4178,7,N_Morre035,0,0,0.0
4179,7,N_Morre036,0,0,0.0
4180,7,N_Morre038,0,0,0.0
4181,7,N_Morre040,0,0,0.0
4182,7,N_Morre042,0,0,0.0
4183,7,N_Morre043,0,0,0.0
4184,7,N_Morre045,0,0,0.0
4185,7,N_Morre046,0,0,0.0
4186,7,N_Morre047,0,0,0.0
4187,7,N_Morre048,0,0,0.0
4188,7,N_Morre049,0,0,0.0
4189,7,N_Morre051,0,0,0.0
4190,7,N_Morre052,0,0,0.0
4191,7,N_Morre053,0,0,0.0
4192,7,N_Morre056,0,0,0.0
4193,7,N_Morre058,0,0,0.0
4194,7,N_Morre062,0,0,0.0
4195,7,N_Morre063,0,0,0.0
4196,7,N_Morre064,0,0,0.0
4197,7,N_Morre065,0,0,0.0
4198,7,N_Morre066,0,0,0.0
4199,7,N_Morre067,0,0,0.0
4200,7,N_Nashe001,0,0,0.0
4201,7,N_Nashe002,0,0,0.0
4202,7,N_Nashe003,0,0,0.0
4203,7,N_Nashe004,0,0,0.0
4209,7,N_Nashe011,0,0,0.0
4210,7,N_Nashe013,0,0,0.0
4211,7,N_Nashe022,0,0,0.0
4212,7,N_Nashe023,0,0,0.0
4213,7,N_Nashe024,0,0,0.0
4214,7,N_Nashe025,0,0,0.0
4215,7,N_Nashe026,0,0,0.0
4216,7,N_Nashe027,0,0,0.0
4217,7,N_Nashe028,0,0,0.0
4218,7,N_Nashe029,0,0,0.0
4219,7,N_Nashe030,0,0,0.0
4220,7,N_Nashe031,0,0,0.0
4221,7,N_Nashe032,0,0,0.0
4222,7,N_Nashe033,0,0,0.0
4223,7,N_Nashe034,0,0,0.0
4224,7,N_Nashe035,0,0,0.0
4225,7,N_Nashe036,0,0,0.0
4226,7,N_Nashe038,0,0,0.0
4227,7,N_Nashe040,0,0,0.0
4228,7,N_Nashe042,0,0,0.0
4229,7,N_Nashe043,0,0,0.0
4230,7,N_Nashe045,0,0,0.0
4231,7,N_Nashe046,0,0,0.0
4232,7,N_Nashe047,0,0,0.0
4233,7,N_Nashe048,0,0,0.0
4234,7,N_Nashe049,0,0,0.0
4235,7,N_Nashe051,0,0,0.0
4236,7,N_Nashe052,0,0,0.0
4237,7,N_Nashe053,0,0,0.0
4238,7,N_Nashe056,0,0,0.0
4239,7,N_Nashe058,0,0,0.0
4240,7,N_Nashe062,0,0,0.0
4241,7,N_Nashe063,0,0,0.0
4242,7,N_Nashe064,0,0,0.0
4243,7,N_Nashe065,0,0,0.0
4244,7,N_Nashe066,0,0,0.0
4245,7,N_Nashe067,0,0,0.0
4246,7,N_Ophal001,0,0,0.0
4247,7,N_Ophal002,0,0,0.0
4249,7,N_Ophal004,0,0,0.0
4250,7,N_Ophal005,0,0,0.0
4251,7,N_Ophal006,0,0,0.0
4252,7,N_Ophal007,0,0,0.0
4253,7,N_Ophal008,0,0,0.0
4254,7,N_Ophal009,0,0,0.0
4255,7,N_Ophal011,0,0,0.0
4256,7,N_Ophal013,0,0,0.0
4257,7,N_Ophal022,0,0,0.0
4258,7,N_Ophal023,0,0,0.0
4259,7,N_Ophal024,0,0,0.0
4260,7,N_Ophal025,0,0,0.0
4261,7,N_Ophal026,0,0,0.0
4262,7,N_Ophal027,0,0,0.0
4263,7,N_Ophal028,0,0,0.0
4264,7,N_Ophal029,0,0,0.0
4265,7,N_Ophal030,0,0,0.0
4266,7,N_Ophal031,0,0,0.0
4267,7,N_Ophal032,0,0,0.0
4268,7,N_Ophal033,0,0,0.0
4269,7,N_Ophal034,0,0,0.0
4270,7,N_Ophal035,0,0,0.0
4271,7,N_Ophal036,0,0,0.0
4272,7,N_Ophal038,0,0,0.0
4273,7,N_Ophal040,0,0,0.0
4274,7,N_Ophal042,0,0,0.0
4275,7,N_Ophal043,0,0,0.0
4276,7,N_Ophal045,0,0,0.0
4277,7,N_Ophal046,0,0,0.0
4278,7,N_Ophal047,0,0,0.0
4279,7,N_Ophal048,0,0,0.0
4280,7,N_Ophal049,0,0,0.0
4281,7,N_Ophal051,0,0,0.0
4282,7,N_Ophal052,0,0,0.0
4283,7,N_Ophal053,0,0,0.0
4284,7,N_Ophal056,0,0,0.0
4285,7,N_Ophal058,0,0,0.0
4286,7,N_Ophal062,0,0,0.0
4287,7,N_Ophal063,0,0,0.0
4288,7,N_Ophal064,0,0,0.0
4289,7,N_Ophal065,0,0,0.0
4290,7,N_Ophal066,0,0,0.0
4291,7,N_Ophal067,0,0,0.0
4292,7,N_Sedos001,0,0,0.0
4293,7,N_Sedos002,0,0,0.0
4294,7,N_Sedos003,0,0,0.0
4295,7,N_Sedos004,0,0,0.0
4296,7,N_Sedos005,0,0,0.0
4297,7,N_Sedos006,0,0,0.0
4298,7,N_Sedos007,0,0,0.0
4299,7,N_Sedos008,0,0,0.0
4300,7,N_Sedos009,0,0,0.0
4301,7,N_Sedos011,0,0,0.0
4302,7,N_Sedos013,0,0,0.0
4303,7,N_Sedos022,0,0,0.0
4304,7,N_Sedos023,0,0,0.0
4305,7,N_Sedos024,0,0,0.0
4306,7,N_Sedos025,0,0,0.0
4307,7,N_Sedos026,0,0,0.0
4308,7,N_Sedos027,0,0,0.0
4309,7,N_Sedos028,0,0,0.0
4310,7,N_Sedos029,0,0,0.0
4311,7,N_Sedos030,0,0,0.0
4312,7,N_Sedos031,0,0,0.0
4313,7,N_Sedos032,0,0,0.0
4314,7,N_Sedos033,0,0,0.0
4315,7,N_Sedos034,0,0,0.0
4316,7,N_Sedos035,0,0,0.0
4317,7,N_Sedos036,0,0,0.0
4318,7,N_Sedos038,0,0,0.0
4319,7,N_Sedos040,0,0,0.0
4320,7,N_Sedos042,0,0,0.0
4321,7,N_Sedos043,0,0,0.0
4322,7,N_Sedos045,0,0,0.0
4323,7,N_Sedos046,0,0,0.0
4324,7,N_Sedos047,0,0,0.0
4325,7,N_Sedos048,0,0,0.0
4326,7,N_Sedos049,0,0,0.0
4327,7,N_Sedos051,0,0,0.0
4328,7,N_Sedos052,0,0,0.0
4329,7,N_Sedos053,0,0,0.0
4330,7,N_Sedos056,0,0,0.0
4331,7,N_Sedos058,0,0,0.0
4332,7,N_Sedos062,0,0,0.0
4333,7,N_Sedos063,0,0,0.0
4334,7,N_Sedos064,0,0,0.0
4335,7,N_Sedos065,0,0,0.0
4336,7,N_Sedos066,0,0,0.0
4337,7,N_Sedos067,0,0,0.0
4338,7,N_Halue001,0,0,0.0
4339,7,N_Halue002,0,0,0.0
4340,7,N_Halue003,0,0,0.0
4341,7,N_Halue004,0,0,0.0
4342,7,N_Halue005,0,0,0.0
4343,7,N_Halue006,0,0,0.0
4344,7,N_Halue007,0,0,0.0
4345,7,N_Halue008,0,0,0.0
4346,7,N_Halue009,0,0,0.0
4347,7,N_Halue011,0,0,0.0
4348,7,N_Halue013,0,0,0.0
4349,7,N_Halue022,0,0,0.0
4350,7,N_Halue023,0,0,0.0
4351,7,N_Halue024,0,0,0.0
4352,7,N_Halue025,0,0,0.0
4353,7,N_Halue026,0,0,0.0
4354,7,N_Halue027,0,0,0.0
4355,7,N_Halue028,0,0,0.0
4356,7,N_Halue029,0,0,0.0
4357,7,N_Halue030,0,0,0.0
4358,7,N_Halue031,0,0,0.0
4359,7,N_Halue032,0,0,0.0
4360,7,N_Halue033,0,0,0.0
4361,7,N_Halue034,0,0,0.0
4362,7,N_Halue035,0,0,0.0
4363,7,N_Halue036,0,0,0.0
4364,7,N_Halue038,0,0,0.0
4365,7,N_Halue040,0,0,0.0
4366,7,N_Halue042,0,0,0.0
4367,7,N_Halue043,0,0,0.0
4368,7,N_Halue045,0,0,0.0
4369,7,N_Halue046,0,0,0.0
4370,7,N_Halue047,0,0,0.0
4371,7,N_Halue048,0,0,0.0
4372,7,N_Halue049,0,0,0.0
4373,7,N_Halue051,0,0,0.0
4374,7,N_Halue052,0,0,0.0
4375,7,N_Halue053,0,0,0.0
4376,7,N_Halue056,0,0,0.0
4377,7,N_Halue058,0,0,0.0
4378,7,N_Halue062,0,0,0.0
4379,7,N_Halue063,0,0,0.0
4380,7,N_Halue064,0,0,0.0
4381,7,N_Halue065,0,0,0.0
4382,7,N_Halue066,0,0,0.0
4383,7,N_Halue067,0,0,0.0
4384,7,M_CeleM001,0,0,0.0
4385,7,M_CeleM002,0,0,0.0
4386,7,M_CeleM003,0,0,0.0
4387,7,M_CeleM004,0,0,0.0
4388,7,M_CeleM005,0,0,0.0
4389,7,M_CeleM032,0,0,0.0
4390,7,M_CeleM048,0,0,0.0
4391,7,M_CeleM049,0,0,0.0
4392,7,M_CeleM058,0,0,0.0
4393,7,M_CeleM063,0,0,0.0
4394,7,M_CeleF001,0,0,0.0
4395,7,M_CeleF002,0,0,0.0
4396,7,M_CeleF003,0,0,0.0
4397,7,M_CeleF004,0,0,0.0
4398,7,M_CeleF005,0,0,0.0
4399,7,M_CeleF032,0,0,0.0
4400,7,M_CeleF048,0,0,0.0
4401,7,M_CeleF049,0,0,0.0
4402,7,M_CeleF058,0,0,0.0
4403,7,M_CeleF063,0,0,0.0
4404,7,M_DemoM001,0,0,0.0
4405,7,M_DemoM002,0,0,0.0
4406,7,M_DemoM003,0,0,0.0
4407,7,M_DemoM004,0,0,0.0
4408,7,M_DemoM005,0,0,0.0
4409,7,M_DemoM032,0,0,0.0
4410,7,M_DemoM048,0,0,0.0
4411,7,M_DemoM049,0,0,0.0
4412,7,M_DemoM058,0,0,0.0
4413,7,M_DemoM063,0,0,0.0
4414,7,M_DemoF001,0,0,0.0
4415,7,M_DemoF002,0,0,0.0
4416,7,M_DemoF003,0,0,0.0
4417,7,M_DemoF004,0,0,0.0
4418,7,M_DemoF005,0,0,0.0
4419,7,M_DemoF032,0,0,0.0
4420,7,M_DemoF048,0,0,0.0
4421,7,M_DemoF049,0,0,0.0
4422,7,M_DemoF058,0,0,0.0
4423,7,M_DemoF063,0,0,0.0
4424,7,M_Imp001,0,0,0.0
4425,7,M_Imp002,0,0,0.0
4426,7,M_Imp003,0,0,0.0
4427,7,M_Imp004,0,0,0.0
4428,7,M_Imp005,0,0,0.0
4429,7,M_Imp032,0,0,0.0
4430,7,M_Imp048,0,0,0.0
4431,7,M_Imp049,0,0,0.0
4432,7,M_Imp058,0,0,0.0
4433,7,M_Imp063,0,0,0.0
4434,7,M_DragG001,0,0,0.0
4435,7,M_DragG002,0,0,0.0
4436,7,M_DragG003,0,0,0.0
4437,7,M_DragG004,0,0,0.0
4438,7,M_DragG005,0,0,0.0
4439,7,M_DragG032,0,0,0.0
4441,7,M_DragG049,0,0,0.0
4442,7,M_DragG058,0,0,0.0
4443,7,M_DragG063,0,0,0.0
4444,7,M_DragE001,0,0,0.0
4445,7,M_DragE002,0,0,0.0
4446,7,M_DragE003,0,0,0.0
4447,7,M_DragE004,0,0,0.0
4448,7,M_DragE005,0,0,0.0
4449,7,M_DragE032,0,0,0.0
4450,7,M_DragE048,0,0,0.0
4451,7,M_DragE049,0,0,0.0
4452,7,M_DragE058,0,0,0.0
4453,7,M_DragE063,0,0,0.0
4454,7,M_GianD001,0,0,0.0
4455,7,M_GianD002,0,0,0.0
4456,7,M_GianD003,0,0,0.0
4457,7,M_GianD004,0,0,0.0
4458,7,M_GianD005,0,0,0.0
4459,7,M_GianD032,0,0,0.0
4460,7,M_GianD048,0,0,0.0
4461,7,M_GianD049,0,0,0.0
4462,7,M_GianD058,0,0,0.0
4463,7,M_GianD063,0,0,0.0
4464,7,M_GianS001,0,0,0.0
4465,7,M_GianS002,0,0,0.0
4466,7,M_GianS003,0,0,0.0
4467,7,M_GianS004,0,0,0.0
4468,7,M_GianS005,0,0,0.0
4469,7,M_GianS032,0,0,0.0
4470,7,M_GianS048,0,0,0.0
4471,7,M_GianS049,0,0,0.0
4472,7,M_GianS058,0,0,0.0
4473,7,M_GianS063,0,0,0.0
4474,7,M_GoblB001,0,0,0.0
4475,7,M_GoblB002,0,0,0.0
4476,7,M_GoblB003,0,0,0.0
4477,7,M_GoblB004,0,0,0.0
4478,7,M_GoblB005,0,0,0.0
4479,7,M_GoblB032,0,0,0.0
4480,7,M_GoblB048,0,0,0.0
4481,7,M_GoblB049,0,0,0.0
4482,7,M_GoblB058,0,0,0.0
4483,7,M_GoblB063,0,0,0.0
4484,7,M_GoblW001,0,0,0.0
4485,7,M_GoblW002,0,0,0.0
4486,7,M_GoblW003,0,0,0.0
4487,7,M_GoblW004,0,0,0.0
4488,7,M_GoblW005,0,0,0.0
4489,7,M_GoblW032,0,0,0.0
4490,7,M_GoblW048,0,0,0.0
4491,7,M_GoblW049,0,0,0.0
4492,7,M_GoblW058,0,0,0.0
4493,7,M_GoblW063,0,0,0.0
4494,7,M_GoblM001,0,0,0.0
4495,7,M_GoblM002,0,0,0.0
4496,7,M_GoblM003,0,0,0.0
4497,7,M_GoblM004,0,0,0.0
4498,7,M_GoblM005,0,0,0.0
4499,7,M_GoblM032,0,0,0.0
4500,7,M_GoblM048,0,0,0.0
4501,7,M_GoblM049,0,0,0.0
4502,7,M_GoblM058,0,0,0.0
4503,7,M_GoblM063,0,0,0.0
4504,7,M_GoblS001,0,0,0.0
4505,7,M_GoblS002,0,0,0.0
4506,7,M_GoblS003,0,0,0.0
4507,7,M_GoblS004,0,0,0.0
4508,7,M_GoblS005,0,0,0.0
4509,7,M_GoblS032,0,0,0.0
4510,7,M_GoblS048,0,0,0.0
4511,7,M_GoblS049,0,0,0.0
4512,7,M_GoblS058,0,0,0.0
4513,7,M_GoblS063,0,0,0.0
4514,7,M_OldM001,0,0,0.0
4515,7,M_OldM002,0,0,0.0
4516,7,M_OldM003,0,0,0.0
4517,7,M_OldM004,0,0,0.0
4518,7,M_OldM005,0,0,0.0
4519,7,M_OldM032,0,0,0.0
4520,7,M_OldM048,0,0,0.0
4521,7,M_OldM049,0,0,0.0
4522,7,M_OldM058,0,0,0.0
4523,7,M_OldM063,0,0,0.0
4524,7,M_OldF001,0,0,0.0
4525,7,M_OldF002,0,0,0.0
4526,7,M_OldF003,0,0,0.0
4527,7,M_OldF004,0,0,0.0
4528,7,M_OldF005,0,0,0.0
4529,7,M_OldF032,0,0,0.0
4530,7,M_OldF048,0,0,0.0
4531,7,M_OldF049,0,0,0.0
4532,7,M_OldF058,0,0,0.0
4533,7,M_OldF063,0,0,0.0
4534,7,M_OldYu001,0,0,0.0
4535,7,M_OldYu002,0,0,0.0
4536,7,M_OldYu003,0,0,0.0
4537,7,M_OldYu004,0,0,0.0
4538,7,M_OldYu005,0,0,0.0
4539,7,M_OldYu032,0,0,0.0
4540,7,M_OldYu048,0,0,0.0
4541,7,M_OldYu049,0,0,0.0
4542,7,M_OldYu058,0,0,0.0
4543,7,M_OldYu063,0,0,0.0
4544,7,M_UndeI001,0,0,0.0
4545,7,M_UndeI002,0,0,0.0
4546,7,M_UndeI003,0,0,0.0
4547,7,M_UndeI004,0,0,0.0
4548,7,M_UndeI005,0,0,0.0
4549,7,M_UndeI032,0,0,0.0
4550,7,M_UndeI048,0,0,0.0
4551,7,M_UndeI049,0,0,0.0
4552,7,M_UndeI058,0,0,0.0
4553,7,M_UndeI063,0,0,0.0
4554,7,M_UndeF001,0,0,0.0
4555,7,M_UndeF002,0,0,0.0
4556,7,M_UndeF003,0,0,0.0
4557,7,M_UndeF004,0,0,0.0
4558,7,M_UndeF005,0,0,0.0
4559,7,M_UndeF032,0,0,0.0
4560,7,M_UndeF048,0,0,0.0
4561,7,M_UndeF049,0,0,0.0
4562,7,M_UndeF058,0,0,0.0
4563,7,M_UndeF063,0,0,0.0
4564,7,M_UndeL001,0,0,0.0
4565,7,M_UndeL002,0,0,0.0
4566,7,M_UndeL003,0,0,0.0
4567,7,M_UndeL004,0,0,0.0
4568,7,M_UndeL005,0,0,0.0
4569,7,M_UndeL032,0,0,0.0
4570,7,M_UndeL048,0,0,0.0
4571,7,M_UndeL049,0,0,0.0
4572,7,M_UndeL058,0,0,0.0
4573,7,M_UndeL063,0,0,0.0
4574,7,M_Death001,0,0,0.0
4575,7,M_Death002,0,0,0.0
4576,7,M_Death003,0,0,0.0
4577,7,M_Death004,0,0,0.0
4578,7,M_Death005,0,0,0.0
4579,7,M_Death032,0,0,0.0
4580,7,M_Death048,0,0,0.0
4581,7,M_Death049,0,0,0.0
4582,7,M_Death058,0,0,0.0
4583,7,M_Death063,0,0,0.0
4584,7,M_WereB001,0,0,0.0
4585,7,M_WereB002,0,0,0.0
4586,7,M_WereB003,0,0,0.0
4587,7,M_WereB004,0,0,0.0
4588,7,M_WereB005,0,0,0.0
4589,7,M_WereB032,0,0,0.0
4590,7,M_WereB048,0,0,0.0
4591,7,M_WereB049,0,0,0.0
4592,7,M_WereB058,0,0,0.0
4593,7,M_WereB063,0,0,0.0
4594,7,M_WereR001,0,0,0.0
4595,7,M_WereR002,0,0,0.0
4596,7,M_WereR003,0,0,0.0
4597,7,M_WereR004,0,0,0.0
4598,7,M_WereR005,0,0,0.0
4599,7,M_WereR032,0,0,0.0
4600,7,vs_vicinni_attak,0,0,0.0
4601,7,vs_vicinni_btcry,0,0,0.0
4602,7,vs_vicinni_heal,0,0,0.0
4603,7,vs_vicinni_help,0,0,0.0
4604,7,vs_vicinni_enemy,0,0,0.0
4605,7,vs_vicinni_flee,0,0,0.0
4606,7,vs_vicinni_taunt,0,0,0.0
4607,7,vs_vicinni_guard,0,0,0.0
4608,7,vs_vicinni_stand,0,0,0.0
4609,7,vs_vicinni_nrdth,0,0,0.0
4610,7,vs_vicinni_pain1,0,0,0.0
4611,7,vs_vicinni_pain2,0,0,0.0
4612,7,vs_vicinni_pain3,0,0,0.0
4613,7,vs_vicinni_death,0,0,0.0
4614,7,vs_vicinni_poisn,0,0,0.0
4615,7,vs_vicinni_fspel,0,0,0.0
4616,7,vs_vicinni_innef,0,0,0.0
4617,7,vs_vicinni_follw,0,0,0.0
4618,7,vs_vicinni_look,0,0,0.0
4619,7,vs_vicinni_group,0,0,0.0
4620,7,vs_vicinni_move,0,0,0.0
4621,7,vs_vicinni_pick,0,0,0.0
4622,7,vs_vicinni_secrt,0,0,0.0
4623,7,vs_vicinni_hide,0,0,0.0
4624,7,vs_vicinni_cando,0,0,0.0
4625,7,vs_vicinni_notdo,0,0,0.0
4626,7,vs_vicinni_done,0,0,0.0
4627,7,vs_vicinni_encum,0,0,0.0
4628,7,vs_vicinni_hello,0,0,0.0
4629,7,vs_vicinni_yes,0,0,0.0
4630,7,vs_vicinni_no,0,0,0.0
4631,7,vs_vicinni_stop,0,0,0.0
4632,7,vs_vicinni_rest,0,0,0.0
4633,7,vs_vicinni_bored,0,0,0.0
4634,7,vs_vicinni_bye,0,0,0.0
4635,7,vs_vicinni_thank,0,0,0.0
4636,7,vs_vicinni_laugh,0,0,0.0
4637,7,vs_vicinni_cuss,0,0,0.0
4638,7,vs_vicinni_cheer,0,0,0.0
4639,7,vs_vicinni_tell,0,0,0.0
4640,7,vs_vicinni_gidea,0,0,0.0
4641,7,vs_vicinni_bidea,0,0,0.0
4642,7,vs_vicinni_warn,0,0,0.0
4643,7,M_Dryad063,0,0,0.0
4644,7,M_Dryad073,0,0,0.0
10487,7,VS_VICINNI_ATTAK,0,0,0.0
11195,7,vs_favhen3m_050,0,0,0.0
11202,7,vs_favhen3m_051,0,0,0.0
11238,7,vs_favhen3m_052,0,0,0.0
11239,7,vs_favhen3m_054,0,0,0.0
11240,7,vs_favhen3m_055,0,0,0.0
11241,7,vs_favhen3m_053,0,0,0.0
11242,7,vs_favhen3m_057,0,0,0.0
11243,7,vs_favhen3m_056,0,0,0.0
11244,7,vs_favhen3m_058,0,0,0.0
11245,7,vs_favhen3m_060,0,0,0.0
11246,7,vs_favhen3m_061,0,0,0.0
11247,7,vs_favhen3m_059,0,0,0.0
11933,7,vs_favhen4m_050,0,0,0.0
11940,7,vs_favhen4m_051,0,0,0.0
11976,7,vs_favhen4m_052,0,0,0.0
11977,7,vs_favhen4m_054,0,0,0.0
11978,7,vs_favhen4m_055,0,0,0.0
11979,7,vs_favhen4m_053,0,0,0.0
11980,7,vs_favhen4m_057,0,0,0.0
11981,7,vs_favhen4m_056,0,0,7.4235
11982,7,vs_favhen4m_058,0,0,5.1021
11983,7,vs_favhen4m_060,0,0,5.5612
11984,7,vs_favhen4m_061,0,0,3.0102
11985,7,vs_favhen4m_059,0,0,15.2041
14949,7,vs_feltoorf_052,0,0,9.4388
14955,7,vs_feltoorf_050,0,0,9.0051
14959,7,vs_feltoorf_051,0,0,6.8622
14962,7,vs_feltoorf_053,0,0,2.7041
15379,7,vs_nintdevm_050,0,0,8.801
15382,7,vs_nintdevm_051,0,0,5.1021
15383,7,vs_nintdevm_052,0,0,3.5459
15384,7,vs_nintdevm_053,0,0,6.8622
15385,7,vs_nintdevm_050,0,0,8.801
15386,7,vs_nintdevm_055,0,0,13.1378
15387,7,vs_nintdevm_054,0,0,6.1479
16700,7,vs_folefm_052,0,0,9.6684
16722,7,vs_folefm_053,0,0,5.0765
16723,7,vs_folefm_054,0,0,8.4949
16745,7,vs_folefm_050,0,0,9.7449
16786,7,vs_folefm_051,0,0,8.699
16991,7,vs_nnwgrdm3_050,0,0,6.7602
17057,7,vs_fnyatarm_052,0,0,9.2091
17076,7,vs_fnyatarm_053,0,0,8.1888
17077,7,vs_fnyatarm_054,0,0,9.9745
17088,7,vs_fnyatarm_051,0,0,7.2704
17122,7,vs_fnyatarm_050,0,0,7.398
17123,7,vs_fnyatarm_055,0,0,4.0306
17375,7,vs_nprostf1_053,0,0,6.8368
17376,7,vs_nprostf1_054,0,0,6.1225
17377,7,vs_nprostf1_055,0,0,11.8368
17394,7,vs_nprostf1_050,0,0,6.2755
17415,7,vs_nprostf1_051,0,0,4.949
17423,7,vs_nprostf1_052,0,0,7.5765
17551,7,vs_fophalaf_051,0,0,11.4285
17563,7,vs_fophalaf_052,0,0,8.5459
17564,7,vs_fophalaf_053,0,0,11.9132
17711,7,vs_nprostf2_053,0,0,12.6275
17712,7,vs_nprostf2_054,0,0,8.8521
17713,7,vs_nprostf2_055,0,0,10.7909
17726,7,vs_nprostf2_050,0,0,7.2449
17773,7,vs_nprostf2_052,0,0,13.5714
17783,7,vs_nprostf2_051,0,0,5.6122
17849,7,vs_nprostm1_053,0,0,7.2704
17850,7,vs_nprostm1_054,0,0,6.0204
17851,7,vs_nprostm1_055,0,0,8.8265
17868,7,vs_nprostm1_050,0,0,8.8521
17888,7,vs_nprostm1_051,0,0,5.4591
17896,7,vs_nprostm1_052,0,0,6.8368
17949,7,vs_fclaudum_050,0,0,12.5255
17950,7,vs_fclaudum_052,0,0,10.1785
17951,7,vs_fclaudum_053,0,0,8.75
17952,7,vs_fclaudum_054,0,0,8.1888
17953,7,vs_fclaudum_055,0,0,9.5153
17955,7,vs_fclaudum_051,0,0,6.3265
18360,7,vs_nwncomm4_050,0,0,3.8265
18361,7,vs_nwncomm4_051,0,0,8.0868
18596,7,vs_naribetf_154,0,0,9.8215
18597,7,vs_naribetf_150,0,0,6.4031
18598,7,vs_naribetf_149,0,0,9.949
18599,7,vs_naribetf_147,0,0,7.2194
18600,7,vs_naribetf_145,0,0,5.3062
18601,7,vs_naribetf_144,0,0,5.0255
18602,7,vs_naribetf_123,0,0,6.2245
18603,7,vs_naribetf_125,0,0,3.0102
18604,7,vs_naribetf_129,0,0,7.0663
18605,7,vs_naribetf_128,0,0,6.6837
18606,7,vs_naribetf_127,0,0,5.7909
18607,7,vs_naribetf_126,0,0,6.7091
18608,7,vs_naribetf_050,0,0,7.398
18609,7,vs_naribetf_051,0,0,10.4591
18610,7,vs_naribetf_140,0,0,6.199
18611,7,vs_naribetf_152,0,0,8.4184
18612,7,vs_naribetf_126,0,0,6.7091
18613,7,vs_naribetf_127,0,0,5.7909
18614,7,vs_naribetf_128,0,0,6.6837
18615,7,vs_naribetf_129,0,0,7.0663
18616,7,vs_naribetf_135,0,0,9.4898
18617,7,vs_naribetf_130,0,0,7.4745
18618,7,vs_naribetf_151,0,0,7.7551
18619,7,vs_naribetf_122,0,0,8.3418
18620,7,vs_naribetf_052,0,0,8.4184
18622,7,vs_naribetf_054,0,0,7.7041
18623,7,vs_naribetf_120,0,0,4.5663
18624,7,vs_naribetf_121,0,0,11.0204
18625,7,vs_naribetf_055,0,0,8.75
18627,7,vs_naribetf_057,0,0,9.2602
18628,7,vs_naribetf_058,0,0,13.1122
18629,7,vs_naribetf_059,0,0,14.0816
18630,7,vs_naribetf_060,0,0,11.9132
18631,7,vs_naribetf_061,0,0,10.1021
18632,7,vs_naribetf_062,0,0,9.1327
18633,7,vs_naribetf_063,0,0,10.8418
18637,7,vs_naribetf_070,0,0,9.7194
18638,7,vs_naribetf_071,0,0,11.0715
18639,7,vs_naribetf_071,0,0,11.0715
18640,7,vs_naribetf_064,0,0,16.3265
18642,7,vs_naribetf_066,0,0,12.3215
18643,7,vs_naribetf_070,0,0,9.7194
18644,7,vs_naribetf_072,0,0,9.5918
18645,7,vs_naribetf_073,0,0,9.6684
18648,7,vs_naribetf_076,0,0,8.801
18649,7,vs_naribetf_077,0,0,9.6938
18650,7,vs_naribetf_078,0,0,3.0868
18651,7,vs_naribetf_079,0,0,3.0612
18652,7,vs_naribetf_113,0,0,9.3878
18653,7,vs_naribetf_114,0,0,11.2245
18654,7,vs_naribetf_115,0,0,1.25
18655,7,vs_naribetf_116,0,0,10.4847
18656,7,vs_naribetf_117,0,0,10.8163
18657,7,vs_naribetf_118,0,0,12.8572
18658,7,vs_naribetf_119,0,0,10.6378
18659,7,vs_naribetf_112,0,0,10.4847
18660,7,vs_naribetf_080,0,0,6.25
18661,7,vs_naribetf_081,0,0,10.2806
18662,7,vs_naribetf_082,0,0,8.7755
18663,7,vs_naribetf_083,0,0,1.9132
18664,7,vs_naribetf_084,0,0,2.3979
18665,7,vs_naribetf_092,0,0,11.4031
18666,7,vs_naribetf_093,0,0,10.6632
18667,7,vs_naribetf_094,0,0,9.6684
18668,7,vs_naribetf_095,0,0,9.0816
18669,7,vs_naribetf_096,0,0,12.1938
18670,7,vs_naribetf_097,0,0,9.2347
18671,7,vs_naribetf_098,0,0,9.8215
18672,7,vs_naribetf_110,0,0,5.8418
18673,7,vs_naribetf_111,0,0,4.5409
18674,7,vs_naribetf_099,0,0,10.9184
18675,7,vs_naribetf_100,0,0,11.0715
18676,7,vs_naribetf_101,0,0,7.2959
18677,7,vs_naribetf_109,0,0,13.5969
18678,7,vs_naribetf_102,0,0,10.4337
18679,7,vs_naribetf_103,0,0,9.3878
18680,7,vs_naribetf_104,0,0,8.4694
18681,7,vs_naribetf_105,0,0,11.2245
18682,7,vs_naribetf_106,0,0,12.4235
18683,7,vs_naribetf_107,0,0,12.4235
18684,7,vs_naribetf_108,0,0,7.8827
18685,7,vs_naribetf_085,0,0,7.3215
18686,7,vs_naribetf_086,0,0,9.6428
18687,7,vs_naribetf_088,0,0,9.3622
18688,7,vs_naribetf_089,0,0,9.6938
18689,7,vs_naribetf_090,0,0,11.1735
18690,7,vs_naribetf_087,0,0,9.1582
18691,7,vs_naribetf_091,0,0,9.949
18692,7,vs_naribetf_124,0,0,3.8775
18693,7,vs_naribetf_141,0,0,4.8215
18694,7,vs_naribetf_142,0,0,8.5459
18695,7,vs_naribetf_143,0,0,1.9132
18696,7,vs_naribetf_146,0,0,8.5459
18697,7,vs_naribetf_148,0,0,6.1225
18698,7,vs_naribetf_136,0,0,4.2347
18699,7,vs_naribetf_137,0,0,4.0816
18700,7,vs_naribetf_138,0,0,7.3469
18701,7,vs_naribetf_139,0,0,6.0715
18702,7,vs_naribetf_155,0,0,3.801
18703,7,vs_naribetf_156,0,0,9.8725
18704,7,vs_naribetf_131,0,0,8.4949
18705,7,vs_naribetf_132,0,0,1.5306
18706,7,vs_naribetf_133,0,0,6.7857
18707,7,vs_naribetf_134,0,0,9.7959
18709,7,vs_naribetf_say,0,0,2.4235
18761,7,vs_ndesthem_102,0,0,10.0
18762,7,vs_ndesthem_103,0,0,9.2857
18763,7,vs_ndesthem_108,0,0,6.8622
18764,7,vs_ndesthem_109,0,0,9.3112
18765,7,vs_ndesthem_104,0,0,5.3062
18766,7,vs_ndesthem_105,0,0,7.4745
18767,7,vs_ndesthem_106,0,0,7.5765
18768,7,vs_ndesthem_110,0,0,6.6582
18769,7,vs_ndesthem_111,0,0,4.8215
18770,7,vs_ndesthem_107,0,0,7.8572
18841,7,vs_nfenthim_100,0,0,5.6378
18842,7,vs_ndesthem_070,0,0,5.5868
18843,7,vs_nfenthim_101,0,0,0.0
18844,7,vs_nfenthim_102,0,0,0.0
18845,7,vs_ndesthem_071,0,0,0.0
18846,7,vs_nfenthim_103,0,0,0.0
18847,7,vs_nfenthim_104,0,0,0.0
18848,7,vs_ndesthem_073,0,0,0.0
18849,7,vs_nfenthim_114,0,0,0.0
18850,7,vs_nfenthim_116,0,0,5.0255
18851,7,vs_nfenthim_105,0,0,0.0
18852,7,vs_nfenthim_106,0,0,0.0
18853,7,vs_nfenthim_107,0,0,0.0
18854,7,vs_nfenthim_113,0,0,0.0
18855,7,vs_nfenthim_108,0,0,0.0
18856,7,vs_ndesthem_072,0,0,0.0
18857,7,vs_nfenthim_109,0,0,0.0
18858,7,vs_nfenthim_110,0,0,0.0
18859,7,vs_nfenthim_127,0,0,4.3368
18860,7,vs_nfenthim_128,0,0,0.0
18861,7,vs_nfenthim_145,0,0,0.0
18862,7,vs_nfenthim_146,0,0,0.0
18863,7,vs_nfenthim_171,0,0,0.0
18864,7,vs_nfenthim_111,0,0,0.0
18865,7,vs_nfenthim_112,0,0,0.0
18866,7,vs_nfenthim_173,0,0,0.0
18867,7,vs_nfenthim_147,0,0,0.0
18868,7,vs_nfenthim_161,0,0,0.0
18869,7,vs_nfenthim_167,0,0,0.0
18870,7,vs_nfenthim_172,0,0,0.0
18871,7,vs_ndesthem_074,0,0,0.0
18872,7,vs_nfenthim_115,0,0,0.0
18873,7,vs_nfenthim_117,0,0,4.5153
18874,7,vs_nfenthim_120,0,0,4.7194
18875,7,vs_nfenthim_121,0,0,5.6888
18876,7,vs_nfenthim_123,0,0,7.1174
18877,7,vs_nfenthim_124,0,0,6.4541
18878,7,vs_nfenthim_126,0,0,6.301
18879,7,vs_ndesthem_075,0,0,8.2398
18880,7,vs_nfenthim_118,0,0,0.0
18881,7,vs_ndesthem_076,0,0,0.0
18882,7,vs_nfenthim_119,0,0,0.0
18883,7,vs_ndesthem_077,0,0,5.4082
18884,7,vs_nfenthim_122,0,0,0.0
18885,7,vs_ndesthem_078,0,0,0.0
18886,7,vs_ndesthem_079,0,0,8.75
18887,7,vs_nfenthim_125,0,0,0.0
18888,7,vs_ndesthem_080,0,0,0.0
18890,7,vs_nfenthim_130,0,0,0.0
18891,7,vs_nfenthim_131,0,0,0.0
18892,7,vs_nfenthim_132,0,0,0.0
18893,7,vs_nfenthim_133,0,0,0.0
18894,7,vs_nfenthim_135,0,0,0.0
18895,7,vs_ndesthem_082,0,0,0.0
18896,7,vs_nfenthim_136,0,0,0.0
18897,7,vs_nfenthim_137,0,0,0.0
18898,7,vs_ndesthem_083,0,0,0.0
18899,7,vs_nfenthim_138,0,0,0.0
18900,7,vs_nfenthim_139,0,0,0.0
18901,7,vs_nfenthim_140,0,0,0.0
18902,7,vs_nfenthim_141,0,0,0.0
18903,7,vs_ndesthem_084,0,0,0.0
18904,7,vs_nfenthim_142,0,0,0.0
18905,7,vs_ndesthem_085,0,0,0.0
18906,7,vs_nfenthim_143,0,0,0.0
18907,7,vs_nfenthim_144,0,0,0.0
18908,7,vs_ndesthem_086,0,0,0.0
18909,7,vs_ndesthem_093,0,0,0.0
18910,7,vs_ndesthem_092,0,0,0.0
18911,7,vs_ndesthem_087,0,0,0.0
18912,7,vs_nfenthim_148,0,0,0.0
18913,7,vs_ndesthem_088,0,0,0.0
18914,7,vs_nfenthim_152,0,0,0.0
18915,7,vs_nfenthim_149,0,0,0.0
18916,7,vs_ndesthem_089,0,0,0.0
18917,7,vs_nfenthim_150,0,0,0.0
18918,7,vs_nfenthim_151,0,0,0.0
18919,7,vs_nfenthim_159,0,0,0.0
18920,7,vs_nfenthim_153,0,0,0.0
18921,7,vs_nfenthim_160,0,0,0.0
18922,7,vs_ndesthem_091,0,0,0.0
18923,7,vs_nfenthim_157,0,0,0.0
18924,7,vs_nfenthim_158,0,0,0.0
18925,7,vs_nfenthim_154,0,0,0.0
18926,7,vs_ndesthem_090,0,0,0.0
18927,7,vs_nfenthim_155,0,0,0.0
18928,7,vs_nfenthim_156,0,0,0.0
18929,7,vs_ndesthem_094,0,0,0.0
18930,7,vs_nfenthim_164,0,0,0.0
18931,7,vs_ndesthem_096,0,0,0.0
18932,7,vs_ndesthem_098,0,0,0.0
18933,7,vs_ndesthem_097,0,0,0.0
18934,7,vs_nfenthim_165,0,0,0.0
18935,7,vs_nfenthim_166,0,0,0.0
18936,7,vs_ndesthem_095,0,0,0.0
18937,7,vs_nfenthim_162,0,0,0.0
18938,7,vs_nfenthim_163,0,0,0.0
18939,7,vs_ndesthem_099,0,0,0.0
18940,7,vs_ndesthem_100,0,0,0.0
18941,7,vs_nfenthim_170,0,0,0.0
18942,7,vs_ndesthem_101,0,0,0.0
18943,7,vs_nfenthim_168,0,0,0.0
18944,7,vs_nfenthim_169,0,0,0.0
18945,7,vs_ndesthem_081,0,0,0.0
18946,7,vs_nfenthim_134,0,0,0.0
18947,7,vs_nfenthim_say,0,0,1.0459
19400,7,vs_nintdevm_056,0,0,5.1531
19551,7,vs_nhalorm1_050,0,0,3.3418
19552,7,vs_nhalorm1_051,0,0,5.9949
19553,7,vs_nhalorm1_052,0,0,5.3316
19631,7,vs_nnwgrdf2_050,0,0,9.1327
19632,7,vs_nnwgrdf2_051,0,0,8.5715
19633,7,vs_nnwgrdf2_052,0,0,9.6938
19650,7,vs_nnwgrdf2_053,0,0,4.3622
19660,7,vs_nnwgrdf2_056,0,0,9.8979
19664,7,vs_nnwgrdf2_055,0,0,3.699
19674,7,vs_nnwgrdf2_054,0,0,8.699
20074,7,vs_nnymphf_059,0,0,7.1684
20081,7,vs_nnymphf_057,0,0,3.6735
20082,7,vs_nnymphf_060,0,0,7.0153
20083,7,vs_nnymphf_058,0,0,6.7857
20292,7,vs_nnwnobf1_050,0,0,9.2347
20293,7,vs_nnwnobf1_051,0,0,8.699
20294,7,vs_nnwnobf1_052,0,0,6.5306
20295,7,vs_nnwnobf1_054,0,0,2.8826
20308,7,vs_nnwnobf1_055,0,0,1.4031
20356,7,vs_nnwnobf1_053,0,0,6.7602
20496,7,vs_nnwnobm1_051,0,0,0.0
20497,7,vs_nnwnobm1_054,0,0,5.0765
20515,7,vs_nnwnobm1_050,0,0,0.0
20516,7,vs_nnwnobm1_055,0,0,2.6531
20518,7,vs_nnwnobm1_052,0,0,5.5102
20519,7,vs_nnwnobm1_053,0,0,4.6938
21410,7,vs_nbloodm1_051,0,0,9.9235
21412,7,vs_nbloodm1_050,0,0,5.8674
21766,7,vs_nnwcomf2_051,0,0,5.2041
21769,7,vs_nnwcomf2_050,0,0,2.9847
21789,7,vs_nnwcomf2_053,0,0,4.2347
21790,7,vs_nnwcomf2_052,0,0,5.0765
21795,7,vs_nnwcomf2_054,0,0,4.5663
21810,7,vs_nbeggam1_051,0,0,9.1072
21812,7,vs_nbeggam1_050,0,0,1.8368
21871,7,vs_nwizarf1_050,0,0,10.7143
21872,7,vs_nwizarf1_052,0,0,5.8163
21873,7,vs_nwizarf1_051,0,0,6.7857
22075,7,vs_fchristm_052,0,0,6.8878
22076,7,vs_fchristm_053,0,0,7.2959
22078,7,vs_fchristm_051,0,0,4.8725
22081,7,vs_fchristm_050,0,0,5.4847
22082,7,vs_fchristm_054,0,0,7.9591
22165,7,vs_fjalekm_054,0,0,6.1735
22166,7,vs_fjalekm_051,0,0,8.1888
22167,7,vs_fjalekm_053,0,0,5.2806
22174,7,vs_fjalekm_055,0,0,10.7653
22175,7,vs_fjalekm_050,0,0,4.1837
22181,7,vs_fjalekm_052,0,0,8.801
22478,7,vs_nthugxm1_055,0,0,4.4643
22479,7,vs_nthugxm1_054,0,0,4.2857
22480,7,vs_fvengaum_051,0,0,4.2857
22482,7,vs_nthugxm1_053,0,0,4.3878
22483,7,vs_fvengaum_052,0,0,6.3775
22484,7,vs_fvengaum_053,0,0,6.0204
22485,7,vs_nthugxm1_051,0,0,5.5357
22486,7,vs_fvengaum_054,0,0,7.9337
22487,7,vs_nthugxm1_052,0,0,4.3878
22488,7,vs_nthugxm1_050,0,0,1.4031
22489,7,vs_fvengaum_055,0,0,3.1888
22490,7,vs_fvengaum_056,0,0,5.5102
22491,7,vs_fvengaum_057,0,0,3.8265
22492,7,vs_fvengaum_058,0,0,3.0868
22518,7,vs_fvengaum_050,0,0,9.1072
22956,7,vs_faldom_050,0,0,3.6225
22959,7,vs_faldom_052,0,0,5.4847
22960,7,vs_faldom_051,0,0,4.7704
22980,7,vs_faldom_053,0,0,1.8112
23032,7,vs_nhalflf1_054,0,0,8.0357
23040,7,vs_faldom_057,0,0,5.9438
23041,7,vs_nhalflf1_053,0,0,2.2194
23042,7,vs_faldom_056,0,0,6.5562
23043,7,vs_nhalflf1_052,0,0,2.1174
23044,7,vs_faldom_055,0,0,3.0612
23045,7,vs_nhalflf1_051,0,0,4.949
23046,7,vs_faldom_054,0,0,6.9388
23047,7,vs_nhalflf1_050,0,0,3.75
23053,7,vs_nhalflf1_055,0,0,1.6326
23054,7,vs_nhalflf1_056,0,0,4.3622
23483,7,vs_nhalflm1_054,0,0,6.1479
23484,7,vs_nhalflm1_053,0,0,2.449
23524,7,vs_nhalflm1_056,0,0,7.0409
23525,7,vs_nhalflm1_057,0,0,6.4541
23538,7,vs_nhalflm1_050,0,0,7.4235
23539,7,vs_nhalflm1_051,0,0,6.2245
23540,7,vs_nhalflm1_052,0,0,7.1684
23543,7,vs_nhalflm1_055,0,0,7.2194
23584,7,vs_nrangem1_054,0,0,6.0969
23587,7,vs_nrangem1_055,0,0,4.7704
23588,7,vs_nrangem1_053,0,0,4.4388
23589,7,vs_nrangem1_052,0,0,5.4082
23596,7,vs_nrangem1_051,0,0,5.5102
23597,7,vs_nrangem1_050,0,0,6.1479
23680,7,vs_nnwgrdm3_053,0,0,6.3775
23684,7,vs_nnwgrdm3_052,0,0,4.4898
23724,7,vs_nnwgrdm3_055,0,0,11.7857
23725,7,vs_nnwgrdm3_051,0,0,7.449
23746,7,vs_ndrawlm_055,0,0,5.5102
23747,7,vs_ndrawlm_054,0,0,4.0816
23748,7,vs_ndrawlm_053,0,0,6.4031
23749,7,vs_ndrawlm_052,0,0,7.5
23750,7,vs_ndrawlm_051,0,0,6.0969
23751,7,vs_nnwgrdm3_056,0,0,3.5969
23752,7,vs_ndrawlm_050,0,0,4.8979
23755,7,vs_ndrawlm_059,0,0,10.5102
23835,7,vs_ngulnanf_060,0,0,3.3163
23836,7,vs_ngulnanf_059,0,0,4.4898
23837,7,vs_ngulnanf_058,0,0,4.1582
23838,7,vs_ngulnanf_057,0,0,5.2041
23839,7,vs_ngulnanf_056,0,0,4.3878
23840,7,vs_ngulnanf_055,0,0,2.9082
23841,7,vs_ngulnanf_050,0,0,13.8775
23842,7,vs_ngulnanf_051,0,0,13.9031
23843,7,vs_ngulnanf_052,0,0,12.2704
23844,7,vs_ngulnanf_053,0,0,13.4694
23845,7,vs_ngulnanf_054,0,0,11.7347
24424,7,vs_ngnbarm1_050,0,0,2.9847
24433,7,vs_ngnbarm1_051,0,0,1.8368
24434,7,vs_ngnbarm1_052,0,0,2.9847
24457,7,vs_ngnbarf3_050,0,0,3.5969
24505,7,vs_ngnbarm2_050,0,0,0.0
25457,7,vs_naribetf_233,0,0,9.3368
25458,7,vs_naribetf_234,0,0,7.551
25459,7,vs_naribetf_219,0,0,9.4388
25460,7,vs_naribetf_220,0,0,11.2245
25461,7,vs_naribetf_221,0,0,10.5868
25462,7,vs_naribetf_224,0,0,5.9438
25463,7,vs_naribetf_232,0,0,9.5918
25464,7,vs_naribetf_217,0,0,10.8163
25465,7,vs_naribetf_218,0,0,7.2194
25466,7,vs_naribetf_222,0,0,6.9388
25467,7,vs_naribetf_223,0,0,9.9235
25468,7,vs_naribetf_225,0,0,8.1122
25469,7,vs_naribetf_226,0,0,8.75
25470,7,vs_naribetf_227,0,0,9.1837
25471,7,vs_naribetf_171,0,0,7.7551
25472,7,vs_naribetf_204,0,0,7.1684
25473,7,vs_naribetf_178,0,0,8.1632
25474,7,vs_naribetf_194,0,0,4.5663
25475,7,vs_naribetf_181,0,0,10.7653
25476,7,vs_naribetf_182,0,0,8.2909
25477,7,vs_naribetf_214,0,0,8.1888
25478,7,vs_naribetf_215,0,0,8.2143
25479,7,vs_naribetf_172,0,0,9.5153
25480,7,vs_naribetf_170,0,0,7.8062
25481,7,vs_naribetf_173,0,0,7.3725
25482,7,vs_naribetf_213,0,0,6.2245
25483,7,vs_naribetf_212,0,0,8.8265
25484,7,vs_naribetf_179,0,0,8.5459
25485,7,vs_naribetf_180,0,0,8.3163
25486,7,vs_naribetf_211,0,0,6.3521
25487,7,vs_naribetf_208,0,0,9.5663
25488,7,vs_naribetf_209,0,0,7.7551
25489,7,vs_naribetf_210,0,0,5.6122
25490,7,vs_naribetf_207,0,0,4.6174
25491,7,vs_naribetf_206,0,0,6.0459
25492,7,vs_naribetf_205,0,0,7.4235
25493,7,vs_naribetf_203,0,0,7.1938
25494,7,vs_naribetf_177,0,0,3.801
25495,7,vs_naribetf_183,0,0,7.0153
25496,7,vs_naribetf_185,0,0,6.7091
25497,7,vs_naribetf_186,0,0,5.9184
25498,7,vs_naribetf_187,0,0,10.1531
25499,7,vs_naribetf_188,0,0,8.0102
25500,7,vs_naribetf_191,0,0,6.7857
25501,7,vs_naribetf_192,0,0,6.5051
25502,7,vs_naribetf_189,0,0,10.7143
25503,7,vs_naribetf_193,0,0,8.0612
25504,7,vs_naribetf_190,0,0,7.7296
25505,7,vs_naribetf_184,0,0,2.6785
25506,7,vs_naribetf_195,0,0,7.3725
25507,7,vs_naribetf_196,0,0,8.4438
25508,7,vs_naribetf_197,0,0,10.5102
25509,7,vs_naribetf_198,0,0,9.7704
25510,7,vs_naribetf_199,0,0,8.8521
25511,7,vs_naribetf_200,0,0,8.5969
25512,7,vs_naribetf_201,0,0,8.0102
25513,7,vs_naribetf_202,0,0,6.199
25514,7,vs_naribetf_216,0,0,6.8622
25515,7,vs_naribetf_230,0,0,11.301
25516,7,vs_naribetf_231,0,0,9.4132
25517,7,vs_naribetf_174,0,0,8.3163
25518,7,vs_naribetf_175,0,0,8.2653
25519,7,vs_naribetf_176,0,0,6.9898
25520,7,vs_naribetf_228,0,0,7.1938
25521,7,vs_naribetf_229,0,0,6.8112
25546,7,vs_ndesthem_122,0,0,0.0
25547,7,vs_ndesthem_134,0,0,0.0
25548,7,vs_ndesthem_132,0,0,0.0
25549,7,vs_ndesthem_120,0,0,5.6632
25550,7,vs_ndesthem_141,0,0,0.0
25551,7,vs_ndesthem_138,0,0,0.0
25552,7,vs_ndesthem_139,0,0,0.0
25553,7,vs_ndesthem_140,0,0,0.0
25554,7,vs_ndesthem_137,0,0,0.0
25555,7,vs_ndesthem_136,0,0,0.0
25556,7,vs_ndesthem_135,0,0,0.0
25557,7,vs_ndesthem_133,0,0,0.0
25558,7,vs_ndesthem_129,0,0,0.0
25559,7,vs_ndesthem_131,0,0,0.0
25560,7,vs_ndesthem_144,0,0,8.9541
25561,7,vs_ndesthem_123,0,0,0.0
25562,7,vs_ndesthem_121,0,0,0.0
25563,7,vs_ndesthem_142,0,0,0.0
25564,7,vs_ndesthem_143,0,0,0.0
25565,7,vs_ndesthem_124,0,0,0.0
25566,7,vs_ndesthem_125,0,0,0.0
25567,7,vs_ndesthem_127,0,0,0.0
25568,7,vs_ndesthem_128,0,0,0.0
25569,7,vs_ndesthem_130,0,0,0.0
25570,7,vs_ndesthem_126,0,0,0.0
25609,7,vs_nfenthim_191,0,0,0.0
25610,7,vs_nfenthim_224,0,0,0.0
25611,7,vs_nfenthim_215,0,0,0.0
25612,7,vs_nfenthim_192,0,0,0.0
25613,7,vs_nfenthim_190,0,0,7.9082
25614,7,vs_nfenthim_194,0,0,0.0
25615,7,vs_nfenthim_231,0,0,0.0
25616,7,vs_nfenthim_228,0,0,0.0
25617,7,vs_nfenthim_229,0,0,0.0
25618,7,vs_nfenthim_230,0,0,0.0
25619,7,vs_nfenthim_227,0,0,0.0
25620,7,vs_nfenthim_226,0,0,0.0
25621,7,vs_nfenthim_225,0,0,0.0
25622,7,vs_nfenthim_223,0,0,0.0
25623,7,vs_nfenthim_195,0,0,0.0
25624,7,vs_nfenthim_212,0,0,0.0
25625,7,vs_nfenthim_210,0,0,0.0
25626,7,vs_nfenthim_211,0,0,0.0
25627,7,vs_nfenthim_214,0,0,0.0
25628,7,vs_nfenthim_216,0,0,0.0
25629,7,vs_nfenthim_217,0,0,0.0
25630,7,vs_nfenthim_218,0,0,0.0
25631,7,vs_nfenthim_237,0,0,9.8215
25633,7,vs_nfenthim_193,0,0,0.0
25634,7,vs_nfenthim_234,0,0,0.0
25635,7,vs_nfenthim_235,0,0,0.0
25636,7,vs_nfenthim_236,0,0,0.0
25637,7,vs_nfenthim_232,0,0,0.0
25638,7,vs_nfenthim_233,0,0,0.0
25639,7,vs_nfenthim_198,0,0,0.0
25640,7,vs_nfenthim_196,0,0,0.0
25641,7,vs_nfenthim_197,0,0,0.0
25642,7,vs_nfenthim_199,0,0,0.0
25643,7,vs_nfenthim_207,0,0,0.0
25644,7,vs_nfenthim_208,0,0,0.0
25645,7,vs_nfenthim_209,0,0,0.0
25646,7,vs_nfenthim_200,0,0,0.0
25647,7,vs_nfenthim_201,0,0,0.0
25648,7,vs_nfenthim_202,0,0,0.0
25649,7,vs_nfenthim_204,0,0,0.0
25650,7,vs_nfenthim_203,0,0,0.0
25651,7,vs_nfenthim_205,0,0,0.0
25652,7,vs_nfenthim_206,0,0,0.0
25653,7,vs_nfenthim_213,0,0,0.0
25654,7,vs_nfenthim_221,0,0,0.0
25655,7,vs_nfenthim_222,0,0,0.0
25656,7,vs_nfenthim_219,0,0,0.0
25657,7,vs_nfenthim_220,0,0,0.0
25689,7,vs_nnasherm_101,0,0,10.6632
25690,7,vs_nnasherm_078,0,0,8.4949
25691,7,vs_nnasherm_079,0,0,5.4591
25692,7,vs_nnasherm_089,0,0,6.6072
25693,7,vs_nnasherm_083,0,0,7.6785
25694,7,vs_nnasherm_084,0,0,8.648
25695,7,vs_nnasherm_085,0,0,9.5153
25696,7,vs_nnasherm_091,0,0,11.0204
25697,7,vs_nnasherm_092,0,0,8.9541
25698,7,vs_nnasherm_094,0,0,10.2806
25699,7,vs_nnasherm_097,0,0,8.5969
25700,7,vs_nnasherm_096,0,0,9.5663
25701,7,vs_nnasherm_095,0,0,9.2602
25702,7,vs_nnasherm_093,0,0,7.3469
25703,7,vs_nnasherm_090,0,0,10.9438
25704,7,vs_nnasherm_082,0,0,6.8622
25705,7,vs_nnasherm_080,0,0,8.1632
25706,7,vs_nnasherm_081,0,0,9.5153
25707,7,vs_nnasherm_051,0,0,6.4031
25708,7,vs_nnasherm_055,0,0,7.7296
25709,7,vs_nnasherm_071,0,0,7.5255
25710,7,vs_nnasherm_075,0,0,6.9132
25711,7,vs_nnasherm_076,0,0,7.9337
25712,7,vs_nnasherm_050,0,0,6.4541
25713,7,vs_nnasherm_062,0,0,5.4847
25714,7,vs_nnasherm_059,0,0,6.2245
25715,7,vs_nnasherm_060,0,0,4.8979
25716,7,vs_nnasherm_061,0,0,4.1837
25717,7,vs_nnasherm_058,0,0,5.7143
25718,7,vs_nnasherm_057,0,0,6.6582
25719,7,vs_nnasherm_056,0,0,6.5051
25720,7,vs_nnasherm_054,0,0,4.7194
25721,7,vs_nnasherm_063,0,0,5.7398
25722,7,vs_nnasherm_064,0,0,8.4438
25723,7,vs_nnasherm_070,0,0,3.699
25724,7,vs_nnasherm_077,0,0,6.6327
25725,7,vs_nnasherm_052,0,0,10.5612
25726,7,vs_nnasherm_053,0,0,8.3163
25727,7,vs_nnasherm_086,0,0,10.1021
25728,7,vs_nnasherm_087,0,0,9.3878
25729,7,vs_nnasherm_088,0,0,4.1582
25730,7,vs_nnasherm_098,0,0,10.7398
25731,7,vs_nnasherm_099,0,0,10.1531
25732,7,vs_nnasherm_100,0,0,8.8521
25733,7,vs_nnasherm_065,0,0,10.3062
25734,7,vs_nnasherm_066,0,0,10.1785
25735,7,vs_nnasherm_069,0,0,7.8572
25736,7,vs_nnasherm_067,0,0,7.9591
25737,7,vs_nnasherm_068,0,0,9.2602
25738,7,vs_nnasherm_072,0,0,9.3368
25739,7,vs_nnasherm_073,0,0,8.6735
25740,7,vs_nnasherm_074,0,0,10.8928
25743,7,vs_naribetf_235,0,0,1.9388
25744,7,vs_ndesthem_152,0,0,2.6531
25745,7,vs_nfenthim_238,0,0,3.8521
25746,7,vs_ndesthem_154,0,0,2.5765
25747,7,vs_naribetf_236,0,0,2.3979
25748,7,vs_ndesthem_155,0,0,7.398
25749,7,vs_nfenthim_240,0,0,3.8521
25750,7,vs_ndesthem_153,0,0,3.0357
25751,7,vs_nfenthim_239,0,0,2.0153
25849,7,vs_nfenthim_269,0,0,9.0051
25850,7,vs_nfenthim_241,0,0,8.4184
25851,7,vs_nfenthim_242,0,0,11.0459
25852,7,vs_nfenthim_268,0,0,0.0
25853,7,vs_nfenthim_243,0,0,0.0
25854,7,vs_nfenthim_244,0,0,0.0
25855,7,vs_nfenthim_245,0,0,0.0
25856,7,vs_nfenthim_246,0,0,0.0
25857,7,vs_nfenthim_264,0,0,0.0
25858,7,vs_nfenthim_265,0,0,0.0
25859,7,vs_nfenthim_266,0,0,0.0
25860,7,vs_nfenthim_261,0,0,0.0
25861,7,vs_nfenthim_262,0,0,0.0
25862,7,vs_nfenthim_263,0,0,0.0
25863,7,vs_nfenthim_267,0,0,0.0
25864,7,vs_nfenthim_247,0,0,0.0
25865,7,vs_nfenthim_248,0,0,0.0
25866,7,vs_nfenthim_259,0,0,0.0
25867,7,vs_nfenthim_249,0,0,0.0
25868,7,vs_nfenthim_251,0,0,0.0
25869,7,vs_nfenthim_260,0,0,0.0
25870,7,vs_nfenthim_252,0,0,0.0
25871,7,vs_nfenthim_253,0,0,0.0
25872,7,vs_nfenthim_254,0,0,0.0
25873,7,vs_nfenthim_255,0,0,0.0
25874,7,vs_nfenthim_250,0,0,0.0
25875,7,vs_nfenthim_256,0,0,0.0
25876,7,vs_nfenthim_257,0,0,0.0
25877,7,vs_nfenthim_258,0,0,0.0
25888,7,vs_nmoragf_063,0,0,7.6275
25889,7,vs_nmoragf_054,0,0,8.5969
25890,7,vs_nmoragf_055,0,0,9.2602
25891,7,vs_nmoragf_056,0,0,10.9184
25892,7,vs_nmoragf_057,0,0,8.2143
25893,7,vs_nmoragf_058,0,0,8.2653
25894,7,vs_nmoragf_059,0,0,9.4898
25895,7,vs_nmoragf_060,0,0,8.5969
25896,7,vs_nmoragf_061,0,0,12.1938
25897,7,vs_nmoragf_062,0,0,9.1072
25965,7,vs_nnwcomm1_051,0,0,3.5969
25966,7,vs_nnwcomm1_050,0,0,6.7347
26109,7,vs_ndesthem_151,0,0,5.3572
26110,7,vs_ndesthem_150,0,0,5.8418
26111,7,vs_ndesthem_149,0,0,4.7449
26112,7,vs_ndesthem_148,0,0,3.9796
26113,7,vs_ndesthem_147,0,0,4.4643
26114,7,vs_ndesthem_146,0,0,6.1479
26115,7,vs_ndesthem_145,0,0,7.9337
26153,7,vs_nclerim2_056,0,0,6.1225
26172,7,vs_nclerim2_057,0,0,7.2959
26173,7,vs_nclerim2_058,0,0,5.8163
26187,7,vs_folefm_055,0,0,6.8368
26188,7,vs_folefm_056,0,0,8.0868
26189,7,vs_folefm_057,0,0,9.7449
26190,7,vs_folefm_058,0,0,5.1785
26714,7,vs_nprelum2_058,0,0,13.75
26715,7,vs_nprelum2_059,0,0,13.9031
26716,7,vs_nprelum2_060,0,0,10.7143
26717,7,vs_nprelum2_061,0,0,11.199
26756,7,vs_nprelum2_057,0,0,3.0357
26855,7,vs_nprelum3_057,0,0,2.0153
26889,7,vs_nprelum3_058,0,0,3.699
26890,7,vs_nprelum3_060,0,0,4.2602
26910,7,vs_nprelum3_061,0,0,7.2194
26918,7,vs_nprelum3_062,0,0,7.0663
26925,7,vs_nprelum3_059,0,0,7.2704
27196,7,vs_nnwnobf2_050,0,0,7.551
27204,7,vs_nnwnobf2_051,0,0,3.801
27205,7,vs_nnwnobf2_052,0,0,4.2091
27367,7,vs_nwncomf4_055,0,0,7.2449
27368,7,vs_nwncomf4_053,0,0,5.9949
27369,7,vs_nwncomf4_054,0,0,6.0969
27397,7,vs_nwncomf4_052,0,0,4.2347
27398,7,vs_nwncomf4_051,0,0,6.0715
27424,7,vs_nwncomf4_050,0,0,3.8521
27922,7,vs_nprostf3_050,0,0,3.4949
27935,7,vs_nprostf3_051,0,0,3.0612
27936,7,vs_nprostf3_052,0,0,5.2296
28193,7,vs_ngnomem1_057,0,0,11.199
28194,7,vs_ngnomem1_058,0,0,5.7398
28195,7,vs_ngnomem1_059,0,0,15.8928
28196,7,vs_ngnomem1_054,0,0,5.3572
28197,7,vs_ngnomem1_055,0,0,9.2857
28198,7,vs_ngnomem1_053,0,0,10.0
28199,7,vs_ngnomem1_052,0,0,5.8163
28266,7,vs_ngnomem1_056,0,0,16.403099
28796,7,vs_nlusgrm2_055,0,0,8.4184
28852,7,vs_nlusgrm2_054,0,0,5.5612
28854,7,vs_nlusgrm2_053,0,0,3.9285
28869,7,vs_nlusgrm2_052,0,0,4.1582
28890,7,vs_nlusgrm2_051,0,0,6.3265
28891,7,vs_nlusgrm2_050,0,0,2.3469
29087,7,vs_nlusgrm3_055,0,0,14.0816
29143,7,vs_nlusgrm3_054,0,0,4.1072
29145,7,vs_nlusgrm3_053,0,0,5.4082
29160,7,vs_nlusgrm3_052,0,0,3.1378
29181,7,vs_nlusgrm3_051,0,0,7.2704
29182,7,vs_nlusgrm3_050,0,0,2.8062
29251,7,vs_nzeliepm_058,0,0,8.2653
29252,7,vs_nzeliepm_056,0,0,8.5969
29253,7,vs_nzeliepm_057,0,0,6.4796
29254,7,vs_nzeliepm_055,0,0,4.8979
29255,7,vs_nzeliepm_054,0,0,4.1072
29414,7,vs_nfanatf1_062,0,0,4.6684
29441,7,vs_nfanatf1_063,0,0,5.1531
29442,7,vs_nfanatf1_065,0,0,4.4132
29458,7,vs_nfanatf1_060,0,0,3.2653
29464,7,vs_nfanatf1_064,0,0,3.7245
29465,7,vs_nfanatf1_061,0,0,3.1378
29521,7,vs_nthugxm2_051,0,0,7.2959
29522,7,vs_nthugxm2_052,0,0,5.6888
29523,7,vs_nthugxm2_053,0,0,7.2194
29531,7,vs_nthugxm2_055,0,0,4.3112
29532,7,vs_nthugxm2_056,0,0,3.2909
29533,7,vs_nthugxm2_057,0,0,4.3368
29540,7,vs_nthugxm2_054,0,0,2.6531
29548,7,vs_nthugxm2_050,0,0,1.6837
29621,7,vs_nfanatm1_056,0,0,5.7143
29648,7,vs_nfanatm1_057,0,0,2.9591
29649,7,vs_nfanatm1_059,0,0,2.7551
29665,7,vs_nfanatm1_054,0,0,4.0306
29671,7,vs_nfanatm1_058,0,0,4.1072
29672,7,vs_nfanatm1_055,0,0,3.801
29676,7,vs_nthugxm1_058,0,0,5.3316
30416,7,vs_npaladm1_053,0,0,4.6938
30438,7,vs_npaladm1_052,0,0,4.7959
30439,7,vs_npaladm1_051,0,0,5.3826
30440,7,vs_npaladm1_050,0,0,1.6837
30712,7,vs_nshopkm2_050,0,0,5.1785
30713,7,vs_nteenm_053,0,0,1.8878
30714,7,vs_nshopkm2_053,0,0,9.7704
30715,7,vs_nshopkm2_051,0,0,6.0459
30716,7,vs_nshopkm2_054,0,0,4.7194
30717,7,vs_nshopkm2_052,0,0,3.6735
30726,7,vs_nshopkm2_055,0,0,6.6072
30797,7,vs_nteenm_052,0,0,5.051
30830,7,vs_nteenm_051,0,0,5.051
30831,7,vs_nteenm_050,0,0,7.6531
30960,7,vs_nbarbam1_051,0,0,3.5715
30961,7,vs_nbarbam1_052,0,0,2.8062
30962,7,vs_nbarbam1_050,0,0,2.9337
30967,7,vs_nbarbam1_053,0,0,1.5306
30980,7,vs_nbarbaf1_053,0,0,0.9949
30981,7,vs_nbarbam1_054,0,0,5.8163
30982,7,vs_nbarbaf1_054,0,0,2.1174
30983,7,vs_nbarbam1_055,0,0,2.3979
30984,7,vs_nbarbaf1_055,0,0,1.2245
30985,7,vs_nbarbam1_058,0,0,4.5409
30986,7,vs_nbarbam1_056,0,0,6.25
30987,7,vs_nbarbaf1_058,0,0,2.1684
30988,7,vs_nbarbaf1_056,0,0,3.2909
30989,7,vs_nbarbaf1_057,0,0,3.9796
30990,7,vs_nbarbam1_057,0,0,1.7091
30991,7,vs_nbarbaf1_051,0,0,3.1122
30992,7,vs_ngnbarm3_050,0,0,3.5459
30993,7,vs_nbarbaf1_052,0,0,3.3163
30994,7,vs_ngnbarm3_051,0,0,6.2245
30995,7,vs_nbarbaf1_059,0,0,3.1378
31002,7,vs_nbarbaf1_060,0,0,3.1632
31003,7,vs_nbarbaf1_061,0,0,2.1174
31004,7,vs_nbarbaf1_062,0,0,4.6174
31005,7,vs_nbarbaf1_050,0,0,3.5459
31102,7,vs_nhalflf1_059,0,0,7.449
31103,7,vs_nhalflf1_060,0,0,13.5969
31111,7,vs_nhalflf1_058,0,0,2.1428
31117,7,vs_nhalflf1_061,0,0,7.2704
31139,7,vs_nhalflf1_057,0,0,2.2959
31264,7,vs_nwncomm5_056,0,0,8.9796
31331,7,vs_nwncomm5_057,0,0,6.5306
31332,7,vs_nwncomm5_058,0,0,6.3775
31333,7,vs_nwncomm5_059,0,0,11.5562
31339,7,vs_nwncomm5_055,0,0,11.6326
31350,7,vs_nwncomm5_054,0,0,4.4388
31351,7,vs_nwncomm5_052,0,0,6.5562
31352,7,vs_nwncomm5_051,0,0,7.1684
31353,7,vs_nwncomm5_053,0,0,10.4591
31354,7,vs_nwncomm5_050,0,0,4.7959
31584,7,vs_ngnomem1_051,0,0,15.3572
31588,7,vs_ngnomem1_050,0,0,1.5816
31630,7,vs_nrangem1_063,0,0,0.8928
31631,7,vs_nrangem1_064,0,0,4.7959
31632,7,vs_nrangem1_062,0,0,5.0
31634,7,vs_nrangem1_061,0,0,1.5306
31635,7,vs_nrangem1_065,0,0,4.8215
31661,7,vs_nrangem1_060,0,0,2.0918
31702,7,vs_nzorxxxm_051,0,0,12.8316
31703,7,vs_nzorxxxm_052,0,0,20.051001
31708,7,vs_nzorxxxm_050,0,0,13.3418
31802,7,vs_feltoorf_055,0,0,9.6174
31820,7,vs_feltoorf_054,0,0,7.6531
31983,7,vs_nfarmem1_056,0,0,5.8163
31984,7,vs_nfarmem1_057,0,0,2.7296
31996,7,vs_nfarmem1_058,0,0,7.6785
32046,7,vs_nelfxxm1_052,0,0,6.9388
32047,7,vs_nelfxxm1_051,0,0,2.6785
32057,7,vs_nelfxxm1_050,0,0,6.301
32153,7,vs_nroguem1_052,0,0,5.3826
32213,7,vs_nroguem1_053,0,0,9.0051
32223,7,vs_nroguem1_051,0,0,5.3062
32249,7,vs_nroguem1_050,0,0,1.4285
32693,7,vs_fshaldrf_052,0,0,5.0765
32695,7,vs_fshaldrf_053,0,0,4.8725
32716,7,vs_fshaldrf_051,0,0,3.2653
32746,7,vs_fshaldrf_050,0,0,1.301
32776,7,vs_fjalekm_057,0,0,4.0306
32777,7,vs_fjalekm_059,0,0,2.5
32780,7,vs_fjalekm_058,0,0,3.0357
32792,7,vs_fjalekm_056,0,0,2.7806
32839,7,vs_nshopkm3_050,0,0,6.0715
32840,7,vs_nshopkm3_051,0,0,5.051
32841,7,vs_nshopkm3_052,0,0,5.2041
33059,7,vs_nclerim2_050,0,0,12.0153
33061,7,vs_nclerim2_052,0,0,5.1021
33062,7,vs_nclerim2_053,0,0,10.2551
33063,7,vs_nclerim2_054,0,0,12.1938
33064,7,vs_nclerim2_055,0,0,3.9285
33120,7,vs_nclerim2_051,0,0,10.8928
33933,7,vs_ndruidm1_053,0,0,6.4541
33934,7,vs_ndruidm1_054,0,0,6.4031
33972,7,vs_ndruidm1_052,0,0,2.9337
33975,7,vs_ndruidm1_055,0,0,2.6275
33978,7,vs_ndruidm1_051,0,0,5.1785
33996,7,vs_ndruidm1_050,0,0,2.1174
34188,7,vs_nfanatf1_055,0,0,6.6582
34189,7,vs_nfanatf1_056,0,0,5.7909
34225,7,vs_nfanatf1_050,0,0,18.979601
34227,7,vs_nfanatf1_051,0,0,18.392799
34228,7,vs_nfanatf1_052,0,0,19.4132
34229,7,vs_nfanatf1_053,0,0,14.0051
34230,7,vs_nfanatf1_054,0,0,9.2602
35492,7,vs_ncomolf1_054,0,0,3.2909
35493,7,vs_ncomolf1_052,0,0,3.1888
35494,7,vs_ncomolf1_051,0,0,3.6225
35512,7,vs_ncomolf1_050,0,0,6.301
35513,7,vs_ncomolf1_053,0,0,9.3112
35706,7,vs_nwizarm3_050,0,0,5.9694
35707,7,vs_nwizarm3_052,0,0,4.6684
35710,7,vs_nwizarm3_051,0,0,3.0868
35736,7,vs_nwizarm3_055,0,0,3.4438
35737,7,vs_nwizarm3_054,0,0,4.1582
35740,7,vs_nwizarm3_053,0,0,4.1837
36674,7,vs_nclerim3_055,0,0,4.5409
36675,7,vs_nclerim3_056,0,0,3.5459
36676,7,vs_nclerim3_057,0,0,6.0204
36813,7,vs_nquintm_053,0,0,8.1632
36815,7,vs_nquintm_052,0,0,11.4031
37110,7,vs_ncelestf_050,0,0,9.0306
37133,7,vs_ncelestf_051,0,0,6.0459
37158,7,vs_ncelestf_052,0,0,11.4796
37257,7,vs_nkarlatm_050,0,0,7.6021
37291,7,vs_nkarlatm_051,0,0,2.1938
37346,7,vs_nquintm_050,0,0,8.0868
37376,7,vs_nquintm_051,0,0,2.1938
37634,7,vs_nfarmem1_053,0,0,8.6225
37643,7,vs_nfarmem1_051,0,0,8.801
37645,7,vs_nfarmem1_055,0,0,9.7959
37646,7,vs_nfarmem1_052,0,0,11.199
37657,7,vs_nfarmem1_051,0,0,8.801
37662,7,vs_nfarmem1_050,0,0,7.5255
37668,7,vs_nfarmem1_054,0,0,9.7194
37700,7,vs_ngnbarf1_051,0,0,9.4643
37701,7,vs_ngnbarf1_052,0,0,5.4591
37702,7,vs_ngnbarf1_053,0,0,7.5255
37707,7,vs_ngnbarf1_055,0,0,3.6225
37708,7,vs_ngnbarf1_056,0,0,2.2449
37721,7,vs_ngnbarf1_050,0,0,2.9082
37722,7,vs_ngnbarf1_054,0,0,6.6072
37805,7,vs_ngobkngm_050,0,0,10.6888
37817,7,vs_ngobkngm_051,0,0,4.9745
37823,7,vs_ngobkngm_052,0,0,10.2551
37959,7,vs_nbarbam2_050,0,0,10.3062
37979,7,vs_nbarbam2_051,0,0,6.3521
38089,7,vs_nbarbaf1_066,0,0,2.8062
38090,7,vs_nbarbaf1_068,0,0,5.2041
38093,7,vs_nbarbaf1_067,0,0,2.449
38099,7,vs_nbarbaf1_064,0,0,6.5051
38100,7,vs_nbarbaf1_063,0,0,4.3368
38101,7,vs_nbarbaf1_065,0,0,8.4694
38103,7,vs_nbarbaf1_050,0,0,3.5459
38737,7,vs_ngnbarm3_052,0,0,3.0612
38759,7,vs_ngnbarm3_053,0,0,7.0918
38762,7,vs_ngnbarm3_054,0,0,6.0969
38890,7,vs_nneverxm_050,0,0,10.1531
38891,7,vs_nneverxm_054,0,0,8.4949
38892,7,vs_nneverxm_055,0,0,10.1021
38893,7,vs_nneverxm_056,0,0,8.1378
38894,7,vs_nneverxm_057,0,0,5.6888
38895,7,vs_nneverxm_051,0,0,2.5255
38900,7,vs_nneverxm_052,0,0,5.6378
38901,7,vs_nneverxm_053,0,0,5.6632
39021,7,vs_fshaldrf_057,0,0,3.3418
39022,7,vs_fshaldrf_058,0,0,2.8826
39023,7,vs_fshaldrf_059,0,0,5.4847
39030,7,vs_fshaldrf_055,0,0,5.4591
39031,7,vs_fshaldrf_056,0,0,9.1582
39032,7,vs_fshaldrf_060,0,0,7.1428
39042,7,vs_fshaldrf_054,0,0,0.9694
39291,7,vs_ngendm_227,0,0,9.7449
39292,7,vs_ngendm_228,0,0,9.5918
39293,7,vs_ngendm_229,0,0,9.9235
39294,7,vs_ngendm_292,0,0,8.4438
39295,7,vs_ngendm_291,0,0,8.3418
39296,7,vs_ngendm_230,0,0,10.2041
39297,7,vs_ngendm_231,0,0,9.5409
39298,7,vs_ngendm_232,0,0,12.6785
39299,7,vs_ngendm_293,0,0,7.2704
39300,7,vs_ngendm_290,0,0,8.1632
39301,7,vs_ngendm_294,0,0,11.4796
39302,7,vs_ngendm_233,0,0,6.4285
39303,7,vs_ngendm_287,0,0,10.3826
39304,7,vs_ngendm_288,0,0,8.9285
39305,7,vs_ngendm_289,0,0,9.5918
39306,7,vs_ngendm_234,0,0,9.0562
39307,7,vs_ngendm_235,0,0,16.1479
39308,7,vs_ngendm_236,0,0,11.8112
39309,7,vs_ngendm_237,0,0,4.6684
39310,7,vs_ngendm_286,0,0,7.551
39311,7,vs_ngendm_300,0,0,3.9031
39312,7,vs_ngendm_299,0,0,6.8368
39313,7,vs_ngendm_298,0,0,8.3674
39314,7,vs_ngendm_060,0,0,11.5306
39315,7,vs_ngendm_295,0,0,9.7194
39316,7,vs_ngendm_296,0,0,10.4082
39317,7,vs_ngendm_297,0,0,9.8215
39318,7,vs_ngendm_050,0,0,13.2909
39319,7,vs_ngendm_238,0,0,13.5969
39320,7,vs_ngendm_248,0,0,9.6938
39321,7,vs_ngendm_257,0,0,10.4847
39322,7,vs_ngendm_263,0,0,5.3826
39323,7,vs_ngendm_269,0,0,2.2194
39324,7,vs_ngendm_283,0,0,2.6275
39325,7,vs_ngendm_285,0,0,3.0357
39326,7,vs_ngendm_284,0,0,3.8265
39329,7,vs_ngendm_241,0,0,11.9388
39330,7,vs_ngendm_242,0,0,10.0765
39331,7,vs_ngendm_243,0,0,8.2653
39332,7,vs_ngendm_244,0,0,12.1173
39333,7,vs_ngendm_245,0,0,9.9745
39334,7,vs_ngendm_247,0,0,12.8572
39335,7,vs_ngendm_249,0,0,9.5153
39336,7,vs_ngendm_250,0,0,8.3928
39337,7,vs_ngendm_251,0,0,7.7041
39338,7,vs_ngendm_252,0,0,9.3112
39339,7,vs_ngendm_253,0,0,8.4184
39340,7,vs_ngendm_254,0,0,8.4694
39341,7,vs_ngendm_255,0,0,12.3725
39342,7,vs_ngendm_256,0,0,8.1888
39343,7,vs_ngendm_258,0,0,10.6632
39344,7,vs_ngendm_259,0,0,8.2909
39345,7,vs_ngendm_260,0,0,9.9235
39346,7,vs_ngendm_261,0,0,9.7959
39347,7,vs_ngendm_262,0,0,10.0
39348,7,vs_ngendm_246,0,0,8.9285
39351,7,vs_ngendm_266,0,0,7.8572
39352,7,vs_ngendm_267,0,0,6.9132
39353,7,vs_ngendm_268,0,0,7.1938
39354,7,vs_ngendm_270,0,0,7.7296
39355,7,vs_ngendm_271,0,0,6.9898
39356,7,vs_ngendm_272,0,0,9.3622
39357,7,vs_ngendm_279,0,0,11.6072
39358,7,vs_ngendm_273,0,0,10.7143
39359,7,vs_ngendm_274,0,0,8.5459
39360,7,vs_ngendm_275,0,0,10.7143
39361,7,vs_ngendm_276,0,0,7.0663
39362,7,vs_ngendm_277,0,0,7.8572
39363,7,vs_ngendm_278,0,0,10.2806
39364,7,vs_ngendm_280,0,0,9.6174
39365,7,vs_ngendm_281,0,0,9.6428
39366,7,vs_ngendm_282,0,0,1.4541
39367,7,vs_ngendm_061,0,0,9.2602
39368,7,vs_ngendm_062,0,0,8.9285
39369,7,vs_ngendm_063,0,0,10.5357
39370,7,vs_ngendm_064,0,0,9.3878
39371,7,vs_ngendm_065,0,0,7.9847
39372,7,vs_ngendm_066,0,0,8.6735
39373,7,vs_ngendm_067,0,0,9.8469
39374,7,vs_ngendm_068,0,0,11.6582
39375,7,vs_ngendm_069,0,0,5.8418
39376,7,vs_ngendm_070,0,0,7.7296
39377,7,vs_ngendm_071,0,0,7.6785
39378,7,vs_ngendm_072,0,0,8.1888
39379,7,vs_ngendm_073,0,0,9.4898
39381,7,vs_ngendm_051,0,0,8.3928
39382,7,vs_ngendm_052,0,0,11.5562
39383,7,vs_ngendm_053,0,0,8.6735
39384,7,vs_ngendm_054,0,0,9.4643
39385,7,vs_ngendm_055,0,0,12.1173
39386,7,vs_ngendm_056,0,0,4.4132
39387,7,vs_ngendm_057,0,0,7.0409
39388,7,vs_ngendm_058,0,0,10.7653
39389,7,vs_ngendm_059,0,0,11.0715
39391,7,vs_ngendm_225,0,0,5.7909
39393,7,vs_ngendm_075,0,0,9.0816
39394,7,vs_ngendm_126,0,0,9.0051
39395,7,vs_ngendm_169,0,0,9.6174
39396,7,vs_ngendm_207,0,0,7.449
39398,7,vs_ngendm_275,0,0,10.7143
39399,7,vs_ngendm_278,0,0,10.2806
39401,7,vs_ngendm_120,0,0,8.6225
39402,7,vs_ngendm_121,0,0,8.5204
39404,7,vs_ngendm_076,0,0,7.6275
39406,7,vs_ngendm_115,0,0,8.3674
39407,7,vs_ngendm_116,0,0,8.8775
39408,7,vs_ngendm_118,0,0,8.5204
39409,7,vs_ngendm_117,0,0,8.6735
39410,7,vs_ngendm_077,0,0,8.4438
39411,7,vs_ngendm_078,0,0,10.9184
39412,7,vs_ngendm_079,0,0,8.0357
39413,7,vs_ngendm_112,0,0,9.9235
39414,7,vs_ngendm_113,0,0,7.8062
39415,7,vs_ngendm_114,0,0,7.1684
39416,7,vs_ngendm_080,0,0,8.7245
39417,7,vs_ngendm_081,0,0,9.1837
39418,7,vs_ngendm_082,0,0,9.7449
39419,7,vs_ngendm_083,0,0,12.7296
39420,7,vs_ngendm_084,0,0,12.5765
39421,7,vs_ngendm_085,0,0,8.9285
39422,7,vs_ngendm_110,0,0,3.3163
39423,7,vs_ngendm_111,0,0,10.3062
39424,7,vs_ngendm_086,0,0,6.8878
39425,7,vs_ngendm_087,0,0,9.3112
39426,7,vs_ngendm_088,0,0,11.6582
39427,7,vs_ngendm_089,0,0,11.0715
39428,7,vs_ngendm_090,0,0,13.852
39429,7,vs_ngendm_091,0,0,10.7653
39430,7,vs_ngendm_092,0,0,10.9949
39431,7,vs_ngendm_108,0,0,9.9235
39432,7,vs_ngendm_109,0,0,10.5102
39433,7,vs_ngendm_093,0,0,8.3674
39434,7,vs_ngendm_094,0,0,9.5409
39435,7,vs_ngendm_095,0,0,7.6531
39436,7,vs_ngendm_096,0,0,12.1173
39437,7,vs_ngendm_107,0,0,10.6632
39438,7,vs_ngendm_097,0,0,7.2704
39439,7,vs_ngendm_098,0,0,11.3265
39440,7,vs_ngendm_099,0,0,11.2755
39441,7,vs_ngendm_100,0,0,10.2806
39442,7,vs_ngendm_101,0,0,5.1531
39443,7,vs_ngendm_104,0,0,5.4082
39444,7,vs_ngendm_105,0,0,4.949
39445,7,vs_ngendm_106,0,0,3.9541
39448,7,vs_ngendm_166,0,0,2.9591
39450,7,vs_ngendm_127,0,0,11.8878
39451,7,vs_ngendm_128,0,0,9.5409
39452,7,vs_ngendm_129,0,0,9.2857
39453,7,vs_ngendm_130,0,0,10.9694
39454,7,vs_ngendm_131,0,0,9.0051
39455,7,vs_ngendm_165,0,0,11.6326
39456,7,vs_ngendm_164,0,0,9.4643
39457,7,vs_ngendm_163,0,0,12.3469
39458,7,vs_ngendm_132,0,0,10.9184
39459,7,vs_ngendm_133,0,0,11.5051
39460,7,vs_ngendm_134,0,0,9.6684
39461,7,vs_ngendm_135,0,0,7.8572
39462,7,vs_ngendm_136,0,0,10.0765
39463,7,vs_ngendm_137,0,0,10.8673
39464,7,vs_ngendm_138,0,0,10.2551
39465,7,vs_ngendm_144,0,0,8.4184
39466,7,vs_ngendm_139,0,0,9.1327
39467,7,vs_ngendm_140,0,0,6.8878
39469,7,vs_ngendm_142,0,0,8.6225
39470,7,vs_ngendm_143,0,0,3.7245
39471,7,vs_ngendm_145,0,0,9.3112
39472,7,vs_ngendm_146,0,0,9.6428
39473,7,vs_ngendm_147,0,0,10.2296
39474,7,vs_ngendm_148,0,0,3.6735
39475,7,vs_ngendm_149,0,0,8.4438
39476,7,vs_ngendm_150,0,0,7.2704
39477,7,vs_ngendm_151,0,0,7.1938
39478,7,vs_ngendm_152,0,0,6.2755
39479,7,vs_ngendm_153,0,0,10.1531
39480,7,vs_ngendm_154,0,0,5.7909
39481,7,vs_ngendm_161,0,0,8.7755
39482,7,vs_ngendm_155,0,0,9.8469
39483,7,vs_ngendm_162,0,0,8.699
39484,7,vs_ngendm_156,0,0,4.6684
39485,7,vs_ngendm_160,0,0,6.0459
39486,7,vs_ngendm_157,0,0,6.7857
39490,7,vs_ngendm_170,0,0,6.7602
39492,7,vs_ngendm_171,0,0,9.3112
39493,7,vs_ngendm_203,0,0,7.5255
39494,7,vs_ngendm_172,0,0,9.0051
39495,7,vs_ngendm_173,0,0,9.5153
39496,7,vs_ngendm_174,0,0,10.7653
39497,7,vs_ngendm_201,0,0,9.3112
39498,7,vs_ngendm_202,0,0,9.7959
39499,7,vs_ngendm_175,0,0,8.4438
39500,7,vs_ngendm_176,0,0,8.9796
39501,7,vs_ngendm_177,0,0,11.5306
39503,7,vs_ngendm_178,0,0,3.5969
39504,7,vs_ngendm_200,0,0,4.0051
39505,7,vs_ngendm_179,0,0,9.2347
39506,7,vs_ngendm_180,0,0,12.2959
39507,7,vs_ngendm_181,0,0,12.0918
39508,7,vs_ngendm_182,0,0,9.7704
39509,7,vs_ngendm_197,0,0,6.7602
39510,7,vs_ngendm_198,0,0,12.0918
39511,7,vs_ngendm_183,0,0,13.4184
39512,7,vs_ngendm_184,0,0,8.1888
39513,7,vs_ngendm_185,0,0,12.1428
39514,7,vs_ngendm_186,0,0,4.4132
39515,7,vs_ngendm_193,0,0,5.8928
39517,7,vs_ngendm_195,0,0,11.9643
39518,7,vs_ngendm_196,0,0,11.5051
39519,7,vs_ngendm_187,0,0,9.4898
39520,7,vs_ngendm_188,0,0,11.7857
39521,7,vs_ngendm_191,0,0,5.3826
39525,7,vs_ngendm_222,0,0,4.6174
39526,7,vs_ngendm_208,0,0,7.1174
39527,7,vs_ngendm_221,0,0,6.8622
39528,7,vs_ngendm_209,0,0,8.801
39529,7,vs_ngendm_210,0,0,14.5663
39531,7,vs_ngendm_211,0,0,10.4847
39532,7,vs_ngendm_219,0,0,11.8622
39533,7,vs_ngendm_212,0,0,5.9694
39534,7,vs_ngendm_213,0,0,5.3062
39535,7,vs_ngendm_214,0,0,12.551
39537,7,vs_ngendm_217,0,0,4.1837
39538,7,vs_ngendm_215,0,0,1.8878
39540,7,vs_ngendm_122,0,0,3.7245
39541,7,vs_ngendm_124,0,0,4.4132
39542,7,vs_ngendm_102,0,0,3.3928
39543,7,vs_ngendm_167,0,0,3.0868
39544,7,vs_ngendm_168,0,0,8.0357
39545,7,vs_ngendm_158,0,0,7.8572
39546,7,vs_ngendm_205,0,0,4.949
39547,7,vs_ngendm_206,0,0,3.5204
39548,7,vs_ngendm_199,0,0,4.8215
39549,7,vs_ngendm_194,0,0,4.5663
39550,7,vs_ngendm_192,0,0,5.2551
39551,7,vs_ngendm_190,0,0,10.1021
39552,7,vs_ngendm_189,0,0,7.7806
39553,7,vs_ngendm_220,0,0,9.2857
39554,7,vs_ngendm_218,0,0,8.9541
39555,7,vs_ngendm_216,0,0,4.0816
39758,7,vs_naribetf_292,0,0,9.5409
39759,7,vs_naribetf_293,0,0,6.7602
39760,7,vs_naribetf_473,0,0,6.3775
39761,7,vs_naribetf_294,0,0,8.6735
39762,7,vs_naribetf_295,0,0,9.6428
39763,7,vs_naribetf_296,0,0,8.0102
39764,7,vs_naribetf_297,0,0,9.8725
39765,7,vs_naribetf_298,0,0,11.8622
39766,7,vs_naribetf_472,0,0,7.1428
39767,7,vs_naribetf_299,0,0,2.1684
39768,7,vs_naribetf_300,0,0,9.3878
39769,7,vs_naribetf_301,0,0,11.6837
39770,7,vs_naribetf_302,0,0,5.4591
39771,7,vs_naribetf_303,0,0,10.3316
39772,7,vs_naribetf_304,0,0,12.3979
39773,7,vs_naribetf_305,0,0,7.2449
39774,7,vs_naribetf_306,0,0,8.2653
39775,7,vs_naribetf_307,0,0,7.3469
39776,7,vs_naribetf_308,0,0,9.0306
39777,7,vs_naribetf_309,0,0,7.0918
39778,7,vs_naribetf_310,0,0,6.8112
39779,7,vs_naribetf_311,0,0,10.3316
39780,7,vs_naribetf_312,0,0,0.6888
39781,7,vs_naribetf_467,0,0,6.0969
39782,7,vs_naribetf_464,0,0,6.7602
39783,7,vs_naribetf_465,0,0,7.0918
39784,7,vs_naribetf_466,0,0,10.4847
39785,7,vs_naribetf_462,0,0,10.6888
39786,7,vs_naribetf_463,0,0,6.1479
39787,7,vs_naribetf_471,0,0,1.1735
39788,7,vs_naribetf_468,0,0,0.8674
39789,7,vs_naribetf_469,0,0,2.9591
39790,7,vs_naribetf_470,0,0,4.0306
39794,7,vs_naribetf_316,0,0,7.7806
39795,7,vs_naribetf_317,0,0,8.3928
39796,7,vs_naribetf_318,0,0,7.8316
39797,7,vs_naribetf_319,0,0,8.699
39798,7,vs_naribetf_321,0,0,4.3878
39799,7,vs_naribetf_322,0,0,3.6479
39800,7,vs_naribetf_320,0,0,7.3469
39801,7,vs_naribetf_323,0,0,7.8316
39802,7,vs_naribetf_325,0,0,6.5306
39803,7,vs_naribetf_324,0,0,6.8878
39804,7,vs_naribetf_474,0,0,8.0102
39805,7,vs_naribetf_475,0,0,10.1531
39806,7,vs_naribetf_476,0,0,10.8418
39807,7,vs_naribetf_477,0,0,2.8572
39808,7,vs_naribetf_291,0,0,8.1122
39809,7,vs_naribetf_356,0,0,10.7398
39810,7,vs_naribetf_357,0,0,9.4132
39811,7,vs_naribetf_326,0,0,13.5204
39812,7,vs_naribetf_359,0,0,9.3622
39813,7,vs_naribetf_360,0,0,10.6888
39814,7,vs_naribetf_361,0,0,9.3622
39815,7,vs_naribetf_327,0,0,8.4184
39816,7,vs_naribetf_358,0,0,6.6327
39817,7,vs_naribetf_328,0,0,11.4541
39818,7,vs_naribetf_329,0,0,9.1072
39819,7,vs_naribetf_346,0,0,8.2398
39820,7,vs_naribetf_342,0,0,7.9847
39821,7,vs_naribetf_347,0,0,8.2143
39822,7,vs_naribetf_348,0,0,7.1684
39823,7,vs_naribetf_349,0,0,7.9082
39824,7,vs_naribetf_351,0,0,5.8928
39825,7,vs_naribetf_350,0,0,8.1122
39826,7,vs_naribetf_352,0,0,10.4847
39827,7,vs_naribetf_354,0,0,10.6632
39828,7,vs_naribetf_353,0,0,6.8112
39829,7,vs_naribetf_355,0,0,9.4132
39830,7,vs_naribetf_330,0,0,9.4132
39831,7,vs_naribetf_343,0,0,7.0918
39832,7,vs_naribetf_344,0,0,9.1837
39833,7,vs_naribetf_345,0,0,7.5255
39835,7,vs_naribetf_340,0,0,4.1326
39837,7,vs_naribetf_331,0,0,8.8521
39838,7,vs_naribetf_332,0,0,9.1837
39839,7,vs_naribetf_333,0,0,10.0765
39840,7,vs_naribetf_334,0,0,7.7296
39841,7,vs_naribetf_336,0,0,8.648
39842,7,vs_naribetf_337,0,0,11.2245
39843,7,vs_naribetf_338,0,0,8.3163
39844,7,vs_naribetf_335,0,0,7.7296
39845,7,vs_naribetf_362,0,0,4.2091
39846,7,vs_naribetf_363,0,0,10.8673
39847,7,vs_naribetf_391,0,0,8.8775
39848,7,vs_naribetf_364,0,0,11.352
39849,7,vs_naribetf_365,0,0,7.7806
39850,7,vs_naribetf_366,0,0,9.4898
39851,7,vs_naribetf_367,0,0,7.4235
39852,7,vs_naribetf_389,0,0,9.4132
39853,7,vs_naribetf_390,0,0,6.8622
39854,7,vs_naribetf_369,0,0,8.3163
39855,7,vs_naribetf_370,0,0,3.5204
39856,7,vs_naribetf_371,0,0,11.8112
39858,7,vs_naribetf_372,0,0,5.4591
39860,7,vs_naribetf_388,0,0,5.7653
39861,7,vs_naribetf_373,0,0,15.1531
39862,7,vs_naribetf_374,0,0,11.0204
39863,7,vs_naribetf_375,0,0,15.6632
39864,7,vs_naribetf_376,0,0,12.8062
39865,7,vs_naribetf_377,0,0,10.9184
39866,7,vs_naribetf_378,0,0,6.6837
39867,7,vs_naribetf_379,0,0,9.8725
39868,7,vs_naribetf_380,0,0,6.4796
39869,7,vs_naribetf_386,0,0,8.9796
39870,7,vs_naribetf_381,0,0,10.9949
39871,7,vs_naribetf_382,0,0,8.9285
39872,7,vs_naribetf_384,0,0,9.4898
39873,7,vs_naribetf_383,0,0,8.9285
39874,7,vs_naribetf_385,0,0,7.7296
39875,7,vs_naribetf_392,0,0,7.5255
39876,7,vs_naribetf_431,0,0,4.0051
39877,7,vs_naribetf_430,0,0,8.2398
39878,7,vs_naribetf_393,0,0,8.0868
39879,7,vs_naribetf_394,0,0,11.9898
39880,7,vs_naribetf_395,0,0,6.7602
39881,7,vs_naribetf_396,0,0,8.2143
39882,7,vs_naribetf_397,0,0,7.9847
39883,7,vs_naribetf_428,0,0,7.8572
39884,7,vs_naribetf_429,0,0,5.3572
39885,7,vs_naribetf_398,0,0,9.3622
39886,7,vs_naribetf_399,0,0,9.5918
39887,7,vs_naribetf_400,0,0,10.6632
39888,7,vs_naribetf_401,0,0,10.5868
39889,7,vs_naribetf_402,0,0,8.6225
39890,7,vs_naribetf_425,0,0,7.7806
39891,7,vs_naribetf_426,0,0,3.3418
39892,7,vs_naribetf_427,0,0,7.0918
39893,7,vs_naribetf_403,0,0,9.5409
39894,7,vs_naribetf_404,0,0,7.7296
39895,7,vs_naribetf_405,0,0,8.3418
39896,7,vs_naribetf_406,0,0,9.8215
39897,7,vs_naribetf_423,0,0,4.2602
39898,7,vs_naribetf_424,0,0,8.75
39899,7,vs_naribetf_407,0,0,12.7041
39900,7,vs_naribetf_408,0,0,11.4285
39901,7,vs_naribetf_420,0,0,3.0357
39902,7,vs_naribetf_422,0,0,2.9847
39903,7,vs_naribetf_417,0,0,8.9796
39904,7,vs_naribetf_418,0,0,11.7602
39905,7,vs_naribetf_409,0,0,6.5562
39906,7,vs_naribetf_419,0,0,6.6072
39907,7,vs_naribetf_421,0,0,1.7091
39908,7,vs_naribetf_410,0,0,7.8316
39909,7,vs_naribetf_416,0,0,8.6735
39910,7,vs_naribetf_411,0,0,9.8979
39911,7,vs_naribetf_413,0,0,8.9285
39912,7,vs_naribetf_414,0,0,11.4541
39913,7,vs_naribetf_415,0,0,4.949
39914,7,vs_naribetf_412,0,0,4.4388
39915,7,vs_naribetf_432,0,0,10.4591
39916,7,vs_naribetf_433,0,0,8.4949
39917,7,vs_naribetf_434,0,0,10.6888
39918,7,vs_naribetf_435,0,0,11.6582
39919,7,vs_naribetf_458,0,0,12.0409
39920,7,vs_naribetf_459,0,0,10.1531
39921,7,vs_naribetf_460,0,0,8.9285
39922,7,vs_naribetf_461,0,0,9.2091
39923,7,vs_naribetf_436,0,0,9.6684
39924,7,vs_naribetf_437,0,0,11.1225
39925,7,vs_naribetf_438,0,0,11.199
39926,7,vs_naribetf_456,0,0,11.301
39927,7,vs_naribetf_457,0,0,12.9847
39928,7,vs_naribetf_439,0,0,13.1632
39929,7,vs_naribetf_440,0,0,13.6225
39930,7,vs_naribetf_441,0,0,10.2551
39931,7,vs_naribetf_442,0,0,10.7398
39932,7,vs_naribetf_452,0,0,8.9285
39933,7,vs_naribetf_453,0,0,5.9438
39934,7,vs_naribetf_454,0,0,7.6275
39935,7,vs_naribetf_455,0,0,5.3316
39936,7,vs_naribetf_443,0,0,9.0051
39937,7,vs_naribetf_451,0,0,13.2653
39938,7,vs_naribetf_444,0,0,11.4796
39939,7,vs_naribetf_445,0,0,8.699
39940,7,vs_naribetf_446,0,0,9.2091
39941,7,vs_naribetf_450,0,0,5.1785
39942,7,vs_naribetf_447,0,0,8.5969
39943,7,vs_naribetf_448,0,0,4.4643
39944,7,vs_naribetf_449,0,0,8.5204
39945,7,vs_naribetf_290,0,0,3.6735
39997,7,vs_nwizarf1_054,0,0,5.0255
40160,7,vs_nx0asabm_050,0,0,2.9337
40161,7,vs_nx0asabm_051,0,0,2.9081
40162,7,vs_nx0asabm_052,0,0,4.7449
40163,7,vs_nx0asabm_053,0,0,3.3418
40164,7,vs_nx0asabm_054,0,0,3.801
40165,7,vs_nx0asabm_055,0,0,3.8521
40166,7,vs_nx0asabm_056,0,0,4.0816
40167,7,vs_nx0asabm_057,0,0,1.0715
40168,7,vs_nx0asabm_058,0,0,1.4796
40169,7,vs_nx0asabm_059,0,0,1.7602
40170,7,vs_nx0ashtm_050,0,0,5.5357
40171,7,vs_nx0asabm_060,0,0,4.2602
40172,7,vs_nx0asabm_061,0,0,2.8062
40173,7,vs_nx0ashtm_051,0,0,5.2041
40174,7,vs_nx0asabm_062,0,0,1.301
40175,7,vs_nx0ashtm_052,0,0,4.7194
40176,7,vs_nx0asabm_063,0,0,2.8572
40177,7,vs_nx0ashtm_053,0,0,7.8827
40178,7,vs_nx0ashtm_054,0,0,6.7091
40179,7,vs_nx0ashtm_055,0,0,12.7806
40180,7,vs_nx0ashtm_056,0,0,11.1225
40181,7,vs_nx0ashtm_057,0,0,10.6122
40182,7,vs_nx0ashtm_058,0,0,7.6275
40183,7,vs_nx0ashtm_059,0,0,6.8112
40184,7,vs_nx0ashtm_060,0,0,3.9541
40185,7,vs_nx0ashtm_061,0,0,8.7245
40287,7,vs_nx0heur2_067,0,0,6.9388
40288,7,vs_nx0jnah2_057,0,0,6.4796
40289,7,vs_nx0heur2_068,0,0,10.5102
40290,7,vs_nx0jnah2_058,0,0,3.4438
40291,7,vs_nx0heur2_069,0,0,9.8215
40292,7,vs_fx0dumbm_enmy,0,0,3.0357
40293,7,vs_nx0heur2_070,0,0,4.3112
40294,7,vs_nx0jnah2_059,0,0,5.8418
41874,7,vs_nxxgrdm1_054,0,0,4.5409
41891,7,vs_nxxgrdm1_053,0,0,7.4745
41942,7,vs_norcambm_050,0,0,13.8775
41948,7,vs_norcambm_051,0,0,12.6785
41949,7,vs_norcambm_052,0,0,11.5306
42035,7,vs_nbarbaf1_069,0,0,10.2806
42041,7,vs_nbarbaf1_070,0,0,7.1684
42042,7,vs_nbarbaf1_071,0,0,3.801
42183,7,vs_nsuccf_058,0,0,7.8316
42184,7,vs_nsuccf_056,0,0,9.7704
42185,7,vs_nsuccf_057,0,0,6.5816
42252,7,vs_nsuccf_055,0,0,5.1531
42253,7,vs_nsuccf_054,0,0,9.1327
42256,7,vs_nsuccf_050,0,0,7.2959
42257,7,vs_nsuccf_051,0,0,12.0663
42258,7,vs_nsuccf_052,0,0,7.8572
42259,7,vs_nsuccf_053,0,0,4.2347
42330,7,vs_nnwgrdm1_053,0,0,3.4184
42331,7,vs_nnwgrdm1_055,0,0,4.5409
42334,7,vs_nnwgrdm1_054,0,0,4.0306
42465,7,vs_nclerim1_050,0,0,5.2296
42466,7,vs_nclerim1_051,0,0,6.4285
42467,7,vs_nclerim1_052,0,0,5.0
42517,7,vs_nmoragf_050,0,0,8.4438
42518,7,vs_nmaugrim_050,0,0,10.9184
42519,7,vs_naribetf_478,0,0,1.5816
42520,7,vs_nmaugrim_051,0,0,5.8163
42521,7,vs_naribetf_479,0,0,2.3979
42522,7,vs_nmaugrim_052,0,0,5.8418
42523,7,vs_naribetf_480,0,0,3.75
42524,7,vs_nmoragf_051,0,0,10.7398
42525,7,vs_nmoragf_052,0,0,5.1275
42526,7,vs_nmoragf_053,0,0,11.9388
42951,7,vs_ngendm_310,0,0,8.4694
42952,7,vs_ngendm_317,0,0,7.9082
42953,7,vs_ngendm_318,0,0,8.3928
42954,7,vs_ngendm_325,0,0,8.648
42955,7,vs_ngendm_319,0,0,8.1632
42956,7,vs_ngendm_321,0,0,10.6378
42957,7,vs_ngendm_322,0,0,7.6275
42958,7,vs_ngendm_323,0,0,9.1837
42959,7,vs_ngendm_324,0,0,6.6837
42960,7,vs_ngendm_326,0,0,8.4694
42961,7,vs_ngendm_328,0,0,12.1428
42962,7,vs_ngendm_330,0,0,11.1479
42963,7,vs_ngendm_331,0,0,10.3062
42964,7,vs_ngendm_333,0,0,7.0409
42965,7,vs_ngendm_335,0,0,10.0765
42966,7,vs_ngendm_339,0,0,5.1785
42967,7,vs_ngendm_334,0,0,10.8163
42968,7,vs_ngendm_364,0,0,7.1938
42969,7,vs_ngendm_344,0,0,2.9591
42970,7,vs_ngendm_366,0,0,13.3673
42971,7,vs_ngendm_345,0,0,5.0765
42972,7,vs_ngendm_346,0,0,11.1735
42973,7,vs_ngendm_347,0,0,11.3775
42974,7,vs_ngendm_349,0,0,9.5918
42975,7,vs_ngendm_361,0,0,9.949
42976,7,vs_ngendm_362,0,0,9.8725
42977,7,vs_ngendm_350,0,0,9.0562
42978,7,vs_ngendm_355,0,0,14.8979
42979,7,vs_ngendm_356,0,0,12.3215
42980,7,vs_ngendm_351,0,0,12.449
42981,7,vs_ngendm_352,0,0,10.6888
42982,7,vs_ngendm_358,0,0,8.8521
42983,7,vs_ngendm_359,0,0,8.7245
42984,7,vs_ngendm_360,0,0,7.5765
42985,7,vs_ngendm_367,0,0,11.25
42986,7,vs_ngendm_368,0,0,7.6531
42987,7,vs_ngendm_416,0,0,13.4184
42988,7,vs_ngendm_402,0,0,10.5357
42989,7,vs_ngendm_403,0,0,7.8316
42990,7,vs_ngendm_414,0,0,10.9184
42991,7,vs_ngendm_404,0,0,8.2653
42992,7,vs_ngendm_405,0,0,12.4745
42993,7,vs_ngendm_411,0,0,10.051
42994,7,vs_ngendm_412,0,0,9.5153
42995,7,vs_ngendm_415,0,0,10.1021
42996,7,vs_ngendm_387,0,0,2.0409
42997,7,vs_ngendm_413,0,0,11.6582
42998,7,vs_ngendm_388,0,0,11.7091
42999,7,vs_ngendm_390,0,0,13.9541
43000,7,vs_ngendm_391,0,0,11.1735
43001,7,vs_ngendm_392,0,0,13.4184
43002,7,vs_ngendm_401,0,0,8.4694
43003,7,vs_ngendm_397,0,0,9.1327
43004,7,vs_ngendm_398,0,0,7.6275
43005,7,vs_ngendm_400,0,0,11.4541
43006,7,vs_ngendm_399,0,0,2.1684
43007,7,vs_ngendm_393,0,0,3.6735
43008,7,vs_ngendm_394,0,0,11.4796
43009,7,vs_ngendm_395,0,0,11.5562
43010,7,vs_ngendm_433,0,0,11.7857
43011,7,vs_ngendm_458,0,0,10.8673
43012,7,vs_ngendm_417,0,0,11.0715
43013,7,vs_ngendm_419,0,0,13.3163
43014,7,vs_ngendm_420,0,0,14.6428
43015,7,vs_ngendm_422,0,0,10.8673
43016,7,vs_ngendm_418,0,0,14.8469
43017,7,vs_ngendm_427,0,0,6.9643
43018,7,vs_ngendm_428,0,0,10.9438
43019,7,vs_ngendm_423,0,0,10.1785
43020,7,vs_ngendm_424,0,0,7.0153
43021,7,vs_ngendm_425,0,0,10.7909
43022,7,vs_ngendm_459,0,0,8.2398
43023,7,vs_ngendm_426,0,0,5.8674
43024,7,vs_ngendm_337,0,0,10.6378
43026,7,vs_ngendm_313,0,0,10.7909
43027,7,vs_ngendm_314,0,0,7.6021
43028,7,vs_ngendm_315,0,0,6.6327
43029,7,vs_ngendm_316,0,0,6.8112
43030,7,vs_ngendm_340,0,0,2.8062
43031,7,vs_ngendm_320,0,0,9.2091
43032,7,vs_ngendm_327,0,0,10.051
43033,7,vs_ngendm_329,0,0,9.2091
43034,7,vs_ngendm_336,0,0,8.1122
43035,7,vs_ngendm_363,0,0,9.8979
43036,7,vs_ngendm_460,0,0,2.2194
43037,7,vs_ngendm_461,0,0,2.2449
43038,7,vs_ngendm_406,0,0,8.4949
43039,7,vs_ngendm_407,0,0,9.7449
43040,7,vs_ngendm_409,0,0,4.7704
43041,7,vs_ngendm_410,0,0,13.7245
43042,7,vs_ngendm_408,0,0,9.7194
43043,7,vs_ngendm_311,0,0,9.5409
43044,7,vs_ngendm_312,0,0,7.6785
43045,7,vs_ngendm_365,0,0,2.6785
43046,7,vs_ngendm_342,0,0,11.4541
43047,7,vs_ngendm_343,0,0,5.9949
43048,7,vs_ngendm_341,0,0,6.2245
43049,7,vs_ngendm_348,0,0,10.4082
43050,7,vs_ngendm_338,0,0,3.699
43051,7,vs_ngendm_357,0,0,5.9184
43052,7,vs_ngendm_434,0,0,11.7602
43053,7,vs_ngendm_435,0,0,11.0204
43054,7,vs_ngendm_436,0,0,9.949
43055,7,vs_ngendm_455,0,0,8.6735
43056,7,vs_ngendm_456,0,0,8.7245
43057,7,vs_ngendm_457,0,0,10.1531
43058,7,vs_ngendm_437,0,0,9.949
43059,7,vs_ngendm_438,0,0,10.8418
43060,7,vs_ngendm_439,0,0,10.5612
43061,7,vs_ngendm_440,0,0,11.6072
43062,7,vs_ngendm_441,0,0,11.0204
43063,7,vs_ngendm_453,0,0,10.5357
43064,7,vs_ngendm_454,0,0,9.9235
43065,7,vs_ngendm_442,0,0,7.3215
43066,7,vs_ngendm_450,0,0,8.1122
43067,7,vs_ngendm_451,0,0,9.9745
43068,7,vs_ngendm_452,0,0,7.7041
43069,7,vs_ngendm_444,0,0,5.6632
43070,7,vs_ngendm_445,0,0,10.0765
43071,7,vs_ngendm_443,0,0,9.8725
43072,7,vs_ngendm_446,0,0,9.9235
43073,7,vs_ngendm_447,0,0,12.9082
43074,7,vs_ngendm_448,0,0,12.4235
43075,7,vs_ngendm_449,0,0,3.4184
43076,7,vs_ngendm_429,0,0,8.7755
43077,7,vs_ngendm_430,0,0,8.5204
43078,7,vs_ngendm_431,0,0,7.1684
43079,7,vs_ngendm_432,0,0,12.3469
43080,7,vs_ngendm_369,0,0,4.8215
43081,7,vs_ngendm_370,0,0,4.3368
43082,7,vs_ngendm_371,0,0,10.2551
43083,7,vs_ngendm_372,0,0,8.1378
43084,7,vs_ngendm_373,0,0,6.8368
43085,7,vs_ngendm_374,0,0,13.1378
43086,7,vs_ngendm_375,0,0,8.2653
43087,7,vs_ngendm_376,0,0,11.7091
43088,7,vs_ngendm_377,0,0,10.1275
43089,7,vs_ngendm_378,0,0,8.6735
43090,7,vs_ngendm_379,0,0,4.1582
43091,7,vs_ngendm_380,0,0,10.3062
43092,7,vs_ngendm_386,0,0,6.9643
43093,7,vs_ngendm_381,0,0,9.1072
43094,7,vs_ngendm_382,0,0,10.4847
43095,7,vs_ngendm_383,0,0,7.8827
43096,7,vs_ngendm_384,0,0,8.2143
43097,7,vs_ngendm_354,0,0,6.2245
43098,7,vs_ngendm_389,0,0,5.2551
43099,7,vs_ngendm_396,0,0,5.9694
43100,7,vs_ngendm_421,0,0,9.6938
43101,7,vs_ngendm_353,0,0,4.8469
43102,7,vs_ngendm_385,0,0,7.2959
43103,7,vs_ngendm_332,0,0,9.8469
43252,7,vs_nhaedraf_089,0,0,6.7091
43253,7,vs_nhaedraf_099,0,0,12.1428
43254,7,vs_nhaedraf_097,0,0,2.2449
43255,7,vs_nhaedraf_098,0,0,5.5357
43256,7,vs_nhaedraf_090,0,0,14.0051
43257,7,vs_nhaedraf_091,0,0,11.301
43258,7,vs_nhaedraf_093,0,0,9.4388
43259,7,vs_nhaedraf_092,0,0,5.9694
43260,7,vs_nhaedraf_094,0,0,9.5153
43261,7,vs_nhaedraf_095,0,0,14.5408
43262,7,vs_nhaedraf_096,0,0,13.6479
43263,7,vs_nhaedraf_074,0,0,14.6173
43264,7,vs_nhaedraf_072,0,0,14.2857
43265,7,vs_nhaedraf_073,0,0,21.096901
43266,7,vs_nhaedraf_063,0,0,17.015301
43267,7,vs_nhaedraf_069,0,0,7.0153
43268,7,vs_nhaedraf_064,0,0,19.0306
43269,7,vs_nhaedraf_065,0,0,20.2806
43270,7,vs_nhaedraf_066,0,0,8.2143
43271,7,vs_nhaedraf_067,0,0,14.4643
43272,7,vs_nhaedraf_068,0,0,1.3775
43273,7,vs_nhaedraf_087,0,0,18.290899
43274,7,vs_nhaedraf_075,0,0,17.908199
43275,7,vs_nhaedraf_076,0,0,15.6632
43276,7,vs_nhaedraf_078,0,0,19.7194
43277,7,vs_nhaedraf_079,0,0,13.1632
43278,7,vs_nhaedraf_080,0,0,20.688801
43279,7,vs_nhaedraf_081,0,0,16.760201
43280,7,vs_nhaedraf_082,0,0,19.1327
43281,7,vs_nhaedraf_083,0,0,16.1735
43282,7,vs_nhaedraf_084,0,0,23.6735
43283,7,vs_nhaedraf_085,0,0,15.5357
43284,7,vs_nhaedraf_051,0,0,15.9184
43285,7,vs_nhaedraf_052,0,0,18.571501
43286,7,vs_nhaedraf_053,0,0,13.6479
43287,7,vs_nhaedraf_059,0,0,22.142799
43288,7,vs_nhaedraf_060,0,0,21.658199
43289,7,vs_nhaedraf_061,0,0,22.7806
43290,7,vs_nhaedraf_062,0,0,21.071501
43291,7,vs_nhaedraf_070,0,0,15.8418
43292,7,vs_nhaedraf_071,0,0,20.841801
43293,7,vs_nhaedraf_058,0,0,21.4541
43294,7,vs_nhaedraf_056,0,0,21.301001
43295,7,vs_nhaedraf_057,0,0,20.484699
43296,7,vs_nhaedraf_054,0,0,18.877501
43297,7,vs_nhaedraf_055,0,0,16.5306
43298,7,vs_nhaedraf_077,0,0,14.1837
43299,7,vs_nhaedraf_086,0,0,13.8775
43300,7,vs_nhaedraf_088,0,0,5.3826
43301,7,vs_nhaedraf_050,0,0,7.5255
43341,7,vs_nclerkm1_050,0,0,13.5969
43431,7,vs_nclerkm1_051,0,0,5.7143
43607,7,vs_fneurikm_060,0,0,0.0
43638,7,vs_nbarbam3_050,0,0,3.9541
43649,7,vs_nbarbam3_051,0,0,10.7909
43650,7,vs_nbarbam3_052,0,0,8.0612
43740,7,vs_nthugxm2_060,0,0,7.3469
43749,7,vs_nthugxm2_058,0,0,6.1225
43750,7,vs_nthugxm2_059,0,0,5.6632
43823,7,vs_nfarmem1_063,0,0,8.3418
43836,7,vs_nfarmem1_060,0,0,7.551
43852,7,vs_nfarmem1_062,0,0,6.6072
43861,7,vs_nfarmem1_061,0,0,5.9438
43865,7,vs_nfarmem1_059,0,0,5.6122
44080,7,vs_feltoorf_057,0,0,16.198999
44081,7,vs_feltoorf_058,0,0,9.1837
44082,7,vs_feltoorf_056,0,0,11.9643
44083,7,vs_feltoorf_059,0,0,11.4285
44084,7,vs_feltoorf_060,0,0,13.3163
44230,7,vs_nxxgrdm2_050,0,0,12.6275
44256,7,vs_nxxgrdm2_051,0,0,15.0
44257,7,vs_nxxgrdm2_052,0,0,11.2755
44260,7,vs_nxxgrdm2_053,0,0,6.6072
44372,7,vs_nnwcomf1_057,0,0,6.0969
44380,7,vs_nnwcomf1_055,0,0,7.2194
44381,7,vs_nnwcomf1_056,0,0,8.4694
44382,7,vs_nnwcomf1_054,0,0,9.1582
44733,7,vs_nnwgrdm1_056,0,0,7.9337
44734,7,vs_nnwgrdm1_057,0,0,7.5765
44955,7,vs_nwizarf1_056,0,0,12.6531
44990,7,vs_nwizarf1_055,0,0,15.7908
44992,7,vs_nwizarf1_057,0,0,11.6326
45000,7,vs_nwizarf1_058,0,0,11.4796
45166,7,vs_nwncomm3_051,0,0,6.9388
45167,7,vs_nwncomm3_050,0,0,3.4438
45175,7,vs_nwncomm3_052,0,0,6.9132
45489,7,vs_nbarbam2_057,0,0,8.801
45503,7,vs_nbarbam2_052,0,0,7.3215
45504,7,vs_nbarbam2_053,0,0,8.3674
45505,7,vs_nbarbam2_054,0,0,9.0051
45506,7,vs_nbarbam2_056,0,0,10.2551
45508,7,vs_nbarbam2_055,0,0,12.6275
45652,7,vs_ndgreenf_051,0,0,22.7551
45671,7,vs_ndgreenf_050,0,0,35.841801
45682,7,vs_ndgreenf_052,0,0,17.142799
45805,7,vs_ndbrassf_052,0,0,15.3316
45814,7,vs_ndbrassf_051,0,0,25.1786
45821,7,vs_ndbrassf_054,0,0,18.622499
45822,7,vs_ndbrassf_050,0,0,18.341801
45846,7,vs_ndbrassf_053,0,0,16.0714
46070,7,vs_ndredm_055,0,0,15.6888
46107,7,vs_ndredm_053,0,0,18.698999
46108,7,vs_ndredm_054,0,0,2.6275
46117,7,vs_ndredm_051,0,0,11.2245
46118,7,vs_ndredm_052,0,0,14.4898
46125,7,vs_ndredm_050,0,0,7.5255
46681,7,vs_nnymphf_050,0,0,1.7347
46682,7,vs_nnymphf_053,0,0,3.4438
46683,7,vs_nnymphf_056,0,0,9.7194
46684,7,vs_nnymphf_052,0,0,2.9082
46685,7,vs_nnymphf_051,0,0,1.9643
46693,7,vs_nnymphf_055,0,0,9.2091
46695,7,vs_nnymphf_054,0,0,1.8112
46757,7,vs_ndwarfm1_050,0,0,1.6072
46758,7,vs_ndwarfm1_053,0,0,3.5204
46759,7,vs_ndwarfm1_056,0,0,10.4591
46760,7,vs_ndwarfm1_052,0,0,1.6326
46761,7,vs_ndwarfm1_051,0,0,2.0409
46769,7,vs_ndwarfm1_055,0,0,9.3622
46771,7,vs_ndwarfm1_054,0,0,2.9847
46839,7,vs_ndwhitem_052,0,0,16.25
46840,7,vs_ndwhitem_051,0,0,5.1275
46843,7,vs_ndwhitem_053,0,0,12.551
46844,7,vs_ndwhitem_054,0,0,13.699
46855,7,vs_ndwhitem_050,0,0,4.3622
47693,7,vs_ngendm_516,0,0,10.1531
47694,7,vs_ngendm_567,0,0,6.7857
47695,7,vs_ngendm_520,0,0,9.5918
47696,7,vs_ngendm_521,0,0,11.5816
47697,7,vs_ngendm_522,0,0,9.4132
47698,7,vs_ngendm_523,0,0,5.1531
47699,7,vs_ngendm_570,0,0,1.9643
47700,7,vs_ngendm_569,0,0,3.5969
47701,7,vs_ngendm_517,0,0,10.7653
47702,7,vs_ngendm_568,0,0,7.1684
47703,7,vs_ngendm_519,0,0,10.4591
47704,7,vs_ngendm_524,0,0,5.8163
47705,7,vs_ngendm_525,0,0,11.199
47706,7,vs_ngendm_526,0,0,1.7347
47707,7,vs_ngendm_527,0,0,8.6225
47708,7,vs_ngendm_528,0,0,5.8163
47709,7,vs_ngendm_529,0,0,5.8418
47710,7,vs_ngendm_530,0,0,7.1684
47711,7,vs_ngendm_531,0,0,12.3979
47712,7,vs_ngendm_532,0,0,7.1684
47713,7,vs_ngendm_533,0,0,8.2653
47714,7,vs_ngendm_534,0,0,8.9285
47715,7,vs_ngendm_535,0,0,7.7296
47716,7,vs_ngendm_536,0,0,6.5051
47717,7,vs_ngendm_537,0,0,6.6837
47718,7,vs_ngendm_538,0,0,12.4235
47719,7,vs_ngendm_539,0,0,7.5765
47720,7,vs_ngendm_540,0,0,6.4285
47721,7,vs_ngendm_541,0,0,6.7347
47722,7,vs_ngendm_563,0,0,8.9031
47723,7,vs_ngendm_564,0,0,11.1225
47724,7,vs_ngendm_565,0,0,16.1479
47725,7,vs_ngendm_571,0,0,3.0357
47726,7,vs_ngendm_542,0,0,8.5969
47727,7,vs_ngendm_543,0,0,10.5612
47728,7,vs_ngendm_544,0,0,5.7653
47729,7,vs_ngendm_545,0,0,8.7755
47730,7,vs_ngendm_546,0,0,11.9388
47731,7,vs_ngendm_554,0,0,5.8928
47732,7,vs_ngendm_547,0,0,11.199
47733,7,vs_ngendm_558,0,0,9.2091
47734,7,vs_ngendm_559,0,0,11.8622
47735,7,vs_ngendm_561,0,0,9.6428
47736,7,vs_ngendm_548,0,0,7.0918
47737,7,vs_ngendm_551,0,0,10.9694
47738,7,vs_ngendm_552,0,0,8.5715
47739,7,vs_ngendm_553,0,0,11.8368
47740,7,vs_ngendm_549,0,0,10.5357
47741,7,vs_ngendm_550,0,0,3.9541
47742,7,vs_ngendm_562,0,0,8.4694
47743,7,vs_ngendm_555,0,0,7.4745
47744,7,vs_ngendm_556,0,0,7.9591
47745,7,vs_ngendm_478,0,0,7.8062
47746,7,vs_ngendm_484,0,0,13.3163
47747,7,vs_ngendm_485,0,0,9.6174
47748,7,vs_ngendm_486,0,0,9.8979
47749,7,vs_ngendm_481,0,0,7.2959
47750,7,vs_ngendm_482,0,0,8.6735
47751,7,vs_ngendm_557,0,0,10.6888
47752,7,vs_ngendm_480,0,0,4.9745
47753,7,vs_ngendm_518,0,0,12.6275
47754,7,vs_ngendm_488,0,0,9.1327
47755,7,vs_ngendm_489,0,0,5.4591
47756,7,vs_ngendm_490,0,0,9.1582
47757,7,vs_nnasherm_179,0,0,4.5409
47758,7,vs_ngendm_491,0,0,4.8979
47759,7,vs_nnasherm_180,0,0,4.2091
47760,7,vs_ngendm_492,0,0,7.1174
47761,7,vs_nnasherm_181,0,0,5.1531
47762,7,vs_ngendm_493,0,0,6.8622
47763,7,vs_ngendm_494,0,0,11.0204
47764,7,vs_ngendm_495,0,0,11.6072
47765,7,vs_ngendm_496,0,0,5.7143
47766,7,vs_ngendm_497,0,0,11.0715
47767,7,vs_ngendm_498,0,0,7.6275
47768,7,vs_ngendm_501,0,0,10.4337
47769,7,vs_ngendm_502,0,0,6.5816
47770,7,vs_ngendm_499,0,0,10.5357
47771,7,vs_ngendm_500,0,0,7.6785
47772,7,vs_ngendm_479,0,0,8.0612
47773,7,vs_ngendm_483,0,0,12.8062
47774,7,vs_ngendm_566,0,0,9.6428
47775,7,vs_ngendm_513,0,0,10.2551
47776,7,vs_ngendm_514,0,0,10.7143
47777,7,vs_ngendm_515,0,0,10.7909
47778,7,vs_ngendm_487,0,0,7.2194
47779,7,vs_ngendm_503,0,0,8.0102
47780,7,vs_ngendm_504,0,0,9.9235
47781,7,vs_ngendm_505,0,0,7.5765
47782,7,vs_ngendm_506,0,0,8.9031
47783,7,vs_ngendm_510,0,0,8.3163
47784,7,vs_ngendm_507,0,0,7.2959
47785,7,vs_ngendm_511,0,0,4.6684
47786,7,vs_ngendm_508,0,0,9.2602
47787,7,vs_ngendm_509,0,0,10.4082
47788,7,vs_ngendm_512,0,0,5.8163
47789,7,vs_ngendm_560,0,0,9.1072
47842,7,vs_nhaedraf_147,0,0,12.9847
47843,7,vs_nhaedraf_149,0,0,16.8622
47844,7,vs_nhaedraf_150,0,0,17.551001
47845,7,vs_nhaedraf_152,0,0,20.3062
47846,7,vs_nhaedraf_153,0,0,15.5357
47847,7,vs_nhaedraf_154,0,0,19.311199
47848,7,vs_nhaedraf_155,0,0,18.928499
47849,7,vs_nhaedraf_156,0,0,19.540899
47850,7,vs_nhaedraf_157,0,0,16.122499
47851,7,vs_nhaedraf_158,0,0,21.4286
47852,7,vs_nhaedraf_159,0,0,12.4745
47853,7,vs_nhaedraf_151,0,0,13.9796
47854,7,vs_nhaedraf_121,0,0,11.9388
47855,7,vs_nhaedraf_123,0,0,13.1122
47856,7,vs_nhaedraf_124,0,0,15.4337
47857,7,vs_nhaedraf_125,0,0,14.4388
47858,7,vs_nhaedraf_126,0,0,16.224501
47859,7,vs_nhaedraf_160,0,0,15.102
47860,7,vs_nhaedraf_145,0,0,15.6122
47861,7,vs_nhaedraf_146,0,0,12.2704
47862,7,vs_nhaedraf_148,0,0,15.4082
47863,7,vs_nhaedraf_127,0,0,13.1632
47864,7,vs_nhaedraf_129,0,0,13.6225
47865,7,vs_nhaedraf_128,0,0,17.551001
47866,7,vs_nhaedraf_130,0,0,11.0715
47867,7,vs_nhaedraf_131,0,0,14.5408
47868,7,vs_nhaedraf_132,0,0,12.2959
47869,7,vs_nhaedraf_133,0,0,9.8979
47870,7,vs_nhaedraf_134,0,0,9.6684
47871,7,vs_nhaedraf_135,0,0,13.3163
47872,7,vs_nhaedraf_136,0,0,21.3265
47873,7,vs_nhaedraf_137,0,0,15.2041
47874,7,vs_nhaedraf_138,0,0,15.7143
47875,7,vs_nhaedraf_139,0,0,17.346901
47876,7,vs_nhaedraf_140,0,0,11.6072
47877,7,vs_nhaedraf_141,0,0,17.908199
47878,7,vs_nhaedraf_142,0,0,15.3061
47879,7,vs_nhaedraf_143,0,0,20.6633
47880,7,vs_nhaedraf_144,0,0,19.489799
47881,7,vs_nhaedraf_162,0,0,7.2704
47882,7,vs_nhaedraf_163,0,0,10.4337
47883,7,vs_nhaedraf_164,0,0,14.6173
47884,7,vs_nhaedraf_165,0,0,13.3163
47885,7,vs_nhaedraf_167,0,0,7.8062
47886,7,vs_nhaedraf_168,0,0,15.5867
47887,7,vs_nhaedraf_170,0,0,13.0612
47888,7,vs_nhaedraf_166,0,0,15.6122
47889,7,vs_nhaedraf_169,0,0,11.6582
47890,7,vs_nhaedraf_111,0,0,9.9235
47891,7,vs_nhaedraf_112,0,0,8.1888
47892,7,vs_nhaedraf_113,0,0,12.3725
47893,7,vs_nhaedraf_114,0,0,16.096901
47894,7,vs_nhaedraf_115,0,0,14.7704
47895,7,vs_nhaedraf_119,0,0,13.852
47896,7,vs_nhaedraf_120,0,0,13.75
47897,7,vs_nhaedraf_116,0,0,14.7449
47898,7,vs_nhaedraf_117,0,0,9.6684
47899,7,vs_nhaedraf_118,0,0,11.6326
47900,7,vs_nhaedraf_161,0,0,19.540899
47901,7,vs_nhaedraf_122,0,0,16.198999
47952,7,vs_nnasherm_115,0,0,11.5816
47953,7,vs_nnasherm_116,0,0,8.0102
47954,7,vs_ngendm_471,0,0,5.3572
47955,7,vs_nnasherm_119,0,0,8.3163
47956,7,vs_nnasherm_175,0,0,7.9847
47957,7,vs_nnasherm_128,0,0,10.6378
47958,7,vs_nnasherm_129,0,0,7.0663
47959,7,vs_nnasherm_130,0,0,9.0562
47960,7,vs_nnasherm_131,0,0,3.8265
47961,7,vs_nnasherm_117,0,0,8.75
47962,7,vs_nnasherm_113,0,0,12.2194
47963,7,vs_nnasherm_178,0,0,8.4438
47964,7,vs_ngendm_472,0,0,4.9745
47965,7,vs_nnasherm_121,0,0,8.648
47966,7,vs_ngendm_473,0,0,6.8878
47967,7,vs_nnasherm_123,0,0,8.0612
47968,7,vs_ngendm_474,0,0,5.0765
47969,7,vs_nnasherm_125,0,0,9.9235
47970,7,vs_nnasherm_126,0,0,12.3979
47971,7,vs_nnasherm_176,0,0,7.3215
47972,7,vs_nnasherm_127,0,0,6.6327
47973,7,vs_nnasherm_177,0,0,8.0868
47974,7,vs_nnasherm_132,0,0,9.3368
47975,7,vs_nnasherm_133,0,0,10.4337
47976,7,vs_nnasherm_134,0,0,5.5357
47977,7,vs_nnasherm_135,0,0,7.9082
47978,7,vs_nnasherm_136,0,0,11.1479
47979,7,vs_nnasherm_137,0,0,6.8622
47980,7,vs_nnasherm_138,0,0,8.3928
47981,7,vs_nnasherm_139,0,0,11.0459
47982,7,vs_nnasherm_140,0,0,9.3878
47983,7,vs_nnasherm_141,0,0,7.8316
47984,7,vs_nnasherm_142,0,0,12.0409
47985,7,vs_nnasherm_143,0,0,13.8265
47986,7,vs_nnasherm_144,0,0,5.7398
47987,7,vs_nnasherm_145,0,0,7.5255
47988,7,vs_nnasherm_146,0,0,8.0357
47989,7,vs_nnasherm_147,0,0,5.9949
47990,7,vs_nnasherm_148,0,0,11.6326
47991,7,vs_nnasherm_149,0,0,9.8725
47992,7,vs_nnasherm_150,0,0,9.5409
47993,7,vs_nnasherm_172,0,0,11.1225
47994,7,vs_nnasherm_173,0,0,13.0867
47995,7,vs_nnasherm_174,0,0,13.4438
47996,7,vs_nnasherm_114,0,0,9.4388
47997,7,vs_nnasherm_151,0,0,12.6275
47998,7,vs_nnasherm_152,0,0,9.6684
47999,7,vs_nnasherm_153,0,0,5.5868
48000,7,vs_nnasherm_154,0,0,13.6479
48001,7,vs_nnasherm_155,0,0,11.8112
48002,7,vs_nnasherm_163,0,0,9.6428
48003,7,vs_nnasherm_164,0,0,8.9541
48004,7,vs_nnasherm_156,0,0,10.4591
48005,7,vs_nnasherm_168,0,0,5.1275
48006,7,vs_ngendm_475,0,0,7.398
48007,7,vs_nnasherm_169,0,0,5.3826
48008,7,vs_ngendm_476,0,0,7.1174
48009,7,vs_nnasherm_170,0,0,9.6428
48010,7,vs_ngendm_477,0,0,10.4082
48011,7,vs_nnasherm_157,0,0,8.5204
48012,7,vs_nnasherm_160,0,0,6.5816
48013,7,vs_nnasherm_161,0,0,10.6632
48014,7,vs_nnasherm_162,0,0,9.1837
48015,7,vs_nnasherm_158,0,0,11.7602
48016,7,vs_nnasherm_159,0,0,4.9745
48017,7,vs_nnasherm_171,0,0,11.0969
48018,7,vs_nnasherm_165,0,0,5.4591
48019,7,vs_nnasherm_166,0,0,8.1888
48020,7,vs_nnasherm_106,0,0,11.7857
48021,7,vs_nnasherm_110,0,0,8.801
48022,7,vs_nnasherm_111,0,0,10.5357
48023,7,vs_nnasherm_112,0,0,9.4643
48024,7,vs_nnasherm_108,0,0,6.9643
48025,7,vs_nnasherm_109,0,0,7.3215
48026,7,vs_nnasherm_167,0,0,9.4388
48027,7,vs_nnasherm_107,0,0,8.8265
48035,7,vs_fnyatarm_056,0,0,6.3521
48036,7,vs_fnyatarm_057,0,0,7.0409
48071,7,vs_nprostf1_058,0,0,5.3062
48072,7,vs_nprostf1_059,0,0,5.3062
48087,7,vs_nprostf1_057,0,0,5.3826
48088,7,vs_nprostf1_056,0,0,4.6428
48103,7,vs_fophalaf_054,0,0,9.0051
48104,7,vs_fophalaf_055,0,0,7.1684
48115,7,vs_nprostf2_056,0,0,8.4694
48118,7,vs_nprostf2_057,0,0,5.0255
48121,7,vs_nprostf2_058,0,0,15.4591
48123,7,vs_nprostf2_059,0,0,3.9796
48446,7,vs_nchildf1_053,0,0,8.2653
48447,7,vs_nchildf1_051,0,0,5.4082
48448,7,vs_nchildf1_054,0,0,4.4898
48449,7,vs_nchildf1_050,0,0,4.6938
48466,7,vs_nchildf1_052,0,0,6.5816
48666,7,vs_naribetf_533,0,0,11.7091
48667,7,vs_naribetf_534,0,0,10.5612
48668,7,vs_naribetf_491,0,0,3.4949
48669,7,vs_naribetf_536,0,0,6.5306
48670,7,vs_naribetf_537,0,0,6.6582
48671,7,vs_naribetf_538,0,0,8.0868
48672,7,vs_naribetf_539,0,0,6.0715
48673,7,vs_naribetf_535,0,0,10.7909
48674,7,vs_naribetf_540,0,0,8.0612
48675,7,vs_naribetf_541,0,0,8.4694
48676,7,vs_naribetf_542,0,0,11.5562
48677,7,vs_naribetf_543,0,0,10.0255
48678,7,vs_naribetf_544,0,0,7.1174
48679,7,vs_naribetf_545,0,0,6.7347
48680,7,vs_naribetf_492,0,0,2.6785
48681,7,vs_naribetf_546,0,0,4.9235
48682,7,vs_naribetf_547,0,0,10.1275
48683,7,vs_naribetf_594,0,0,4.2347
48684,7,vs_naribetf_548,0,0,6.7602
48685,7,vs_naribetf_591,0,0,10.4847
48686,7,vs_naribetf_549,0,0,6.9643
48687,7,vs_naribetf_592,0,0,8.5715
48688,7,vs_naribetf_593,0,0,6.8878
48689,7,vs_naribetf_550,0,0,9.4898
48690,7,vs_naribetf_552,0,0,4.4643
48691,7,vs_naribetf_558,0,0,10.5868
48692,7,vs_naribetf_551,0,0,11.5562
48693,7,vs_naribetf_559,0,0,10.4847
48694,7,vs_naribetf_560,0,0,16.658199
48695,7,vs_naribetf_590,0,0,7.9847
48696,7,vs_naribetf_553,0,0,9.5663
48697,7,vs_naribetf_554,0,0,6.8368
48698,7,vs_naribetf_555,0,0,8.2653
48699,7,vs_naribetf_556,0,0,8.8775
48700,7,vs_naribetf_557,0,0,8.5715
48701,7,vs_naribetf_561,0,0,9.0562
48702,7,vs_naribetf_588,0,0,8.8775
48703,7,vs_naribetf_589,0,0,10.6888
48704,7,vs_naribetf_587,0,0,7.8827
48705,7,vs_naribetf_562,0,0,7.3215
48706,7,vs_naribetf_563,0,0,14.6938
48707,7,vs_naribetf_564,0,0,11.5306
48708,7,vs_naribetf_565,0,0,10.8163
48709,7,vs_naribetf_566,0,0,5.2041
48710,7,vs_naribetf_567,0,0,9.1837
48711,7,vs_naribetf_568,0,0,11.199
48712,7,vs_naribetf_573,0,0,7.4235
48713,7,vs_naribetf_586,0,0,8.9796
48714,7,vs_naribetf_574,0,0,12.8826
48715,7,vs_naribetf_585,0,0,4.1326
48716,7,vs_naribetf_569,0,0,10.5102
48717,7,vs_naribetf_570,0,0,12.1428
48718,7,vs_naribetf_571,0,0,7.398
48719,7,vs_naribetf_572,0,0,9.4643
48720,7,vs_naribetf_575,0,0,10.4082
48721,7,vs_naribetf_577,0,0,9.6938
48722,7,vs_naribetf_578,0,0,12.3979
48723,7,vs_naribetf_579,0,0,13.4438
48724,7,vs_naribetf_580,0,0,6.6327
48725,7,vs_naribetf_581,0,0,4.0816
48726,7,vs_naribetf_582,0,0,10.2806
48727,7,vs_naribetf_583,0,0,15.7908
48728,7,vs_naribetf_584,0,0,8.9285
48729,7,vs_naribetf_493,0,0,6.6582
48730,7,vs_naribetf_519,0,0,6.4796
48731,7,vs_naribetf_520,0,0,10.2806
48732,7,vs_naribetf_521,0,0,9.0562
48733,7,vs_naribetf_522,0,0,10.6378
48734,7,vs_naribetf_523,0,0,12.5
48735,7,vs_naribetf_524,0,0,12.5255
48736,7,vs_naribetf_525,0,0,8.3674
48737,7,vs_naribetf_526,0,0,7.7296
48738,7,vs_naribetf_527,0,0,7.7551
48739,7,vs_naribetf_528,0,0,6.9643
48740,7,vs_naribetf_529,0,0,12.5255
48741,7,vs_naribetf_517,0,0,11.0969
48742,7,vs_naribetf_518,0,0,9.1837
48743,7,vs_naribetf_510,0,0,8.9285
48744,7,vs_naribetf_511,0,0,13.8265
48745,7,vs_naribetf_512,0,0,6.0204
48746,7,vs_naribetf_516,0,0,4.5409
48747,7,vs_naribetf_513,0,0,6.7857
48748,7,vs_naribetf_514,0,0,12.1173
48749,7,vs_naribetf_515,0,0,8.0357
48750,7,vs_naribetf_494,0,0,9.5153
48751,7,vs_naribetf_496,0,0,7.0409
48752,7,vs_naribetf_497,0,0,10.9949
48753,7,vs_naribetf_498,0,0,9.0306
48754,7,vs_naribetf_499,0,0,9.0306
48755,7,vs_naribetf_507,0,0,7.6785
48756,7,vs_naribetf_508,0,0,7.1684
48757,7,vs_naribetf_509,0,0,6.9388
48758,7,vs_naribetf_500,0,0,8.0868
48759,7,vs_naribetf_501,0,0,14.4643
48760,7,vs_naribetf_502,0,0,9.7194
48761,7,vs_naribetf_503,0,0,12.7551
48762,7,vs_naribetf_504,0,0,10.4591
48763,7,vs_naribetf_505,0,0,10.3062
48764,7,vs_naribetf_506,0,0,12.0918
48765,7,vs_naribetf_495,0,0,8.4438
48766,7,vs_naribetf_530,0,0,7.1428
48767,7,vs_naribetf_531,0,0,9.6938
48768,7,vs_naribetf_532,0,0,7.0409
48769,7,vs_naribetf_576,0,0,13.2398
48770,7,vs_naribetf_490,0,0,2.9591
48771,7,vs_nmaugrim_056,0,0,9.3112
48772,7,vs_nmaugrim_057,0,0,10.4591
48773,7,vs_nmaugrim_058,0,0,13.5459
48774,7,vs_nmaugrim_055,0,0,3.3674
48775,7,vs_nmaugrim_054,0,0,5.6378
48800,7,vs_nshopkm2_057,0,0,8.5204
48809,7,vs_nshopkm2_056,0,0,2.8316
48983,7,vs_naribetf_602,0,0,6.4285
48984,7,vs_naribetf_603,0,0,8.4694
48985,7,vs_naribetf_630,0,0,4.5153
48986,7,vs_naribetf_604,0,0,6.301
48987,7,vs_naribetf_606,0,0,12.8062
48988,7,vs_naribetf_607,0,0,6.8878
48989,7,vs_naribetf_605,0,0,5.1785
48991,7,vs_naribetf_608,0,0,11.9388
48992,7,vs_naribetf_623,0,0,8.8521
48993,7,vs_naribetf_624,0,0,10.3316
48994,7,vs_naribetf_627,0,0,9.0306
48996,7,vs_naribetf_625,0,0,8.9031
48997,7,vs_naribetf_626,0,0,11.6326
48998,7,vs_naribetf_609,0,0,7.8062
48999,7,vs_naribetf_615,0,0,9.8215
49000,7,vs_naribetf_616,0,0,4.7959
49002,7,vs_naribetf_617,0,0,8.1122
49003,7,vs_naribetf_618,0,0,10.4591
49004,7,vs_naribetf_619,0,0,10.2041
49005,7,vs_naribetf_620,0,0,8.5204
49006,7,vs_naribetf_621,0,0,8.8521
49007,7,vs_naribetf_622,0,0,5.6122
49014,7,vs_nlizardm_050,0,0,4.6938
49015,7,vs_nmoragf_070,0,0,8.699
49016,7,vs_nmoragf_071,0,0,14.4388
49017,7,vs_nmoragf_074,0,0,12.7041
49018,7,vs_nmoragf_075,0,0,11.9898
49019,7,vs_nmoragf_073,0,0,9.4643
49020,7,vs_nmoragf_072,0,0,8.8521
49021,7,vs_nlizardm_053,0,0,6.0969
49022,7,vs_nlizardm_052,0,0,6.6837
49023,7,vs_nmoragf_076,0,0,10.6378
49024,7,vs_nmoragf_077,0,0,5.5102
49025,7,vs_nlizardm_051,0,0,5.6122
49032,7,vs_nmoragf_064,0,0,8.0612
49033,7,vs_nmoragf_069,0,0,9.7194
49034,7,vs_nmoragf_065,0,0,9.4132
49035,7,vs_nmoragf_066,0,0,11.6837
49036,7,vs_nmoragf_068,0,0,9.2091
49037,7,vs_nmoragf_067,0,0,18.698999
49048,7,vs_feltoorf_061,0,0,10.2041
49060,7,vs_folefm_059,0,0,9.0051
49061,7,vs_folefm_060,0,0,6.4541
49062,7,vs_folefm_061,0,0,7.2449
49359,7,vs_hhenchm1_051,0,0,1.9132
49360,7,vs_hhenchm1_066,0,0,7.1428
49362,7,vs_hhenchm1_053,0,0,6.1225
49363,7,vs_hhenchm1_054,0,0,1.301
49364,7,vs_hhenchm1_055,0,0,12.8316
49367,7,vs_hhenchm1_056,0,0,2.1938
49401,7,vs_hhenchm1_050,0,0,3.5969
49409,7,vs_hhenchm1_063,0,0,6.8878
49414,7,vs_hhenchm1_064,0,0,6.7091
49418,7,vs_hhenchm1_065,0,0,8.6225
49464,7,vs_nprelum1_051,0,0,4.2091
49465,7,vs_nprelum1_052,0,0,13.7755
49474,7,vs_nprelum1_053,0,0,15.5867
49495,7,vs_nprelum1_050,0,0,3.8775
49539,7,vs_nnwcomf1_052,0,0,4.1837
49541,7,vs_nnwcomf1_053,0,0,4.7704
49542,7,vs_nnwcomf1_050,0,0,4.1072
49569,7,vs_nnwcomf1_051,0,0,3.3163
49577,7,vs_nxxgrdm1_051,0,0,10.1785
49586,7,vs_nxxgrdm1_052,0,0,10.6122
49589,7,vs_nxxgrdm1_050,0,0,3.9285
49602,7,vs_nclerim3_050,0,0,0.0
49603,7,vs_nclerim3_059,0,0,8.5715
49604,7,vs_nclerim3_051,0,0,2.1684
49611,7,vs_nclerim3_054,0,0,3.5459
49612,7,vs_nclerim3_060,0,0,11.0204
49618,7,vs_nclerim3_052,0,0,3.3928
49619,7,vs_nclerim3_053,0,0,2.4745
49620,7,vs_nclerim3_058,0,0,4.7449
49622,7,vs_nclerim3_053,0,0,2.4745
49798,7,vs_nrangem1_057,0,0,1.6072
49799,7,vs_nrangem1_058,0,0,7.4745
49828,7,vs_nrangem1_059,0,0,6.6327
49834,7,vs_nrangem1_056,0,0,3.9031
49867,7,vs_nnwgrdm3_057,0,0,3.5459
49868,7,vs_nnwgrdm3_064,0,0,7.6275
49869,7,vs_nnwgrdm3_058,0,0,2.6275
49876,7,vs_nnwgrdm3_066,0,0,2.7551
49877,7,vs_nnwgrdm3_065,0,0,9.7449
49882,7,vs_nnwgrdm3_063,0,0,5.1021
49883,7,vs_nnwgrdm3_059,0,0,5.6378
49884,7,vs_nnwgrdm3_062,0,0,3.8521
49885,7,vs_nnwgrdm3_061,0,0,4.2602
49887,7,vs_nnwgrdm3_060,0,0,5.2296
50018,7,vs_nprelum2_050,0,0,3.8775
50019,7,vs_nprelum2_say,0,0,0.9949
50020,7,vs_nprelum2_055,0,0,12.5255
50024,7,vs_nprelum2_056,0,0,3.8521
50025,7,vs_nprelum2_054,0,0,6.5051
50027,7,vs_nprelum2_052,0,0,7.5765
50050,7,vs_nprelum2_053,0,0,6.199
50063,7,vs_nprelum2_051,0,0,6.6072
50196,7,vs_nprelum3_050,0,0,3.9541
50197,7,vs_nprelum3_say,0,0,1.6072
50198,7,vs_nprelum3_056,0,0,7.3469
50202,7,vs_nprelum3_055,0,0,7.3725
50203,7,vs_nprelum3_054,0,0,7.8062
50222,7,vs_nprelum3_053,0,0,7.8827
50246,7,vs_nprelum3_051,0,0,5.2296
50255,7,vs_nprelum3_052,0,0,7.9337
50360,7,vs_nprelum4_050,0,0,4.0816
50361,7,vs_nprelum4_say,0,0,1.9132
50362,7,vs_nprelum4_057,0,0,9.949
50366,7,vs_nprelum4_056,0,0,8.5969
50367,7,vs_nprelum4_054,0,0,11.0969
50369,7,vs_nprelum4_052,0,0,8.4184
50385,7,vs_nprelum4_055,0,0,5.3062
50412,7,vs_nprelum4_053,0,0,8.3928
50416,7,vs_nprelum4_051,0,0,4.3368
50625,7,vs_naribetf_275,0,0,7.0153
50626,7,vs_naribetf_276,0,0,8.5204
50627,7,vs_naribetf_278,0,0,6.0969
50628,7,vs_naribetf_251,0,0,3.3163
50629,7,vs_naribetf_250,0,0,1.2755
50630,7,vs_naribetf_260,0,0,5.1785
50631,7,vs_naribetf_252,0,0,7.6275
50632,7,vs_naribetf_253,0,0,6.9643
50633,7,vs_naribetf_255,0,0,9.7449
50634,7,vs_naribetf_256,0,0,9.4898
50635,7,vs_naribetf_257,0,0,9.2857
50636,7,vs_naribetf_258,0,0,7.551
50637,7,vs_naribetf_259,0,0,7.8062
50638,7,vs_naribetf_254,0,0,5.7653
50639,7,vs_naribetf_261,0,0,9.7704
50640,7,vs_naribetf_262,0,0,6.7091
50641,7,vs_naribetf_274,0,0,7.1938
50642,7,vs_naribetf_273,0,0,8.2909
50643,7,vs_naribetf_263,0,0,10.2806
50644,7,vs_naribetf_264,0,0,6.9898
50645,7,vs_naribetf_265,0,0,5.7909
50646,7,vs_naribetf_266,0,0,8.0868
50647,7,vs_naribetf_267,0,0,9.5409
50648,7,vs_naribetf_268,0,0,8.4438
50649,7,vs_naribetf_269,0,0,10.1021
50650,7,vs_naribetf_270,0,0,10.5868
50651,7,vs_naribetf_271,0,0,7.7041
50652,7,vs_naribetf_272,0,0,7.8827
50653,7,vs_naribetf_277,0,0,5.9949
50654,7,vs_naribetf_279,0,0,6.6072
50655,7,vs_nnwgrdm1_051,0,0,4.5918
50657,7,vs_nnwgrdm1_052,0,0,8.3928
50659,7,vs_nnwgrdm1_050,0,0,2.7296
50680,7,vs_nfanatm1_050,0,0,5.3316
50681,7,vs_nfanatm1_051,0,0,3.5459
50682,7,vs_nfanatm1_052,0,0,4.6938
50729,7,vs_hhenchm1_061,0,0,2.3725
50735,7,vs_hhenchm1_062,0,0,5.1785
50763,7,vs_hhenchm1_060,0,0,1.0969
50778,7,vs_nnwgrdm2_say,0,0,1.1735
50779,7,vs_nnwgrdm2_050,0,0,6.9388
50784,7,vs_nnwgrdm2_052,0,0,7.9082
50786,7,vs_nnwgrdm2_051,0,0,8.5459
50787,7,vs_nnwgrdm2_053,0,0,11.25
50800,7,vs_ndesthem_057,0,0,6.0969
50801,7,vs_nfenthim_091,0,0,6.6837
50802,7,vs_nfenthim_090,0,0,5.2806
50803,7,vs_ndesthem_055,0,0,6.25
50804,7,vs_ndesthem_056,0,0,7.5
50805,7,vs_nfenthim_088,0,0,8.0868
50806,7,vs_ndesthem_058,0,0,7.5
50807,7,vs_ndesthem_053,0,0,6.0969
50808,7,vs_nfenthim_089,0,0,9.4898
50809,7,vs_ndesthem_054,0,0,8.648
50810,7,vs_ndesthem_059,0,0,9.0306
50812,7,vs_nfenthim_051,0,0,0.0
50813,7,vs_ndesthem_051,0,0,0.0
50814,7,vs_ndesthem_052,0,0,0.0
50815,7,vs_nfenthim_050,0,0,8.2653
50856,7,vs_nfenthim_052,0,0,4.7959
50857,7,vs_nfenthim_053,0,0,8.0357
50858,7,vs_nfenthim_050,0,0,8.2653
50859,7,vs_ndesthem_050,0,0,0.0
50860,7,vs_nfenthim_051,0,0,0.0
50861,7,vs_ndesthem_051,0,0,0.0
50862,7,vs_ndesthem_052,0,0,0.0
50863,7,vs_nfenthim_054,0,0,6.2755
50864,7,vs_nfenthim_055,0,0,0.0
50865,7,vs_nfenthim_056,0,0,0.0
50866,7,vs_nfenthim_057,0,0,0.0
50867,7,vs_nfenthim_058,0,0,0.0
50868,7,vs_nfenthim_059,0,0,0.0
50869,7,vs_nfenthim_060,0,0,0.0
50870,7,vs_nfenthim_085,0,0,0.0
50871,7,vs_nfenthim_086,0,0,0.0
50872,7,vs_nfenthim_061,0,0,0.0
50873,7,vs_nfenthim_062,0,0,0.0
50874,7,vs_nfenthim_063,0,0,0.0
50875,7,vs_nfenthim_064,0,0,0.0
50876,7,vs_nfenthim_065,0,0,0.0
50877,7,vs_nfenthim_066,0,0,0.0
50878,7,vs_nfenthim_067,0,0,0.0
50879,7,vs_nfenthim_068,0,0,0.0
50880,7,vs_nfenthim_069,0,0,0.0
50881,7,vs_nfenthim_070,0,0,0.0
50882,7,vs_nfenthim_071,0,0,0.0
50883,7,vs_nfenthim_072,0,0,0.0
50884,7,vs_nfenthim_073,0,0,0.0
50885,7,vs_nfenthim_074,0,0,0.0
50886,7,vs_nfenthim_084,0,0,0.0
50887,7,vs_nfenthim_075,0,0,0.0
50888,7,vs_nfenthim_076,0,0,0.0
50889,7,vs_nfenthim_077,0,0,0.0
50890,7,vs_nfenthim_078,0,0,0.0
50891,7,vs_nfenthim_079,0,0,0.0
50892,7,vs_nfenthim_080,0,0,0.0
50893,7,vs_nfenthim_081,0,0,0.0
50894,7,vs_nfenthim_082,0,0,0.0
50895,7,vs_nfenthim_083,0,0,0.0
50896,7,vs_nfenthim_087,0,0,2.0918
50897,7,vs_ndesthem_059,0,0,9.0306
50907,7,vs_ngobkngm_053,0,0,1.9388
50908,7,vs_nnymphf_061,0,0,1.7857
50909,7,vs_ndesthem_156,0,0,1.8878
50910,7,vs_ngulnanf_061,0,0,4.6428
51030,7,vs_fAldoM_gard,0,0,3.0357
51039,7,vs_fAldoM_move,0,0,1.25
53725,7,vs_favhen6m_061,0,0,4.6428
53726,7,vs_favhen6m_060,0,0,7.2449
53729,7,vs_favhen6m_059,0,0,8.3418
53733,7,vs_favhen6m_058,0,0,8.5715
53734,7,vs_favhen6m_057,0,0,5.6888
53757,7,vs_favhen6m_056,0,0,6.0969
53774,7,vs_favhen6m_055,0,0,6.199
53776,7,vs_favhen6m_054,0,0,6.0204
53803,7,vs_favhen6m_053,0,0,4.0816
53812,7,vs_favhen6m_052,0,0,5.5357
53816,7,vs_favhen6m_051,0,0,6.8622
53840,7,vs_favhen6m_050,0,0,1.25
54455,7,vs_favhen5m_050,0,0,2.0918
54462,7,vs_favhen5m_051,0,0,8.8775
54498,7,vs_favhen5m_052,0,0,11.2755
54499,7,vs_favhen5m_054,0,0,13.3163
54500,7,vs_favhen5m_055,0,0,8.1632
54501,7,vs_favhen5m_053,0,0,11.9898
54502,7,vs_favhen5m_057,0,0,14.0306
54503,7,vs_favhen5m_056,0,0,11.6326
54504,7,vs_favhen5m_058,0,0,6.2755
54505,7,vs_favhen5m_060,0,0,7.1684
54506,7,vs_favhen5m_061,0,0,5.1275
54507,7,vs_favhen5m_059,0,0,15.0255
55299,7,vs_favhen1f_061,0,0,4.7704
55300,7,vs_favhen1f_060,0,0,9.5409
55303,7,vs_favhen1f_059,0,0,14.0816
55306,7,vs_favhen1f_058,0,0,7.1174
55307,7,vs_favhen1f_057,0,0,6.8368
55321,7,vs_favhen1f_056,0,0,7.8062
55341,7,vs_favhen1f_055,0,0,6.1225
55343,7,vs_favhen1f_054,0,0,11.5051
55366,7,vs_favhen1f_053,0,0,9.8725
55373,7,vs_favhen1f_052,0,0,3.75
55376,7,vs_favhen1f_051,0,0,7.6021
55413,7,vs_favhen1f_050,0,0,2.2959
56145,7,vs_favhen2f_050,0,0,2.0409
56152,7,vs_favhen2f_051,0,0,9.0306
56188,7,vs_favhen2f_052,0,0,2.3215
56189,7,vs_favhen2f_054,0,0,9.4643
56190,7,vs_favhen2f_055,0,0,4.4388
56191,7,vs_favhen2f_053,0,0,9.1327
56192,7,vs_favhen2f_057,0,0,10.3062
56193,7,vs_favhen2f_056,0,0,7.8827
56194,7,vs_favhen2f_058,0,0,5.5612
56195,7,vs_favhen2f_060,0,0,6.2245
56196,7,vs_favhen2f_061,0,0,2.1938
56197,7,vs_favhen2f_059,0,0,7.4745
56995,7,vs_naribetf_157,0,0,6.7091
56996,7,vs_naribetf_158,0,0,8.4438
56997,7,vs_naribetf_159,0,0,9.9745
56998,7,vs_naribetf_161,0,0,8.6735
56999,7,vs_naribetf_160,0,0,9.2347
57000,7,vs_naribetf_068,0,0,9.8215
57763,7,vs_hhenchm1_069,0,0,5.051
57785,7,vs_hhenchm1_068,0,0,8.2398
57795,7,vs_hhenchm1_067,0,0,7.7806
57796,7,vs_hhenchm1_050,0,0,3.5969
58410,7,vs_ngendm_576,0,0,10.3826
58411,7,vs_ngendm_572,0,0,12.7806
58412,7,vs_ngendm_573,0,0,8.6735
58413,7,vs_ngendm_574,0,0,8.0102
58414,7,vs_ngendm_575,0,0,17.908199
58415,7,vs_ngendm_585,0,0,2.2704
58416,7,vs_ngendm_584,0,0,5.7909
58417,7,vs_ngendm_239,0,0,9.6684
58418,7,vs_ngendm_240,0,0,8.0357
58419,7,vs_ngendm_301,0,0,10.4591
58420,7,vs_ngendm_583,0,0,8.0102
58421,7,vs_ngendm_302,0,0,8.6225
58422,7,vs_ngendm_303,0,0,12.6531
58423,7,vs_ngendm_304,0,0,9.3622
58424,7,vs_ngendm_579,0,0,7.9847
58425,7,vs_ngendm_581,0,0,10.0765
58426,7,vs_ngendm_582,0,0,3.9541
58427,7,vs_ngendm_580,0,0,12.0153
58428,7,vs_ngendm_578,0,0,5.6378
58429,7,vs_ngendm_307,0,0,5.8674
58430,7,vs_ngendm_308,0,0,11.0459
58431,7,vs_ngendm_577,0,0,9.6174
58432,7,vs_ngendm_306,0,0,7.2704
58433,7,vs_ngendm_305,0,0,12.8062
58624,7,vs_ndesthem_163,0,0,9.0816
58625,7,vs_ndesthem_162,0,0,7.8572
58626,7,vs_ndesthem_161,0,0,7.1428
58647,7,vs_ndesthem_160,0,0,9.0562
59423,7,vs_naribetf_489,0,0,5.9694
61524,7,vs_nprelum1_054,0,0,12.551
61582,7,vs_hhenchm1_059,0,0,7.6531
61583,7,vs_hhenchm1_059,0,0,7.6531
61588,7,vs_hhenchm1_059,0,0,7.6531
61594,7,vs_hhenchm1_060,0,0,1.0969
61598,7,vs_hhenchm1_070,0,0,11.199
61601,7,vs_hhenchm1_070,0,0,11.199
61978,7,vs_NARRATOR_050,0,0,0.0
61979,7,vs_NARRATOR_051,0,0,0.0
61980,7,vs_NARRATOR_052,0,0,0.0
61981,7,vs_NARRATOR_053,0,0,0.0
61982,7,vs_NARRATOR_054,0,0,0.0
61983,7,vs_NARRATOR_055,0,0,0.0
61984,7,vs_NARRATOR_056,0,0,0.0
61988,7,vs_NARRATOR_057,0,0,0.0
61989,7,vs_NARRATOR_058,0,0,0.0
61990,7,vs_NARRATOR_059,0,0,0.0
61991,7,vs_NARRATOR_060,0,0,0.0
61992,7,vs_NARRATOR_061,0,0,0.0
61993,7,vs_NARRATOR_062,0,0,0.0
61994,7,vs_NARRATOR_063,0,0,0.0
61995,7,vs_NARRATOR_064,0,0,0.0
61996,7,vs_NARRATOR_064,0,0,0.0
61997,7,vs_NARRATOR_065,0,0,0.0
61998,7,vs_NARRATOR_066,0,0,0.0
61999,7,vs_NARRATOR_067,0,0,0.0
62000,7,vs_NARRATOR_068,0,0,0.0
62001,7,vs_NARRATOR_069,0,0,0.0
62002,7,vs_NARRATOR_070,0,0,0.0
62003,7,vs_NARRATOR_071,0,0,0.0
62004,7,vs_NARRATOR_072,0,0,0.0
62005,7,vs_NARRATOR_073,0,0,0.0
62006,7,vs_NARRATOR_074,0,0,0.0
62007,7,vs_NARRATOR_075,0,0,0.0
62008,7,vs_NARRATOR_076,0,0,0.0
62009,7,vs_NARRATOR_077,0,0,0.0
63848,7,vs_ngendm_592,0,0,12.2704
63849,7,vs_ngendm_593,0,0,8.5204
63850,7,vs_ngendm_594,0,0,10.7653
63852,7,vs_ngendm_141,0,0,3.3418
63854,7,vs_ngendm_586,0,0,8.0868
63855,7,vs_ngendm_587,0,0,12.5
63856,7,vs_ngendm_588,0,0,12.1173
63857,7,vs_ngendm_589,0,0,8.2398
63858,7,vs_ngendm_590,0,0,11.0204
63859,7,vs_ngendm_591,0,0,8.5204
65168,7,vs_naribetf_313,0,0,2.3215
65169,7,vs_naribetf_640,0,0,7.4745
65170,7,vs_naribetf_639,0,0,6.9898
65171,7,vs_naribetf_635,0,0,7.6785
65172,7,vs_naribetf_637,0,0,12.2959
65173,7,vs_naribetf_638,0,0,11.2245
65174,7,vs_naribetf_636,0,0,9.1582
65175,7,vs_naribetf_634,0,0,5.7143
65176,7,vs_naribetf_633,0,0,6.2755
65177,7,vs_naribetf_314,0,0,7.8572
65178,7,vs_naribetf_315,0,0,8.5969
65179,7,vs_naribetf_631,0,0,9.2347
65180,7,vs_naribetf_632,0,0,2.1684
66427,7,vs_nhaedraf_171,0,0,24.183701
66432,7,vs_nhaedraf_172,0,0,17.4235
66441,7,vs_nhaedraf_173,0,0,22.448999
66442,7,vs_nhaedraf_174,0,0,22.908199
66443,7,vs_nhaedraf_175,0,0,25.790899
66448,7,vs_nhaedraf_176,0,0,20.510201
66449,7,vs_nhaedraf_177,0,0,15.6632
66450,7,vs_nhaedraf_178,0,0,22.6021
66457,7,vs_nhaedraf_179,0,0,22.117399
66458,7,vs_nhaedraf_180,0,0,18.5459
66459,7,vs_nhaedraf_183,0,0,18.341801
66460,7,vs_nhaedraf_188,0,0,23.316299
66461,7,vs_nhaedraf_181,0,0,21.683701
66462,7,vs_nhaedraf_182,0,0,22.142799
66467,7,vs_nhaedraf_184,0,0,21.198999
66468,7,vs_nhaedraf_185,0,0,11.5562
66469,7,vs_nhaedraf_186,0,0,11.4796
66470,7,vs_nhaedraf_187,0,0,18.903099
66473,7,vs_nhaedraf_189,0,0,23.0357
66474,7,vs_nhaedraf_190,0,0,7.8572
66475,7,vs_nhaedraf_191,0,0,16.658199
66476,7,vs_nhaedraf_192,0,0,22.4235
68324,7,vs_nnwcomf1_054,0,0,9.1582
69932,7,c_kobold_slct,0,0,1.2245
70367,7,vs_favhen3m_hi,0,0,1.3521
70421,7,as_an_crynight2,0,0,0.0
70424,7,as_an_crynight1,0,0,0.0
70432,7,as_an_crynight2,0,0,0.0
70916,7,vs_nx0deekm_haha,0,0,1.0715
71133,7,vs_nx0katrf_051,0,0,7.449
71191,7,vs_nx0katrf_050,0,0,6.8112
71192,7,vs_nx0katrf_052,0,0,3.9031
71193,7,vs_nx0katrf_053,0,0,8.4949
71198,7,vs_nx0katrf_054,0,0,5.6122
71199,7,vs_nx0katrf_055,0,0,6.6327
71200,7,vs_nx0katrf_056,0,0,7.7806
71212,7,vs_nx0katrf_057,0,0,6.5306
71214,7,vs_nx0katrf_058,0,0,5.9694
71278,7,gui_picklockfail,0,0,0.3456
71451,7,as_an_ratsqueak1,0,0,0.0
71452,7,as_an_ratsqueak3,0,0,0.0
71454,7,as_an_ratsqueak1,0,0,0.0
71455,7,as_an_ratsqueak2,0,0,0.0
71456,7,as_an_ratsqueak1,0,0,0.0
71457,7,as_an_ratsqueak3,0,0,0.0
71458,7,as_an_ratsqueak3,0,0,0.0
71530,7,as_an_dogbark1,0,0,0.0
72056,7,c_bear_atk3,0,0,0.9949
72595,7,al_mg_crystalic1,0,0,0.0
72596,7,c_willwisp_slct,0,0,1.1225
72597,7,sco_mehanodd03,0,0,0.0
72598,7,c_willwisp_slct,0,0,1.1225
72599,7,al_mg_beaker1,0,0,0.0
72600,7,al_mg_crystalgd1,0,0,0.0118
72601,7,c_willwisp_death,0,0,1.25
72602,7,al_mg_crystalnt1,0,0,0.012
72603,7,c_willwisp_bat1,0,0,3.1378
72604,7,c_willwisp_bat1,0,0,3.1378
72605,7,c_willwisp_death,0,0,1.25
72606,7,sdr_mindhelp,0,0,0.0
72617,7,al_mg_crystalic1,0,0,0.0
72618,7,c_willwisp_slct,0,0,1.1225
72619,7,sco_mehanodd03,0,0,0.0
72620,7,c_willwisp_slct,0,0,1.1225
72621,7,al_mg_beaker1,0,0,0.0
72622,7,al_mg_crystalgd1,0,0,0.0118
72623,7,c_willwisp_death,0,0,1.25
72624,7,al_mg_crystalnt1,0,0,0.012
72625,7,c_willwisp_bat1,0,0,3.1378
72626,7,c_willwisp_bat1,0,0,3.1378
72627,7,c_willwisp_death,0,0,1.25
72628,7,sdr_mindhelp,0,0,0.0
72867,7,vs_nx0jnahf_050,0,0,12.5765
72868,7,vs_nx0jnahf_051,0,0,13.1888
72913,7,vs_nx0jnahf_052,0,0,9.1837
72914,7,vs_nx0jnahf_053,0,0,7.5765
72993,7,vs_nx0jnahf_054,0,0,3.4949
73002,7,vs_nx0jnahf_055,0,0,12.6531
73003,7,vs_nx0jnahf_056,0,0,9.7194
73251,7,vs_nx0tymom_055,0,0,14.5408
73252,7,vs_nx0tymom_056,0,0,12.0153
73267,7,vs_nx0tymom_054,0,0,13.0867
73275,7,vs_nx0tymom_053,0,0,13.9285
73290,7,vs_nx0tymom_059,0,0,13.9031
73291,7,vs_nx0tymom_061,0,0,12.6275
73341,7,vs_nx0tymom_060,0,0,16.632601
73355,7,vs_nx0tymom_052,0,0,12.0153
73356,7,vs_nx0tymom_051,0,0,4.5918
73358,7,vs_nx0tymom_050,0,0,9.7194
73359,7,vs_nx0tymom_057,0,0,7.1428
73372,7,vs_nx0tymom_058,0,0,19.489799
73519,7,vs_nx0tymom_057,0,0,7.1428
73706,7,as_cv_ropepully2,0,0,0.0
73728,7,vs_nx0deekm_057,0,0,8.3674
73737,7,vs_nx0deekm_058,0,0,11.5306
73738,7,vs_nx0deekm_059,0,0,7.551
73745,7,vs_nx0deekm_061,0,0,15.8928
73746,7,vs_nx0deekm_060,0,0,12.6275
73830,7,vs_nx0deekm_050,0,0,5.6378
73831,7,vs_nx0deekm_051,0,0,9.8979
73887,7,vs_nx0deekm_052,0,0,9.0051
73890,7,vs_nx0deekm_053,0,0,8.4949
73891,7,vs_nx0deekm_054,0,0,7.2704
73895,7,vs_nx0deekm_055,0,0,3.5459
73900,7,vs_nx0deekm_056,0,0,10.6378
74430,7,vs_nx0ayalf_054,0,0,3.5204
74431,7,vs_nx0drogm_051,0,0,9.5153
74432,7,vs_nx0ayalf_055,0,0,5.3316
74434,7,vs_nx0drogm_052,0,0,5.5357
74488,7,vs_nx0ayalf_052,0,0,8.4184
74489,7,vs_nx0ayalf_053,0,0,9.6684
74508,7,vs_nx0drogm_050,0,0,4.1581
74509,7,vs_nx0dornf_052,0,0,1.7091
74512,7,vs_nx0ayalf_050,0,0,8.2143
74513,7,vs_nx0ayalf_051,0,0,6.6327
74514,7,vs_nx0ayalf_056,0,0,2.0409
74612,7,vs_nx0ayalf_059,0,0,4.7449
74613,7,vs_nx0ayalf_060,0,0,6.2755
74717,7,vs_nx0drogm_053,0,0,9.3112
74718,7,vs_nx0ayalf_057,0,0,8.1888
74719,7,vs_nx0drogm_054,0,0,12.9591
74720,7,vs_nx0ayalf_058,0,0,5.4847
74721,7,vs_nx0drogm_055,0,0,13.2653
74752,7,vs_nx0drogm_056,0,0,9.2602
74753,7,vs_nx0drogm_058,0,0,4.5153
74754,7,vs_nx0drogm_059,0,0,9.0816
74755,7,vs_nx0drogm_057,0,0,10.9949
74760,7,vs_nx0drogm_060,0,0,11.1225
74761,7,vs_nx0drogm_061,0,0,3.6479
74792,7,vs_nx0xanom_050,0,0,7.1428
74793,7,vs_nx0mishf_050,0,0,4.1837
74794,7,vs_nx0xanom_051,0,0,13.6225
74795,7,vs_nx0dornf_050,0,0,7.0918
74796,7,vs_nx0xanom_052,0,0,7.9847
74797,7,vs_nx0mishf_051,0,0,8.9285
74853,7,vs_nx0mishf_054,0,0,6.5306
74854,7,vs_nx0xanom_053,0,0,9.6174
74855,7,vs_nx0dornf_051,0,0,5.3316
74856,7,vs_nx0mishf_052,0,0,7.7806
74859,7,vs_nx0mishf_053,0,0,8.2143
75951,7,vs_nx0asabm_064,0,0,4.3368
75952,7,vs_nx0asabm_065,0,0,5.3316
75953,7,vs_nx0asabm_066,0,0,4.8979
75954,7,vs_nx0asabm_067,0,0,5.2041
75955,7,vs_nx0asabm_068,0,0,5.2806
75956,7,vs_nx0asabm_069,0,0,4.4898
75957,7,vs_nx0asabm_070,0,0,4.3368
75958,6,vs_nx0asabm_haha,0,0,5.2806
75959,6,vs_nx0asabm_atk1,0,0,1.199
75960,6,vs_nx0asabm_atk2,0,0,2.6531
75961,6,vs_nx0asabm_atk3,0,0,1.2245
75962,6,vs_nx0asabm_hit1,0,0,0.8163
75963,6,vs_nx0asabm_hit2,0,0,1.5051
75964,6,vs_nx0asabm_hit3,0,0,0.9694
75965,6,vs_nx0asabm_dead,0,0,3.9285
75968,7,vs_nx0katrf_060,0,0,5.5357
75969,7,vs_nx0ashtm_062,0,0,12.5255
75970,7,vs_nx0ashtm_063,0,0,8.1122
75971,7,vs_nx0ashtm_064,0,0,18.596901
75972,7,vs_nx0ashtm_065,0,0,13.3163
75973,7,vs_nx0deekm_062,0,0,11.4285
75974,7,vs_nx0deekm_063,0,0,12.2449
75975,7,vs_nx0deekm_064,0,0,1.4541
75976,7,vs_nx0deekm_065,0,0,9.2602
75977,7,vs_nx0deekm_066,0,0,12.7041
75978,7,vs_nx0deekm_067,0,0,8.0357
75979,7,vs_nx0deekm_068,0,0,2.0153
75980,7,vs_nx0deekm_069,0,0,3.6479
75981,7,vs_nx0deekm_070,0,0,1.5051
75982,7,vs_nx0deekm_071,0,0,5.5612
75983,7,vs_nx0deekm_072,0,0,8.7245
75984,7,vs_nx0dornf_attk,0,0,2.5255
75985,7,vs_nx0dornf_053,0,0,1.5816
75986,7,vs_nx0dornf_054,0,0,4.9745
75987,7,vs_nx0dornf_055,0,0,4.4388
75988,7,vs_nx0dornf_056,0,0,1.6072
75989,7,vs_nx0dornf_057,0,0,5.9184
75990,7,vs_nx0dornf_058,0,0,10.3572
75991,7,vs_nx0dornf_059,0,0,11.8878
75992,7,vs_nx0dornf_060,0,0,4.1837
75993,7,vs_nx0dornf_061,0,0,2.9591
75994,7,vs_nx0dornf_062,0,0,5.4081
75995,7,vs_nx0dornf_063,0,0,6.6581
75996,7,vs_nx0dornf_064,0,0,6.5051
75997,7,vs_nx0dornf_065,0,0,3.6479
75998,7,vs_nx0dornf_065,0,0,3.6479
75999,7,vs_nx0drogm_062,0,0,10.3062
76000,7,vs_nx0drogm_063,0,0,4.8215
76001,7,vs_nx0drogm_064,0,0,4.5918
76002,7,vs_nx0drogm_065,0,0,6.6072
76003,7,vs_nx0drogm_066,0,0,11.9898
76004,7,vs_nx0drogm_067,0,0,9.0051
76005,7,vs_nx0drogm_068,0,0,11.9898
76006,7,vs_nx0drogm_069,0,0,11.8112
76007,7,vs_nx0drogm_070,0,0,15.2551
76008,7,vs_nx0drogm_071,0,0,12.7041
76009,7,vs_nx0drogm_072,0,0,7.6785
76010,7,vs_nx0drogm_073,0,0,11.0969
76011,7,vs_nx0drogm_074,0,0,10.1785
76012,7,vs_nx0drogm_075,0,0,7.7296
76013,7,vs_nx0drogm_076,0,0,11.1225
76014,7,vs_nx0drogm_077,0,0,4.8215
76015,7,vs_nx0drogm_078,0,0,7.1684
76016,7,vs_nx0drogm_079,0,0,2.1684
76017,7,vs_nx0drogm_080,0,0,12.5255
76018,7,vs_nx0drogm_081,0,0,11.0459
76019,7,vs_nx0drogm_082,0,0,11.25
76020,7,vs_nx0drogm_083,0,0,9.3622
76021,7,vs_nx0drogm_084,0,0,8.7245
76022,7,vs_nx0heurf_050,0,0,18.8265
76023,7,vs_nx0heurf_051,0,0,26.6327
76024,7,vs_nx0heurf_052,0,0,23.0868
76025,7,vs_nx0heurf_053,0,0,27.372499
76026,7,vs_nx0heurf_053,0,0,27.372499
76027,7,vs_nx0heurf_055,0,0,17.601999
76028,7,vs_nx0heurf_056,0,0,22.066299
76029,7,vs_nx0heurf_057,0,0,9.1072
76030,7,vs_nx0heurf_058,0,0,5.8163
76031,7,vs_nx0heurf_059,0,0,13.9031
76032,7,vs_nx0heurf_060,0,0,17.857201
76033,7,vs_nx0heurf_061,0,0,18.801001
76034,7,vs_nx0heurf_062,0,0,17.5
76035,7,vs_nx0heurf_063,0,0,8.5204
76036,7,vs_nx0heurf_064,0,0,18.1378
76037,7,vs_nx0heurf_065,0,0,20.2041
76038,7,vs_nx0heurf_066,0,0,22.7041
76039,7,vs_nx0katrf_059,0,0,7.1174
76040,7,vs_nx0katrf_061,0,0,2.8062
76041,7,vs_nx0katrf_062,0,0,9.0816
76042,7,vs_nx0katrf_063,0,0,5.0765
76043,7,vs_nx0katrf_064,0,0,11.5306
76044,7,vs_nx0katrf_065,0,0,10.8163
76045,7,vs_nx0katrf_066,0,0,3.8265
76046,7,vs_nx0katrf_067,0,0,12.449
76047,7,vs_nx0katrf_068,0,0,10.9694
76048,7,vs_nx0katrf_069,0,0,10.0
76049,7,vs_nx0mishf_055,0,0,2.7041
76050,7,vs_nx0xanom_054,0,0,3.2653
76051,7,vs_nx0xanom_055,0,0,8.2653
76052,7,vs_nx0xanom_056,0,0,6.6837
76053,7,vs_nx0xanom_057,0,0,2.1938
76054,7,vs_nx0xanom_058,0,0,9.8725
76055,7,vs_nx0xanom_059,0,0,10.1275
76056,7,vs_nx0xanom_060,0,0,11.2245
76057,7,vs_nx0xanom_061,0,0,5.2041
76058,7,vs_nx0xanom_062,0,0,1.8368
76059,7,vs_nx0xanom_063,0,0,5.8163
76060,7,vs_nx0xanom_064,0,0,7.9081
76061,7,vs_nx0xanom_065,0,0,6.4031
76062,7,vs_nx0xanom_066,0,0,5.0255
76063,7,vs_nx0xanom_067,0,0,4.6428
76065,7,vs_nx0ashtm_bat1,0,0,2.6785
76067,7,vs_nx0ashtm_bat3,0,0,4.0562
76069,7,vs_nx0ashtm_help,0,0,4.1581
76073,6,vs_nx0ashtm_hit1,0,0,1.6581
76074,6,vs_nx0ashtm_hit2,0,0,1.1479
76075,6,vs_nx0ashtm_hit3,0,0,1.0459
76076,6,vs_nx0ashtm_dead,0,0,3.801
76077,7,vs_nx0ashtm_hi,0,0,3.8521
76078,7,vs_nx0ashtm_yes,0,0,3.0102
76079,7,vs_nx0ashtm_no,0,0,1.9132
76081,6,vs_nx0ashtm_haha,0,0,2.3725
76083,7,vs_nx0ashtm_say,0,0,2.8062
76086,7,vs_nx0ayalf_bat1,0,0,2.4235
76087,7,vs_nx0ayalf_bat2,0,0,2.3979
76088,7,vs_nx0ayalf_bat3,0,0,2.1938
76089,7,vs_nx0ayalf_heal,0,0,1.7347
76090,7,vs_nx0ayalf_help,0,0,2.2704
76091,6,vs_nx0ayalf_atk1,0,0,0.4081
76092,6,vs_nx0ayalf_atk2,0,0,0.7398
76093,6,vs_nx0ayalf_atk3,0,0,0.5612
76094,6,vs_nx0ayalf_hit1,0,0,0.3826
76095,6,vs_nx0ayalf_hit2,0,0,0.5357
76096,6,vs_nx0ayalf_hit3,0,0,0.3826
76097,7,vs_nx0ayalf_dead,0,0,2.5765
76098,7,vs_nx0ayalf_hi,0,0,1.199
76099,7,vs_nx0ayalf_yes,0,0,0.5102
76100,7,vs_nx0ayalf_no,0,0,0.4081
76101,7,vs_nx0ayalf_bye,0,0,1.199
76102,6,vs_nx0ayalf_haha,0,0,1.1225
76105,7,vs_nx0ayalf_warn,0,0,2.8826
76106,7,vs_nx0deekm_attk,0,0,3.5715
76107,7,vs_nx0deekm_bat1,0,0,2.6531
76108,6,vs_nx0deekm_bat2,0,0,3.1378
76109,7,vs_nx0deekm_bat3,0,0,1.4031
76110,7,vs_nx0deekm_heal,0,0,3.8521
76111,7,vs_nx0deekm_help,0,0,5.4081
76112,7,vs_nx0deekm_enmy,0,0,1.9132
76113,7,vs_nx0deekm_flee,0,0,3.4438
76115,7,vs_nx0deekm_gard,0,0,1.8368
76116,7,vs_nx0deekm_hold,0,0,2.9081
76117,6,vs_nx0deekm_atk1,0,0,1.301
76118,6,vs_nx0deekm_atk2,0,0,0.6378
76119,6,vs_nx0deekm_atk3,0,0,1.199
76120,6,vs_nx0deekm_hit1,0,0,0.6378
76121,6,vs_nx0deekm_hit2,0,0,1.5562
76122,6,vs_nx0deekm_hit3,0,0,1.4285
76123,7,vs_nx0deekm_dyin,0,0,5.5102
76125,7,vs_nx0deekm_sick,0,0,5.5102
76126,7,vs_nx0deekm_spel,0,0,3.6225
76127,7,vs_nx0deekm_inff,0,0,4.5918
76128,7,vs_nx0deekm_foll,0,0,2.5
76129,7,vs_nx0deekm_look,0,0,1.6326
76130,7,vs_nx0deekm_grup,0,0,2.1428
76131,7,vs_nx0deekm_move,0,0,5.3316
76132,7,vs_nx0deekm_pick,0,0,3.8265
76133,7,vs_nx0deekm_srch,0,0,4.9235
76134,7,vs_nx0deekm_hide,0,0,4.1581
76137,7,vs_nx0deekm_done,0,0,1.1479
76138,7,vs_nx0deekm_encm,0,0,8.3418
76139,7,vs_nx0deekm_slct,0,0,0.9184
76140,7,vs_nx0deekm_hi,0,0,2.7041
76141,7,vs_nx0deekm_yes,0,0,0.8674
76142,7,vs_nx0deekm_no,0,0,0.4847
76143,7,vs_nx0deekm_stop,0,0,1.2755
76145,7,vs_nx0deekm_bore,0,0,4.2347
76146,7,vs_nx0deekm_bye,0,0,4.5918
76147,7,vs_nx0deekm_thnx,0,0,1.9898
76148,6,vs_nx0deekm_haha,0,0,1.0715
76149,7,vs_nx0deekm_cuss,0,0,3.2653
76150,7,vs_nx0deekm_vict,0,0,2.8826
76151,7,vs_nx0deekm_say,0,0,2.8062
76152,7,vs_nx0deekm_good,0,0,2.5
76154,7,vs_nx0deekm_warn,0,0,4.4132
76155,7,vs_nx0dornf_attk,0,0,2.5255
76156,6,vs_nx0dornf_bat1,0,0,2.1174
76157,7,vs_nx0dornf_bat2,0,0,3.2398
76158,7,vs_nx0dornf_bat3,0,0,1.9898
76159,7,vs_nx0dornf_heal,0,0,2.0663
76160,7,vs_nx0dornf_help,0,0,1.4541
76161,7,vs_nx0dornf_enmy,0,0,1.9898
76162,7,vs_nx0dornf_flee,0,0,2.1938
76163,7,vs_nx0dornf_tant,0,0,2.2959
76164,7,vs_nx0dornf_gard,0,0,1.3265
76166,6,vs_nx0dornf_atk1,0,0,1.0715
76167,6,vs_nx0dornf_atk2,0,0,0.9438
76168,6,vs_nx0dornf_atk3,0,0,1.0969
76169,6,vs_nx0dornf_hit1,0,0,0.8163
76170,6,vs_nx0dornf_hit2,0,0,1.1735
76171,6,vs_nx0dornf_hit3,0,0,1.4541
76172,7,vs_nx0dornf_dyin,0,0,3.9541
76173,6,vs_nx0dornf_dead,0,0,4.0816
76174,7,vs_nx0dornf_sick,0,0,2.8316
76175,7,vs_nx0dornf_spel,0,0,2.7806
76176,7,vs_nx0dornf_inff,0,0,2.2704
76177,7,vs_nx0dornf_foll,0,0,1.8878
76178,7,vs_nx0dornf_look,0,0,2.7551
76179,7,vs_nx0dornf_grup,0,0,1.8622
76180,7,vs_nx0dornf_move,0,0,2.2704
76181,7,vs_nx0dornf_pick,0,0,1.5051
76183,7,vs_nx0dornf_hide,0,0,4.4388
76184,7,vs_nx0dornf_can,0,0,1.3265
76185,7,vs_nx0dornf_cant,0,0,1.1479
76186,7,vs_nx0dornf_done,0,0,1.4031
76187,7,vs_nx0dornf_encm,0,0,3.4694
76188,7,vs_nx0dornf_slct,0,0,0.9438
76189,7,vs_nx0dornf_hi,0,0,1.25
76190,7,vs_nx0dornf_yes,0,0,1.5306
76191,7,vs_nx0dornf_no,0,0,1.4541
76192,7,vs_nx0dornf_stop,0,0,2.551
76193,7,vs_nx0dornf_rest,0,0,2.4745
76194,7,vs_nx0dornf_bore,0,0,3.4694
76195,7,vs_nx0dornf_bye,0,0,1.6072
76196,7,vs_nx0dornf_thnx,0,0,1.4796
76197,6,vs_nx0dornf_haha,0,0,2.7041
76198,7,vs_nx0dornf_cuss,0,0,2.0918
76199,7,vs_nx0dornf_vict,0,0,2.8316
76200,7,vs_nx0dornf_say,0,0,3.0357
76201,7,vs_nx0dornf_good,0,0,2.3469
76202,7,vs_nx0dornf_bad,0,0,1.25
76203,7,vs_nx0dornf_warn,0,0,4.4388
76204,7,vs_nx0drogm_attk,0,0,3.6479
76205,7,vs_nx0drogm_bat1,0,0,1.25
76206,7,vs_nx0drogm_bat2,0,0,2.3979
76207,7,vs_nx0drogm_bat3,0,0,2.7296
76208,7,vs_nx0drogm_heal,0,0,2.2449
76209,7,vs_nx0drogm_help,0,0,1.6837
76210,6,vs_nx0drogm_atk1,0,0,0.4081
76211,6,vs_nx0drogm_atk2,0,0,0.3826
76212,6,vs_nx0drogm_atk3,0,0,1.1479
76213,6,vs_nx0drogm_hit1,0,0,0.6888
76214,6,vs_nx0drogm_hit2,0,0,0.7653
76215,6,vs_nx0drogm_hit3,0,0,1.0969
76216,7,vs_nx0drogm_hit3,0,0,1.0969
76217,7,vs_nx0drogm_hi,0,0,1.25
76218,7,vs_nx0drogm_yes,0,0,0.7398
76219,7,vs_nx0drogm_no,0,0,1.3775
76220,7,vs_nx0drogm_bye,0,0,1.1735
76221,6,vs_nx0drogm_haha,0,0,2.2194
76222,7,vs_nx0drogm_vict,0,0,2.4745
76223,7,vs_nx0drogm_say,0,0,3.5459
76224,7,vs_nx0drogm_warn,0,0,5.2806
76225,7,vs_nx0heurf_attk,0,0,3.1632
76226,7,vs_nx0heurf_bat1,0,0,2.8062
76227,7,vs_nx0heurf_bat2,0,0,4.3878
76228,7,vs_nx0heurf_bat3,0,0,3.6479
76229,7,vs_nx0heurf_heal,0,0,3.1632
76230,7,vs_nx0heurf_help,0,0,4.7194
76231,6,vs_nx0heurf_atk1,0,0,6.199
76232,6,vs_nx0heurf_atk2,0,0,1.9132
76233,6,vs_nx0heurf_atk3,0,0,2.3725
76234,6,vs_nx0heurf_hit1,0,0,2.0918
76235,6,vs_nx0heurf_hit2,0,0,2.2704
76236,6,vs_nx0heurf_hit3,0,0,3.4694
76237,6,vs_nx0heurf_dead,0,0,4.1072
76238,7,vs_nx0heurf_hi,0,0,4.8215
76239,7,vs_nx0heurf_yes,0,0,1.6326
76240,7,vs_nx0heurf_no,0,0,1.3775
76241,7,vs_nx0heurf_bye,0,0,4.7194
76242,6,vs_nx0heurf_haha,0,0,4.8469
76243,7,vs_nx0heurf_vict,0,0,2.7806
76244,7,vs_nx0heurf_say,0,0,3.1632
76245,7,vs_nx0heurf_warn,0,0,4.9745
76246,7,vs_nx0jnahf_attk,0,0,2.551
76247,7,vs_nx0jnahf_bat1,0,0,3.5969
76248,7,vs_nx0jnahf_bat2,0,0,1.7091
76249,7,vs_nx0jnahf_bat3,0,0,4.1326
76250,7,vs_nx0jnahf_heal,0,0,2.9081
76251,7,vs_nx0jnahf_help,0,0,3.6479
76252,6,vs_nx0jnahf_atk1,0,0,0.7143
76253,6,vs_nx0jnahf_atk2,0,0,2.0409
76254,6,vs_nx0jnahf_atk3,0,0,1.4031
76255,6,vs_nx0jnahf_hit1,0,0,0.8418
76256,6,vs_nx0jnahf_hit2,0,0,0.9184
76257,6,vs_nx0jnahf_hit3,0,0,1.199
76258,6,vs_nx0jnahf_dead,0,0,2.8316
76259,7,vs_nx0jnahf_hi,0,0,3.6479
76260,7,vs_nx0jnahf_yes,0,0,1.9132
76261,7,vs_nx0jnahf_no,0,0,1.7091
76262,7,vs_nx0jnahf_bye,0,0,3.3928
76263,6,vs_nx0jnahf_haha,0,0,2.6531
76264,7,vs_nx0jnahf_vict,0,0,2.9591
76265,7,vs_nx0jnahf_say,0,0,3.75
76266,7,vs_nx0jnahf_warn,0,0,4.6684
76267,7,vs_nx0katrf_attk,0,0,2.6021
76268,7,vs_nx0katrf_bat1,0,0,2.0918
76269,7,vs_nx0katrf_bat2,0,0,2.4235
76270,6,vs_nx0katrf_bat3,0,0,1.6837
76271,7,vs_nx0katrf_heal,0,0,2.5
76272,7,vs_nx0katrf_help,0,0,2.0409
76273,6,vs_nx0katrf_atk1,0,0,0.8163
76274,6,vs_nx0katrf_atk2,0,0,1.25
76275,6,vs_nx0katrf_atk3,0,0,0.6122
76276,6,vs_nx0katrf_hit1,0,0,1.3265
76277,6,vs_nx0katrf_hit2,0,0,1.1479
76278,6,vs_nx0katrf_hit3,0,0,1.6581
76279,6,vs_nx0katrf_dead,0,0,4.4132
76280,7,vs_nx0katrf_hi,0,0,1.5816
76281,7,vs_nx0katrf_yes,0,0,1.25
76282,7,vs_nx0katrf_no,0,0,1.6072
76283,7,vs_nx0katrf_bye,0,0,1.5816
76287,7,vs_nx0katrf_warn,0,0,3.9031
76288,7,vs_nx0mishf_attk,0,0,2.9337
76289,7,vs_nx0mishf_bat1,0,0,2.3469
76290,7,vs_nx0mishf_bat2,0,0,1.5051
76291,7,vs_nx0mishf_bat3,0,0,1.9898
76292,7,vs_nx0mishf_heal,0,0,2.3469
76293,7,vs_nx0mishf_help,0,0,2.0409
76294,6,vs_nx0mishf_atk1,0,0,0.7909
76295,6,vs_nx0mishf_atk2,0,0,0.8418
76296,6,vs_nx0mishf_atk3,0,0,0.8928
76297,6,vs_nx0mishf_hit1,0,0,1.0459
76298,6,vs_nx0mishf_hit2,0,0,0.9949
76299,6,vs_nx0mishf_hit3,0,0,0.8163
76300,7,vs_nx0mishf_dead,0,0,1.4796
76301,7,vs_nx0mishf_hi,0,0,1.3265
76302,7,vs_nx0mishf_yes,0,0,0.9949
76303,7,vs_nx0mishf_no,0,0,0.5102
76304,7,vs_nx0mishf_bye,0,0,3.3928
76305,6,vs_nx0mishf_haha,0,0,1.0459
76306,7,vs_nx0mishf_vict,0,0,2.1428
76307,7,vs_nx0mishf_say,0,0,1.8622
76308,7,vs_nx0mishf_warn,0,0,1.9898
76309,7,vs_nx0tymom_attk,0,0,2.9081
76310,7,vs_nx0tymom_bat1,0,0,3.4184
76311,6,vs_nx0tymom_bat2,0,0,2.3979
76312,7,vs_nx0tymom_bat3,0,0,2.6785
76313,7,vs_nx0tymom_heal,0,0,3.9031
76314,7,vs_nx0tymom_help,0,0,2.6275
76315,6,vs_nx0tymom_atk1,0,0,3.1122
76316,6,vs_nx0tymom_atk2,0,0,3.8775
76317,6,vs_nx0tymom_atk3,0,0,1.0715
76318,6,vs_nx0tymom_hit1,0,0,1.6072
76319,6,vs_nx0tymom_hit2,0,0,2.3725
76320,6,vs_nx0tymom_hit3,0,0,1.5562
76321,6,vs_nx0tymom_dead,0,0,4.9235
76322,7,vs_nx0tymom_hi,0,0,3.9796
76323,7,vs_nx0tymom_yes,0,0,3.0612
76324,7,vs_nx0tymom_no,0,0,2.2449
76325,7,vs_nx0tymom_bye,0,0,3.1122
76326,6,vs_nx0tymom_haha,0,0,4.7959
76327,7,vs_nx0tymom_vict,0,0,3.0357
76328,7,vs_nx0tymom_say,0,0,2.5255
76329,7,vs_nx0tymom_warn,0,0,4.2857
76330,7,vs_nx0xanom_attk,0,0,2.2449
76331,7,vs_nx0xanom_bat1,0,0,2.1938
76332,6,vs_nx0xanom_bat2,0,0,1.8112
76333,7,vs_nx0xanom_bat3,0,0,1.8878
76334,7,vs_nx0xanom_heal,0,0,2.3979
76335,7,vs_nx0xanom_help,0,0,2.8316
76336,7,vs_nx0xanom_enmy,0,0,3.2909
76337,7,vs_nx0xanom_flee,0,0,3.0357
76338,7,vs_nx0xanom_tant,0,0,4.1326
76339,7,vs_nx0xanom_gard,0,0,3.3163
76340,7,vs_nx0xanom_hold,0,0,1.1225
76341,6,vs_nx0xanom_atk1,0,0,1.2245
76342,6,vs_nx0xanom_atk2,0,0,0.5357
76343,6,vs_nx0xanom_atk3,0,0,0.5102
76344,6,vs_nx0xanom_hit1,0,0,1.5051
76345,6,vs_nx0xanom_hit2,0,0,0.6378
76346,6,vs_nx0xanom_hit3,0,0,1.2755
76347,7,vs_nx0xanom_dyin,0,0,2.449
76348,7,vs_nx0xanom_dead,0,0,4.5153
76349,7,vs_nx0xanom_sick,0,0,1.8878
76350,7,vs_nx0xanom_spel,0,0,3.5204
76351,7,vs_nx0xanom_inff,0,0,1.8112
76352,7,vs_nx0xanom_foll,0,0,0.7909
76353,7,vs_nx0xanom_look,0,0,1.2755
76354,7,vs_nx0xanom_grup,0,0,1.4796
76355,7,vs_nx0xanom_move,0,0,1.1479
76357,7,vs_nx0xanom_srch,0,0,2.1428
76358,7,vs_nx0xanom_hide,0,0,1.6072
76359,7,vs_nx0xanom_can,0,0,1.2755
76361,7,vs_nx0xanom_done,0,0,0.5102
76362,7,vs_nx0xanom_encm,0,0,4.9235
76363,7,vs_nx0xanom_slct,0,0,0.6888
76364,7,vs_nx0xanom_hi,0,0,1.7602
76365,7,vs_nx0xanom_yes,0,0,0.6632
76366,7,vs_nx0xanom_no,0,0,0.4081
76368,7,vs_nx0xanom_rest,0,0,3.1632
76369,7,vs_nx0xanom_bore,0,0,3.2653
76370,7,vs_nx0xanom_bye,0,0,1.6072
76371,7,vs_nx0xanom_thnx,0,0,1.4541
76372,6,vs_nx0xanom_haha,0,0,3.5459
76373,7,vs_nx0xanom_cuss,0,0,2.2959
76374,7,vs_nx0xanom_vict,0,0,3.1632
76375,7,vs_nx0xanom_say,0,0,1.3775
76376,7,vs_nx0xanom_good,0,0,2.7041
76377,7,vs_nx0xanom_bad,0,0,1.8878
76378,7,vs_nx0xanom_warn,0,0,2.7296
76382,7,vs_nx0heurf_054,0,0,28.392799
76437,7,vs_NARR_XP1_050,0,0,0.0
76438,7,vs_NARR_XP1_052,0,0,0.0
76439,7,vs_NARR_XP1_053,0,0,0.0
76440,7,vs_NARR_XP1_054,0,0,0.0
76441,7,vs_NARR_XP1_055,0,0,0.0
76442,7,vs_NARR_XP1_056,0,0,0.0
76443,7,vs_NARR_XP1_057,0,0,0.0
76444,7,vs_NARR_XP1_060,0,0,0.0
76445,7,vs_NARR_XP1_061,0,0,0.0
76446,7,vs_NARR_XP1_063,0,0,0.0
76447,7,vs_NARR_XP1_065,0,0,0.0
76448,7,vs_NARR_XP1_066,0,0,0.0
76449,7,vs_NARR_XP1_067,0,0,0.0
76450,7,vs_NARR_XP1_068,0,0,0.0
76622,7,sdr_bardsong,0,0,0.0117
76623,7,sdr_bardsong,0,0,0.0117
76625,7,sdr_bardsong,0,0,0.0117
76626,7,sdr_bardsong,0,0,0.0117
76627,7,sdr_bardsong,0,0,0.0117
76628,7,sdr_bardsong,0,0,0.0117
76629,7,sdr_bardsong,0,0,0.0117
77409,7,vs_nx0dornf_057,0,0,5.9184
77897,7,vs_nx0xanom_063,0,0,5.8163
79487,7,al_mg_jacobs1,0,0,0.0
80695,7,vs_nzeliepm_055,0,0,4.8979
80866,7,vs_nx0katrf_066,0,0,3.8265
80900,7,vs_nx0katrf_064,0,0,11.5306
80901,7,vs_nx0katrf_065,0,0,10.8163
82950,7,vs_nx0xanom_066,0,0,5.0255
82951,7,vs_nx0xanom_067,0,0,4.6428
82952,7,vs_nx0dornf_065,0,0,3.6479
82953,7,vs_nx0dornf_066,0,0,5.4591
83903,7,vs_nx2mhaef_050,0,0,7.9591
83904,7,vs_nx2mhaef_051,0,0,6.5816
83905,7,vs_nx2mhaef_052,0,0,3.1378
83906,7,vs_nx2mhaef_053,0,0,3.1378
83907,7,vs_nx2mhaef_054,0,0,5.6122
83908,7,vs_nx2mhaef_055,0,0,3.0102
83909,7,vs_nx2mhaef_056,0,0,0.0
83910,7,vs_nx2mhaef_057,0,0,5.4337
83911,7,vs_nx2mhaef_058,0,0,7.2704
83912,7,vs_nx2whitf_50,0,0,5.6122
83913,7,vs_nx2whitf_51,0,0,3.7245
83914,7,vs_nx2whitf_52,0,0,5.6122
83916,7,vs_nx2whitf_54,0,0,11.1735
83917,7,vs_nx2whitf_55,0,0,10.0
83919,7,vs_nx2whitf_57,0,0,14.7959
83920,7,vs_nx2goblm_50,0,0,7.0663
83921,7,vs_nx2goblm_51,0,0,5.0
83922,7,vs_nx2goblm_52,0,0,12.6531
83923,7,vs_nx2fairf_50,0,0,2.5
83924,7,vs_nx2fairf_51,0,0,4.0816
83925,7,vs_nx2fairf_52,0,0,2.6275
83926,7,vs_nx2fairf_53,0,0,6.9643
83927,7,vs_nx2fairf_53,0,0,6.9643
83928,7,vs_nx2ogrem_50,0,0,2.8316
83929,7,vs_nx2ogrem_51,0,0,5.4591
83930,7,vs_nx2ogrem_52,0,0,12.5765
83931,7,vs_nx2sobrm_50,0,0,7.6021
83932,7,vs_nx2sobrm_51,0,0,10.1785
83933,7,vs_nx2sobrm_52,0,0,8.5459
83934,7,vs_nx2sobrm_53,0,0,5.7143
83935,7,vs_nx2agarf_50,0,0,10.2806
83936,7,vs_nx2agarf_51,0,0,7.8062
83937,7,vs_nx2agarf_52,0,0,7.7296
83938,7,vs_nx2agarf_53,0,0,6.3521
83939,7,vs_nx2bergm_50,0,0,7.5255
83940,7,vs_nx2bergm_51,0,0,5.051
83941,7,vs_nx2halam_50,0,0,5.8928
83942,7,vs_nx2halam_51,0,0,5.8674
83943,7,vs_nx2halam_52,0,0,7.6531
83944,7,vs_nx2halam_53,0,0,6.9388
83945,7,vs_nx2halam_54,0,0,8.5715
83946,7,vs_nx2genim_50,0,0,11.0715
83948,7,vs_nx2matrf_50,0,0,3.1122
83949,7,vs_nx2drmgm_50,0,0,4.3368
83950,7,vs_nx2matrf_51,0,0,11.1735
83951,7,vs_nx2drmgm_51,0,0,2.551
83952,7,vs_nx2matrf_52,0,0,6.4285
83953,7,vs_nx2drmgm_52,0,0,4.4132
83954,7,vs_nx2matrf_53,0,0,13.1888
83955,7,vs_nx2matrf_54,0,0,2.6275
83956,7,vs_nx2drmgm_53,0,0,4.6684
83957,7,vs_nx2matrf_59,0,0,2.6531
83958,7,vs_nx2matrf_60,0,0,6.2755
83959,7,vs_nx2matrf_61,0,0,6.0715
83960,7,vs_nx2drmgm_54,0,0,1.3265
83961,7,vs_nx2matrf_62,0,0,14.8725
83962,7,vs_nx2matrf_55,0,0,8.5969
83963,7,vs_nx2matrf_56,0,0,8.0102
83964,7,vs_nx2matrf_57,0,0,6.8368
83965,7,vs_nx2matrf_58,0,0,5.5612
83966,7,vs_nx2durnm_50,0,0,3.1122
83967,7,vs_nx2durnm_51,0,0,3.0612
83968,7,vs_nx2sharf_58,0,0,0.6122
83969,7,vs_nx2linuf_50,0,0,0.7653
83970,7,vs_nx2sharf_50,0,0,1.0969
83971,7,vs_nx2tomim_51,0,0,1.4541
83972,7,vs_nx2daelm_50,0,0,1.7857
83973,7,vs_nx2linuf_51,0,0,2.7551
83974,7,vs_nx2sharf_51,0,0,1.6837
83975,7,vs_nx2durnm_52,0,0,3.7245
83976,7,vs_nx2drprf_50,0,0,6.8878
83977,7,vs_fx2fighm_50,0,0,3.0868
83978,7,vs_nx2tomim_52,0,0,1.5562
83979,7,vs_fx2healf_50,0,0,2.0153
83980,7,vs_nx2durnm_53,0,0,2.7551
83988,7,vs_nx2durnm_54,0,0,2.6785
83989,7,vs_nx2durnm_55,0,0,0.9694
83990,7,vs_nx2tomim_53,0,0,1.6582
83991,7,vs_nx2daelm_51,0,0,1.5562
83992,7,vs_nx2linuf_52,0,0,1.6326
83999,7,vs_nx2daelm_52,0,0,2.2449
84000,7,vs_nx2daelm_53,0,0,1.5051
84001,7,vs_nx2daelm_54,0,0,1.6326
84002,7,vs_nx2daelm_55,0,0,2.8826
84003,7,vs_nx2daelm_56,0,0,2.6275
84004,7,vs_nx2daelm_57,0,0,2.9082
84005,7,vs_nx2deekm_50,0,0,0.0
84006,7,vs_nx2deekm_51,0,0,0.0
84007,7,vs_nx2deekm_52,0,0,0.0
84008,7,vs_nx2deekm_53,0,0,0.0
84031,7,vs_nx2goblm_53,0,0,2.551
84032,7,vs_nx2goblm_54,0,0,3.3674
84033,7,vs_nx2goblm_55,0,0,4.8215
84034,7,vs_nx2goblm_56,0,0,6.0715
84035,7,vs_nx2goblm_57,0,0,4.6938
84036,7,vs_nx2goblm_58,0,0,5.6122
84037,7,vs_nx2goblm_59,0,0,7.4235
84038,7,vs_nx2linuf_53,0,0,1.4796
84039,7,vs_nx2linuf_54,0,0,2.7296
84040,7,vs_nx2linuf_55,0,0,3.5715
84041,7,vs_nx2linuf_56,0,0,2.7806
84042,7,vs_nx2linuf_57,0,0,4.1837
84043,7,vs_nx2linuf_58,0,0,3.75
84048,7,vs_nx2sharf_52,0,0,1.0969
84049,7,vs_nx2sharf_53,0,0,1.7857
84050,7,vs_nx2sharf_54,0,0,2.6021
84051,7,vs_nx2sharf_55,0,0,2.9591
84052,7,vs_nx2sharf_56,0,0,2.1684
84053,7,vs_nx2sharf_57,0,0,2.8572
84054,7,vs_fx2maidf_50,0,0,0.0
84055,7,vs_fx2maidf_51,0,0,2.6785
84056,7,vs_fx2maidf_52,0,0,2.9847
84057,7,vs_fx2maidf_53,0,0,3.3928
84058,7,vs_fx2maidf_54,0,0,2.6785
84059,7,vs_fx2maidf_55,0,0,2.8826
84060,7,vs_fx2maidf_56,0,0,2.8826
84061,7,vs_fx2maidf_57,0,0,4.3112
84063,7,vs_fx2maidf_59,0,0,4.9235
84064,7,vs_fx2maidf_60,0,0,5.8163
84065,7,vs_fx2maidf_61,0,0,3.1632
84066,7,vs_fx2maidf_62,0,0,3.9541
84067,7,vs_fx2maidf_63,0,0,2.1938
84068,7,vs_nx2tomim_55,0,0,1.2755
84069,7,vs_nx2tomim_56,0,0,1.9898
84070,7,vs_nx2tomim_57,0,0,3.2143
84071,7,vs_nx2tomim_58,0,0,2.7806
84072,7,vs_nx2tomim_59,0,0,4.8725
84073,7,vs_nx2tomim_54,0,0,2.1174
84082,7,vs_nx2drmgm_55,0,0,3.2909
84083,7,vs_nx2drmgm_56,0,0,3.2653
84084,7,vs_nx2bergm_52,0,0,8.4438
84085,7,vs_nx2drmgm_57,0,0,1.6072
84086,7,vs_nx2drmgm_58,0,0,3.9541
84087,7,vs_nx2drmgm_59,0,0,2.7806
84089,7,vs_nx2halam_55,0,0,5.3826
84092,7,vs_nx2halam_56,0,0,7.0918
84093,7,vs_nx2halam_57,0,0,4.2347
84094,7,vs_nx2drmgm_60,0,0,3.0357
84098,7,vs_nx2drmgm_61,0,0,2.5765
84444,7,vs_nx2drprf_51,0,0,8.6225
84445,7,vs_nx2drprf_52,0,0,7.2704
84446,7,vs_nx2drprf_53,0,0,7.6785
84447,7,vs_nx2drprf_54,0,0,10.8928
84448,7,vs_nx2drprf_55,0,0,6.6837
84449,7,vs_nx2halam_58,0,0,6.9132
84450,7,vs_nx2halam_59,0,0,6.0204
84451,7,vs_nx2drmgm_62,0,0,6.0459
84452,7,vs_nx2drmgm_63,0,0,3.4694
84453,7,vs_nx2drmgm_64,0,0,1.5051
84618,7,vs_nx2grulm_50,0,0,8.1378
84619,7,vs_nx2grulm_51,0,0,7.5255
84620,7,vs_nx2grulm_52,0,0,14.3112
84621,7,vs_nx2grulm_53,0,0,12.5765
84622,7,vs_nx2grulm_54,0,0,8.1632
84623,7,vs_nx2grulm_55,0,0,0.0
84624,7,vs_nx2ardem_50,0,0,6.8878
84625,7,vs_nx2ardem_51,0,0,4.6428
84626,7,vs_nx2ardem_52,0,0,1.0459
84627,7,vs_nx2ardem_53,0,0,14.0561
84628,7,vs_nx2ardem_54,0,0,10.9949
84629,7,vs_nx2ardem_55,0,0,3.1632
84630,7,vs_nx2ardem_56,0,0,2.6021
84631,7,vs_nx2sensf_50,0,0,10.4337
84632,7,vs_nx2sensf_51,0,0,6.8878
84633,7,vs_nx2sensf_52,0,0,11.4541
84634,7,vs_nx2sensf_53,0,0,15.3826
84635,7,vs_nx2sensf_54,0,0,10.9949
84636,7,vs_nx2sensf_55,0,0,12.2449
84637,7,vs_nx2sensf_56,0,0,3.9285
84638,7,vs_nx2sensf_57,0,0,6.1735
84639,7,vs_nx2sensf_58,0,0,8.1632
84640,7,vs_nx2sensf_59,0,0,14.1582
84641,7,vs_nx2sensf_60,0,0,16.25
84642,7,vs_nx2sensf_61,0,0,14.7704
84643,7,vs_nx2sensf_62,0,0,13.7755
84644,7,vs_nx2sensf_63,0,0,14.1326
84645,7,vs_nx2sensf_64,0,0,12.6275
84646,7,vs_nx2sleem_50,0,0,9.3878
84647,7,vs_nx2sleem_51,0,0,6.0459
84648,7,vs_nx2sleem_52,0,0,5.2041
84649,7,vs_nx2sleem_53,0,0,11.5306
84650,7,vs_nx2sleem_54,0,0,12.7806
84651,7,vs_nx2placf_50,0,0,11.7857
84652,7,vs_nx2placf_51,0,0,7.8062
84654,7,vs_nx2namef_51,0,0,9.6938
84655,7,vs_nx2namef_52,0,0,9.2347
84657,7,vs_nx2namef_54,0,0,9.7194
84658,7,vs_nx2namef_55,0,0,10.0765
84660,7,vs_nx2namef_57,0,0,9.3878
84661,7,vs_nx2namef_58,0,0,9.8725
84662,7,vs_nx2namef_59,0,0,1.8622
84663,7,vs_nx2deekm_054,0,0,5.0255
84664,7,vs_nx2deekm_055,0,0,7.2704
84665,7,vs_nx2deekm_056,0,0,1.9132
84666,7,vs_nx2deekm_057,0,0,10.7398
84667,7,vs_nx2deekm_058,0,0,7.7551
84668,7,vs_nx2deekm_059,0,0,8.5459
84669,7,vs_nx2deekm_060,0,0,11.301
84670,7,vs_nx2deekm_061,0,0,9.7194
84671,7,vs_nx2deekm_062,0,0,2.6275
84672,7,vs_nx2deekm_063,0,0,0.5868
84673,7,vs_nx2deekm_064,0,0,3.2653
84674,7,vs_nx2deekm_065,0,0,8.2653
84675,7,vs_nx2deekm_066,0,0,4.9235
84676,7,vs_nx2deekm_067,0,0,7.3725
84677,7,vs_nx2deekm_068,0,0,10.3062
84678,7,vs_nx2deekm_069,0,0,7.6275
84679,7,vs_nx2deekm_070,0,0,6.25
84680,7,vs_nx2deekm_071,0,0,4.8469
84681,7,vs_nx2deekm_072,0,0,4.5409
84682,7,vs_nx2deekm_073,0,0,8.8521
84683,7,vs_nx2deekm_074,0,0,6.25
84684,7,vs_nx2deekm_075,0,0,6.5562
84685,7,vs_nx2deekm_076,0,0,4.0562
84686,7,vs_nx2deekm_077,0,0,8.3928
84687,7,vs_nx2deekm_078,0,0,5.4591
84688,7,vs_nx2deekm_079,0,0,5.3826
84689,7,vs_nx2deekm_080,0,0,7.1684
84690,7,vs_nx2deekm_081,0,0,11.1735
84691,7,vs_nx2deekm_082,0,0,7.5765
84692,7,vs_nx2deekm_083,0,0,7.5765
84693,7,vs_nx2deekm_084,0,0,4.9745
84694,7,vs_nx2deekm_085,0,0,15.5867
84695,7,vs_nx2deekm_086,0,0,12.551
84696,7,vs_nx2deekm_087,0,0,17.8316
84697,7,vs_nx2deekm_088,0,0,14.6938
84698,7,vs_nx2deekm_089,0,0,7.3215
84699,7,vs_nx2deekm_090,0,0,15.1275
84700,7,vs_nx2deekm_091,0,0,6.0204
84701,7,vs_nx2deekm_092,0,0,9.1327
84702,7,vs_nx2deekm_093,0,0,4.7449
84703,7,vs_nx2deekm_094,0,0,16.351999
84704,7,vs_nx2deekm_095,0,0,7.7296
84705,7,vs_nx2deekm_096,0,0,9.2347
84706,7,vs_nx2deekm_097,0,0,16.351999
84707,7,vs_nx2deekm_098,0,0,12.8062
84708,7,vs_nx2deekm_099,0,0,10.6888
84709,7,vs_nx2deekm_100,0,0,12.0663
84710,7,vs_nx2deekm_101,0,0,0.0
84711,7,vs_nx2deekm_102,0,0,8.2909
84712,7,vs_nx2deekm_103,0,0,10.1021
84713,7,vs_nx2deekm_104,0,0,5.6122
84714,7,vs_nx2deekm_105,0,0,8.4438
84715,7,vs_nx2deekm_106,0,0,8.5969
84716,7,vs_nx2deekm_107,0,0,0.0
84717,7,vs_nx2deekm_108,0,0,6.0459
84718,7,vs_nx2deekm_109,0,0,6.4541
84719,7,vs_nx2deekm_110,0,0,5.8674
84720,7,vs_nx2deekm_111,0,0,5.8163
84721,7,vs_nx2deekm_112,0,0,4.6938
84722,7,vs_nx2deekm_113,0,0,7.1428
84723,7,vs_nx2deekm_114,0,0,6.199
84724,7,vs_nx2deekm_115,0,0,2.3469
84725,7,vs_nx2deekm_116,0,0,7.9591
84726,7,vs_nx2deekm_117,0,0,7.3725
84727,7,vs_nx2deekm_118,0,0,7.5765
84728,7,vs_nx2deekm_119,0,0,2.2449
84729,7,vs_nx2deekm_120,0,0,10.1531
84730,7,vs_nx2deekm_121,0,0,4.6938
84731,7,vs_nx2deekm_122,0,0,5.7143
84732,7,vs_nx2deekm_123,0,0,4.8469
84733,7,vs_nx2deekm_124,0,0,6.3521
84734,7,vs_nx2deekm_125,0,0,3.0868
84735,7,vs_nx2deekm_126,0,0,4.8469
84736,7,vs_nx2deekm_127,0,0,10.2296
84737,7,vs_nx2deekm_128,0,0,9.3368
84738,7,vs_nx2deekm_129,0,0,10.0
84739,7,vs_nx2deekm_130,0,0,13.4694
84740,7,vs_nx2deekm_131,0,0,11.5816
84741,7,vs_nx2deekm_132,0,0,4.3112
84742,7,vs_nx2deekm_133,0,0,6.301
84743,7,vs_nx2deekm_134,0,0,7.8062
84744,7,vs_nx2deekm_135,0,0,8.75
84745,7,vs_nx2deekm_136,0,0,8.5969
84746,7,vs_nx2deekm_137,0,0,12.0153
84747,7,vs_nx2deekm_138,0,0,3.0357
84748,7,vs_nx2deekm_139,0,0,5.6632
84749,7,vs_nx2deekm_140,0,0,8.2143
84750,7,vs_nx2deekm_141,0,0,14.4643
84751,7,vs_nx2deekm_142,0,0,5.6632
84752,7,vs_nx2deekm_143,0,0,5.6632
84753,7,vs_nx2deekm_144,0,0,7.6785
84754,7,vs_nx2deekm_145,0,0,6.25
84755,7,vs_nx2deekm_146,0,0,10.9949
84756,7,vs_nx2deekm_147,0,0,12.3979
84757,7,vs_nx2deekm_148,0,0,6.4541
84758,7,vs_nx2deekm_149,0,0,11.1225
84759,7,vs_nx2deekm_150,0,0,9.1327
84760,7,vs_nx2deekm_151,0,0,12.5
84761,7,vs_nx2deekm_152,0,0,12.602
84762,7,vs_nx2deekm_153,0,0,15.1275
84763,7,vs_nx2deekm_154,0,0,14.3112
84764,7,vs_nx2deekm_155,0,0,11.9132
84765,7,vs_nx2deekm_156,0,0,9.8215
84766,7,vs_nx2deekm_157,0,0,4.0562
84767,7,vs_nx2deekm_158,0,0,10.5612
84768,7,vs_nx2deekm_159,0,0,9.0816
84769,7,vs_nx2deekm_160,0,0,7.6275
84770,7,vs_nx2deekm_161,0,0,4.0051
84771,7,vs_nx2deekm_162,0,0,3.4184
84828,7,vs_nx2betyf_56,0,0,4.2347
85596,7,vs_nx2arigf_50,0,0,1.4031
85597,7,vs_nx2arigf_51,0,0,4.6938
85598,7,vs_nx2arigf_52,0,0,2.6531
85599,7,vs_nx2arigf_53,0,0,5.6632
85600,7,vs_nx2arigf_54,0,0,2.6785
85601,7,vs_nx2arigf_55,0,0,4.2347
85602,7,vs_nx2arigf_56,0,0,2.6785
85603,7,vs_nx2arigf_57,0,0,9.1327
85604,7,vs_nx2arigf_58,0,0,12.3215
85605,7,vs_nx2arigf_59,0,0,6.5562
85606,7,vs_nx2arigf_60,0,0,2.4745
85607,7,vs_nx2arigf_61,0,0,9.7959
85608,7,vs_nx2arigf_62,0,0,3.4949
85609,7,vs_nx2arigf_63,0,0,2.8062
85610,7,vs_nx2arigf_64,0,0,2.9337
85611,7,vs_nx2arigf_65,0,0,1.3775
85612,7,vs_nx2arigf_66,0,0,3.5969
85613,7,vs_nx2arigf_67,0,0,7.551
85614,7,vs_nx2arigf_68,0,0,3.3163
85615,7,vs_nx2arigf_69,0,0,6.6582
85616,7,vs_nx2arigf_70,0,0,10.6122
85617,7,vs_nx2arigf_71,0,0,12.0153
85618,7,vs_nx2arigf_72,0,0,13.0612
85619,7,vs_nx2arigf_73,0,0,3.3928
85620,7,vs_nx2arigf_74,0,0,2.449
85621,7,vs_nx2arigf_75,0,0,3.8521
85622,7,vs_nx2arigf_76,0,0,3.8775
85623,7,vs_nx2arigf_77,0,0,2.3725
85624,7,vs_nx2arigf_78,0,0,7.6785
85625,7,vs_nx2arigf_79,0,0,4.4898
85626,7,vs_nx2arigf_80,0,0,4.8469
85627,7,vs_nx2arigf_81,0,0,1.4541
85628,7,vs_nx2arigf_82,0,0,2.7806
85629,7,vs_nx2arigf_83,0,0,5.5102
85630,7,vs_nx2_arief_50,0,0,0.0
85631,7,vs_nx2arief_51,0,0,2.5
85632,7,vs_nx2arief_52,0,0,2.449
85633,7,vs_nx2arief_53,0,0,2.5765
85634,7,vs_nx2arief_54,0,0,3.2398
85635,7,vs_nx2arief_55,0,0,6.7857
85636,7,vs_nx2arief_56,0,0,4.1837
85637,7,vs_nx2arief_57,0,0,2.9591
85638,7,vs_nx2arief_58,0,0,4.1326
85639,7,vs_nx2arief_59,0,0,3.8775
85640,7,vs_nx2arief_60,0,0,6.3521
85641,7,vs_nx2arief_61,0,0,4.5409
85642,7,vs_nx2arief_62,0,0,4.6684
85643,7,vs_nx2_arief_63,0,0,0.0
85644,7,vs_nx2_arief_64,0,0,0.0
85645,7,vs_nx2_arief_65,0,0,0.0
85646,7,vs_nx2_arief_66,0,0,0.0
85647,7,vs_nx2_arief_67,0,0,0.0
85648,7,vs_nx2arief_68,0,0,2.3469
85649,7,vs_nx2arief_69,0,0,3.4694
85650,7,vs_nx2arief_70,0,0,5.1785
85651,7,vs_nx2arief_71,0,0,4.5409
85652,7,vs_nx2arief_72,0,0,3.2653
85653,7,vs_nx2arief_73,0,0,6.6327
85654,7,vs_nx2arief_74,0,0,4.6174
85655,7,vs_nx2arief_75,0,0,9.7959
85656,7,vs_nx2arief_76,0,0,9.6938
85657,7,vs_nx2arief_77,0,0,3.7245
85658,7,vs_nx2arief_78,0,0,13.2653
85659,7,vs_nx2arief_79,0,0,4.3622
85660,7,vs_nx2arief_80,0,0,4.2091
85661,7,vs_nx2arief_81,0,0,3.7755
85662,7,vs_nx2arief_82,0,0,6.8112
85663,7,vs_nx2arief_83,0,0,1.7091
85664,7,vs_nx2arief_84,0,0,1.8368
85665,7,vs_nx2arief_85,0,0,6.7857
85666,7,vs_nx2arief_86,0,0,4.7704
85667,7,vs_nx2arief_87,0,0,2.3979
85668,7,vs_nx2gatem_50,0,0,2.0409
85669,7,vs_nx2gatem_51,0,0,11.0459
85670,7,vs_nx2gatem_52,0,0,10.7143
85671,7,vs_nx2gatem_53,0,0,6.1479
85672,7,vs_nx2gatem_54,0,0,6.7602
85678,7,vs_nx2daelm_58,0,0,1.2245
85679,7,vs_nx2armam_50,0,0,8.4184
85680,7,vs_nx2armam_51,0,0,4.1837
85681,7,vs_nx2armam_52,0,0,3.1632
85682,7,vs_nx2armam_53,0,0,4.0562
85683,7,vs_nx2armam_54,0,0,5.4591
85684,7,vs_nx2armam_55,0,0,3.6479
85685,7,vs_nx2armam_56,0,0,4.1582
85686,7,vs_nx2armam_57,0,0,3.6225
85687,7,vs_nx2armam_58,0,0,5.1785
85688,7,vs_nx2armam_59,0,0,2.6275
85689,7,vs_nx2armam_60,0,0,3.3163
85690,7,vs_nx2armam_61,0,0,2.1684
85691,7,vs_nx2armam_62,0,0,2.3215
85692,7,vs_nx2armam_63,0,0,5.6888
85693,7,vs_nx2armam_64,0,0,3.3163
85694,7,vs_nx2armam_65,0,0,9.2091
85695,7,vs_nx2armam_66,0,0,10.5612
85696,7,vs_nx2divaf_50,0,0,6.1225
85697,7,vs_nx2divaf_51,0,0,9.3622
85698,7,vs_nx2divaf_52,0,0,4.3622
85699,7,vs_nx2divaf_53,0,0,3.9285
85701,7,vs_nx2divaf_55,0,0,2.0153
85702,7,vs_nx2divaf_56,0,0,0.6632
85731,7,vs_nx2imlom_67,0,0,1.4541
85732,7,vs_nx2nathf_51,0,0,0.7653
85733,7,vs_nx2valem_50,0,0,1.5816
85734,7,vs_nx2drslm_51,0,0,0.9184
85735,7,vs_nx2gendrow_50,0,0,1.7857
85736,7,vs_nx2drslm_52,0,0,1.9643
85737,7,vs_nx2imlom_69,0,0,1.0969
85738,7,vs_nx2imlom_68,0,0,1.5306
85739,7,vs_nx2gendrow_51,0,0,1.4285
85740,7,vs_nx2gendrow_52,0,0,0.8163
85741,7,vs_nx2drslm_53,0,0,2.0153
85742,7,vs_nx2betyf_53,0,0,0.0
85743,7,vs_nx2betyf_54,0,0,4.5663
85744,7,vs_nx2intlm_50,0,0,4.2602
85745,7,vs_nx2intlm_51,0,0,3.9031
85746,7,vs_nx2drprf_56,0,0,0.0
85747,7,vs_nx2gendrow_53,0,0,2.0153
85748,7,vs_nx2drslm_50,0,0,1.1735
85749,7,vs_nx2seerf_87,0,0,0.0
85750,7,vs_nx2drprf_56,0,0,0.0
85756,7,vs_nx2imlom_70,0,0,2.1938
85763,7,vs_nx2gendrow_54,0,0,2.0409
85767,7,vs_nx2durnm_56,0,0,3.0102
85768,7,vs_nx2durnm_57,0,0,2.1684
85769,7,vs_nx2durnm_58,0,0,2.0409
85770,7,vs_nx2durnm_59,0,0,2.2704
85771,7,vs_nx2durnm_60,0,0,9.5663
85772,7,vs_nx2durnm_61,0,0,4.4132
85773,7,vs_nx2durnm_62,0,0,4.2347
85774,7,vs_nx2durnm_63,0,0,8.1378
85775,7,vs_nx2durnm_64,0,0,5.6888
85776,7,vs_nx2durnm_65,0,0,10.3316
85777,7,vs_nx2durnm_66,0,0,9.2602
85778,7,vs_nx2durnm_67,0,0,7.2959
85779,7,vs_nx2durnm_68,0,0,7.8572
85780,7,vs_nx2durnm_69,0,0,8.4184
85781,7,vs_nx2durnm_70,0,0,9.5918
85782,7,vs_nx2daelm_59,0,0,3.6225
85783,7,vs_nx2daelm_60,0,0,2.2194
85784,7,vs_nx2daelm_61,0,0,8.1378
85785,7,vs_nx2daelm_62,0,0,5.0255
85786,7,vs_nx2daelm_63,0,0,2.9337
85787,7,vs_nx2daelm_64,0,0,4.1582
85788,7,vs_nx2daelm_65,0,0,3.3674
85789,7,vs_nx2daelm_66,0,0,10.8673
85790,7,vs_nx2daelm_67,0,0,2.449
85791,7,vs_nx2daelm_68,0,0,8.3928
85792,7,vs_nx2daelm_69,0,0,1.2245
85793,7,vs_nx2daelm_70,0,0,3.3163
85794,7,vs_nx2daelm_71,0,0,1.7347
85795,7,vs_nx2daelm_72,0,0,0.6122
85796,7,vs_nx2daelm_73,0,0,5.2806
85797,7,vs_nx2daelm_74,0,0,4.6938
85798,7,vs_nx2daelm_75,0,0,5.4591
85799,7,vs_nx2daelm_76,0,0,3.4438
85800,7,vs_nx2daelm_77,0,0,5.6632
85801,7,vs_nx2daelm_78,0,0,3.5969
85802,7,vs_nx2daelm_79,0,0,2.9591
85803,7,vs_nx2daelm_80,0,0,5.7653
85804,7,vs_nx2daelm_81,0,0,2.449
85805,7,vs_nx2daelm_82,0,0,4.9235
85806,7,vs_nx2daelm_83,0,0,3.9541
85807,7,vs_nx2daelm_84,0,0,5.9949
85808,7,vs_nx2daelm_85,0,0,3.9541
85809,7,vs_nx2daelm_86,0,0,4.4643
85810,7,vs_nx2daelm_87,0,0,4.1582
85811,7,vs_nx2daelm_88,0,0,5.5102
85812,7,vs_nx2daelm_89,0,0,3.4184
85813,7,vs_nx2daelm_90,0,0,3.9031
85814,7,vs_nx2daelm_91,0,0,6.4031
85815,7,vs_nx2daelm_92,0,0,4.6938
85816,7,vs_nx2daelm_93,0,0,6.5306
85817,7,vs_nx2daelm_94,0,0,4.3368
85818,7,vs_nx2daelm_95,0,0,4.4388
85819,7,vs_nx2daelm_96,0,0,6.25
85820,7,vs_nx2daelm_97,0,0,5.8674
85821,7,vs_nx2daelm_98,0,0,4.3878
85822,7,vs_nx2daelm_99,0,0,5.5612
85823,7,vs_nx2daelm_100,0,0,4.5918
85824,7,vs_nx2daelm_101,0,0,4.0562
85825,7,vs_nx2daelm_102,0,0,5.5612
85826,7,vs_nx2daelm_103,0,0,3.9285
85827,7,vs_nx2daelm_104,0,0,2.9847
85828,7,vs_nx2daelm_105,0,0,4.3112
85829,7,vs_nx2daelm_106,0,0,4.3112
85830,7,vs_nx2daelm_107,0,0,1.7602
85831,7,vs_nx2genim_50,0,0,11.0715
85832,7,vs_nx2genim_51,0,0,9.5153
85833,7,vs_nx2genim_52,0,0,10.8673
85834,7,vs_nx2genim_53,0,0,2.9337
85835,7,vs_nx2genim_54,0,0,8.5459
85836,7,vs_nx2genim_55,0,0,4.5918
85837,7,vs_nx2genim_56,0,0,8.9285
85838,7,vs_nx2genim_57,0,0,10.4082
85839,7,vs_nx2duerm_50,0,0,7.2449
85840,7,vs_nx2duerm_51,0,0,12.449
85841,7,vs_nx2duerm_52,0,0,6.2755
85842,7,vs_nx2duerm_53,0,0,7.551
85843,7,vs_nx2duerm_54,0,0,8.8521
85844,7,vs_nx2duerm_55,0,0,3.5204
85845,7,vs_nx2duerf_50,0,0,10.3062
85846,7,vs_nx2duerf_51,0,0,8.9285
85847,7,vs_nx2duerf_52,0,0,10.8163
85848,7,vs_nx2duerf_53,0,0,8.2398
85849,7,vs_nx2duerf_54,0,0,7.551
85850,7,vs_nx2duerf_55,0,0,2.6531
85851,7,vs_nx2avarf_50,0,0,9.6938
85852,7,vs_nx2avarf_51,0,0,10.8928
85853,7,vs_nx2avarf_52,0,0,8.8521
85854,7,vs_nx2avarf_53,0,0,1.5816
85855,7,vs_nx2avarf_54,0,0,9.7704
85856,7,vs_nx2avarf_55,0,0,12.3979
85857,7,vs_nx2avarf_56,0,0,11.9643
85858,7,vs_nx2avarf_57,0,0,6.1735
85859,7,vs_nx2avarm_50,0,0,7.5255
85860,7,vs_nx2avarm_51,0,0,2.2704
85861,7,vs_nx2avarm_52,0,0,7.9591
85862,7,vs_nx2avarm_53,0,0,9.2091
85863,7,vs_nx2avarm_54,0,0,4.8469
85864,7,vs_nx2avarm_55,0,0,8.5459
85865,7,vs_nx2avarm_56,0,0,7.2959
85866,7,vs_nx2avarm_57,0,0,9.3622
85867,7,vs_nx2avarm_58,0,0,4.5918
85868,7,vs_nx2golbm_50,0,0,6.7857
85869,7,vs_nx2golbm_51,0,0,8.9031
85870,7,vs_nx2golbm_52,0,0,3.5459
85871,7,vs_nx2golbm_53,0,0,9.1327
85872,7,vs_nx2golbm_54,0,0,14.6938
85873,7,vs_nx2golbm_55,0,0,13.2143
85874,7,vs_nx2golbm_56,0,0,12.9337
85875,7,vs_nx2golbm_57,0,0,11.3775
85876,7,vs_nx2golbm_58,0,0,5.6632
85877,7,vs_nx2golbm_59,0,0,7.7296
85878,7,vs_nx2golbm_60,0,0,5.3572
85879,7,vs_nx2golgm_50,0,0,8.5204
85880,7,vs_nx2golgm_51,0,0,12.3725
85881,7,vs_nx2golgm_52,0,0,6.9388
85882,7,vs_nx2golgm_53,0,0,8.1122
85883,7,vs_nx2golgm_54,0,0,11.9643
85884,7,vs_nx2golgm_55,0,0,14.5918
85885,7,vs_nx2golgm_56,0,0,15.3826
85886,7,vs_nx2golgm_57,0,0,14.3622
85887,7,vs_nx2golgm_58,0,0,2.5
85888,7,vs_nx2golgm_59,0,0,3.9796
85889,7,vs_nx2golgm_60,0,0,5.7143
85890,7,vs_nx2imlom_50,0,0,1.8368
85891,7,vs_nx2imlom_51,0,0,7.0153
85892,7,vs_nx2imlom_52,0,0,6.25
85893,7,vs_nx2imlom_53,0,0,6.5051
85894,7,vs_nx2imlom_54,0,0,6.9643
85895,7,vs_nx2imlom_55,0,0,0.9949
85896,7,vs_nx2imlom_56,0,0,1.1225
85897,7,vs_nx2imlom_57,0,0,6.5306
85898,7,vs_nx2imlom_58,0,0,4.5918
85899,7,vs_nx2imlom_59,0,0,6.301
85900,7,vs_nx2imlom_60,0,0,6.0715
85901,7,vs_nx2imlom_61,0,0,1.4285
85902,7,vs_nx2imlom_62,0,0,1.5816
85903,7,vs_nx2imlom_63,0,0,9.6684
85904,7,vs_nx2imlom_64,0,0,3.5715
85905,7,vs_nx2imlom_65,0,0,2.0918
85906,7,vs_nx2imlom_66,0,0,2.6021
85907,7,vs_nx2boatm_50,0,0,14.6938
85908,7,vs_nx2boatm_51,0,0,2.2959
85909,7,vs_nx2boatm_52,0,0,10.9438
85912,7,vs_nx2boatm_55,0,0,14.0051
85913,7,vs_nx2boatm_56,0,0,15.9438
85914,7,vs_nx2boatm_57,0,0,12.5255
85915,7,vs_nx2boatm_58,0,0,12.9337
85916,7,vs_nx2slavm_50,0,0,1.5562
85917,7,vs_nx2slavm_51,0,0,4.5409
85918,7,vs_nx2slavm_52,0,0,2.2704
85919,7,vs_nx2slavm_53,0,0,8.1888
85920,7,vs_nx2slavm_54,0,0,6.0204
86233,7,vs_nx2matrf_63,0,0,5.5357
86234,7,vs_nx2matrf_64,0,0,5.9438
86235,7,vs_nx2matrf_65,0,0,9.1072
86236,7,vs_nx2matrf_66,0,0,14.7959
86237,7,vs_nx2matrf_67,0,0,9.4132
86238,7,vs_nx2matrf_68,0,0,8.9031
86239,7,vs_nx2matrf_69,0,0,5.6122
86240,7,vs_nx2matrf_70,0,0,6.4541
86241,7,vs_nx2matrf_71,0,0,10.7398
86242,7,vs_nx2matrf_72,0,0,9.5918
86243,7,vs_nx2matrf_73,0,0,11.4541
86244,7,vs_nx2matrf_74,0,0,4.6938
86245,7,vs_nx2matrf_75,0,0,6.6582
86246,7,vs_nx2matrf_76,0,0,13.7245
86247,7,vs_nx2matrf_77,0,0,16.556101
86248,7,vs_nx2matrf_78,0,0,10.5102
86249,7,vs_nx2matrf_79,0,0,10.4337
86250,7,vs_nx2matrf_80,0,0,10.9949
86251,7,vs_nx2matrf_81,0,0,12.6275
86252,7,vs_nx2matrf_82,0,0,7.0918
86253,7,vs_nx2matrf_83,0,0,13.5459
86254,7,vs_nx2matrf_84,0,0,12.1173
86255,7,vs_nx2matrf_85,0,0,10.4847
86256,7,vs_nx2matrf_86,0,0,10.7398
86257,7,vs_nx2matrf_87,0,0,8.0868
86258,7,vs_nx2matrf_88,0,0,5.4591
86259,7,vs_nx2matrf_89,0,0,9.6428
86260,7,vs_nx2matrf_90,0,0,16.5816
86261,7,vs_nx2matrf_91,0,0,5.0255
86262,7,vs_nx2matrf_92,0,0,9.4898
86263,7,vs_nx2matrf_93,0,0,17.729601
86264,7,vs_nx2matrf_94,0,0,5.7909
86265,7,vs_nx2matrf_95,0,0,13.5969
86266,7,vs_nx2matrf_96,0,0,5.8928
86267,7,vs_nx2matrf_97,0,0,8.3418
86268,7,vs_nx2matrf_98,0,0,11.5562
86269,7,vs_nx2matrf_99,0,0,12.6531
86270,7,vs_nx2matrf_100,0,0,9.4898
86271,7,vs_nx2matrf_101,0,0,7.8572
86272,7,vs_nx2matrf_102,0,0,7.1938
86273,7,vs_nx2seerf_50,0,0,3.4184
86274,7,vs_nx2seerf_51,0,0,5.1785
86275,7,vs_nx2seerf_52,0,0,7.0663
86276,7,vs_nx2seerf_53,0,0,5.7653
86277,7,vs_nx2seerf_54,0,0,3.4694
86278,7,vs_nx2seerf_55,0,0,2.1174
86279,7,vs_nx2seerf_56,0,0,4.5918
86280,7,vs_nx2seerf_57,0,0,4.2602
86281,7,vs_nx2seerf_58,0,0,12.0409
86282,7,vs_nx2seerf_59,0,0,9.3368
86283,7,vs_nx2seerf_60,0,0,10.6632
86284,7,vs_nx2seerf_61,0,0,7.8316
86285,7,vs_nx2seerf_62,0,0,10.3062
86286,7,vs_nx2seerf_63,0,0,10.0
86287,7,vs_nx2seerf_64,0,0,7.1684
86288,7,vs_nx2seerf_65,0,0,2.7806
86289,7,vs_nx2seerf_66,0,0,8.5204
86290,7,vs_nx2seerf_67,0,0,11.9388
86291,7,vs_nx2seerf_68,0,0,7.8572
86292,7,vs_nx2seerf_69,0,0,5.5102
86293,7,vs_nx2seerf_70,0,0,9.5153
86294,7,vs_nx2seerf_71,0,0,11.5816
86295,7,vs_nx2seerf_72,0,0,6.25
86296,7,vs_nx2seerf_73,0,0,9.8469
86297,7,vs_nx2seerf_74,0,0,8.7245
86298,7,vs_nx2seerf_75,0,0,7.8827
86299,7,vs_nx2seerf_76,0,0,5.5102
86300,7,vs_nx2seerf_77,0,0,9.2857
86301,7,vs_nx2seerf_78,0,0,8.8521
86302,7,vs_nx2seerf_79,0,0,5.3826
86303,7,vs_nx2seerf_80,0,0,8.801
86304,7,vs_nx2seerf_81,0,0,9.7449
86305,7,vs_nx2seerf_82,0,0,9.6428
86306,7,vs_nx2seerf_83,0,0,9.4898
86307,7,vs_nx2seerf_84,0,0,8.3163
86308,7,vs_nx2seerf_85,0,0,5.9438
86309,7,vs_nx2seerf_86,0,0,3.6225
86310,7,vs_nx2linuf_59,0,0,3.1632
86311,7,vs_nx2linuf_60,0,0,7.8827
86312,7,vs_nx2linuf_61,0,0,1.0715
86313,7,vs_nx2linuf_62,0,0,5.5357
86314,7,vs_nx2linuf_63,0,0,3.5204
86315,7,vs_nx2linuf_64,0,0,2.3979
86316,7,vs_nx2linuf_65,0,0,1.2755
86317,7,vs_nx2linuf_66,0,0,2.3979
86318,7,vs_nx2linuf_67,0,0,3.3418
86319,7,vs_nx2linuf_68,0,0,4.5918
86320,7,vs_nx2linuf_69,0,0,6.3775
86321,7,vs_nx2linuf_70,0,0,6.7347
86322,7,vs_nx2linuf_71,0,0,4.2347
86323,7,vs_nx2linuf_72,0,0,0.0
86324,7,vs_nx2linuf_73,0,0,6.1479
86325,7,vs_nx2linuf_74,0,0,3.1632
86326,7,vs_nx2linuf_75,0,0,5.9949
86327,7,vs_nx2linuf_76,0,0,4.6938
86328,7,vs_nx2linuf_77,0,0,4.5153
86329,7,vs_nx2linuf_78,0,0,5.4591
86330,7,vs_nx2linuf_79,0,0,7.1684
86331,7,vs_nx2linuf_80,0,0,3.8775
86332,7,vs_nx2linuf_81,0,0,3.6735
86333,7,vs_nx2linuf_82,0,0,2.3469
86334,7,vs_nx2linuf_83,0,0,4.1326
86335,7,vs_nx2linuf_84,0,0,4.8725
86336,7,vs_nx2linuf_85,0,0,6.7602
86337,7,vs_nx2linuf_86,0,0,2.8316
86338,7,vs_nx2linuf_87,0,0,5.8928
86339,7,vs_nx2linuf_88,0,0,5.3826
86340,7,vs_nx2linuf_89,0,0,5.4591
86341,7,vs_nx2linuf_90,0,0,6.9898
86342,7,vs_nx2linuf_91,0,0,5.3062
86343,7,vs_nx2linuf_92,0,0,3.699
86344,7,vs_nx2linuf_93,0,0,3.5459
86345,7,vs_nx2linuf_94,0,0,3.801
86346,7,vs_nx2linuf_95,0,0,8.4438
86347,7,vs_nx2linuf_96,0,0,7.2959
86348,7,vs_nx2linuf_97,0,0,5.9438
86349,7,vs_nx2linuf_98,0,0,1.9132
86350,7,vs_nx2linuf_99,0,0,3.4184
86351,7,vs_nx2linuf_100,0,0,6.0969
86352,7,vs_nx2linuf_101,0,0,4.6428
86353,7,vs_nx2linuf_102,0,0,14.8979
86354,7,vs_nx2linuf_103,0,0,4.9235
86355,7,vs_nx2linuf_104,0,0,1.3775
86356,7,vs_nx2linuf_105,0,0,6.25
86357,7,vs_nx2linuf_106,0,0,1.4031
86358,7,vs_nx2linuf_107,0,0,5.7143
86359,7,vs_nx2linuf_108,0,0,7.2959
86360,7,vs_nx2linuf_109,0,0,2.6785
86361,7,vs_nx2linuf_110,0,0,4.7449
86362,7,vs_nx2linuf_111,0,0,7.7296
86363,7,vs_nx2linuf_112,0,0,12.0663
86364,7,vs_nx2sharf_59,0,0,3.7755
86365,7,vs_nx2sharf_60,0,0,2.2959
86366,7,vs_nx2sharf_61,0,0,1.3265
86367,7,vs_nx2sharf_62,0,0,5.7909
86368,7,vs_nx2sharf_63,0,0,1.3775
86369,7,vs_nx2sharf_64,0,0,1.7857
86370,7,vs_nx2sharf_65,0,0,3.3674
86371,7,vs_nx2sharf_66,0,0,2.7551
86372,7,vs_nx2sharf_67,0,0,1.0204
86373,7,vs_nx2sharf_68,0,0,5.6122
86374,7,vs_nx2sharf_69,0,0,3.3674
86375,7,vs_nx2sharf_70,0,0,9.0051
86376,7,vs_nx2sharf_71,0,0,0.9694
86377,7,vs_nx2sharf_72,0,0,2.8572
86378,7,vs_nx2sharf_73,0,0,2.7806
86379,7,vs_nx2sharf_74,0,0,2.1428
86380,7,vs_nx2sharf_75,0,0,1.4285
86381,7,vs_nx2sharf_76,0,0,0.9184
86382,7,vs_nx2sharf_77,0,0,2.1938
86383,7,vs_nx2sharf_78,0,0,3.75
86384,7,vs_nx2sharf_79,0,0,4.7449
86385,7,vs_nx2sharf_80,0,0,13.6479
86386,7,vs_nx2sharf_81,0,0,3.8265
86387,7,vs_nx2sharf_82,0,0,10.2551
86388,7,vs_nx2sharf_83,0,0,4.6428
86389,7,vs_nx2sharf_84,0,0,3.4184
86390,7,vs_nx2sharf_85,0,0,5.3572
86391,7,vs_nx2sharf_86,0,0,4.2347
86392,7,vs_nx2sharf_87,0,0,4.6174
86393,7,vs_nx2sharf_88,0,0,4.8979
86394,7,vs_nx2sharf_89,0,0,8.2653
86395,7,vs_nx2sharf_90,0,0,3.0612
86396,7,vs_nx2sharf_91,0,0,2.8572
86397,7,vs_nx2sharf_92,0,0,4.0051
86398,7,vs_nx2sharf_93,0,0,5.9949
86399,7,vs_nx2sharf_94,0,0,5.8928
86400,7,vs_nx2sharf_95,0,0,2.1938
86401,7,vs_nx2sharf_96,0,0,3.7245
86402,7,vs_nx2sharf_97,0,0,6.0969
86403,7,vs_nx2sharf_98,0,0,7.1174
86404,7,vs_nx2sharf_99,0,0,6.0969
86405,7,vs_nx2sharf_100,0,0,5.4082
86406,7,vs_nx2sharf_101,0,0,3.9796
86407,7,vs_nx2sharf_102,0,0,6.1225
86408,7,vs_nx2sharf_103,0,0,8.75
86409,7,vs_nx2sharf_104,0,0,2.9591
86410,7,vs_nx2sharf_105,0,0,7.5255
86411,7,vs_nx2sharf_106,0,0,3.699
86412,7,vs_nx2sharf_107,0,0,6.4796
86413,7,vs_nx2sharf_108,0,0,4.5409
86414,7,vs_nx2sharf_109,0,0,3.5715
86415,7,vs_nx2sharf_110,0,0,6.4541
86416,7,vs_nx2sharf_111,0,0,5.4337
86417,7,vs_nx2tomim_60,0,0,2.3979
86418,7,vs_nx2tomim_61,0,0,3.4438
86419,7,vs_nx2tomim_62,0,0,1.7091
86420,7,vs_nx2tomim_63,0,0,3.801
86421,7,vs_nx2tomim_64,0,0,2.0663
86422,7,vs_nx2tomim_65,0,0,4.6684
86423,7,vs_nx2tomim_66,0,0,5.3826
86424,7,vs_nx2tomim_67,0,0,5.5357
86425,7,vs_nx2tomim_68,0,0,5.9438
86426,7,vs_nx2tomim_69,0,0,5.8674
86427,7,vs_nx2tomim_70,0,0,6.5306
86428,7,vs_nx2tomim_71,0,0,6.25
86429,7,vs_nx2tomim_72,0,0,6.8112
86430,7,vs_nx2tomim_73,0,0,1.301
86431,7,vs_nx2tomim_74,0,0,6.2245
86433,7,vs_nx2tomim_76,0,0,0.9184
86434,7,vs_nx2tomim_77,0,0,2.0663
86435,7,vs_nx2tomim_78,0,0,0.8418
86436,7,vs_nx2tomim_79,0,0,5.9438
86437,7,vs_nx2tomim_80,0,0,4.3368
86438,7,vs_nx2tomim_81,0,0,0.9949
86439,7,vs_nx2tomim_82,0,0,7.0153
86440,7,vs_nx2tomim_83,0,0,6.4541
86441,7,vs_nx2tomim_84,0,0,4.2091
86442,7,vs_nx2tomim_85,0,0,3.0102
86443,7,vs_nx2tomim_86,0,0,4.6428
86444,7,vs_nx2tomim_87,0,0,4.3368
86445,7,vs_nx2tomim_88,0,0,3.9031
86446,7,vs_nx2tomim_89,0,0,5.4847
86447,7,vs_nx2tomim_90,0,0,3.4694
86448,7,vs_nx2tomim_91,0,0,6.8112
86449,7,vs_nx2tomim_92,0,0,2.1684
86450,7,vs_nx2tomim_93,0,0,3.75
86451,7,vs_nx2tomim_94,0,0,4.4898
86452,7,vs_nx2tomim_95,0,0,3.2909
86453,7,vs_nx2tomim_96,0,0,3.1888
86454,7,vs_nx2tomim_97,0,0,3.7755
86455,7,vs_nx2tomim_98,0,0,5.3316
86456,7,vs_nx2tomim_99,0,0,4.0562
86457,7,vs_nx2tomim_100,0,0,2.449
86458,7,vs_nx2tomim_101,0,0,5.1021
86459,7,vs_nx2tomim_102,0,0,2.6531
86460,7,vs_nx2tomim_103,0,0,2.6531
86461,7,vs_nx2tomim_104,0,0,3.8775
86462,7,vs_nx2tomim_105,0,0,3.6479
86463,7,vs_nx2tomim_106,0,0,4.8215
86464,7,vs_nx2tomim_107,0,0,3.3928
86465,7,vs_nx2tomim_108,0,0,4.9745
86466,7,vs_nx2tomim_109,0,0,3.4184
86467,7,vs_nx2tomim_110,0,0,3.0102
86468,7,vs_nx2tomim_111,0,0,3.75
86469,7,vs_nx2tomim_112,0,0,3.6225
86470,7,vs_nx2tomim_113,0,0,4.2857
86634,7,vs_nx2nathf_50,0,0,2.5
86635,7,vs_nx2betyf_50,0,0,6.7857
86636,7,vs_nx2betyf_51,0,0,6.0204
86637,7,vs_nx2betyf_52,0,0,6.9898
86639,7,vs_nx2matrf_103,0,0,11.8112
86640,7,vs_nx2matrf_104,0,0,7.3725
86641,7,vs_nx2matrf_105,0,0,9.7704
86642,7,vs_nx2matrf_106,0,0,10.6632
86643,7,vs_nx2matrf_107,0,0,5.1275
86644,7,vs_nx2matrf_108,0,0,11.199
86645,7,vs_nx2matrf_109,0,0,21.198999
86646,7,vs_nx2matrf_110,0,0,7.7551
86647,7,vs_nx2matrf_111,0,0,12.7296
86648,7,vs_nx2matrf_112,0,0,16.020399
86649,7,vs_nx2matrf_113,0,0,16.8878
86650,7,vs_nx2matrf_114,0,0,12.3215
86651,7,vs_nx2matrf_115,0,0,9.4643
86652,7,vs_nx2matrf_116,0,0,11.9643
86653,7,vs_nx2matrf_117,0,0,12.4235
86654,7,vs_nx2matrf_118,0,0,13.3673
86655,7,vs_nx2matrf_119,0,0,9.0562
86684,7,vs_nx2mephm_50,0,0,3.5715
86685,7,vs_nx2mephm_51,0,0,4.4898
86686,7,vs_nx2mephm_52,0,0,16.403099
86687,7,vs_nx2mephm_53,0,0,13.0612
86688,7,vs_nx2mephm_54,0,0,15.6378
86689,7,vs_nx2mephm_55,0,0,15.9694
86690,7,vs_nx2mephm_56,0,0,17.7551
86691,7,vs_nx2mephm_57,0,0,16.020399
86692,7,vs_nx2mephm_58,0,0,19.4643
86693,7,vs_nx2mephm_59,0,0,7.6785
86694,7,vs_nx2mephm_60,0,0,4.6938
86695,7,vs_nx2mephm_61,0,0,17.2959
86696,7,vs_nx2mephm_62,0,0,20.892799
86697,7,vs_nx2mephm_63,0,0,13.2143
86698,7,vs_nx2mephm_64,0,0,3.3163
86699,7,vs_nx2mephm_65,0,0,11.4796
86700,7,vs_nx2mephm_66,0,0,5.9949
86701,7,vs_nx2mephm_67,0,0,12.3469
86702,7,vs_nx2mephm_68,0,0,13.0867
86703,7,vs_nx2mephm_69,0,0,10.7909
86704,7,vs_nx2mephm_70,0,0,13.5969
86705,7,vs_nx2mephm_71,0,0,11.3265
86706,7,vs_nx2mephm_72,0,0,11.4541
86707,7,vs_nx2mephm_73,0,0,11.6837
86708,7,vs_nx2mephm_74,0,0,15.102
86709,7,vs_nx2mephm_75,0,0,15.2551
86710,7,vs_nx2mephm_76,0,0,15.4847
86711,7,vs_nx2mephm_77,0,0,7.9847
86712,7,vs_nx2mephm_78,0,0,4.3622
86713,7,vs_nx2mephm_79,0,0,4.5153
86714,7,vs_nx2mephm_80,0,0,5.3572
86715,7,vs_nx2mephm_81,0,0,6.25
86716,7,vs_nx2mephm_82,0,0,5.2041
86717,7,vs_nx2mephm_83,0,0,5.6122
86718,7,vs_nx2mephm_84,0,0,5.4591
86719,7,vs_nx2mephm_85,0,0,9.7959
86720,7,vs_nx2mephm_86,0,0,7.398
86721,7,vs_nx2mephm_87,0,0,15.6378
86722,7,vs_nx2mephm_88,0,0,8.8521
86723,7,vs_nx2mephm_89,0,0,16.275499
86724,7,vs_nx2mephm_90,0,0,3.1122
86725,7,vs_nx2mephm_91,0,0,10.4847
86726,7,vs_nx2mephm_92,0,0,9.6684
86727,7,vs_nx2mephm_93,0,0,13.2909
86728,7,vs_nx2mephm_94,0,0,11.0715
86729,7,vs_nx2mephm_95,0,0,11.3775
86730,7,vs_nx2mephm_96,0,0,13.2909
86731,7,vs_nx2mephm_97,0,0,17.270399
86732,7,vs_nx2mephm_98,0,0,18.75
86733,7,vs_nx2mephm_99,0,0,18.520399
86734,7,vs_nx2mephm_100,0,0,4.7194
86735,7,vs_nx2mephm_101,0,0,15.9694
86736,7,vs_nx2mephm_102,0,0,12.0918
86737,7,vs_nx2mephm_103,0,0,16.5051
86738,7,vs_nx2mephm_104,0,0,17.0408
86739,7,vs_nx2mephm_105,0,0,13.4694
86740,7,vs_nx2mephm_106,0,0,19.7959
86741,7,vs_nx2betyf_57,0,0,3.4949
86742,7,vs_nx2betyf_57,0,0,3.4949
86743,7,vs_nx2betyf_58,0,0,7.3469
86744,7,vs_nx2betyf_59,0,0,6.6072
86745,7,vs_nx2betyf_60,0,0,8.3418
86789,7,vs_nx2intlm_52,0,0,10.7398
86790,7,vs_nx2intlm_53,0,0,5.3316
86791,7,vs_nx2intlm_54,0,0,8.2909
86792,7,vs_nx2intlm_55,0,0,0.6632
86793,7,vs_nx2intlm_56,0,0,3.9796
86794,7,vs_nx2intlm_57,0,0,4.4898
86795,7,vs_nx2intlm_58,0,0,4.6938
86796,7,vs_nx2intlm_59,0,0,2.0918
86797,7,vs_nx2intlm_60,0,0,7.0409
86798,7,vs_nx2intlm_61,0,0,3.2653
86799,7,vs_nx2intlm_62,0,0,4.2091
86800,7,vs_nx2intlm_63,0,0,14.2347
86801,7,vs_nx2intlm_64,0,0,17.959101
86802,7,vs_nx2intlm_65,0,0,3.7245
86803,7,vs_nx2intlm_66,0,0,3.6735
86804,7,vs_nx2intlm_67,0,0,6.0204
86805,7,vs_nx2intlm_68,0,0,4.3622
86806,7,vs_nx2intlm_69,0,0,2.9082
86807,7,vs_nx2intlm_70,0,0,5.6378
86808,7,vs_nx2intlm_71,0,0,4.3368
86809,7,vs_nx2intlm_72,0,0,4.8215
86810,7,vs_nx2intlm_73,0,0,5.9694
86811,7,vs_nx2intlm_74,0,0,3.4184
86812,7,vs_nx2intlm_75,0,0,2.7551
86813,7,vs_nx2intlm_76,0,0,2.6531
86814,7,vs_nx2intlm_77,0,0,3.8521
86815,7,vs_nx2intlm_78,0,0,3.6735
86816,7,vs_nx2intlm_79,0,0,3.2909
86817,7,vs_nx2intlm_80,0,0,3.0868
86818,7,vs_nx2intlm_81,0,0,4.1072
86819,7,vs_nx2intlm_82,0,0,2.1428
86820,7,vs_nx2intlm_83,0,0,3.2398
86821,7,vs_nx2intlm_84,0,0,3.0357
86822,7,vs_nx2intlm_85,0,0,1.7347
86823,7,vs_nx2intlm_86,0,0,4.4132
86824,7,vs_nx2intlm_87,0,0,2.7296
86825,7,vs_nx2intlm_88,0,0,3.7245
86826,7,vs_nx2intlm_89,0,0,4.3112
86827,7,vs_nx2intlm_90,0,0,3.2398
86828,7,vs_nx2intlm_91,0,0,3.1378
86829,7,vs_nx2intlm_92,0,0,3.2398
86830,7,vs_nx2intlm_93,0,0,2.0663
86831,7,vs_nx2intlm_94,0,0,5.8674
86832,7,vs_nx2intlm_95,0,0,3.7245
86833,7,vs_nx2intlm_96,0,0,2.2449
86834,7,vs_nx2intlm_97,0,0,2.6021
86835,7,vs_nx2intlm_98,0,0,2.2704
86836,7,vs_nx2intlm_99,0,0,4.1326
86837,7,vs_nx2intlm_100,0,0,3.2398
86838,7,vs_nx2intlm_101,0,0,2.2449
86839,7,vs_nx2intlm_102,0,0,2.3725
86840,7,vs_nx2intlm_103,0,0,4.4132
86841,7,vs_nx2intlm_104,0,0,4.2091
86842,7,vs_nx2intlm_105,0,0,2.5
86843,7,vs_nx2intlm_106,0,0,4.6938
86844,7,vs_nx2intlm_107,0,0,3.8521
86845,7,vs_nx2intlm_108,0,0,3.7755
86846,7,vs_nx2intlm_109,0,0,2.449
86847,7,vs_nx2intlm_110,0,0,1.6837
86848,7,vs_nx2intlm_111,0,0,3.6225
86849,7,vs_nx2intlm_112,0,0,2.9337
86850,7,vs_nx2intlm_113,0,0,2.2704
86851,7,vs_nx2intlm_114,0,0,2.0663
86852,7,vs_nx2intlm_115,0,0,3.5969
86853,7,vs_nx2intlm_116,0,0,10.3826
86854,7,vs_nx2intlm_117,0,0,13.5459
86855,7,vs_nx2intlm_118,0,0,14.4132
86856,7,vs_nx2intlm_119,0,0,16.683701
86895,7,vs_nx2nathf_52,0,0,2.3725
86896,7,vs_nx2nathf_53,0,0,7.1938
86897,7,vs_nx2nathf_54,0,0,2.6531
86898,7,vs_nx2nathf_55,0,0,9.0562
86899,7,vs_nx2nathf_56,0,0,6.1225
86900,7,vs_nx2nathf_57,0,0,1.7602
86901,7,vs_nx2nathf_58,0,0,1.5051
87765,7,sdr_bardsong,0,0,0.0117
87766,7,sdr_bardsong,0,0,0.0117
87767,7,sdr_bardsong,0,0,0.0117
87768,7,sdr_bardsong,0,0,0.0117
87771,7,sdr_bardsong,0,0,0.0117
87772,7,sdr_bardsong,0,0,0.0117
89215,7,vs_nx2sharf_73,0,0,2.7806
89901,7,vs_nx2tomim_76,0,0,0.9184
89980,7,vs_nx2tomim_75,0,0,1.4031
91857,7,as_cv_gutterspl3,0,0,0.0
93155,7,as_cv_crank1,0,0,0.0
93378,7,vs_nx2nathf_134,0,0,2.7296
93380,7,vs_nx2nathf_133,0,0,7.5
93387,7,vs_nx2nathf_132,0,0,2.3979
93398,7,vs_nx2nathf_131,0,0,2.3725
93441,7,vs_nx2nathf_130,0,0,2.4745
94455,7,vs_nx2nathf_135,0,0,5.051
94583,7,as_na_steamlong1,0,0,0.0
95572,7,vs_nx2narrm_56,0,0,18.9541
95573,7,vs_nx2narrm_55,0,0,39.234699
95574,7,vs_nx2narrm_54,0,0,38.775501
95576,7,vs_nx2narrm_52,0,0,34.719398
95630,7,vs_naribetf_095,0,0,9.0816
95654,7,c_slaadpow_slct,0,0,1.9643
95823,7,c_mephit_no,0,0,0.5612
95836,7,c_mephit_no,0,0,0.5612
95838,7,c_mephit_hit2,0,0,0.5868
95839,7,c_mephit_bat2,0,0,1.7857
95877,7,c_mephit_dead,0,0,1.6837
95878,7,vs_nx2arief_move,0,0,0.9694
98827,7,vs_nx2mephm_89,0,0,16.275499
98828,7,vs_nx2mephm_89,0,0,16.275499
98969,6,vs_nx2mephm_107,0,0,8.1378
98970,7,vs_nx2mephm_warn,0,0,3.9031
98971,7,vs_nx2mephm_bat3,0,0,3.5715
98972,7,vs_nx2mephm_bat2,0,0,2.9082
98973,7,vs_nx2mephm_bat1,0,0,2.3979
98974,7,vs_nx2mephm_attk,0,0,6.3775
98975,7,vs_nx2mephm_bye,0,0,3.1632
98976,6,vs_nx2mephm_107,0,0,8.1378
99031,7,c_wolf_yes,0,0,0.6888
99032,7,c_wolfwint_bat1,0,0,2.8826
99034,7,c_wolf_atk1,0,0,1.1479
99035,7,c_wolfwint_bat1,0,0,2.8826
99037,7,c_wolf_hit2,0,0,0.3572
99038,7,c_wolf_hit1,0,0,0.5612
99039,7,c_wolf_yes,0,0,0.6888
99040,7,c_wolf_yes,0,0,0.6888
99094,7,vs_nx2arief_move,0,0,0.9694
100782,7,vs_nx2nathf_59,0,0,0.0
100783,7,vs_nx2nathf_60,0,0,0.0
100784,7,vs_nx2nathf_61,0,0,0.0
100785,7,vs_nx2nathf_62,0,0,0.0
100786,7,vs_nx2nathf_63,0,0,0.0
100787,7,vs_nx2nathf_64,0,0,0.0
100788,7,vs_nx2nathf_65,0,0,0.0
100789,7,vs_nx2nathf_66,0,0,0.0
100790,7,vs_nx2nathf_67,0,0,0.0
100791,7,vs_nx2nathf_68,0,0,0.0
100792,7,vs_nx2nathf_69,0,0,0.0
100794,7,vs_nx2nathf_71,0,0,0.0
100795,7,vs_nx2nathf_72,0,0,0.0
100796,7,vs_nx2nathf_73,0,0,0.0
100797,7,vs_nx2nathf_74,0,0,0.0
100798,7,vs_nx2nathf_75,0,0,0.0
100799,7,vs_nx2nathf_76,0,0,0.0
100800,7,vs_nx2nathf_77,0,0,0.0
100801,7,vs_nx2nathf_78,0,0,0.0
100802,7,vs_nx2nathf_79,0,0,0.0
100803,7,vs_nx2nathf_80,0,0,0.0
100804,7,vs_nx2nathf_81,0,0,0.0
100805,7,vs_nx2nathf_82,0,0,0.0
100806,7,vs_nx2nathf_83,0,0,0.0
100807,7,vs_nx2nathf_84,0,0,0.0
100808,7,vs_nx2nathf_85,0,0,0.0
100809,7,vs_nx2nathf_86,0,0,0.0
100810,7,vs_nx2nathf_87,0,0,0.0
100811,7,vs_nx2nathf_88,0,0,0.0
100812,7,vs_nx2nathf_89,0,0,0.0
100813,7,vs_nx2nathf_90,0,0,0.0
100814,7,vs_nx2nathf_91,0,0,0.0
100815,7,vs_nx2nathf_92,0,0,0.0
100816,7,vs_nx2nathf_93,0,0,0.0
100817,7,vs_nx2nathf_94,0,0,0.0
100818,7,vs_nx2nathf_95,0,0,0.0
100819,7,vs_nx2nathf_96,0,0,0.0
100820,7,vs_nx2nathf_97,0,0,0.0
100821,7,vs_nx2nathf_98,0,0,0.0
100822,7,vs_nx2nathf_99,0,0,0.0
100823,7,vs_nx2nathf_100,0,0,0.0
100824,7,vs_nx2nathf_101,0,0,0.0
100825,7,vs_nx2nathf_102,0,0,0.0
100826,7,vs_nx2nathf_103,0,0,0.0
100827,7,vs_nx2nathf_104,0,0,0.0
100828,7,vs_nx2nathf_105,0,0,0.0
100829,7,vs_nx2nathf_106,0,0,0.0
100830,7,vs_nx2nathf_107,0,0,0.0
100831,7,vs_nx2nathf_108,0,0,0.0
100832,7,vs_nx2nathf_109,0,0,0.0
100833,7,vs_nx2nathf_110,0,0,0.0
100834,7,vs_nx2nathf_111,0,0,0.0
100835,7,vs_nx2nathf_112,0,0,0.0
100836,7,vs_nx2nathf_113,0,0,0.0
100837,7,vs_nx2nathf_114,0,0,0.0
100838,7,vs_nx2nathf_115,0,0,0.0
100839,7,vs_nx2nathf_116,0,0,0.0
100840,7,vs_nx2nathf_117,0,0,0.0
100841,7,vs_nx2nathf_118,0,0,0.0
100842,7,vs_nx2nathf_119,0,0,0.0
100843,7,vs_nx2nathf_120,0,0,0.0
100844,7,vs_nx2nathf_121,0,0,0.0
100845,7,vs_nx2nathf_122,0,0,0.0
100846,7,vs_nx2nathf_123,0,0,0.0
100847,7,vs_nx2nathf_124,0,0,0.0
100848,7,vs_nx2nathf_125,0,0,0.0
100849,7,vs_nx2nathf_126,0,0,0.0
100850,7,vs_nx2nathf_127,0,0,0.0
100851,7,vs_nx2nathf_128,0,0,0.0
100852,7,vs_nx2nathf_129,0,0,0.0
100896,7,vs_nx2nathf_136,0,0,0.0
100897,7,vs_nx2nathf_137,0,0,0.0
100898,7,vs_nx2nathf_138,0,0,0.0
100899,7,vs_nx2nathf_139,0,0,0.0
100900,7,vs_nx2nathf_140,0,0,0.0
100901,7,vs_nx2nathf_141,0,0,0.0
100902,7,vs_nx2nathf_142,0,0,0.0
100903,7,vs_nx2nathf_143,0,0,0.0
100904,7,vs_nx2nathf_144,0,0,0.0
100905,7,vs_nx2nathf_145,0,0,0.0
100906,7,vs_nx2nathf_146,0,0,0.0
100907,7,vs_nx2nathf_147,0,0,0.0
100908,7,vs_nx2nathf_148,0,0,0.0
100909,7,vs_nx2nathf_149,0,0,0.0
100910,7,vs_nx2nathf_150,0,0,0.0
100911,7,vs_nx2nathf_151,0,0,0.0
100912,7,vs_nx2nathf_152,0,0,0.0
100913,7,vs_nx2nathf_153,0,0,0.0
100914,7,vs_nx2nathf_154,0,0,0.0
100915,7,vs_nx2nathf_155,0,0,0.0
100916,7,vs_nx2nathf_156,0,0,0.0
100917,7,vs_nx2nathf_157,0,0,0.0
100918,7,vs_nx2nathf_158,0,0,0.0
100919,7,vs_nx2nathf_159,0,0,0.0
100920,7,vs_nx2nathf_160,0,0,0.0
100921,7,vs_nx2nathf_161,0,0,0.0
100922,7,vs_nx2nathf_162,0,0,0.0
100923,7,vs_nx2nathf_163,0,0,0.0
100966,7,vs_nx2halam_hit1,0,0,0.0
100981,7,vs_nx2valem_51,0,0,0.0
100982,7,vs_nx2valem_52,0,0,0.0
100983,7,vs_nx2valem_53,0,0,0.0
100984,7,vs_nx2valem_54,0,0,0.0
100985,7,vs_nx2valem_55,0,0,0.0
100986,7,vs_nx2valem_56,0,0,0.0
100987,7,vs_nx2valem_57,0,0,0.0
100988,7,vs_nx2valem_58,0,0,0.0
100989,7,vs_nx2valem_59,0,0,0.0
100990,7,vs_nx2valem_60,0,0,0.0
100991,7,vs_nx2valem_61,0,0,0.0
100992,7,vs_nx2valem_62,0,0,0.0
100993,7,vs_nx2valem_63,0,0,0.0
100994,7,vs_nx2valem_64,0,0,0.0
100995,7,vs_nx2valem_65,0,0,0.0
100996,7,vs_nx2valem_66,0,0,0.0
100997,7,vs_nx2valem_67,0,0,0.0
100998,7,vs_nx2valem_68,0,0,0.0
100999,7,vs_nx2valem_69,0,0,0.0
101000,7,vs_nx2valem_70,0,0,0.0
101001,7,vs_nx2valem_71,0,0,0.0
101002,7,vs_nx2valem_72,0,0,0.0
101003,7,vs_nx2valem_73,0,0,0.0
101004,7,vs_nx2valem_74,0,0,0.0
101005,7,vs_nx2valem_75,0,0,0.0
101006,7,vs_nx2valem_76,0,0,0.0
101007,7,vs_nx2valem_77,0,0,0.0
101008,7,vs_nx2valem_78,0,0,0.0
101009,7,vs_nx2valem_79,0,0,0.0
101010,7,vs_nx2valem_80,0,0,0.0
101011,7,vs_nx2valem_81,0,0,0.0
101012,7,vs_nx2valem_82,0,0,0.0
101013,7,vs_nx2valem_83,0,0,0.0
101014,7,vs_nx2valem_84,0,0,0.0
101015,7,vs_nx2valem_85,0,0,0.0
101016,7,vs_nx2valem_86,0,0,0.0
101017,7,vs_nx2valem_87,0,0,0.0
101018,7,vs_nx2valem_88,0,0,0.0
101019,7,vs_nx2valem_89,0,0,0.0
101020,7,vs_nx2valem_90,0,0,0.0
101021,7,vs_nx2valem_91,0,0,0.0
101026,7,vs_nx2valem_92,0,0,0.0
101027,7,vs_nx2valem_93,0,0,0.0
101028,7,vs_nx2valem_94,0,0,0.0
101032,7,vs_nx2valem_95,0,0,0.0
101036,7,vs_nx2valem_96,0,0,0.0
101037,7,vs_nx2valem_97,0,0,0.0
101038,7,vs_nx2valem_98,0,0,0.0
101039,7,vs_nx2valem_99,0,0,0.0
101040,7,vs_nx2valem_100,0,0,0.0
101041,7,vs_nx2valem_101,0,0,0.0
101042,7,vs_nx2valem_102,0,0,0.0
101043,7,vs_nx2valem_103,0,0,0.0
101044,7,vs_nx2valem_104,0,0,0.0
101045,7,vs_nx2valem_105,0,0,0.0
101046,7,vs_nx2valem_106,0,0,0.0
101047,7,vs_nx2valem_107,0,0,0.0
101048,7,vs_nx2valem_108,0,0,0.0
101049,7,vs_nx2valem_109,0,0,0.0
101050,7,vs_nx2valem_110,0,0,0.0
101051,7,vs_nx2valem_111,0,0,0.0
101052,7,vs_nx2valem_112,0,0,0.0
101053,7,vs_nx2valem_113,0,0,0.0
101054,7,vs_nx2valem_114,0,0,0.0
101055,7,vs_nx2valem_115,0,0,0.0
101056,7,vs_nx2valem_116,0,0,0.0
101057,7,vs_nx2valem_117,0,0,0.0
101058,7,vs_nx2valem_118,0,0,0.0
101059,7,vs_nx2valem_119,0,0,0.0
101060,7,vs_nx2valem_120,0,0,0.0
101061,7,vs_nx2valem_121,0,0,0.0
101062,7,vs_nx2valem_122,0,0,0.0
101063,7,vs_nx2valem_123,0,0,0.0
101064,7,vs_nx2valem_124,0,0,0.0
101065,7,vs_nx2valem_125,0,0,0.0
101066,7,vs_nx2valem_126,0,0,0.0
101067,7,vs_nx2valem_127,0,0,0.0
101068,7,vs_nx2valem_128,0,0,0.0
101069,7,vs_nx2valem_129,0,0,0.0
101070,7,vs_nx2valem_130,0,0,0.0
101071,7,vs_nx2valem_131,0,0,0.0
101072,7,vs_nx2valem_132,0,0,0.0
101073,7,vs_nx2valem_133,0,0,0.0
101074,7,vs_nx2valem_134,0,0,0.0
101075,7,vs_nx2valem_135,0,0,0.0
101076,7,vs_nx2valem_136,0,0,0.0
101077,7,vs_nx2valem_137,0,0,0.0
101078,7,vs_nx2valem_138,0,0,0.0
101079,7,vs_nx2valem_139,0,0,0.0
101080,7,vs_nx2valem_140,0,0,0.0
101081,7,vs_nx2valem_141,0,0,0.0
101082,7,vs_nx2valem_142,0,0,0.0
101083,7,vs_nx2valem_143,0,0,0.0
101084,7,vs_nx2valem_144,0,0,0.0
101085,7,vs_nx2valem_145,0,0,0.0
101763,7,vs_nx2nathf_57,0,0,0.0
102085,7,vs_nx2nathf_117,0,0,0.0
102748,7,vs_nx2valem_58,0,0,0.0
103136,7,vs_nx2nathf_117,0,0,0.0
104096,7,as_cv_eulpipe1,0,0,0.0
104730,7,vs_nx2drprf_57,0,0,0.0
104754,7,as_pl_ailingm3,0,0,0.0
104755,7,vs_nx2slavm_51,0,0,0.0
104756,7,as_pl_ailingm1,0,0,0.0
105096,7,al_na_sludggrat1,0,0,0.0
105422,7,vs_nx2divaf_dead,0,0,0.0
105813,7,vs_nx2duerf_53,0,0,0.0
105888,7,vs_nx2golbm_55,0,0,0.0
105889,7,vs_nx2golbm_54,0,0,0.0
106010,7,vs_nx2golbm_59,0,0,0.0
106011,7,vs_nx2golbm_60,0,0,0.0
106012,7,vs_nx2golgm_59,0,0,0.0
106013,7,vs_nx2golgm_60,0,0,0.0
106015,7,vs_nx2golgm_58,0,0,0.0
106016,7,vs_nx2golgm_55,0,0,0.0
107177,7,vs_nx2mephm_51,0,0,0.0
107198,7,vs_nx2matrf_63,0,0,0.0
107207,7,vs_nx2matrf_64,0,0,0.0
107208,7,vs_nx2matrf_65,0,0,0.0
107211,7,vs_nx2matrf_66,0,0,0.0
107212,7,vs_nx2matrf_68,0,0,0.0
107213,7,vs_nx2matrf_69,0,0,0.0
107214,7,vs_nx2matrf_67,0,0,0.0
107528,7,vs_nx2seerf_88,0,0,0.0
107534,7,vs_nx2seerf_89,0,0,0.0
108655,7,vs_nx2narrm_50,0,0,0.0
108656,7,vs_nx2narrm_51,0,0,0.0
108657,7,vs_nx2narrm_53,0,0,0.0
109566,7,vs_nx2deekm_109,0,0,0.0
109663,7,c_slaadpow_slct,0,0,0.0
109792,7,c_devil_bat2,0,0,0.0
109793,7,c_behold_slct,0,0,0.0
109794,7,c_devil_bat1,0,0,0.0
109795,7,c_behold_bat1,0,0,0.0
110126,7,vs_nx2gatem_50,0,0,0.0
110143,7,vs_nx2gatem_50,0,0,0.0
110172,7,vs_nx2gatem_51,0,0,0.0
110181,7,vs_nx2gatem_50,0,0,0.0
110183,7,vs_nx2gatem_50,0,0,0.0
110186,7,vs_nx2gatem_50,0,0,0.0
110201,7,vs_nx2gatem_54,0,0,0.0
110202,7,vs_nx2gatem_53,0,0,0.0
110363,7,vs_nx2duerf_53,0,0,0.0
