Resource,ResType,FieldPath,LangID,StrRef,TextEng,Text
bastionoftheenem,git,Creature List/15/ItemList/2/LocalizedName,0,-1,Orc Key,
bastionoftheenem,git,Creature List/27/ItemList/0/LocalizedName,0,-1,Duergar Key,
bastionoftheenem,git,Creature List/34/FirstName,0,2924,Kobold,
bastionoftheenem,git,Creature List/42/FirstName,0,2925,Kobold Thug,
bastionoftheenem,git,Creature List/42/ItemList/0/LocalizedName,0,-1,Kobold Key,
bastionoftheenem,git,Creature List/44/ItemList/0/LocalizedName,0,-1,Drow Key,
bastionoftheenem,git,Creature List/53/Description,0,64101,"The drow are an evil subrace of elves, living deep underground in the dangerous Underdark.",
bastionoftheenem,git,Creature List/6/FirstName,0,3100,Hobgoblin Chieftain,
bastionoftheenem,git,Creature List/6/ItemList/0/LocalizedName,0,-1,Goblin Key,
bastionoftheenem,git,Door List/0/LocName,0,5349,Door,
bastionoftheenem,git,Encounter List/1/LocalizedName,0,14506,"Orc, Low Group",
bastionoftheenem,git,Encounter List/2/LocalizedName,0,91343,Duergar Encounter,
bastionoftheenem,git,Encounter List/3/LocalizedName,0,91348,Kobold Encounter,
bastionoftheenem,git,Placeable List/0/Description,0,14703,The small pressure plate appears to activate some hidden mechanism below.,
bastionoftheenem,git,Placeable List/0/LocName,0,14704,Mysterious Bracket,
bastionoftheenem,git,Placeable List/1/LocName,0,14704,Mysterious Bracket,
bastionoftheenem,git,Placeable List/10/LocName,0,83421,Large Rotating Mirror,
bastionoftheenem,git,Placeable List/11/Description,0,84167,"You gaze back at your own reflection created by the shiny surface of this huge, stone-framed mirror.",
bastionoftheenem,git,Placeable List/11/LocName,0,83421,Large Rotating Mirror,
bastionoftheenem,git,Placeable List/14/LocName,0,83421,Large Rotating Mirror,
bastionoftheenem,git,Placeable List/15/LocName,0,83421,Large Rotating Mirror,
bastionoftheenem,git,Placeable List/18/LocName,0,5800,Terminator Junction,
bastionoftheenem,git,Placeable List/19/Description,0,14662,"You look about you, suspicious, but see nothing.",
bastionoftheenem,git,Placeable List/19/LocName,0,5800,Terminator Junction,
bastionoftheenem,git,Placeable List/2/LocName,0,14704,Mysterious Bracket,
bastionoftheenem,git,Placeable List/20/LocName,0,5800,Terminator Junction,
bastionoftheenem,git,Placeable List/21/LocName,0,5800,Terminator Junction,
bastionoftheenem,git,Placeable List/22/LocName,0,5800,Terminator Junction,
bastionoftheenem,git,Placeable List/23/LocName,0,5800,Terminator Junction,
bastionoftheenem,git,Placeable List/24/LocName,0,5800,Terminator Junction,
bastionoftheenem,git,Placeable List/25/LocName,0,5800,Terminator Junction,
bastionoftheenem,git,Placeable List/26/LocName,0,5800,Terminator Junction,
bastionoftheenem,git,Placeable List/27/LocName,0,5800,Terminator Junction,
bastionoftheenem,git,Placeable List/28/LocName,0,5800,Terminator Junction,
bastionoftheenem,git,Placeable List/29/LocName,0,5800,Terminator Junction,
bastionoftheenem,git,Placeable List/3/Description,0,14703,The small pressure plate appears to activate some hidden mechanism below.,
bastionoftheenem,git,Placeable List/3/LocName,0,14704,Mysterious Bracket,
bastionoftheenem,git,Placeable List/30/LocName,0,5800,Terminator Junction,
bastionoftheenem,git,Placeable List/31/LocName,0,5800,Terminator Junction,
bastionoftheenem,git,Placeable List/32/LocName,0,5800,Terminator Junction,
bastionoftheenem,git,Placeable List/33/LocName,0,5800,Terminator Junction,
bastionoftheenem,git,Placeable List/34/LocName,0,5800,Terminator Junction,
bastionoftheenem,git,Placeable List/35/LocName,0,5800,Terminator Junction,
bastionoftheenem,git,Placeable List/36/Description,0,14662,"You look about you, suspicious, but see nothing.",
bastionoftheenem,git,Placeable List/36/LocName,0,5800,Terminator Junction,
bastionoftheenem,git,Placeable List/37/LocName,0,5800,Terminator Junction,
bastionoftheenem,git,Placeable List/38/LocName,0,5800,Terminator Junction,
bastionoftheenem,git,Placeable List/39/LocName,0,5800,Terminator Junction,
bastionoftheenem,git,Placeable List/4/LocName,0,14704,Mysterious Bracket,
bastionoftheenem,git,Placeable List/40/LocName,0,5800,Terminator Junction,
bastionoftheenem,git,Placeable List/41/LocName,0,5800,Terminator Junction,
bastionoftheenem,git,Placeable List/42/LocName,0,5800,Terminator Junction,
bastionoftheenem,git,Placeable List/43/LocName,0,5800,Terminator Junction,
bastionoftheenem,git,Placeable List/44/LocName,0,5800,Terminator Junction,
bastionoftheenem,git,Placeable List/45/LocName,0,5800,Terminator Junction,
bastionoftheenem,git,Placeable List/46/LocName,0,5800,Terminator Junction,
bastionoftheenem,git,Placeable List/47/LocName,0,5800,Terminator Junction,
bastionoftheenem,git,Placeable List/48/LocName,0,5800,Terminator Junction,
bastionoftheenem,git,Placeable List/49/LocName,0,5800,Terminator Junction,
bastionoftheenem,git,Placeable List/5/Description,0,14703,The small pressure plate appears to activate some hidden mechanism below.,
bastionoftheenem,git,Placeable List/5/LocName,0,14704,Mysterious Bracket,
bastionoftheenem,git,Placeable List/50/LocName,0,5800,Terminator Junction,
bastionoftheenem,git,Placeable List/51/LocName,0,5800,Terminator Junction,
bastionoftheenem,git,Placeable List/52/LocName,0,5800,Terminator Junction,
bastionoftheenem,git,Placeable List/53/LocName,0,5800,Terminator Junction,
bastionoftheenem,git,Placeable List/54/LocName,0,5800,Terminator Junction,
bastionoftheenem,git,Placeable List/55/LocName,0,5800,Terminator Junction,
bastionoftheenem,git,Placeable List/56/LocName,0,5800,Terminator Junction,
bastionoftheenem,git,Placeable List/57/LocName,0,5800,Terminator Junction,
bastionoftheenem,git,Placeable List/58/LocName,0,5800,Terminator Junction,
bastionoftheenem,git,Placeable List/59/LocName,0,5800,Terminator Junction,
bastionoftheenem,git,Placeable List/60/LocName,0,5800,Terminator Junction,
bastionoftheenem,git,Placeable List/61/LocName,0,83421,Large Rotating Mirror,
bastionoftheenem,git,Placeable List/62/LocName,0,14704,Mysterious Bracket,
bastionoftheenem,git,Placeable List/63/Description,0,14662,"You look about you, suspicious, but see nothing.",
bastionoftheenem,git,Placeable List/63/LocName,0,5800,Terminator Junction,
bastionoftheenem,git,Placeable List/64/LocName,0,5800,Terminator Junction,
bastionoftheenem,git,Placeable List/65/LocName,0,5800,Terminator Junction,
bastionoftheenem,git,Placeable List/66/Description,0,14662,"You look about you, suspicious, but see nothing.",
bastionoftheenem,git,Placeable List/67/Description,0,14662,"You look about you, suspicious, but see nothing.",
bastionoftheenem,git,Placeable List/7/Description,0,84588,"This is a large control panel, with what might be a viewing panel embedded in it. ",
bastionoftheenem,git,Placeable List/72/LocName,0,5800,Terminator Junction,
bastionoftheenem,git,Placeable List/73/LocName,0,5800,Terminator Junction,
bastionoftheenem,git,Placeable List/74/LocName,0,5800,Terminator Junction,
bastionoftheenem,git,Placeable List/75/LocName,0,5800,Terminator Junction,
bastionoftheenem,git,Placeable List/76/LocName,0,5800,Terminator Junction,
bastionoftheenem,git,Placeable List/77/LocName,0,5800,Terminator Junction,
bastionoftheenem,git,Placeable List/78/LocName,0,5800,Terminator Junction,
bastionoftheenem,git,Placeable List/79/LocName,0,5800,Terminator Junction,
bastionoftheenem,git,Placeable List/8/LocName,0,84569,Glowing Mechanism,
bastionoftheenem,git,Placeable List/80/LocName,0,5800,Terminator Junction,
bastionoftheenem,git,Placeable List/81/LocName,0,5800,Terminator Junction,
bastionoftheenem,git,Placeable List/82/LocName,0,5800,Terminator Junction,
bastionoftheenem,git,Placeable List/83/LocName,0,5800,Terminator Junction,
bastionoftheenem,git,Placeable List/84/Description,0,14662,"You look about you, suspicious, but see nothing.",
bastionoftheenem,git,Placeable List/84/LocName,0,5800,Terminator Junction,
bastionoftheenem,git,Placeable List/85/Description,0,14662,"You look about you, suspicious, but see nothing.",
bastionoftheenem,git,Placeable List/85/LocName,0,5800,Terminator Junction,
bastionoftheenem,git,Placeable List/86/Description,0,14662,"You look about you, suspicious, but see nothing.",
bastionoftheenem,git,Placeable List/86/LocName,0,5800,Terminator Junction,
bastionoftheenem,git,Placeable List/88/LocName,0,5800,Masked Man,
bastionoftheenem,git,Placeable List/89/Description,0,84167,"You gaze back at your own reflection created by the shiny surface of this huge, stone-framed mirror.",
bastionoftheenem,git,Placeable List/89/LocName,0,83421,Large Rotating Mirror,
bastionoftheenem,git,Placeable List/9/LocName,0,84569,Glowing Mechanism,
bastionoftheenem,git,Placeable List/90/LocName,0,5800,Terminator Junction,
bastionoftheenem,git,Placeable List/91/LocName,0,5800,Terminator Junction,
bastionoftheenem,git,TriggerList/0/LocalizedName,0,-1,"OS One-Liner, Non-Random",
bastionoftheenem,git,TriggerList/1/LocalizedName,0,14759,Henchmen Illithid,
bastionoftheenem,git,TriggerList/2/LocalizedName,0,14759,Henchmen End Election,
bastionoftheenem,git,TriggerList/3/LocalizedName,0,14759,Invisible Illithid Trigger,
bastionoftheenem,git,TriggerList/4/LocalizedName,0,14759,Invisible Illithid Trigger,
bastionoftheenem,git,TriggerList/5/LocalizedName,0,14759,Henchmen Crazy,
bastionoftheenem,git,WaypointList/4/LocalizedName,0,14817,Mapnote: Exit Waypoint,
bastionoftheenem,git,WaypointList/4/MapNote,0,-1,Exit,
bastionoftheenem,git,WaypointList/5/LocalizedName,0,14817,Captain Waypoint,
bastionoftheenem,git,WaypointList/7/LocalizedName,0,14817,q3_way_henchfleeX,
ccaves,git,Creature List/1/Equip_ItemList/0/LocalizedName,0,-1,Slam 1d6+4 (+1d6 Acid + Paralyze),
ccaves,git,Creature List/1/FirstName,0,-1,Gelatinous Cube,
ccaves,git,Creature List/4/FirstName,0,-1,Dying Woman,
ccaves,git,Creature List/5/Equip_ItemList/0/LocalizedName,0,178,Duergar Hammer,
ccaves,git,Creature List/5/ItemList/0/LocalizedName,0,-1,Psionic Gem,
ccaves,git,Creature List/5/ItemList/1/LocalizedName,0,-1,Duergar Head,
ccaves,git,Door List/3/LocName,0,5349,Door,
ccaves,git,Door List/7/LocName,0,5349,Dungeon Exit,
ccaves,git,Placeable List/0/Description,0,14595,"Red: North of Green
Yellow: East of Red
Blue: East of Purple
Purple: South of Yellow
Green: West of Purple
Orange: North of Blue",
ccaves,git,Placeable List/0/ItemList/0/LocalizedName,0,-1,Barbed Key,
ccaves,git,Placeable List/0/ItemList/1/LocalizedName,0,-1,Copper Key,
ccaves,git,Placeable List/0/ItemList/2/LocalizedName,0,-1,Gold Key,
ccaves,git,Placeable List/0/ItemList/3/LocalizedName,0,-1,Shell Key,
ccaves,git,Placeable List/0/ItemList/4/LocalizedName,0,-1,Silver Key,
ccaves,git,Placeable List/0/ItemList/5/LocalizedName,0,-1,Skull Key,
ccaves,git,Placeable List/0/ItemList/6/LocalizedName,0,-1,Tooth Key,
ccaves,git,Placeable List/0/LocName,0,5348,Key Box,
ccaves,git,Placeable List/1/Description,0,84170,This statue depicts a humanoid creature in a worshipping pose. It must be made from some kind of stone not affected by the flames engulfing statues head and hands.,
ccaves,git,Placeable List/29/Description,0,84170,This statue depicts a humanoid creature in a worshipping pose. It must be made from some kind of stone not affected by the flames engulfing statues head and hands.,
ccaves,git,Placeable List/30/Description,0,84170,This statue depicts a humanoid creature in a worshipping pose. It must be made from some kind of stone not affected by the flames engulfing statues head and hands.,
ccaves,git,Placeable List/8/ItemList/1/DescIdentified,0,13349,"Relics from the Age of the Magi, these bracers can still be found in the common gear of most adventurers. Anything that makes an adventurer quicker and harder to hit is a must-have item.",
ccaves,git,TriggerList/0/LocalizedName,0,-1,"OS One-Liner, Non-Random",
ccaves,git,WaypointList/0/LocalizedName,0,14817,Shell Key Waypoint,
ccaves,git,WaypointList/1/LocalizedName,0,14817,Barbed Key Waypoint,
ccaves,git,WaypointList/2/LocalizedName,0,14817,Gold Key Waypoint,
ccaves,git,WaypointList/3/LocalizedName,0,14817,Skull Key Waypoint,
ccaves,git,WaypointList/4/LocalizedName,0,14817,Tooth Key Waypoint,
ccaves,git,WaypointList/5/LocalizedName,0,14817,Copper Key Waypoint,
ccaves,git,WaypointList/6/LocalizedName,0,14817,Silver Key Waypoint,
ccaves,git,WaypointList/7/LocalizedName,0,14817,Fire Elemental Waypoint,
ecumenicaltemple,git,Creature List/0/Description,0,-1,Rafael is the priest of the Merchant God Callahi.,
ecumenicaltemple,git,Creature List/0/Equip_ItemList/0/LocalizedName,0,13798,Golden Plate,
ecumenicaltemple,git,Creature List/0/FirstName,0,-1,Rafael,
ecumenicaltemple,git,Creature List/0/LastName,0,-1,Leonallomen,
ecumenicaltemple,git,Creature List/1/Description,0,-1,"This is Lavos, priestess to Mistress Death, a powerful goddess.",
ecumenicaltemple,git,Creature List/1/Equip_ItemList/0/LocalizedName,0,13759,Black Dragon Armor,
ecumenicaltemple,git,Creature List/1/Equip_ItemList/1/LocalizedName,0,-1,Boots of Striding +6,
ecumenicaltemple,git,Creature List/1/Equip_ItemList/2/LocalizedName,0,-1,Bracers of Armor +6,
ecumenicaltemple,git,Creature List/1/Equip_ItemList/7/LocalizedName,0,-1,Belt of Cloud Giant Strength,
ecumenicaltemple,git,Creature List/1/FirstName,0,-1,Lavos,
ecumenicaltemple,git,Creature List/1/LastName,0,-1,Gallian,
ecumenicaltemple,git,Creature List/2/Description,0,-1,This is one of the pious members of the keep.,
ecumenicaltemple,git,Creature List/2/FirstName,0,-1,Worshipper,
ecumenicaltemple,git,Creature List/3/Description,0,-1,This is one of the pious members of the keep.,
ecumenicaltemple,git,Creature List/3/FirstName,0,-1,Worshipper,
ecumenicaltemple,git,Creature List/4/Description,0,-1,This is one of the pious members of the keep.,
ecumenicaltemple,git,Creature List/4/FirstName,0,-1,Worshipper,
ecumenicaltemple,git,Creature List/5/Description,0,-1,This is one of the pious members of the keep.,
ecumenicaltemple,git,Creature List/5/FirstName,0,-1,Worshipper,
ecumenicaltemple,git,Door List/0/LocName,0,5349,Temple Exit,
ecumenicaltemple,git,Placeable List/0/LocName,0,68931,Shrine to Mistress Death,
ecumenicaltemple,git,Placeable List/10/Description,0,-1,"The shrine to Callahi is, of course, an outstretched hand, ready to accept donations.",
ecumenicaltemple,git,Placeable List/10/LocName,0,14541,Shrine to Callahi,
ecumenicaltemple,git,Placeable List/11/Description,0,84157,This is the dark shrine to Veragok.,
ecumenicaltemple,git,Placeable List/11/LocName,0,83413,Shrine to Veragok,
ecumenicaltemple,git,Placeable List/12/LocName,0,14541,Shrine to Rictos,
ecumenicaltemple,git,Placeable List/13/LocName,0,5739,Shrine to Suhili,
ecumenicaltemple,git,Placeable List/14/Description,0,14732,"This is the shrine to Pharos, god of war and judgement.",
ecumenicaltemple,git,Placeable List/14/LocName,0,14536,Shrine to Pharos,
ecumenicaltemple,git,Placeable List/15/Description,0,14543,"The shrine to Jaess is humble and unassuming, fulfilling its purpose without a great show of extravagance.",
ecumenicaltemple,git,Placeable List/15/LocName,0,14541,Shrine to Jaess,
ecumenicaltemple,git,Placeable List/16/Description,0,84167,There is no surprise that the shrine to the god of beauty is a mirror.,
ecumenicaltemple,git,Placeable List/16/LocName,0,83421,Shrine to Tamose,
ecumenicaltemple,git,Placeable List/9/LocName,0,14734,Shrine to Churl,
ecumenicaltemple,git,StoreList/0/LocName,0,-1,Temple Store,
ecumenicaltemple,git,StoreList/0/StoreList/0/ItemList/10/DescIdentified,0,13809,"Made from the bones of a creature long extinct, this kind of armor is rare and highly sought after. Rumors tell of a recent find in the north of Valratha, where several skeletons of this creature have been found.",
ecumenicaltemple,git,StoreList/0/StoreList/0/ItemList/11/DescIdentified,0,67761,"The god Callahi expects his followers to have ""honey-tongues"" when dealing with others. For those who do not come by this naturally, there are always magical enhancments. While many consider such enhancements to be mere vanity, many merchants will swear that they have doubled their profits with said assistance.",
ecumenicaltemple,git,StoreList/0/StoreList/0/ItemList/28/DescIdentified,0,67769,"Suhili herself is said to have blessed these belts when the greatest of her clerics, Selduna Rai, held a week long pagent in her honor. The followers of Suhili continue to use these belts in their war on the undead.",
ecumenicaltemple,git,StoreList/0/StoreList/0/ItemList/29/DescIdentified,0,13334,"Blessed by priests of Calahi the god of merchants and travel, these boots seem to make even the most arduous journey easier and more pleasant. This is accomplished not by increasing the wearer's speed, but by making him hardier and more resistant to pain. Numerous versions of these boots exist, their power varying largely in accordance with the priest who blessed them.",
ecumenicaltemple,git,StoreList/0/StoreList/0/ItemList/33/DescIdentified,0,56655,The Temple of the Nine Gods has invested time and energy into various cloaks that can be used by the followers of their wide-ranging beliefs.,
ecumenicaltemple,git,StoreList/0/StoreList/0/ItemList/34/DescIdentified,0,56653,The Temple of the Nine Gods has invested time and energy into various cloaks that can be used by the followers of their wide-ranging beliefs.,
ecumenicaltemple,git,StoreList/0/StoreList/0/ItemList/35/DescIdentified,0,56651,The Temple of the Nine Gods has invested time and energy into various cloaks that can be used by the followers of their wide-ranging beliefs.,
ecumenicaltemple,git,StoreList/0/StoreList/0/ItemList/36/DescIdentified,0,56657,The Temple of the Nine Gods has invested time and energy into various cloaks that can be used by the followers of their wide-ranging beliefs.,
ecumenicaltemple,git,StoreList/0/StoreList/3/ItemList/2/DescIdentified,0,56634,"Thebe the Forceful was a great leader in the worship halls of Pharos. In honor of her life, her death day is celebrated every year with the creation of these amulets of will power.",
ecumenicaltemple,git,StoreList/0/StoreList/3/ItemList/3/DescIdentified,0,56634,"Thebe the Forceful was a great leader in the worship halls of Pharos. In honor of her life, her death day is celebrated every year with the creation of these amulets of will power.",
ecumenicaltemple,git,StoreList/0/StoreList/4/ItemList/1/DescIdentified,0,48889,"This appears to be a piece of simple gold jewelry used to fasten a cloak or cape. In addition to this mundane task, the Brooch of Shielding can be activated with a touch to place an invisible field of force around the wearer, granting extra protection and immunity to magic missiles.
",
ecumenicaltemple,git,TriggerList/0/LocalizedName,0,-1,"OS One-Liner, Non-Random",
ecumenicaltemple,git,WaypointList/0/LocalizedName,0,14817,Dynschall Home Waypoint,
ecumenicaltemple,git,WaypointList/1/LocalizedName,0,14817,Slave Waypoint,
emptybtlthree,git,Creature List/0/Description,0,-1,These elven twins are the leaders of a merchant caravan.,
emptybtlthree,git,Creature List/0/FirstName,0,-1,Alenor,
emptybtlthree,git,Creature List/0/LastName,0,-1,Kinthalis,
emptybtlthree,git,Creature List/1/Description,0,-1,These elven twins are the leaders of a merchant caravan.,
emptybtlthree,git,Creature List/1/FirstName,0,-1,Alexis,
emptybtlthree,git,Creature List/1/LastName,0,-1,Kinthalis,
emptybtlthree,git,Creature List/16/FirstName,0,12457,Dog,
emptybtlthree,git,Creature List/2/Description,0,-1,This is one of the caravan guards.,
emptybtlthree,git,Creature List/2/FirstName,0,-1,Guard,
emptybtlthree,git,Creature List/3/Description,0,-1,This is one of the caravan guards.,
emptybtlthree,git,Creature List/3/FirstName,0,-1,Guard,
emptybtlthree,git,Creature List/4/Description,0,-1,This is one of the caravan guards.,
emptybtlthree,git,Creature List/4/FirstName,0,-1,Guard,
emptybtlthree,git,Creature List/5/Description,0,-1,This is one of the caravan guards.,
emptybtlthree,git,Creature List/5/FirstName,0,-1,Guard,
emptybtlthree,git,Door List/0/LocName,0,5349,Cave Passage,
emptybtlthree,git,Door List/3/LocName,0,5349,Iron Gate,
emptybtlthree,git,Placeable List/0/LocName,0,5699,Brazier,
emptybtlthree,git,Placeable List/1/LocName,0,5699,Brazier,
emptybtlthree,git,Placeable List/2/LocName,0,5699,Brazier,
emptybtlthree,git,Placeable List/3/LocName,0,5699,Brazier,
emptybtlthree,git,Placeable List/4/LocName,0,5699,Brazier,
emptybtlthree,git,Placeable List/5/LocName,0,5699,Brazier,
emptybtlthree,git,Placeable List/6/LocName,0,5699,Brazier,
emptybtlthree,git,Placeable List/7/LocName,0,5699,Brazier,
emptybtlthree,git,StoreList/0/LocName,0,-1,Caravan,
emptybtlthree,git,StoreList/0/StoreList/0/ItemList/29/DescIdentified,0,67729,"Left over from the Age of the Magi, when mages were plentiful, these robes are sturdy, but fairly common. They last a long time, rarely wearing out.",
emptybtlthree,git,StoreList/0/StoreList/0/ItemList/30/DescIdentified,0,40655,This helm mounts two special crystal lenses over the wearer's eyes that grant a +5 bonus to Spot checks. ,
emptybtlthree,git,StoreList/0/StoreList/0/ItemList/31/DescIdentified,0,12867,"Forged by clerics of Suhili, the sun goddess, these shields are constantly aglow with the golden fires of the sun. Depending on the skill and intent of the crafter, some Shields of the Sun carry more potent powers as well.",
emptybtlthree,git,StoreList/0/StoreList/0/ItemList/32/DescIdentified,0,48287,"This simple rope belt, when wrapped around a person's waist, confers increased ability in unarmed combat.  

When the Shining Moon order of monks were attacked by a rival order, it was necessary for some of the apprentices to rise more rapidly than they normally could. These belts allowed the younger monks to defend their order with great speed and skill.",
emptybtlthree,git,StoreList/0/StoreList/0/ItemList/33/DescIdentified,0,13334,"Blessed by priests of Calahi the god of merchants and travel, these boots seem to make even the most arduous journey easier and more pleasant. This is accomplished not by increasing the wearer's speed, but by making him hardier and more resistant to pain. Numerous versions of these boots exist, their power varying largely in accordance with the priest who blessed them.",
emptybtlthree,git,StoreList/0/StoreList/0/ItemList/34/DescIdentified,0,67472,Monks who are followers of Suhili know that nothing is a persistant or dangerous as the sun. These boots a rewarded to those who master different techniques within the Rising Sun Order.,
emptybtlthree,git,StoreList/0/StoreList/0/ItemList/35/DescIdentified,0,13349,"Relics from the Age of the Magi, these bracers can still be found in the common gear of most adventurers. Anything that makes an adventurer quicker and harder to hit is a must-have item.",
emptybtlthree,git,StoreList/0/StoreList/0/ItemList/36/DescIdentified,0,13349,"Relics from the Age of the Magi, these bracers can still be found in the common gear of most adventurers. Anything that makes an adventurer quicker and harder to hit is a must-have item.",
emptybtlthree,git,StoreList/0/StoreList/0/ItemList/37/DescIdentified,0,67588,"Borderland guards have traditionally donned these cloaks while on duty. In recent years the borderlands have become more dangerous, and fewer soldiers are willing to enter the northern reaches of Valratha.",
emptybtlthree,git,StoreList/0/StoreList/0/ItemList/38/DescIdentified,0,67487,"Also referred to as the Disciples of the Saint Sollars, the Monastic Order of the Yellow Rose is known equally for its acts of great loyalty to its allies and those of great destruction to its enemies. Monks of this Order frequently travel alongside paladins of Jaess, serving as trusted guides and companions to these knights of the servant lord.",
emptybtlthree,git,StoreList/0/StoreList/0/ItemList/39/DescIdentified,0,67487,"Also referred to as the Disciples of the Saint Sollars, the Monastic Order of the Yellow Rose is known equally for its acts of great loyalty to its allies and those of great destruction to its enemies. Monks of this Order frequently travel alongside paladins of Jaess, serving as trusted guides and companions to these knights of the servant lord.",
emptybtlthree,git,StoreList/0/StoreList/0/ItemList/40/DescIdentified,0,-1,"The dark earthy colors of the robe are enhanced with magical properties of protection.
",
emptybtlthree,git,StoreList/0/StoreList/0/ItemList/40/LocalizedName,0,12918,Earth Mage Robe,
emptybtlthree,git,TriggerList/0/LocalizedName,0,-1,"OS One-Liner, Non-Random",
emptybtlthree,git,WaypointList/0/LocalizedName,0,14814,MapNote: Emerald Hills,
emptybtlthree,git,WaypointList/0/MapNote,0,14815,Emerald Hills,
emptybtlthree,git,WaypointList/1/LocalizedName,0,14814,MapNote: Graveyard,
emptybtlthree,git,WaypointList/1/MapNote,0,14815,Graveyard,
emptybtlthree,git,WaypointList/2/LocalizedName,0,14814,MapNote: Keep Entrance,
emptybtlthree,git,WaypointList/2/MapNote,0,14815,Hermit's Grove,
emptybtlthree,git,WaypointList/3/LocalizedName,0,14814,MapNote: Keep of Cyan,
emptybtlthree,git,WaypointList/3/MapNote,0,14815,Keep of Cyan,
faction1area,git,Creature List/0/FirstName,0,-1,q2_factguy,
faction2,git,Creature List/0/FirstName,0,-1,q2_factguy2,
fcaves,git,Creature List/0/ItemList/0/LocalizedName,0,-1,Purple Glass,
fcaves,git,Creature List/1/FirstName,0,56579,Zombie Lord,
fcaves,git,Creature List/1/ItemList/0/LocalizedName,0,-1,Blue Glass,
fcaves,git,Creature List/10/FirstName,0,12567,Goblin Corpse,
fcaves,git,Creature List/11/FirstName,0,12567,Goblin Corpse,
fcaves,git,Creature List/12/FirstName,0,12567,Goblin Corpse,
fcaves,git,Creature List/13/FirstName,0,12567,Goblin Corpse,
fcaves,git,Creature List/14/FirstName,0,12567,Goblin Corpse,
fcaves,git,Creature List/15/FirstName,0,12567,Goblin Corpse,
fcaves,git,Creature List/16/FirstName,0,12567,Goblin Corpse,
fcaves,git,Creature List/17/FirstName,0,12567,Goblin Corpse,
fcaves,git,Creature List/18/FirstName,0,12567,Goblin Corpse,
fcaves,git,Creature List/19/FirstName,0,12567,Goblin Corpse,
fcaves,git,Creature List/2/FirstName,0,56570,Mummy Lord,
fcaves,git,Creature List/2/ItemList/0/LocalizedName,0,-1,Psionic Gem,
fcaves,git,Creature List/20/FirstName,0,12567,Goblin Corpse,
fcaves,git,Creature List/21/FirstName,0,12567,Goblin Corpse,
fcaves,git,Creature List/22/FirstName,0,12567,Goblin Corpse,
fcaves,git,Creature List/23/FirstName,0,12567,Goblin Corpse,
fcaves,git,Creature List/24/FirstName,0,12567,Goblin Corpse,
fcaves,git,Creature List/25/FirstName,0,12567,Goblin Corpse,
fcaves,git,Creature List/26/FirstName,0,12567,Goblin Corpse,
fcaves,git,Creature List/3/FirstName,0,-1,Dead Drow ,
fcaves,git,Creature List/4/FirstName,0,12567,Goblin Corpse,
fcaves,git,Creature List/5/FirstName,0,12567,Goblin Corpse,
fcaves,git,Creature List/6/FirstName,0,12567,Goblin Corpse,
fcaves,git,Creature List/7/FirstName,0,12567,Goblin Corpse,
fcaves,git,Creature List/8/FirstName,0,12567,Goblin Corpse,
fcaves,git,Creature List/9/FirstName,0,12567,Goblin Corpse,
fcaves,git,Door List/0/LocName,0,5349,Gem Door,
fcaves,git,Door List/7/LocName,0,5349,Crypt Exit,
fcaves,git,Encounter List/0/LocalizedName,0,14513,Zombie Group,
fcaves,git,Encounter List/1/LocalizedName,0,14513,Skeleton Group,
fcaves,git,Encounter List/2/LocalizedName,0,14513,Ghoul Group,
fcaves,git,Encounter List/3/LocalizedName,0,14513,Allip Group,
fcaves,git,Placeable List/0/LocName,0,5745,North Urn,
fcaves,git,Placeable List/1/LocName,0,5745,North East Urn,
fcaves,git,Placeable List/10/Description,0,14594,"Bound in iron and with a heavy lock, this heavy chest was obviously meant to protect something of value.",
fcaves,git,Placeable List/10/ItemList/0/LocalizedName,0,-1,Orange Glass,
fcaves,git,Placeable List/10/ItemList/1/DescIdentified,0,47613,"The lesser robe of eyes, like its more powerful counterpart, provides the wearer with improved vision and the ability to detect many things that are hidden. Once per day, the wearer can invoke the power of the robe to pierce the veil of invisibility or etherealness.
",
fcaves,git,Placeable List/11/LocName,0,5348,Jewel Box,
fcaves,git,Placeable List/12/Description,0,14730,It's hard to tell if the spears killed him or if his enemies pierced the corpse as a means of defilement.,
fcaves,git,Placeable List/12/ItemList/0/DescIdentified,0,-1,"This is the journal of the last lord of the keep's advisor. It seems to be largely intact and mostly boring until near the end. These are a few interesting excerpts:
""My Lord has become more and more obsessed with the idea of controlling an undead army. He has the key I found that will open the planar gate, yet I fear that we are missing something... something very important. I have found some oblique references to another key, but I know not what the other key would do, nor where it lies. I shall have to return to the ruins and see if I can finally discover a way to activate the crystal ball. I am sure the answers must be hidden within it.""
The last entry:
""My lord is impatient to open the planar gate. I have begged him to hold off until I am done here, and my efforts have finally paid off. Today I managed to activate the crystal ball! The second key is used for controlling the undead army. Without it, opening the planar gate would be suicide! I can now return and tell my lord exactly where the second key is and how it works. I am sure he will be pleased with... now where did my page run off to? There was a noise in the antechamber, which I sent him to investigate, but he hasn't returned. I guess I shall have to go find him, then return to the keep.""
",
fcaves,git,Placeable List/12/ItemList/0/Description,0,-1,"This is the journal of the last lord of the keep's advisor. It seems to be largely intact and mostly boring until near the end. These are a few interesting excerpts:
""My Lord has become more and more obsessed with the idea of controlling an undead army. He has the key I found that will open the planar gate, yet I fear that we are missing something... something very important. I have found some oblique references to another key, but I know not what the other key would do, nor where it lies. I shall have to return to the ruins and see if I can finally discover a way to activate the crystal ball. I am sure the answers must be hidden within it.""
The last entry:
""My lord is impatient to open the planar gate. I have begged him to hold off until I am done here, and my efforts have finally paid off. Today I managed to activate the crystal ball! The second key is used for controlling the undead army. Without it, opening the planar gate would be suicide! I can now return and tell my lord exactly where the second key is and how it works. I am sure he will be pleased with... now where did my page run off to? There was a noise in the antechamber, which I sent him to investigate, but he hasn't returned. I guess I shall have to go find him, then return to the keep.""
",
fcaves,git,Placeable List/12/ItemList/0/LocalizedName,0,-1,Undead Journal,
fcaves,git,Placeable List/12/LocName,0,14731,Advisor,
fcaves,git,Placeable List/2/LocName,0,5745,North West Urn,
fcaves,git,Placeable List/3/LocName,0,5745,South Urn,
fcaves,git,Placeable List/4/LocName,0,5745,South East Urn,
fcaves,git,Placeable List/46/ItemList/0/DescIdentified,0,48321,"Cold to the touch, these bracers seem to gleam with an unnatural light. Pressing one of the gems on the bracer seems to enable a type of dark aura around the wearer. ",
fcaves,git,Placeable List/46/ItemList/0/LocalizedName,0,48320,Bracers of the Dead,
fcaves,git,Placeable List/47/Description,0,14597,"Low and flat, this chest seems to have been designed for the storage and filing of a merchant's accounts.",
fcaves,git,Placeable List/5/LocName,0,5745,South West Urn,
fcaves,git,Placeable List/6/Description,0,84582,The orb on this pedestal is cracked and useless. You have no idea what might have broken the orb.,
fcaves,git,Placeable List/6/LocName,0,84567,Orb Pedestal,
fcaves,git,Placeable List/7/ItemList/0/LocalizedName,0,-1,Yellow Glass,
fcaves,git,Placeable List/8/Description,0,14594,"Bound in iron and with a heavy lock, this heavy chest was obviously meant to protect something of value.",
fcaves,git,Placeable List/8/ItemList/0/LocalizedName,0,-1,Red Glass,
fcaves,git,Placeable List/9/Description,0,14594,"Bound in iron and with a heavy lock, this heavy chest was obviously meant to protect something of value.",
fcaves,git,Placeable List/9/ItemList/0/LocalizedName,0,-1,Green Glass,
fcaves,git,Placeable List/9/ItemList/1/DescIdentified,0,-1,"This is a very heavy helmet, made from a dense, durable metal. A small inscription on the inside of the helm says, ""Made in Stettler"". You've never heard of such a place, but it is most likely some lost civilization.",
fcaves,git,SoundList/2/LocName,0,-1,Chain Rattles,
fcaves,git,SoundList/3/LocName,0,-1,Door Noises,
fcaves,git,SoundList/4/LocName,0,-1,Ghosts,
fcaves,git,TriggerList/0/LocalizedName,0,14759,Ohio Initiates Trigger,
fcaves,git,TriggerList/1/LocalizedName,0,-1,"OS One-Liner, Non-Random",
fcaves,git,TriggerList/2/LocalizedName,0,14759,Ohio Initiates Trigger 2,
fcaves,git,WaypointList/0/LocalizedName,0,14817,Mapnote: Exit Waypoint,
fcaves,git,WaypointList/0/MapNote,0,-1,Exit,
fcaves,git,WaypointList/1/LocalizedName,0,14817,Undead Waypoint,
forest,git,Creature List/0/Description,0,-1,"Though this man would look unusual at any time, his strangely darting eyes and determined muttering give him the air of a madman.",
forest,git,Creature List/0/Equip_ItemList/0/LocalizedName,0,-1,Nature's Armor,
forest,git,Creature List/0/FirstName,0,-1,The Hermit,
forest,git,Door List/0/LocName,0,5349,Tree Door,
forest,git,Placeable List/0/ItemList/0/DescIdentified,0,-1,"This is honey from the hermit's beehives. It has a rich, pleasant odor.",
forest,git,Placeable List/0/ItemList/0/Description,0,-1,"This is honey from the hermit's beehives. It has a rich, pleasant odor.",
forest,git,Placeable List/0/ItemList/0/LocalizedName,0,-1,Honey,
forest,git,Placeable List/0/LocName,0,14578,Beehive,
forest,git,Placeable List/1/ItemList/0/DescIdentified,0,-1,"This is honey from the hermit's beehives. It has a rich, pleasant odor.",
forest,git,Placeable List/1/ItemList/0/Description,0,-1,"This is honey from the hermit's beehives. It has a rich, pleasant odor.",
forest,git,Placeable List/1/ItemList/0/LocalizedName,0,-1,Honey,
forest,git,Placeable List/1/LocName,0,14578,Beehive,
forest,git,Placeable List/2/ItemList/0/DescIdentified,0,-1,"This is honey from the hermit's beehives. It has a rich, pleasant odor.",
forest,git,Placeable List/2/ItemList/0/Description,0,-1,"This is honey from the hermit's beehives. It has a rich, pleasant odor.",
forest,git,Placeable List/2/ItemList/0/LocalizedName,0,-1,Honey,
forest,git,Placeable List/2/LocName,0,14578,Beehive,
forest,git,Placeable List/3/ItemList/0/DescIdentified,0,-1,"The Sophic Society of Assassins have only a single symbol marking one of their order. The Ithari is a poisoned dagger that causes a burning sensation when it touches bare skin, and drains the strength of those who are injured by it. Whoever left this dagger here belonged to one of the most powerful and deadly organizations in Valratha.",
forest,git,Placeable List/3/ItemList/0/Description,0,-1,"The Sophic Society of Assassins have only a single symbol marking one of their order. The Ithari is a poisoned dagger that causes a burning sensation when it touches bare skin, and drains the strength of those who are injured by it. Whoever left this dagger here belonged to one of the most powerful and deadly organizations in Valratha.",
forest,git,Placeable List/3/ItemList/0/LocalizedName,0,-1,Poison Blade,
forest,git,Placeable List/3/LocName,0,14578,Beehive,
forest,git,WaypointList/0/LocalizedName,0,14817,Hermit Enter Home,
gcaves,git,Creature List/0/ItemList/0/DescIdentified,0,-1,"This is the head of the goblin chief, whose tribe had taken over some local caves. This might be valuable to show someone what you have accomplished.",
gcaves,git,Creature List/0/ItemList/0/Description,0,-1,"This is the head of the goblin chief, whose tribe had taken over some local caves. This might be valuable to show someone what you have accomplished.",
gcaves,git,Creature List/0/ItemList/0/LocalizedName,0,-1,Goblin Head,
gcaves,git,Creature List/0/ItemList/1/LocalizedName,0,-1,Psionic Gem,
gcaves,git,Creature List/1/Description,0,-1,These are slaves taken from local farms. They look ragged and beaten.,
gcaves,git,Creature List/1/FirstName,0,-1,Enslaved Farmhand,
gcaves,git,Creature List/10/FirstName,0,12567,Goblin Archer,
gcaves,git,Creature List/11/FirstName,0,12567,Goblin Bomber,
gcaves,git,Creature List/12/FirstName,0,12567,Goblin Bomber,
gcaves,git,Creature List/13/FirstName,0,12567,Goblin,
gcaves,git,Creature List/14/FirstName,0,12567,Goblin,
gcaves,git,Creature List/15/FirstName,0,12567,Goblin,
gcaves,git,Creature List/16/FirstName,0,12567,Goblin,
gcaves,git,Creature List/17/FirstName,0,12567,Goblin,
gcaves,git,Creature List/18/FirstName,0,12567,Goblin,
gcaves,git,Creature List/19/FirstName,0,12567,Goblin,
gcaves,git,Creature List/2/Description,0,-1,These are slaves taken from local farms. They look ragged and beaten.,
gcaves,git,Creature List/2/FirstName,0,-1,Enslaved Farmhand,
gcaves,git,Creature List/20/ItemList/0/LocalizedName,0,-1,Goblin Key,
gcaves,git,Creature List/21/FirstName,0,12566,Goblin Guard,
gcaves,git,Creature List/22/FirstName,0,12566,Goblin Guard,
gcaves,git,Creature List/23/FirstName,0,12566,Goblin Guard,
gcaves,git,Creature List/24/FirstName,0,12567,Goblin Archer,
gcaves,git,Creature List/25/FirstName,0,12567,Goblin Archer,
gcaves,git,Creature List/26/FirstName,0,12567,Goblin Archer,
gcaves,git,Creature List/3/Description,0,-1,These are slaves taken from local farms. They look ragged and beaten.,
gcaves,git,Creature List/3/FirstName,0,-1,Enslaved Farmhand,
gcaves,git,Creature List/4/Description,0,-1,These are slaves taken from local farms. They look ragged and beaten.,
gcaves,git,Creature List/4/FirstName,0,-1,Enslaved Farmhand,
gcaves,git,Creature List/7/FirstName,0,-1,Goblin Water Wizard,
gcaves,git,Creature List/7/ItemList/9/DescIdentified,0,-1,"This looks to have been some kind of magical urn, possibly used in summoning a water elemental. This would explain how such a weak creature could have a water elemental in its control.",
gcaves,git,Creature List/7/ItemList/9/LocalizedName,0,-1,Broken Urn,
gcaves,git,Creature List/9/Description,0,12565,"While Goblins are often considered little more than a nuisance, an unchecked population can often balloon into a serious threat to normally civilized areas.",
gcaves,git,Creature List/9/FirstName,0,12567,Goblin Bomber,
gcaves,git,Door List/0/LocName,0,5349,Cave Exit,
gcaves,git,Door List/6/Description,0,-1,Locked Bridge Door,
gcaves,git,Door List/8/LocName,0,5349,Cage Door,
gcaves,git,Encounter List/1/LocalizedName,0,14513,Goblin Elite,
gcaves,git,Placeable List/0/LocName,0,5738,Loose Stones,
gcaves,git,Placeable List/1/LocName,0,-1,Box,
gcaves,git,Placeable List/13/Description,0,14597,"Low and flat, this chest seems to have been designed for the storage and filing of a merchant's accounts.",
gcaves,git,Placeable List/13/ItemList/0/DescIdentified,0,-1,"This is a note, written by a crude, goblin hand.
""This be all the gold that be left from getting ogres to join army. If the Master wants us to hire more things, like a barbarian tribe or a dragon, we gonna need more gold! This might buy more goblins, but Master not seem real impressed with us so far.
Um... and ogres smashed Bedzil to jelly, so now me gonna need new partner.""",
gcaves,git,Placeable List/13/ItemList/0/Description,0,-1,"This is a note, written by a crude, goblin hand.
""This be all the gold that be left from getting ogres to join army. If the Master wants us to hire more things, like a barbarian tribe or a dragon, we gonna need more gold! This might buy more goblins, but Master not seem real impressed with us so far.
Um... and ogres smashed Bedzil to jelly, so now me gonna need new partner.""",
gcaves,git,Placeable List/13/ItemList/0/LocalizedName,0,-1,Goblin Note,
gcaves,git,Placeable List/14/Description,0,66885,"A large, solid piece of granite juts out from the ground.",
gcaves,git,Placeable List/2/LocName,0,-1,Chief's Chest - Stay Out!,
gcaves,git,SoundList/2/LocName,0,-1,Cave Drips,
gcaves,git,SoundList/7/LocName,0,-1,Cave Bats,
gcaves,git,TriggerList/0/LocalizedName,0,14759,Slave Exit Trigger,
gcaves,git,TriggerList/1/LocalizedName,0,-1,"OS One-Liner, Non-Random",
gcaves,git,TriggerList/2/LocalizedName,0,14759,Henchmen Goblin,
gcaves,git,TriggerList/5/LocalizedName,0,14759,Slave Initiates Trigger,
gcaves,git,TriggerList/7/LocalizedName,0,14759,Goblin Chief Initiates Trigger,
gcaves,git,WaypointList/0/LocalizedName,0,14817,Loose Stones 1 Waypoint,
gcaves,git,WaypointList/1/LocalizedName,0,14817,Mapnote: Exit Waypoint,
gcaves,git,WaypointList/1/MapNote,0,-1,Exit,
granaryroom,git,Creature List/0/Description,0,-1,"This is Zebulun, the familiar of Yenna the mage.",
granaryroom,git,Creature List/0/FirstName,0,-1,Zebulun,
granaryroom,git,WaypointList/0/LocalizedName,0,14817,Secret Grate Waypoint,
graveyard001,git,Door List/0/LocName,0,5349,River Exit,
graveyard001,git,Encounter List/0/LocalizedName,0,14513,Bear Group,
graveyard001,git,Placeable List/0/Description,0,66749,"The bright, healthy green leaves and stems of this fern shift slighty in the breeze.",
graveyard001,git,Placeable List/0/ItemList/0/DescIdentified,0,58566,These are the berries made by the danberry bush.,
graveyard001,git,Placeable List/0/ItemList/0/LocalizedName,0,13494,Danberry,
graveyard001,git,Placeable List/0/LocName,0,52999,Danberry Shrub,
graveyard001,git,Placeable List/1/ItemList/0/DescIdentified,0,-1,"This is a beautiful, gentle flower.",
graveyard001,git,Placeable List/1/ItemList/0/Description,0,-1,"This is a beautiful, gentle flower.",
graveyard001,git,Placeable List/1/ItemList/0/LocalizedName,0,-1,Cori's Bloom,
graveyard001,git,Placeable List/2/Description,0,-1,"Cori May was a sweet natured fey,
Until a very disturbing day,
When all grew dark, and the great lord did frown,
And with a callous gesture did set her down.
But from the grave she still gives power,
And all it costs is a single flower.",
graveyard001,git,Placeable List/2/LocName,0,-1,Cori's Headstone,
graveyard001,git,Placeable List/3/Description,0,-1,"The white side of Dan was kind and cheery,
But the dark side did sometimes make him dreary,
And when t'was determined a mistake he made,
Into this coffin his corpse was laid.
As his spirit still here tarries,
Do be kind and bring him berries.",
graveyard001,git,Placeable List/3/LocName,0,-1,Daniel's Headstone,
graveyard001,git,TriggerList/0/LocalizedName,0,-1,"OS One-Liner, Non-Random",
graveyard001,git,WaypointList/0/LocalizedName,0,14814,Cori's Waypoint,
graveyard001,git,WaypointList/1/LocalizedName,0,14814,Dan's Waypoint,
graveyard001,git,WaypointList/2/LocalizedName,0,14817,Mapnote: Exit Waypoint,
graveyard001,git,WaypointList/2/MapNote,0,-1,Exit,
hcaves,git,Creature List/0/FirstName,0,2865,Manticore,
hcaves,git,Creature List/0/ItemList/0/DescIdentified,0,-1,This is the hide of a manticore you killed.,
hcaves,git,Creature List/0/ItemList/0/Description,0,-1,This is the hide of a manticore you killed.,
hcaves,git,Creature List/0/ItemList/0/LocalizedName,0,-1,Manticore Hide,
hcaves,git,Creature List/1/FirstName,0,12566,Goblin,
hcaves,git,Creature List/1/ItemList/0/LocalizedName,0,-1,Poison Crystal,
hcaves,git,Creature List/1/ItemList/1/LocalizedName,0,-1,Psionic Gem,
hcaves,git,Door List/0/LocName,0,5349,Exit,
hcaves,git,Door List/1/LocName,0,5349,Door,
hcaves,git,Door List/2/LocName,0,5349,Door,
hcaves,git,Encounter List/0/LocalizedName,0,91343,Magical Encounter,
hcaves,git,Encounter List/1/LocalizedName,0,91343,Magical Encounter,
hcaves,git,Encounter List/2/LocalizedName,0,14520,Spider Group,
hcaves,git,Encounter List/3/LocalizedName,0,14520,Spider Group,
hcaves,git,Encounter List/4/LocalizedName,0,14520,Spider Group,
hcaves,git,Encounter List/5/LocalizedName,0,91343,Magical Encounter,
hcaves,git,Encounter List/6/LocalizedName,0,91343,Magical Encounter,
hcaves,git,Encounter List/7/LocalizedName,0,91343,Magical Encounter,
hcaves,git,Placeable List/0/ItemList/0/LocalizedName,0,-1,Poison Crystal,
hcaves,git,Placeable List/1/ItemList/0/LocalizedName,0,-1,Poison Crystal,
hcaves,git,Placeable List/15/ItemList/0/DescIdentified,0,48884,The gloves are covered with small copper rivets.  The wearer may use the gloves to throw a sharp electric jolt at a nearby target.,
hcaves,git,Placeable List/15/ItemList/1/DescIdentified,0,48317,"The Tumblers were a group of assassins who worked together to topple rich, powerful nobles and merchants. Emperor Fenias IV used them to regain control over the various provinces of Valratha, whose nobles had become almost entirely independent of the crown.",
hcaves,git,Placeable List/15/ItemList/1/LocalizedName,0,48316,Lesser Tumblers,
hcaves,git,Placeable List/2/ItemList/0/LocalizedName,0,-1,Poison Crystal,
hcaves,git,Placeable List/20/ItemList/0/DescIdentified,0,-1,"Samile the Nervous was a golddigger known for surviving the betrayal of at least five partners. He always seemed to be aware of what was going on, seconds before anyone else did. Being successful at finding gold made him wealthy, but he was never happy. Always disgusted with humanity, Samile would complain bitterly to anyone who would listen. Some would comment that it was more likely this barrage of complaints that drove his partners to try to kill him, more than greed.",
hcaves,git,Placeable List/20/ItemList/0/LocalizedName,0,13485,Golddigger's Ring,
hcaves,git,Placeable List/22/Description,0,68841,These random pieces of bone have been lashed together by the Manticore.,
hcaves,git,Placeable List/22/LocName,0,68840,Giant Bones,
hcaves,git,Placeable List/3/ItemList/0/LocalizedName,0,-1,Poison Crystal,
hcaves,git,Placeable List/4/LocName,0,5800,Invisible Jump Object,
hcaves,git,Placeable List/5/Description,0,84582,"It looks like you could place something inside this barrel and if the proper lever was pulled, the object would be crushed.",
hcaves,git,Placeable List/5/LocName,0,84567,Crystal Crushing Barrel,
hcaves,git,Placeable List/6/Description,0,84582,"It looks like you could place something inside this barrel and if the proper lever was pulled, the object would be crushed.",
hcaves,git,Placeable List/6/LocName,0,84567,Crystal Crushing Barrel,
hcaves,git,Placeable List/62/LocName,0,84571,Arcane Jar,
hcaves,git,Placeable List/63/LocName,0,84571,Arcane Jar,
hcaves,git,Placeable List/64/LocName,0,84571,Arcane Jar,
hcaves,git,Placeable List/65/LocName,0,84571,Arcane Jar,
hcaves,git,Placeable List/7/Description,0,14632,This long lever appears to operate the nearby stone door. Perhaps it also serves another purpose?,
hcaves,git,Placeable List/7/LocName,0,14633,Lever,
hcaves,git,Placeable List/8/Description,0,14632,This long lever appears to operate the nearby stone door. Perhaps it also serves another purpose?,
hcaves,git,Placeable List/8/LocName,0,14633,Lever,
hcaves,git,SoundList/1/LocName,0,-1,Door Noises,
hcaves,git,TriggerList/0/LocalizedName,0,14759,Manticore Trap Trigger,
hcaves,git,TriggerList/1/LocalizedName,0,-1,"OS One-Liner, Non-Random",
hcaves,git,TriggerList/2/LocalizedName,0,14759,Henchmen Manticore,
hcaves,git,TriggerList/3/LocalizedName,0,14759,Goblin Initiates Trigger,
hcaves,git,WaypointList/0/LocalizedName,0,14817,Jumping Ghost Waypoint,
hcaves,git,WaypointList/1/LocalizedName,0,14817,Jumping Ghost Waypoint,
hcaves,git,WaypointList/2/LocalizedName,0,14817,Jumping Ghost Waypoint,
hcaves,git,WaypointList/3/LocalizedName,0,14817,Jumping Ghost Waypoint,
hcaves,git,WaypointList/4/LocalizedName,0,14817,Jumping Ghost Waypoint,
hcaves,git,WaypointList/5/LocalizedName,0,14817,Manticore Lever Waypoint,
hcaves,git,WaypointList/6/LocalizedName,0,14817,Manticore Lever Waypoint,
hcaves,git,WaypointList/7/LocalizedName,0,14817,Mapnote: Exit Waypoint,
hcaves,git,WaypointList/7/MapNote,0,-1,Exit,
hillside,git,Door List/1/LocName,0,5349,Rural Exit,
hillside,git,Door List/10/LocName,0,5349,Crypt Entrance,
hillside,git,Door List/11/LocName,0,5349,Forest Exit,
hillside,git,Door List/12/LocName,0,5349,Cave Entrance,
hillside,git,Door List/2/LocName,0,5349,Cave Entrance,
hillside,git,Door List/4/LocName,0,5349,Crypt Entrance,
hillside,git,Door List/5/LocName,0,5349,Cave Entrance,
hillside,git,Door List/6/LocName,0,5349,Gate,
hillside,git,Door List/8/LocName,0,5349,Gate,
hillside,git,Door List/9/LocName,0,5349,Cave Entrance,
hillside,git,Encounter List/0/LocalizedName,0,14513,Wolf Group,
hillside,git,Encounter List/1/LocalizedName,0,14525,Zombie Group,
hillside,git,Encounter List/10/LocalizedName,0,-1,Kobold Encounter,
hillside,git,Encounter List/11/LocalizedName,0,14487,Goblin Group,
hillside,git,Encounter List/12/LocalizedName,0,14487,Goblin Group,
hillside,git,Encounter List/13/LocalizedName,0,14487,Goblin Group,
hillside,git,Encounter List/2/LocalizedName,0,14525,Zombie Group,
hillside,git,Encounter List/4/LocalizedName,0,91343,Duergar Encounter,
hillside,git,Encounter List/5/LocalizedName,0,91343,Duergar Encounter,
hillside,git,Encounter List/6/LocalizedName,0,91343,Magical Encounter,
hillside,git,Encounter List/7/LocalizedName,0,91343,Magical Encounter,
hillside,git,Encounter List/8/LocalizedName,0,-1,Kobold Encounter,
hillside,git,Encounter List/9/LocalizedName,0,-1,Kobold Encounter,
hillside,git,Placeable List/19/LocName,0,14561,Blackhand Homestead,
hillside,git,TriggerList/0/LocalizedName,0,14759,Alias Initiates Trigger,
hillside,git,TriggerList/1/LocalizedName,0,14759,Alias Initiates Trigger,
hillside,git,TriggerList/2/LocalizedName,0,14759,Alias Initiates Trigger,
hillside,git,TriggerList/3/LocalizedName,0,14759,Alias Initiates Trigger,
hillside,git,TriggerList/4/LocalizedName,0,14759,Alias Initiates Trigger,
hillside,git,TriggerList/5/LocalizedName,0,14759,Alias Initiates Trigger,
hillside,git,WaypointList/0/LocalizedName,0,14814,MapNote: Serah's Caves,
hillside,git,WaypointList/0/MapNote,0,14815,Serah's Caves,
hillside,git,WaypointList/1/LocalizedName,0,14817,Serah's Caves Waypoint,
hillside,git,WaypointList/2/LocalizedName,0,14817,Mapnote: Manticore Caves,
hillside,git,WaypointList/2/MapNote,0,-1,Manticore Caves,
hillside,git,WaypointList/3/LocalizedName,0,14817,Mapnote: Kobold Caves,
hillside,git,WaypointList/3/MapNote,0,-1,Kobold Caves,
hillside,git,WaypointList/4/LocalizedName,0,14817,Mapnote: Duergar Caves,
hillside,git,WaypointList/4/MapNote,0,-1,Duergar Caves,
hillside,git,WaypointList/5/LocalizedName,0,14817,Mapnote: Undead Ruins,
hillside,git,WaypointList/5/MapNote,0,-1,Undead Ruins,
hillside,git,WaypointList/6/LocalizedName,0,14814,MapNote: Illithid Caves,
hillside,git,WaypointList/6/MapNote,0,14815,Illithid Caves,
hillside,git,WaypointList/7/LocalizedName,0,14817,Mapnote: Exit Waypoint,
hillside,git,WaypointList/7/MapNote,0,-1,To the Empty Battlefield.,
hillside,git,WaypointList/8/LocalizedName,0,14814,MapNote: Grove,
hillside,git,WaypointList/8/MapNote,0,14815,Grove,
neutral,git,Creature List/0/FirstName,0,-1,Neutral Guy,
neutral,git,List/0/DescIdentified,0,-1,This small hand mirror was left for you by the ghost of Lady Rehan who once haunted Manybrick Manor.,
neutral,git,List/0/LocalizedName,0,-1,Lady Rehan's Mirror,
prisondungeon,git,Creature List/0/FirstName,0,-1,Prisoner,
prisondungeon,git,Creature List/1/FirstName,0,-1,Prisoner,
prisondungeon,git,Creature List/2/Description,0,-1,"This halfling prisoner looks calm and composed, but the wear of being in his cell during the battle shows on his face.",
prisondungeon,git,Creature List/2/FirstName,0,-1,Stiletto,
prisondungeon,git,Door List/0/LocName,0,5349,Prison Door,
prisondungeon,git,Door List/1/LocName,0,5349,Side Door,
prisondungeon,git,Door List/2/LocName,0,5349,Prison Door,
prisondungeon,git,Door List/3/LocName,0,5349,Prison Door,
prisondungeon,git,Door List/4/LocName,0,5349,Prison Door,
prisondungeon,git,Encounter List/0/LocalizedName,0,-1,Prison Invaders,
prisondungeon,git,Encounter List/1/LocalizedName,0,-1,Prison Invaders,
prisondungeon,git,Encounter List/2/LocalizedName,0,-1,Prison Invaders,
prisondungeon,git,Encounter List/3/LocalizedName,0,-1,Prison Invaders,
prisondungeon,git,Encounter List/4/LocalizedName,0,-1,Prison Invaders,
prisondungeon,git,Encounter List/5/LocalizedName,0,-1,Prison Invaders,
prisondungeon,git,Encounter List/6/LocalizedName,0,-1,Prison Invaders,
prisondungeon,git,Encounter List/7/LocalizedName,0,-1,Prison Invaders,
prisondungeon,git,Placeable List/14/LocName,0,14601,Dead Prisoner,
prisondungeon,git,Placeable List/31/ItemList/0/LocalizedName,0,-1,Cell Key,
prisondungeon,git,Placeable List/31/LocName,0,14551,Arrow-filled guard,
prisondungeon,git,SoundList/0/LocName,0,-1,Chain Rattles,
prisondungeon,git,TriggerList/0/LocalizedName,0,-1,"OS One-Liner, Non-Random",
prisondungeon,git,TriggerList/2/LocalizedName,0,14759,HobGoblin_Trigger,
prisondungeon,git,WaypointList/0/LocalizedName,0,14817,Map Note: Secret Entrance,
prisondungeon,git,WaypointList/0/MapNote,0,-1,Secret Entrance,
prisondungeon,git,WaypointList/1/LocalizedName,0,14817,Prison Dungeon Exit,
prisondungeon,git,WaypointList/1/MapNote,0,-1,Dungeon Exit,
prisondungeon,git,WaypointList/2/LocalizedName,0,14817,Prisoner Fight Waypoint,
q1e,git,Door List/0/LocName,0,5349,Cave Exit,
q1e,git,Placeable List/13/Description,0,68824,"A large patch of dirt, unsuitable for almost anything but getting dirty or making mud.",
q1e,git,TriggerList/0/LocalizedName,0,-1,"OS One-Liner, Non-Random",
q1e,git,TriggerList/1/LocalizedName,0,14759,Henchmen Grove,
q1e,git,WaypointList/0/LocalizedName,0,14814,Kaidala Home,
q1e,git,WaypointList/1/LocalizedName,0,14814,Fire Monster Waypoint,
q1e,git,WaypointList/2/LocalizedName,0,14817,Mapnote: Exit Waypoint,
q1e,git,WaypointList/2/MapNote,0,-1,Exit,
q2b001,git,Creature List/0/Description,0,-1,This is one of the keep guards.,
q2b001,git,Creature List/0/FirstName,0,-1,Guard,
q2b001,git,Creature List/1/Description,0,-1,"This shopkeep has a very shifty look about the eyes, and his nose twitches when he deals with a customer.",
q2b001,git,Creature List/10/FirstName,0,-1,Beggar,
q2b001,git,Creature List/11/Description,0,-1,This is one of the keep guards.,
q2b001,git,Creature List/11/FirstName,0,-1,Guard,
q2b001,git,Creature List/12/FirstName,0,-1,Local Guard,
q2b001,git,Creature List/13/FirstName,0,12457,Stray Dog,
q2b001,git,Creature List/2/Description,0,-1,This shopkeep looks like he has seen many bad days.,
q2b001,git,Creature List/3/Description,0,-1,The commoners in the keep live a life filled with tension. They desperately seek a strong leader to guide them.,
q2b001,git,Creature List/3/FirstName,0,12423,Commoner,
q2b001,git,Creature List/4/Description,0,-1,The commoners in the keep live a life filled with tension. They desperately seek a strong leader to guide them.,
q2b001,git,Creature List/4/FirstName,0,12423,Commoner,
q2b001,git,Creature List/5/Description,0,-1,This is a commoner of the keep.,
q2b001,git,Creature List/5/FirstName,0,12423,Commoner,
q2b001,git,Creature List/6/Description,0,-1,This is one of the many commoners in the keep.,
q2b001,git,Creature List/6/FirstName,0,12422,Commoner,
q2b001,git,Creature List/7/FirstName,0,-1,Local Guard,
q2b001,git,Creature List/8/FirstName,0,-1,Beggar,
q2b001,git,Creature List/9/FirstName,0,-1,Beggar,
q2b001,git,Door List/0/LocName,0,5349,City Gate,
q2b001,git,Door List/1/LocName,0,5349,Inn Entrance,
q2b001,git,Door List/12/LocName,0,5349,City Door,
q2b001,git,Door List/2/LocName,0,5349,Inn Entrance,
q2b001,git,Door List/3/LocName,0,5349,Pawnshop Entrance,
q2b001,git,Door List/4/LocName,0,5349,Pub Entrance,
q2b001,git,Door List/7/LocName,0,5349,QuarterMaster Entrance,
q2b001,git,Door List/9/LocName,0,5349,Smithy Entrance,
q2b001,git,Placeable List/14/LocName,0,14561,Quartermaster's Store,
q2b001,git,Placeable List/15/LocName,0,14561,The Smithy,
q2b001,git,Placeable List/16/LocName,0,14561,The Mossy Tree,
q2b001,git,Placeable List/17/LocName,0,14561,The Mossy Tree,
q2b001,git,Placeable List/18/LocName,0,14561,The Tarnished Tankard,
q2b001,git,Placeable List/19/LocName,0,14561,Pawnshop,
q2b001,git,TriggerList/0/LocalizedName,0,14759,Alias Vote Trigger,
q2b001,git,TriggerList/1/LocalizedName,0,14759,Alias Vote Trigger,
q2b001,git,TriggerList/10/LocalizedName,0,14759,Henchmen Vote Trigger,
q2b001,git,TriggerList/11/LocalizedName,0,14759,Henchmen Vote Trigger,
q2b001,git,TriggerList/12/LocalizedName,0,14759,Henchmen Vote Trigger,
q2b001,git,TriggerList/13/LocalizedName,0,14759,Henchmen Gelani,
q2b001,git,TriggerList/14/LocalizedName,0,14759,South Keep Trigger,
q2b001,git,TriggerList/15/LocalizedName,0,14759,North Keep Trigger,
q2b001,git,TriggerList/2/LocalizedName,0,14759,Assassin Trigger,
q2b001,git,TriggerList/3/LocalizedName,0,14759,Assassinate Gelani Trigger,
q2b001,git,TriggerList/4/LocalizedName,0,14759,Thaddeus Assassin Trigger,
q2b001,git,TriggerList/5/LocalizedName,0,-1,"OS One-Liner, Non-Random",
q2b001,git,TriggerList/6/LocalizedName,0,14759,Henchmen Tankard,
q2b001,git,TriggerList/7/LocalizedName,0,14759,Henchmen Vote Trigger,
q2b001,git,TriggerList/8/LocalizedName,0,14759,Henchmen Vote Trigger,
q2b001,git,TriggerList/9/LocalizedName,0,14759,Henchmen Vote Trigger,
q2b001,git,WaypointList/0/LocalizedName,0,14817,Alias Home Waypoint,
q2b001,git,WaypointList/1/LocalizedName,0,14817,Assassin 1 Waypoint,
q2b001,git,WaypointList/10/LocalizedName,0,14814,The Pawnshop,
q2b001,git,WaypointList/10/MapNote,0,14815,The Pawnshop,
q2b001,git,WaypointList/11/LocalizedName,0,14814,The Quartermaster,
q2b001,git,WaypointList/11/MapNote,0,14815,The Quartermaster,
q2b001,git,WaypointList/12/LocalizedName,0,14814,The Smithy,
q2b001,git,WaypointList/12/MapNote,0,14815,The Smithy,
q2b001,git,WaypointList/13/LocalizedName,0,14814,The Tarnished Tankard,
q2b001,git,WaypointList/13/MapNote,0,14815,The Tarnished Tankard,
q2b001,git,WaypointList/14/LocalizedName,0,14814,To The Gates of Cyan,
q2b001,git,WaypointList/14/MapNote,0,14815,To Main Gates,
q2b001,git,WaypointList/15/LocalizedName,0,14817,Guard Waypoint,
q2b001,git,WaypointList/16/LocalizedName,0,14817,Assassin 3 Waypoint,
q2b001,git,WaypointList/17/LocalizedName,0,14817,South Guard Waypoint,
q2b001,git,WaypointList/18/LocalizedName,0,14817,South Guard Waypoint,
q2b001,git,WaypointList/19/LocalizedName,0,14817,South Guard Waypoint,
q2b001,git,WaypointList/2/LocalizedName,0,14817,Assassin 2 Waypoint,
q2b001,git,WaypointList/20/LocalizedName,0,14817,South Guard Waypoint,
q2b001,git,WaypointList/21/LocalizedName,0,14817,South Guard Waypoint,
q2b001,git,WaypointList/22/LocalizedName,0,14817,South Guard Waypoint,
q2b001,git,WaypointList/23/LocalizedName,0,14817,South Guard Waypoint,
q2b001,git,WaypointList/24/LocalizedName,0,14817,South Guard Waypoint,
q2b001,git,WaypointList/3/LocalizedName,0,14817,Assassinate Gelani Waypoint,
q2b001,git,WaypointList/4/LocalizedName,0,14817,Baby Escape Waypoint,
q2b001,git,WaypointList/5/LocalizedName,0,14817,MommaJi Home Waypoint,
q2b001,git,WaypointList/6/LocalizedName,0,14814,Market Square,
q2b001,git,WaypointList/6/MapNote,0,14815,Market Square,
q2b001,git,WaypointList/7/LocalizedName,0,14814,To North Cyan,
q2b001,git,WaypointList/7/MapNote,0,14815,North Keep,
q2b001,git,WaypointList/8/LocalizedName,0,14814,The Mossy Tree,
q2b001,git,WaypointList/8/MapNote,0,14815,The Mossy Tree,
q2b001,git,WaypointList/9/LocalizedName,0,14814,The Mossy Tree,
q2b001,git,WaypointList/9/MapNote,0,14815,The Mossy Tree,
q2b11,git,Creature List/0/Description,0,-1,"""Southpaw"" is the local pawnbroker and the guildmaster for the thieves guild.",
q2b11,git,Creature List/0/FirstName,0,-1,"""Southpaw""",
q2b11,git,Creature List/0/LastName,0,-1,Sebastion Fitch,
q2b11,git,Creature List/1/Description,0,-1,The rogues living in the keep are unusually arrogant.,
q2b11,git,Creature List/1/FirstName,0,-1,Local Rogue,
q2b11,git,Creature List/2/Description,0,-1,The rogues living in the keep are unusually arrogant.,
q2b11,git,Creature List/2/FirstName,0,-1,Local Rogue,
q2b11,git,Creature List/3/Description,0,-1,The commoners in the keep live a life filled with tension. They desperately seek a strong leader to guide them.,
q2b11,git,Creature List/3/FirstName,0,12423,Commoner,
q2b11,git,Creature List/4/Description,0,-1,The rogues living in the keep are unusually arrogant.,
q2b11,git,Door List/0/LocName,0,5349,Pawnshop Exit,
q2b11,git,StoreList/0/LocName,0,-1,Thief Store,
q2b11,git,StoreList/0/StoreList/0/ItemList/10/DescIdentified,0,40659,"This metallurgist's helm bears the distinctive look of gnomish make.  It has been specially constructed to allow an intricate series of lenses to swivel over the wearer's eyes. They enable much improved close-range vision and are very useful for locating or identifying features such as tiny seams, marks, cracks, or imperfections.  ",
q2b11,git,StoreList/0/StoreList/0/ItemList/11/DescIdentified,0,40661,"This helm mounts two lenses of dark crystal over the wearer's eyes. Even though the lenses are opaque, when placed over the eyes of the wearer they enable normal sight and also grant darkvision.

Common equipment for adventurers who like to explore deep caves and underground ruins, these helms are also hailed as ""the great equalizer"" by humans and are quite popular among human rogues.",
q2b11,git,StoreList/0/StoreList/0/ItemList/12/DescIdentified,0,67773,"Attempting to form an anti-thieves' guild, Ronger Delphos, a successful merchant, paid thieves to become security experts. The guards were trained to use wands with the Hold Person spell, to capture the thieves for interrogation. To counteract this security measure, magical belts were purchased by the thieves' guild, which nullified the effects of such spells. In the escalating war between the two guilds, many of these belts found their way into pawnshops and equipment stores.",
q2b11,git,StoreList/0/StoreList/0/ItemList/13/DescIdentified,0,56609,"The dancing thief was a legendary character who would set up a series of spectacular traps, then dance his way through them, creating a spectacle of explosions and effects to entertain and amuse audiences. While the onlookers were distracted, his followers, young pickpockets, would move through the crowd, taking what they could, then slipping away.",
q2b11,git,StoreList/0/StoreList/0/ItemList/13/LocalizedName,0,56610,Dancing Boots +1,
q2b11,git,StoreList/0/StoreList/0/ItemList/14/DescIdentified,0,56609,"The dancing thief was a legendary character who would set up a series of spectacular traps, then dance his way through them, creating a spectacle of explosions and effects to entertain and amuse audiences. While the onlookers were distracted, his followers, young pickpockets, would move through the crowd, taking what they could, then slipping away.",
q2b11,git,StoreList/0/StoreList/0/ItemList/14/LocalizedName,0,56611,Dancing Boots +2,
q2b11,git,StoreList/0/StoreList/0/ItemList/15/DescIdentified,0,48317,"The Tumblers were a group of assassins who worked together to topple rich, powerful nobles and merchants. Emperor Fenias IV used them to regain control over the various provinces of Valratha, whose nobles had become almost entirely independent of the crown.",
q2b11,git,StoreList/0/StoreList/0/ItemList/15/LocalizedName,0,48318,The Tumblers,
q2b11,git,StoreList/0/StoreList/0/ItemList/16/DescIdentified,0,48317,"The Tumblers were a group of assassins who worked together to topple rich, powerful nobles and merchants. Emperor Fenias IV used them to regain control over the various provinces of Valratha, whose nobles had become almost entirely independent of the crown.",
q2b11,git,StoreList/0/StoreList/0/ItemList/16/LocalizedName,0,48316,Lesser Tumblers,
q2b11,git,StoreList/0/StoreList/0/ItemList/17/DescIdentified,0,67487,"Also referred to as the Disciples of the Saint Sollars, the Monastic Order of the Yellow Rose is known equally for its acts of great loyalty to its allies and those of great destruction to its enemies. Monks of this Order frequently travel alongside paladins of Jaess, serving as trusted guides and companions to these knights of the servant lord.",
q2b11,git,StoreList/0/StoreList/0/ItemList/18/DescIdentified,0,13369,"The elderly priestess, Milladolin, found that age was affecting her and her fellows quite rapidly, causing their hands to shake and preventing them from performing many of their priestly duties. With Rictos's blessings, Milladolin created magical gloves that steadied their hands and heightened their muscle control. Years later, a young Rictosian was caught for thievery - guilty of using the gloves. Word spread, and soon the gloves themselves were stolen away.",
q2b11,git,StoreList/0/StoreList/1/ItemList/38/DescIdentified,0,13925,"Desperately seeking to escape the attention of the emporer's assassins, the wizard, Worlit Thent fled to the fey hidden lands, Kahnahda. Peace and beauty are exalted above all else in these lands, so the emporer's assassins were unable to enter. When Worlit decided it was time to leave, the fey gave him an unprecidented gift. The feyduster was a weapon of beauty, but still a weapon. The fairy who gave it to Worlit told him it was from an age when the fey lived more in the world and made war on the big folk.",
q2b11,git,StoreList/0/StoreList/2/ItemList/3/DescIdentified,0,13446,"These potions are in equal demand by adventurers and scholars, and see much use in the dungeons of Valratha.",
q2b11,git,StoreList/0/StoreList/3/ItemList/6/DescIdentified,0,48923,"This ring is actually a magic leather cord that ties around a finger.  It is tanned to be vaguely flesh-toned and is so subtle that it often goes unnoticed when worn.  Similarly, it allows the wearer to blend easily into the background to escape detection..",
q2b11,git,StoreList/1/LocName,0,-1,Thief Store,
q2b11,git,StoreList/1/StoreList/0/ItemList/10/DescIdentified,0,40659,"This metallurgist's helm bears the distinctive look of gnomish make.  It has been specially constructed to allow an intricate series of lenses to swivel over the wearer's eyes. They enable much improved close-range vision and are very useful for locating or identifying features such as tiny seams, marks, cracks, or imperfections.  ",
q2b11,git,StoreList/1/StoreList/0/ItemList/11/DescIdentified,0,40661,"This helm mounts two lenses of dark crystal over the wearer's eyes. Even though the lenses are opaque, when placed over the eyes of the wearer they enable normal sight and also grant darkvision.

Common equipment for adventurers who like to explore deep caves and underground ruins, these helms are also hailed as ""the great equalizer"" by humans and are quite popular among human rogues.",
q2b11,git,StoreList/1/StoreList/0/ItemList/12/DescIdentified,0,67773,"Attempting to form an anti-thieves' guild, Ronger Delphos, a successful merchant, paid thieves to become security experts. The guards were trained to use wands with the Hold Person spell, to capture the thieves for interrogation. To counteract this security measure, magical belts were purchased by the thieves' guild, which nullified the effects of such spells. In the escalating war between the two guilds, many of these belts found their way into pawnshops and equipment stores.",
q2b11,git,StoreList/1/StoreList/0/ItemList/13/DescIdentified,0,56609,"The dancing thief was a legendary character who would set up a series of spectacular traps, then dance his way through them, creating a spectacle of explosions and effects to entertain and amuse audiences. While the onlookers were distracted, his followers, young pickpockets, would move through the crowd, taking what they could, then slipping away.",
q2b11,git,StoreList/1/StoreList/0/ItemList/13/LocalizedName,0,56610,Dancing Boots +1,
q2b11,git,StoreList/1/StoreList/0/ItemList/14/DescIdentified,0,56609,"The dancing thief was a legendary character who would set up a series of spectacular traps, then dance his way through them, creating a spectacle of explosions and effects to entertain and amuse audiences. While the onlookers were distracted, his followers, young pickpockets, would move through the crowd, taking what they could, then slipping away.",
q2b11,git,StoreList/1/StoreList/0/ItemList/14/LocalizedName,0,56611,Dancing Boots +2,
q2b11,git,StoreList/1/StoreList/0/ItemList/15/DescIdentified,0,48317,"The Tumblers were a group of assassins who worked together to topple rich, powerful nobles and merchants. Emperor Fenias IV used them to regain control over the various provinces of Valratha, whose nobles had become almost entirely independent of the crown.",
q2b11,git,StoreList/1/StoreList/0/ItemList/15/LocalizedName,0,48316,Lesser Tumblers,
q2b11,git,StoreList/1/StoreList/0/ItemList/16/DescIdentified,0,48317,"The Tumblers were a group of assassins who worked together to topple rich, powerful nobles and merchants. Emperor Fenias IV used them to regain control over the various provinces of Valratha, whose nobles had become almost entirely independent of the crown.",
q2b11,git,StoreList/1/StoreList/0/ItemList/16/LocalizedName,0,48318,The Tumblers,
q2b11,git,StoreList/1/StoreList/0/ItemList/17/DescIdentified,0,67487,"Also referred to as the Disciples of the Saint Sollars, the Monastic Order of the Yellow Rose is known equally for its acts of great loyalty to its allies and those of great destruction to its enemies. Monks of this Order frequently travel alongside paladins of Jaess, serving as trusted guides and companions to these knights of the servant lord.",
q2b11,git,StoreList/1/StoreList/0/ItemList/18/DescIdentified,0,13369,"The elderly priestess, Milladolin, found that age was affecting her and her fellows quite rapidly, causing their hands to shake and preventing them from performing many of their priestly duties. With Rictos's blessings, Milladolin created magical gloves that steadied their hands and heightened their muscle control. Years later, a young Rictosian was caught for thievery - guilty of using the gloves. Word spread, and soon the gloves themselves were stolen away.",
q2b11,git,StoreList/1/StoreList/1/ItemList/39/DescIdentified,0,13925,"Desperately seeking to escape the attention of the emporer's assassins, the wizard, Worlit Thent fled to the fey hidden lands, Kahnahda. Peace and beauty are exalted above all else in these lands, so the emporer's assassins were unable to enter. When Worlit decided it was time to leave, the fey gave him an unprecidented gift. The feyduster was a weapon of beauty, but still a weapon. The fairy who gave it to Worlit told him it was from an age when the fey lived more in the world and made war on the big folk.",
q2b11,git,StoreList/1/StoreList/2/ItemList/3/DescIdentified,0,13446,"These potions are in equal demand by adventurers and scholars, and see much use in the dungeons of Valratha.",
q2b11,git,StoreList/1/StoreList/3/ItemList/6/DescIdentified,0,48923,"This ring is actually a magic leather cord that ties around a finger.  It is tanned to be vaguely flesh-toned and is so subtle that it often goes unnoticed when worn.  Similarly, it allows the wearer to blend easily into the background to escape detection..",
q2b11,git,TriggerList/0/LocalizedName,0,-1,"OS One-Liner, Non-Random",
q2b14a,git,Creature List/0/Description,0,-1,Gelani the halfling is the part owner of the Mossy Tree Inn. She was once the guildmaster for the Merchant's guild.,
q2b14a,git,Creature List/0/FirstName,0,-1,Gelani,
q2b14a,git,Creature List/0/LastName,0,-1,Jathorn,
q2b14a,git,Creature List/1/Description,0,-1,"This is Mr. Mossy, proprieter and part owner of the Mossy Tree Inn.",
q2b14a,git,Creature List/1/FirstName,0,-1,Mr. Mossy,
q2b14a,git,Creature List/10/Description,0,-1,This is a commoner of the keep.,
q2b14a,git,Creature List/10/FirstName,0,12422,Commoner,
q2b14a,git,Creature List/11/Description,0,-1,This is a commoner of the keep.,
q2b14a,git,Creature List/11/FirstName,0,12422,Commoner,
q2b14a,git,Creature List/12/Description,0,-1,The commoners in the keep live a life filled with tension. They desperately seek a strong leader to guide them.,
q2b14a,git,Creature List/12/FirstName,0,12423,Commoner,
q2b14a,git,Creature List/13/Description,0,-1,The commoners in the keep live a life filled with tension. They desperately seek a strong leader to guide them.,
q2b14a,git,Creature List/13/FirstName,0,12423,Commoner,
q2b14a,git,Creature List/14/Description,0,-1,The commoners in the keep live a life filled with tension. They desperately seek a strong leader to guide them.,
q2b14a,git,Creature List/14/FirstName,0,12423,Commoner,
q2b14a,git,Creature List/15/Description,0,-1,This is one of the keep's commoners.,
q2b14a,git,Creature List/15/FirstName,0,12423,Commoner,
q2b14a,git,Creature List/2/Description,0,-1,This dwarven bard carries himself with an arroagant self-assurance.,
q2b14a,git,Creature List/2/FirstName,0,-1,Sir Curtis,
q2b14a,git,Creature List/2/LastName,0,-1,the Bard,
q2b14a,git,Creature List/3/Description,0,-1,This is a barmaid.,
q2b14a,git,Creature List/3/FirstName,0,-1,Barmaid,
q2b14a,git,Creature List/4/Description,0,-1,This is a barmaid.,
q2b14a,git,Creature List/4/FirstName,0,-1,Barmaid,
q2b14a,git,Creature List/5/FirstName,0,-1,Local Guard,
q2b14a,git,Creature List/6/FirstName,0,-1,Local Guard,
q2b14a,git,Creature List/7/Description,0,-1,This is one of the city guards.,
q2b14a,git,Creature List/7/FirstName,0,-1,Guard,
q2b14a,git,Creature List/8/Description,0,-1,This is one of the city guards.,
q2b14a,git,Creature List/8/FirstName,0,-1,Guard,
q2b14a,git,Creature List/9/Description,0,-1,This is a commoner of the keep.,
q2b14a,git,Creature List/9/FirstName,0,12422,Commoner,
q2b14a,git,Door List/0/LocName,0,5349,Inn Exit,
q2b14a,git,Door List/1/LocName,0,5349,Inn Exit,
q2b14a,git,TriggerList/0/LocalizedName,0,-1,"OS One-Liner, Non-Random",
q2b14a,git,WaypointList/0/LocalizedName,0,14817,Feran Drinking,
q2b14a,git,WaypointList/1/LocalizedName,0,14817,Gelani Leave Waypoint,
q2b14a,git,WaypointList/10/LocalizedName,0,14817,Trip Home,
q2b14a,git,WaypointList/2/LocalizedName,0,14817,Feran Leave Waypoint,
q2b14a,git,WaypointList/3/LocalizedName,0,14817,q2ab_way_entry,
q2b14a,git,WaypointList/4/LocalizedName,0,14817,Waitress Waypoint,
q2b14a,git,WaypointList/5/LocalizedName,0,14817,Waitress Waypoint,
q2b14a,git,WaypointList/6/LocalizedName,0,14817,Waitress Waypoint,
q2b14a,git,WaypointList/7/LocalizedName,0,14817,Waitress Waypoint,
q2b14a,git,WaypointList/8/LocalizedName,0,14817,Waitress Waypoint,
q2b14a,git,WaypointList/9/LocalizedName,0,14817,Henchman Home Waypoint,
q2b14b,git,Door List/0/LocName,0,5349,Door,
q2b14b,git,Door List/1/LocName,0,5349,Door,
q2b9,git,Creature List/0/FirstName,0,-1,Levio'Sa,
q2b9,git,Creature List/1/Description,0,-1,This is one of the hunters that frequent the Quartermaster's Store.,
q2b9,git,Creature List/1/FirstName,0,-1,Fell,
q2b9,git,Creature List/1/LastName,0,-1,Goodmanner,
q2b9,git,Creature List/2/Description,0,-1,This is one of the forresters forced to stay in the keep until the invaders are destroyed.,
q2b9,git,Creature List/2/FirstName,0,-1,Thruldur,
q2b9,git,Creature List/2/LastName,0,-1,Aset,
q2b9,git,Creature List/3/FirstName,0,12422,Commoner,
q2b9,git,Creature List/4/Description,0,-1,This is one of the local hunters.,
q2b9,git,Creature List/4/FirstName,0,-1,Local Warrior,
q2b9,git,Creature List/5/Description,0,-1,This is one of the keep's commoners.,
q2b9,git,Creature List/5/FirstName,0,12423,Commoner,
q2b9,git,Creature List/6/Description,0,-1,The commoners in the keep live a life filled with tension. They desperately seek a strong leader to guide them.,
q2b9,git,Creature List/6/FirstName,0,12423,Local Warrior,
q2b9,git,Creature List/7/Description,0,-1,This is one of the keep's commoners.,
q2b9,git,Creature List/7/FirstName,0,12423,Commoner,
q2b9,git,Door List/0/LocName,0,5349,QuarterMaster Exit,
q2b9,git,Placeable List/16/Description,0,14599,"With its bucket head and straw-filled chest, the combat dummy seems far from threatening.",
q2b9,git,StoreList/0/LocName,0,-1,General Store,
q2b9,git,StoreList/0/StoreList/0/ItemList/12/LocalizedName,0,13711,Lesser Armor of the Wolf,
q2b9,git,StoreList/0/StoreList/0/ItemList/13/DescIdentified,0,40655,This helm mounts two special crystal lenses over the wearer's eyes that grant a +5 bonus to Spot checks. ,
q2b9,git,StoreList/0/StoreList/0/ItemList/14/DescIdentified,0,56605,"An unusual tradition in the mountainous village of Kale sprang up around 5 years ago, where villagers would take blunted arrows and fire them at each other in contests. Two lines would form up, with each person directly across from the other firing on command. Anyone not hit would remain, while all others backed out, until one person was left standing.
Travellers to the village reported the games were, ""Marvellous fun to watch, but you'd have to be a bloody idiot to participate.""
After a few years and several unfortunate deaths, the villagers went back to shooting at stuffed targets.",
q2b9,git,StoreList/0/StoreList/0/ItemList/15/DescIdentified,0,56605,"An unusual tradition in the mountainous village of Kale sprang up around 5 years ago, where villagers would take blunted arrows and fire them at each other in contests. Two lines would form up, with each person directly across from the other firing on command. Anyone not hit would remain, while all others backed out, until one person was left standing.
Travellers to the village reported the games were, ""Marvellous fun to watch, but you'd have to be a bloody idiot to participate.""
After a few years and several unfortunate deaths, the villagers went back to shooting at stuffed targets.",
q2b9,git,StoreList/0/StoreList/0/ItemList/16/DescIdentified,0,13336,"Several wars have sprung up between man and elf kind, since the discovery that humans were actually making these boots out of elves. The elves believe they have finally taught the humans how to make the boots properly from regular leather, but there is no underestimating the stupidity of some humans.",
q2b9,git,StoreList/0/StoreList/0/ItemList/17/DescIdentified,0,13334,"Blessed by priests of Calahi the god of merchants and travel, these boots seem to make even the most arduous journey easier and more pleasant. This is accomplished not by increasing the wearer's speed, but by making him hardier and more resistant to pain. Numerous versions of these boots exist, their power varying largely in accordance with the priest who blessed them.",
q2b9,git,StoreList/0/StoreList/0/ItemList/18/DescIdentified,0,13349,"Relics from the Age of the Magi, these bracers can still be found in the common gear of most adventurers. Anything that makes an adventurer quicker and harder to hit is a must-have item.",
q2b9,git,StoreList/0/StoreList/0/ItemList/19/DescIdentified,0,13349,"Relics from the Age of the Magi, these bracers can still be found in the common gear of most adventurers. Anything that makes an adventurer quicker and harder to hit is a must-have item.",
q2b9,git,StoreList/0/StoreList/0/ItemList/20/DescIdentified,0,67782,"While these magical items have been around for thousands of years, their popularity never seems to decrease. Recently, a party of adventurers out of Delish uncovered a vast treasure trove, filled with magical items like these. The sudden influx of magical gauntlets does not seem to have decreased their value, as every adventurer across the land clamors for the assistance of these useful artifacts.",
q2b9,git,StoreList/0/StoreList/0/ItemList/21/DescIdentified,0,66562,"These cloaks of resistance are commonly found among the frost giant clans in the northern reaches of Valratha. 

The wearer can withstand extremes of cold weather and magical cold damage as well.",
q2b9,git,StoreList/0/StoreList/1/ItemList/37/DescIdentified,0,14051,"These bows seem primitive at first glance, but behind the crude sinew and hide is a powerful weapon. They are most often found in the far north of Valratha, but unfortunately, they are also most often found in the hands of one of the Cold Tongue orc raiders. Most observers will get a good look at the point of the arrows before ever seeing the bow.",
q2b9,git,StoreList/0/StoreList/1/ItemList/37/LocalizedName,0,14052,Cold Tongue Bow,
q2b9,git,StoreList/0/StoreList/3/ItemList/3/DescIdentified,0,56645,"It is rumored that these rings were created in lands across the sea from Valratha. Since no ships have ever survived such a crossing of the seas, few believe these stories.",
q2b9,git,StoreList/0/StoreList/3/ItemList/4/DescIdentified,0,56645,"It is rumored that these rings were created in lands across the sea from Valratha. Since no ships have ever survived such a crossing of the seas, few believe these stories.",
q2b9,git,StoreList/1/LocName,0,-1,General Store,
q2b9,git,StoreList/1/StoreList/0/ItemList/16/LocalizedName,0,13711,Lesser Armor of the Wolf,
q2b9,git,StoreList/1/StoreList/0/ItemList/17/DescIdentified,0,40655,This helm mounts two special crystal lenses over the wearer's eyes that grant a +5 bonus to Spot checks. ,
q2b9,git,StoreList/1/StoreList/0/ItemList/18/DescIdentified,0,56605,"An unusual tradition in the mountainous village of Kale sprang up around 5 years ago, where villagers would take blunted arrows and fire them at each other in contests. Two lines would form up, with each person directly across from the other firing on command. Anyone not hit would remain, while all others backed out, until one person was left standing.
Travellers to the village reported the games were, ""Marvellous fun to watch, but you'd have to be a bloody idiot to participate.""
After a few years and several unfortunate deaths, the villagers went back to shooting at stuffed targets.",
q2b9,git,StoreList/1/StoreList/0/ItemList/19/DescIdentified,0,56605,"An unusual tradition in the mountainous village of Kale sprang up around 5 years ago, where villagers would take blunted arrows and fire them at each other in contests. Two lines would form up, with each person directly across from the other firing on command. Anyone not hit would remain, while all others backed out, until one person was left standing.
Travellers to the village reported the games were, ""Marvellous fun to watch, but you'd have to be a bloody idiot to participate.""
After a few years and several unfortunate deaths, the villagers went back to shooting at stuffed targets.",
q2b9,git,StoreList/1/StoreList/0/ItemList/20/DescIdentified,0,13336,"Several wars have sprung up between man and elf kind, since the discovery that humans were actually making these boots out of elves. The elves believe they have finally taught the humans how to make the boots properly from regular leather, but there is no underestimating the stupidity of some humans.",
q2b9,git,StoreList/1/StoreList/0/ItemList/21/DescIdentified,0,66562,"These cloaks of resistance are commonly found among the frost giant clans in the northern reaches of Valratha. 

The wearer can withstand extremes of cold weather and magical cold damage as well.",
q2b9,git,StoreList/1/StoreList/0/ItemList/22/DescIdentified,0,67782,"While these magical items have been around for thousands of years, their popularity never seems to decrease. Recently, a party of adventurers out of Delish uncovered a vast treasure trove, filled with magical items like these. The sudden influx of magical gauntlets does not seem to have decreased their value, as every adventurer across the land clamors for the assistance of these useful artifacts.",
q2b9,git,StoreList/1/StoreList/1/ItemList/37/DescIdentified,0,14051,"These bows seem primitive at first glance, but behind the crude sinew and hide is a powerful weapon. They are most often found in the far north of Valratha, but unfortunately, they are also most often found in the hands of one of the Cold Tongue orc raiders. Most observers will get a good look at the point of the arrows before ever seeing the bow.",
q2b9,git,StoreList/1/StoreList/1/ItemList/37/LocalizedName,0,14052,Cold Tongue Bow,
q2b9,git,StoreList/1/StoreList/3/ItemList/3/DescIdentified,0,56645,"It is rumored that these rings were created in lands across the sea from Valratha. Since no ships have ever survived such a crossing of the seas, few believe these stories.",
q2b9,git,StoreList/1/StoreList/3/ItemList/4/DescIdentified,0,56645,"It is rumored that these rings were created in lands across the sea from Valratha. Since no ships have ever survived such a crossing of the seas, few believe these stories.",
q2b9,git,TriggerList/0/LocalizedName,0,-1,"OS One-Liner, Non-Random",
q2c,git,Creature List/0/Description,0,-1,This is a commoner of the keep.,
q2c,git,Creature List/0/FirstName,0,12422,Commoner,
q2c,git,Creature List/1/Description,0,-1,This is a commoner of the keep.,
q2c,git,Creature List/1/FirstName,0,12422,Commoner,
q2c,git,Creature List/10/FirstName,0,-1,Invisible Voice,
q2c,git,Creature List/11/Description,0,-1,"This paladin has a profound aura of confidence. Enivid is the Keep's Hand, though she aspires to greater things.",
q2c,git,Creature List/11/Equip_ItemList/0/DescIdentified,0,-1,Enivid's helm.,
q2c,git,Creature List/11/Equip_ItemList/0/Description,0,-1,Enivid's helm.,
q2c,git,Creature List/11/Equip_ItemList/0/LocalizedName,0,12849,Godly Courage,
q2c,git,Creature List/11/Equip_ItemList/1/LocalizedName,0,13820,Divine Plate,
q2c,git,Creature List/11/Equip_ItemList/2/LocalizedName,0,14295,Lawmaker,
q2c,git,Creature List/11/FirstName,0,-1,Enivid,
q2c,git,Creature List/11/LastName,0,-1,Divine,
q2c,git,Creature List/12/Description,0,-1,Feran Fairhand is the intense guildmaster of the military. He takes his duties very seriously.,
q2c,git,Creature List/12/FirstName,0,-1,Feran,
q2c,git,Creature List/12/LastName,0,-1,Fairhand,
q2c,git,Creature List/13/Description,0,-1,"Dynschall LaVelisi is the hellfire-and-brimstone preacher who heads the priest guild. As the priest of Pharos, the god of Judgment and Lord of Battles, Dynschall oversees the temple and holds great sway over his ""flock"".",
q2c,git,Creature List/13/Equip_ItemList/0/LocalizedName,0,13828,Dynschall's Armor,
q2c,git,Creature List/13/FirstName,0,-1,Dynschall,
q2c,git,Creature List/13/LastName,0,-1,LaVelisi,
q2c,git,Creature List/14/Description,0,-1,"This is Sir Becket, a nobleman of the keep. His ambition far outwieghs any scruples he might have once had.",
q2c,git,Creature List/14/FirstName,0,-1,Sir Becket,
q2c,git,Creature List/15/Description,0,-1,"This is Momma Dane, a friendly old gossip who spends most of her time in the village square. She seems to have taken a liking to you.",
q2c,git,Creature List/15/FirstName,0,-1,Momma Dane,
q2c,git,Creature List/16/Description,0,-1,Alias is the local messenger girl and scout. She knows her way around the keep and around some of the caves as well.,
q2c,git,Creature List/16/FirstName,0,-1,Alias,
q2c,git,Creature List/16/LastName,0,-1,Blackhand,
q2c,git,Creature List/2/Description,0,-1,The commoners in the keep live a life filled with tension. They desperately seek a strong leader to guide them.,
q2c,git,Creature List/2/FirstName,0,12423,Commoner,
q2c,git,Creature List/3/Description,0,-1,The commoners in the keep live a life filled with tension. They desperately seek a strong leader to guide them.,
q2c,git,Creature List/3/FirstName,0,12423,Commoner,
q2c,git,Creature List/4/Description,0,-1,The commoners in the keep live a life filled with tension. They desperately seek a strong leader to guide them.,
q2c,git,Creature List/4/FirstName,0,12423,Commoner,
q2c,git,Creature List/5/FirstName,0,-1,Local Guard,
q2c,git,Creature List/6/FirstName,0,-1,Local Guard,
q2c,git,Creature List/7/FirstName,0,12634,Boy,
q2c,git,Creature List/8/FirstName,0,12525,Girl,
q2c,git,Creature List/9/Description,0,-1,This is the third in command of the keep guards.,
q2c,git,Creature List/9/FirstName,0,-1,Dylan,
q2c,git,Creature List/9/LastName,0,-1,Ogder,
q2c,git,Door List/10/LocName,0,5349,Tower Entrance,
q2c,git,Door List/11/LocName,0,5349,Inn Entrance,
q2c,git,Door List/12/LocName,0,5349,Iron Gate,
q2c,git,Door List/3/LocName,0,5349,Granary Entrance,
q2c,git,Door List/4/LocName,0,5349,Castle Entrance,
q2c,git,Door List/5/LocName,0,5349,Manor Entrance,
q2c,git,Door List/6/LocName,0,5349,Manor Entrance,
q2c,git,Door List/7/LocName,0,5349,Manor Entrance,
q2c,git,Door List/8/LocName,0,5349,Prison Entrance,
q2c,git,Door List/9/LocName,0,5349,Temple Entrance,
q2c,git,Placeable List/10/LocName,0,14561,Becket Manor,
q2c,git,Placeable List/8/LocName,0,14561,Manybrick Manor - Haunted - Please see Serah Blackhand.,
q2c,git,Placeable List/9/LocName,0,14561,Silvertongue Manor,
q2c,git,TriggerList/0/LocalizedName,0,14759,Alias Vote Trigger,
q2c,git,TriggerList/1/LocalizedName,0,-1,"OS One-Liner, Non-Random",
q2c,git,TriggerList/2/LocalizedName,0,14759,Henchmen Becket,
q2c,git,TriggerList/3/LocalizedName,0,14759,Henchmen Vote Trigger,
q2c,git,TriggerList/4/LocalizedName,0,14759,Keep South 2 Trigger,
q2c,git,TriggerList/6/LocalizedName,0,-1,"OS One-Liner, Non-Random",
q2c,git,WaypointList/0/LocalizedName,0,14814,Mage's Tower,
q2c,git,WaypointList/0/MapNote,0,14815,Mage's Tower,
q2c,git,WaypointList/1/LocalizedName,0,14814,Silvertongue Manor,
q2c,git,WaypointList/1/MapNote,0,14815,Silvertongue Manor,
q2c,git,WaypointList/10/LocalizedName,0,14817,North Guard Waypoint,
q2c,git,WaypointList/11/LocalizedName,0,14817,North Guard Waypoint,
q2c,git,WaypointList/12/LocalizedName,0,14817,North Guard Waypoint,
q2c,git,WaypointList/13/LocalizedName,0,14817,North Guard Waypoint,
q2c,git,WaypointList/14/LocalizedName,0,14817,North Guard Waypoint,
q2c,git,WaypointList/15/LocalizedName,0,14817,North Guard Waypoint,
q2c,git,WaypointList/16/LocalizedName,0,14814,Kaidala Keep Home,
q2c,git,WaypointList/18/LocalizedName,0,14817,North Guard Waypoint,
q2c,git,WaypointList/19/LocalizedName,0,14817,PC Copy Waypoint,
q2c,git,WaypointList/2/LocalizedName,0,14814,Sir Becket's Mansion,
q2c,git,WaypointList/2/MapNote,0,14815,Sir Becket's Mansion,
q2c,git,WaypointList/3/LocalizedName,0,14814,Prison Tower,
q2c,git,WaypointList/3/MapNote,0,14815,Prison Tower,
q2c,git,WaypointList/4/LocalizedName,0,14814,The Keep Proper,
q2c,git,WaypointList/4/MapNote,0,14815,The Keep Proper,
q2c,git,WaypointList/5/LocalizedName,0,14814,Temple of the Nine Gods,
q2c,git,WaypointList/5/MapNote,0,14815,Temple of the Nine Gods,
q2c,git,WaypointList/6/LocalizedName,0,14814,To South Cyan,
q2c,git,WaypointList/6/MapNote,0,14815,South Keep,
q2c,git,WaypointList/7/LocalizedName,0,14814,The Silver Lily,
q2c,git,WaypointList/7/MapNote,0,14815,The Silver Lily,
q2c,git,WaypointList/8/LocalizedName,0,14814,Map Note: Haunted House,
q2c,git,WaypointList/8/MapNote,0,14815,Haunted Mansion,
q2c,git,WaypointList/9/LocalizedName,0,14817,North Guard Waypoint,
q2c013,git,Creature List/0/Description,0,-1,"Yenna is the wizard of the keep, and being one of the most powerful people around has made her the guildmaster of a guild consisting of only the one member.",
q2c013,git,Creature List/0/FirstName,0,-1,Yenna,
q2c013,git,Placeable List/0/Description,0,84167,"You gaze back at your own reflection created by the shiny surface of this huge, stone-framed mirror.",
q2c013,git,StoreList/0/LocName,0,14807,Mage Store,
q2c013,git,StoreList/0/StoreList/0/ItemList/10/DescIdentified,0,40663,Woven round the brim of this helm is a light cord with a small gem set so that it rests upon the forehead of the wearer.  The magic of the headband has the power to dramatically sharpen the wearer's intellect.,
q2c013,git,StoreList/0/StoreList/0/ItemList/11/DescIdentified,0,13334,"Blessed by priests of Calahi the god of merchants and travel, these boots seem to make even the most arduous journey easier and more pleasant. This is accomplished not by increasing the wearer's speed, but by making him hardier and more resistant to pain. Numerous versions of these boots exist, their power varying largely in accordance with the priest who blessed them.",
q2c013,git,StoreList/0/StoreList/0/ItemList/12/DescIdentified,0,13334,"Blessed by priests of Calahi the god of merchants and travel, these boots seem to make even the most arduous journey easier and more pleasant. This is accomplished not by increasing the wearer's speed, but by making him hardier and more resistant to pain. Numerous versions of these boots exist, their power varying largely in accordance with the priest who blessed them.",
q2c013,git,StoreList/0/StoreList/0/ItemList/13/DescIdentified,0,13349,"Relics from the Age of the Magi, these bracers can still be found in the common gear of most adventurers. Anything that makes an adventurer quicker and harder to hit is a must-have item.",
q2c013,git,StoreList/0/StoreList/0/ItemList/14/DescIdentified,0,13329,"Near the end of the Age of the Magi, legends tell that the first Emporer of Valratha used hunters who seemed to resist many of the spells used by their victims. By the end of his rule, the Emporer had destroyed the majority of mages across Valratha. Even today, mages of any power are few and far between.",
q2c013,git,StoreList/0/StoreList/0/ItemList/8/DescIdentified,0,67729,"Left over from the Age of the Magi, when mages were plentiful, these robes are sturdy, but fairly common. They last a long time, rarely wearing out.",
q2c013,git,StoreList/0/StoreList/0/ItemList/8/Description,0,-1,This is a magic robe.,
q2c013,git,StoreList/0/StoreList/0/ItemList/9/DescIdentified,0,67731,"Left over from the Age of the Magi, when mages were plentiful, these robes are sturdy, but fairly common. They last a long time, rarely wearing out.",
q2c013,git,StoreList/0/StoreList/0/ItemList/9/Description,0,-1,This is a magic robe.,
q2c013,git,StoreList/0/StoreList/2/ItemList/111/DescIdentified,0,13424,"The crutch of shoddy thieves and cowardly paladins, these potions are well known across the face of Valratha.",
q2c013,git,StoreList/0/StoreList/2/ItemList/112/DescIdentified,0,13446,"These potions are in equal demand by adventurers and scholars, and see much use in the dungeons of Valratha.",
q2c013,git,StoreList/0/StoreList/3/ItemList/20/DescIdentified,0,58589,"Because they must constantly have their charges replenished, rods and wands in Valratha have become scarce. There simply aren't enough powerful mages to recharge these items.",
q2c013,git,StoreList/0/StoreList/3/ItemList/21/DescIdentified,0,13464,"Tormented by voices that incessantly attacked his mind, young Resino of Lavin begged his local church to kill him. Understanding his pain but unable to identify any specific demonic influence, the church tried crafting rings that they hoped would clear his thoughts. Unfortunately, while the rings enhanced his senses they did nothing for the voices, and Resino eventually took his own life.",
q2c013,git,StoreList/0/StoreList/3/ItemList/22/DescIdentified,0,13464,"Tormented by voices that incessantly attacked his mind, young Resino of Lavin begged his local church to kill him. Understanding his pain but unable to identify any specific demonic influence, the church tried crafting rings that they hoped would clear his thoughts. Unfortunately, while the rings enhanced his senses they did nothing for the voices, and Resino eventually took his own life.",
q2c013,git,StoreList/0/StoreList/3/ItemList/23/DescIdentified,0,13464,"Tormented by voices that incessantly attacked his mind, young Resino of Lavin begged his local church to kill him. Understanding his pain but unable to identify any specific demonic influence, the church tried crafting rings that they hoped would clear his thoughts. Unfortunately, while the rings enhanced his senses they did nothing for the voices, and Resino eventually took his own life.",
q2c013,git,StoreList/0/StoreList/3/ItemList/24/DescIdentified,0,56645,"It is rumored that these rings were created in lands across the sea from Valratha. Since no ships have ever survived such a crossing of the seas, few believe these stories.",
q2c013,git,StoreList/0/StoreList/3/ItemList/25/DescIdentified,0,40089,"Only a few of these rings exist, and almost all of them are owned by very powerful mages. It is a status symbol to own such a ring.",
q2c013,git,StoreList/0/StoreList/3/ItemList/26/DescIdentified,0,40089,"Only a few of these rings exist, and almost all of them are owned by very powerful mages. It is a status symbol to own such a ring.",
q2c013,git,StoreList/1/LocName,0,14807,Mage Store,
q2c013,git,StoreList/1/StoreList/0/ItemList/10/DescIdentified,0,40663,Woven round the brim of this helm is a light cord with a small gem set so that it rests upon the forehead of the wearer.  The magic of the headband has the power to dramatically sharpen the wearer's intellect.,
q2c013,git,StoreList/1/StoreList/0/ItemList/11/DescIdentified,0,13334,"Blessed by priests of Calahi the god of merchants and travel, these boots seem to make even the most arduous journey easier and more pleasant. This is accomplished not by increasing the wearer's speed, but by making him hardier and more resistant to pain. Numerous versions of these boots exist, their power varying largely in accordance with the priest who blessed them.",
q2c013,git,StoreList/1/StoreList/0/ItemList/12/DescIdentified,0,13334,"Blessed by priests of Calahi the god of merchants and travel, these boots seem to make even the most arduous journey easier and more pleasant. This is accomplished not by increasing the wearer's speed, but by making him hardier and more resistant to pain. Numerous versions of these boots exist, their power varying largely in accordance with the priest who blessed them.",
q2c013,git,StoreList/1/StoreList/0/ItemList/13/DescIdentified,0,13349,"Relics from the Age of the Magi, these bracers can still be found in the common gear of most adventurers. Anything that makes an adventurer quicker and harder to hit is a must-have item.",
q2c013,git,StoreList/1/StoreList/0/ItemList/14/DescIdentified,0,13329,"Near the end of the Age of the Magi, legends tell that the first Emporer of Valratha used hunters who seemed to resist many of the spells used by their victims. By the end of his rule, the Emporer had destroyed the majority of mages across Valratha. Even today, mages of any power are few and far between.",
q2c013,git,StoreList/1/StoreList/0/ItemList/8/DescIdentified,0,67731,"Left over from the Age of the Magi, when mages were plentiful, these robes are sturdy, but fairly common. They last a long time, rarely wearing out.",
q2c013,git,StoreList/1/StoreList/0/ItemList/8/Description,0,-1,This is a magic robe.,
q2c013,git,StoreList/1/StoreList/0/ItemList/9/DescIdentified,0,67729,"Left over from the Age of the Magi, when mages were plentiful, these robes are sturdy, but fairly common. They last a long time, rarely wearing out.",
q2c013,git,StoreList/1/StoreList/0/ItemList/9/Description,0,-1,This is a magic robe.,
q2c013,git,StoreList/1/StoreList/2/ItemList/113/DescIdentified,0,13424,"The crutch of shoddy thieves and cowardly paladins, these potions are well known across the face of Valratha.",
q2c013,git,StoreList/1/StoreList/2/ItemList/114/DescIdentified,0,13446,"These potions are in equal demand by adventurers and scholars, and see much use in the dungeons of Valratha.",
q2c013,git,StoreList/1/StoreList/3/ItemList/20/DescIdentified,0,13464,"Tormented by voices that incessantly attacked his mind, young Resino of Lavin begged his local church to kill him. Understanding his pain but unable to identify any specific demonic influence, the church tried crafting rings that they hoped would clear his thoughts. Unfortunately, while the rings enhanced his senses they did nothing for the voices, and Resino eventually took his own life.",
q2c013,git,StoreList/1/StoreList/3/ItemList/21/DescIdentified,0,13464,"Tormented by voices that incessantly attacked his mind, young Resino of Lavin begged his local church to kill him. Understanding his pain but unable to identify any specific demonic influence, the church tried crafting rings that they hoped would clear his thoughts. Unfortunately, while the rings enhanced his senses they did nothing for the voices, and Resino eventually took his own life.",
q2c013,git,StoreList/1/StoreList/3/ItemList/22/DescIdentified,0,13464,"Tormented by voices that incessantly attacked his mind, young Resino of Lavin begged his local church to kill him. Understanding his pain but unable to identify any specific demonic influence, the church tried crafting rings that they hoped would clear his thoughts. Unfortunately, while the rings enhanced his senses they did nothing for the voices, and Resino eventually took his own life.",
q2c013,git,StoreList/1/StoreList/3/ItemList/23/DescIdentified,0,56645,"It is rumored that these rings were created in lands across the sea from Valratha. Since no ships have ever survived such a crossing of the seas, few believe these stories.",
q2c013,git,StoreList/1/StoreList/3/ItemList/24/DescIdentified,0,40089,"Only a few of these rings exist, and almost all of them are owned by very powerful mages. It is a status symbol to own such a ring.",
q2c013,git,StoreList/1/StoreList/3/ItemList/25/DescIdentified,0,40089,"Only a few of these rings exist, and almost all of them are owned by very powerful mages. It is a status symbol to own such a ring.",
q2c013,git,TriggerList/0/LocalizedName,0,14759,Magic Weapon Initiates Trigger,
q2c013,git,TriggerList/1/LocalizedName,0,-1,"OS One-Liner, Non-Random",
q2c013,git,TriggerList/2/LocalizedName,0,14759,Henchmen Yenna,
q2c013,git,TriggerList/3/LocalizedName,0,14759,Henchmen Yenna Trip,
q2c013,git,WaypointList/0/LocalizedName,0,14814,Mirror Waypoint,
q2c013,git,WaypointList/1/LocalizedName,0,14817,Jaboli Home,
q2c19a,git,Door List/0/LocName,0,5349,Granary Exit,
q2c19a,git,Placeable List/0/LocName,0,5800,Invisible Grate Object,
q2c19a,git,WaypointList/0/LocalizedName,0,14817,Granary escape point,
q2c22a,git,Creature List/0/Description,0,-1,"Ellysia Silvertongue is a beautiful woman, and the guildmaster for the nobles.",
q2c22a,git,Creature List/0/FirstName,0,-1,Ellysia,
q2c22a,git,Creature List/0/LastName,0,-1,Silvertongue,
q2c22a,git,Door List/0/LocName,0,5349,Manor Exit,
q2c22a,git,Placeable List/0/Description,0,76380,"The grate is sealed tight. You suspect you could fit your hand through the grill, however, and feel for what might lie below.",
q2c22a,git,Placeable List/0/LocName,0,68907,Grate,
q2c22a,git,TriggerList/0/LocalizedName,0,-1,"OS One-Liner, Non-Random",
q2c23,git,Creature List/0/Description,0,-1,"This is Sir Becket, a nobleman of the keep. His ambition far outwieghs any scruples he might have once had.",
q2c23,git,Creature List/0/FirstName,0,-1,Sir Becket,
q2c23,git,Creature List/1/FirstName,0,-1,Maidservant,
q2c23,git,Placeable List/0/LocName,0,68906,Grate,
q2c23,git,SoundList/2/LocName,0,-1,Cave Drips,
q2c23,git,TriggerList/0/LocalizedName,0,-1,"OS One-Liner, Non-Random",
q2c23,git,WaypointList/0/LocalizedName,0,14817,Secret Grate Waypoint,
q2c24a,git,Creature List/0/Description,0,-1,"These guards are local militia and do not look to be well trained, nor terribly competent. It is no surprise they were overwhelmed by the goblin, orc and kobold invaders.",
q2c24a,git,Creature List/0/FirstName,0,-1,Local Guard,
q2c24a,git,Creature List/1/Description,0,-1,"These guards are local militia and do not look to be well trained, nor terribly competent. It is no surprise they were overwhelmed by the goblin, orc and kobold invaders.",
q2c24a,git,Creature List/1/FirstName,0,-1,Local Guard,
q2c24a,git,Creature List/2/Description,0,-1,"These guards are local militia and do not look to be well trained, nor terribly competent. It is no surprise they were overwhelmed by the goblin, orc and kobold invaders.",
q2c24a,git,Creature List/2/FirstName,0,-1,Local Guard,
q2c24a,git,Creature List/3/Description,0,-1,"These guards are local militia and do not look to be well trained, nor terribly competent. It is no surprise they were overwhelmed by the goblin, orc and kobold invaders.",
q2c24a,git,Creature List/3/FirstName,0,-1,Local Guard,
q2c24a,git,Creature List/4/Description,0,-1,The militia is a relatively untrained group of defenders.,
q2c24a,git,Creature List/4/FirstName,0,-1,Militia Guard,
q2c24a,git,Creature List/5/Description,0,-1,This is the third in command of the keep guards.,
q2c24a,git,Creature List/5/FirstName,0,-1,Dylan,
q2c24a,git,Creature List/5/LastName,0,-1,Ogder,
q2c24a,git,Door List/0/LocName,0,5349,Prison Door,
q2c24a,git,Door List/1/LocName,0,5349,Door,
q2c24a,git,Placeable List/34/Description,0,14600,Either he owned little to begin with or this man was stripped of all he had.,
q2c24a,git,Placeable List/41/LocName,0,5681,Armor Stand,
q2c24a,git,TriggerList/0/LocalizedName,0,14759,Dylan Initiates Trigger,
q2c24a,git,TriggerList/1/LocalizedName,0,14759,Henchmen Prison,
q2c24a,git,WaypointList/0/LocalizedName,0,14817,Prison Entry Waypoint,
q2c24a,git,WaypointList/1/LocalizedName,0,14817,Prison Dungeon Mapnote,
q2c24a,git,WaypointList/1/MapNote,0,-1,Prison Dungeon,
q2c25,git,Creature List/0/Description,0,-1,Mykes Lamplighter is the Castellan of the Keep. He runs the general staff and also tallies the guild votes.,
q2c25,git,Creature List/0/FirstName,0,-1,Mykes,
q2c25,git,Creature List/0/LastName,0,-1,Lamplighter,
q2c25,git,Creature List/1/Description,0,-1,Serah Blackhand is the guildmaster of the landowner's guild.,
q2c25,git,Creature List/1/FirstName,0,-1,Serah,
q2c25,git,Creature List/1/LastName,0,-1,Blackhand,
q2c25,git,Creature List/2/Description,0,-1,"The Stan is a half orc former adventurer who runs ""The Trades"" an employment business that pays adventurers to do what they do best. He is also the guildmaster for trades.",
q2c25,git,Creature List/2/FirstName,0,-1,The Stan,
q2c25,git,Creature List/3/Description,0,-1,This is one of the keep guards.,
q2c25,git,Creature List/3/FirstName,0,-1,Guard,
q2c25,git,Creature List/4/Description,0,-1,This is one of the keep guards.,
q2c25,git,Creature List/4/FirstName,0,-1,Guard,
q2c25,git,Creature List/5/Description,0,-1,This is one of the local hunters.,
q2c25,git,Creature List/5/FirstName,0,-1,Local Warrior,
q2c25,git,Creature List/6/Description,0,-1,This is a commoner of the keep.,
q2c25,git,Creature List/6/FirstName,0,12422,Commoner,
q2c25,git,Creature List/7/Description,0,-1,The commoners in the keep live a life filled with tension. They desperately seek a strong leader to guide them.,
q2c25,git,Creature List/7/FirstName,0,12423,Commoner,
q2c25,git,Door List/0/LocName,0,5349,Castle Exit,
q2c25,git,Placeable List/27/Description,0,84167,"You gaze back at your own reflection created by the shiny surface of this huge, stone-framed mirror.",
q2c25,git,Placeable List/40/LocName,0,5800,Shaft of Light,
q2c25,git,TriggerList/0/LocalizedName,0,14759,Alias Keep Trigger,
q2c25,git,TriggerList/1/LocalizedName,0,-1,"OS One-Liner, Non-Random",
q2c25,git,TriggerList/2/LocalizedName,0,14759,Henchmen Serah,
q2c25,git,TriggerList/3/LocalizedName,0,14759,Henchmen Feran,
q2c25,git,TriggerList/5/LocalizedName,0,14759,Keep Vote Trigger,
q2c25,git,WaypointList/0/LocalizedName,0,14817,Feran Leave Waypoint,
q2c25,git,WaypointList/1/LocalizedName,0,14817,Mapnote: Landowners' Guild,
q2c25,git,WaypointList/1/MapNote,0,-1,Landowners' Guild Office,
q2c25,git,WaypointList/10/LocalizedName,0,14814,Military Guild,
q2c25,git,WaypointList/10/MapNote,0,14815,Military Guild,
q2c25,git,WaypointList/11/LocalizedName,0,14814,The Trades,
q2c25,git,WaypointList/11/MapNote,0,14815,The Trades,
q2c25,git,WaypointList/12/LocalizedName,0,14814,Mapnote: Priest's Guild,
q2c25,git,WaypointList/12/MapNote,0,14815,Priest's Guild Office,
q2c25,git,WaypointList/13/LocalizedName,0,14814,Mapnote: Mage's Guild,
q2c25,git,WaypointList/13/MapNote,0,14815,Mage's Guild Office,
q2c25,git,WaypointList/14/LocalizedName,0,14814,Mapnote: Thieves' Guild,
q2c25,git,WaypointList/14/MapNote,0,14815,Thieves' Guild Office,
q2c25,git,WaypointList/15/LocalizedName,0,14814,Mapnote: Foresters' Guild,
q2c25,git,WaypointList/15/MapNote,0,14815,Foresters' Guild Office,
q2c25,git,WaypointList/16/LocalizedName,0,14814,Mapnote: Nobles' Guild,
q2c25,git,WaypointList/16/MapNote,0,14815,Nobles' Guild Office,
q2c25,git,WaypointList/17/LocalizedName,0,14817,Throne Copy Waypoint,
q2c25,git,WaypointList/18/LocalizedName,0,14817,Throne PC Waypoint,
q2c25,git,WaypointList/19/LocalizedName,0,14817,Throne Undead1 Waypoint,
q2c25,git,WaypointList/2/LocalizedName,0,14817,Mapnote: Merchants' Guild,
q2c25,git,WaypointList/2/MapNote,0,-1,Merchants' Guild Office,
q2c25,git,WaypointList/20/LocalizedName,0,14817,Throne Undead2 Waypoint,
q2c25,git,WaypointList/21/LocalizedName,0,14817,Throne Becket Waypoint,
q2c25,git,WaypointList/22/LocalizedName,0,14817,Throne Enivid Waypoint,
q2c25,git,WaypointList/23/LocalizedName,0,14817,Throne Alias Waypoint,
q2c25,git,WaypointList/24/LocalizedName,0,14817,Throne Feran Waypoint,
q2c25,git,WaypointList/25/LocalizedName,0,14817,Throne Gord Waypoint,
q2c25,git,WaypointList/26/LocalizedName,0,14817,Throne Dynschall Waypoint,
q2c25,git,WaypointList/27/LocalizedName,0,14817,Throne Ellysia Waypoint,
q2c25,git,WaypointList/28/LocalizedName,0,14817,Throne Leviosa Waypoint,
q2c25,git,WaypointList/29/LocalizedName,0,14817,Throne Serah Waypoint,
q2c25,git,WaypointList/3/LocalizedName,0,14817,Alias Serah Waypoint,
q2c25,git,WaypointList/30/LocalizedName,0,14817,Throne Yenna Waypoint,
q2c25,git,WaypointList/31/LocalizedName,0,14817,Throne Merchant Waypoint,
q2c25,git,WaypointList/32/LocalizedName,0,14817,Throne Southpaw Waypoint,
q2c25,git,WaypointList/33/LocalizedName,0,14817,Throne PC2 Waypoint,
q2c25,git,WaypointList/34/LocalizedName,0,14817,Keep Waypoint,
q2c25,git,WaypointList/35/LocalizedName,0,14817,Alias Castle Waypoint,
q2c25,git,WaypointList/4/LocalizedName,0,14817,Keep Vote Waypoint,
q2c25,git,WaypointList/5/LocalizedName,0,14817,Keep Exit Waypoint,
q2c25,git,WaypointList/6/LocalizedName,0,14817,Alias Castle Waypoint,
q2c25,git,WaypointList/7/LocalizedName,0,14817,Becket Castle Waypoint,
q2c25,git,WaypointList/8/LocalizedName,0,14817,Enivid Home Waypoint,
q2c25,git,WaypointList/9/LocalizedName,0,14817,Feran's Work,
q2c5,git,Creature List/0/Description,0,-1,Sir Becket's guard eyes you with suspicion.,
q2c5,git,Creature List/0/FirstName,0,-1,Guard,
q2c5,git,Creature List/1/Description,0,-1,Sir Becket's guard eyes you with suspicion.,
q2c5,git,Creature List/1/FirstName,0,-1,Guard,
q2c5,git,Door List/0/LocName,0,5349,Manor Exit,
q2c5,git,Placeable List/0/Description,0,68862,A solid wooden desk.,
q2c5,git,Placeable List/0/ItemList/0/DescIdentified,0,-1,"This is a peice of parchment that appears to have been ripped, as some of the words at the bottom have been torn off. You can't make out what they say... if only you had the other half.",
q2c5,git,Placeable List/0/ItemList/0/Description,0,-1,"This is a peice of parchment that appears to have been ripped, as some of the words at the bottom have been torn off. You can't make out what they say... if only you had the other half.",
q2c5,git,Placeable List/0/ItemList/0/LocalizedName,0,-1,Note Paper,
q2c5,git,TriggerList/0/LocalizedName,0,-1,"OS One-Liner, Non-Random",
q2c5,git,WaypointList/0/LocalizedName,0,14817,Becket Home Waypoint,
q3d,git,Creature List/0/FirstName,0,90385,Duergar Head Warrior,
q3d,git,Creature List/1/FirstName,0,12508,Duergar Head Miner,
q3d,git,Door List/0/LocName,0,5349,Cave Exit,
q3d,git,Door List/1/Description,0,-1,Locked Bridge Door,
q3d,git,Door List/2/LocName,0,5349,Cave Exit,
q3d,git,Encounter List/0/LocalizedName,0,91343,Duergar Encounter,
q3d,git,Encounter List/1/LocalizedName,0,91343,Duergar Encounter,
q3d,git,Encounter List/2/LocalizedName,0,91343,Duergar Encounter,
q3d,git,Encounter List/3/LocalizedName,0,91343,Duergar Encounter,
q3d,git,Encounter List/4/LocalizedName,0,91343,Duergar Encounter,
q3d,git,Placeable List/0/Description,0,14632,Set Leviosa Plot to complete without trap,
q3d,git,Placeable List/1/LocName,0,5738,Explosive Barrel,
q3d,git,Placeable List/16/ItemList/0/LocalizedName,0,-1,Miner's Belt,
q3d,git,Placeable List/16/ItemList/1/DescIdentified,0,14242,"Briarspikes look like they could have been plucked from some giant quill-covered beast, but the methods involved are very sophisticated. ",
q3d,git,Placeable List/2/LocName,0,5738,Explosive Barrel,
q3d,git,SoundList/6/LocName,0,-1,Cave Drips,
q3d,git,TriggerList/0/LocalizedName,0,-1,"OS One-Liner, Non-Random",
q3d,git,WaypointList/0/LocalizedName,0,14817,Mapnote: Exit Waypoint,
q3d,git,WaypointList/0/MapNote,0,-1,Exit,
q3d,git,WaypointList/1/LocalizedName,0,14817,Mapnote: Dwarf Hall,
q3d,git,WaypointList/1/MapNote,0,-1,Exit,
q3d,git,WaypointList/2/LocalizedName,0,14817,Loose Stones 1 Waypoint,
q3d,git,WaypointList/3/LocalizedName,0,14817,Loose Stones 1 Waypoint,
q3e,git,Door List/0/LocName,0,5349,Tree Exit,
q3e,git,TriggerList/0/LocalizedName,0,-1,"OS One-Liner, Non-Random",
q3e,git,TriggerList/1/LocalizedName,0,14759,Henchmen Hermit,
q3e,git,WaypointList/0/LocalizedName,0,69063,Hermit's Home,
q3j,git,Creature List/0/FirstName,0,12428,Cow,
q3j,git,Creature List/1/FirstName,0,12428,Cow,
q3j,git,Creature List/2/FirstName,0,12428,Cow,
q3j,git,Creature List/3/FirstName,0,12428,Cow,
q3j,git,Creature List/4/FirstName,0,2926,Kobold Chief,
q3j,git,Creature List/9/FirstName,0,-1,Snivel,
q3j,git,Door List/0/LocName,0,5349,Cave Exit,
q3j,git,Encounter List/0/LocalizedName,0,-1,Kobold Encounter,
q3j,git,Encounter List/1/LocalizedName,0,-1,Kobold Encounter,
q3j,git,Encounter List/2/LocalizedName,0,-1,Kobold Encounter,
q3j,git,Encounter List/3/LocalizedName,0,-1,Kobold Encounter,
q3j,git,Placeable List/0/ItemList/0/LocalizedName,0,-1,Psionic Gem,
q3j,git,Placeable List/0/ItemList/1/DescIdentified,0,-1,"Some rough and difficult scratchings in this book lead you to believe that the kobold chief was trying to record his life, but most of it is unreadable. One of the things you do manage to make out is that the kobolds don't really like working for the ""Master"", but everytime they try to quit, he makes their head's hurt.
The rest of the book has scribblings of strange animals that live in some kind of woods and have various adventures. The main character is rather round and seems to have some kind of honey fetish. Hardly surprising considering what you've noticed about the kobold tribe.",
q3j,git,Placeable List/0/ItemList/1/LocalizedName,0,-1,Kobold Journal,
q3j,git,Placeable List/0/LocName,0,83439,Kobold Chest,
q3j,git,Placeable List/20/ItemList/0/DescIdentified,0,-1,"You might be able to use this grain to lure the cows out of the kobold caves, if you can keep the chickens from eating it.",
q3j,git,Placeable List/20/ItemList/0/Description,0,-1,"You might be able to use this grain to lure the cows out of the kobold caves, if you can keep the chickens from eating it.",
q3j,git,Placeable List/20/ItemList/0/LocalizedName,0,-1,Grain,
q3j,git,Placeable List/20/LocName,0,14709,Sacks of Grain,
q3j,git,Placeable List/4/ItemList/0/LocalizedName,0,-1,Grain,
q3j,git,Placeable List/4/LocName,0,-1,Bale,
q3j,git,TriggerList/0/LocalizedName,0,14759,Kobold Hostile Trigger,
q3j,git,TriggerList/1/LocalizedName,0,14759,Snivel Initiates Trigger,
q3j,git,TriggerList/2/LocalizedName,0,14759,Cow Exit Trigger,
q3j,git,TriggerList/3/LocalizedName,0,-1,"OS One-Liner, Non-Random",
q3j,git,WaypointList/0/LocalizedName,0,14817,Mapnote: Exit Waypoint,
q3j,git,WaypointList/0/MapNote,0,-1,Exit,
q3j,git,WaypointList/1/LocalizedName,0,14817,Cow Hammer,
q3j,git,WaypointList/10/LocalizedName,0,14817,Cow Hammer,
q3j,git,WaypointList/11/LocalizedName,0,14817,Cow Hammer,
q3j,git,WaypointList/12/LocalizedName,0,14817,Cow Hammer,
q3j,git,WaypointList/13/LocalizedName,0,14817,Cow Hammer,
q3j,git,WaypointList/14/LocalizedName,0,14817,Cow Hammer,
q3j,git,WaypointList/15/LocalizedName,0,14817,Cow Hammer,
q3j,git,WaypointList/16/LocalizedName,0,14817,Cow Hammer,
q3j,git,WaypointList/17/LocalizedName,0,14817,Cow Hammer,
q3j,git,WaypointList/2/LocalizedName,0,14817,Cow Hammer,
q3j,git,WaypointList/3/LocalizedName,0,14817,Cow Hammer,
q3j,git,WaypointList/4/LocalizedName,0,14817,Cow Hammer,
q3j,git,WaypointList/5/LocalizedName,0,14817,Cow Hammer,
q3j,git,WaypointList/6/LocalizedName,0,14817,Cow Hammer,
q3j,git,WaypointList/7/LocalizedName,0,14817,Cow Hammer,
q3j,git,WaypointList/8/LocalizedName,0,14817,Cow Hammer,
q3j,git,WaypointList/9/LocalizedName,0,14817,Cow Hammer,
q3k2,git,Door List/1/LocName,0,5349,Cave Door,
q3k2,git,Door List/2/LocName,0,5349,Door,
q3k2,git,Door List/3/LocName,0,5349,Door,
q3k2,git,TriggerList/0/LocalizedName,0,14759,Magic Weapon Initiates Trigger,
q3k2,git,TriggerList/1/LocalizedName,0,14759,Surrender Initiates Trigger,
q3k2,git,WaypointList/0/LocalizedName,0,14817,Calibast Waypoint,
q3k2,git,WaypointList/1/LocalizedName,0,14817,Kaidala Waypoint,
q3k2,git,WaypointList/2/LocalizedName,0,14817,Jaboli Waypoint,
q3k2,git,WaypointList/3/LocalizedName,0,14817,Trip Waypoint,
q3k2,git,WaypointList/4/LocalizedName,0,14817,Mapnote: Exit Waypoint,
q3k2,git,WaypointList/4/MapNote,0,-1,Exit,
q3k3,git,Creature List/0/Equip_ItemList/3/LocalizedName,0,-1,Mindflayer Tentacle,
q3k3,git,Creature List/0/Equip_ItemList/4/LocalizedName,0,-1,Mind Flayer Properties,
q3k3,git,Creature List/0/FirstName,0,-1,Illithid,
q3k3,git,Creature List/2/FirstName,0,12445,Intellect Devourer,
q3k3,git,Door List/0/LocName,0,5349,Door,
q3k3,git,Door List/1/LocName,0,5349,Door,
q3k3,git,Placeable List/0/ItemList/3/LocalizedName,0,62349,Golden Chalice of Suhili,
q3k3,git,Placeable List/2/ItemList/0/DescIdentified,0,67773,"Attempting to form an anti-thieves' guild, Ronger Delphos, a successful merchant, paid thieves to become security experts. The guards were trained to use wands with the Hold Person spell, to capture the thieves for interrogation. To counteract this security measure, magical belts were purchased by the thieves' guild, which nullified the effects of such spells. In the escalating war between the two guilds, many of these belts found their way into pawnshops and equipment stores.",
q3k3,git,Placeable List/2/ItemList/1/DescIdentified,0,13334,"Blessed by priests of Calahi the god of merchants and travel, these boots seem to make even the most arduous journey easier and more pleasant. This is accomplished not by increasing the wearer's speed, but by making him hardier and more resistant to pain. Numerous versions of these boots exist, their power varying largely in accordance with the priest who blessed them.",
q3k3,git,SoundList/1/LocName,0,-1,Illithid Elder Brain,
q3k3,git,SoundList/2/LocName,0,-1,Cave Drips,
q3k3,git,TriggerList/1/LocalizedName,0,-1,"OS One-Liner, Non-Random",
q3k3,git,WaypointList/0/LocalizedName,0,14817,Grandfather Waypoint,
q3k3,git,WaypointList/1/LocalizedName,0,14817,Mapnote: Exit Waypoint,
q3k3,git,WaypointList/1/MapNote,0,-1,Exit,
q3k3,git,WaypointList/2/LocalizedName,0,14817,Grandfather Waypoint,
q3k3,git,WaypointList/3/LocalizedName,0,14817,Grandfather Waypoint,
q3k3,git,WaypointList/4/LocalizedName,0,14817,Grandfather Waypoint,
smithy,git,Creature List/0/Description,0,-1,Glassy is the local smith.,
smithy,git,Creature List/0/Equip_ItemList/1/LocalizedName,0,14012,Glassy's Hammer,
smithy,git,Creature List/0/FirstName,0,-1,"Baless ""Glassy""",
smithy,git,Creature List/0/LastName,0,-1,Hopper,
smithy,git,Door List/0/LocName,0,5349,Smithy Exit,
smithy,git,StoreList/0/LocName,0,14812,Weapon and Armor Store,
smithy,git,StoreList/1/LocName,0,14812,Weapon and Armor Store,
start_woodsedge,git,Creature List/0/Description,0,-1,"Calibast is the fiery azer who once led your stalwart party of five. He is largely immune to fire-based attacks, and is powerfully built.",
start_woodsedge,git,Creature List/0/Equip_ItemList/0/DescIdentified,0,-1,"Calibast's helm is a family heirloom, a rememberance of his long dead parents. Though he does not speak of them much, his occassional stretches of melancholy are often due to his reminicing about his childhood. Obviously the scavengers could not wrest the helm off of his flaming head.",
start_woodsedge,git,Creature List/0/Equip_ItemList/0/LocalizedName,0,-1,Calibast's Helm,
start_woodsedge,git,Creature List/0/Equip_ItemList/1/LocalizedName,0,-1,Calibast Hide,
start_woodsedge,git,Creature List/0/FirstName,0,-1,Calibast,
start_woodsedge,git,Creature List/1/Description,0,-1,"Having been banished from her home plane, Jaboli became one of your companions, forsaking the natural socerous ways of her people in favor of more *rational* wizardly pursuits.",
start_woodsedge,git,Creature List/1/Equip_ItemList/0/DescIdentified,0,-1,"Jaboli's well-worn boots may not draw a lot of attention for those looking for a fashion statement, but they are very useful. Jaboli has had this same set of boots for many years and will not willingly give them up.",
start_woodsedge,git,Creature List/1/Equip_ItemList/0/LocalizedName,0,-1,Jaboli's Boots,
start_woodsedge,git,Creature List/1/Equip_ItemList/1/LocalizedName,0,-1,Jaboli's Hide,
start_woodsedge,git,Creature List/1/FirstName,0,-1,Jaboli,
start_woodsedge,git,Creature List/2/Description,0,-1,"The fire that destroyed Kaidala's home left her scarred physically and emotionally. Though she has never fully accepted her new life, her abilities as a druid are often remarkable. Kaidala has a kind and gentle spirit, and her fearlessness can make her quite formidable in battle.",
start_woodsedge,git,Creature List/2/Equip_ItemList/0/DescIdentified,0,-1,This outfit is magically made from the leaves and bark of a tree from Kaidala's home. It was a gift from the forest and Kaidala treasures it. She will not willingly part with this last rememberance of her former life.,
start_woodsedge,git,Creature List/2/Equip_ItemList/0/LocalizedName,0,-1,Kaidala's Leaves,
start_woodsedge,git,Creature List/2/FirstName,0,-1,Kaidala,
start_woodsedge,git,Creature List/3/Description,0,-1,"Trip is one of your erstwhile companions. As a wererat, he has the ability to bite and cause disease. He is also a rogue and has the uncanny ability to find odd and well-hidden treasures.",
start_woodsedge,git,Creature List/3/Equip_ItemList/1/DescIdentified,0,-1,"This is Trip's magic talisman, a dirty, old rat's skull hung on a leather thong. Trip often chews on the skull and believes it brings him luck. He will not part with the charm.",
start_woodsedge,git,Creature List/3/Equip_ItemList/1/LocalizedName,0,-1,Trip's Ratskull Talisman,
start_woodsedge,git,Creature List/3/FirstName,0,-1,Trip,
tarnishedtankard,git,Creature List/0/Description,0,-1,Thaddeus Squilt is the gnomish proprietor of the Tarnished Tankard and the guildmaster for the Merchant's Guild.,
tarnishedtankard,git,Creature List/0/FirstName,0,-1,Thaddeus,
tarnishedtankard,git,Creature List/0/LastName,0,-1,Squilt,
tarnishedtankard,git,Creature List/1/Description,0,-1,This large fellow is one of the guards at The Tarnished Tankard.,
tarnishedtankard,git,Creature List/1/FirstName,0,-1,Deus,
tarnishedtankard,git,Creature List/1/LastName,0,-1,Dongus,
tarnishedtankard,git,Creature List/10/Description,0,-1,The rogues living in the keep are unusually arrogant.,
tarnishedtankard,git,Creature List/10/FirstName,0,-1,Local Rogue,
tarnishedtankard,git,Creature List/11/Description,0,-1,The rogues living in the keep are unusually arrogant.,
tarnishedtankard,git,Creature List/11/FirstName,0,-1,Local Rogue,
tarnishedtankard,git,Creature List/12/Description,0,-1,The rogues living in the keep are unusually arrogant.,
tarnishedtankard,git,Creature List/12/FirstName,0,-1,Local Rogue,
tarnishedtankard,git,Creature List/13/Description,0,-1,The rogues living in the keep are unusually arrogant.,
tarnishedtankard,git,Creature List/13/FirstName,0,-1,Local Rogue,
tarnishedtankard,git,Creature List/14/Description,0,-1,This is one of the keep's commoners.,
tarnishedtankard,git,Creature List/14/FirstName,0,12423,Commoner,
tarnishedtankard,git,Creature List/2/Description,0,-1,This is one of The Tarnished Tankard's guards.,
tarnishedtankard,git,Creature List/2/FirstName,0,-1,Mac,
tarnishedtankard,git,Creature List/3/Description,0,-1,This is a barmaid.,
tarnishedtankard,git,Creature List/3/FirstName,0,-1,Barmaid,
tarnishedtankard,git,Creature List/4/Description,0,-1,This is a barmaid.,
tarnishedtankard,git,Creature List/4/FirstName,0,-1,Barmaid,
tarnishedtankard,git,Creature List/5/Description,0,-1,The commoners in the keep live a life filled with tension. They desperately seek a strong leader to guide them.,
tarnishedtankard,git,Creature List/5/FirstName,0,12423,Commoner,
tarnishedtankard,git,Creature List/6/Description,0,-1,This is a commoner of the keep.,
tarnishedtankard,git,Creature List/6/FirstName,0,12422,Commoner,
tarnishedtankard,git,Creature List/7/Description,0,-1,This is a commoner of the keep.,
tarnishedtankard,git,Creature List/7/FirstName,0,12422,Commoner,
tarnishedtankard,git,Creature List/8/Description,0,-1,This is a commoner of the keep.,
tarnishedtankard,git,Creature List/8/FirstName,0,12422,Commoner,
tarnishedtankard,git,Creature List/9/Description,0,-1,This is a commoner of the keep.,
tarnishedtankard,git,Creature List/9/FirstName,0,12423,Commoner,
tarnishedtankard,git,Door List/0/LocName,0,5349,Pub Exit,
tarnishedtankard,git,SoundList/3/LocName,0,-1,Rowdy Tavern,
tarnishedtankard,git,TriggerList/0/LocalizedName,0,-1,"OS One-Liner, Non-Random",
tarnishedtankard,git,WaypointList/1/LocalizedName,0,14817,Waitress Waypoint,
tarnishedtankard,git,WaypointList/2/LocalizedName,0,14817,Waitress Waypoint,
tarnishedtankard,git,WaypointList/3/LocalizedName,0,14817,Waitress Waypoint,
tarnishedtankard,git,WaypointList/4/LocalizedName,0,14817,Waitress Waypoint,
thanlormanor001,git,Creature List/0/Equip_ItemList/0/LocalizedName,0,-1,Lampy's Light,
thanlormanor001,git,Creature List/0/FirstName,0,-1,Candelabra,
thanlormanor001,git,Creature List/1/FirstName,0,-1,Suit of Armor,
thanlormanor001,git,Door List/3/LocName,0,5349,Manor Exit,
thanlormanor001,git,Encounter List/0/LocalizedName,0,14493,Incorporeal Undead Group,
thanlormanor001,git,Encounter List/1/LocalizedName,0,14493,Incorporeal Undead Group,
thanlormanor001,git,Placeable List/0/Description,0,14662,"You look about you, suspicious, but see nothing.",
thanlormanor001,git,Placeable List/0/LocName,0,5800,Invisible Grate Object,
thanlormanor001,git,Placeable List/27/LocName,0,5800,km_ghostseat,
thanlormanor001,git,Placeable List/28/LocName,0,5800,km_ghostseat,
thanlormanor001,git,Placeable List/29/LocName,0,5800,km_ghostseat,
thanlormanor001,git,Placeable List/31/LocName,0,5800,km_ghostseat,
thanlormanor001,git,Placeable List/32/LocName,0,5800,km_ghostblood,
thanlormanor001,git,Placeable List/33/LocName,0,5800,km_ghostblood,
thanlormanor001,git,Placeable List/34/LocName,0,5800,km_ghostblood,
thanlormanor001,git,Placeable List/35/LocName,0,5800,km_ghostblood,
thanlormanor001,git,Placeable List/36/LocName,0,5800,km_ghostblood,
thanlormanor001,git,Placeable List/37/LocName,0,5800,km_ghostblood,
thanlormanor001,git,Placeable List/38/LocName,0,5800,km_ghostblood,
thanlormanor001,git,Placeable List/39/LocName,0,5800,km_ghostblood,
thanlormanor001,git,SoundList/3/LocName,0,-1,Chain Rattles,
thanlormanor001,git,SoundList/4/LocName,0,-1,Ghosts,
thanlormanor001,git,TriggerList/0/LocalizedName,0,-1,"OS One-Liner, Non-Random",
thanlormanor001,git,WaypointList/0/LocalizedName,0,14817,Secret Grate Waypoint,
thanlormanor001,git,WaypointList/1/LocalizedName,0,14817,Mapnote: Exit Waypoint,
thanlormanor001,git,WaypointList/1/MapNote,0,-1,Exit,
thanlormanor001,git,WaypointList/2/LocalizedName,0,14817,Waypoint,
thebattleatthe02,git,Creature List/0/FirstName,0,-1,Spirit of Calibast,
thebattleatthe02,git,Creature List/1/FirstName,0,-1,Spirit of Jaboli,
thebattleatthe02,git,Creature List/10/FirstName,0,-1,Dead Orcish Warrior,
thebattleatthe02,git,Creature List/10/ItemList/1/DescIdentified,0,-1,These scraps of cloth are all that you were left with when you died. ,
thebattleatthe02,git,Creature List/10/ItemList/1/Description,0,-1,These scraps of cloth are all that you were left with when you died. ,
thebattleatthe02,git,Creature List/10/ItemList/1/LocalizedName,0,12910,Shredded Clothes,
thebattleatthe02,git,Creature List/11/FirstName,0,-1,Dead Orcish Warrior,
thebattleatthe02,git,Creature List/12/FirstName,0,-1,Dead Orcish Warrior,
thebattleatthe02,git,Creature List/13/FirstName,0,-1,Dead Orcish Warrior,
thebattleatthe02,git,Creature List/2/FirstName,0,-1,Spirit of Kaidala,
thebattleatthe02,git,Creature List/3/FirstName,0,-1,Spirit of Trip,
thebattleatthe02,git,Creature List/4/FirstName,0,-1,Soul Harvester,
thebattleatthe02,git,Creature List/5/FirstName,0,-1,Dead Orcish Warrior,
thebattleatthe02,git,Creature List/6/FirstName,0,-1,Dead Orcish Warrior,
thebattleatthe02,git,Creature List/7/FirstName,0,-1,Dead Orcish Warrior,
thebattleatthe02,git,Creature List/8/FirstName,0,-1,Dead Orcish Warrior,
thebattleatthe02,git,Creature List/9/FirstName,0,-1,Dead Orcish Warrior,
thebattleatthe02,git,Door List/0/LocName,0,5349,Barred Door,
thebattleatthe02,git,Placeable List/3/Description,0,14579,"The brazier gives off a hot glow. As you reach toward it, you can feel beads of sweat forming on the palm of your hand.",
thebattleatthe02,git,SoundList/13/LocName,0,-1,km1_weapon019,
thebattleatthega,git,Creature List/0/FirstName,0,12503,Drow,
thebattleatthega,git,Creature List/1/FirstName,0,12503,Drow,
thebattleatthega,git,Creature List/10/Description,0,-1,This is one of the city guards.,
thebattleatthega,git,Creature List/10/FirstName,0,-1,Guard,
thebattleatthega,git,Creature List/11/Description,0,-1,This is one of the city guards.,
thebattleatthega,git,Creature List/11/FirstName,0,-1,Guard,
thebattleatthega,git,Creature List/12/Description,0,-1,This is one of the city guards.,
thebattleatthega,git,Creature List/12/FirstName,0,-1,Guard,
thebattleatthega,git,Creature List/13/Description,0,-1,This is one of the city guards.,
thebattleatthega,git,Creature List/13/FirstName,0,-1,Guard,
thebattleatthega,git,Creature List/14/Description,0,-1,This is one of the city guards.,
thebattleatthega,git,Creature List/14/FirstName,0,-1,Guard,
thebattleatthega,git,Creature List/15/Description,0,-1,This is one of the city guards.,
thebattleatthega,git,Creature List/15/FirstName,0,-1,Guard,
thebattleatthega,git,Creature List/16/Description,0,-1,This is one of the city guards.,
thebattleatthega,git,Creature List/16/FirstName,0,-1,Guard,
thebattleatthega,git,Creature List/17/Description,0,-1,This is the third in command of the keep guards.,
thebattleatthega,git,Creature List/17/FirstName,0,-1,Dylan,
thebattleatthega,git,Creature List/17/LastName,0,-1,Ogder,
thebattleatthega,git,Creature List/2/FirstName,0,12503,Drow,
thebattleatthega,git,Creature List/3/FirstName,0,12503,Drow,
thebattleatthega,git,Creature List/4/FirstName,0,12502,Drow,
thebattleatthega,git,Creature List/5/FirstName,0,12502,Drow,
thebattleatthega,git,Creature List/6/Equip_ItemList/0/LocalizedName,0,-1,The Masked Helm,
thebattleatthega,git,Creature List/6/Equip_ItemList/1/LocalizedName,0,-1,Dark Cloak,
thebattleatthega,git,Creature List/6/FirstName,0,-1,The Masked Man,
thebattleatthega,git,Creature List/7/Description,0,-1,This is one of the city guards.,
thebattleatthega,git,Creature List/7/FirstName,0,-1,Guard,
thebattleatthega,git,Creature List/8/Description,0,-1,This is one of the city guards.,
thebattleatthega,git,Creature List/8/FirstName,0,-1,Guard,
thebattleatthega,git,Creature List/9/Description,0,-1,This is one of the city guards.,
thebattleatthega,git,Creature List/9/FirstName,0,-1,Guard,
thebattleatthega,git,SoundList/10/LocName,0,-1,km1_dylan002,
thebattleatthega,git,SoundList/11/LocName,0,-1,km1_dylan003,
thebattleatthega,git,SoundList/7/LocName,0,67790,km1_masked001,
thebattleatthega,git,SoundList/8/LocName,0,67790,km1_masked002,
thebattleatthega,git,SoundList/9/LocName,0,-1,km1_yenna001,
thebattleatthega,git,TriggerList/0/LocalizedName,0,14759,Cut Scene init,
thesilverlily,git,Creature List/0/Description,0,-1,"Garrot runs the Silver Lily. Despite his occupation as an innkeeper, he carries himself as one who has lived on the edge of a nightmare for much of his life.",
thesilverlily,git,Creature List/0/FirstName,0,-1,Garrot,
thesilverlily,git,Creature List/0/LastName,0,-1,Fist,
thesilverlily,git,Creature List/2/Description,0,-1,This is a wealthy guest at the Silver Lily.,
thesilverlily,git,Creature List/3/Description,0,-1,This is a wealthy guest at the Silver Lily.,
thesilverlily,git,Creature List/4/Description,0,-1,This is one of the keep's commoners.,
thesilverlily,git,Creature List/4/FirstName,0,12423,Commoner,
thesilverlily,git,Door List/0/LocName,0,5349,Inn Exit,
thesilverlily,git,TriggerList/0/LocalizedName,0,-1,"OS One-Liner, Non-Random",
thesilverlily,git,WaypointList/0/LocalizedName,0,14817,Garrot Home Waypoint,
thesilverlilyups,git,Door List/1/LocName,0,5349,Door,
